iteration,loss
1,6.410872
2,6.228208
3,6.100540
4,5.988113
5,5.912941
6,5.879614
7,5.818027
8,5.765962
9,5.719729
10,5.674608
11,5.631915
12,5.573805
13,5.528888
14,5.475999
15,5.433756
16,5.388939
17,5.326835
18,5.280710
19,5.227759
20,5.184197
21,5.132948
22,5.089850
23,5.043081
24,4.980396
25,4.932997
26,4.879135
27,4.834687
28,4.799730
29,4.740181
30,4.684565
31,4.638954
32,4.583889
33,4.556740
34,4.493058
35,4.437631
36,4.390883
37,4.348555
38,4.310090
39,4.238886
40,4.205767
41,4.154976
42,4.107612
43,4.077083
44,4.013314
45,3.976471
46,3.929708
47,3.883419
48,3.846077
49,3.803415
50,3.755622
51,3.703420
52,3.662688
53,3.631277
54,3.580658
55,3.557112
56,3.521646
57,3.477334
58,3.442838
59,3.412545
60,3.364563
61,3.360464
62,3.286879
63,3.277823
64,3.234046
65,3.208516
66,3.162132
67,3.161601
68,3.108030
69,3.084984
70,3.035851
71,3.047909
72,3.001170
73,2.967406
74,2.953063
75,2.924809
76,2.872101
77,2.881394
78,2.861076
79,2.802797
80,2.795774
81,2.810373
82,2.766459
83,2.723830
84,2.683882
85,2.698298
86,2.668937
87,2.664215
88,2.613477
89,2.616840
90,2.609602
91,2.591959
92,2.576945
93,2.522711
94,2.541299
95,2.530970
96,2.482938
97,2.487399
98,2.478859
99,2.489358
100,2.453434
101,2.444815
102,2.380715
103,2.382034
104,2.360529
105,2.376596
106,2.353857
107,2.346609
108,2.311803
109,2.342782
110,2.290472
111,2.310734
112,2.283876
113,2.272901
114,2.249974
115,2.233915
116,2.288482
117,2.248127
118,2.159849
119,2.199175
120,2.196437
121,2.229334
122,2.162912
123,2.120386
124,2.150540
125,2.133325
126,2.150497
127,2.124720
128,2.091075
129,2.070178
130,2.135927
131,2.101298
132,2.091209
133,2.009964
134,2.069679
135,2.039103
136,2.050323
137,2.041357
138,2.006939
139,2.035090
140,1.977631
141,1.983573
142,1.971813
143,1.983025
144,1.998515
145,1.987486
146,1.964705
147,1.962718
148,1.953287
149,2.000273
150,1.913502
151,1.927749
152,1.918793
153,1.875978
154,1.913724
155,1.875579
156,1.878103
157,1.924850
158,1.870024
159,1.849064
160,1.811177
161,1.877287
162,1.877897
163,1.853359
164,1.826642
165,1.862255
166,1.813551
167,1.857331
168,1.812640
169,1.834177
170,1.856729
171,1.795886
172,1.820500
173,1.795718
174,1.790727
175,1.807675
176,1.769154
177,1.748460
178,1.779684
179,1.740775
180,1.810032
181,1.740552
182,1.787534
183,1.698207
184,1.761564
185,1.718520
186,1.730477
187,1.743232
188,1.715842
189,1.697514
190,1.769970
191,1.734703
192,1.684431
193,1.708268
194,1.696973
195,1.625517
196,1.704288
197,1.709054
198,1.698237
199,1.693832
200,1.665839
201,1.651143
202,1.688840
203,1.645042
204,1.671328
205,1.657580
206,1.616656
207,1.655296
208,1.675854
209,1.646623
210,1.658268
211,1.717556
212,1.635182
213,1.591417
214,1.628344
215,1.607297
216,1.632810
217,1.698331
218,1.669211
219,1.600725
220,1.640434
221,1.619232
222,1.614113
223,1.610575
224,1.654613
225,1.601995
226,1.583761
227,1.606383
228,1.628313
229,1.607841
230,1.595249
231,1.585894
232,1.608290
233,1.587474
234,1.543166
235,1.585896
236,1.604189
237,1.589086
238,1.607174
239,1.572193
240,1.588792
241,1.577046
242,1.524351
243,1.615369
244,1.516104
245,1.575495
246,1.569825
247,1.567278
248,1.548222
249,1.566230
250,1.609311
251,1.539695
252,1.554988
253,1.585389
254,1.539324
255,1.589686
256,1.517700
257,1.595752
258,1.521346
259,1.542343
260,1.477670
261,1.543278
262,1.526668
263,1.553174
264,1.509028
265,1.547636
266,1.553736
267,1.508882
268,1.547165
269,1.572083
270,1.499346
271,1.460205
272,1.514572
273,1.540813
274,1.480963
275,1.486084
276,1.579386
277,1.532224
278,1.566697
279,1.483078
280,1.520335
281,1.503990
282,1.498476
283,1.531525
284,1.490697
285,1.521724
286,1.541025
287,1.515088
288,1.478884
289,1.482835
290,1.489571
291,1.480201
292,1.457724
293,1.510039
294,1.502807
295,1.469430
296,1.480126
297,1.540503
298,1.537521
299,1.498016
300,1.463607
301,1.483717
302,1.544610
303,1.517620
304,1.443977
305,1.460376
306,1.521693
307,1.513619
308,1.469581
309,1.404182
310,1.476164
311,1.481693
312,1.474674
313,1.464457
314,1.497279
315,1.509134
316,1.502160
317,1.415049
318,1.458675
319,1.390863
320,1.467369
321,1.490101
322,1.457149
323,1.461782
324,1.440910
325,1.461844
326,1.513765
327,1.507138
328,1.445382
329,1.437306
330,1.470944
331,1.417398
332,1.445622
333,1.431908
334,1.461990
335,1.439147
336,1.427647
337,1.455234
338,1.449106
339,1.479695
340,1.436653
341,1.406702
342,1.425105
343,1.409428
344,1.461164
345,1.449881
346,1.482263
347,1.444237
348,1.462765
349,1.401544
350,1.432361
351,1.521504
352,1.448043
353,1.443815
354,1.395133
355,1.421513
356,1.423095
357,1.449196
358,1.452281
359,1.396967
360,1.372971
361,1.436203
362,1.488055
363,1.421939
364,1.469594
365,1.456150
366,1.433475
367,1.405176
368,1.382128
369,1.390939
370,1.457606
371,1.455055
372,1.414263
373,1.447972
374,1.454913
375,1.435768
376,1.472502
377,1.379416
378,1.363256
379,1.458157
380,1.438766
381,1.477267
382,1.397497
383,1.435895
384,1.463249
385,1.397380
386,1.417884
387,1.371982
388,1.393854
389,1.452087
390,1.412963
391,1.430493
392,1.441577
393,1.495084
394,1.448399
395,1.387800
396,1.369090
397,1.403019
398,1.362193
399,1.421984
400,1.375316
401,1.409976
402,1.362948
403,1.411476
404,1.374047
405,1.411901
406,1.392079
407,1.449317
408,1.335850
409,1.369221
410,1.354725
411,1.386589
412,1.409580
413,1.410954
414,1.389463
415,1.394169
416,1.396060
417,1.330381
418,1.395405
419,1.360729
420,1.437228
421,1.419429
422,1.384961
423,1.381717
424,1.350321
425,1.345875
426,1.315161
427,1.405713
428,1.419312
429,1.400466
430,1.390853
431,1.389571
432,1.390590
433,1.363187
434,1.345624
435,1.401846
436,1.338994
437,1.384936
438,1.397495
439,1.358057
440,1.409758
441,1.392977
442,1.343243
443,1.376098
444,1.365943
445,1.327602
446,1.361902
447,1.434287
448,1.349833
449,1.362527
450,1.389854
451,1.321008
452,1.329904
453,1.381898
454,1.405012
455,1.372667
456,1.371819
457,1.342638
458,1.400099
459,1.313588
460,1.297440
461,1.362993
462,1.327847
463,1.381350
464,1.383790
465,1.410477
466,1.279291
467,1.341867
468,1.376991
469,1.350310
470,1.363720
471,1.340946
472,1.283189
473,1.367452
474,1.312108
475,1.309809
476,1.351891
477,1.324054
478,1.331997
479,1.312294
480,1.355471
481,1.344546
482,1.365179
483,1.414387
484,1.366485
485,1.303405
486,1.373726
487,1.401559
488,1.355175
489,1.376486
490,1.399870
491,1.354800
492,1.284508
493,1.353028
494,1.315250
495,1.349561
496,1.381286
497,1.388190
498,1.386723
499,1.339609
500,1.357895
501,1.365902
502,1.314421
503,1.363409
504,1.328187
505,1.299730
506,1.307553
507,1.338763
508,1.368299
509,1.348112
510,1.314355
511,1.328967
512,1.349440
513,1.273181
514,1.259300
515,1.337699
516,1.316950
517,1.283966
518,1.257695
519,1.225489
520,1.323216
521,1.330351
522,1.332839
523,1.301664
524,1.290831
525,1.298643
526,1.286084
527,1.373947
528,1.299449
529,1.288455
530,1.313446
531,1.332529
532,1.328608
533,1.332536
534,1.321432
535,1.353815
536,1.335114
537,1.391845
538,1.373721
539,1.339514
540,1.353841
541,1.327701
542,1.315335
543,1.333124
544,1.352884
545,1.282356
546,1.264129
547,1.324442
548,1.243651
549,1.287924
550,1.297027
551,1.333577
552,1.340141
553,1.340671
554,1.355983
555,1.262122
556,1.233940
557,1.270059
558,1.292796
559,1.303524
560,1.293362
561,1.308163
562,1.240816
563,1.293817
564,1.296147
565,1.276966
566,1.317913
567,1.310475
568,1.351240
569,1.311896
570,1.310548
571,1.280347
572,1.249742
573,1.275401
574,1.312108
575,1.294446
576,1.294439
577,1.261063
578,1.275294
579,1.344234
580,1.260950
581,1.252929
582,1.263750
583,1.313431
584,1.273375
585,1.300496
586,1.289161
587,1.287624
588,1.241896
589,1.302187
590,1.211123
591,1.295983
592,1.245717
593,1.300859
594,1.276222
595,1.253882
596,1.246763
597,1.232736
598,1.339589
599,1.267761
600,1.289324
601,1.285135
602,1.351505
603,1.309607
604,1.290145
605,1.294055
606,1.231353
607,1.252077
608,1.324549
609,1.297281
610,1.287213
611,1.305360
612,1.273442
613,1.318871
614,1.273381
615,1.272911
616,1.348896
617,1.317162
618,1.229987
619,1.255446
620,1.276780
621,1.344976
622,1.200921
623,1.231803
624,1.299688
625,1.295766
626,1.261034
627,1.280529
628,1.247619
629,1.269431
630,1.268318
631,1.223391
632,1.242312
633,1.283462
634,1.290070
635,1.316922
636,1.247457
637,1.285951
638,1.243591
639,1.302011
640,1.309420
641,1.297630
642,1.275349
643,1.282144
644,1.221803
645,1.233656
646,1.189241
647,1.246076
648,1.256198
649,1.256736
650,1.321438
651,1.246889
652,1.313199
653,1.241699
654,1.258474
655,1.228424
656,1.270861
657,1.355556
658,1.175543
659,1.271830
660,1.250683
661,1.270012
662,1.258357
663,1.285514
664,1.189680
665,1.306141
666,1.282068
667,1.275648
668,1.297832
669,1.294132
670,1.288406
671,1.228956
672,1.223079
673,1.264176
674,1.326670
675,1.228992
676,1.161821
677,1.260636
678,1.316880
679,1.278767
680,1.335165
681,1.197114
682,1.229679
683,1.245077
684,1.254710
685,1.202195
686,1.220360
687,1.208677
688,1.270964
689,1.239123
690,1.273038
691,1.252759
692,1.133854
693,1.255572
694,1.250477
695,1.240730
696,1.262848
697,1.270746
698,1.207271
699,1.207353
700,1.239914
701,1.197988
702,1.235411
703,1.190792
704,1.152108
705,1.254930
706,1.210903
707,1.255064
708,1.223065
709,1.226155
710,1.245061
711,1.225067
712,1.254852
713,1.271618
714,1.238245
715,1.202826
716,1.236812
717,1.219518
718,1.215491
719,1.205488
720,1.243112
721,1.260934
722,1.214967
723,1.250368
724,1.188567
725,1.220211
726,1.170486
727,1.225556
728,1.214805
729,1.243922
730,1.226500
731,1.192544
732,1.218416
733,1.241650
734,1.187790
735,1.219994
736,1.231051
737,1.219481
738,1.252043
739,1.250480
740,1.213771
741,1.168112
742,1.234795
743,1.287356
744,1.230605
745,1.200690
746,1.199019
747,1.262873
748,1.207534
749,1.223417
750,1.243247
751,1.240919
752,1.189602
753,1.232709
754,1.229577
755,1.208343
756,1.246876
757,1.219866
758,1.125350
759,1.195563
760,1.213549
761,1.245190
762,1.224979
763,1.214490
764,1.188031
765,1.157662
766,1.251641
767,1.197024
768,1.173338
769,1.235842
770,1.291796
771,1.183034
772,1.203388
773,1.231461
774,1.223929
775,1.160293
776,1.202622
777,1.210605
778,1.174864
779,1.211904
780,1.280928
781,1.208843
782,1.262240
783,1.224256
784,1.209060
785,1.211690
786,1.261420
787,1.201800
788,1.229019
789,1.215489
790,1.146690
791,1.255854
792,1.202376
793,1.174229
794,1.233632
795,1.168819
796,1.226517
797,1.236538
798,1.180757
799,1.243144
800,1.218589
801,1.132346
802,1.175963
803,1.198008
804,1.206858
805,1.152578
806,1.154531
807,1.186100
808,1.199875
809,1.134942
810,1.176043
811,1.234776
812,1.213591
813,1.164506
814,1.224073
815,1.209658
816,1.241470
817,1.210697
818,1.209725
819,1.243667
820,1.182713
821,1.193171
822,1.168579
823,1.212112
824,1.184874
825,1.168351
826,1.176461
827,1.198232
828,1.218561
829,1.212205
830,1.173657
831,1.175144
832,1.264705
833,1.138102
834,1.153131
835,1.282838
836,1.241152
837,1.162167
838,1.130283
839,1.195308
840,1.092318
841,1.226007
842,1.183356
843,1.133986
844,1.221648
845,1.190578
846,1.194840
847,1.132883
848,1.178675
849,1.192336
850,1.226608
851,1.145244
852,1.180827
853,1.211594
854,1.216304
855,1.158397
856,1.149791
857,1.264389
858,1.272096
859,1.182063
860,1.188351
861,1.192562
862,1.214844
863,1.220006
864,1.120053
865,1.177751
866,1.146933
867,1.214689
868,1.181798
869,1.216041
870,1.175360
871,1.204563
872,1.170676
873,1.178438
874,1.221553
875,1.205336
876,1.174600
877,1.200142
878,1.189817
879,1.164740
880,1.175865
881,1.191324
882,1.181721
883,1.159269
884,1.188689
885,1.142310
886,1.191056
887,1.122655
888,1.163125
889,1.223951
890,1.139265
891,1.138679
892,1.163918
893,1.132690
894,1.156617
895,1.155943
896,1.171640
897,1.161913
898,1.166504
899,1.174619
900,1.146354
901,1.197985
902,1.172706
903,1.179089
904,1.163472
905,1.162705
906,1.148612
907,1.159617
908,1.189415
909,1.216947
910,1.148790
911,1.165526
912,1.164749
913,1.127636
914,1.195097
915,1.127399
916,1.189302
917,1.154211
918,1.075515
919,1.125938
920,1.152847
921,1.218410
922,1.107005
923,1.166837
924,1.190677
925,1.162628
926,1.225584
927,1.119301
928,1.133750
929,1.164568
930,1.112677
931,1.109764
932,1.190517
933,1.160388
934,1.150160
935,1.184861
936,1.165395
937,1.210595
938,1.154281
939,1.149041
940,1.153992
941,1.114443
942,1.104920
943,1.206865
944,1.165198
945,1.145865
946,1.133095
947,1.235492
948,1.146640
949,1.177340
950,1.157231
951,1.157158
952,1.175995
953,1.139273
954,1.188269
955,1.185583
956,1.150891
957,1.146247
958,1.158210
959,1.179870
960,1.127562
961,1.122759
962,1.156707
963,1.197970
964,1.176113
965,1.156002
966,1.130095
967,1.210775
968,1.224199
969,1.183445
970,1.214110
971,1.144019
972,1.126118
973,1.168666
974,1.158526
975,1.175321
976,1.110256
977,1.134876
978,1.157781
979,1.112796
980,1.116656
981,1.085245
982,1.159196
983,1.135986
984,1.092779
985,1.153473
986,1.148072
987,1.153082
988,1.095115
989,1.170086
990,1.162087
991,1.119043
992,1.151559
993,1.105131
994,1.172329
995,1.158331
996,1.198150
997,1.147943
998,1.153713
999,1.191769
1000,1.112087
1001,1.136156
1002,1.163136
1003,1.109228
1004,1.138536
1005,1.122708
1006,1.152009
1007,1.188003
1008,1.122401
1009,1.093101
1010,1.191064
1011,1.168498
1012,1.103596
1013,1.151109
1014,1.134029
1015,1.148663
1016,1.162581
1017,1.162516
1018,1.174616
1019,1.136283
1020,1.175800
1021,1.190708
1022,1.189021
1023,1.113446
1024,1.243022
1025,1.107264
1026,1.223187
1027,1.095673
1028,1.162473
1029,1.162342
1030,1.130025
1031,1.148564
1032,1.068034
1033,1.154382
1034,1.195497
1035,1.195784
1036,1.129401
1037,1.186481
1038,1.142659
1039,1.096864
1040,1.111293
1041,1.081798
1042,1.139709
1043,1.141222
1044,1.123279
1045,1.111880
1046,1.093314
1047,1.128278
1048,1.208029
1049,1.117230
1050,1.135196
1051,1.185089
1052,1.144120
1053,1.141980
1054,1.096436
1055,1.137666
1056,1.145551
1057,1.168100
1058,1.180899
1059,1.149243
1060,1.114720
1061,1.172738
1062,1.133450
1063,1.115861
1064,1.160390
1065,1.114441
1066,1.176698
1067,1.164264
1068,1.104210
1069,1.176144
1070,1.169269
1071,1.117359
1072,1.135362
1073,1.097095
1074,1.186070
1075,1.143916
1076,1.098830
1077,1.125832
1078,1.137460
1079,1.193279
1080,1.184245
1081,1.107999
1082,1.136946
1083,1.152118
1084,1.160820
1085,1.149929
1086,1.116621
1087,1.138962
1088,1.124365
1089,1.106354
1090,1.129709
1091,1.121144
1092,1.090135
1093,1.155055
1094,1.138194
1095,1.176465
1096,1.112330
1097,1.119792
1098,1.128582
1099,1.145959
1100,1.096923
1101,1.119182
1102,1.104200
1103,1.122476
1104,1.186018
1105,1.082969
1106,1.076008
1107,1.152671
1108,1.121894
1109,1.183420
1110,1.077804
1111,1.097440
1112,1.139659
1113,1.135090
1114,1.127115
1115,1.095948
1116,1.156485
1117,1.101670
1118,1.107399
1119,1.127602
1120,1.105774
1121,1.130529
1122,1.178073
1123,1.126073
1124,1.180654
1125,1.094203
1126,1.090726
1127,1.166466
1128,1.107210
1129,1.150412
1130,1.103124
1131,1.101695
1132,1.135594
1133,1.139464
1134,1.093891
1135,1.141927
1136,1.149924
1137,1.157670
1138,1.167171
1139,1.137334
1140,1.097442
1141,1.159560
1142,1.130223
1143,1.135440
1144,1.121747
1145,1.074899
1146,1.081593
1147,1.084315
1148,1.111927
1149,1.131989
1150,1.181704
1151,1.107549
1152,1.099319
1153,1.123833
1154,1.096471
1155,1.116560
1156,1.119994
1157,1.098902
1158,1.092250
1159,1.120277
1160,1.124144
1161,1.086234
1162,1.072140
1163,1.152027
1164,1.093463
1165,1.117419
1166,1.120678
1167,1.160952
1168,1.129496
1169,1.102192
1170,1.151460
1171,1.124067
1172,1.168608
1173,1.146441
1174,1.124837
1175,1.072275
1176,1.077057
1177,1.075619
1178,1.099686
1179,1.088164
1180,1.170221
1181,1.089613
1182,1.118976
1183,1.148198
1184,1.099488
1185,1.128895
1186,1.140941
1187,1.070078
1188,1.090814
1189,1.099555
1190,1.039997
1191,1.131542
1192,1.062722
1193,1.099918
1194,1.076939
1195,1.101523
1196,1.139934
1197,1.096076
1198,1.095634
1199,1.132373
1200,1.098601
1201,1.149147
1202,1.091130
1203,1.143797
1204,1.113849
1205,1.123840
1206,1.086172
1207,1.116950
1208,1.103273
1209,1.091987
1210,1.145535
1211,1.071387
1212,1.123126
1213,1.099644
1214,1.114758
1215,1.105240
1216,1.092318
1217,1.135856
1218,1.100093
1219,1.079318
1220,1.075995
1221,1.070975
1222,1.076401
1223,1.047453
1224,1.152501
1225,1.091383
1226,1.132766
1227,1.094344
1228,1.160655
1229,1.127074
1230,1.107919
1231,1.107490
1232,1.186249
1233,1.080499
1234,1.110062
1235,1.119072
1236,1.140789
1237,1.057312
1238,1.110669
1239,1.139316
1240,1.111460
1241,1.071512
1242,1.150114
1243,1.104393
1244,1.095299
1245,1.117999
1246,1.052544
1247,1.090627
1248,1.079443
1249,1.113440
1250,1.051723
1251,1.094142
1252,1.084449
1253,1.059842
1254,1.103389
1255,1.097948
1256,1.116097
1257,1.088423
1258,1.048530
1259,1.101293
1260,1.086461
1261,1.108010
1262,1.128485
1263,1.054811
1264,1.097366
1265,1.150659
1266,1.061975
1267,1.093221
1268,1.084215
1269,1.057234
1270,1.136744
1271,1.067444
1272,1.121398
1273,1.152713
1274,1.107392
1275,1.058841
1276,1.072518
1277,1.098318
1278,1.100601
1279,1.111129
1280,1.077622
1281,1.081951
1282,1.107494
1283,1.106532
1284,1.083747
1285,1.108145
1286,1.078927
1287,1.072021
1288,1.070576
1289,1.051949
1290,1.089871
1291,1.129198
1292,1.103511
1293,1.102324
1294,1.087118
1295,1.129459
1296,1.073510
1297,1.047712
1298,1.101680
1299,1.082270
1300,1.075450
1301,1.099219
1302,1.107196
1303,1.121846
1304,1.086613
1305,1.157868
1306,1.170074
1307,1.075413
1308,1.065507
1309,1.109181
1310,1.165506
1311,1.131945
1312,1.139197
1313,1.047607
1314,1.079920
1315,1.149549
1316,1.101878
1317,1.096921
1318,1.120838
1319,1.091694
1320,1.128928
1321,1.116123
1322,1.126214
1323,1.117390
1324,1.109195
1325,1.123218
1326,1.069258
1327,1.059620
1328,1.143257
1329,1.118045
1330,1.080970
1331,1.045365
1332,1.064702
1333,1.064657
1334,1.138148
1335,1.105446
1336,1.104724
1337,1.078469
1338,1.150914
1339,1.062358
1340,1.110723
1341,1.073970
1342,1.093052
1343,1.027490
1344,1.092187
1345,1.107817
1346,1.118363
1347,1.085832
1348,1.121025
1349,1.075712
1350,1.067039
1351,1.020626
1352,1.057726
1353,1.084149
1354,1.107835
1355,1.092128
1356,1.103897
1357,1.066439
1358,1.070624
1359,1.111375
1360,1.084058
1361,1.074476
1362,1.093324
1363,1.064587
1364,1.081365
1365,1.077140
1366,1.043531
1367,1.096843
1368,1.074967
1369,1.051777
1370,1.067043
1371,1.046268
1372,1.068025
1373,1.116887
1374,1.083604
1375,1.071264
1376,1.073563
1377,1.129518
1378,1.013506
1379,1.045112
1380,1.092315
1381,1.032608
1382,1.113459
1383,1.112429
1384,1.083115
1385,1.116422
1386,1.074441
1387,1.126194
1388,1.131923
1389,1.067992
1390,1.127795
1391,1.153303
1392,1.023444
1393,1.036705
1394,1.104658
1395,1.097929
1396,1.117980
1397,1.085236
1398,1.047476
1399,1.081479
1400,1.088304
1401,1.088899
1402,1.055243
1403,1.135285
1404,1.117553
1405,1.077672
1406,1.073799
1407,1.087042
1408,1.047387
1409,1.094930
1410,1.079651
1411,1.081721
1412,1.095048
1413,1.071427
1414,1.101323
1415,1.081815
1416,1.088850
1417,1.106096
1418,1.111714
1419,1.097824
1420,1.063645
1421,1.054466
1422,1.059788
1423,1.101131
1424,1.046264
1425,1.079796
1426,1.090088
1427,1.057133
1428,1.083889
1429,1.097137
1430,1.107005
1431,1.065482
1432,1.127932
1433,1.103870
1434,1.058226
1435,1.078425
1436,1.046562
1437,1.123926
1438,1.036125
1439,1.097472
1440,1.042819
1441,1.085911
1442,1.069622
1443,1.019235
1444,1.072447
1445,1.088027
1446,1.048610
1447,1.054072
1448,1.092222
1449,1.103879
1450,1.072016
1451,1.087286
1452,1.036268
1453,1.043001
1454,1.024198
1455,1.066118
1456,1.040480
1457,1.102794
1458,1.028945
1459,1.075211
1460,1.046444
1461,1.054261
1462,1.079414
1463,1.046829
1464,1.050112
1465,1.077838
1466,1.042332
1467,1.073541
1468,1.053144
1469,1.036775
1470,1.043673
1471,1.059555
1472,1.074443
1473,1.117066
1474,1.082658
1475,1.080444
1476,1.109166
1477,1.085520
1478,1.040026
1479,1.059416
1480,1.044756
1481,1.110635
1482,1.097809
1483,1.127143
1484,1.054858
1485,1.074208
1486,1.068419
1487,1.057752
1488,1.057967
1489,1.041595
1490,1.059920
1491,1.064026
1492,1.060307
1493,1.009969
1494,1.094917
1495,1.124918
1496,1.109439
1497,1.066587
1498,1.029251
1499,1.075819
1500,1.044940
1501,1.004673
1502,1.058829
1503,1.117885
1504,1.040518
1505,1.057874
1506,1.095267
1507,1.039142
1508,1.104810
1509,1.062376
1510,1.013337
1511,1.056558
1512,1.109211
1513,1.063689
1514,1.100882
1515,1.053193
1516,1.112828
1517,1.014208
1518,1.102138
1519,1.134205
1520,1.025501
1521,1.027838
1522,1.060513
1523,1.079935
1524,1.052635
1525,1.044744
1526,1.039694
1527,1.009166
1528,1.072572
1529,1.077173
1530,1.063196
1531,1.057342
1532,1.110896
1533,1.075507
1534,1.036403
1535,1.000263
1536,1.039919
1537,1.033838
1538,1.018450
1539,0.985675
1540,1.093271
1541,1.005950
1542,1.065512
1543,0.998317
1544,1.080138
1545,1.049671
1546,1.025203
1547,1.031425
1548,1.059197
1549,1.031929
1550,1.062612
1551,1.074729
1552,1.142326
1553,1.088660
1554,1.028668
1555,1.074185
1556,1.055022
1557,1.072968
1558,1.096770
1559,0.983003
1560,1.039920
1561,0.995176
1562,1.052862
1563,1.109938
1564,1.020158
1565,1.001653
1566,1.044171
1567,1.072787
1568,1.041163
1569,1.059805
1570,1.076827
1571,1.033143
1572,1.004241
1573,1.062494
1574,1.059317
1575,1.116366
1576,1.060577
1577,1.122260
1578,1.029637
1579,1.054127
1580,1.050545
1581,1.046276
1582,1.072818
1583,1.050041
1584,1.055001
1585,1.045316
1586,1.138615
1587,1.053733
1588,1.068277
1589,1.082006
1590,1.062418
1591,1.064566
1592,1.051032
1593,1.038940
1594,1.112153
1595,1.021275
1596,1.140237
1597,1.097502
1598,1.053188
1599,1.083274
1600,1.046834
1601,1.084024
1602,1.075814
1603,1.070871
1604,1.048608
1605,1.033863
1606,1.060470
1607,1.052553
1608,1.007261
1609,1.060136
1610,1.077870
1611,1.063681
1612,1.019733
1613,1.035631
1614,1.040052
1615,1.037102
1616,1.038343
1617,1.099322
1618,1.110784
1619,1.070434
1620,1.042116
1621,1.052972
1622,1.029613
1623,1.066765
1624,1.052524
1625,1.086740
1626,1.061342
1627,1.060921
1628,1.032186
1629,1.075221
1630,1.050868
1631,1.036456
1632,1.005015
1633,1.119099
1634,1.140742
1635,1.028419
1636,1.088265
1637,1.034561
1638,1.009583
1639,1.077677
1640,1.014496
1641,1.013041
1642,0.992720
1643,1.073304
1644,1.100213
1645,1.042485
1646,1.075141
1647,1.060460
1648,1.023891
1649,1.066936
1650,1.004292
1651,0.978109
1652,1.080197
1653,1.070134
1654,1.052614
1655,1.094996
1656,1.050207
1657,1.069380
1658,1.042260
1659,1.007904
1660,1.023445
1661,1.084237
1662,1.029509
1663,1.056772
1664,1.076837
1665,1.084564
1666,1.014845
1667,1.053234
1668,1.057012
1669,1.058428
1670,1.043662
1671,0.994319
1672,1.104902
1673,1.051265
1674,1.100687
1675,1.070601
1676,1.047451
1677,1.076452
1678,1.018520
1679,1.070169
1680,0.990012
1681,1.007637
1682,1.043029
1683,1.019922
1684,1.059434
1685,1.032539
1686,1.056924
1687,0.991866
1688,1.008104
1689,1.021993
1690,1.080301
1691,1.059314
1692,1.026732
1693,1.090383
1694,1.010345
1695,1.081158
1696,1.074807
1697,1.021028
1698,1.015474
1699,1.051997
1700,1.071664
1701,1.055704
1702,1.093281
1703,1.080914
1704,1.022292
1705,1.074481
1706,1.037230
1707,1.045606
1708,1.045348
1709,0.990235
1710,1.052584
1711,1.020601
1712,1.062115
1713,1.086780
1714,1.072283
1715,1.016260
1716,1.077747
1717,1.074610
1718,1.090876
1719,1.019122
1720,1.042810
1721,1.036487
1722,1.047842
1723,0.991487
1724,1.034392
1725,1.032762
1726,1.076133
1727,1.003791
1728,1.002985
1729,1.069085
1730,1.017266
1731,1.054316
1732,1.013184
1733,1.086890
1734,0.987262
1735,0.953429
1736,1.065457
1737,1.042756
1738,1.088334
1739,1.021605
1740,1.077857
1741,0.986072
1742,1.029011
1743,1.044960
1744,1.053891
1745,1.028860
1746,1.061026
1747,1.039710
1748,0.998379
1749,1.042296
1750,1.071640
1751,1.020093
1752,1.061682
1753,1.017031
1754,1.113701
1755,1.083878
1756,0.975781
1757,1.010217
1758,1.060198
1759,1.029914
1760,1.008009
1761,1.000416
1762,1.037657
1763,1.021202
1764,1.024395
1765,1.097672
1766,1.105379
1767,1.040247
1768,1.015260
1769,1.042205
1770,1.035586
1771,1.059336
1772,1.049838
1773,1.029045
1774,1.033612
1775,1.028309
1776,0.986980
1777,1.094363
1778,1.038985
1779,0.985270
1780,1.084185
1781,1.036414
1782,1.030227
1783,1.049287
1784,1.029130
1785,1.062752
1786,1.092994
1787,1.006808
1788,1.096613
1789,1.025923
1790,0.998962
1791,1.014478
1792,1.024624
1793,1.045617
1794,1.028376
1795,1.012002
1796,1.043308
1797,1.010236
1798,1.019356
1799,1.082278
1800,1.041813
1801,1.061063
1802,1.057203
1803,1.008983
1804,1.058048
1805,1.056555
1806,1.056095
1807,0.980777
1808,1.037195
1809,1.045538
1810,1.013276
1811,1.065908
1812,0.996612
1813,1.056294
1814,1.017027
1815,1.047703
1816,1.067555
1817,0.998282
1818,1.045588
1819,1.084408
1820,1.075981
1821,1.008792
1822,1.019822
1823,1.064652
1824,1.031148
1825,1.093961
1826,0.997946
1827,1.044216
1828,1.036178
1829,1.009275
1830,1.036437
1831,1.017072
1832,0.993034
1833,1.043008
1834,1.090582
1835,1.023791
1836,1.062939
1837,1.009014
1838,0.988533
1839,1.015360
1840,0.995824
1841,1.022127
1842,0.997958
1843,1.006951
1844,1.000193
1845,1.032472
1846,0.985086
1847,1.022915
1848,1.012080
1849,1.058078
1850,1.045558
1851,0.987298
1852,1.062721
1853,1.051602
1854,1.012782
1855,1.076169
1856,1.046713
1857,0.989752
1858,0.991252
1859,1.011823
1860,1.029079
1861,0.997056
1862,1.058256
1863,1.050023
1864,1.019401
1865,1.020519
1866,1.029245
1867,1.028030
1868,1.009459
1869,0.993942
1870,0.996065
1871,1.016919
1872,1.097395
1873,1.063962
1874,1.022724
1875,1.070741
1876,1.067195
1877,1.021998
1878,1.092389
1879,1.024242
1880,1.013750
1881,0.995554
1882,0.962481
1883,0.955118
1884,1.045026
1885,1.006980
1886,1.007316
1887,0.998608
1888,0.989255
1889,1.037211
1890,1.037616
1891,1.014387
1892,0.988877
1893,1.005795
1894,0.986491
1895,1.015116
1896,1.040483
1897,0.994889
1898,1.026294
1899,1.067718
1900,1.025062
1901,1.013121
1902,0.987394
1903,1.040145
1904,0.995399
1905,1.004344
1906,1.005052
1907,1.012290
1908,1.001009
1909,0.980994
1910,0.957182
1911,0.991336
1912,0.983697
1913,1.065995
1914,1.011219
1915,1.004574
1916,1.009944
1917,1.026909
1918,1.026920
1919,1.060146
1920,1.004211
1921,0.961052
1922,1.070831
1923,0.943538
1924,1.015094
1925,0.977565
1926,0.954197
1927,1.021061
1928,1.034726
1929,1.056208
1930,0.987514
1931,1.047697
1932,0.980844
1933,0.993171
1934,1.023772
1935,1.048312
1936,1.046016
1937,1.044698
1938,0.991745
1939,1.054729
1940,0.994154
1941,1.006785
1942,1.039628
1943,0.997782
1944,1.106517
1945,1.024655
1946,1.000629
1947,1.028743
1948,1.058283
1949,1.048264
1950,0.999293
1951,1.024789
1952,0.978624
1953,1.053500
1954,1.038416
1955,1.043905
1956,1.038849
1957,0.984532
1958,1.056635
1959,1.015093
1960,0.973729
1961,0.996541
1962,0.982429
1963,1.032797
1964,1.014319
1965,1.041997
1966,1.026494
1967,1.022981
1968,1.043957
1969,0.949537
1970,1.003988
1971,0.977675
1972,1.043023
1973,1.049179
1974,1.022977
1975,1.009215
1976,1.046435
1977,1.041641
1978,0.984227
1979,1.023295
1980,0.972239
1981,1.049124
1982,1.035724
1983,1.068128
1984,0.998794
1985,1.041743
1986,1.014364
1987,1.034031
1988,1.014779
1989,1.032085
1990,0.997720
1991,1.076152
1992,1.023055
1993,0.998382
1994,0.998888
1995,1.024429
1996,1.029621
1997,1.061045
1998,1.049777
1999,1.049976
2000,1.077048
2001,1.055806
2002,1.015927
2003,1.008142
2004,0.951283
2005,0.993064
2006,1.037601
2007,1.003687
2008,1.026612
2009,0.961639
2010,0.995867
2011,0.979401
2012,1.059489
2013,1.039304
2014,1.022179
2015,0.988352
2016,0.989178
2017,0.981475
2018,0.961793
2019,0.982153
2020,1.053312
2021,1.021720
2022,1.018969
2023,0.956949
2024,1.033913
2025,1.030492
2026,0.986494
2027,0.955646
2028,0.971888
2029,1.060236
2030,1.076024
2031,1.003646
2032,0.983763
2033,1.017705
2034,0.990299
2035,0.966215
2036,0.952665
2037,1.025250
2038,1.036056
2039,0.979250
2040,1.033319
2041,1.007063
2042,0.993371
2043,0.967483
2044,1.014637
2045,1.091197
2046,1.080874
2047,0.992201
2048,1.044302
2049,0.970749
2050,0.976675
2051,1.031431
2052,1.044377
2053,0.945458
2054,1.047556
2055,1.022826
2056,1.036400
2057,1.019178
2058,1.049955
2059,1.022893
2060,1.066104
2061,1.055497
2062,0.997329
2063,1.007204
2064,0.958505
2065,1.017004
2066,0.984419
2067,0.960139
2068,1.069139
2069,1.006855
2070,1.031270
2071,0.991259
2072,0.956356
2073,0.985056
2074,1.002553
2075,1.043646
2076,1.030120
2077,0.990414
2078,1.010054
2079,0.996224
2080,0.969085
2081,1.024058
2082,1.069955
2083,0.997034
2084,0.970407
2085,1.047033
2086,1.038122
2087,0.983037
2088,0.976974
2089,1.050823
2090,1.016126
2091,0.969401
2092,1.028788
2093,1.061160
2094,1.031121
2095,1.016294
2096,0.993340
2097,1.045005
2098,0.985906
2099,1.065898
2100,1.019455
2101,1.034386
2102,0.995653
2103,0.959540
2104,0.965725
2105,0.936352
2106,1.002166
2107,0.994687
2108,0.988387
2109,1.011666
2110,0.979478
2111,0.995829
2112,1.031267
2113,1.014571
2114,0.991700
2115,1.010488
2116,1.056205
2117,1.006693
2118,1.062085
2119,1.037388
2120,1.005022
2121,1.034954
2122,0.998683
2123,1.023388
2124,0.956923
2125,0.938851
2126,1.025846
2127,1.010288
2128,0.934729
2129,1.002912
2130,0.992609
2131,1.039270
2132,0.966461
2133,0.957221
2134,1.047678
2135,1.054142
2136,0.976588
2137,1.039106
2138,1.044645
2139,1.024299
2140,0.962040
2141,1.007114
2142,1.016288
2143,1.021810
2144,0.966524
2145,1.096989
2146,0.972113
2147,1.015936
2148,0.976351
2149,1.045849
2150,0.973378
2151,1.040530
2152,0.974911
2153,0.975820
2154,1.043421
2155,0.964846
2156,0.962449
2157,1.006487
2158,0.967163
2159,1.005789
2160,1.041820
2161,0.989953
2162,1.038707
2163,1.040321
2164,1.001801
2165,0.983641
2166,0.945492
2167,0.971943
2168,0.969231
2169,1.006744
2170,0.955121
2171,1.029693
2172,1.022706
2173,1.010068
2174,1.006255
2175,0.951302
2176,1.004332
2177,0.976598
2178,1.028265
2179,0.973436
2180,0.984055
2181,1.023365
2182,1.005860
2183,1.000313
2184,0.980428
2185,1.028305
2186,1.008844
2187,0.958337
2188,1.011782
2189,0.985203
2190,0.968399
2191,0.971393
2192,0.962202
2193,1.008527
2194,1.003920
2195,1.014074
2196,0.962090
2197,1.020948
2198,0.980740
2199,1.003872
2200,0.967540
2201,1.023476
2202,1.019544
2203,1.037220
2204,0.982809
2205,0.993084
2206,1.027397
2207,0.980810
2208,0.971080
2209,0.946133
2210,1.075716
2211,0.996364
2212,1.042227
2213,1.033064
2214,0.893834
2215,0.958139
2216,0.958473
2217,1.000212
2218,1.088978
2219,0.995464
2220,0.988324
2221,0.999761
2222,0.974367
2223,0.991835
2224,1.032285
2225,0.972992
2226,0.966977
2227,0.989037
2228,0.959594
2229,1.005444
2230,0.937488
2231,1.003519
2232,1.057206
2233,1.002187
2234,0.993048
2235,0.976425
2236,0.977391
2237,0.938067
2238,0.974173
2239,0.980972
2240,1.018894
2241,1.011000
2242,0.994967
2243,0.990760
2244,0.995226
2245,1.002705
2246,0.948531
2247,1.023916
2248,0.963143
2249,0.987089
2250,0.985854
2251,1.016857
2252,1.004298
2253,0.990371
2254,0.996409
2255,0.995489
2256,1.028149
2257,1.004640
2258,1.042868
2259,0.974868
2260,1.032987
2261,1.018509
2262,0.975730
2263,1.019681
2264,1.001435
2265,0.966482
2266,0.999127
2267,1.029040
2268,1.045051
2269,0.999503
2270,1.013295
2271,0.998834
2272,1.013950
2273,0.951745
2274,1.006760
2275,0.994290
2276,0.979675
2277,1.042702
2278,0.990999
2279,0.974582
2280,1.013600
2281,0.937811
2282,1.023174
2283,0.978206
2284,1.012800
2285,1.001485
2286,0.969687
2287,0.991254
2288,0.983013
2289,0.911189
2290,1.013494
2291,1.042326
2292,0.953509
2293,0.967737
2294,0.987877
2295,0.939262
2296,1.026652
2297,0.964903
2298,0.986067
2299,0.997426
2300,0.966952
2301,1.027424
2302,0.937052
2303,0.944610
2304,1.040854
2305,1.024181
2306,0.978846
2307,0.972409
2308,1.013701
2309,0.997179
2310,0.969954
2311,0.953871
2312,0.939399
2313,0.976072
2314,0.960776
2315,0.978522
2316,1.025104
2317,0.975921
2318,0.927599
2319,0.953173
2320,0.994451
2321,1.001387
2322,0.945267
2323,1.014206
2324,0.973356
2325,0.990841
2326,1.052382
2327,0.971881
2328,0.990094
2329,0.937757
2330,0.961403
2331,0.957789
2332,1.022433
2333,0.956946
2334,0.975685
2335,1.000691
2336,1.018281
2337,0.952909
2338,0.946543
2339,0.998944
2340,1.007377
2341,0.961510
2342,1.005216
2343,1.002658
2344,0.964421
2345,0.881919
2346,1.028406
2347,0.954792
2348,1.007007
2349,1.017173
2350,0.979158
2351,1.008909
2352,0.934560
2353,0.981121
2354,0.944054
2355,0.934752
2356,1.016244
2357,0.945808
2358,0.956096
2359,0.969418
2360,0.910473
2361,0.917193
2362,0.965116
2363,0.937611
2364,0.984524
2365,1.013165
2366,1.025666
2367,1.064183
2368,0.991955
2369,0.909363
2370,1.018153
2371,1.041607
2372,0.940566
2373,0.926126
2374,1.020758
2375,0.975672
2376,0.944109
2377,1.024043
2378,0.993084
2379,1.044735
2380,0.990987
2381,0.938581
2382,0.966638
2383,0.980773
2384,1.000320
2385,1.003084
2386,0.953148
2387,0.955367
2388,0.989361
2389,0.977550
2390,1.002133
2391,1.009941
2392,0.956762
2393,1.033105
2394,1.000629
2395,0.947058
2396,1.027368
2397,0.984217
2398,0.963296
2399,1.001637
2400,0.945792
2401,0.948368
2402,0.952589
2403,0.985726
2404,1.008580
2405,0.966312
2406,0.947828
2407,1.008446
2408,1.003815
2409,1.001633
2410,0.987606
2411,0.935739
2412,0.976341
2413,1.047105
2414,0.964786
2415,1.004201
2416,0.967847
2417,0.954397
2418,1.008304
2419,0.955037
2420,0.978782
2421,0.952648
2422,0.968550
2423,0.963115
2424,0.962410
2425,0.936731
2426,1.023382
2427,0.970616
2428,0.958532
2429,0.918343
2430,0.960295
2431,0.986997
2432,1.016457
2433,0.968573
2434,1.009429
2435,1.039434
2436,0.997344
2437,0.990426
2438,0.928872
2439,0.959803
2440,0.980719
2441,1.016477
2442,0.986129
2443,0.993779
2444,0.978872
2445,1.007826
2446,0.962941
2447,1.005525
2448,1.018872
2449,0.947728
2450,0.968586
2451,0.964289
2452,0.984347
2453,0.991938
2454,0.945182
2455,0.956277
2456,0.916524
2457,0.947934
2458,0.958239
2459,0.980021
2460,0.998456
2461,0.909393
2462,0.950203
2463,0.960712
2464,1.007069
2465,1.026021
2466,0.981640
2467,1.030287
2468,0.975791
2469,0.955205
2470,0.966811
2471,1.027371
2472,0.966287
2473,0.969102
2474,0.954332
2475,0.978977
2476,0.982565
2477,0.960306
2478,0.996060
2479,0.972549
2480,0.951453
2481,1.001334
2482,0.953037
2483,1.012271
2484,0.979038
2485,0.964394
2486,0.992649
2487,0.990128
2488,1.012810
2489,0.947784
2490,0.998683
2491,0.921307
2492,0.977780
2493,0.998837
2494,0.948509
2495,1.024741
2496,0.924194
2497,0.964515
2498,0.961760
2499,1.014487
2500,0.989706
2501,0.971183
2502,0.977683
2503,1.000255
2504,1.002292
2505,0.955319
2506,0.970475
2507,0.974375
2508,0.954031
2509,0.943942
2510,0.969308
2511,1.030213
2512,1.041021
2513,0.968181
2514,1.043850
2515,0.912130
2516,0.998885
2517,0.957822
2518,1.007881
2519,0.937942
2520,1.008858
2521,0.942951
2522,1.004124
2523,1.002362
2524,0.938738
2525,0.999489
2526,0.992897
2527,0.961454
2528,0.978345
2529,0.946309
2530,0.944779
2531,1.007826
2532,1.029918
2533,0.902053
2534,1.013643
2535,0.991224
2536,0.954439
2537,0.902110
2538,1.032144
2539,0.937353
2540,0.943830
2541,0.956836
2542,0.925594
2543,0.925524
2544,0.960654
2545,0.961691
2546,0.970143
2547,0.991584
2548,0.998484
2549,0.920024
2550,0.994015
2551,0.978686
2552,0.969571
2553,1.005603
2554,0.953010
2555,0.994234
2556,0.938963
2557,0.974550
2558,0.970994
2559,1.022420
2560,0.987088
2561,0.941571
2562,1.028140
2563,0.987409
2564,0.981870
2565,0.975603
2566,1.030013
2567,0.928415
2568,0.969079
2569,0.906687
2570,0.936780
2571,0.962963
2572,1.010350
2573,0.997495
2574,0.964570
2575,0.930031
2576,0.995613
2577,0.965215
2578,0.910790
2579,0.948963
2580,0.974133
2581,0.991479
2582,0.993650
2583,0.982278
2584,0.999787
2585,0.976753
2586,0.888875
2587,0.903165
2588,0.972486
2589,0.969810
2590,0.986140
2591,1.027531
2592,0.956238
2593,0.943322
2594,0.917852
2595,0.995061
2596,0.918746
2597,0.958098
2598,0.966727
2599,0.959260
2600,0.942788
2601,0.973768
2602,1.015878
2603,0.949567
2604,0.959987
2605,0.937355
2606,0.988154
2607,0.980744
2608,0.948635
2609,0.959724
2610,0.994558
2611,0.974312
2612,0.946822
2613,0.936226
2614,0.948059
2615,0.949961
2616,0.988890
2617,0.954320
2618,0.984884
2619,0.999481
2620,1.006540
2621,0.992931
2622,0.993639
2623,0.988534
2624,0.948570
2625,0.913427
2626,0.982422
2627,0.915338
2628,0.939754
2629,0.988905
2630,0.922908
2631,0.975928
2632,1.012511
2633,0.960554
2634,0.925556
2635,0.940407
2636,0.945888
2637,0.985856
2638,0.972039
2639,0.969024
2640,0.966676
2641,0.979306
2642,0.992316
2643,1.032836
2644,0.918043
2645,0.945672
2646,1.005705
2647,0.964057
2648,0.978270
2649,0.986465
2650,0.947597
2651,0.994352
2652,0.973890
2653,0.970698
2654,0.949850
2655,0.965158
2656,0.966157
2657,0.918614
2658,0.957410
2659,0.933713
2660,0.931044
2661,0.905262
2662,0.919907
2663,1.006348
2664,0.919926
2665,0.986399
2666,1.024850
2667,0.968651
2668,0.944072
2669,0.961519
2670,0.946196
2671,0.972953
2672,0.960809
2673,0.926647
2674,0.994985
2675,0.996596
2676,0.970649
2677,0.941373
2678,0.996029
2679,1.019462
2680,0.981622
2681,0.920739
2682,0.964396
2683,0.934132
2684,0.920489
2685,0.912793
2686,0.952575
2687,0.924194
2688,0.976130
2689,0.964177
2690,0.926191
2691,1.050551
2692,1.014829
2693,0.957206
2694,0.962003
2695,0.948530
2696,0.956141
2697,1.024176
2698,0.955159
2699,0.939652
2700,0.997114
2701,0.959228
2702,0.979482
2703,0.941056
2704,0.932050
2705,1.011139
2706,0.940527
2707,0.889602
2708,0.958647
2709,0.897615
2710,0.954315
2711,0.969824
2712,1.001680
2713,0.932086
2714,0.910996
2715,0.968364
2716,0.939922
2717,0.944492
2718,0.940340
2719,1.003471
2720,0.954243
2721,0.983524
2722,0.925777
2723,0.955349
2724,0.918686
2725,0.968276
2726,0.924500
2727,0.951664
2728,0.998363
2729,0.988856
2730,0.969450
2731,0.930159
2732,0.967897
2733,0.929197
2734,0.981407
2735,0.933791
2736,0.929486
2737,0.921703
2738,0.921449
2739,0.945670
2740,0.986400
2741,0.957377
2742,0.988534
2743,0.954282
2744,0.928258
2745,0.954782
2746,0.975343
2747,0.876017
2748,0.969997
2749,0.974029
2750,0.934242
2751,0.990154
2752,0.965173
2753,0.965984
2754,0.962444
2755,0.952426
2756,0.911931
2757,0.962659
2758,0.957764
2759,0.946030
2760,1.010353
2761,0.954744
2762,0.966242
2763,0.975360
2764,0.942416
2765,0.973090
2766,0.946390
2767,0.910304
2768,0.975258
2769,0.984046
2770,1.029634
2771,0.985067
2772,0.929134
2773,0.967879
2774,0.944820
2775,0.944848
2776,0.933395
2777,0.980491
2778,0.972975
2779,1.006011
2780,0.977840
2781,0.922200
2782,0.966870
2783,1.020493
2784,0.978049
2785,1.006511
2786,0.969608
2787,0.965594
2788,0.959503
2789,1.048296
2790,1.010236
2791,1.028237
2792,0.972716
2793,0.970956
2794,1.007536
2795,0.950773
2796,0.936190
2797,0.914772
2798,0.953486
2799,0.882509
2800,0.959922
2801,0.981578
2802,0.968134
2803,0.996299
2804,1.005943
2805,0.972913
2806,0.937305
2807,0.930514
2808,0.924208
2809,0.943617
2810,0.959471
2811,0.941056
2812,0.964705
2813,0.925706
2814,0.973534
2815,0.942382
2816,0.979934
2817,0.947889
2818,0.956334
2819,0.937253
2820,0.926391
2821,0.916121
2822,0.901041
2823,0.965364
2824,0.938969
2825,0.969689
2826,0.959294
2827,0.989349
2828,1.036631
2829,0.921560
2830,0.984181
2831,0.923762
2832,0.944785
2833,0.969705
2834,0.882620
2835,0.966898
2836,0.935080
2837,0.937661
2838,0.942742
2839,0.977377
2840,0.979378
2841,0.967615
2842,0.993399
2843,0.948511
2844,0.926449
2845,0.918351
2846,0.929740
2847,0.983498
2848,0.983367
2849,0.978164
2850,0.943480
2851,0.963256
2852,0.924393
2853,0.921617
2854,0.911630
2855,0.980886
2856,0.939388
2857,0.917558
2858,0.933665
2859,0.922401
2860,0.945436
2861,0.936760
2862,0.944980
2863,1.000718
2864,0.932755
2865,0.901624
2866,0.971321
2867,0.947896
2868,0.932631
2869,1.005351
2870,0.937390
2871,0.890769
2872,0.961019
2873,1.010136
2874,0.931678
2875,0.937593
2876,0.955370
2877,0.944554
2878,0.944779
2879,0.948755
2880,0.999003
2881,0.898752
2882,0.951093
2883,0.982124
2884,0.886577
2885,0.939002
2886,0.969070
2887,0.926832
2888,0.925664
2889,0.969153
2890,0.958694
2891,0.979565
2892,0.988826
2893,0.998833
2894,0.942872
2895,0.948921
2896,0.949257
2897,0.910969
2898,1.026816
2899,0.978638
2900,0.958104
2901,0.946687
2902,0.908789
2903,0.930994
2904,0.940866
2905,0.908925
2906,0.931349
2907,0.984288
2908,1.011635
2909,0.892236
2910,0.885515
2911,0.961896
2912,0.969940
2913,0.969152
2914,0.929972
2915,0.975979
2916,0.913207
2917,0.910191
2918,0.992169
2919,0.914216
2920,0.979108
2921,0.976928
2922,0.931483
2923,0.884864
2924,0.937228
2925,0.989660
2926,0.940485
2927,0.901581
2928,0.958270
2929,0.958508
2930,0.934757
2931,0.948629
2932,0.907395
2933,0.942559
2934,0.880857
2935,0.927434
2936,0.998909
2937,0.984966
2938,0.953943
2939,0.935048
2940,0.943595
2941,0.927519
2942,0.971625
2943,0.971243
2944,0.924314
2945,0.917688
2946,0.966087
2947,0.905510
2948,0.913414
2949,0.959943
2950,0.945190
2951,0.968132
2952,0.985199
2953,0.949178
2954,0.973602
2955,0.915924
2956,0.935065
2957,0.977401
2958,0.921740
2959,0.920104
2960,0.942217
2961,0.895328
2962,0.975381
2963,0.910157
2964,0.949397
2965,0.962573
2966,0.996388
2967,0.963221
2968,0.920274
2969,0.922714
2970,0.965553
2971,0.977540
2972,0.983830
2973,0.932963
2974,0.925653
2975,0.931953
2976,0.934930
2977,0.980349
2978,0.925069
2979,0.890440
2980,0.976528
2981,0.938489
2982,0.949671
2983,1.008229
2984,0.971193
2985,0.941832
2986,0.971222
2987,0.940369
2988,0.971939
2989,0.922585
2990,0.938714
2991,0.922402
2992,0.978093
2993,0.922652
2994,0.969561
2995,0.935533
2996,0.945360
2997,0.940805
2998,0.960844
2999,0.968663
3000,0.920260
3001,0.899792
3002,0.944836
3003,0.928080
3004,0.950889
3005,0.945086
3006,0.925774
3007,0.943730
3008,0.926987
3009,1.023158
3010,0.919678
3011,0.914682
3012,0.958231
3013,0.927763
3014,0.927394
3015,0.951631
3016,0.927458
3017,0.969850
3018,0.931265
3019,0.956628
3020,0.895015
3021,0.956983
3022,0.934822
3023,0.908536
3024,0.962443
3025,0.911113
3026,0.962920
3027,0.970728
3028,0.956357
3029,1.003618
3030,0.916545
3031,0.942756
3032,0.941101
3033,0.952370
3034,0.984214
3035,0.902049
3036,0.913446
3037,0.948385
3038,0.977901
3039,0.976306
3040,0.987902
3041,0.990721
3042,0.936549
3043,0.926910
3044,0.970457
3045,0.872910
3046,0.942394
3047,0.961808
3048,0.904539
3049,0.957641
3050,0.926027
3051,0.955005
3052,0.952766
3053,0.935555
3054,0.910619
3055,0.963221
3056,0.970074
3057,0.982737
3058,0.933156
3059,0.923680
3060,0.952747
3061,0.903278
3062,0.904654
3063,0.935224
3064,0.986838
3065,0.973118
3066,0.929038
3067,0.937024
3068,0.955933
3069,0.919182
3070,0.941347
3071,0.899954
3072,0.976218
3073,0.971252
3074,0.942207
3075,0.913083
3076,0.962161
3077,0.944368
3078,0.939040
3079,0.964217
3080,0.927412
3081,0.923930
3082,0.905170
3083,0.971972
3084,0.970679
3085,0.882994
3086,0.957455
3087,0.941745
3088,0.898824
3089,0.885115
3090,0.918392
3091,0.887995
3092,0.899727
3093,0.968698
3094,0.930621
3095,0.943578
3096,0.953125
3097,0.986068
3098,0.919732
3099,0.905540
3100,0.896022
3101,0.933078
3102,0.935954
3103,0.928829
3104,0.953382
3105,0.982276
3106,0.937031
3107,0.926707
3108,0.953251
3109,0.931476
3110,0.941008
3111,0.937384
3112,0.955268
3113,0.946650
3114,0.904846
3115,0.922253
3116,0.944605
3117,0.994137
3118,0.909122
3119,0.935681
3120,0.928982
3121,0.927330
3122,0.918632
3123,0.954187
3124,0.874670
3125,0.931529
3126,0.932426
3127,0.882645
3128,0.980841
3129,0.933199
3130,0.968706
3131,0.939250
3132,0.902078
3133,0.957737
3134,0.955450
3135,0.960325
3136,0.953067
3137,0.928056
3138,0.977204
3139,0.965472
3140,0.948296
3141,0.968751
3142,0.927440
3143,0.953199
3144,0.933738
3145,0.924634
3146,0.956732
3147,0.950491
3148,0.872895
3149,0.954148
3150,0.948562
3151,0.947948
3152,0.963339
3153,0.965725
3154,0.984644
3155,0.941687
3156,0.975050
3157,0.932093
3158,0.885399
3159,0.934019
3160,0.964517
3161,0.953421
3162,0.920115
3163,0.902593
3164,0.903687
3165,0.938011
3166,0.936110
3167,0.971121
3168,0.889511
3169,0.979656
3170,0.917205
3171,0.937511
3172,0.960409
3173,0.941154
3174,0.929725
3175,0.930297
3176,0.937242
3177,0.966685
3178,0.986112
3179,0.968805
3180,0.883715
3181,0.899009
3182,0.946746
3183,0.964601
3184,0.925699
3185,0.953341
3186,0.930882
3187,0.955632
3188,0.967831
3189,0.955091
3190,0.942780
3191,0.923820
3192,0.908689
3193,0.973516
3194,0.902387
3195,0.995969
3196,0.938265
3197,0.951021
3198,0.955965
3199,0.951139
3200,0.893246
3201,0.903994
3202,0.888312
3203,0.910531
3204,0.926855
3205,0.979285
3206,0.911461
3207,0.926942
3208,0.990263
3209,0.876215
3210,0.916838
3211,0.868261
3212,1.031036
3213,0.936830
3214,0.898661
3215,0.881356
3216,0.906364
3217,0.931746
3218,0.928256
3219,0.928503
3220,0.939515
3221,0.911115
3222,0.905564
3223,0.950328
3224,0.928265
3225,0.884802
3226,0.936461
3227,0.898673
3228,0.867584
3229,0.956918
3230,0.914905
3231,1.018470
3232,0.991425
3233,0.922173
3234,0.901697
3235,0.917102
3236,0.868859
3237,0.902589
3238,0.973000
3239,0.916159
3240,0.923143
3241,0.977882
3242,0.938010
3243,0.980288
3244,0.939973
3245,0.929367
3246,0.949515
3247,0.933458
3248,0.936041
3249,0.908181
3250,0.951568
3251,0.907688
3252,0.880516
3253,0.984496
3254,0.931783
3255,0.925495
3256,0.917295
3257,0.974544
3258,0.941868
3259,0.922098
3260,0.939624
3261,0.939063
3262,0.966355
3263,0.950912
3264,0.890291
3265,0.906550
3266,0.924794
3267,0.959549
3268,0.938597
3269,0.964252
3270,0.883404
3271,0.944998
3272,0.945385
3273,0.986320
3274,0.997985
3275,0.978072
3276,0.886954
3277,0.949907
3278,0.988868
3279,0.935671
3280,0.936185
3281,0.971858
3282,0.873147
3283,0.924136
3284,0.976178
3285,0.957738
3286,0.953416
3287,0.923047
3288,0.928502
3289,0.988202
3290,0.931476
3291,0.928958
3292,0.949317
3293,0.913173
3294,0.937044
3295,0.943232
3296,0.917869
3297,0.898724
3298,0.963501
3299,0.923141
3300,0.938651
3301,0.919808
3302,1.003026
3303,0.968882
3304,0.961176
3305,0.933398
3306,0.933453
3307,0.907209
3308,0.922484
3309,0.909990
3310,0.976931
3311,0.921283
3312,0.961831
3313,0.932556
3314,0.933516
3315,0.953041
3316,0.890210
3317,0.902731
3318,0.950402
3319,0.972092
3320,0.890240
3321,0.925198
3322,0.937629
3323,0.909120
3324,0.929446
3325,0.914012
3326,0.930883
3327,0.923265
3328,0.944675
3329,0.888825
3330,0.939931
3331,0.826299
3332,0.912876
3333,1.003816
3334,0.887016
3335,0.910588
3336,0.946158
3337,0.952638
3338,0.912634
3339,0.958001
3340,0.965543
3341,0.906422
3342,0.961083
3343,0.878718
3344,0.954385
3345,0.901282
3346,0.882071
3347,0.971432
3348,0.966669
3349,0.940007
3350,0.922594
3351,0.947590
3352,0.981937
3353,0.936814
3354,0.935286
3355,0.943100
3356,0.914084
3357,0.929997
3358,0.900641
3359,0.925558
3360,0.940026
3361,0.938086
3362,0.906157
3363,0.954225
3364,0.938288
3365,0.931332
3366,0.947271
3367,0.923757
3368,0.885361
3369,0.956674
3370,0.972811
3371,0.869220
3372,0.896121
3373,0.887738
3374,0.957888
3375,0.859534
3376,0.967135
3377,0.898961
3378,0.950354
3379,0.913365
3380,0.972790
3381,0.938482
3382,0.918041
3383,0.963619
3384,0.915092
3385,0.905604
3386,0.919775
3387,0.888028
3388,0.906931
3389,0.936614
3390,0.939915
3391,0.911608
3392,0.908250
3393,0.914008
3394,0.963529
3395,0.984758
3396,0.915117
3397,0.945556
3398,0.926473
3399,0.902847
3400,0.929128
3401,0.966693
3402,0.934727
3403,0.900791
3404,0.937083
3405,0.937245
3406,0.908561
3407,0.904728
3408,0.960052
3409,0.930473
3410,0.965971
3411,0.961960
3412,0.865138
3413,0.925458
3414,0.980721
3415,0.900153
3416,0.924378
3417,0.926357
3418,0.914423
3419,0.907275
3420,0.952629
3421,0.958652
3422,0.941209
3423,0.879683
3424,0.916625
3425,0.963174
3426,0.955264
3427,0.959346
3428,0.930531
3429,0.923209
3430,0.912130
3431,0.961949
3432,0.897827
3433,0.907308
3434,0.907410
3435,1.014595
3436,0.918102
3437,0.959400
3438,0.932444
3439,0.981605
3440,0.928217
3441,0.928576
3442,0.916992
3443,0.962013
3444,0.920296
3445,0.891891
3446,0.938829
3447,0.917136
3448,0.904459
3449,0.922292
3450,0.914176
3451,0.915537
3452,0.955165
3453,0.914013
3454,0.934871
3455,0.910267
3456,0.884927
3457,0.953841
3458,0.940195
3459,0.923068
3460,0.957745
3461,0.965367
3462,0.939666
3463,0.911233
3464,0.874173
3465,0.961750
3466,0.919289
3467,0.925314
3468,0.926152
3469,0.915138
3470,0.982437
3471,0.916309
3472,0.990672
3473,0.933037
3474,0.949306
3475,0.953262
3476,0.946091
3477,0.959542
3478,0.920954
3479,0.937276
3480,0.984486
3481,0.948414
3482,0.879130
3483,0.941498
3484,0.901889
3485,0.896208
3486,1.002692
3487,0.917548
3488,0.865089
3489,0.941519
3490,0.932860
3491,0.946271
3492,0.943781
3493,0.924997
3494,0.919437
3495,0.895587
3496,0.919138
3497,0.914456
3498,0.918417
3499,0.941055
3500,0.888042
3501,0.924679
3502,0.935310
3503,0.960752
3504,0.872282
3505,0.870333
3506,0.871640
3507,0.869759
3508,0.844400
3509,0.928418
3510,0.884869
3511,0.962847
3512,0.903441
3513,0.933061
3514,0.949604
3515,0.982882
3516,0.915662
3517,0.916840
3518,0.907914
3519,0.896354
3520,0.918375
3521,0.939605
3522,0.881901
3523,0.902931
3524,0.941026
3525,0.893697
3526,0.951342
3527,0.907886
3528,0.875103
3529,0.912474
3530,0.936504
3531,0.890569
3532,0.898262
3533,0.922324
3534,0.933340
3535,0.942239
3536,1.008961
3537,0.878361
3538,0.934428
3539,0.962299
3540,0.924501
3541,0.969623
3542,0.926484
3543,0.954745
3544,0.931670
3545,0.895601
3546,0.940412
3547,0.898814
3548,0.858459
3549,0.936704
3550,0.963511
3551,0.988411
3552,0.933595
3553,0.908641
3554,0.963968
3555,0.965602
3556,0.876020
3557,0.928957
3558,0.926636
3559,0.885414
3560,0.967525
3561,0.966894
3562,0.939657
3563,0.900217
3564,0.870257
3565,0.983215
3566,0.918027
3567,0.904354
3568,0.915543
3569,0.914313
3570,0.920694
3571,0.881599
3572,0.963526
3573,0.876814
3574,0.963828
3575,0.955590
3576,0.982162
3577,0.956970
3578,0.945567
3579,0.950847
3580,0.908993
3581,0.901798
3582,0.906960
3583,0.909658
3584,0.950199
3585,0.936164
3586,0.914025
3587,0.930467
3588,0.904570
3589,0.938631
3590,0.944471
3591,0.913997
3592,0.885728
3593,0.959024
3594,0.905234
3595,0.892808
3596,1.017863
3597,0.966479
3598,0.935167
3599,0.896707
3600,0.997697
3601,0.899248
3602,0.950865
3603,0.924068
3604,0.925209
3605,0.888883
3606,0.978887
3607,0.915604
3608,0.975751
3609,0.892774
3610,0.913809
3611,0.895770
3612,0.921312
3613,0.896836
3614,0.946567
3615,0.887133
3616,0.932098
3617,0.911385
3618,0.911312
3619,0.914670
3620,0.913312
3621,0.956217
3622,0.951334
3623,0.952654
3624,0.937031
3625,0.899785
3626,0.971222
3627,0.947971
3628,0.938699
3629,0.947952
3630,0.954809
3631,0.883337
3632,0.922102
3633,0.924966
3634,0.934199
3635,0.904970
3636,0.913469
3637,0.953337
3638,0.873151
3639,0.924469
3640,0.878078
3641,0.871180
3642,0.934064
3643,0.919283
3644,0.923446
3645,0.894066
3646,0.930405
3647,0.887751
3648,0.909524
3649,0.887052
3650,0.883536
3651,0.936686
3652,0.926087
3653,0.954571
3654,0.901690
3655,0.872061
3656,0.944058
3657,0.921009
3658,0.955794
3659,0.930500
3660,0.873447
3661,0.939379
3662,0.918622
3663,0.913469
3664,0.928489
3665,0.926222
3666,0.917988
3667,0.913021
3668,0.955626
3669,0.863898
3670,0.898029
3671,0.901319
3672,0.923650
3673,0.940040
3674,0.924985
3675,0.879744
3676,0.956353
3677,0.960685
3678,0.966741
3679,0.954840
3680,0.955201
3681,0.902294
3682,0.947370
3683,0.928225
3684,0.939103
3685,0.886429
3686,0.904141
3687,0.935986
3688,0.827228
3689,0.907647
3690,0.909345
3691,0.925735
3692,0.954497
3693,0.887401
3694,0.901746
3695,0.927041
3696,0.965013
3697,0.905519
3698,0.904853
3699,0.878440
3700,0.932410
3701,0.938861
3702,0.918525
3703,0.886748
3704,0.920488
3705,0.979791
3706,0.913652
3707,0.939976
3708,0.882751
3709,0.840888
3710,0.968043
3711,0.883304
3712,0.899251
3713,0.937986
3714,0.899712
3715,0.942455
3716,0.886459
3717,0.840517
3718,0.886910
3719,0.927198
3720,0.899318
3721,0.911467
3722,0.937431
3723,0.897793
3724,0.902373
3725,0.970647
3726,0.903387
3727,0.892422
3728,0.925063
3729,0.909430
3730,0.914452
3731,0.911439
3732,0.896836
3733,0.885315
3734,0.857441
3735,0.898307
3736,0.882587
3737,0.887308
3738,0.948314
3739,0.901616
3740,0.924687
3741,0.856993
3742,0.932621
3743,0.942179
3744,0.884604
3745,0.887213
3746,0.913571
3747,0.904138
3748,0.914859
3749,0.917122
3750,0.935391
3751,0.950828
3752,0.944354
3753,0.913494
3754,0.879447
3755,0.843421
3756,0.930120
3757,0.905822
3758,0.851233
3759,0.918658
3760,0.898389
3761,0.915580
3762,0.920820
3763,0.917746
3764,0.931117
3765,0.936237
3766,0.973150
3767,0.880245
3768,0.861607
3769,0.879745
3770,0.931995
3771,0.876906
3772,0.928766
3773,0.877602
3774,0.875004
3775,0.919914
3776,0.925841
3777,0.899733
3778,0.946357
3779,0.925440
3780,0.935874
3781,0.951087
3782,0.907769
3783,0.907612
3784,0.946074
3785,0.925546
3786,0.928578
3787,0.950911
3788,0.877884
3789,0.855506
3790,0.930610
3791,0.956304
3792,0.905788
3793,0.916916
3794,0.915547
3795,0.925332
3796,0.937531
3797,0.955427
3798,0.895443
3799,0.927785
3800,0.891310
3801,0.922299
3802,0.892100
3803,0.919173
3804,0.945865
3805,0.913494
3806,0.922450
3807,0.939132
3808,0.971388
3809,0.871609
3810,0.921598
3811,0.933221
3812,0.937777
3813,0.958187
3814,0.943307
3815,0.901756
3816,0.958676
3817,0.907801
3818,0.899750
3819,0.868930
3820,0.929831
3821,0.898828
3822,0.857080
3823,0.868169
3824,0.935022
3825,0.887131
3826,0.916124
3827,0.882148
3828,0.966612
3829,0.939043
3830,0.931892
3831,0.857061
3832,0.914561
3833,0.931772
3834,0.909985
3835,0.923342
3836,0.918084
3837,0.880110
3838,0.854963
3839,0.912363
3840,0.886900
3841,0.909575
3842,0.858725
3843,0.945733
3844,0.924721
3845,0.935623
3846,0.910683
3847,0.907263
3848,0.910237
3849,0.918591
3850,0.941284
3851,0.902604
3852,0.882918
3853,0.912510
3854,0.884193
3855,0.916742
3856,0.957217
3857,0.919746
3858,0.947522
3859,0.893369
3860,0.940288
3861,0.898017
3862,0.980156
3863,0.921568
3864,0.936401
3865,0.935063
3866,0.934860
3867,0.896331
3868,0.917955
3869,0.882058
3870,0.883723
3871,0.880679
3872,0.932548
3873,0.909630
3874,0.876821
3875,0.884628
3876,0.915307
3877,0.923907
3878,0.875133
3879,0.892227
3880,0.876258
3881,0.914137
3882,0.885306
3883,0.949315
3884,0.910412
3885,0.894199
3886,0.951179
3887,0.898966
3888,0.940721
3889,0.947968
3890,0.932525
3891,0.886592
3892,0.901799
3893,0.878699
3894,0.910383
3895,0.887331
3896,0.940700
3897,0.893013
3898,0.953301
3899,0.894399
3900,0.913003
3901,0.953304
3902,0.940583
3903,0.929899
3904,0.902390
3905,0.917896
3906,0.910661
3907,0.888051
3908,0.939100
3909,0.882405
3910,0.887204
3911,0.935186
3912,0.924353
3913,0.945132
3914,0.928880
3915,0.876494
3916,0.892353
3917,0.931028
3918,0.868067
3919,0.974037
3920,0.898937
3921,0.943836
3922,0.975332
3923,0.949244
3924,0.891986
3925,0.950905
3926,0.946804
3927,0.898069
3928,0.913092
3929,0.887857
3930,0.884911
3931,0.904088
3932,0.926284
3933,0.900872
3934,0.892894
3935,0.892442
3936,0.938491
3937,0.893607
3938,0.883420
3939,0.908408
3940,0.925176
3941,0.868679
3942,0.878504
3943,0.870208
3944,0.877455
3945,0.874353
3946,0.914456
3947,0.908222
3948,0.914247
3949,0.989421
3950,0.933413
3951,0.909622
3952,0.921472
3953,0.844680
3954,0.890750
3955,0.847531
3956,0.897842
3957,0.918021
3958,0.883619
3959,0.923345
3960,0.874511
3961,0.937546
3962,0.882292
3963,0.932577
3964,0.907824
3965,0.893450
3966,0.889651
3967,0.920092
3968,0.957783
3969,0.900786
3970,0.907814
3971,0.927893
3972,0.937737
3973,0.898967
3974,0.924405
3975,0.919250
3976,0.870259
3977,0.923482
3978,0.882763
3979,0.921769
3980,0.910432
3981,0.905394
3982,0.903271
3983,0.919504
3984,0.865086
3985,0.970971
3986,0.894257
3987,0.884252
3988,0.875824
3989,0.917186
3990,0.893857
3991,0.988914
3992,0.892116
3993,0.920185
3994,0.947596
3995,0.928987
3996,0.892456
3997,0.908677
3998,0.847946
3999,0.889155
4000,0.875190
4001,0.966929
4002,0.885671
4003,0.904887
4004,0.913172
4005,0.884704
4006,0.866732
4007,0.912800
4008,0.869552
4009,0.959737
4010,0.869242
4011,0.875553
4012,0.856070
4013,0.962834
4014,0.900706
4015,0.948008
4016,0.889188
4017,0.884726
4018,0.911286
4019,0.903886
4020,0.926837
4021,0.944407
4022,0.936447
4023,0.912120
4024,0.913710
4025,0.954735
4026,0.922250
4027,0.890314
4028,0.922045
4029,0.871022
4030,0.944678
4031,0.882153
4032,0.886599
4033,0.850269
4034,0.913731
4035,0.893438
4036,0.901282
4037,1.005278
4038,0.886220
4039,0.982099
4040,0.908901
4041,0.868422
4042,0.905987
4043,0.924819
4044,0.855474
4045,0.921609
4046,0.926045
4047,0.938478
4048,0.880093
4049,0.952098
4050,0.893272
4051,0.860030
4052,0.882871
4053,0.926436
4054,0.952924
4055,0.965066
4056,0.882137
4057,0.911608
4058,0.892127
4059,0.881942
4060,0.881019
4061,0.901370
4062,0.945804
4063,0.936855
4064,0.895400
4065,0.887706
4066,0.950847
4067,0.906704
4068,0.918410
4069,0.909869
4070,0.919108
4071,0.891719
4072,0.918109
4073,0.921441
4074,0.865039
4075,0.840616
4076,0.858893
4077,0.922845
4078,0.901828
4079,0.916890
4080,0.923359
4081,0.918948
4082,0.868047
4083,0.911452
4084,0.901548
4085,0.858235
4086,0.888642
4087,0.925101
4088,0.910202
4089,0.861042
4090,0.902168
4091,0.907325
4092,0.885188
4093,0.923099
4094,0.897246
4095,0.850208
4096,0.889253
4097,0.905938
4098,0.931922
4099,0.914827
4100,0.894700
4101,0.916927
4102,0.945201
4103,0.918545
4104,0.979824
4105,0.917647
4106,0.850719
4107,0.878362
4108,0.900440
4109,0.901955
4110,0.908418
4111,0.839387
4112,0.915303
4113,0.912481
4114,0.881479
4115,0.885838
4116,0.852695
4117,0.875723
4118,0.916521
4119,0.890598
4120,0.880712
4121,0.901849
4122,0.876478
4123,0.878207
4124,0.887710
4125,0.857053
4126,0.881513
4127,0.888524
4128,0.865931
4129,0.904559
4130,0.949192
4131,0.923995
4132,0.877253
4133,0.894668
4134,0.918353
4135,0.863350
4136,0.909915
4137,0.944149
4138,0.864578
4139,0.900850
4140,0.868985
4141,0.952369
4142,0.887736
4143,0.956755
4144,0.874312
4145,0.871094
4146,0.892311
4147,0.890321
4148,0.925743
4149,0.862977
4150,0.876638
4151,0.868800
4152,0.925364
4153,0.899682
4154,0.908623
4155,0.933078
4156,0.949065
4157,0.916360
4158,0.931318
4159,0.880270
4160,0.884024
4161,0.904740
4162,0.892079
4163,0.897338
4164,0.920403
4165,0.929929
4166,0.925533
4167,0.903534
4168,0.895446
4169,0.916683
4170,0.904019
4171,0.880305
4172,0.902905
4173,0.871871
4174,0.893196
4175,0.852316
4176,0.891246
4177,0.875355
4178,0.875962
4179,0.903517
4180,0.944801
4181,0.901969
4182,0.889194
4183,0.929350
4184,0.870121
4185,0.892515
4186,0.910889
4187,0.930797
4188,0.814825
4189,0.873566
4190,0.902416
4191,0.856982
4192,0.911897
4193,0.857590
4194,0.907966
4195,0.922915
4196,0.892476
4197,0.898939
4198,0.864927
4199,0.900340
4200,0.921374
4201,0.876979
4202,0.892725
4203,0.867663
4204,0.854293
4205,0.953099
4206,0.914151
4207,0.940820
4208,0.950886
4209,0.931568
4210,0.916340
4211,0.886321
4212,0.912308
4213,0.863394
4214,0.898364
4215,0.917320
4216,0.882053
4217,0.927302
4218,0.901060
4219,0.896652
4220,0.896588
4221,0.916709
4222,0.862694
4223,0.893485
4224,0.907932
4225,0.940895
4226,0.958691
4227,0.918703
4228,0.906657
4229,0.921374
4230,0.916179
4231,0.822193
4232,0.961913
4233,0.875786
4234,0.878271
4235,0.876083
4236,0.940722
4237,0.869603
4238,0.915502
4239,0.880733
4240,0.903477
4241,0.900014
4242,0.876051
4243,0.907233
4244,0.882165
4245,0.896510
4246,0.872521
4247,0.916313
4248,0.848187
4249,0.936440
4250,0.862079
4251,0.865249
4252,0.887486
4253,0.888903
4254,0.931833
4255,0.924356
4256,0.863206
4257,0.872948
4258,0.942360
4259,0.882558
4260,0.928628
4261,0.939316
4262,0.855174
4263,0.951267
4264,0.826864
4265,0.903029
4266,0.924392
4267,0.966412
4268,0.919998
4269,0.888089
4270,0.893751
4271,0.880680
4272,0.920588
4273,0.872492
4274,0.883243
4275,0.937481
4276,0.878471
4277,0.955177
4278,0.900961
4279,0.935598
4280,0.902190
4281,0.926514
4282,0.916446
4283,0.909340
4284,0.908333
4285,0.873020
4286,0.905838
4287,0.901811
4288,0.925001
4289,0.885152
4290,0.923352
4291,0.824577
4292,0.921405
4293,0.942464
4294,0.886123
4295,0.860683
4296,0.877972
4297,0.900179
4298,0.907725
4299,0.929787
4300,0.910793
4301,0.907685
4302,0.891414
4303,0.925392
4304,0.890646
4305,0.853958
4306,0.932951
4307,0.872216
4308,0.876665
4309,0.931897
4310,0.876611
4311,0.914919
4312,0.869528
4313,0.903755
4314,0.910380
4315,0.881289
4316,0.929438
4317,0.936538
4318,0.941012
4319,0.878403
4320,0.949239
4321,0.844479
4322,0.876967
4323,0.976013
4324,0.896346
4325,0.939193
4326,0.956015
4327,0.951240
4328,0.852326
4329,0.873029
4330,0.857085
4331,0.833697
4332,0.923756
4333,0.879506
4334,0.884467
4335,0.867006
4336,0.853944
4337,0.862917
4338,0.924367
4339,0.874722
4340,0.827560
4341,0.882448
4342,0.929171
4343,0.858497
4344,0.844964
4345,0.879985
4346,0.924518
4347,0.873639
4348,0.888220
4349,0.907946
4350,0.872183
4351,0.928412
4352,0.902160
4353,0.886234
4354,0.873767
4355,0.903753
4356,0.924921
4357,0.914996
4358,0.941684
4359,0.927653
4360,0.910963
4361,0.859877
4362,0.858439
4363,0.911351
4364,0.902110
4365,0.845202
4366,0.904795
4367,0.883405
4368,0.887407
4369,0.891015
4370,0.910739
4371,0.849269
4372,0.918659
4373,0.920669
4374,0.922648
4375,0.929202
4376,0.876106
4377,0.878108
4378,0.933461
4379,0.875818
4380,0.936397
4381,0.892739
4382,0.921611
4383,0.877243
4384,0.898869
4385,0.916147
4386,0.904063
4387,0.830915
4388,0.849606
4389,0.911617
4390,0.898669
4391,0.880869
4392,0.890108
4393,0.910427
4394,0.913458
4395,0.884814
4396,0.920158
4397,0.890591
4398,0.900652
4399,0.937102
4400,0.877816
4401,0.909031
4402,0.940548
4403,0.889083
4404,0.854146
4405,0.847402
4406,0.888570
4407,0.856142
4408,0.932970
4409,0.985398
4410,0.973020
4411,0.898508
4412,0.890642
4413,0.886344
4414,0.906887
4415,0.907534
4416,0.913854
4417,0.860951
4418,0.893194
4419,0.879775
4420,0.893349
4421,0.822873
4422,0.929452
4423,0.864774
4424,0.898813
4425,0.844797
4426,0.901417
4427,0.921120
4428,0.929233
4429,0.988240
4430,0.885711
4431,0.881982
4432,0.914146
4433,0.849489
4434,0.889655
4435,0.871868
4436,0.876606
4437,0.913935
4438,0.875194
4439,0.919171
4440,0.863117
4441,0.915212
4442,0.917075
4443,0.897143
4444,0.869120
4445,0.903138
4446,0.897321
4447,0.893869
4448,0.888936
4449,0.861723
4450,0.889578
4451,0.895993
4452,0.870634
4453,0.905464
4454,0.878718
4455,0.933704
4456,0.876433
4457,0.952508
4458,0.842983
4459,0.897260
4460,0.907964
4461,0.910589
4462,0.898522
4463,0.883060
4464,0.858142
4465,0.889912
4466,0.919376
4467,0.908310
4468,0.866242
4469,0.863033
4470,0.861381
4471,0.842397
4472,0.935023
4473,0.862899
4474,0.860606
4475,0.866193
4476,0.921303
4477,0.887487
4478,0.923139
4479,0.897210
4480,0.869620
4481,0.877649
4482,0.884652
4483,1.001104
4484,0.886580
4485,0.869317
4486,0.904683
4487,0.903496
4488,0.857029
4489,0.811050
4490,0.926588
4491,0.912135
4492,0.879002
4493,0.900808
4494,0.918200
4495,0.842997
4496,0.880013
4497,0.868965
4498,0.834411
4499,0.960079
4500,0.937828
4501,0.931708
4502,0.892524
4503,0.871184
4504,0.869304
4505,0.867717
4506,0.932603
4507,0.908493
4508,0.882955
4509,0.874877
4510,0.898101
4511,0.848863
4512,0.921133
4513,0.918603
4514,0.924423
4515,0.880582
4516,0.886299
4517,0.899224
4518,0.893285
4519,0.892740
4520,0.884528
4521,0.932999
4522,0.891286
4523,0.873821
4524,0.875278
4525,0.850379
4526,0.883914
4527,0.871436
4528,0.879920
4529,0.870082
4530,0.902591
4531,0.904787
4532,0.897020
4533,0.914493
4534,0.891222
4535,0.906496
4536,0.866085
4537,0.933780
4538,0.936660
4539,0.908500
4540,0.913510
4541,0.830054
4542,0.921442
4543,0.880945
4544,0.852663
4545,0.883590
4546,0.948260
4547,0.916489
4548,0.870948
4549,0.893404
4550,0.904128
4551,0.938693
4552,0.877275
4553,0.906963
4554,0.925568
4555,0.858759
4556,0.899206
4557,0.914046
4558,0.945023
4559,0.865476
4560,0.873149
4561,0.872298
4562,0.919506
4563,0.859460
4564,0.890593
4565,0.833176
4566,0.906960
4567,0.877477
4568,0.904019
4569,0.856071
4570,0.881993
4571,0.875072
4572,0.877780
4573,0.912878
4574,0.879342
4575,0.863304
4576,0.986563
4577,0.907952
4578,0.919132
4579,0.898586
4580,0.901637
4581,0.906162
4582,0.885514
4583,0.896336
4584,0.867505
4585,0.900746
4586,0.849547
4587,0.902994
4588,0.931287
4589,0.903314
4590,0.872618
4591,0.877775
4592,0.870306
4593,0.884895
4594,0.846094
4595,0.860502
4596,0.886190
4597,0.935216
4598,0.880334
4599,0.891865
4600,0.858516
4601,0.863042
4602,0.845822
4603,0.876404
4604,0.862142
4605,0.864833
4606,0.857508
4607,0.891189
4608,0.909214
4609,0.915851
4610,0.874516
4611,0.882253
4612,0.859105
4613,0.835950
4614,0.900358
4615,0.857739
4616,0.827432
4617,0.915196
4618,0.907088
4619,0.879337
4620,0.972336
4621,0.860063
4622,0.876285
4623,0.905543
4624,0.854594
4625,0.873769
4626,0.896625
4627,0.904988
4628,0.859305
4629,0.887458
4630,0.860149
4631,0.889865
4632,0.838850
4633,0.837567
4634,0.897679
4635,0.938835
4636,0.907352
4637,0.871109
4638,0.825263
4639,0.852342
4640,0.865983
4641,0.878573
4642,0.919219
4643,0.895702
4644,0.901012
4645,0.887190
4646,0.888497
4647,0.865788
4648,0.917554
4649,0.900856
4650,0.891190
4651,0.953101
4652,0.904164
4653,0.881702
4654,0.850517
4655,0.886537
4656,0.870925
4657,0.854191
4658,0.832017
4659,0.852315
4660,0.870635
4661,0.863029
4662,0.850687
4663,0.883527
4664,0.873906
4665,0.905304
4666,0.889826
4667,0.840849
4668,0.881788
4669,0.844796
4670,0.845870
4671,0.881173
4672,0.906999
4673,0.898683
4674,0.901501
4675,0.862672
4676,0.882477
4677,0.897072
4678,0.851357
4679,0.948454
4680,0.872393
4681,0.914355
4682,0.873064
4683,0.826343
4684,0.878607
4685,0.868798
4686,0.918421
4687,0.843491
4688,0.853987
4689,0.871072
4690,0.964539
4691,0.858511
4692,0.901244
4693,0.876136
4694,0.852671
4695,0.878912
4696,0.861940
4697,0.910048
4698,0.826538
4699,0.900815
4700,0.880411
4701,0.921093
4702,0.868205
4703,0.897015
4704,0.837396
4705,0.938350
4706,0.845681
4707,0.875967
4708,0.891640
4709,0.926242
4710,0.874799
4711,0.875771
4712,0.927014
4713,0.847051
4714,0.885942
4715,0.875110
4716,0.906696
4717,0.828856
4718,0.953237
4719,0.869380
4720,0.896147
4721,0.877938
4722,0.932453
4723,0.892731
4724,0.872533
4725,0.914901
4726,0.880388
4727,0.946390
4728,0.903571
4729,0.934164
4730,0.876897
4731,0.805143
4732,0.879692
4733,0.817626
4734,0.879477
4735,0.852844
4736,0.887677
4737,0.869865
4738,0.876771
4739,0.937801
4740,0.835261
4741,0.929823
4742,0.931821
4743,0.931791
4744,0.870866
4745,0.910817
4746,0.879630
4747,0.868396
4748,0.802674
4749,0.854105
4750,0.848837
4751,0.935503
4752,0.826194
4753,0.895170
4754,0.910168
4755,0.861049
4756,0.863995
4757,0.915100
4758,0.880098
4759,0.954958
4760,0.860838
4761,0.889469
4762,0.866763
4763,0.892087
4764,0.893076
4765,0.861427
4766,0.924994
4767,0.862008
4768,0.834679
4769,0.869657
4770,0.826485
4771,0.901427
4772,0.877131
4773,0.862400
4774,0.832957
4775,0.934993
4776,0.927175
4777,0.892328
4778,0.860412
4779,0.939124
4780,0.886208
4781,0.962802
4782,0.887340
4783,0.933783
4784,0.852306
4785,0.896579
4786,0.879049
4787,0.898975
4788,0.773715
4789,0.896091
4790,0.878813
4791,0.931962
4792,0.890576
4793,0.896677
4794,0.859768
4795,0.883000
4796,0.939832
4797,0.888869
4798,0.832528
4799,0.935927
4800,0.839724
4801,0.837763
4802,0.913390
4803,0.819670
4804,0.872870
4805,0.852147
4806,0.849514
4807,0.884436
4808,0.866213
4809,0.843373
4810,0.837915
4811,0.909397
4812,0.895004
4813,0.873650
4814,0.860453
4815,0.913204
4816,0.850863
4817,0.924893
4818,0.940999
4819,0.883627
4820,0.902172
4821,0.866256
4822,0.865951
4823,0.891604
4824,0.875825
4825,0.890668
4826,0.865052
4827,0.878973
4828,0.821058
4829,0.874704
4830,0.885480
4831,0.871954
4832,0.891724
4833,0.881756
4834,0.880987
4835,0.879017
4836,0.866488
4837,0.849949
4838,0.875779
4839,0.889239
4840,0.887396
4841,0.833042
4842,0.877245
4843,0.891267
4844,0.901824
4845,0.914662
4846,0.908178
4847,0.892963
4848,0.859222
4849,0.868603
4850,0.895488
4851,0.852278
4852,0.893832
4853,0.950665
4854,0.892226
4855,0.879734
4856,0.915561
4857,0.848525
4858,0.849823
4859,0.875200
4860,0.868487
4861,0.890829
4862,0.862858
4863,0.924406
4864,0.844820
4865,0.858026
4866,0.875235
4867,0.889608
4868,0.849714
4869,0.877233
4870,0.882788
4871,0.901409
4872,0.869698
4873,0.862666
4874,0.855248
4875,0.905177
4876,0.862602
4877,0.890512
4878,0.870758
4879,0.870135
4880,0.844199
4881,0.815295
4882,0.912670
4883,0.868619
4884,0.900740
4885,0.871970
4886,0.905312
4887,0.866176
4888,0.891731
4889,0.893642
4890,0.861149
4891,0.890588
4892,0.851616
4893,0.908407
4894,0.943573
4895,0.868743
4896,0.844083
4897,0.916133
4898,0.905298
4899,0.903591
4900,0.899542
4901,0.879049
4902,0.870513
4903,0.893648
4904,0.890132
4905,0.877225
4906,0.878761
4907,0.889890
4908,0.867742
4909,0.903586
4910,0.860217
4911,0.867094
4912,0.893034
4913,0.917844
4914,0.879635
4915,0.873831
4916,0.924184
4917,0.849909
4918,0.901742
4919,0.955700
4920,0.906302
4921,0.824288
4922,0.837412
4923,0.816423
4924,0.908049
4925,0.859449
4926,0.831912
4927,0.856025
4928,0.867578
4929,0.874452
4930,0.873863
4931,0.859940
4932,0.965973
4933,0.918985
4934,0.892666
4935,0.950472
4936,0.869192
4937,0.848883
4938,0.827876
4939,0.874380
4940,0.813486
4941,0.867992
4942,0.844140
4943,0.893063
4944,0.857347
4945,0.852168
4946,0.912954
4947,0.879127
4948,0.924353
4949,0.875951
4950,0.885314
4951,0.917938
4952,0.892367
4953,0.884550
4954,0.896214
4955,0.818908
4956,0.794910
4957,0.946368
4958,0.884820
4959,0.878849
4960,0.916330
4961,0.879364
4962,0.886211
4963,0.859373
4964,0.894949
4965,0.855112
4966,0.887974
4967,0.925600
4968,0.876901
4969,0.896177
4970,0.874645
4971,0.888077
4972,0.832179
4973,0.801215
4974,0.893723
4975,0.863956
4976,0.899546
4977,0.864268
4978,0.865634
4979,0.890333
4980,0.899144
4981,0.906323
4982,0.895187
4983,0.866351
4984,0.894338
4985,0.882318
4986,0.931306
4987,0.909497
4988,0.873935
4989,0.880335
4990,0.879731
4991,0.861536
4992,0.837462
4993,0.878601
4994,0.864673
4995,0.884172
4996,0.895751
4997,0.882768
4998,0.926784
4999,0.878588
5000,0.876225
5001,0.855882
5002,0.888513
5003,0.822730
5004,0.833732
5005,0.870927
5006,0.896850
5007,0.897473
5008,0.882475
5009,0.872515
5010,0.851557
5011,0.894470
5012,0.892650
5013,0.864573
5014,0.836337
5015,0.931297
5016,0.907716
5017,0.818911
5018,0.873537
5019,0.879089
5020,0.891001
5021,0.906442
5022,0.901200
5023,0.863984
5024,0.912450
5025,0.925191
5026,0.872300
5027,0.952201
5028,0.850116
5029,0.920021
5030,0.875480
5031,0.861298
5032,0.824715
5033,0.972761
5034,0.877700
5035,0.884618
5036,0.850079
5037,0.815925
5038,0.869912
5039,0.900596
5040,0.843425
5041,0.886326
5042,0.866253
5043,0.855069
5044,0.902045
5045,0.868546
5046,0.901586
5047,0.909980
5048,0.862059
5049,0.874986
5050,0.925698
5051,0.870519
5052,0.874386
5053,0.950715
5054,0.828900
5055,0.864350
5056,0.819906
5057,0.859341
5058,0.883293
5059,0.818450
5060,0.887059
5061,0.888113
5062,0.792214
5063,0.867774
5064,0.913567
5065,0.847341
5066,0.842547
5067,0.934606
5068,0.885418
5069,0.923648
5070,0.872399
5071,0.843106
5072,0.880720
5073,0.879820
5074,0.848438
5075,0.875374
5076,0.905754
5077,0.916707
5078,0.887745
5079,0.839174
5080,0.885949
5081,0.900472
5082,0.877735
5083,0.892239
5084,0.864894
5085,0.876245
5086,0.878789
5087,0.875762
5088,0.859098
5089,0.884407
5090,0.894789
5091,0.891404
5092,0.875838
5093,0.903875
5094,0.953901
5095,0.864933
5096,0.900536
5097,0.877340
5098,0.893566
5099,0.859261
5100,0.832073
5101,0.906208
5102,0.845425
5103,0.873072
5104,0.919440
5105,0.822653
5106,0.878229
5107,0.848595
5108,0.845388
5109,0.890152
5110,0.839341
5111,0.872900
5112,0.857522
5113,0.847187
5114,0.894397
5115,0.886563
5116,0.885378
5117,0.852132
5118,0.875913
5119,0.837677
5120,0.886735
5121,0.907806
5122,0.909065
5123,0.868484
5124,0.871789
5125,0.818541
5126,0.929776
5127,0.866053
5128,0.891084
5129,0.849974
5130,0.870061
5131,0.872751
5132,0.865044
5133,0.864179
5134,0.864592
5135,0.868615
5136,0.898699
5137,0.833032
5138,0.855974
5139,0.883700
5140,0.903060
5141,0.907672
5142,0.873321
5143,0.865085
5144,0.873649
5145,0.918590
5146,0.866919
5147,0.862890
5148,0.884621
5149,0.860229
5150,0.877365
5151,0.886551
5152,0.859953
5153,0.838735
5154,0.862205
5155,0.872365
5156,0.837268
5157,0.846922
5158,0.862203
5159,0.885876
5160,0.855794
5161,0.861685
5162,0.869271
5163,0.849259
5164,0.855250
5165,0.908623
5166,0.909207
5167,0.866959
5168,0.832880
5169,0.848404
5170,0.840639
5171,0.893553
5172,0.861498
5173,0.806314
5174,0.836031
5175,0.859097
5176,0.875726
5177,0.845335
5178,0.914670
5179,0.894537
5180,0.850656
5181,0.888565
5182,0.879143
5183,0.887473
5184,0.814115
5185,0.897980
5186,0.853871
5187,0.861615
5188,0.859349
5189,0.891156
5190,0.838971
5191,0.909225
5192,0.833857
5193,0.855302
5194,0.893405
5195,0.857695
5196,0.934576
5197,0.869816
5198,0.859645
5199,0.868403
5200,0.841089
5201,0.868991
5202,0.864034
5203,0.862535
5204,0.921456
5205,0.854011
5206,0.885140
5207,0.884313
5208,0.822272
5209,0.861699
5210,0.881744
5211,0.919928
5212,0.805757
5213,0.892145
5214,0.844667
5215,0.840120
5216,0.843332
5217,0.930939
5218,0.902115
5219,0.848087
5220,0.821973
5221,0.853702
5222,0.865728
5223,0.847876
5224,0.860348
5225,0.861886
5226,0.849864
5227,0.868453
5228,0.855218
5229,0.895243
5230,0.883034
5231,0.900355
5232,0.887418
5233,0.841583
5234,0.864247
5235,0.815948
5236,0.820243
5237,0.861649
5238,0.860700
5239,0.845182
5240,0.840385
5241,0.918864
5242,0.872988
5243,0.882242
5244,0.913732
5245,0.881842
5246,0.838840
5247,0.867725
5248,0.878162
5249,0.849130
5250,0.870526
5251,0.863780
5252,0.886913
5253,0.884859
5254,0.853786
5255,0.893916
5256,0.857261
5257,0.862728
5258,0.769805
5259,0.851486
5260,0.858176
5261,0.858670
5262,0.928599
5263,0.835331
5264,0.832578
5265,0.790512
5266,0.840068
5267,0.877112
5268,0.882811
5269,0.910365
5270,0.894284
5271,0.904476
5272,0.822622
5273,0.882417
5274,0.919259
5275,0.841689
5276,0.875304
5277,0.886489
5278,0.854546
5279,0.904250
5280,0.871808
5281,0.883544
5282,0.858767
5283,0.850978
5284,0.910645
5285,0.852270
5286,0.881452
5287,0.811446
5288,0.886000
5289,0.830626
5290,0.900112
5291,0.883828
5292,0.852544
5293,0.898495
5294,0.853491
5295,0.858554
5296,0.890976
5297,0.862457
5298,0.847713
5299,0.874917
5300,0.880376
5301,0.832501
5302,0.915751
5303,0.886462
5304,0.839375
5305,0.862456
5306,0.889313
5307,0.830936
5308,0.884790
5309,0.831798
5310,0.887243
5311,0.829684
5312,0.878181
5313,0.878547
5314,0.891326
5315,0.849051
5316,0.878615
5317,0.833783
5318,0.921103
5319,0.805235
5320,0.836858
5321,0.853190
5322,0.883875
5323,0.864322
5324,0.885408
5325,0.856552
5326,0.843355
5327,0.875519
5328,0.856985
5329,0.857701
5330,0.821879
5331,0.887573
5332,0.869988
5333,0.849531
5334,0.872545
5335,0.844606
5336,0.835620
5337,0.871465
5338,0.854653
5339,0.859537
5340,0.863763
5341,0.873399
5342,0.893501
5343,0.897831
5344,0.813326
5345,0.852613
5346,0.845177
5347,0.891162
5348,0.891836
5349,0.867866
5350,0.947488
5351,0.926883
5352,0.858150
5353,0.877502
5354,0.861085
5355,0.865969
5356,0.828056
5357,0.814174
5358,0.885269
5359,0.817925
5360,0.845143
5361,0.861363
5362,0.812208
5363,0.898520
5364,0.858409
5365,0.883982
5366,0.842809
5367,0.885982
5368,0.848584
5369,0.807749
5370,0.847757
5371,0.879958
5372,0.857866
5373,0.868621
5374,0.860988
5375,0.884382
5376,0.831964
5377,0.889413
5378,0.865938
5379,0.882710
5380,0.876294
5381,0.806409
5382,0.873916
5383,0.858047
5384,0.885091
5385,0.852128
5386,0.853775
5387,0.846075
5388,0.844422
5389,0.853106
5390,0.890813
5391,0.904155
5392,0.824886
5393,0.866808
5394,0.811156
5395,0.863030
5396,0.880964
5397,0.870188
5398,0.840286
5399,0.806580
5400,0.851556
5401,0.867030
5402,0.836240
5403,0.898252
5404,0.863833
5405,0.883690
5406,0.892589
5407,0.887421
5408,0.874479
5409,0.850257
5410,0.848902
5411,0.835770
5412,0.843203
5413,0.896746
5414,0.878983
5415,0.848459
5416,0.863200
5417,0.828633
5418,0.870747
5419,0.865992
5420,0.875321
5421,0.852202
5422,0.828106
5423,0.882073
5424,0.901918
5425,0.859228
5426,0.919000
5427,0.828921
5428,0.896147
5429,0.856973
5430,0.862789
5431,0.873108
5432,0.875180
5433,0.846266
5434,0.864958
5435,0.841234
5436,0.928997
5437,0.860155
5438,0.831691
5439,0.863643
5440,0.907104
5441,0.895960
5442,0.851108
5443,0.913108
5444,0.900428
5445,0.866201
5446,0.835230
5447,0.870552
5448,0.829401
5449,0.883694
5450,0.875768
5451,0.891568
5452,0.870638
5453,0.869616
5454,0.869761
5455,0.855224
5456,0.873334
5457,0.816228
5458,0.904125
5459,0.874120
5460,0.842657
5461,0.863358
5462,0.853034
5463,0.856726
5464,0.888550
5465,0.852405
5466,0.855661
5467,0.877184
5468,0.834153
5469,0.857406
5470,0.895062
5471,0.828952
5472,0.891800
5473,0.853097
5474,0.819683
5475,0.837075
5476,0.950427
5477,0.826972
5478,0.876410
5479,0.862895
5480,0.856767
5481,0.921154
5482,0.820017
5483,0.827634
5484,0.852960
5485,0.830429
5486,0.816631
5487,0.885995
5488,0.856863
5489,0.917682
5490,0.849448
5491,0.879085
5492,0.861855
5493,0.862460
5494,0.848589
5495,0.833564
5496,0.871551
5497,0.862988
5498,0.895833
5499,0.864590
5500,0.836164
5501,0.841512
5502,0.830338
5503,0.855685
5504,0.838423
5505,0.825022
5506,0.888396
5507,0.867337
5508,0.797760
5509,0.845094
5510,0.889670
5511,0.832576
5512,0.855839
5513,0.884732
5514,0.866268
5515,0.832738
5516,0.879409
5517,0.834506
5518,0.877057
5519,0.858325
5520,0.914106
5521,0.867964
5522,0.834358
5523,0.846071
5524,0.842093
5525,0.813045
5526,0.926227
5527,0.846614
5528,0.836423
5529,0.862136
5530,0.833811
5531,0.866076
5532,0.884443
5533,0.876108
5534,0.896006
5535,0.845680
5536,0.826098
5537,0.866558
5538,0.858666
5539,0.838883
5540,0.864936
5541,0.845182
5542,0.870230
5543,0.838709
5544,0.871948
5545,0.862397
5546,0.901789
5547,0.889825
5548,0.873003
5549,0.844749
5550,0.838568
5551,0.879535
5552,0.852019
5553,0.849429
5554,0.908540
5555,0.825274
5556,0.911135
5557,0.911356
5558,0.856564
5559,0.855430
5560,0.842494
5561,0.868372
5562,0.876065
5563,0.848644
5564,0.825151
5565,0.834288
5566,0.852825
5567,0.813186
5568,0.852142
5569,0.886830
5570,0.796111
5571,0.831461
5572,0.870416
5573,0.868144
5574,0.912199
5575,0.887273
5576,0.884487
5577,0.903344
5578,0.886799
5579,0.887268
5580,0.918489
5581,0.868033
5582,0.895668
5583,0.830632
5584,0.854827
5585,0.901777
5586,0.872463
5587,0.837170
5588,0.870630
5589,0.894218
5590,0.867765
5591,0.894605
5592,0.838242
5593,0.870258
5594,0.857771
5595,0.886390
5596,0.825987
5597,0.885236
5598,0.841742
5599,0.903052
5600,0.860876
5601,0.865200
5602,0.918796
5603,0.833573
5604,0.836936
5605,0.815902
5606,0.781714
5607,0.907457
5608,0.902209
5609,0.842798
5610,0.845359
5611,0.904710
5612,0.863557
5613,0.890301
5614,0.836525
5615,0.899717
5616,0.814845
5617,0.845786
5618,0.871201
5619,0.869930
5620,0.889866
5621,0.888371
5622,0.861661
5623,0.852258
5624,0.907453
5625,0.889064
5626,0.827645
5627,0.844606
5628,0.882168
5629,0.879264
5630,0.880341
5631,0.869256
5632,0.839412
5633,0.837400
5634,0.814854
5635,0.880132
5636,0.828209
5637,0.769141
5638,0.891717
5639,0.913619
5640,0.847346
5641,0.945093
5642,0.880232
5643,0.890193
5644,0.846321
5645,0.899644
5646,0.890095
5647,0.910092
5648,0.880309
5649,0.895997
5650,0.877726
5651,0.845491
5652,0.809678
5653,0.902542
5654,0.832851
5655,0.876724
5656,0.923534
5657,0.884106
5658,0.847163
5659,0.868830
5660,0.891099
5661,0.884988
5662,0.910305
5663,0.863304
5664,0.870115
5665,0.891119
5666,0.845280
5667,0.823180
5668,0.805034
5669,0.798646
5670,0.854204
5671,0.861518
5672,0.838888
5673,0.865390
5674,0.858281
5675,0.870457
5676,0.842597
5677,0.825389
5678,0.857501
5679,0.814553
5680,0.886739
5681,0.799754
5682,0.828856
5683,0.857528
5684,0.872700
5685,0.861668
5686,0.843750
5687,0.918484
5688,0.884393
5689,0.777233
5690,0.855442
5691,0.878528
5692,0.845865
5693,0.858038
5694,0.901996
5695,0.885790
5696,0.909128
5697,0.899005
5698,0.891657
5699,0.895934
5700,0.921636
5701,0.832360
5702,0.876434
5703,0.804655
5704,0.862928
5705,0.882151
5706,0.862271
5707,0.829907
5708,0.863598
5709,0.880629
5710,0.877367
5711,0.838765
5712,0.866259
5713,0.843932
5714,0.821640
5715,0.868107
5716,0.929375
5717,0.869024
5718,0.882368
5719,0.891199
5720,0.827232
5721,0.867915
5722,0.907064
5723,0.829451
5724,0.848293
5725,0.844666
5726,0.832800
5727,0.920300
5728,0.843596
5729,0.847179
5730,0.882784
5731,0.889051
5732,0.881228
5733,0.929377
5734,0.851134
5735,0.871533
5736,0.888145
5737,0.844206
5738,0.843884
5739,0.935716
5740,0.854981
5741,0.867077
5742,0.914994
5743,0.881758
5744,0.862255
5745,0.858570
5746,0.843024
5747,0.880909
5748,0.798480
5749,0.865935
5750,0.837365
5751,0.843041
5752,0.854312
5753,0.837079
5754,0.861342
5755,0.884451
5756,0.828889
5757,0.852967
5758,0.852107
5759,0.829610
5760,0.876540
5761,0.888904
5762,0.876916
5763,0.811532
5764,0.911675
5765,0.869912
5766,0.816256
5767,0.799092
5768,0.835818
5769,0.867572
5770,0.854059
5771,0.796348
5772,0.870472
5773,0.821160
5774,0.841421
5775,0.838658
5776,0.822207
5777,0.887835
5778,0.877808
5779,0.878892
5780,0.826178
5781,0.816940
5782,0.898586
5783,0.835134
5784,0.816264
5785,0.822659
5786,0.829983
5787,0.857499
5788,0.877434
5789,0.865324
5790,0.856944
5791,0.860060
5792,0.849582
5793,0.842894
5794,0.835780
5795,0.851392
5796,0.796529
5797,0.843083
5798,0.808570
5799,0.886595
5800,0.837529
5801,0.858080
5802,0.922268
5803,0.891903
5804,0.894393
5805,0.858649
5806,0.860706
5807,0.819862
5808,0.868078
5809,0.825637
5810,0.841852
5811,0.848427
5812,0.901616
5813,0.826287
5814,0.870597
5815,0.854750
5816,0.841951
5817,0.818915
5818,0.869108
5819,0.867774
5820,0.871587
5821,0.914881
5822,0.853819
5823,0.866694
5824,0.931145
5825,0.878978
5826,0.840855
5827,0.798965
5828,0.891634
5829,0.871618
5830,0.825670
5831,0.809029
5832,0.874599
5833,0.868104
5834,0.831692
5835,0.850474
5836,0.834056
5837,0.890270
5838,0.878539
5839,0.878362
5840,0.887679
5841,0.864377
5842,0.902435
5843,0.856946
5844,0.825029
5845,0.876277
5846,0.908647
5847,0.871061
5848,0.850594
5849,0.854092
5850,0.861675
5851,0.862221
5852,0.865999
5853,0.856980
5854,0.851160
5855,0.875536
5856,0.861095
5857,0.915028
5858,0.853532
5859,0.899489
5860,0.840907
5861,0.896314
5862,0.855558
5863,0.865387
5864,0.891938
5865,0.888875
5866,0.873464
5867,0.848569
5868,0.886091
5869,0.825641
5870,0.879235
5871,0.840533
5872,0.867724
5873,0.908207
5874,0.840177
5875,0.906159
5876,0.894543
5877,0.843949
5878,0.875455
5879,0.866956
5880,0.929072
5881,0.858483
5882,0.842660
5883,0.905431
5884,0.812965
5885,0.831691
5886,0.846359
5887,0.817141
5888,0.856091
5889,0.893414
5890,0.886803
5891,0.849391
5892,0.815020
5893,0.864256
5894,0.814475
5895,0.876534
5896,0.880688
5897,0.861205
5898,0.806593
5899,0.881581
5900,0.875817
5901,0.879903
5902,0.846760
5903,0.866828
5904,0.790811
5905,0.913535
5906,0.782095
5907,0.884281
5908,0.837787
5909,0.955814
5910,0.897611
5911,0.844372
5912,0.873934
5913,0.839872
5914,0.806766
5915,0.874025
5916,0.875339
5917,0.845776
5918,0.853878
5919,0.844808
5920,0.873672
5921,0.848553
5922,0.860342
5923,0.864388
5924,0.878563
5925,0.842538
5926,0.866697
5927,0.907654
5928,0.864576
5929,0.862083
5930,0.868393
5931,0.896152
5932,0.861431
5933,0.877037
5934,0.847353
5935,0.837389
5936,0.806298
5937,0.874938
5938,0.854099
5939,0.810047
5940,0.860569
5941,0.842049
5942,0.812949
5943,0.845360
5944,0.872430
5945,0.833360
5946,0.826844
5947,0.889988
5948,0.869520
5949,0.886108
5950,0.789585
5951,0.893352
5952,0.862141
5953,0.829036
5954,0.874506
5955,0.912374
5956,0.921098
5957,0.877892
5958,0.837640
5959,0.800704
5960,0.819246
5961,0.856580
5962,0.824494
5963,0.855204
5964,0.863367
5965,0.848768
5966,0.884739
5967,0.883006
5968,0.874928
5969,0.860613
5970,0.853468
5971,0.863675
5972,0.860020
5973,0.851436
5974,0.848965
5975,0.850954
5976,0.855261
5977,0.839818
5978,0.807383
5979,0.827788
5980,0.885969
5981,0.912276
5982,0.853051
5983,0.820337
5984,0.949104
5985,0.888138
5986,0.852357
5987,0.839997
5988,0.851790
5989,0.849940
5990,0.872101
5991,0.856813
5992,0.868938
5993,0.823036
5994,0.899312
5995,0.835020
5996,0.798451
5997,0.856823
5998,0.857259
5999,0.851018
6000,0.872464
6001,0.886047
6002,0.855323
6003,0.799037
6004,0.831774
6005,0.875364
6006,0.856657
6007,0.932137
6008,0.811717
6009,0.847062
6010,0.885938
6011,0.845414
6012,0.817694
6013,0.835439
6014,0.881378
6015,0.862098
6016,0.882119
6017,0.849519
6018,0.846622
6019,0.841492
6020,0.851536
6021,0.826162
6022,0.875584
6023,0.827343
6024,0.898216
6025,0.892637
6026,0.866090
6027,0.889062
6028,0.814749
6029,0.865980
6030,0.772951
6031,0.865759
6032,0.855193
6033,0.848751
6034,0.808032
6035,0.851932
6036,0.801814
6037,0.819279
6038,0.823866
6039,0.770494
6040,0.817473
6041,0.895215
6042,0.822512
6043,0.879423
6044,0.813922
6045,0.816610
6046,0.845564
6047,0.857166
6048,0.879211
6049,0.852747
6050,0.822421
6051,0.832532
6052,0.845853
6053,0.867720
6054,0.836418
6055,0.821499
6056,0.867142
6057,0.854435
6058,0.823627
6059,0.858069
6060,0.869674
6061,0.866618
6062,0.845526
6063,0.841953
6064,0.813979
6065,0.863705
6066,0.853845
6067,0.890630
6068,0.792192
6069,0.887154
6070,0.832290
6071,0.846134
6072,0.838660
6073,0.873075
6074,0.857351
6075,0.876192
6076,0.898979
6077,0.802673
6078,0.809848
6079,0.817354
6080,0.811456
6081,0.829914
6082,0.851580
6083,0.842867
6084,0.825760
6085,0.877622
6086,0.865407
6087,0.824072
6088,0.866386
6089,0.819128
6090,0.835433
6091,0.842805
6092,0.837397
6093,0.893444
6094,0.852912
6095,0.854755
6096,0.810167
6097,0.884770
6098,0.901974
6099,0.832539
6100,0.814768
6101,0.856170
6102,0.828955
6103,0.854863
6104,0.824980
6105,0.831285
6106,0.816857
6107,0.855142
6108,0.876353
6109,0.822870
6110,0.809473
6111,0.840139
6112,0.900818
6113,0.843569
6114,0.888249
6115,0.848217
6116,0.865151
6117,0.861474
6118,0.830461
6119,0.858239
6120,0.819143
6121,0.810407
6122,0.823160
6123,0.875795
6124,0.833786
6125,0.825216
6126,0.888149
6127,0.842321
6128,0.848632
6129,0.824249
6130,0.813444
6131,0.840707
6132,0.873014
6133,0.896063
6134,0.838588
6135,0.824237
6136,0.843191
6137,0.854501
6138,0.824945
6139,0.797288
6140,0.861326
6141,0.831502
6142,0.836560
6143,0.935224
6144,0.887991
6145,0.913264
6146,0.874754
6147,0.853028
6148,0.889802
6149,0.832810
6150,0.815816
6151,0.895851
6152,0.800477
6153,0.834542
6154,0.865109
6155,0.811192
6156,0.828430
6157,0.877702
6158,0.828931
6159,0.891860
6160,0.824903
6161,0.869255
6162,0.865782
6163,0.819424
6164,0.881041
6165,0.850745
6166,0.890975
6167,0.833633
6168,0.854556
6169,0.814649
6170,0.848346
6171,0.890773
6172,0.845254
6173,0.866029
6174,0.869227
6175,0.881177
6176,0.847142
6177,0.814508
6178,0.845709
6179,0.834753
6180,0.880225
6181,0.838762
6182,0.808853
6183,0.842300
6184,0.853690
6185,0.845297
6186,0.796002
6187,0.863571
6188,0.824173
6189,0.843164
6190,0.821835
6191,0.782687
6192,0.832489
6193,0.856079
6194,0.864959
6195,0.838132
6196,0.820659
6197,0.869590
6198,0.889918
6199,0.890252
6200,0.885932
6201,0.852131
6202,0.902538
6203,0.833956
6204,0.859363
6205,0.909502
6206,0.878837
6207,0.858590
6208,0.823996
6209,0.840838
6210,0.822591
6211,0.897177
6212,0.850198
6213,0.814173
6214,0.860663
6215,0.872146
6216,0.844970
6217,0.849524
6218,0.837506
6219,0.876378
6220,0.801331
6221,0.905682
6222,0.918310
6223,0.895713
6224,0.870306
6225,0.828965
6226,0.868745
6227,0.878294
6228,0.873201
6229,0.857560
6230,0.829863
6231,0.814253
6232,0.873342
6233,0.870329
6234,0.846239
6235,0.797822
6236,0.883675
6237,0.790291
6238,0.866156
6239,0.808097
6240,0.811809
6241,0.882450
6242,0.830281
6243,0.828283
6244,0.787679
6245,0.823984
6246,0.851634
6247,0.838019
6248,0.861781
6249,0.877303
6250,0.898342
6251,0.790727
6252,0.871022
6253,0.924925
6254,0.897783
6255,0.910101
6256,0.811397
6257,0.863980
6258,0.857408
6259,0.855069
6260,0.876530
6261,0.850603
6262,0.835296
6263,0.865794
6264,0.834286
6265,0.891435
6266,0.833823
6267,0.875628
6268,0.932353
6269,0.813567
6270,0.911001
6271,0.876839
6272,0.862026
6273,0.834633
6274,0.865086
6275,0.890107
6276,0.882029
6277,0.912854
6278,0.837963
6279,0.833827
6280,0.831633
6281,0.864636
6282,0.809452
6283,0.849793
6284,0.839478
6285,0.838722
6286,0.816292
6287,0.814791
6288,0.852148
6289,0.900681
6290,0.818426
6291,0.820118
6292,0.829357
6293,0.800842
6294,0.827135
6295,0.829501
6296,0.877710
6297,0.862961
6298,0.854667
6299,0.842605
6300,0.843997
6301,0.863223
6302,0.829253
6303,0.863684
6304,0.788183
6305,0.794306
6306,0.876191
6307,0.816253
6308,0.821090
6309,0.871225
6310,0.833311
6311,0.874011
6312,0.857528
6313,0.889173
6314,0.852178
6315,0.830183
6316,0.875196
6317,0.858845
6318,0.864126
6319,0.876837
6320,0.881628
6321,0.856017
6322,0.798480
6323,0.841232
6324,0.845087
6325,0.860601
6326,0.871723
6327,0.891135
6328,0.819499
6329,0.869754
6330,0.816647
6331,0.892832
6332,0.834611
6333,0.809421
6334,0.838243
6335,0.848866
6336,0.830446
6337,0.827449
6338,0.803132
6339,0.822749
6340,0.843987
6341,0.901497
6342,0.845870
6343,0.816952
6344,0.843499
6345,0.817923
6346,0.821886
6347,0.828135
6348,0.826329
6349,0.794267
6350,0.878187
6351,0.831709
6352,0.840374
6353,0.853350
6354,0.810827
6355,0.861303
6356,0.869662
6357,0.819908
6358,0.834547
6359,0.868600
6360,0.861895
6361,0.785280
6362,0.849037
6363,0.825731
6364,0.786102
6365,0.879162
6366,0.810425
6367,0.843266
6368,0.835465
6369,0.832103
6370,0.865589
6371,0.871342
6372,0.847777
6373,0.827100
6374,0.862475
6375,0.899459
6376,0.820247
6377,0.809593
6378,0.871533
6379,0.824596
6380,0.816322
6381,0.796045
6382,0.861338
6383,0.854446
6384,0.915107
6385,0.866790
6386,0.880071
6387,0.863093
6388,0.859480
6389,0.815129
6390,0.798180
6391,0.800360
6392,0.871656
6393,0.810957
6394,0.891326
6395,0.845243
6396,0.819676
6397,0.890725
6398,0.855152
6399,0.853211
6400,0.885068
6401,0.843449
6402,0.857469
6403,0.869092
6404,0.832490
6405,0.807226
6406,0.849554
6407,0.849960
6408,0.867889
6409,0.839372
6410,0.818355
6411,0.859606
6412,0.845987
6413,0.831988
6414,0.863268
6415,0.847354
6416,0.815119
6417,0.852525
6418,0.867863
6419,0.863146
6420,0.896085
6421,0.888484
6422,0.845367
6423,0.883705
6424,0.873810
6425,0.888728
6426,0.837363
6427,0.878852
6428,0.798401
6429,0.772920
6430,0.875237
6431,0.932016
6432,0.857983
6433,0.831009
6434,0.910216
6435,0.830173
6436,0.792795
6437,0.847679
6438,0.877192
6439,0.835073
6440,0.825246
6441,0.840435
6442,0.832764
6443,0.864683
6444,0.917830
6445,0.896838
6446,0.850228
6447,0.921602
6448,0.869953
6449,0.886459
6450,0.869313
6451,0.858971
6452,0.859930
6453,0.840603
6454,0.831768
6455,0.873912
6456,0.845480
6457,0.855917
6458,0.869756
6459,0.868993
6460,0.794929
6461,0.871030
6462,0.857371
6463,0.861193
6464,0.869850
6465,0.830155
6466,0.825495
6467,0.905326
6468,0.803807
6469,0.861434
6470,0.822987
6471,0.829786
6472,0.839904
6473,0.840952
6474,0.854690
6475,0.823681
6476,0.827234
6477,0.828322
6478,0.771918
6479,0.862820
6480,0.902744
6481,0.839142
6482,0.820580
6483,0.853323
6484,0.837809
6485,0.873551
6486,0.834258
6487,0.837658
6488,0.829781
6489,0.874481
6490,0.867350
6491,0.888534
6492,0.829232
6493,0.858469
6494,0.839021
6495,0.830412
6496,0.822831
6497,0.837340
6498,0.875971
6499,0.829195
6500,0.883465
6501,0.865243
6502,0.865052
6503,0.820506
6504,0.848615
6505,0.856126
6506,0.825697
6507,0.834787
6508,0.857331
6509,0.849837
6510,0.877291
6511,0.874690
6512,0.870549
6513,0.876768
6514,0.800882
6515,0.878514
6516,0.897521
6517,0.864398
6518,0.892525
6519,0.875300
6520,0.817935
6521,0.890795
6522,0.835211
6523,0.865885
6524,0.857826
6525,0.835977
6526,0.891156
6527,0.856480
6528,0.854811
6529,0.866589
6530,0.868717
6531,0.797373
6532,0.858027
6533,0.840967
6534,0.854843
6535,0.859666
6536,0.861726
6537,0.814031
6538,0.872541
6539,0.848469
6540,0.865632
6541,0.868786
6542,0.879713
6543,0.801614
6544,0.796181
6545,0.852955
6546,0.825432
6547,0.858321
6548,0.866686
6549,0.840985
6550,0.835836
6551,0.835114
6552,0.835965
6553,0.836175
6554,0.836843
6555,0.796475
6556,0.816283
6557,0.862605
6558,0.821803
6559,0.830414
6560,0.849245
6561,0.796822
6562,0.912532
6563,0.845093
6564,0.867594
6565,0.868799
6566,0.828767
6567,0.845331
6568,0.830377
6569,0.827927
6570,0.822727
6571,0.811737
6572,0.842714
6573,0.808876
6574,0.826092
6575,0.870649
6576,0.857131
6577,0.861599
6578,0.906164
6579,0.837721
6580,0.845962
6581,0.798615
6582,0.849227
6583,0.870914
6584,0.911597
6585,0.845008
6586,0.844518
6587,0.854406
6588,0.856611
6589,0.923552
6590,0.865388
6591,0.794605
6592,0.846657
6593,0.798831
6594,0.851038
6595,0.815205
6596,0.812390
6597,0.840190
6598,0.824561
6599,0.842641
6600,0.888738
6601,0.878200
6602,0.845285
6603,0.869115
6604,0.860284
6605,0.839079
6606,0.864822
6607,0.846714
6608,0.827602
6609,0.912856
6610,0.861333
6611,0.858510
6612,0.837244
6613,0.852637
6614,0.856433
6615,0.806284
6616,0.843985
6617,0.857243
6618,0.853345
6619,0.860438
6620,0.858820
6621,0.815987
6622,0.861371
6623,0.883391
6624,0.834997
6625,0.894916
6626,0.785222
6627,0.856796
6628,0.825352
6629,0.892824
6630,0.802424
6631,0.871984
6632,0.877407
6633,0.829605
6634,0.856431
6635,0.834666
6636,0.817544
6637,0.851213
6638,0.856413
6639,0.848299
6640,0.856551
6641,0.859722
6642,0.875023
6643,0.831993
6644,0.848739
6645,0.869310
6646,0.818172
6647,0.840757
6648,0.864781
6649,0.822480
6650,0.842088
6651,0.872088
6652,0.784045
6653,0.829621
6654,0.868429
6655,0.843774
6656,0.787938
6657,0.852029
6658,0.870886
6659,0.832355
6660,0.807346
6661,0.798128
6662,0.806964
6663,0.830956
6664,0.879549
6665,0.873073
6666,0.827383
6667,0.844797
6668,0.826678
6669,0.834232
6670,0.857539
6671,0.850983
6672,0.811587
6673,0.846306
6674,0.904344
6675,0.827289
6676,0.845942
6677,0.857316
6678,0.841458
6679,0.854278
6680,0.793211
6681,0.813991
6682,0.826115
6683,0.864246
6684,0.833473
6685,0.903969
6686,0.851739
6687,0.802602
6688,0.809140
6689,0.882378
6690,0.853676
6691,0.878939
6692,0.828808
6693,0.853893
6694,0.816645
6695,0.797616
6696,0.880548
6697,0.866555
6698,0.770725
6699,0.834869
6700,0.802965
6701,0.830308
6702,0.857148
6703,0.834947
6704,0.858652
6705,0.818950
6706,0.821382
6707,0.837886
6708,0.843000
6709,0.854676
6710,0.844382
6711,0.882494
6712,0.849412
6713,0.849910
6714,0.828859
6715,0.839822
6716,0.888636
6717,0.838965
6718,0.836188
6719,0.870962
6720,0.841858
6721,0.845033
6722,0.817157
6723,0.873563
6724,0.902083
6725,0.852006
6726,0.878290
6727,0.790542
6728,0.834440
6729,0.867345
6730,0.841304
6731,0.811668
6732,0.810324
6733,0.845525
6734,0.870984
6735,0.825705
6736,0.788274
6737,0.870730
6738,0.838526
6739,0.860618
6740,0.817343
6741,0.813755
6742,0.851666
6743,0.877172
6744,0.846512
6745,0.821523
6746,0.881548
6747,0.815889
6748,0.876292
6749,0.901605
6750,0.790736
6751,0.832940
6752,0.829034
6753,0.791737
6754,0.833177
6755,0.834133
6756,0.837993
6757,0.892531
6758,0.848413
6759,0.788916
6760,0.877932
6761,0.856971
6762,0.852564
6763,0.889771
6764,0.865240
6765,0.821226
6766,0.860908
6767,0.869356
6768,0.864193
6769,0.846656
6770,0.845609
6771,0.895226
6772,0.894596
6773,0.830052
6774,0.813421
6775,0.852197
6776,0.833123
6777,0.872577
6778,0.845398
6779,0.820398
6780,0.785177
6781,0.840720
6782,0.798747
6783,0.848669
6784,0.795461
6785,0.875731
6786,0.882630
6787,0.850032
6788,0.795802
6789,0.815987
6790,0.856222
6791,0.818350
6792,0.868936
6793,0.888981
6794,0.884381
6795,0.789598
6796,0.843837
6797,0.842960
6798,0.859318
6799,0.825880
6800,0.908040
6801,0.818757
6802,0.878934
6803,0.846474
6804,0.893245
6805,0.884681
6806,0.864332
6807,0.844263
6808,0.824925
6809,0.854136
6810,0.856894
6811,0.861719
6812,0.796419
6813,0.849039
6814,0.867368
6815,0.814949
6816,0.783138
6817,0.829397
6818,0.904187
6819,0.820117
6820,0.856548
6821,0.888030
6822,0.802244
6823,0.845417
6824,0.890572
6825,0.830326
6826,0.864450
6827,0.888881
6828,0.788224
6829,0.863493
6830,0.894033
6831,0.851844
6832,0.818746
6833,0.846754
6834,0.836749
6835,0.834763
6836,0.858370
6837,0.892047
6838,0.857493
6839,0.839396
6840,0.886353
6841,0.895710
6842,0.820755
6843,0.814986
6844,0.851121
6845,0.812293
6846,0.855869
6847,0.865310
6848,0.831866
6849,0.830210
6850,0.809223
6851,0.844884
6852,0.828866
6853,0.891729
6854,0.852118
6855,0.865292
6856,0.860687
6857,0.845130
6858,0.840784
6859,0.811660
6860,0.866307
6861,0.815776
6862,0.826383
6863,0.873354
6864,0.849407
6865,0.841036
6866,0.859772
6867,0.907566
6868,0.834632
6869,0.799180
6870,0.834409
6871,0.804737
6872,0.846988
6873,0.838483
6874,0.881236
6875,0.892938
6876,0.823054
6877,0.813503
6878,0.815378
6879,0.833624
6880,0.830257
6881,0.844468
6882,0.819674
6883,0.866268
6884,0.829971
6885,0.873511
6886,0.847988
6887,0.817781
6888,0.855990
6889,0.871632
6890,0.847227
6891,0.890060
6892,0.810580
6893,0.868119
6894,0.854470
6895,0.825506
6896,0.854530
6897,0.849688
6898,0.854321
6899,0.848544
6900,0.856789
6901,0.836078
6902,0.815380
6903,0.850930
6904,0.842413
6905,0.835164
6906,0.899645
6907,0.816886
6908,0.850210
6909,0.825153
6910,0.791147
6911,0.861278
6912,0.836973
6913,0.832400
6914,0.839547
6915,0.859358
6916,0.886526
6917,0.841205
6918,0.834394
6919,0.825675
6920,0.799240
6921,0.821413
6922,0.839554
6923,0.852884
6924,0.855444
6925,0.850496
6926,0.856603
6927,0.849900
6928,0.814576
6929,0.849384
6930,0.837076
6931,0.826663
6932,0.872060
6933,0.864654
6934,0.867766
6935,0.832944
6936,0.733980
6937,0.825344
6938,0.840118
6939,0.885888
6940,0.852413
6941,0.870701
6942,0.841975
6943,0.849190
6944,0.789533
6945,0.815341
6946,0.799128
6947,0.838843
6948,0.844034
6949,0.854362
6950,0.856241
6951,0.849000
6952,0.890825
6953,0.785231
6954,0.806858
6955,0.889214
6956,0.871104
6957,0.813211
6958,0.888943
6959,0.859696
6960,0.835900
6961,0.886742
6962,0.820281
6963,0.843516
6964,0.838992
6965,0.896824
6966,0.858373
6967,0.820631
6968,0.848736
6969,0.812185
6970,0.844456
6971,0.838010
6972,0.829110
6973,0.815812
6974,0.854070
6975,0.838933
6976,0.811466
6977,0.835976
6978,0.784459
6979,0.868730
6980,0.827959
6981,0.858239
6982,0.813805
6983,0.813002
6984,0.858962
6985,0.832068
6986,0.837030
6987,0.869109
6988,0.802615
6989,0.778150
6990,0.823464
6991,0.830710
6992,0.827733
6993,0.850026
6994,0.838181
6995,0.826481
6996,0.851411
6997,0.823202
6998,0.843621
6999,0.856069
7000,0.831291
7001,0.868088
7002,0.851379
7003,0.810946
7004,0.851270
7005,0.857619
7006,0.851942
7007,0.858280
7008,0.861794
7009,0.831280
7010,0.815869
7011,0.814637
7012,0.827302
7013,0.822760
7014,0.860619
7015,0.831997
7016,0.841460
7017,0.831784
7018,0.788765
7019,0.835454
7020,0.849040
7021,0.859211
7022,0.820837
7023,0.843665
7024,0.817597
7025,0.805131
7026,0.849266
7027,0.859260
7028,0.814458
7029,0.874991
7030,0.848960
7031,0.838090
7032,0.821622
7033,0.849751
7034,0.814988
7035,0.768184
7036,0.887626
7037,0.818368
7038,0.874917
7039,0.809503
7040,0.809395
7041,0.850358
7042,0.796578
7043,0.852723
7044,0.837746
7045,0.846077
7046,0.868815
7047,0.895478
7048,0.838187
7049,0.823721
7050,0.883653
7051,0.800460
7052,0.821396
7053,0.840252
7054,0.919428
7055,0.798586
7056,0.836908
7057,0.858465
7058,0.827817
7059,0.769207
7060,0.861584
7061,0.832723
7062,0.818552
7063,0.835435
7064,0.829670
7065,0.869379
7066,0.836238
7067,0.825158
7068,0.812202
7069,0.795326
7070,0.816498
7071,0.891860
7072,0.892163
7073,0.855433
7074,0.844814
7075,0.814170
7076,0.815721
7077,0.928036
7078,0.830047
7079,0.866874
7080,0.873538
7081,0.849724
7082,0.840598
7083,0.817545
7084,0.847752
7085,0.803838
7086,0.849910
7087,0.876414
7088,0.821338
7089,0.822484
7090,0.813671
7091,0.845473
7092,0.850583
7093,0.885085
7094,0.793568
7095,0.859824
7096,0.825188
7097,0.873574
7098,0.838301
7099,0.835265
7100,0.835125
7101,0.795289
7102,0.831701
7103,0.855700
7104,0.787917
7105,0.854982
7106,0.847698
7107,0.880903
7108,0.853602
7109,0.887797
7110,0.834878
7111,0.838131
7112,0.796065
7113,0.846675
7114,0.866490
7115,0.883638
7116,0.820595
7117,0.806621
7118,0.850796
7119,0.780591
7120,0.826388
7121,0.853171
7122,0.841392
7123,0.794452
7124,0.829225
7125,0.868685
7126,0.824204
7127,0.874866
7128,0.832456
7129,0.835376
7130,0.834325
7131,0.798959
7132,0.839827
7133,0.831541
7134,0.843383
7135,0.798364
7136,0.881462
7137,0.777915
7138,0.873741
7139,0.836262
7140,0.795586
7141,0.847610
7142,0.822038
7143,0.859177
7144,0.873769
7145,0.785855
7146,0.826698
7147,0.803882
7148,0.835737
7149,0.840083
7150,0.807462
7151,0.864279
7152,0.798625
7153,0.862010
7154,0.875500
7155,0.813556
7156,0.862113
7157,0.828099
7158,0.871926
7159,0.907814
7160,0.861545
7161,0.857407
7162,0.810189
7163,0.831609
7164,0.828463
7165,0.823703
7166,0.784017
7167,0.858351
7168,0.837858
7169,0.790867
7170,0.816063
7171,0.837485
7172,0.868281
7173,0.806995
7174,0.833720
7175,0.806920
7176,0.853449
7177,0.773356
7178,0.839135
7179,0.812097
7180,0.835819
7181,0.908623
7182,0.844700
7183,0.825709
7184,0.885188
7185,0.809601
7186,0.862433
7187,0.820890
7188,0.817483
7189,0.825381
7190,0.836920
7191,0.804259
7192,0.806576
7193,0.806358
7194,0.897600
7195,0.796145
7196,0.905762
7197,0.861635
7198,0.796100
7199,0.842119
7200,0.858006
7201,0.842193
7202,0.866836
7203,0.840430
7204,0.811935
7205,0.854055
7206,0.808273
7207,0.887462
7208,0.871493
7209,0.812346
7210,0.840670
7211,0.814589
7212,0.888010
7213,0.807691
7214,0.792111
7215,0.863587
7216,0.860102
7217,0.833157
7218,0.834422
7219,0.815165
7220,0.815231
7221,0.855197
7222,0.809025
7223,0.832855
7224,0.848746
7225,0.808793
7226,0.832897
7227,0.858560
7228,0.852285
7229,0.845853
7230,0.844539
7231,0.816059
7232,0.828270
7233,0.821300
7234,0.859043
7235,0.796888
7236,0.860866
7237,0.866851
7238,0.804311
7239,0.807620
7240,0.799029
7241,0.799825
7242,0.866964
7243,0.836061
7244,0.835683
7245,0.834192
7246,0.865661
7247,0.791529
7248,0.825480
7249,0.850020
7250,0.859655
7251,0.825978
7252,0.828088
7253,0.866039
7254,0.795104
7255,0.876248
7256,0.820814
7257,0.762787
7258,0.895383
7259,0.785102
7260,0.806515
7261,0.846268
7262,0.819489
7263,0.838626
7264,0.791146
7265,0.852155
7266,0.872196
7267,0.801157
7268,0.871406
7269,0.788639
7270,0.878726
7271,0.777378
7272,0.815779
7273,0.858264
7274,0.859539
7275,0.861296
7276,0.798902
7277,0.796563
7278,0.865769
7279,0.806327
7280,0.817801
7281,0.813051
7282,0.835417
7283,0.825226
7284,0.834474
7285,0.794174
7286,0.844562
7287,0.858746
7288,0.834804
7289,0.861447
7290,0.862376
7291,0.850217
7292,0.792470
7293,0.813524
7294,0.861305
7295,0.837846
7296,0.848986
7297,0.784027
7298,0.832322
7299,0.846997
7300,0.871465
7301,0.822625
7302,0.794685
7303,0.811854
7304,0.879028
7305,0.848985
7306,0.816934
7307,0.928205
7308,0.849592
7309,0.812009
7310,0.815987
7311,0.803863
7312,0.833152
7313,0.851812
7314,0.950624
7315,0.868160
7316,0.857100
7317,0.819425
7318,0.890126
7319,0.850607
7320,0.792894
7321,0.896213
7322,0.826328
7323,0.843750
7324,0.848034
7325,0.797093
7326,0.852510
7327,0.875376
7328,0.837407
7329,0.810414
7330,0.825322
7331,0.839169
7332,0.814400
7333,0.853794
7334,0.875566
7335,0.814041
7336,0.841728
7337,0.858750
7338,0.777670
7339,0.834548
7340,0.860835
7341,0.785335
7342,0.857092
7343,0.830282
7344,0.824010
7345,0.824129
7346,0.821377
7347,0.800001
7348,0.864687
7349,0.879771
7350,0.833757
7351,0.849349
7352,0.816759
7353,0.856986
7354,0.867508
7355,0.821182
7356,0.804507
7357,0.830625
7358,0.864581
7359,0.825324
7360,0.805426
7361,0.834851
7362,0.829650
7363,0.851008
7364,0.801473
7365,0.828083
7366,0.816588
7367,0.854068
7368,0.842878
7369,0.822193
7370,0.803317
7371,0.798580
7372,0.825155
7373,0.842868
7374,0.789260
7375,0.820347
7376,0.831686
7377,0.803131
7378,0.787020
7379,0.833754
7380,0.882099
7381,0.864268
7382,0.821532
7383,0.823347
7384,0.866221
7385,0.829828
7386,0.865662
7387,0.854186
7388,0.851107
7389,0.909753
7390,0.827830
7391,0.819696
7392,0.838016
7393,0.803113
7394,0.833335
7395,0.821765
7396,0.843414
7397,0.869188
7398,0.821016
7399,0.843889
7400,0.812369
7401,0.796565
7402,0.878295
7403,0.823457
7404,0.834661
7405,0.850915
7406,0.803772
7407,0.849024
7408,0.808339
7409,0.855850
7410,0.846592
7411,0.854517
7412,0.794723
7413,0.861714
7414,0.807577
7415,0.858835
7416,0.828665
7417,0.853681
7418,0.808838
7419,0.836364
7420,0.801868
7421,0.845334
7422,0.808947
7423,0.827367
7424,0.866564
7425,0.850169
7426,0.819574
7427,0.837928
7428,0.795452
7429,0.850683
7430,0.829542
7431,0.817387
7432,0.857865
7433,0.813791
7434,0.829145
7435,0.799655
7436,0.855746
7437,0.854416
7438,0.825912
7439,0.809256
7440,0.869637
7441,0.813437
7442,0.839893
7443,0.791722
7444,0.828185
7445,0.796257
7446,0.815014
7447,0.786772
7448,0.830283
7449,0.806386
7450,0.804616
7451,0.816004
7452,0.867483
7453,0.820911
7454,0.834881
7455,0.871521
7456,0.840259
7457,0.889375
7458,0.789507
7459,0.816104
7460,0.859991
7461,0.771205
7462,0.821526
7463,0.848757
7464,0.902188
7465,0.777117
7466,0.819198
7467,0.797005
7468,0.835775
7469,0.841038
7470,0.822338
7471,0.850561
7472,0.812468
7473,0.860017
7474,0.899094
7475,0.877903
7476,0.823030
7477,0.838380
7478,0.839425
7479,0.816709
7480,0.834851
7481,0.868555
7482,0.784829
7483,0.814292
7484,0.797052
7485,0.796105
7486,0.813469
7487,0.851232
7488,0.785455
7489,0.807840
7490,0.872393
7491,0.836507
7492,0.830673
7493,0.806094
7494,0.798363
7495,0.836926
7496,0.812459
7497,0.783204
7498,0.793703
7499,0.805453
7500,0.842366
7501,0.818254
7502,0.785288
7503,0.846911
7504,0.821129
7505,0.811880
7506,0.837840
7507,0.847277
7508,0.846257
7509,0.828232
7510,0.792976
7511,0.841646
7512,0.845018
7513,0.877903
7514,0.863973
7515,0.779621
7516,0.809224
7517,0.771547
7518,0.822144
7519,0.855266
7520,0.862779
7521,0.839010
7522,0.842928
7523,0.834082
7524,0.839998
7525,0.805423
7526,0.805138
7527,0.848974
7528,0.835080
7529,0.882116
7530,0.859224
7531,0.836960
7532,0.857713
7533,0.826497
7534,0.855492
7535,0.843189
7536,0.800192
7537,0.802383
7538,0.803097
7539,0.792191
7540,0.844029
7541,0.799092
7542,0.836967
7543,0.845334
7544,0.810347
7545,0.832188
7546,0.788749
7547,0.799911
7548,0.840934
7549,0.875550
7550,0.787836
7551,0.863550
7552,0.864304
7553,0.928113
7554,0.853928
7555,0.823958
7556,0.852800
7557,0.777322
7558,0.815488
7559,0.786057
7560,0.853570
7561,0.788161
7562,0.779533
7563,0.834312
7564,0.857191
7565,0.862275
7566,0.875920
7567,0.876631
7568,0.846729
7569,0.850564
7570,0.835091
7571,0.842940
7572,0.829778
7573,0.798431
7574,0.823193
7575,0.811194
7576,0.854463
7577,0.808656
7578,0.780624
7579,0.842858
7580,0.816287
7581,0.834972
7582,0.857265
7583,0.883222
7584,0.825675
7585,0.803259
7586,0.827388
7587,0.839566
7588,0.889137
7589,0.857276
7590,0.846650
7591,0.816873
7592,0.842308
7593,0.864841
7594,0.833923
7595,0.778912
7596,0.845476
7597,0.835180
7598,0.798097
7599,0.777472
7600,0.808270
7601,0.838090
7602,0.882299
7603,0.824474
7604,0.843117
7605,0.864483
7606,0.794953
7607,0.766203
7608,0.860399
7609,0.840270
7610,0.874132
7611,0.822996
7612,0.862698
7613,0.825926
7614,0.844741
7615,0.853697
7616,0.864771
7617,0.959305
7618,0.783874
7619,0.796082
7620,0.874141
7621,0.825716
7622,0.847092
7623,0.805747
7624,0.894618
7625,0.852846
7626,0.777597
7627,0.856896
7628,0.838896
7629,0.790941
7630,0.881352
7631,0.798283
7632,0.774389
7633,0.873525
7634,0.840468
7635,0.802485
7636,0.783121
7637,0.849062
7638,0.819060
7639,0.860238
7640,0.838716
7641,0.823332
7642,0.820672
7643,0.837515
7644,0.833920
7645,0.790116
7646,0.827968
7647,0.809963
7648,0.803980
7649,0.833996
7650,0.785189
7651,0.800606
7652,0.824198
7653,0.785511
7654,0.801933
7655,0.863485
7656,0.857461
7657,0.853885
7658,0.835127
7659,0.877815
7660,0.799538
7661,0.821033
7662,0.846949
7663,0.843084
7664,0.884510
7665,0.818361
7666,0.834628
7667,0.807080
7668,0.781499
7669,0.832526
7670,0.822213
7671,0.882812
7672,0.774594
7673,0.857215
7674,0.734001
7675,0.883356
7676,0.828821
7677,0.820909
7678,0.829764
7679,0.854075
7680,0.802322
7681,0.838732
7682,0.817018
7683,0.796884
7684,0.803875
7685,0.810837
7686,0.837475
7687,0.824573
7688,0.812279
7689,0.843556
7690,0.879603
7691,0.800165
7692,0.857127
7693,0.783647
7694,0.791041
7695,0.838072
7696,0.861090
7697,0.883146
7698,0.844054
7699,0.853192
7700,0.840456
7701,0.824773
7702,0.886333
7703,0.803335
7704,0.778836
7705,0.915840
7706,0.894718
7707,0.796237
7708,0.815538
7709,0.818284
7710,0.800497
7711,0.822114
7712,0.844942
7713,0.878015
7714,0.814253
7715,0.840414
7716,0.811955
7717,0.824914
7718,0.821168
7719,0.830303
7720,0.846144
7721,0.791957
7722,0.833318
7723,0.837016
7724,0.806544
7725,0.877260
7726,0.869056
7727,0.846513
7728,0.815317
7729,0.871142
7730,0.837308
7731,0.834533
7732,0.825696
7733,0.804923
7734,0.888763
7735,0.837117
7736,0.797706
7737,0.819155
7738,0.896371
7739,0.794134
7740,0.788284
7741,0.806926
7742,0.804436
7743,0.816023
7744,0.820694
7745,0.847131
7746,0.817379
7747,0.840744
7748,0.851319
7749,0.770348
7750,0.851443
7751,0.823665
7752,0.801631
7753,0.833992
7754,0.858638
7755,0.799729
7756,0.804612
7757,0.813222
7758,0.838577
7759,0.823146
7760,0.806912
7761,0.823036
7762,0.825992
7763,0.875670
7764,0.844873
7765,0.856364
7766,0.822202
7767,0.905722
7768,0.833917
7769,0.771230
7770,0.797054
7771,0.784730
7772,0.815171
7773,0.854967
7774,0.788971
7775,0.834236
7776,0.864679
7777,0.835862
7778,0.810142
7779,0.814364
7780,0.787699
7781,0.888947
7782,0.872591
7783,0.829984
7784,0.820071
7785,0.867284
7786,0.838682
7787,0.864707
7788,0.793718
7789,0.838854
7790,0.881932
7791,0.783742
7792,0.842430
7793,0.852531
7794,0.870221
7795,0.878840
7796,0.886951
7797,0.848435
7798,0.846751
7799,0.823049
7800,0.803857
7801,0.822482
7802,0.824136
7803,0.810777
7804,0.829426
7805,0.754033
7806,0.754058
7807,0.822873
7808,0.808576
7809,0.873101
7810,0.856517
7811,0.852475
7812,0.852734
7813,0.805433
7814,0.846790
7815,0.874704
7816,0.882298
7817,0.832663
7818,0.775558
7819,0.814911
7820,0.840740
7821,0.808759
7822,0.796496
7823,0.824747
7824,0.816057
7825,0.887369
7826,0.835313
7827,0.835443
7828,0.827361
7829,0.842402
7830,0.826925
7831,0.837863
7832,0.828310
7833,0.836082
7834,0.777673
7835,0.823993
7836,0.782560
7837,0.827036
7838,0.817380
7839,0.822975
7840,0.853338
7841,0.800714
7842,0.881384
7843,0.762414
7844,0.809927
7845,0.808621
7846,0.808713
7847,0.842759
7848,0.860676
7849,0.880108
7850,0.856609
7851,0.774544
7852,0.837813
7853,0.814225
7854,0.891726
7855,0.843718
7856,0.787054
7857,0.784232
7858,0.825743
7859,0.864949
7860,0.821787
7861,0.874645
7862,0.828587
7863,0.817643
7864,0.776966
7865,0.792428
7866,0.770487
7867,0.850334
7868,0.803965
7869,0.823328
7870,0.894082
7871,0.868729
7872,0.838030
7873,0.908222
7874,0.809940
7875,0.838336
7876,0.851089
7877,0.841347
7878,0.825009
7879,0.811586
7880,0.796687
7881,0.867998
7882,0.836350
7883,0.838971
7884,0.827703
7885,0.846167
7886,0.797720
7887,0.808701
7888,0.832289
7889,0.806692
7890,0.776111
7891,0.845929
7892,0.824405
7893,0.856803
7894,0.811219
7895,0.809200
7896,0.830087
7897,0.859160
7898,0.869397
7899,0.828688
7900,0.817332
7901,0.853671
7902,0.876937
7903,0.823390
7904,0.791693
7905,0.784867
7906,0.839785
7907,0.812095
7908,0.828008
7909,0.824612
7910,0.856261
7911,0.844135
7912,0.882230
7913,0.851158
7914,0.813242
7915,0.809132
7916,0.815001
7917,0.801422
7918,0.800205
7919,0.845675
7920,0.816110
7921,0.861620
7922,0.779674
7923,0.826263
7924,0.785691
7925,0.910418
7926,0.800116
7927,0.805927
7928,0.848198
7929,0.796664
7930,0.827540
7931,0.839822
7932,0.813138
7933,0.842262
7934,0.802515
7935,0.824426
7936,0.837407
7937,0.804807
7938,0.861546
7939,0.788420
7940,0.831709
7941,0.800555
7942,0.816121
7943,0.815947
7944,0.817765
7945,0.818023
7946,0.827885
7947,0.865131
7948,0.846408
7949,0.807358
7950,0.820310
7951,0.823338
7952,0.838674
7953,0.822947
7954,0.885635
7955,0.863796
7956,0.836920
7957,0.787936
7958,0.805037
7959,0.800034
7960,0.856402
7961,0.838449
7962,0.813957
7963,0.768512
7964,0.855717
7965,0.842077
7966,0.808746
7967,0.830727
7968,0.848335
7969,0.849431
7970,0.853944
7971,0.837156
7972,0.817810
7973,0.822339
7974,0.859212
7975,0.843171
7976,0.772521
7977,0.794800
7978,0.810812
7979,0.873713
7980,0.801287
7981,0.822572
7982,0.822658
7983,0.804662
7984,0.767920
7985,0.805184
7986,0.779628
7987,0.822542
7988,0.842362
7989,0.840673
7990,0.860418
7991,0.869736
7992,0.872366
7993,0.847414
7994,0.808222
7995,0.806046
7996,0.821848
7997,0.837906
7998,0.852746
7999,0.849516
8000,0.822550
8001,0.828269
8002,0.841962
8003,0.818654
8004,0.810131
8005,0.819985
8006,0.868608
8007,0.797318
8008,0.863525
8009,0.799392
8010,0.827474
8011,0.807598
8012,0.800202
8013,0.797784
8014,0.874443
8015,0.827911
8016,0.816543
8017,0.821460
8018,0.801244
8019,0.869830
8020,0.808054
8021,0.849882
8022,0.802002
8023,0.802336
8024,0.853569
8025,0.791289
8026,0.822154
8027,0.824875
8028,0.859251
8029,0.785691
8030,0.836725
8031,0.818885
8032,0.797502
8033,0.812948
8034,0.787982
8035,0.818062
8036,0.800524
8037,0.821180
8038,0.827764
8039,0.786390
8040,0.804717
8041,0.837406
8042,0.812168
8043,0.773866
8044,0.841448
8045,0.851716
8046,0.794970
8047,0.810910
8048,0.823643
8049,0.809575
8050,0.852744
8051,0.823697
8052,0.846500
8053,0.800788
8054,0.837206
8055,0.800694
8056,0.922967
8057,0.822230
8058,0.821001
8059,0.809479
8060,0.871979
8061,0.831873
8062,0.837792
8063,0.843010
8064,0.799600
8065,0.861302
8066,0.775653
8067,0.851399
8068,0.854503
8069,0.830018
8070,0.795997
8071,0.773765
8072,0.834570
8073,0.855117
8074,0.864614
8075,0.843932
8076,0.810575
8077,0.841659
8078,0.825127
8079,0.832395
8080,0.829052
8081,0.794208
8082,0.814923
8083,0.821004
8084,0.818423
8085,0.802901
8086,0.851420
8087,0.794124
8088,0.839916
8089,0.842264
8090,0.816297
8091,0.776920
8092,0.842828
8093,0.826149
8094,0.865385
8095,0.782986
8096,0.846160
8097,0.878231
8098,0.800276
8099,0.816887
8100,0.816359
8101,0.785281
8102,0.849637
8103,0.840642
8104,0.857226
8105,0.830695
8106,0.821600
8107,0.782398
8108,0.808000
8109,0.814355
8110,0.845976
8111,0.824231
8112,0.796701
8113,0.800959
8114,0.816961
8115,0.805892
8116,0.791901
8117,0.764960
8118,0.849022
8119,0.819954
8120,0.784394
8121,0.784289
8122,0.838057
8123,0.885213
8124,0.801743
8125,0.819857
8126,0.852990
8127,0.869002
8128,0.835291
8129,0.826164
8130,0.800593
8131,0.813050
8132,0.834390
8133,0.845959
8134,0.775466
8135,0.806153
8136,0.796312
8137,0.787905
8138,0.842578
8139,0.830466
8140,0.817928
8141,0.830246
8142,0.759644
8143,0.833664
8144,0.754977
8145,0.756812
8146,0.870047
8147,0.826660
8148,0.787295
8149,0.872737
8150,0.824686
8151,0.838532
8152,0.860938
8153,0.816355
8154,0.846130
8155,0.867783
8156,0.869476
8157,0.852970
8158,0.810460
8159,0.802997
8160,0.819796
8161,0.810160
8162,0.836004
8163,0.831096
8164,0.788292
8165,0.874547
8166,0.812148
8167,0.878338
8168,0.821241
8169,0.784822
8170,0.800564
8171,0.823373
8172,0.870122
8173,0.821554
8174,0.849313
8175,0.794673
8176,0.768807
8177,0.832697
8178,0.799292
8179,0.786594
8180,0.826697
8181,0.851904
8182,0.804749
8183,0.800204
8184,0.777573
8185,0.787106
8186,0.776988
8187,0.851825
8188,0.772604
8189,0.843781
8190,0.762639
8191,0.872451
8192,0.838930
8193,0.826811
8194,0.868951
8195,0.777243
8196,0.839529
8197,0.850122
8198,0.853774
8199,0.835843
8200,0.801106
8201,0.802919
8202,0.793532
8203,0.834881
8204,0.815651
8205,0.856163
8206,0.822814
8207,0.816959
8208,0.775888
8209,0.832897
8210,0.823307
8211,0.817537
8212,0.824547
8213,0.804930
8214,0.823596
8215,0.840120
8216,0.823223
8217,0.840441
8218,0.825023
8219,0.848144
8220,0.770096
8221,0.810403
8222,0.832137
8223,0.786244
8224,0.811241
8225,0.816362
8226,0.785669
8227,0.833010
8228,0.838826
8229,0.803935
8230,0.871458
8231,0.812232
8232,0.869874
8233,0.774654
8234,0.864223
8235,0.783983
8236,0.794019
8237,0.871505
8238,0.787193
8239,0.875067
8240,0.805041
8241,0.846386
8242,0.845478
8243,0.838253
8244,0.802161
8245,0.838812
8246,0.786501
8247,0.803620
8248,0.851696
8249,0.822835
8250,0.862621
8251,0.844487
8252,0.851026
8253,0.818954
8254,0.809163
8255,0.796958
8256,0.831748
8257,0.825419
8258,0.770456
8259,0.806444
8260,0.804485
8261,0.809436
8262,0.826342
8263,0.794257
8264,0.822266
8265,0.835357
8266,0.842899
8267,0.799549
8268,0.878698
8269,0.829559
8270,0.837765
8271,0.896188
8272,0.795414
8273,0.809791
8274,0.820623
8275,0.838532
8276,0.791133
8277,0.872067
8278,0.854904
8279,0.825550
8280,0.890400
8281,0.831160
8282,0.786478
8283,0.835713
8284,0.800992
8285,0.827955
8286,0.799077
8287,0.790140
8288,0.778542
8289,0.802522
8290,0.800796
8291,0.850846
8292,0.857996
8293,0.849090
8294,0.860454
8295,0.792645
8296,0.842180
8297,0.787757
