POLYMER_USED,DRUG,poly_logp_H,drug_logp,poly_topological_surface_area_sum_fullpolymerfeaturizer,sa_score_H,poly_homo_eV_H,poly_lumo_eV_H,drug_homo_eV,drug_lumo_eV,poly_charge_at_WATER_PH_H,drug_charge_at_WATER_PH
*CC(=O)NCCCCCCCCCCCNC(=O)Nc1ccc(CCc2ccc(NC(=O)CCCCCC(=O)N*)cc2)cc1,CN(C)C(=N)N=C(N)N,6.6146,-1.2438,128.4300,2.4672,-10.0323,-6.5077,-9.5114,-6.1328,-4.0000,2
*CCCCCCCCCC(=O)NNC(=O)CCCSCCCCCC(=O)N*,CN(C)C(=N)N=C(N)N,3.8336,-1.2438,87.3000,2.3405,-9.6246,-6.6779,-9.4403,-5.9710,-2.0000,2
*C(=O)NCCCCNC(=O)c1ccc(C(=O)Nc2ccc(NC(=O)CCCCCCCC(=O)Nc3ccc(O*)cc3)cc2)cc1,CN(C)C(=N)N=C(N)N,5.2084,-1.2438,154.7300,2.4711,-7.6229,-6.6725,-9.4967,-5.9678,-4.0000,2
*CCCCCCCCCCCCCCCOC(=O)CCCCCCC(=O)OCc1ccc(/C=C/c2ccc(C(=O)O*)cc2)cc1,CN(C)C(=N)N=C(N)N,10.5734,-1.2438,78.9000,2.5524,-10.5453,-7.6974,-9.4403,-5.9710,-1.0000,2
*CCCCCCCCCCCCCNC(=O)c1ccc(NC(=O)CCCCC(=O)N*)cC(=O)Oc1,CN(C)C(=N)N=C(N)N,4.4563,-1.2438,113.6000,2.9886,-8.3106,-7.4035,-9.4403,-5.9710,-2.0000,2
*CC(OC)C(COCOC(=O)c1ccc(/C=N/c2ccc(C(=O)O*)cc2)cc1)CCC,CN(C)C(=N)N=C(N)N,4.7175,-1.2438,83.4200,3.3903,-8.3815,-7.4263,-9.2335,-5.4206,-1.0000,2
*CCC(C)NC(=O)CCCCS(=O)(=O)CCCCCCCCC(=O)N*,CN(C)C(=N)N=C(N)N,2.7022,-1.2438,92.3400,2.7476,-10.3624,-5.7810,-9.0738,-5.4119,-2.0000,2
*CCCCCCCCCCCOC(=O)CC(CCCCCCCCCCCCCCCCCCCCCCCC(=O)O*)c1ccc(/C=C/c2ccc(C#N)cc2)cc1,CN(C)C(=N)N=C(N)N,16.3333,-1.2438,76.3900,3.5244,-10.4905,-7.6313,-9.4967,-5.9678,-1.0000,2
*CCCCCNC(=O)CCCC(=O)NCCCCCCNC(=O)Nc1ccc(C(=O)N*)cc1,CN(C)C(=N)N=C(N)N,3.0603,-1.2438,128.4300,2.1582,-10.3973,-6.9540,-8.9803,-5.1653,-3.0000,2
*CCCCCCC(F)NC(=O)NCCCCCSCCCNC(=O)C(=O)N*,CN(C)C(=N)N=C(N)N,2.4467,-1.2438,99.3300,3.2084,-7.4785,-5.5539,-9.4967,-5.9678,-1.0000,2
*CCCOC(=O)C(C)CCC(=O)OC(Oc1ccccc1)C(=O)O*,CN(C)C(=N)N=C(N)N,2.3888,-1.2438,88.1300,3.1208,-10.7311,-7.5165,-9.5114,-6.1328,-1.0000,2
*CCCCCCCSC(=O)c1ccc(C(=O)NCCCCCCCNC(=O)c2ccc(C(=O)N*)cc2)cc1,CN(C)C(=N)N=C(N)N,5.7396,-1.2438,104.3700,2.3705,-8.3998,-7.6652,-9.4403,-5.9710,-1.0000,2
*CCCCCCCCCCCCOC(=O)SCCCCCSCCCCCCC(=O)OC(=O)c1ccc(C(=O)O*)cc1,CN(C)C(=N)N=C(N)N,9.7129,-1.2438,95.9700,2.8833,-8.7176,-7.5801,-9.4180,-5.9999,-1.0000,2
*CCCOC(=O)COC(=O)c1ccc(NC(=O)c2ccc(C(=O)S*)cc2)cc1,CN(C)C(=N)N=C(N)N,3.1189,-1.2438,98.7700,2.0804,-8.5125,-7.7208,-9.5303,-6.0978,-1.0000,2
*CCCCCCCCCCCCCCNC(=O)CCCCCCCCCCCC(=O)NCCCCOC(=O)CCCC(=O)O*,CN(C)C(=N)N=C(N)N,8.7893,-1.2438,110.8000,2.4674,-10.3805,-6.6644,-9.0263,-5.4164,-2.0000,2
*CCCCCCCOC(=O)NCCSCSSCCSCCNC(=O)O*,CN(C)C(=N)N=C(N)N,4.7559,-1.2438,76.6600,3.0054,-9.9159,-7.0564,-9.5303,-6.0978,-1.0000,2
*CC(C#N)=C/C=C/C(=O)Nc1ccc(Cc2ccc(NC(=O)O*)cc2)cc1,CN(C)C(=N)N=C(N)N,4.3319,-1.2438,91.2200,2.4430,-8.3757,-6.7322,-9.4180,-5.9999,-2.0000,2
*C(=O)CN(c1ccc(CC(C)(C)c2ccccc2)cc1)C(=O)NCCCCCSCCNC(=O)C(=O)NCCCSCCCCNC(*)=O,CN(C)C(=N)N=C(N)N,4.7072,-1.2438,136.7100,3.3673,-7.4099,-6.3791,-9.4180,-5.9999,-2.0000,2
*OC(F)COC(=O)NCCCCNC(=O)OCCCCCCCCC(*)=O,CN(C)C(=N)N=C(N)N,2.4365,-1.2438,102.9600,3.0851,-10.8852,-7.4687,-9.2335,-5.4206,-1.0000,2
*Oc1c(C)cc(C)c(NC(=O)CCCCC(*)=O)c1C#N,CN(C)C(=N)N=C(N)N,2.5785,-1.2438,79.1900,2.6335,-10.4080,-7.3413,-9.5303,-6.0978,-1.0000,2
*c1ccc(OC(=O)c2ccc(C(=O)O*)cc2C)c(OC(=O)c2ccccc2)c1,CN(C)C(=N)N=C(N)N,4.1316,-1.2438,78.9000,1.8750,-11.1904,-8.1469,-9.4403,-5.9710,-1.0000,2
*CCOCCOCCCOCCOCCOCCOCCCOCCOc1ccc(C(=O)Nc2ccc(OC(=O)Nc3ccc(C(=O)Nc4ccc(O*)cc4)cc3)cc2)cc1,CN(C)C(=N)N=C(N)N,6.8028,-1.2438,179.6000,3.0137,-10.1392,-7.2300,-9.4967,-5.9678,-3.0000,2
*Nc1ccc(C(=O)c2ccc(C(=O)NCCCCCCCNC(=O)c3ccc(NC(=O)SCCCCCCCCC(=O)Nc4ccc(*)cc4)cc3)cc2)cc1,CN(C)C(=N)N=C(N)N,9.2446,-1.2438,145.5000,2.8124,-7.8183,-7.1870,-9.5303,-6.0978,-3.0000,2
*CCCCCCCCCCCCCCCC(=O)OCCc1ccc(C(=O)OC(=O)O*)cc1,CN(C)C(=N)N=C(N)N,7.0884,-1.2438,78.9000,2.2859,-11.1142,-8.2017,-9.5303,-6.0978,-1.0000,2
*CCCCCCCCCCCCOC(=O)c1ccc(C(=O)NSCCC(=O)O*)cc1,CN(C)C(=N)N=C(N)N,5.6170,-1.2438,81.7000,2.4304,-8.0712,-6.9775,-9.3593,-5.8504,-2.0000,2
*CCCCCCCCCCCCCCCCCCNC(=O)NCCSCCCCCNC(=O)CCCCCCCCCCCCC(=O)NC(=O)N*,CN(C)C(=N)N=C(N)N,10.4429,-1.2438,128.4300,2.7911,-9.7579,-6.8923,-9.5303,-6.0978,-1.0000,2
*Oc1ccc(CC(NC(=O)NCC)C(*)=O)cc1C(C)C,CN(C)C(=N)N=C(N)N,1.9447,-1.2438,67.4300,2.9012,-7.7245,-6.2667,-9.4180,-5.9999,-2.0000,2
*CC1CCC(CCCCCCCCCCCCNC(=O)C(OCC)CCCCC(=O)O*)CC1,CN(C)C(=N)N=C(N)N,7.2701,-1.2438,64.6300,2.9301,-10.3957,-6.5142,-9.5303,-6.0978,-1.0000,2
*CCCCCOC(=O)NOCCCCOCCOCCNC(=O)OCCSCOCCCCCCO*,CN(C)C(=N)N=C(N)N,3.6340,-1.2438,122.8100,3.0384,-9.8721,-5.8870,-9.4403,-5.9710,-2.0000,2
*CNC(=O)c1ccc(NC(=O)CCCCCC(=O)Nc2ccc(*)cc2)cc1,CN(C)C(=N)N=C(N)N,3.5739,-1.2438,87.3000,1.7131,-10.3915,-7.0166,-9.5114,-6.1328,-2.0000,2
*CCCCCCCCCOC(=O)NS(=O)(=O)CCSSS(=O)(=O)CC(=O)O*,CN(C)C(=N)N=C(N)N,2.5888,-1.2438,132.9100,3.1118,-10.7632,-7.8770,-9.4403,-5.9710,-2.0000,2
*CCOCCOCCOC(=O)c1ccc(C(=O)Nc2ccc(C(=O)NNC(=O)N*)cc2C)cc1,CN(C)C(=N)N=C(N)N,1.7703,-1.2438,144.0900,2.2829,-7.9386,-7.2637,-9.5114,-6.1328,-2.0000,2
*CCOCCCOCCOC(=O)c1ccc(C(=O)O*)c(Br)c1,CN(C)C(=N)N=C(N)N,2.7473,-1.2438,71.0600,2.1743,-8.4993,-7.5125,-9.0738,-5.4119,-1.0000,2
*Oc1ccc(C(=O)Oc2ccc(C(C)(C)c3ccc(OC(=O)c4ccc(C(*)=O)c(C(C)C)c4)cc3)cc2)cc1OC#CCCCC,CN(C)C(=N)N=C(N)N,8.6223,-1.2438,88.1300,3.1132,-8.3922,-7.4735,-9.5114,-6.1328,-1.0000,2
*CCCNC(=O)CNC(=O)CC(Cc1cccc(C(=O)NNC(=O)CCCC[SH](=O)(O*)CCCCC)c1)c1c(cccc1)c1ccccc1,CN(C)C(=N)N=C(N)N,5.3236,-1.2438,142.7000,3.7957,-6.7091,-6.6148,-9.5303,-6.0978,-3.0000,2
*CCCCCC(=O)OCCOCCOC(=O)COC(=O)c1ccc(C(=O)O*)cc1,CN(C)C(=N)N=C(N)N,2.2249,-1.2438,114.4300,2.1365,-11.1954,-8.4655,-9.5303,-6.0978,-1.0000,2
*CCOCCOCCOP(=O)(C#N)C(=O)Sc1ccccc1-c1ccc(C(=O)N*)cc1,CN(C)C(=N)N=C(N)N,4.4935,-1.2438,114.7200,3.4626,-9.1400,-7.8178,-9.5303,-6.0978,-1.0000,2
*CC(CC(=O)OC)C(=O)NCCP(=O)(OC(C)O*)OCC(C)(C)C,CN(C)C(=N)N=C(N)N,1.9125,-1.2438,100.1600,4.0436,-10.3798,-6.4672,-9.0738,-5.4119,-1.0000,2
*CC(*)C(=O)Nc1ccc(C(=O)OCCCCCOc2ccc(/N=N/c3ccc(N=C/c4ccc(OCC)cc4)cc3)cc2)cc1,CN(C)C(=N)N=C(N)N,9.0059,-1.2438,110.9400,2.7139,-7.4333,-6.5495,-9.0738,-5.4119,-1.0000,2
*CCCCCCCCCCCCCCCOC(=O)CCCCCCCCCCCCCCCOC(=O)c1ccc(C(=O)Oc2ccc(C(=O)O*)cc2)cc1,CN(C)C(=N)N=C(N)N,12.8566,-1.2438,105.2000,2.6298,-11.0755,-8.2994,-9.5303,-6.0978,-1.0000,2
*CCOCC(=O)SSCCCCCCCCC(=O)NCCNC(=O)OCCCCCCOCCO*,CN(C)C(=N)N=C(N)N,4.0733,-1.2438,112.1900,2.9310,-7.9094,-6.9463,-9.5303,-6.0978,-1.0000,2
*CCCCCCCCCCC(=O)NCCCCNC(=O)c1ccc(C(=O)NCCNC(=O)CCCSCCCCC(=O)c2ccc(C(=O)N*)cc2)cc1,CN(C)C(=N)N=C(N)N,6.3551,-1.2438,162.5700,2.8070,-7.6333,-6.8262,-9.4967,-5.9678,-2.0000,2
*CCCCCCOC(=O)SCCCSC(=O)Oc1ccc(C(=O)O*)cc1,CN(C)C(=N)N=C(N)N,5.4570,-1.2438,78.9000,2.6865,-10.8850,-7.9129,-9.0263,-5.4164,-1.0000,2
*CCC[Se]C(=O)NCCCCCCNC(=O)OCCCCCC(=O)N*,CN(C)C(=N)N=C(N)N,2.5608,-1.2438,96.5300,2.9058,-10.0353,-6.9801,-9.4967,-5.9678,-3.0000,2
*OC(=O)CCOCC(=S)OC(=O)c1ccc(*)cc1,CN(C)C(=N)N=C(N)N,1.6621,-1.2438,61.8300,2.3897,-8.8866,-7.8698,-9.5303,-6.0978,-1.0000,2
*CCCCCCCCCCOc1ccc(C(=O)OC(=O)NCCCCCCCCS(=O)(=O)CCCCCCCCC(=O)O*)cc1,CN(C)C(=N)N=C(N)N,8.6432,-1.2438,125.0700,2.7638,-10.7825,-7.5649,-9.5303,-6.0978,-1.0000,2
*OC(=O)CCCCCCCCCCCCC(=O)OCCOC(=O)c1ccc(C(=O)OCCCCCOc2ccc(-c3ccc(C(C)(C)c4ccc(*)cc4)cc3)cc2)cc1,CN(C)C(=N)N=C(N)N,11.5514,-1.2438,114.4300,2.9145,-8.2059,-6.8251,-9.5303,-6.0978,-1.0000,2
*CCCCCCNC(=O)CCCCC(=O)NNC(=O)CCc1ccc(NCCCCCCCNC(=O)CCCCCCCCC(=O)N*)cc1,CN(C)C(=N)N=C(N)N,6.1082,-1.2438,157.5300,2.7223,-9.6284,-6.6815,-9.0648,-5.4207,-3.0000,2
*CCCCCCCCCCCCCCCCCCCCCCCCCCCCCCNC(=O)C(C)NCCOC(=O)c1ccc(C(=O)O*)cc1,CN(C)C(=N)N=C(N)N,11.5786,-1.2438,93.7300,3.0852,-8.3750,-7.0136,-9.5303,-6.0978,-1.0000,2
*Nc1ccc(C(=O)NNC(=O)CCCCCCCCCC(*)=O)cc1,CN(C)C(=N)N=C(N)N,2.7396,-1.2438,87.3000,2.1248,-10.1791,-7.3830,-9.3593,-5.8504,-2.0000,2
*Oc1ccc([Si](C)(C)O[Si](C)(C)O[Si](C)(C)Oc2ccc(/C=N/c3ccc(S(=O)(=O)CCCCCCCCCCCC(=O)c4ccc(*)o4)cc3)cc2)cc1,CN(C)C(=N)N=C(N)N,10.2213,-1.2438,113.6300,3.5831,-7.7727,-6.7280,-9.5114,-6.1328,-1.0000,2
*O[Si](C)(C)OC(C)OC(=O)Nc1ccc(C(=O)Oc2ccc(S(*)(=O)=O)cc2)cc1,CN(C)C(=N)N=C(N)N,2.4813,-1.2438,117.2300,3.5302,-8.0734,-7.5368,-9.4967,-5.9678,-1.0000,2
*CCCCCNC(=O)Cc1ccc(C(=O)NCCSCCCNC(=O)N*)cc1,CN(C)C(=N)N=C(N)N,2.0569,-1.2438,99.3300,2.1991,-7.5980,-6.8211,-9.0696,-5.2057,-2.0000,2
*CCCCCCNNC(=O)CCCCCCCCCC(=O)NCCCCNC(=O)O*,CN(C)C(=N)N=C(N)N,3.8624,-1.2438,108.5600,2.3849,-9.8053,-5.5941,-9.5303,-6.0978,-2.0000,2
*CCCCCCCCCCCCCCCCCCNC(=O)c1ccc(C(=O)NCCCCCNC(=O)c2ccc(-c3ccc(C(=O)S(=O)(=O)CCCC(*)=O)cc3)cc2)cc1,CN(C)C(=N)N=C(N)N,10.2091,-1.2438,155.5800,2.9903,-8.8762,-7.8190,-9.5114,-6.1327,-1.0000,2
*CCCCCCCCCCCCOC(=O)CCCCCCCCCCCCC(=O)OCCOC(=O)CCCCCCCCCCCCOC(=O)c1ccc(C(=O)O*)cc1,CN(C)C(=N)N=C(N)N,13.0644,-1.2438,131.5000,2.7543,-10.9092,-8.2073,-9.5114,-6.1328,-1.0000,2
*CCC(C(=O)C(C)C)CC(C)C(=O)NCCCCCCCNC(=O)C(=O)N*,CN(C)C(=N)N=C(N)N,1.9321,-1.2438,104.3700,3.3364,-10.2923,-7.4523,-9.2334,-5.4206,-2.0000,2
*CCCCCCC(=O)CCCCCCCCCCCCC(=O)OCCCCCCCCOC(=O)c1ccc(C(=O)O*)cc1,CN(C)C(=N)N=C(N)N,9.6461,-1.2438,95.9700,2.4671,-8.2141,-6.8315,-9.4403,-5.9710,-1.0000,2
*Nc1ccc(-c2ccc(Cc3ccc(NC(=O)CCCCCCC(*)=O)cc3C(=O)O)c(C)c2)cc1OC,CN(C)C(=N)N=C(N)N,6.0198,-1.2438,104.7300,2.5300,-7.2247,-6.6637,-9.4403,-5.9710,-1.0000,2
*CCCCCCOC(=O)Oc1ccc(-c2ccc(OCCCC(=O)OCCCOc3ccc(O*)cc3)cc2)cc1,CN(C)C(=N)N=C(N)N,7.3262,-1.2438,89.5200,2.3875,-10.1614,-6.7088,-9.4403,-5.9710,-1.0000,2
*CCCOc1ccc(C(=O)NCCCCCCNC(=O)c2ccc(NC(=O)c3ccc(C(=O)O*)cc3)cc2)cc1,CN(C)C(=N)N=C(N)N,5.1461,-1.2438,122.8300,2.1192,-8.2099,-7.2117,-9.0648,-5.4207,-2.0000,2
*OC(=O)c1ccc(NC(=O)CCCCC(=O)NCCCCCCCS(=O)(=O)c2ccc(C(*)=O)c(OC)c2)cc1,CN(C)C(=N)N=C(N)N,4.2454,-1.2438,144.9400,2.4732,-8.4560,-7.6325,-9.4967,-5.9679,-1.0000,2
*CC(F)(F)C(F)(F)C(F)(F)C(F)(F)C(F)(F)COC(=O)c1ccc(C(=O)NN*)cc1,CN(C)C(=N)N=C(N)N,3.6433,-1.2438,67.4300,2.7504,-10.9101,-8.3115,-9.0738,-5.4119,-1.0000,2
*Oc1ccc(NC(=O)OCCCCCCCCOC(=O)CCCCCCCC(=O)Nc2ccc(*)cc2)cc1,CN(C)C(=N)N=C(N)N,7.1939,-1.2438,102.9600,2.2764,-10.1107,-6.5649,-9.3593,-5.8504,-1.0000,2
*CCCCCCCCCCCCCC=C/C(=O)CCCCCCCCCCC(=O)NCCCCNC(=O)CCCCCOC(=O)c1ccc(C(=O)O*)c(Cc2ccccc2)c1,CN(C)C(=N)N=C(N)N,12.4328,-1.2438,127.8700,3.2457,-7.9882,-7.4691,-9.5114,-6.1328,-1.0000,2
*OC(=O)c1ccc(C(=O)OCCOC(=O)c2ccc(C(*)=O)cc2)cc1N,CN(C)C(=N)N=C(N)N,1.7933,-1.2438,121.9900,2.1220,-8.6765,-8.1926,-9.5303,-6.0978,-1.0000,2
*CCCCCCCCCOCCCCCOc1ccc(NC(=O)C(C)C(C)c2ccc(C(=O)O*)cc2)cc1,CN(C)C(=N)N=C(N)N,8.0794,-1.2438,73.8600,3.0913,-7.6219,-6.6424,-9.2335,-5.4206,-1.0000,2
*CCCCCCCCOC(=O)CCCCOC(=O)C(CCCCCCSC(=O)O*)c1ccc(/N=N/c2ccc(OCCCCCCCCCCCCC)cc2)cc1,CN(C)C(=N)N=C(N)N,14.8543,-1.2438,112.8500,3.7599,-8.2284,-7.2340,-9.5114,-6.1328,-1.0000,2
*NNC(=O)c1ccc(C(=O)Nc2cc(Cl)c(C(=O)OCCc3ccc(C(*)=O)cc3)cc2)cc1,CN(C)C(=N)N=C(N)N,3.4078,-1.2438,113.6000,2.1892,-10.9150,-8.0844,-9.0738,-5.4119,-2.0000,2
*CCCOc1ccc(C(=O)Nc2ccc(NC(=O)c3ccc(OCCCCCCCCCCOc4ccc(N*)cc4)cc3)cc2)cc1,CN(C)C(=N)N=C(N)N,9.1408,-1.2438,97.9200,2.2492,-7.0324,-6.7536,-9.4180,-5.9999,-2.0000,2
*CCC(C)CCCCCCSC(=O)OCCCCCCOC(=O)CCCCCCCCCCCCCCCCCCCCC(=O)O*,CN(C)C(=N)N=C(N)N,12.8430,-1.2438,78.9000,3.2858,-10.6549,-6.7885,-9.2335,-5.4206,-1.0000,2
*CCCCCCCCNC(=O)Cc1ccc(C(=O)N*)c(OCCCCCCCCCCCCCC)c1,CN(C)C(=N)N=C(N)N,7.8846,-1.2438,67.4300,2.2942,-10.2374,-6.7709,-9.5114,-6.1328,-2.0000,2
*CCCCCCCCCCC(=O)NCc1cc(NC(=O)N*)ccc1,CN(C)C(=N)N=C(N)N,4.3242,-1.2438,70.2300,1.8708,-10.3464,-6.2949,-9.5303,-6.0978,-2.0000,2
*CCOCCOCCOC(=O)CCCSCCCCCCCCC(=O)O*,CN(C)C(=N)N=C(N)N,3.9114,-1.2438,71.0600,2.3838,-9.6321,-6.6666,-9.5114,-6.1327,-1.0000,2
*CCCCCCCSSCCNC(=O)NCCC(=O)NC(=O)O*,CN(C)C(=N)N=C(N)N,2.8217,-1.2438,96.5300,2.5757,-10.2075,-7.3255,-9.4967,-5.9678,-3.0000,2
*/N=N/N=C/c1ccc(/C(C)=C/c2ccccc2)cc1CC(=O)O*,CN(C)C(=N)N=C(N)N,4.2391,-1.2438,63.3800,3.1771,-8.4753,-6.9350,-9.4180,-5.9999,-1.0000,2
*CCCCNC(=O)CCCCCCCCCCCC(=O)NCCCCCCCCCCNC(=O)O*,CN(C)C(=N)N=C(N)N,6.6984,-1.2438,96.5300,2.1391,-10.4557,-5.6138,-9.4967,-5.9678,-1.0000,2
*Oc1ccc(CC(C)(C)c2ccc(Oc3ccc(S(=O)(=O)Nc4ccc(*)cc4)cc3)cc2)cc1,CN(C)C(=N)N=C(N)N,6.5056,-1.2438,64.6300,2.1663,-10.3321,-7.1120,-8.9803,-5.1653,-2.0000,2
*NC(=O)CCCCCCCCC(=O)NCCCCOC(=O)*,CN(C)C(=N)N=C(N)N,1.6619,-1.2438,84.5000,2.2531,-10.6349,-7.0190,-9.5303,-6.0978,-1.0000,2
*CCCCCCCCCCOC(=O)c1ccc(C(C)(C)c2ccc(O*)cc2)cc1Oc1ccc([N+](=O)[O-])cc1,CN(C)C(=N)N=C(N)N,8.7161,-1.2438,87.9000,2.5056,-8.8117,-7.5153,-9.5114,-6.1328,-1.0000,2
*Oc1ccc(/C=N/c2ccc(C(=O)OCc3ccc(OC(=O)c4ccc(*)cc4)cc3)cc2C)cc1,CN(C)C(=N)N=C(N)N,6.0274,-1.2438,74.1900,2.2520,-7.6006,-7.5584,-9.4403,-5.9710,-1.0000,2
*Oc1ccc(C(=O)CCCC(=O)Nc2ccc(C(=O)Sc3ccc(NC(=O)c4ccc(C(*)=O)cc4)cc3)cc2)cc1,CN(C)C(=N)N=C(N)N,6.3812,-1.2438,118.6400,2.4721,-8.4834,-7.8084,-9.0738,-5.4119,-2.0000,2
*CCCCCCCCCCCOc1ccc(C(=O)OCCCCCCCCNC(=O)c2ccc(Oc3ccc(C(=O)O*)cc3)cc2)cc1,CN(C)C(=N)N=C(N)N,10.0141,-1.2438,100.1600,2.4904,-10.5499,-7.7766,-9.3593,-5.8504,-1.0000,2
*OC(=O)OCCOCCOc1ccc(NC(=O)CCCCCCCCCCC(=O)Nc2ccc(C(*)=O)c(OC)c2)cc1,CN(C)C(=N)N=C(N)N,6.0759,-1.2438,138.4900,2.5737,-7.6469,-6.5291,-9.5303,-6.0978,-1.0000,2
*OC(SC(=O)O*)C(C)c1ccc(/N=N/c2ccccc2)cc1,CN(C)C(=N)N=C(N)N,4.9351,-1.2438,60.2500,3.4814,-8.3705,-7.4889,-9.5114,-6.1328,-1.0000,2
*CCCCCCCCC(=O)S(=O)CC(C)(C)CC(=O)N*,CN(C)C(=N)N=C(N)N,2.9139,-1.2438,63.2400,3.5344,-8.0137,-6.0274,-9.5303,-6.0978,-1.0000,2
*CCCCCCCCCCOc1ccc(C(=O)Nc2ccc(-c3ccc(N(*)C)cc3)cc2)cc1S(=O)(=O)O,CN(C)C(=N)N=C(N)N,7.4138,-1.2438,95.9400,2.2868,-7.4515,-6.4076,-9.4967,-5.9678,-2.0000,2
*C(=O)NCCCCCCCCNC(=O)c1ccc(C(=O)NCCCCNC(=O)c2ccc(*)cc2)cc1,CN(C)C(=N)N=C(N)N,3.4430,-1.2438,116.4000,2.1260,-10.5614,-7.6835,-9.3593,-5.8504,-4.0000,2
*CCCCCC(=O)NCCc1ccc(COC(=O)CCCCCCCCCCCCCC(=O)NCCCCCC*)cc1,CN(C)C(=N)N=C(N)N,8.7366,-1.2438,84.5000,2.3819,-10.4927,-6.3883,-9.5303,-6.0978,-1.0000,2
*Sc1ccc(NC(=O)CCCCCCCCCCCC(=O)NCCCCCNC(=O)c2ccc(C(=O)N*)cc2)cc1,CN(C)C(=N)N=C(N)N,6.0203,-1.2438,116.4000,2.4652,-10.1400,-7.4613,-9.4179,-5.9999,-3.0000,2
*Oc1ccc(/C=C/C=N/c2ccc(/N=C/c3ccc(C(=O)Nc4ccc(*)cc4)cc3)cc2)cc1,CN(C)C(=N)N=C(N)N,6.8108,-1.2438,63.0500,2.4542,-7.6956,-6.7232,-9.5114,-6.1328,-1.0000,2
*c1ccc(C(=O)Nc2ccc(Cc3ccc(NC(=O)c4ccc(NC(=O)c5ccc(*)cc5)cc4)cc3)cc2)cc1,CN(C)C(=N)N=C(N)N,7.0343,-1.2438,87.3000,1.6513,-10.2163,-7.3595,-9.5114,-6.1328,-2.0000,2
*CC(*)C(=O)OCCCCCCCCCCCCCCCCCCCCCNC(=O)OCCCCCCCC,CN(C)C(=N)N=C(N)N,10.4382,-1.2438,64.6300,2.2834,-10.7207,-6.4110,-9.0697,-5.2057,-1.0000,2
*CCCCCCCCCCCCCCCCCCCCCCCC#CCOC(=O)OCCOC(=O)c1ccc(C(=O)Oc2ccc(O*)cc2)cc1,CN(C)C(=N)N=C(N)N,11.5269,-1.2438,97.3600,2.9183,-8.2767,-6.8910,-9.3593,-5.8504,-1.0000,2
*CC(*)(NC(=O)Sc1ccc(OCC(=O)OCCCCCCC)cc1)Oc1ccccc1,CN(C)C(=N)N=C(N)N,5.8057,-1.2438,73.8600,2.8837,-10.4965,-7.0007,-9.3593,-5.8504,-1.0000,2
*CCCCCOCCCCCCCCCCCNC(=O)OCc1ccc(OC(=O)NNC(=O)c2ccc(O*)cc2)cc1,CN(C)C(=N)N=C(N)N,6.7695,-1.2438,124.2200,2.5624,-10.5105,-7.3155,-9.4403,-5.9710,-3.0000,2
*Oc1ccc(NC(=O)c2ccc(OC(=O)c3ccc(OCCCCCCCC(*)=O)cc3)cc2)cc1,CN(C)C(=N)N=C(N)N,5.7820,-1.2438,90.9300,2.1530,-7.5824,-7.4354,-9.4967,-5.9678,-2.0000,2
*CCCc1ccnc(CCCCc2ccc(NC(=O)CCCCCCCCCCCCC(=O)Nc3ccc(*)s3)cc2)c1,CN(C)C(=N)N=C(N)N,9.9194,-1.2438,71.0900,2.6278,-9.7919,-6.7861,-9.4403,-5.9710,-2.0000,2
*Cc1ccc(C(CC)(C)c2ccc(C(=O)NNc3ccc(C(F)(F)F)cc3)cc2)c(OC(=O)c2ccccc2)c1N(*)C,CN(C)C(=N)N=C(N)N,7.7476,-1.2438,70.6700,3.2372,-7.3252,-7.0808,-9.2334,-5.4205,-1.0000,2
*CCCCCCCCNC(=O)CCCCCCCCCCCCCCC(=O)Nc1ccc(C(=O)N*)cc1,CN(C)C(=N)N=C(N)N,7.6621,-1.2438,87.3000,2.2146,-10.5073,-7.1085,-9.5303,-6.0978,-1.0000,2
*Oc1ccc(OCCCCCCCCCCOC(=O)c2ccc(C(*)=O)cc2)cc1,CN(C)C(=N)N=C(N)N,5.5613,-1.2438,61.8300,2.0491,-8.5614,-7.0903,-9.4403,-5.9710,-1.0000,2
*CCCCCCCCNC(=O)CCC(C)C(=O)NCCCCCCNC(=O)c1cccc(C(=O)N*)c1,CN(C)C(=N)N=C(N)N,4.0849,-1.2438,116.4000,2.7798,-10.3655,-7.3472,-9.0738,-5.4119,-3.0000,2
*CC(C)NC(=O)CCCCCCCCCCCCc1ccc(Cc2ccc(NC(=O)CCCCCCCCCCCCCC(=O)N*)cc2)cc1,CN(C)C(=N)N=C(N)N,11.1307,-1.2438,87.3000,2.5647,-10.1924,-6.4460,-9.5114,-6.1327,-2.0000,2
*CC(C)CCCCCCOC(=O)CCCCCCCCOC(=O)c1ccc(C(=O)OCCCCOc2ccc(C(=O)O*)cc2)cc1,CN(C)C(=N)N=C(N)N,8.4380,-1.2438,114.4300,2.5413,-10.8012,-8.1888,-9.0648,-5.4207,-1.0000,2
*CCCCCCCCCCCCCCNC(=O)CCCCCCCCCCCCCCC(=O)NCCCCCCCCCSCNC(=O)/C=C/C/C=C/C=C/C(*)=O,CN(C)C(=N)N=C(N)N,13.1765,-1.2438,104.3700,3.3579,-8.4467,-7.4603,-9.5303,-6.0978,-2.0000,2
*CCc1ccc(CNC(=O)CCCCCC(=O)NCCCCCCCCNC(=O)c2ccc(Sc3ccc(CC(=O)N*)cc3)cc2)cc1,CN(C)C(=N)N=C(N)N,6.8815,-1.2438,116.4000,2.6554,-9.8309,-7.1579,-9.4180,-5.9999,-3.0000,2
*Oc1ccc(C(=O)NC(CC)=C/N=C(\C#N)C(=O)Nc2ccc(C(=O)O*)cc2)cc1,CN(C)C(=N)N=C(N)N,2.6749,-1.2438,129.8800,2.8357,-9.0194,-7.6413,-9.3593,-5.8504,-4.0000,2
*Oc1ccc(Oc2ccc(/N=C/c3ccc(OC(=O)CCCCCCC(*)=O)c(F)c3)cc2S(=O)(=O)O)cc1,CN(C)C(=N)N=C(N)N,5.7658,-1.2438,128.5600,2.8189,-8.4151,-7.4535,-9.4967,-5.9678,-2.0000,2
*CCCCCCCCC(=O)NCCNC(=O)CCCCCCCCCCCC(=O)NCCNSC(=O)CCCCCCOC(=O)S*,CN(C)C(=N)N=C(N)N,7.1580,-1.2438,142.7000,3.0513,-8.0325,-7.1408,-9.3593,-5.8504,-3.0000,2
*CCCCCCCCCCCCCCNC(=O)NCCCCCCCCCCCCNC(=O)CCCCC*,CN(C)C(=N)N=C(N)N,9.5842,-1.2438,70.2300,2.0614,-10.3471,-5.5747,-9.4403,-5.9710,-1.0000,2
*CCCCCCNC(=O)CCCCCCCCC=C(C)CCC(=O)NCCCCCSC(=O)NCCCCNC(=O)CCCCCCS*,CN(C)C(=N)N=C(N)N,9.0362,-1.2438,116.4000,3.1241,-10.0112,-6.2543,-8.9803,-5.1653,-3.0000,2
*C#CC(=O)Nc1ccc(Cc2ccc(NC(=O)CCCCCC(*)=O)cc2)o1,CN(C)C(=N)N=C(N)N,3.5300,-1.2438,88.4100,2.7799,-9.9736,-7.3579,-9.0173,-5.2053,-1.0000,2
*CCOCCCOCCCCOC(=O)c1ccc(C(=O)O*)c(O)c1,CN(C)C(=N)N=C(N)N,2.4706,-1.2438,91.2900,2.1578,-8.3393,-6.8636,-9.4967,-5.9679,-1.0000,2
*CSSCCCCNC(=O)c1ccc(C(=O)N*)c(OCC)c1,CN(C)C(=N)N=C(N)N,2.7054,-1.2438,67.4300,2.3134,-10.1157,-7.3507,-9.5114,-6.1328,-1.0000,2
*CCCCCCCC(=O)NNc1ccc(Oc2ccc(CCNC(=O)O*)c(CCCCC)c2C)cc1,CN(C)C(=N)N=C(N)N,7.1337,-1.2438,88.6900,2.5548,-9.7216,-6.2364,-9.5114,-6.1328,-1.0000,2
*OC(=O)c1ccc(-c2ccc(OCCCCCCCCC)cc2)cc(NC(=O)CCCCCCCC(=O)Nc2ccc(C(=O)OCC(=O)c3ccc(O*)cc3)cc2)cc1,CN(C)C(=N)N=C(N)N,9.8950,-1.2438,146.3300,3.3273,-7.7860,-7.3377,-9.0738,-5.4119,-3.0000,2
*CCCNC(=O)SC(=O)NCCCOC(=O)O*,CN(C)C(=N)N=C(N)N,1.6335,-1.2438,93.7300,2.9036,-10.7863,-7.1530,-9.4403,-5.9710,-1.0000,2
*Oc1ccc(/C=C/c2ccc(OC(*)=O)c(C(=O)OC)c2)cc1,CN(C)C(=N)N=C(N)N,2.8844,-1.2438,61.8300,2.3215,-7.7613,-7.3258,-9.2335,-5.4206,-1.0000,2
*/C=C/c1cc(CCCCCCC)c(S(=O)(=O)c2ccc(C(=O)Nc3ccc(O*)cc3)cc2)cc1-c1ccc(N(C)CC)cc1,CN(C)C(=N)N=C(N)N,8.7563,-1.2438,75.7100,3.0969,-7.6637,-6.9496,-9.0738,-5.4119,-1.0000,2
*Nc1ccc(C(=O)CCCCCCCCC(=O)N/N=N/c2ccc(NC(=O)c3ccc(-c4ccc(C(*)=O)cc4)cc3)cc2)cc1,CN(C)C(=N)N=C(N)N,8.1192,-1.2438,129.0900,2.7435,-7.9701,-7.2916,-9.5303,-6.0978,-1.0000,2
*CCCCCCCCCCCCCCOCC(=O)COCCCCCCOC(=O)SCCSCCC/C=CC/C(=O)O*,CN(C)C(=N)N=C(N)N,9.2643,-1.2438,88.1300,3.2316,-7.4073,-7.0673,-9.5303,-6.0978,-1.0000,2
*CCCCOC(=O)c1ccc(C(=O)Oc2ccc(C(=O)OCCCC(=O)O*)cc2)c(C)c1,CN(C)C(=N)N=C(N)N,4.1927,-1.2438,105.2000,2.1373,-11.2530,-8.0270,-9.0738,-5.4119,-1.0000,2
*C(=O)OCCCCCCCCCCCCNC(=O)CCCCCCCCCCCC(=O)NCCCCCCCOC(=O)O*,CN(C)C(=N)N=C(N)N,8.2290,-1.2438,120.0300,2.6008,-10.4796,-6.9961,-9.4403,-5.9710,-2.0000,2
*C#CCCCC#CCCCCOC(=O)Nc1ccc(CNC(=O)CCCCCC(=O)N*)cc1,CN(C)C(=N)N=C(N)N,4.2643,-1.2438,96.5300,2.6694,-10.3200,-6.3943,-9.2335,-5.4206,-3.0000,2
*Oc1ccc(C(=O)OCC/C=C/C(=O)Nc2ccc(NC(=O)c3ccc(*)cc3)cc2)cc1,CN(C)C(=N)N=C(N)N,4.3863,-1.2438,93.7300,2.0631,-10.1415,-7.4281,-9.4403,-5.9710,-1.0000,2
*CCCCCCNC(=O)c1ccc(C(=O)NCCCCNC(=O)NC(=O)c2ccc(C(=O)Nc3ccc(C(=O)S*)cc3)cc2)cc1,CN(C)C(=N)N=C(N)N,4.9686,-1.2438,162.5700,2.4664,-8.3675,-8.0269,-9.0648,-5.4207,-3.0000,2
*CCOCCOCCOCOC(=O)OCCOC(=O)c1cccc(C(=O)O*)c1,CN(C)C(=N)N=C(N)N,1.7220,-1.2438,115.8200,2.4156,-11.0237,-8.1280,-9.5303,-6.0978,-1.0000,2
*CCCCCCCCCCCCCCC(=O)Oc1ccc(OCCCCCCCCCCCCCCCC(=O)O*)cc1,CN(C)C(=N)N=C(N)N,11.6080,-1.2438,61.8300,2.3218,-10.5443,-6.6898,-9.4967,-5.9678,-1.0000,2
*CCCCCCCCCCCOC(=O)c1ccc(NC(=O)CCCCCCCCC(=O)O*)cc1,CN(C)C(=N)N=C(N)N,7.5181,-1.2438,81.7000,2.1029,-10.7589,-7.4203,-9.4403,-5.9710,-2.0000,2
*CCCCCCOC(=O)c1ccc(C(=O)NCCCCCNC(=O)OCCCCCCCCCCCOC(=O)c2ccc(O*)cc2)cc1,CN(C)C(=N)N=C(N)N,8.1235,-1.2438,129.2600,2.5631,-10.7043,-7.8424,-9.5303,-6.0978,-2.0000,2
*/C=C/c1ccc(Cc2ccc(NC(=O)CCCCCCCCCC(=O)Nc3ccc(*)o3)o2)cc1,CN(C)C(=N)N=C(N)N,7.1945,-1.2438,84.4800,3.1352,-9.8071,-6.6812,-9.5303,-6.0978,-2.0000,2
*CCCC(=O)Nc1ccccc1NC(=O)Nc1cccc(S(*)(=O)=O)c1,CN(C)C(=N)N=C(N)N,3.0395,-1.2438,104.3700,2.5459,-10.2286,-7.5838,-9.0738,-5.4119,-1.0000,2
*CCCCCCCCCNC(=O)Cc1ccc(CCCCCCCCCCCCCCCC(=O)Nc2ccc(C(=O)O*)cc2)cc1,CN(C)C(=N)N=C(N)N,10.4367,-1.2438,84.5000,2.4616,-10.3357,-7.5641,-9.0738,-5.4119,-2.0000,2
*CCCCCC(CCOC(=O)c1ccc(OCCCc2ccc(CC(=O)O*)cc2)cc1)C(C)C,CN(C)C(=N)N=C(N)N,6.7247,-1.2438,61.8300,2.7025,-10.5978,-7.1559,-9.4967,-5.9678,-1.0000,2
*C(=O)Oc1ccc(/N=C/c2ccc(OCCCCCCCCCCOc3ccc(O*)cc3)cc2)cc1,CN(C)C(=N)N=C(N)N,7.2566,-1.2438,66.3500,2.4837,-7.5389,-7.1093,-9.3593,-5.8504,-1.0000,2
*c1cc(OCCCC)c(-c2ccc(S(*)(=O)=O)c(C(=O)O)c2)c(C)c1,CN(C)C(=N)N=C(N)N,3.5094,-1.2438,80.6700,2.7575,-8.4102,-7.3918,-9.2335,-5.4206,-1.0000,2
*CCCCOc1ccc(C(=O)Oc2ccc(OC(=O)OCCCCCCCOc3ccc(C(=O)O/C=C/c4ccc(C(=O)O*)cc4)cc3)cc2)cc1,CN(C)C(=N)N=C(N)N,9.1555,-1.2438,132.8900,2.8662,-10.7086,-7.8106,-9.5303,-6.0978,-1.0000,2
*OCC(F)(F)C(F)(F)CCOCCOCC(=O)c1ccc(C(=O)NCCCCCCCCCCNC(=O)c2ccc(Oc3ccc(C(*)=S)cc3)cc2)cc1,CN(C)C(=N)N=C(N)N,7.9762,-1.2438,112.1900,3.2239,-8.3697,-7.2809,-9.5303,-6.0977,-2.0000,2
*CCCCCC(=O)NCCCCCNC(=O)CCCCCCC(=O)NCCc1ccc(COCC(=O)O*)cc1,CN(C)C(=N)N=C(N)N,4.2701,-1.2438,122.8300,2.3923,-10.1520,-7.0757,-9.5114,-6.1327,-4.0000,2
*CCSCC(=O)NCc1ccccc1C(=O)NCc1cnc(C)cc1*,CN(C)C(=N)N=C(N)N,2.6893,-1.2438,71.0900,2.1463,-10.0306,-6.9600,-9.4967,-5.9678,-2.0000,2
*CCCOC(=O)c1ccc(C(=O)OCCCCOCCCOC(=O)c2ccc(SC(=O)Nc3ccc(C(=O)O*)cc3)cc2)cc1,CN(C)C(=N)N=C(N)N,6.4765,-1.2438,143.5300,2.6769,-10.7492,-8.0821,-9.5303,-6.0978,-1.0000,2
*Oc1cc(OCCCCCCCCCCCCCC)c(*)cc1C(=O)OCCCCCCCC(=O)OOCCCCCCCCOc1ccc(-c2ccc(OCC)cc2)cc1,CN(C)C(=N)N=C(N)N,13.9296,-1.2438,98.7500,3.0928,-9.8820,-7.2669,-9.0648,-5.4207,-1.0000,2
*CSCCCCCOCCOCCCOCCOCOCCOc1ccc(/N=N/c2ccc(/C=N/c3ccc(COC(=O)O*)cc3)cc2)cc1,CN(C)C(=N)N=C(N)N,8.3899,-1.2438,127.9900,3.3065,-8.5593,-7.6962,-9.5114,-6.1327,-1.0000,2
*CCCCCCCCCCCCCCCCCCCCCOc1ccc(C(=O)Oc2ccc(S(=O)(=O)c3ccc(O*)cc3)cc2)cc1,CN(C)C(=N)N=C(N)N,11.2548,-1.2438,78.9000,2.4862,-10.7939,-7.5440,-9.0263,-5.4164,-1.0000,2
*CCOCCOCCOC(=O)c1ccc(C(=O)O*)cc1,CN(C)C(=N)N=C(N)N,1.5947,-1.2438,71.0600,1.8401,-10.9580,-8.3351,-9.5303,-6.0978,-1.0000,2
*CCCCCCCCCCCCCCCCCCCCCOC(=O)NCCCCNC(=O)CCCCSCCCCCCCCCCCC(=O)Nc1ccc(-c2ccc(NC(=O)CO*)s2)cc1,CN(C)C(=N)N=C(N)N,15.1433,-1.2438,134.8600,3.5245,-6.9955,-6.4390,-9.5303,-6.0978,-1.0000,2
*CCCCCOC(=O)Nc1ccc(NC(=O)c2ccc(C(=O)O*)cc2)cc1,CN(C)C(=N)N=C(N)N,4.3758,-1.2438,93.7300,1.7612,-8.0686,-6.8935,-9.4967,-5.9678,-1.0000,2
*CCCCCCCCCCCC/C=C/C(=O)NCCCCCCNC(=O)c1ccc(C(=O)N*)c(C)c1,CN(C)C(=N)N=C(N)N,6.3675,-1.2438,87.3000,2.4325,-10.3289,-7.4375,-9.4403,-5.9710,-2.0000,2
*CCSCCCCCCCN(*)C(=O)OCCCCCCCCCCCOC(=O)C(C)OC,CN(C)C(=N)N=C(N)N,6.5052,-1.2438,65.0700,2.9818,-9.6442,-6.6680,-9.5114,-6.1328,-1.0000,2
*CCCCOC(=O)NCCCC(=O)NCCCCCNC(=O)O*,CN(C)C(=N)N=C(N)N,1.8470,-1.2438,105.7600,2.1213,-10.5889,-5.7521,-9.0696,-5.2057,-1.0000,2
*OC(=O)NC(=O)OCCCCCC(=O)Nc1ccccc1C(=O)OC(C)C(*)=O,CN(C)C(=N)N=C(N)N,2.3339,-1.2438,137.1000,2.9278,-8.4530,-7.9836,-9.5303,-6.0978,-1.0000,2
*CCCCOC(=O)CNCCCCNC(=O)CCCCOC(=O)OC(=O)c1ccc(C(=O)NCCCCCNC(=O)Nc2ccc(/C=N/c3ccc(O*)cc3)cc2)cc1,CN(C)C(=N)N=C(N)N,6.1576,-1.2438,211.8500,3.2688,-8.3169,-7.4537,-9.4403,-5.9710,-1.0000,2
*CCCCC(=O)NCCCCCCCNC(=O)OC1CNC(=O)CC1*,CN(C)C(=N)N=C(N)N,2.2481,-1.2438,96.5300,2.8502,-10.5698,-5.8842,-9.5114,-6.1328,-2.0000,2
*Oc1ccc(OC(=O)c2ccc(OCC(=O)CCCC(*)=O)cc2)cc1OC,CN(C)C(=N)N=C(N)N,2.9371,-1.2438,88.1300,2.2323,-7.8761,-7.6736,-9.4403,-5.9710,-1.0000,2
*/C=C/C/c1ccc(C(=O)OCCCCCCCCCCOCC(=O)CCSCC(=O)Nc2ccc(*)nc2)cc1,CN(C)C(=N)N=C(N)N,6.4354,-1.2438,94.5900,3.0347,-10.1448,-7.5542,-9.0738,-5.4119,-1.0000,2
*COC(=O)c1cccc(C(C)(C)c2ccc(OC(=O)OCCCCCCCC(=O)O*)cc2)c1,CN(C)C(=N)N=C(N)N,5.7397,-1.2438,88.1300,2.3274,-10.9039,-7.4508,-9.5303,-6.0978,-1.0000,2
*C(=O)CCCC(C)CNC(=O)c1c(Br)cc(C(=O)NN*)c(C)c1C,CN(C)C(=N)N=C(N)N,2.4045,-1.2438,87.3000,3.2279,-10.8547,-7.5177,-9.5303,-6.0978,-1.0000,2
*Oc1ccc(NC(=O)CCCCC(=O)NNc2ccc(*)cc2CC)cc1,CN(C)C(=N)N=C(N)N,3.5968,-1.2438,79.4600,2.0269,-9.9085,-6.4592,-9.5303,-6.0978,-3.0000,2
*CCOCCOCCOC(=O)c1ccc(C(=O)Nc2ccc(SNC(=O)CCCCCCCCCCCCCCCC(=O)Nc3ccc(NC(=O)CCO*)cc3)cc2)cc1,CN(C)C(=N)N=C(N)N,9.0832,-1.2438,170.3900,3.1765,-8.1698,-7.2040,-9.5114,-6.1328,-2.0000,2
*CCCCCNC(=O)CCCCC(=O)NCCCCCCCCNC(=O)c1ccc(C(=O)O*)cc1,CN(C)C(=N)N=C(N)N,4.4382,-1.2438,113.6000,2.1487,-10.6074,-7.9135,-9.4403,-5.9710,-2.0000,2
*Nc1ccc(NC(=O)Nc2ccc(Cc3ccc(NC(=O)NCc4ccc(*)cc4)cc3)cc2)cc1,CN(C)C(=N)N=C(N)N,5.8253,-1.2438,94.2900,1.9766,-9.4978,-6.2828,-9.4403,-5.9710,-2.0000,2
*Nc1ccc(Nc2ccc(NC(=O)c3ccc(NC(=O)c4ccc(*)cc4)cc3)cc2)cc1,CN(C)C(=N)N=C(N)N,5.5170,-1.2438,82.2600,1.7083,-7.4145,-6.8067,-9.3593,-5.8504,-1.0000,2
*OC(C)C(=O)NC(=O)NC(=O)N(CCCCCCCCN)CCC(=O)NCCCCCCCCCOC(=O)c1ccc(C(=O)O*)cc1,CN(C)C(=N)N=C(N)N,3.7065,-1.2438,195.4600,3.3630,-7.9884,-7.3373,-9.5303,-6.0978,-1.0000,2
*OCCCCCCSCCCCCCCCCCSCNC(=O)CCCCC(=O)NCCCCCCCCOC(=O)NCc1ccc(C(=O)O*)cc1,CN(C)C(=N)N=C(N)N,8.8418,-1.2438,132.0600,3.1354,-7.6454,-6.6314,-9.5114,-6.1328,-3.0000,2
*OC(=O)c1ccc(C(C)(C)c2cccc(OC(=O)CCCCCCC(*)=O)c2)Occ1,CN(C)C(=N)N=C(N)N,4.8479,-1.2438,78.9000,3.2311,-8.1002,-7.4969,-9.4403,-5.9710,-1.0000,2
*CCCCCCCCCCCCSC(=O)Sc1ccc(CCc2ccc(NC(=O)CCCCCCCCCCCC(=O)Nc3ccc(C(=O)O*)cc3)cc2)cc1,CN(C)C(=N)N=C(N)N,13.9045,-1.2438,101.5700,2.9677,-8.4926,-7.5891,-8.9803,-5.1653,-1.0000,2
*CCCCCCCCCCCCCCCCCCCCCCOC(=O)NCCCCCCCCCCCNC(=O)CC(=O)O*,CN(C)C(=N)N=C(N)N,10.6363,-1.2438,93.7300,2.4600,-10.7095,-7.2605,-9.2335,-5.4206,-2.0000,2
*C(=O)Nc1ccccc1OCCOC(=O)CCCC(=O)Oc1ccc(C(=O)Oc2ccc(O*)cc2)cc1,CN(C)C(=N)N=C(N)N,3.8776,-1.2438,126.4600,2.4457,-7.8797,-7.1342,-9.5114,-6.1328,-1.0000,2
*Oc1ccc(CC(=O)c2ccc(OCCCCCCCCCCOc3ccc(C(=O)c4ccc(C(*)=O)cc4)cc3O)cc2)cc1,CN(C)C(=N)N=C(N)N,8.1453,-1.2438,99.1300,2.5950,-8.5479,-7.7103,-9.5303,-6.0978,-1.0000,2
*CCCCCCCOC(=O)C/C=C/CCCCNC(=O)OCCNC(=O)C/C=C/C(=O)c1ccc(O*)cc1,CN(C)C(=N)N=C(N)N,4.9938,-1.2438,120.0300,2.8755,-10.4237,-7.6543,-9.4403,-5.9710,-3.0000,2
*CCCCCCCCCCCCCCNc1ccc(NC(=O)CCCCCCc2ccc(C(=O)NCCCCCCCCNC(=O)c3ccc(O*)cc3)cc2)cc1,CN(C)C(=N)N=C(N)N,12.1373,-1.2438,108.5600,2.7612,-6.8822,-6.5409,-9.4967,-5.9678,-4.0000,2
*CCCCCCCC(=O)NCCc1ccc(NC(=O)CCCC(=O)N*)cc1,CN(C)C(=N)N=C(N)N,3.2999,-1.2438,87.3000,1.9309,-10.2424,-6.5106,-9.4967,-5.9678,-1.0000,2
*CCOC(=O)c1ccc(/C=N/c2ccc(-c3ccc(C(=O)NNc4ccc(Cc5ccc(N*)cc5)cc4)cc3)cc2)cc1,CN(C)C(=N)N=C(N)N,7.2108,-1.2438,91.8200,2.4965,-8.1983,-7.1833,-9.4403,-5.9710,-1.0000,2
*CCC(=O)OCCCCCCCCCOC(=O)c1ccc(C(=O)OCCCOc2ccc(O*)cc2)cc1,CN(C)C(=N)N=C(N)N,5.8588,-1.2438,97.3600,2.3130,-8.2244,-6.8591,-9.2335,-5.4206,-1.0000,2
*Sc1ccc(C(=O)OCCCOCCOC(=O)c2ccc(Sc3ccc(*)c(OC)c3)cc2)cc1,CN(C)C(=N)N=C(N)N,5.5556,-1.2438,71.0600,2.4485,-7.9250,-7.6458,-9.4403,-5.9710,-1.0000,2
*CCCCCCCC(=O)OCCOCCOC(=O)OCCCCCCCNC(=O)CCCCCCC(=O)OCCNCC(=O)O*,CN(C)C(=N)N=C(N)N,4.6846,-1.2438,164.7900,2.8694,-10.1742,-6.8289,-9.5303,-6.0978,-2.0000,2
*CCCCCCCCCCCOCCOC(=O)NCCc1ccc(NC(=O)CCSC(=O)NCC(=O)/C=C/c2ccc(*)cc2)cc1,CN(C)C(=N)N=C(N)N,7.5566,-1.2438,122.8300,2.9078,-8.3148,-6.6365,-9.0738,-5.4119,-2.0000,2
*CCCCCCCCCCCCCCCCOC(=O)c1ccc(C(=O)OCCCCCCCOC(=O)Nc2ccc(NC(=O)CCCCCC(*)=O)cc2)cc1,CN(C)C(=N)N=C(N)N,11.7686,-1.2438,137.1000,2.8080,-8.0759,-7.3199,-9.5303,-6.0978,-2.0000,2
*OC(Cl)OC(=O)Nc1cc(Cc2c(C)cc(*)nc2)c1OC(C)=O,CN(C)C(=N)N=C(N)N,1.8881,-1.2438,86.7500,3.8974,-8.5958,-6.9600,-9.4403,-5.9710,-1.0000,2
*OC(=O)c1c(Br)c(*)c(S(=O)(=O)OCCCC)c(Cl)c1Cl,CN(C)C(=N)N=C(N)N,3.9595,-1.2438,69.6700,2.7539,-11.7943,-8.6309,-9.5303,-6.0978,-1.0000,2
*CCCCCCCCCCOP(=O)(O*)c1ccc(/N=N/c2ccc([N+](=O)[O-])cc2)cc1,CN(C)C(=N)N=C(N)N,6.9782,-1.2438,103.3900,3.1764,-8.9911,-7.4464,-9.4403,-5.9710,-1.0000,2
*Oc1ccc(Oc2ccc(OC(=O)NCCCCCCSCC(*)=O)cc2)cc1,CN(C)C(=N)N=C(N)N,4.7654,-1.2438,73.8600,2.3905,-7.8511,-6.5141,-9.0263,-5.4164,-1.0000,2
*CCN(CCOC(=O)NCCC(CCC)C)C(=O)OCCCOc1ccc(C(=O)O*)cc1,CN(C)C(=N)N=C(N)N,4.1647,-1.2438,103.4000,2.8911,-10.6403,-7.3591,-9.4403,-5.9710,-1.0000,2
*Nc1c(C)cc(C(*)=O)cc1/C=C/c1ccc(OC(=O)OCc2ccc(OC)cc2)cc1O,CN(C)C(=N)N=C(N)N,4.9899,-1.2438,94.0900,2.6889,-10.1227,-7.4593,-9.4967,-5.9678,-1.0000,2
*CCc1ccc([N+](=O)[O-])cc1OCC(=O)c1ccc(O*)cc1,CN(C)C(=N)N=C(N)N,3.1245,-1.2438,78.6700,1.9988,-8.8545,-8.1201,-9.4180,-5.9999,-1.0000,2
*Oc1ccc(NC(=O)c2ccc(C(=O)OCCOC(=O)c3ccc(C(*)=O)cc3)cc2)cc1C(C)C,CN(C)C(=N)N=C(N)N,4.5942,-1.2438,108.0000,2.2488,-8.6778,-8.0685,-9.5114,-6.1328,-1.0000,2
*CCOCCOc1ccc(CCCCOc2ccc([N+](=O)[O-])cc2)cc1C(=O)O*,CN(C)C(=N)N=C(N)N,4.1100,-1.2438,97.1300,2.1269,-8.7131,-7.4532,-9.5303,-6.0977,-1.0000,2
*CN(CCCNC(=O)/C=C(\Cl)C(=O)Nc1ccc(C(=O)O*)cc1)c1ccccc1,CN(C)C(=N)N=C(N)N,3.0887,-1.2438,87.7400,2.3795,-7.7613,-6.9135,-9.5114,-6.1328,-2.0000,2
*CCCOC(=O)NCCCOCCOCCCCNC(=O)CCCCCC(=O)O*,CN(C)C(=N)N=C(N)N,2.4774,-1.2438,112.1900,2.3179,-10.4285,-6.5767,-9.0697,-5.2057,-3.0000,2
*CCCCCOC(=O)CCCCC(=O)Oc1ccc(C(=O)OCCCCOc2ccc(O*)cc2)cc1,CN(C)C(=N)N=C(N)N,5.6074,-1.2438,97.3600,2.2709,-7.7494,-7.0183,-8.9804,-5.1653,-1.0000,2
*CCCCCCCCCCCCCCCCOC(=O)CNCCCCSCCNC(=O)c1ccc(C(=O)N*)cc1,CN(C)C(=N)N=C(N)N,6.6428,-1.2438,96.5300,2.5655,-7.6408,-6.7240,-9.5114,-6.1328,-2.0000,2
*CCCCCCCCCOC(=O)/C=C/C(=O)OCCCCCCCCCOc1ccc(C(=O)O*)cc1,CN(C)C(=N)N=C(N)N,6.8875,-1.2438,88.1300,2.3663,-8.6693,-7.3348,-9.5114,-6.1328,-1.0000,2
*Oc1ccc(CCCC[Se]C(=O)OC(=O)c2ccc(*)nc2)cc1,CN(C)C(=N)N=C(N)N,3.2094,-1.2438,65.4900,2.7493,-8.8908,-7.9604,-9.4403,-5.9710,-1.0000,2
*CCCCCCCS(=O)(=O)CCCCC(=O)NCCCCCNC(=O)CCC(=O)Nc1ccc(NC(=O)N[SH]*)cc1,CN(C)C(=N)N=C(N)N,4.0621,-1.2438,162.5700,2.8461,-5.6352,-4.8981,-9.5114,-6.1328,-2.0000,2
*CCCCCCCNC(=O)c1ccc(NC(=O)CCCC(=O)NCCCCCCNC(=O)c2ccc(NC(=O)N*)cc2)cc1,CN(C)C(=N)N=C(N)N,5.0928,-1.2438,157.5300,2.3763,-10.2593,-7.0253,-9.4403,-5.9710,-4.0000,2
*CCOc1ccc(/C=C/c2ccc(OC(=O)NCCSCCNC(=O)Oc3ccc(O*)cc3)cc2)cc1,CN(C)C(=N)N=C(N)N,5.5715,-1.2438,95.1200,2.5077,-9.9543,-6.8781,-9.4967,-5.9678,-3.0000,2
*C[N+](*)C(=O)NCCCCCCNC(=O)c1ccc(C(C)(C)C)cc1,CN(C)C(=N)N=C(N)N,1.9629,-1.2438,64.1000,2.6279,-10.1886,-6.6924,-9.5114,-6.1328,-2.0000,2
*Oc1ccc(C(=O)OCCCCOc2ccc(C(C)(CC)c3ccc(OC(C)CCC(*)=O)cc3)cc2)cc1,CN(C)C(=N)N=C(N)N,6.8706,-1.2438,71.0600,3.3153,-7.4693,-7.3094,-9.5303,-6.0978,-1.0000,2
*CCCCCCCCCCCCOC(=O)CSCCCCCNC(=O)NCCOC(=O)CCOc1ccc(C(=O)O*)cc1,CN(C)C(=N)N=C(N)N,6.3637,-1.2438,129.2600,2.6839,-7.3951,-7.0420,-9.0738,-5.4119,-1.0000,2
*CCCCCCCCCCCCCCCCCCCNC(=O)c1ccc(NC(=O)CCCCCC(=O)N*)cc1,CN(C)C(=N)N=C(N)N,8.4423,-1.2438,87.3000,2.2789,-10.2750,-6.8650,-9.5303,-6.0978,-1.0000,2
*CCCCCCCCCCCCCCCCC(=O)NNCCCCCCCNC(=O)CCCCCCCCCNC(=O)C(=O)S*,CN(C)C(=N)N=C(N)N,8.2387,-1.2438,116.4000,2.7340,-8.3568,-6.0686,-9.4403,-5.9710,-2.0000,2
*OC(=O)OCCCCCCNC(=O)CCCCCCCC(*)=O,CN(C)C(=N)N=C(N)N,3.2872,-1.2438,81.7000,2.2581,-10.4255,-7.3777,-9.0738,-5.4119,-1.0000,2
*CCCCCCCCCCCOC(=O)CCCCC(=O)OCCSCCNC(=O)c1ccc(OC)c(O*)c1,CN(C)C(=N)N=C(N)N,6.0414,-1.2438,100.1600,2.5423,-9.9821,-6.8866,-9.0738,-5.4119,-1.0000,2
*NNC(=O)CCCCCCCCCCCCCC(=O)OCCOC(=O)SCCCCCCCCOC(*)=O,CN(C)C(=N)N=C(N)N,5.9742,-1.2438,120.0300,2.9132,-10.6855,-6.9141,-9.5114,-6.1328,-1.0000,2
*CCCCCCCCCCCCCCCCCNC(=O)COC(=O)Cc1ccc(O*)cc1,CN(C)C(=N)N=C(N)N,6.4655,-1.2438,64.6300,2.1337,-10.3481,-6.6750,-9.3593,-5.8504,-1.0000,2
*CCCCCCCCCCCCCCCCCCCOC(=O)CCCCCCCC(=O)OCCCOC(=O)CCCOC(=O)CCCCCCS(=O)(=O)O*,CN(C)C(=N)N=C(N)N,10.5501,-1.2438,148.5700,2.7275,-11.0632,-6.6722,-9.4967,-5.9679,-1.0000,2
*CCCCCCOC(=O)CS(=O)(=O)CCCCC(=O)OC(C)(C)CC(=O)O*,CN(C)C(=N)N=C(N)N,2.4915,-1.2438,113.0400,2.6869,-11.3695,-7.0021,-9.0738,-5.4119,-1.0000,2
*CCCCCCCCCCOC(=O)C(C#N)C(=O)OCC(=O)O*,CN(C)C(=N)N=C(N)N,2.4379,-1.2438,102.6900,2.8898,-11.2327,-7.7947,-9.4403,-5.9710,-1.0000,2
*CCCCCCCOC(=O)NCCCCCCSSC(=O)OCCOC(=O)O*,CN(C)C(=N)N=C(N)N,5.4560,-1.2438,100.1600,2.7937,-10.5056,-7.6526,-9.5303,-6.0977,-2.0000,2
*CCOCCOCOc1c(C)cc(C(=O)O*)c(OCC(F)(F)F)c1F,CN(C)C(=N)N=C(N)N,3.1628,-1.2438,63.2200,2.7928,-11.0382,-7.9024,-9.5114,-6.1328,-1.0000,2
*CC(CCCCCCCCCC)CC(=O)NNC(=O)CCOC(=O)C(=O)NCCCCS*,CN(C)C(=N)N=C(N)N,3.4503,-1.2438,113.6000,3.1227,-7.6593,-6.8276,-9.5114,-6.1328,-2.0000,2
*CCCCCCCCCCCCCCOc1ccc(C(=O)OCCNC(=O)c2ccc(C(=O)O*)cc2SC)cc1,CN(C)C(=N)N=C(N)N,7.7734,-1.2438,90.9300,2.4478,-8.1865,-7.2467,-9.5303,-6.0978,-1.0000,2
*CCC(=O)NCCCSCCCNC(=O)NCCCCNC(=O)CCCCCC(=O)N*,CN(C)C(=N)N=C(N)N,1.6574,-1.2438,128.4300,2.4831,-9.7191,-5.9056,-9.0738,-5.4119,-3.0000,2
*OCCCCCCCCCCCCCCCCCCCCNC(=O)C(C)CCCCS(*)(=O)=O,CN(C)C(=N)N=C(N)N,6.5345,-1.2438,72.4700,3.2372,-10.5081,-6.3362,-9.5303,-6.0977,-1.0000,2
*CCCCCCOC(=O)CCCCCCCCCCCCCCCCCC(=O)OCCCCOC(=O)O*,CN(C)C(=N)N=C(N)N,8.7596,-1.2438,88.1300,2.2573,-11.1134,-6.4576,-9.5303,-6.0978,-1.0000,2
*CCCCOCC(=O)c1ccc(-c2ccc(C(=O)NCCCNC(=O)O*)cc2)cc1,CN(C)C(=N)N=C(N)N,3.7405,-1.2438,93.7300,2.0818,-8.0214,-7.2582,-9.5303,-6.0978,-1.0000,2
*Oc1ccc(Oc2ccc(C(=O)c3cc(OCCCCCCCCCCC)c(OC(=O)c4ccc(*)nc4)cc3C#N)cc2)cc1,CN(C)C(=N)N=C(N)N,8.8110,-1.2438,107.7400,2.7062,-8.1070,-7.5811,-9.5303,-6.0978,-1.0000,2
*CCCCCCOC(=O)c1ccc(OCCCCC)cc1C(=O)O*,CN(C)C(=N)N=C(N)N,4.6909,-1.2438,61.8300,1.9293,-10.8472,-7.5086,-9.5114,-6.1328,-1.0000,2
*CC(Cl)(CCCl)C(C)(C)NC(=O)CC(=O)NNC(=O)CCCCCCC(=O)N*,CN(C)C(=N)N=C(N)N,1.8710,-1.2438,116.4000,3.4398,-10.4986,-6.4635,-9.4403,-5.9710,-3.0000,2
*Cc1cccc(CNC(=O)NCCCCCCOC(=O)c2ccc(C(=O)O*)cc2)c1,CN(C)C(=N)N=C(N)N,3.9098,-1.2438,93.7300,1.9793,-8.2694,-6.8823,-9.5114,-6.1327,-2.0000,2
*CCCOCCOCCOC(=O)C(CCCCCCCCCCCCCCCCCCCCC)C(=O)O*,CN(C)C(=N)N=C(N)N,8.4955,-1.2438,71.0600,2.9159,-10.8912,-6.8426,-9.5303,-6.0978,-1.0000,2
*Nc1ccc(NC(=O)c2ccc(C(=O)NNC(=O)CCSc3ccc(*)cc3)cc2)cc1,CN(C)C(=N)N=C(N)N,3.4645,-1.2438,99.3300,2.0099,-7.8277,-6.8372,-9.5303,-6.0978,-3.0000,2
*CCCCCC(=O)OCCCCCNC(=O)C/C=C/c1ccc(C(=O)NCCCCCNC(=O)C(=O)CC(=O)N*)cc1,CN(C)C(=N)N=C(N)N,2.9607,-1.2438,159.7700,2.8343,-8.4157,-7.1351,-9.0263,-5.4164,-1.0000,2
*O[Si](C)(C)CCOc1ccc(OC(=O)c2ccc(C(=O)Nc3ccc(NC(=O)c4ccc(*)cc4)cc3)cc2)cc1,CN(C)C(=N)N=C(N)N,5.9866,-1.2438,102.9600,2.3142,-7.9481,-7.2461,-9.2335,-5.4206,-1.0000,2
*CCCCCCCCC(=O)NCCCCCCCCCNC(=O)C(CCCCCCCCC)NC(=O)CCC(=O)N*,CN(C)C(=N)N=C(N)N,6.5911,-1.2438,116.4000,2.9287,-10.3556,-6.0306,-9.0263,-5.4164,-1.0000,2
*CNC(=O)CCCCOC(=O)NCCCNC(=O)CCCCCCC(=O)O*,CN(C)C(=N)N=C(N)N,1.5604,-1.2438,122.8300,2.2079,-10.4901,-6.2969,-9.5303,-6.0978,-3.0000,2
*CC(O)COc1ccc(NC(=O)CCCCCC(=O)NNC(=O)CCCCCC(=O)Nc2ccc(C(=O)O*)cc2)cc1,CN(C)C(=N)N=C(N)N,3.7700,-1.2438,172.1600,2.8668,-7.6001,-6.6712,-9.4403,-5.9710,-4.0000,2
*CCCCCCCCCC(=O)NCCSCCCCCCNC(=O)CCCCCCCCCCC(=O)N*,CN(C)C(=N)N=C(N)N,7.0394,-1.2438,87.3000,2.4570,-9.9636,-5.7250,-9.5303,-6.0978,-2.0000,2
*NNC(=O)c1ccc(C(=O)NCCCCCCCCNC(=O)c2ccc(C(=O)N*)cc2)cc1,CN(C)C(=N)N=C(N)N,1.8894,-1.2438,128.4300,1.9800,-10.6494,-7.6665,-9.5114,-6.1328,-2.0000,2
*CC#CCCCCCCCCNC(=O)CCCCCCCCCCCCC(=O)NCCCCCCNC(=O)C(=O)N*,CN(C)C(=N)N=C(N)N,5.8159,-1.2438,116.4000,2.6199,-10.1118,-7.3949,-9.5303,-6.0978,-3.0000,2
*CCCCCCCCCCCOc1ccc(C(=O)NNc2ccc(Cc3ccc(N(C)CC(=O)O*)cc3)cc2)cc1,CN(C)C(=N)N=C(N)N,7.4647,-1.2438,79.9000,2.4476,-6.8809,-6.4326,-9.5114,-6.1328,-2.0000,2
*CCCCCCCCCCOC(=O)Nc1ccc(NC(=O)c2ccc(/N=N/c3ccc(C(=O)Nc4ccc(*)cc4)cc3)cc2)cc1,CN(C)C(=N)N=C(N)N,10.2958,-1.2438,121.2500,2.4771,-8.7066,-7.2464,-9.5114,-6.1328,-1.0000,2
*CCOC(=O)C(OCO)COC(=O)CCCCCCCC(=O)OCCCCOCC(=O)O*,CN(C)C(=N)N=C(N)N,1.5830,-1.2438,143.8900,3.1652,-11.0216,-7.0773,-9.5303,-6.0978,-1.0000,2
*Nc1ccc(NC(=O)CCCCCCC(=O)Nc2ccc(C(=O)NCCCCNC(=O)c3ccc(*)cc3)cc2)cc1,CN(C)C(=N)N=C(N)N,5.1266,-1.2438,128.4300,2.1644,-9.6578,-7.0658,-9.0738,-5.4119,-1.0000,2
*CCCCCCCCCNC(=O)CCCOCCCCCSCCCCCCCCCSCC(=O)CCCCCCC(=O)O*,CN(C)C(=N)N=C(N)N,10.0117,-1.2438,81.7000,2.8951,-7.3594,-6.5872,-9.4967,-5.9678,-2.0000,2
*CCCCC(=O)NC/C=C/C(=O)SCCCCC(*)=O,CN(C)C(=N)N=C(N)N,2.4780,-1.2438,63.2400,2.8414,-10.6617,-7.8666,-9.4403,-5.9710,-1.0000,2
*CC(O)COC(=O)c1ccc(C(=O)Nc2ccc(C(=O)O*)cc2SS(=O)(=O)O[Na])cc1,CN(C)C(=N)N=C(N)N,1.6117,-1.2438,145.3000,3.3539,-9.0207,-8.4385,-9.0738,-5.4119,-2.0000,2
*CCCCCCCCOC(=O)Nc1ccc(C(=O)OC(C)=O)c(*)c1,CN(C)C(=N)N=C(N)N,4.2989,-1.2438,81.7000,2.0183,-11.0385,-8.0335,-9.5303,-6.0978,-1.0000,2
*CCOC(=O)OC(=O)Nc1ccc(Cc2ccc(Nc3ccc(C(=O)O*)cc3)cc2)cc1,CN(C)C(=N)N=C(N)N,5.4242,-1.2438,102.9600,2.1804,-9.9053,-7.2740,-9.4403,-5.9710,-2.0000,2
*OC(COC(=O)c1ccc(Oc2ccc(C)cc2)cc1)c1ccc(NC(=O)O*)cc1,CN(C)C(=N)N=C(N)N,4.7676,-1.2438,83.0900,2.4791,-10.5083,-7.6156,-9.4403,-5.9710,-1.0000,2
*C#CCCCCCOc1ccc(/C=C/c2ccc(OCCCCOc3ccc(/C=N/c4ccc([N+](=O)[O-])cc4)cc3)cc2CCOCCOC(=O)c2ccc(O*)cc2)cc1,CN(C)C(=N)N=C(N)N,10.4479,-1.2438,127.9500,3.3672,-7.9907,-7.4372,-9.4967,-5.9678,-1.0000,2
*CCCCCCOc1ccc(/N=N/c2ccc(OCCCOC(=O)c3ccc(O*)cc3)cc2)cc1,CN(C)C(=N)N=C(N)N,7.3926,-1.2438,78.7100,2.3386,-7.9136,-7.2358,-9.5303,-6.0978,-1.0000,2
*Oc1ccc(CCCc2ccc(OC(=O)c3ccc(C(=O)Oc4ccc(C(*)=O)cc4)c(C)c3)cc2)cc1,CN(C)C(=N)N=C(N)N,6.1268,-1.2438,78.9000,2.2943,-8.1162,-7.0223,-9.4967,-5.9678,-1.0000,2
*Cc1ccc(CSSC(=O)Nc2ccc(CCNC(=O)CCCCCCC(*)=O)cc2)cc1,CN(C)C(=N)N=C(N)N,6.3067,-1.2438,75.2700,2.5372,-7.7666,-7.3048,-9.4403,-5.9710,-1.0000,2
*CCCCCCCCCCCCCCC(=O)NNCC(=O)c1ccc(C(=O)N*)cc1,CN(C)C(=N)N=C(N)N,4.6802,-1.2438,87.3000,2.2889,-8.2333,-6.8796,-9.0738,-5.4119,-1.0000,2
*OC(=O)OCc1ccc(NC(=O)SCCCCC(=O)NCCCCCS*)cc1,CN(C)C(=N)N=C(N)N,4.5329,-1.2438,93.7300,2.5809,-9.9043,-7.2177,-9.5303,-6.0978,-3.0000,2
*CCCCCC(=O)OCCCCCCOC(=O)c1ccc(S(=O)(=O)c2ccc(C(=O)O*)cc2)cc1,CN(C)C(=N)N=C(N)N,5.0583,-1.2438,113.0400,2.2083,-11.1345,-8.4052,-9.4967,-5.9678,-1.0000,2
*Nc1ccc(Cc2ccc(NC(=O)c3ccc(C(=O)NNc4ccc(CNC(=O)c5ccc(*)cc5)cc4)cc3)cc2)cc1,CN(C)C(=N)N=C(N)N,5.7988,-1.2438,111.3600,2.2502,-7.6063,-7.0635,-9.5114,-6.1328,-2.0000,2
*CCCCCCCCCCOC(=O)C(CCCCCC(=O)O*)c1ccc(/C=N/c2ccc(OCCCCCCCCCCC)cc2)cc1,CN(C)C(=N)N=C(N)N,12.1494,-1.2438,74.1900,3.2571,-7.4710,-6.7079,-9.5303,-6.0978,-1.0000,2
*OC(C)CCOC(=O)COCCCCCCOC(=O)CCCCC(=O)OC(=O)O*,CN(C)C(=N)N=C(N)N,2.2023,-1.2438,123.6600,3.0684,-11.0152,-7.7839,-9.5114,-6.1328,-1.0000,2
*CCOc1ccc(C(=O)OCCCCCCCCCCCCCCCCCCCOc2ccc(S(=O)(=O)c3ccc(O*)cc3)cc2)cc1,CN(C)C(=N)N=C(N)N,10.4912,-1.2438,88.1300,2.5071,-10.6324,-7.1989,-8.9803,-5.1653,-1.0000,2
*CCCCCCOC(=O)c1ccc(C(=O)NCCCCCCNC(=O)c2ccc(C(=O)O*)cc2)c(C(=O)O)c1CCCCC,CN(C)C(=N)N=C(N)N,6.2730,-1.2438,148.1000,2.6077,-10.7012,-8.0049,-9.4179,-5.9999,-3.0000,2
*CSCCOc1ccc(C(=O)Oc2ccc(O*)cc2)cc1O,CN(C)C(=N)N=C(N)N,3.0588,-1.2438,64.9900,2.1004,-10.1421,-7.4480,-9.4179,-5.9999,-1.0000,2
*NNC(=O)CCCCCC(=O)NNC(=O)c1ccc(C(=O)NCCCCCCCNC(=O)c2ccc(C(*)=O)cc2)cc1,CN(C)C(=N)N=C(N)N,2.3108,-1.2438,174.6000,2.4912,-8.3356,-7.9139,-9.0738,-5.4119,-3.0000,2
*OC(C)COc1ccc(C(=O)NCCCCC(*)=O)cc1,CN(C)C(=N)N=C(N)N,1.5452,-1.2438,64.6300,2.4584,-10.4927,-7.3145,-9.5114,-6.1328,-1.0000,2
*CCCCCCCCC(=O)NCCCCNC(=O)CCCCCCOC(=O)c1ccc(C(=O)NCCNC(=O)c2ccc(CC(=O)Nc3ccc(N(*)C)cc3)cc2)cc1,CN(C)C(=N)N=C(N)N,6.9398,-1.2438,175.0400,2.9153,-7.9136,-7.0393,-9.5303,-6.0978,-1.0000,2
*/C=C/C(OCCCCCCCCCCCC)COC(=O)Nc1ccc(C(=O)NCCCNC(*)=O)cc1,CN(C)C(=N)N=C(N)N,5.5931,-1.2438,105.7600,3.4887,-10.6685,-7.1543,-9.0738,-5.4119,-1.0000,2
*CCCCCCCCCCCCCCCCCCNC(=O)NCCOC(=O)c1ccc(SC(=O)CS*)cc1,CN(C)C(=N)N=C(N)N,7.9526,-1.2438,84.5000,2.6850,-8.2984,-7.7569,-9.0173,-5.2052,-1.0000,2
*CCCC(=O)NNC(=O)CCC(=O)NCCCCCCCCNC(=O)COC(=O)NCCCCCNC(=O)S*,CN(C)C(=N)N=C(N)N,1.8230,-1.2438,183.8300,2.7456,-10.5723,-6.5250,-9.5114,-6.1328,-6.0000,2
*CCCCCNC(=O)Cc1ccc(C(=O)NCCCCNC(=O)O*)cc1,CN(C)C(=N)N=C(N)N,2.3131,-1.2438,96.5300,1.9386,-10.5257,-7.0278,-9.5303,-6.0978,-1.0000,2
*CCCCCCCCCCCCCCCC/C=C/C(=O)SCCCCCCNC(=O)C(=O)N*,CN(C)C(=N)N=C(N)N,6.8357,-1.2438,75.2700,2.6815,-8.3189,-7.3488,-9.5303,-6.0978,-1.0000,2
*CCCCCCCCCCCCOc1ccc(C(=O)Nc2ccc(C(=O)NCC(=O)CCC(=O)O)cc2)cc1*,CN(C)C(=N)N=C(N)N,6.4023,-1.2438,121.8000,2.2701,-10.4923,-7.4998,-9.5303,-6.0978,-2.0000,2
*CC(*)(CCl)C(=O)OCCCOc1ccc(/N=N/c2ccc(/N=N/c3ccc(O)cc3)cc2)cc1,CN(C)C(=N)N=C(N)N,7.4100,-1.2438,105.2000,3.2562,-8.1233,-6.7757,-9.5114,-6.1328,-1.0000,2
*C(=O)CC(CCCCC)S(=O)(=O)c1ccc(C(=O)O*)cc1,CN(C)C(=N)N=C(N)N,2.6964,-1.2438,77.5100,2.8363,-11.3440,-8.4736,-9.5114,-6.1327,-1.0000,2
*OC(=O)NC(CCCCCCC/N=N/c1ccc(C#N)cc1)C(=O)O*,CN(C)C(=N)N=C(N)N,3.7034,-1.2438,113.1400,3.0603,-8.4401,-7.3072,-9.3593,-5.8504,-1.0000,2
*CNC(=O)OCCOCCOCCOC(=O)c1ccc(OCCCCOCCCCOc2ccc(C(=O)Oc3ccc(C(=O)Nc4ccc(*)cc4)cc3)cc2)cc1,CN(C)C(=N)N=C(N)N,6.7389,-1.2438,166.1800,2.8830,-10.4355,-7.4851,-9.4403,-5.9710,-2.0000,2
*CCCCCCCOC(=O)CCCCCC(=O)OCCCCCCCCCCOc1ccc(-c2ccc(S*)cc2)cc1,CN(C)C(=N)N=C(N)N,10.1492,-1.2438,61.8300,2.5168,-9.9499,-6.6426,-9.0648,-5.4207,-1.0000,2
*Oc1ccc(C(=O)OCCCCCOC(=O)c2ccc(OC(=O)c3ccc(*)cc3)cc2)cc1,CN(C)C(=N)N=C(N)N,4.7955,-1.2438,88.1300,2.0034,-10.8985,-7.7391,-9.3689,-5.8760,-1.0000,2
*Oc1ccc(OC(=O)c2ccc(S(=O)(=O)c3ccc(C(*)=O)cc3)cc2)cc1C(=O)OC,CN(C)C(=N)N=C(N)N,3.0433,-1.2438,113.0400,2.2103,-8.7607,-8.3801,-9.0263,-5.4164,-1.0000,2
*Oc1cc(CCCCC)c(Oc2ccc(/C=C/c3ccc(OCCCCCCCCCCCCCOC(=O)c4ccc(C(*)=O)cc4)cc3)cc2)cc1OCCCC,CN(C)C(=N)N=C(N)N,13.6059,-1.2438,80.2900,3.0757,-8.5677,-7.0984,-9.4403,-5.9710,-1.0000,2
*CCCCCCNC(=O)c1ccc(NC(=O)CSCCCCC(=O)N*)c(C(=O)O)c1,CN(C)C(=N)N=C(N)N,3.0222,-1.2438,124.6000,2.2419,-7.7215,-7.2971,-9.0738,-5.4119,-2.0000,2
*CCC1CCCC(=O)NCCCCCCNC(=O)NCCCCCCCNC(=O)c2cc(*)ccc2S(=O)(=O)Os1,CN(C)C(=N)N=C(N)N,4.6587,-1.2438,142.7000,4.3759,-7.3654,-7.1065,-9.5303,-6.0978,-3.0000,2
*C[N+](*)(C)CCCOc1ccc(C(=O)Nc2ccc(C(=O)Nc3ccc(OCCCCCCCCCC)cc3)cc2)cc1,CN(C)C(=N)N=C(N)N,6.6241,-1.2438,76.6600,2.6664,-4.2966,-3.4855,-9.4967,-5.9678,-2.0000,2
*Oc1ccc(-c2ccc(OC(=O)c3ccc(C(O)COC(*)=O)cc3)cc2)cc1,CN(C)C(=N)N=C(N)N,3.4848,-1.2438,82.0600,2.6557,-7.8529,-7.1685,-9.4403,-5.9710,-1.0000,2
*CCNC(=O)Nc1ccc(-c2ccc(Cc3ccc(NC(=O)CCCCCCC(=O)N(*)CCC)cc3)cc2)cc1,CN(C)C(=N)N=C(N)N,6.8911,-1.2438,90.5400,2.2417,-9.9385,-6.4322,-9.5303,-6.0978,-2.0000,2
*C(=O)NCCc1ccc(C(=O)Nc2ccc(NC(=O)CCc3ccc(CNC(=O)CCCC(=O)Nc4ccc(C(=O)Nc5ccc(*)cc5)cc4)cc3)cc2)cc1,CN(C)C(=N)N=C(N)N,6.4762,-1.2438,174.6000,2.6541,-10.2135,-7.3431,-9.4403,-5.9710,-2.0000,2
*CCCCCCCCCCCCCNC(=O)CCC(=O)NNCCCCCNC(=O)CC(*)=O,CN(C)C(=N)N=C(N)N,3.6901,-1.2438,116.4000,2.6237,-8.0557,-6.0237,-9.5303,-6.0978,-1.0000,2
*CCCCCCCCCCCCC(=O)NNC(=O)CCCCCCCCCC(=O)NCCCCCNC(=O)CCOCCCO*,CN(C)C(=N)N=C(N)N,6.1475,-1.2438,134.8600,2.5878,-10.4409,-6.5009,-9.0263,-5.4164,-4.0000,2
*CC(C)C(=O)NCCCCNC(=O)NCCCCSCCC(=O)SCCCCCC(=O)N*,CN(C)C(=N)N=C(N)N,3.0470,-1.2438,116.4000,2.7660,-7.5267,-5.9681,-9.4967,-5.9678,-3.0000,2
*CCCCCCCCCCCCC(=O)NCCCCNC(=O)/C=C/C(=O)Nc1ccc(C(=O)N*)cc1,CN(C)C(=N)N=C(N)N,4.6038,-1.2438,116.4000,2.3525,-10.6221,-8.0189,-9.2335,-5.4206,-3.0000,2
*NC(=O)Nc1ccc(NC(=O)CCCCCCCCCCC(*)=O)cc1,CN(C)C(=N)N=C(N)N,4.2156,-1.2438,87.3000,2.0329,-10.0488,-7.3259,-9.4403,-5.9710,-1.0000,2
*C(=O)OCCCCCCCCCCCCCCNC(=O)C(CCCCCCCCCCCCCCCCCCCCCC)C(=O)O*,CN(C)C(=N)N=C(N)N,11.8696,-1.2438,81.7000,3.1686,-10.7207,-6.8673,-9.3593,-5.8504,-1.0000,2
*CCCCCCCCCCCCCOC(=O)OCCCCCCCOC(=O)c1ccc(/N=N/N=N/c2ccc(OCCC#N)cc2)cc1C(=O)O*,CN(C)C(=N)N=C(N)N,11.0314,-1.2438,170.5900,3.3472,-9.5833,-7.8512,-9.5114,-6.1328,-1.0000,2
*OC(=O)c1ccc(C(C)(C)c2ccc(OC(=O)CCCCC(*)=O)cc2)cc1,CN(C)C(=N)N=C(N)N,4.3754,-1.2438,69.6700,2.2271,-10.8436,-7.5106,-9.4967,-5.9678,-1.0000,2
*CCOCCOCCCOC(=O)CCCCCCCCCCC(=O)NC(C)NC(=O)c1ccc(C(=O)O*)cc1,CN(C)C(=N)N=C(N)N,4.4642,-1.2438,129.2600,3.0514,-8.1420,-6.9259,-9.5303,-6.0978,-2.0000,2
*Nc1ccc(NC(=O)SCCCCCCCNC(=O)c2ccc(C(=O)O*)cc2)cc1,CN(C)C(=N)N=C(N)N,4.6126,-1.2438,96.5300,2.2294,-7.9640,-6.7827,-9.5303,-6.0978,-2.0000,2
*CCCCCCOC(=O)c1ccc(C(=O)NNC(=O)c2ccc(C(=O)S*)cc2)cc1,CN(C)C(=N)N=C(N)N,3.5685,-1.2438,101.5700,2.1252,-8.5000,-8.1434,-9.4967,-5.9678,-3.0000,2
*Sc1ccc(C(=O)OCCCCCCOc2ccc(OC(=O)CCCc3ccc(C(*)=O)cc3)cc2)cc1,CN(C)C(=N)N=C(N)N,6.5123,-1.2438,78.9000,2.4466,-7.9819,-7.5696,-9.5114,-6.1328,-1.0000,2
*CCCC(C)CCCOC(=O)c1ccc(C(CC)(C)c2ccc(C(=O)NCCCCOC(=O)c3ccc(S(*)(=O)=O)cc3)cc2)cc1,CN(C)C(=N)N=C(N)N,7.1131,-1.2438,115.8400,3.7702,-8.2252,-7.3780,-9.4403,-5.9710,-1.0000,2
*CCCCCCCNC(=O)c1ccc(-c2ccc(C(=O)NNC(=O)CCCCCCC(=O)N*)cc2)cc1,CN(C)C(=N)N=C(N)N,4.6407,-1.2438,116.4000,2.2109,-10.4222,-7.5209,-9.5303,-6.0978,-3.0000,2
*Oc1ccc(NC(=O)c2ccc(/N=N/c3ccc(C(C)(C)c4ccc(*)cc4)cc3)nc2)cc1,CN(C)C(=N)N=C(N)N,6.7808,-1.2438,75.9400,2.4605,-8.6431,-7.3031,-9.4403,-5.9710,-2.0000,2
*CCCCCCCCCCCCCCCCCCCCCCOc1ccc(OC(=O)c2ccc(C(=O)O*)cc2)cc1,CN(C)C(=N)N=C(N)N,10.8047,-1.2438,61.8300,2.1965,-8.2659,-6.8633,-9.5303,-6.0978,-1.0000,2
*C#CCOC(=O)NCCCCCNC(=O)OCCCCCCCOC(=O)/C=C/C(=O)NCCCCNC(=S)s1ccc(C(=O)NCCCCCCNC(=O)c2ccc(*)o2)cc1,CN(C)C(=N)N=C(N)N,5.2875,-1.2438,215.4300,4.4766,-7.9925,-7.1762,-9.5303,-6.0978,-3.0000,2
*/C=C/C(C)CCNC(=O)CCCCCCCC(=O)NNCCNC(=O)CCCCC(=O)N*,CN(C)C(=N)N=C(N)N,1.8282,-1.2438,128.4300,3.5736,-10.0850,-5.8856,-9.5303,-6.0978,-3.0000,2
*CCCCCCCCCC(=O)/C=C/c1ccc(CNC(=O)CCCCCCC(=O)NCCCCS*)cc1,CN(C)C(=N)N=C(N)N,7.1926,-1.2438,75.2700,2.5367,-7.8360,-6.4586,-9.0738,-5.4119,-3.0000,2
*OC(=O)c1ccc(C(=O)OCCCCCCCCCCCCOC(=O)CCCCCCCC(=O)Oc2ccc(C(*)=S)cc2)cc1,CN(C)C(=N)N=C(N)N,8.6699,-1.2438,105.2000,2.7286,-8.2698,-7.0166,-9.4967,-5.9678,-1.0000,2
*Oc1cccc(P(=O)(OO[Na])c1)c1ccc(-c2ccc(OC(=O)c3ccc(OC(=O)c4ccc(*)cc4)cc3)cc2)cc1,CN(C)C(=N)N=C(N)N,7.4119,-1.2438,97.3600,3.7328,-7.8246,-7.4485,-9.5303,-6.0978,-1.0000,2
*CCCCCCC(=O)OCCCCCCCOC(=O)CCC(=O)OCCCCCCCCCCCC(=O)O*,CN(C)C(=N)N=C(N)N,7.3027,-1.2438,105.2000,2.2516,-11.1307,-6.6324,-9.5114,-6.1328,-1.0000,2
*Cc1ccc(Cc2ccc(NC(=O)Nc3ccc(NC(=O)c4ccc(*)cc4)cc3)cc2)cc1,CN(C)C(=N)N=C(N)N,6.4821,-1.2438,70.2300,1.7753,-9.9574,-7.1635,-9.5303,-6.0978,-1.0000,2
*CCCCCCCC(=O)NCCCCCNC(=O)c1ccc(C(=O)N*)c(CC)c1,CN(C)C(=N)N=C(N)N,3.7247,-1.2438,87.3000,2.1129,-10.5056,-7.2261,-9.2335,-5.4206,-2.0000,2
*OC(=O)CCCCCCCCCOC(=O)c1ccc(C(=O)OCCNC(=O)c2ccc(C(=O)NC(=O)NCCCCCO*)cc2)cc1,CN(C)C(=N)N=C(N)N,4.2376,-1.2438,175.4300,2.6154,-10.8637,-8.2381,-9.0697,-5.2057,-1.0000,2
*Nc1ccc(-c2ccc(NC(=O)CCCC(=O)NCCCCS*)cc2)cc1,CN(C)C(=N)N=C(N)N,3.8708,-1.2438,70.2300,2.0785,-9.8370,-6.8498,-9.0697,-5.2057,-1.0000,2
*CCNC(=O)NCCCCNCCNC(=O)SCCCCS*,CN(C)C(=N)N=C(N)N,1.8281,-1.2438,82.2600,2.7582,-9.8007,-6.1074,-9.5303,-6.0978,-1.0000,2
*CCCCCC(=O)NCOC(=O)NCCCCCCCCCCCNC(=O)OCCCCCCNC(=O)CCCCCCCCOC(=O)C(CC)C(=O)O*,CN(C)C(=N)N=C(N)N,7.6650,-1.2438,187.4600,3.5367,-10.5013,-6.9119,-9.0738,-5.4119,-3.0000,2
*CCCCCCCCCCCCCOC(=O)NCCCCCCCOCCNC(=O)OC(=O)c1ccc(O*)cc1,CN(C)C(=N)N=C(N)N,7.2629,-1.2438,112.1900,2.6221,-10.5310,-7.7584,-8.9804,-5.1653,-1.0000,2
*CCCCCCCCCCCCCCCCCC=CCCC(=O)NC(=O)CCC(=O)NCCCCCCCC(=O)NNC(=O)S*,CN(C)C(=N)N=C(N)N,8.1347,-1.2438,133.4700,2.9447,-10.3592,-7.2092,-9.0263,-5.4164,-3.0000,2
*CCCCCCC(=O)NCCCCCCNC(=O)c1ccc(NC(=O)O*)cc1,CN(C)C(=N)N=C(N)N,4.1533,-1.2438,96.5300,1.9607,-10.4808,-7.0819,-9.4403,-5.9710,-2.0000,2
*CCCCCCCCCCCCOC(=O)CCC(=O)OCCCCCCCCCOC(=O)C1C(C(=O)Nc2ccc(C(=O)O*)cc2)C1=CCC,CN(C)C(=N)N=C(N)N,8.9671,-1.2438,134.3000,3.7729,-10.7646,-7.6383,-9.5303,-6.0978,-1.0000,2
*CCCCCCCCCCCCOC(=O)CCCOC(=O)CCCC(=O)O*,CN(C)C(=N)N=C(N)N,5.0288,-1.2438,78.9000,2.1239,-11.0979,-6.6558,-9.5303,-6.0978,-1.0000,2
*CCN(*)C(=O)CSSCCCCCCOc1ccc(C(=O)Oc2ccc(/C=C/c3ccc(-c4ccc([N+](=O)[O-])cc4)cc3)cc2)cc1,CN(C)C(=N)N=C(N)N,9.1081,-1.2438,98.9800,2.7847,-8.8333,-7.4227,-9.5303,-6.0978,-1.0000,2
*CCCC(=O)OCCCCCCCCCCCCNC(=O)/C=C/[Si](C)(C)CC(=O)N*,CN(C)C(=N)N=C(N)N,4.6360,-1.2438,84.5000,2.8963,-10.3182,-7.2307,-9.4967,-5.9678,-2.0000,2
*Cc1ccc(NC(=O)/N=C/c2cccc(C(=O)O*)c2)c(OC)c1,CN(C)C(=N)N=C(N)N,3.3528,-1.2438,76.9900,2.2511,-8.3563,-7.8051,-9.5114,-6.1328,-2.0000,2
*Oc1cccc(C(=O)/C=N/c2ccc(/N=N/c3ccc(/N=N/c4ccc(O*)cc4)cc3)cc2)c1,CN(C)C(=N)N=C(N)N,7.5138,-1.2438,97.3300,2.9186,-8.1307,-7.2702,-9.5114,-6.1328,-1.0000,2
*C(=O)c1ccccc1NC(=O)OCCCCCCCCCCCC(=O)CCCCCCCCOC(=O)c1cccc(C(=O)O*)c1,CN(C)C(=N)N=C(N)N,8.8036,-1.2438,125.0700,2.7219,-8.1994,-7.9577,-9.4403,-5.9710,-2.0000,2
*Oc1ccc(CC(CC)c2ccc(NC(=O)OCCCCCCCCCCCCCCCCOC(=O)OCC(C)CCOC(*)=O)cc2)cc1,CN(C)C(=N)N=C(N)N,10.4908,-1.2438,109.3900,3.7494,-10.1337,-6.6326,-9.5114,-6.1328,-1.0000,2
*CCCCCCCCCCCCCCCCCCNC(=O)CCCCCCCC(=O)NCCCCCCNC(=O)c1ccc(C(=O)NCCNC(=O)N*)cc1,CN(C)C(=N)N=C(N)N,8.5995,-1.2438,157.5300,2.6212,-7.8224,-6.8385,-9.5303,-6.0978,-2.0000,2
*C(=O)CCCCCCCCCCCCCCCCCNC(=O)CCCCCCCCCC(=O)NCCNC(=O)CCCCCCCCCCCCS*,CN(C)C(=N)N=C(N)N,11.5073,-1.2438,104.3700,2.6353,-10.0146,-7.3690,-9.5114,-6.1328,-2.0000,2
*Oc1ccc(Oc2ccc(NC(=O)c3ccc(*)c(S(=O)(=O)O)c3)cc2)cc1,CN(C)C(=N)N=C(N)N,3.6835,-1.2438,101.9300,1.8471,-7.8589,-7.5431,-9.5303,-6.0978,-2.0000,2
*OC(=O)c1ccc(C(=O)CCCC(*)=O)cc1,CN(C)C(=N)N=C(N)N,1.9367,-1.2438,60.4400,1.8742,-8.5506,-7.7216,-9.4967,-5.9678,-1.0000,2
*CCCCCCCC/C=C/C(=N\CCCCCCCNC(=O)CCCCC(=O)NCCCCCCCSCCCCS*)C#C,CN(C)C(=N)N=C(N)N,9.5044,-1.2438,70.5600,3.3092,-7.0737,-5.6719,-9.0696,-5.2057,-1.0000,2
*CCCCCCCCCCCCCCCCCOC(=O)Nc1ccc(CCNC(=O)CCCCCCCCCc2ccc(C(=O)O*)cc2)cc1,CN(C)C(=N)N=C(N)N,11.8269,-1.2438,93.7300,2.6523,-10.4804,-7.3240,-9.0738,-5.4119,-1.0000,2
*Sc1ccc(OC(=O)c2ccc(C(*)=O)cc2S(=O)(=O)c2ccc(C(C)(C)c3ccc(C(=O)O[Si]c4ccc(C(F)(F)F)cc4)cc3)cc2)cc1,CN(C)C(=N)N=C(N)N,7.2860,-1.2438,103.8100,3.5264,-8.2079,-7.9726,-9.5303,-6.0978,-1.0000,2
*CCCCCCOC(=O)OCCCCCCCSCCCCCOC(=O)NCCCCCNC(=O)OCCOCCOc1ccc(*)o1,CN(C)C(=N)N=C(N)N,7.8852,-1.2438,143.7900,3.1918,-9.6350,-6.0638,-9.4403,-5.9710,-1.0000,2
*Oc1c(C)cc(Cc2ccc(OC(=O)c3ccc(OC(=O)CCCCCCCCCCCCC(*)=S)cc3)cc2)cc1C,CN(C)C(=N)N=C(N)N,9.4053,-1.2438,61.8300,2.7366,-8.6196,-7.6559,-9.5303,-6.0978,-1.0000,2
*OC(=O)OCCOCCOCCCCCCCOC(=O)CCCCCCCCCCCCCCCCCCCCCC(=O)Oc1ccccc1COCC[SH](*)(C)C,CN(C)C(=N)N=C(N)N,11.5153,-1.2438,115.8200,3.5038,-6.0154,-4.9816,-9.4967,-5.9678,-1.0000,2
*c1ccc(/C=CC/CC=N/c2ccc(Cc3ccc(NC(=O)CCCCCCCC(=O)O*)cc3)cc2)c(Br)c1,CN(C)C(=N)N=C(N)N,8.9896,-1.2438,67.7600,2.6893,-10.0631,-7.1423,-9.2335,-5.4206,-2.0000,2
*CCCCCCCCCCCCC1CC(CCNC(=O)OCCC(=O)O*)CC1,CN(C)C(=N)N=C(N)N,6.3047,-1.2438,64.6300,3.0497,-10.8799,-6.7974,-9.5303,-6.0978,-2.0000,2
*CCCCCCP(=O)(C)c1ccc(C(=O)NCCCCNC(=O)c2ccc(C(=O)N*)cc2)cc1,CN(C)C(=N)N=C(N)N,3.9240,-1.2438,104.3700,2.9182,-10.7486,-7.7086,-9.5303,-6.0978,-2.0000,2
*CCCCCCCCCCCC(=O)OC(O)NNCC(=O)O*,CN(C)C(=N)N=C(N)N,1.9052,-1.2438,96.8900,3.0794,-10.3265,-7.2009,-9.5303,-6.0978,-1.0000,2
*CCCCCOC(=O)CCCCCCCCCCCCCCCCC(=O)CC(=O)O*,CN(C)C(=N)N=C(N)N,7.0052,-1.2438,69.6700,2.2740,-10.9898,-7.3979,-9.5303,-6.0978,-1.0000,2
*Oc1ccc(C(=O)c2ccc(Oc3ccc(C(=O)OC(C)=O)c(C(*)=O)c3C)cc2O)c(C(F)(F)F)c1F,CN(C)C(=N)N=C(N)N,5.1032,-1.2438,116.2000,3.1716,-8.7878,-8.5901,-8.9803,-5.1653,-2.0000,2
*CNC(=O)CCCCCCCCCCCCC(=O)Nc1ccc(Cc2ccc(C(=O)O*)cc2)cc1,CN(C)C(=N)N=C(N)N,6.3413,-1.2438,84.5000,2.1340,-10.4351,-7.5414,-9.4403,-5.9710,-2.0000,2
*Oc1ccc(C(=O)OCCCCCOC(=O)OCCOC(C=O)c2ccc(OC(*)=O)cc2C)cc1,CN(C)C(=N)N=C(N)N,3.6729,-1.2438,123.6600,3.3697,-10.9413,-7.7692,-9.3593,-5.8504,-1.0000,2
*CCCCCCCCCCCCCCCCCCCCCCOC(=N)CCCCCCNC(=O)CCCC(=O)N*,CN(C)C(=N)N=C(N)N,9.5245,-1.2438,91.2800,2.6700,-10.2572,-5.8977,-9.5114,-6.1327,-2.0000,2
*Oc1ccc(Oc2ccc(NC(=O)c3ccc(C(*)=O)cc3)cc2)cc1O,CN(C)C(=N)N=C(N)N,3.9549,-1.2438,84.8600,1.9137,-8.4685,-7.0881,-9.5303,-6.0978,-1.0000,2
*CCCCCCCOC(=O)c1ccc(C(=O)OCCCCCCCCCOC(=O)c2ccc(C(=O)O*)cc2)cc1CCCC,CN(C)C(=N)N=C(N)N,8.5991,-1.2438,105.2000,2.5111,-10.9360,-8.2408,-9.5303,-6.0978,-1.0000,2
*CCCCCCCCCOC(=O)NC(CCCCCCCCCOc1ccc(/N=N/c2ccc(C(=O)O*)cc2)cc1)CC,CN(C)C(=N)N=C(N)N,10.5552,-1.2438,98.5800,3.1444,-8.3486,-7.3482,-9.4967,-5.9678,-1.0000,2
*CCCCCCC(=O)Nc1ccc(CNC(=O)c2ccc(S(=O)(=O)c3ccc(C(=O)O*)cc3)cc2)cc1,CN(C)C(=N)N=C(N)N,5.0565,-1.2438,118.6400,2.0880,-8.3484,-7.8296,-9.5303,-6.0978,-3.0000,2
*OC(=O)CCCCCCCCCCC(=O)NCCCCCCCNC(=O)CSCC(*)=O,CN(C)C(=N)N=C(N)N,4.0870,-1.2438,101.5700,2.4614,-7.7511,-6.3767,-9.4967,-5.9678,-3.0000,2
*CCCCCCC(=O)OCc1ccc(CNC(=O)CCCCC(=O)Nc2ccc(-c3ccc(*)s3)o2)cc1,CN(C)C(=N)N=C(N)N,6.8370,-1.2438,97.6400,2.5622,-9.7264,-7.0880,-9.5303,-6.0978,-2.0000,2
*CCCCCCCCCCCCOCCCCOC(=O)NCCCCCNC(=O)NCCCCSCNC(=O)O*,CN(C)C(=N)N=C(N)N,6.6383,-1.2438,127.0200,2.8363,-10.1423,-6.0354,-9.4967,-5.9678,-2.0000,2
*CCc1ccc(C(=O)Nc2ccc(Cc3ccc(NC(=O)Oc4ccc(O*)cc4)cc3)cc2)cc1,CN(C)C(=N)N=C(N)N,6.4086,-1.2438,76.6600,2.0148,-10.1962,-7.0567,-9.0741,-5.4124,-1.0000,2
*Nc1ccc(NC(=O)c2ccc(C(=O)Nc3ccc(NC(=O)C(C)(C)N(*)CC)cc3)cc2)cc1,CN(C)C(=N)N=C(N)N,4.1000,-1.2438,102.5700,2.1279,-7.5712,-6.7394,-9.4967,-5.9678,-2.0000,2
*CCOC(=O)NCCCCNC(=O)C(=O)Nc1cc(Br)cc(C(=O)O*)c1,CN(C)C(=N)N=C(N)N,1.7283,-1.2438,122.8300,2.2084,-10.9957,-8.2581,-9.3593,-5.8504,-3.0000,2
*CCCCCCCCCCCCCCCCCCCCCCCCOc1ccc(C(=O)NCCCCCNC(=O)c2ccc(C(=O)O*)cc2)cc1,CN(C)C(=N)N=C(N)N,11.6958,-1.2438,93.7300,2.4301,-8.0458,-6.8800,-9.4967,-5.9678,-1.0000,2
*CCCCCCCCCCCCCNSC(=O)NC(=O)CCCCCCCCCC(=O)NCCCCCNC(=O)Cc1ccc(C(=O)N*)cc1,CN(C)C(=N)N=C(N)N,8.0266,-1.2438,145.5000,3.0371,-7.4569,-6.9389,-9.5303,-6.0978,-2.0000,2
*CCCCCCCCCS(=O)(=O)CCCC(=O)N*,CN(C)C(=N)N=C(N)N,2.4173,-1.2438,63.2400,2.1495,-10.5671,-5.7228,-9.4403,-5.9710,-1.0000,2
*CCCCCCCCCCCCCCCOC(=O)c1ccc(C(=O)Nc2ccc(SC(=O)O*)cc2)c(OCC(C)C)c1,CN(C)C(=N)N=C(N)N,9.9918,-1.2438,90.9300,2.6256,-8.0928,-7.2934,-9.4403,-5.9710,-1.0000,2
*CCOC(=O)CSNC(=O)c1ccc(C(=O)NC(=O)CCCCOc2ccc(C(=O)O*)cc2)cc1,CN(C)C(=N)N=C(N)N,2.8316,-1.2438,137.1000,2.4802,-8.2717,-7.4208,-9.4403,-5.9710,-2.0000,2
*CCCCCCOc1ccc(/N=N/c2ccc(P(=O)(O*)OC)cc2)cc1,CN(C)C(=N)N=C(N)N,5.5182,-1.2438,69.4800,3.0708,-8.4992,-6.8814,-9.4403,-5.9710,-1.0000,2
*CCCOC(=O)NNC(=O)c1ccc(C(=O)Oc2ccc(C(=O)O*)cc2)cc1,CN(C)C(=N)N=C(N)N,2.3850,-1.2438,120.0300,1.9932,-8.3044,-7.8734,-9.4403,-5.9710,-3.0000,2
*CCCCCCCCCCCCCOC(=O)Cc1ccc(C(=O)NCCCCCCCCCOc2ccc(-c3ccc(C(=O)Nc4ccc(O*)cc4)cc3)cc2)cc1O,CN(C)C(=N)N=C(N)N,11.9533,-1.2438,123.1900,2.9695,-10.0329,-7.1549,-9.4180,-5.9999,-1.0000,2
*Nc1ccc(CCc2ccc(NC(=O)c3ccc(C(=O)NC(*)=O)cc3)cc2)cc1,CN(C)C(=N)N=C(N)N,3.1925,-1.2438,87.3000,2.0447,-8.1930,-7.3073,-9.4967,-5.9678,-1.0000,2
*CCCCCN(*)CC(=O)Oc1ccc(C(=O)Nc2c(F)c(OCCCC)c2)cc1,CN(C)C(=N)N=C(N)N,3.9969,-1.2438,67.8700,2.7136,-7.2535,-6.9299,-9.2335,-5.4206,-1.0000,2
*CC#CCCCCCCCC(CO)CS(=O)(=O)c1cccc(C(=O)O*)c1,CN(C)C(=N)N=C(N)N,3.5210,-1.2438,80.6700,3.0749,-7.9304,-7.1633,-9.5114,-6.1328,-1.0000,2
*CCCC(=O)NCCCCCCCNC(=O)c1ccc(Cc2ccc(NC(=O)O*)cc2)cc1,CN(C)C(=N)N=C(N)N,4.9639,-1.2438,96.5300,2.1062,-10.3516,-6.8854,-9.4967,-5.9679,-1.0000,2
*CCCCCCCCCCCCC(=O)NNCCCCCCCNC(=O)CCCCC(=O)N*,CN(C)C(=N)N=C(N)N,5.0306,-1.2438,99.3300,2.4187,-9.9865,-5.9150,-9.5114,-6.1328,-2.0000,2
*CCOC(=O)CCCCCCCCCCCCOC(=O)CCCCCC(=O)OCCCCOc1ccc(O*)cc1,CN(C)C(=N)N=C(N)N,7.4423,-1.2438,97.3600,2.3893,-9.9669,-6.4499,-9.4967,-5.9678,-1.0000,2
*Oc1ccc(OC(=O)c2ccc(OC(=O)CCC(=O)Nc3ccc(-c4ccc(*)cc4)cc3)cc2)cc1,CN(C)C(=N)N=C(N)N,5.6027,-1.2438,90.9300,2.0501,-10.2947,-7.6507,-9.5303,-6.0978,-2.0000,2
*CCCCCCCCCCCCCCCCCCCOC(=O)CCCC(=O)OCCCCCOCC(=O)c1cccc(O*)c1,CN(C)C(=N)N=C(N)N,9.6701,-1.2438,88.1300,2.6800,-10.7764,-7.9302,-9.4403,-5.9710,-1.0000,2
*CCCCCCCCCCNC(=O)CCCCC(=O)NCCCS(=O)(=O)N*,CN(C)C(=N)N=C(N)N,2.5985,-1.2438,104.3700,2.1855,-10.3641,-5.5904,-8.9803,-5.1653,-1.0000,2
*CCCCCNC(=O)c1ccc(C(=O)NCCCCSCCCNC(=O)O*)cc1,CN(C)C(=N)N=C(N)N,3.5075,-1.2438,96.5300,2.1801,-7.6084,-6.6932,-9.4403,-5.9710,-2.0000,2
*CCCCCCCNC(=O)CCCCCC(=O)NCCCCCCNC(=O)NCCCCCNC(=O)CC(=O)N*,CN(C)C(=N)N=C(N)N,3.1612,-1.2438,157.5300,2.4289,-10.1607,-6.4431,-9.5303,-6.0978,-4.0000,2
*C(=O)OCCCCCCCOC(=O)CCCCC(=O)OCCCCOC(=O)O*,CN(C)C(=N)N=C(N)N,3.2315,-1.2438,114.4300,2.5410,-11.2520,-6.9683,-8.9803,-5.1653,-1.0000,2
*CCN1CCCCC(COC(=O)CCCC(=O)O*)C(OCCCC)C1,CN(C)C(=N)N=C(N)N,3.0918,-1.2438,65.0700,3.1554,-9.3359,-6.7021,-9.4179,-5.9999,-1.0000,2
*CCCCCCCCNC(=O)CCOC(=O)c1ccc(C(=O)NCCCNC(=O)c2ccc(C(=O)O*)cc2)cc1,CN(C)C(=N)N=C(N)N,3.9583,-1.2438,139.9000,2.2704,-10.8100,-8.0895,-9.5303,-6.0978,-3.0000,2
*CCCCCC(=O)NCCCCCNC(=O)CCCCCCCCCCCCCCCC(=O)O*,CN(C)C(=N)N=C(N)N,6.9055,-1.2438,84.5000,2.0578,-10.4937,-6.5701,-9.5114,-6.1328,-2.0000,2
*CC#CC[n+]1ccc(C(=O)Nc2ccc(NC(=O)c3ccc(CC(=O)N*)cc3)cc2)cc1,CN(C)C(=N)N=C(N)N,2.5298,-1.2438,91.1800,2.5788,-5.8832,-5.7280,-9.0738,-5.4119,-1.0000,2
*CCCCCCCCCCCCCCCNC(=O)c1ccnc(C(=O)N(*)C)c1,CN(C)C(=N)N=C(N)N,5.2622,-1.2438,62.3000,2.1261,-7.9634,-7.2159,-9.4967,-5.9678,-1.0000,2
*CCCCNC(=O)C(CCCCCCCC)NC(=O)CCCCC(=O)NCCSCCCCNC(=O)O*,CN(C)C(=N)N=C(N)N,4.5957,-1.2438,125.6300,3.0034,-9.9270,-6.0474,-9.5114,-6.1328,-2.0000,2
*CCCCCCCOC(=O)CCCCCCCCCCCCCCCC(=O)NCCCCCCNC(=O)NCCCCCCS*,CN(C)C(=N)N=C(N)N,9.8175,-1.2438,96.5300,2.6516,-10.0931,-6.3508,-9.4403,-5.9710,-1.0000,2
*CCCCCCCCOC(=O)NCCC/C=C/C=C/CCCCOC(=O)c1ccc(C(=O)OCCCOc2ccc(O*)cc2)cc1,CN(C)C(=N)N=C(N)N,8.3245,-1.2438,109.3900,2.8388,-8.1234,-6.7816,-8.9803,-5.1653,-1.0000,2
*C(CC(=O)Oc1ccc(/C=N\c2ccc(OCCC)cc2)cc1)COC(=O)c1ccc(C(C)(C)c2ccc(NC(=O)O*)cc2)cc1,CN(C)C(=N)N=C(N)N,8.1844,-1.2438,112.5200,2.7467,-7.4315,-6.8781,-9.5303,-6.0978,-1.0000,2
*c1cccc(-c2ccc(NC(=O)c3ccc(-c4ccc(NC(=O)Oc5ccc(O*)cc5)cc4)cc3)cc2)c1,CN(C)C(=N)N=C(N)N,7.5894,-1.2438,76.6600,2.0100,-10.2489,-7.1909,-9.5114,-6.1328,-2.0000,2
*O[Si](C)(C)OC(=O)CCCCCC(=O)Nc1ccc(-c2ccc(Oc3ccc(C(*)=O)cc3)cc2)cc1,CN(C)C(=N)N=C(N)N,6.0847,-1.2438,90.9300,2.4879,-7.9879,-6.9412,-9.5303,-6.0978,-1.0000,2
*CC(C)C(F)(F)C(F)(F)COC(=O)CCCCCCC(=O)OCCCC(=O)Nc1cccc(Cc2ccc(O*)cc2)c1,CN(C)C(=N)N=C(N)N,7.0553,-1.2438,90.9300,2.8269,-10.1851,-6.8672,-9.4967,-5.9678,-1.0000,2
*CCCCCC(=O)NC(=O)CCCC(=O)NCCCNC(=O)c1ccc(C(=O)NNNC(=O)CCCCCSCCCCCNC(*)=O)cc1,CN(C)C(=N)N=C(N)N,2.7916,-1.2438,203.7000,3.1793,-7.8974,-7.2690,-9.4967,-5.9678,-4.0000,2
*CC(\C)COc1ccc(OC(=O)CCCOc2ccc(C(=O)O*)cc2)cc1,CN(C)C(=N)N=C(N)N,4.1842,-1.2438,71.0600,1.9107,-10.4231,-7.3644,-9.5303,-6.0978,-1.0000,2
*CCCCCCNC(=O)C(C)CCCCOC(=O)CCCCCCCC(=O)NCCCCCCCCCCNC(=O)O*,CN(C)C(=N)N=C(N)N,7.2678,-1.2438,122.8300,3.0771,-10.3356,-6.1798,-9.5303,-6.0978,-2.0000,2
*CCCCC[Si](C)(C)CC(=O)NCCCCCCNC(=O)OCCOCCOc1ccc(-c2ccc(C(=O)O*)cc2)cc1,CN(C)C(=N)N=C(N)N,6.7486,-1.2438,112.1900,2.8194,-10.3248,-7.5214,-9.5303,-6.0978,-2.0000,2
*CCCCCCOC(=O)SCCCCCC(=O)OCCCCOCC(=O)O*,CN(C)C(=N)N=C(N)N,4.4215,-1.2438,88.1300,2.5611,-10.4887,-7.0842,-9.4403,-5.9710,-1.0000,2
*CCCCCCCCCCCCCCOC(=O)Oc1ccc(C(=O)OCCCOc2ccc(/N=C/c3ccc(O*)cc3)cc2)cc1,CN(C)C(=N)N=C(N)N,9.9852,-1.2438,92.6500,2.7141,-7.7323,-7.3336,-9.5303,-6.0978,-1.0000,2
*CCCCCCCCOC(=O)CC(CCCCCCCCCCCCC)C(=O)OCCCCCCCCCOc1ccc(C(=O)Oc2ccc(O*)cc2)cc1,CN(C)C(=N)N=C(N)N,12.8752,-1.2438,97.3600,3.3624,-10.4830,-7.4022,-9.4403,-5.9710,-1.0000,2
*CCCCCCNC(=O)C(CCCCCNC(=O)CCCCCCCCC(=O)NC(=O)N*)c1ccc1,CN(C)C(=N)N=C(N)N,4.7876,-1.2438,116.4000,3.1890,-8.3428,-6.9896,-9.5114,-6.1328,-2.0000,2
*CCCCCCCCCCCCCCNC(=O)c1ccc(C(=O)NCOCCCCOCCOC(=O)c2ccc(C(C)(C)c3ccc(O*)cc3)cc2)cc1,CN(C)C(=N)N=C(N)N,9.5067,-1.2438,112.1900,2.9795,-10.2986,-7.6466,-9.4403,-5.9710,-2.0000,2
*CCCCCOC(=O)CCCCCOC(=O)NCCOCCOC(=O)c1ccc(C(=O)O*)cc1,CN(C)C(=N)N=C(N)N,3.5782,-1.2438,126.4600,2.3179,-8.3972,-6.9988,-9.0738,-5.4119,-2.0000,2
*CC(*)OCC(=O)NCCCCCNC(=O)OCCOC(=O)OCC(O)CCCC,CN(C)C(=N)N=C(N)N,1.7399,-1.2438,132.4200,2.9550,-10.4183,-6.2961,-9.0738,-5.4119,-1.0000,2
*CCCCCCCCCOCCCCCCOCCCCOC(=O)c1ccc(C(=O)O*)cc1,CN(C)C(=N)N=C(N)N,6.6660,-1.2438,71.0600,2.2093,-8.2847,-6.8961,-9.5303,-6.0978,-1.0000,2
*CCCCCCCCCCNC(=O)CCCCCCCCC(=O)NCCCCOc1ccc(Cc2ccc(OC(=O)NNCC(=O)CCCCCCCCCCc3ccc(C(=O)N*)cc3)cc2)cc1,CN(C)C(=N)N=C(N)N,11.9449,-1.2438,163.9600,3.4612,-9.9936,-7.1275,-9.0263,-5.4164,-3.0000,2
*CCCCCCCCCCSC(=O)SC(=O)OCCCCCOC(=O)N*,CN(C)C(=N)N=C(N)N,6.1157,-1.2438,81.7000,2.8417,-8.4011,-7.9490,-9.0648,-5.4207,-1.0000,2
*CC(NC(=O)CCCCCCC(=O)O*)Oc1ccccc1,CN(C)C(=N)N=C(N)N,2.9528,-1.2438,64.6300,2.4261,-10.4905,-6.6137,-9.5303,-6.0978,-2.0000,2
*CCCCCCCCNC(=O)CCCCC(=O)NCCCNC(=O)CCCCCCC(=O)N*,CN(C)C(=N)N=C(N)N,3.4719,-1.2438,116.4000,2.1477,-10.4105,-5.7057,-9.5303,-6.0978,-3.0000,2
*CCCCCCCCOC(=O)NCCCCCCCN(C#N)C(=O)O*,CN(C)C(=N)N=C(N)N,4.4847,-1.2438,91.6600,2.6125,-10.8928,-6.9047,-9.4967,-5.9678,-2.0000,2
*C(=O)Nc1cccc(Cc2ccc(NC(=O)CCCCCCCCC(=O)Nc3ccc(NC(=O)CC(=O)O*)cc3)cc2)c1,CN(C)C(=N)N=C(N)N,5.9569,-1.2438,142.7000,2.5015,-10.2108,-7.2134,-9.4403,-5.9710,-4.0000,2
*CCCCCCC(=O)Oc1ccc(C(=O)NCCCCCCCCNC(=O)c2ccc(C(=O)N*)cc2)cc1,CN(C)C(=N)N=C(N)N,5.1617,-1.2438,113.6000,2.2154,-10.6577,-7.6411,-9.0738,-5.4119,-2.0000,2
*CCCCCSCCSCC(=O)Nc1ccc(CNC(=O)OCCCCCO*)cc1,CN(C)C(=N)N=C(N)N,4.6705,-1.2438,76.6600,2.3980,-9.8528,-7.1891,-9.4967,-5.9678,-1.0000,2
*CCCCCCOC(=O)Nc1ccc(Cc2ccccc2)n1C(=O)O*,CN(C)C(=N)N=C(N)N,4.7338,-1.2438,69.5600,2.4780,-7.3788,-5.9987,-9.4403,-5.9710,-2.0000,2
*CCCOCCOc1ccc(C(=O)OCCCCCCCCOC(=O)c2ccc(OC(=O)c3ccc(O*)cc3)cc2)cc1,CN(C)C(=N)N=C(N)N,6.7712,-1.2438,106.5900,2.4427,-10.7081,-7.6336,-9.4403,-5.9711,-1.0000,2
*NC(=O)NNC(=O)c1ccc(C(=O)NCCCCCC(O)NC(=O)CCCCCCCCCCCCCCOc2ccc(*)cc2)cc1,CN(C)C(=N)N=C(N)N,5.8748,-1.2438,157.8900,3.1499,-7.6476,-6.7417,-9.0263,-5.4164,-3.0000,2
*CCCCCCCCCCCCCCNC(=O)CCCCCCCCCC(=O)NCCCCCCCNC(=O)N*,CN(C)C(=N)N=C(N)N,8.0496,-1.2438,99.3300,2.1925,-10.4937,-5.7462,-9.4403,-5.9710,-2.0000,2
*CCCCCCCCCCCCCCCOC(=O)c1ccc(C(=O)NCCCS(=O)(=O)c2ccc(O*)cc2)cc1,CN(C)C(=N)N=C(N)N,7.2340,-1.2438,98.7700,2.3742,-10.8742,-7.9560,-9.0738,-5.4119,-2.0000,2
*CCCCCCCCCCCCCCCCCSSC(=O)NCSCCCCCCCNC(=O)C(=O)N*,CN(C)C(=N)N=C(N)N,8.1915,-1.2438,87.3000,2.9945,-7.7447,-7.3641,-9.4403,-5.9710,-1.0000,2
*Oc1ccc(C(=O)OCCCCCCCCNC(=O)c2ccc(OC(=O)c3ccc(C(*)=O)cc3)c(OC)c2)cc1,CN(C)C(=N)N=C(N)N,5.3599,-1.2438,117.2300,2.3643,-8.5379,-7.3136,-9.5303,-6.0978,-2.0000,2
*CCC(=O)CCCN(CCCCCCCCCCCCCCCCCCCCCC)C(=O)NCCCCNC(=O)C(=O)S*,CN(C)C(=N)N=C(N)N,8.9320,-1.2438,95.5800,2.8489,-8.3565,-7.2476,-9.4967,-5.9678,-1.0000,2
*CC(*)(CCl)CC(C)CCOCCCCOC(=O)Nc1ccc(C(=O)Oc2ccc(C(=O)Oc3ccc(OCCCCCCCC)cc3)cc2)cc1,CN(C)C(=N)N=C(N)N,10.5008,-1.2438,109.3900,3.5665,-10.3635,-7.7188,-9.5303,-6.0978,-1.0000,2
*CCCCCCCCCCCCCCCCCCCCCCC(=O)OCCCOCOC(=O)CCCCCCCCC(=O)O*,CN(C)C(=N)N=C(N)N,10.8544,-1.2438,88.1300,2.4913,-11.0782,-6.8036,-9.5114,-6.1328,-1.0000,2
*CCCCOC(=O)OCCOC(C)(O)COC(=O)C(C)(C)CC(CO)COc1ccc(C(=O)OCCCOc2ccc(/C=N/c3ccc(/C=N-c4ccc(O*)cc4)cc3)cc2)cc1,CN(C)C(=N)N=C(N)N,8.1445,-1.2438,190.2300,4.4657,-7.8604,-7.1861,-9.0648,-5.4207,-1.0000,2
*CCCCCCCCCC(=O)NCCCCNC(=O)CCCCCCC(=O)NC(=O)CCCCCCCSC(=O)c1cccc(C(=O)O*)c1,CN(C)C(=N)N=C(N)N,7.7355,-1.2438,147.7400,2.8910,-8.1453,-7.8080,-9.0696,-5.2057,-3.0000,2
*CCCCCCC(=O)N/C=C/CCCN(C)C(=O)CCCCCCCCCC(=O)O*,CN(C)C(=N)N=C(N)N,5.4208,-1.2438,75.7100,2.6165,-10.1270,-6.6044,-9.4403,-5.9710,-1.0000,2
*OC(=O)OCCCCCCCCCCCCCCCCCCOc1ccc(C(=O)Oc2ccc(C(=O)c3ccc(*)cc3)cc2)cc1,CN(C)C(=N)N=C(N)N,10.4518,-1.2438,88.1300,2.4149,-10.6087,-7.8951,-9.4180,-5.9999,-1.0000,2
*O[Si](C)(C)[Si](C)(C)OCCCCCNC(=O)OCCOCCCOC(*)=O,CN(C)C(=N)N=C(N)N,1.9601,-1.2438,92.3200,3.1566,-6.9526,-5.1359,-9.0697,-5.2057,-1.0000,2
*CCCCCCCCCCOC(=O)CCCCCCCCCOC(=O)c1ccc(C(=O)O*)cc1,CN(C)C(=N)N=C(N)N,7.3463,-1.2438,78.9000,2.1610,-11.2655,-8.2452,-9.5114,-6.1328,-1.0000,2
*CCCCCCCCCCCC(=O)NCCCNC(=O)CCOC(=O)S*,CN(C)C(=N)N=C(N)N,3.9863,-1.2438,84.5000,2.3461,-10.7958,-6.9578,-9.2335,-5.4206,-3.0000,2
*CCCCCCC(=O)NNC(=O)CCCCC(=O)NCCCCCNS(=O)(=O)CCCCCOC(=O)CCCCC(=O)O*,CN(C)C(=N)N=C(N)N,3.2290,-1.2438,186.0700,2.7512,-10.1768,-6.9384,-9.5303,-6.0978,-5.0000,2
*Nc1c(NC)cc(Cl)cc1Oc1ccccc1C(=O)OC(=O)c1ccc(C(=O)Nc2ccc(NC(*)=O)cc2)cc1,CN(C)C(=N)N=C(N)N,5.5740,-1.2438,134.8600,2.6665,-8.6210,-7.7776,-9.4403,-5.9710,-1.0000,2
*CCCCCCCCCCCCCCCCCCCCCCCCOC(=O)CCCCCCSC(=O)NCCCCCNC(=O)c1ccc(CC(=O)O*)cc1,CN(C)C(=N)N=C(N)N,12.7524,-1.2438,110.8000,3.0348,-10.3140,-7.1862,-9.4403,-5.9710,-3.0000,2
*CCCCCCCCCCCCNC(=O)CCCCCCCC(=O)NCCCCCNC(=O)CC(=O)NCCCCC*,CN(C)C(=N)N=C(N)N,6.8534,-1.2438,116.4000,2.1802,-10.4585,-6.4116,-9.4403,-5.9710,-3.0000,2
*CCSNC(=O)NCCCSCSCCCCCCCNC(=O)CCCCCCO*,CN(C)C(=N)N=C(N)N,4.7772,-1.2438,79.4600,2.9463,-9.8556,-6.2497,-9.2335,-5.4206,-1.0000,2
*CCCCCCCCCCCCCCCOC(=O)c1ccc(C(=O)OCCCCCOC(=O)c2ccc(S*)cc2)cc1,CN(C)C(=N)N=C(N)N,9.4074,-1.2438,78.9000,2.2891,-8.1236,-7.5625,-9.4403,-5.9710,-1.0000,2
*CCCCCCCCCCCCCCCOC(=O)/C=C/C(=O)NCCCCCCCCCCCCCNC(=O)c1ccc([Si](C)(C)-c2ccc(OC)cc2)cc1*,CN(C)C(=N)N=C(N)N,10.8455,-1.2438,93.7300,3.1249,-8.1148,-6.9692,-9.3593,-5.8504,-1.0000,2
*CCCCCCCCCCCCCCCCCNC(=O)CCCC(=O)NCCCCNC(=O)CCCCC(=O)N*,CN(C)C(=N)N=C(N)N,6.2026,-1.2438,116.4000,2.2218,-10.3261,-5.9654,-9.5303,-6.0978,-2.0000,2
*Cc1ccc(S(=O)(=O)c2ccc(N3C(=O)c4ccc(*)cc4C3=O)c(C)c2)cc1C(=O)O,CN(C)C(=N)N=C(N)N,3.6350,-1.2438,108.8200,2.2087,-8.8703,-7.9438,-9.4403,-5.9710,-1.0000,2
*CCCCCCOC(=O)CCCCCC(=O)OCCCCCNC(=O)NC(=O)OCC(=O)CCCCOC(=O)CCCCCCCCCC(=O)O*,CN(C)C(=N)N=C(N)N,7.0878,-1.2438,189.7000,2.9665,-10.9531,-7.4649,-9.5303,-6.0978,-1.0000,2
*CCCCCS(=O)(=O)CCCCCOC(=O)CCNC(=O)OC(=O)NNC(=O)c1ccc([N+](=O)[O-])c(C(=O)NC(=O)NS*)c1,CN(C)C(=N)N=C(N)N,1.6682,-1.2438,258.3100,3.2786,-9.2873,-8.5318,-9.4967,-5.9678,-4.0000,2
*CCCCCCCCCCCCC(=O)NCCCCCCNC(=O)CCCCOC(=O)c1ccc(C(=O)NCCCNC(=O)c2ccc(C(=O)O*)cc2)cc1,CN(C)C(=N)N=C(N)N,7.3656,-1.2438,169.0000,2.6830,-8.0181,-7.7924,-9.2335,-5.4206,-4.0000,2
*CCCCCCCCCCCOC(=O)SCNC(=O)OCCCCCOC(=O)OC(=O)c1ccc(C(=O)O*)cc1,CN(C)C(=N)N=C(N)N,6.9328,-1.2438,143.5300,2.9004,-8.6682,-7.3997,-9.0738,-5.4119,-1.0000,2
*CCCCNC(=O)CCCCCCCCCCCCCCCCCCCC(=O)NCCCCCNC(=O)CCC(=O)N*,CN(C)C(=N)N=C(N)N,6.9828,-1.2438,116.4000,2.2523,-10.4781,-5.7712,-9.0738,-5.4119,-1.0000,2
*CCCCCCCCCCCCCCCCCC(=O)OCCCCCCCNC(=O)CCCCCCCCC(=O)N*,CN(C)C(=N)N=C(N)N,9.4639,-1.2438,84.5000,2.4085,-10.5294,-6.5066,-9.0696,-5.2057,-2.0000,2
*CC(=O)NCCCOCCCCCCNC(=O)OCCOC(=O)OCCCCCCOc1ccc(C(=O)O*)cc1,CN(C)C(=N)N=C(N)N,4.3066,-1.2438,147.7200,2.5929,-10.7110,-7.3329,-9.4180,-5.9999,-2.0000,2
*Nc1ccc(C(=O)NNC(CCCC)C(=O)Nc2ccc(C(*)=O)cc2)cc1,CN(C)C(=N)N=C(N)N,2.5132,-1.2438,99.3300,2.6713,-10.4173,-7.6333,-9.5303,-6.0978,-1.0000,2
*CC(*)c1ccccc1C(=O)NCCCCCS(=O)(=O)O[Na],CN(C)C(=N)N=C(N)N,1.5790,-1.2438,72.4700,2.6368,-8.4123,-7.2871,-9.4967,-5.9678,-1.0000,2
*O[Si](*)(N)CCCCCCCCC(=O)NCCCCCCCCCCCCOc1ccc(C(=O)Oc2ccc(/N=N/c3ccc(C(F)(F)F)cc3)cc2)cc1C,CN(C)C(=N)N=C(N)N,10.9466,-1.2438,124.6000,3.7876,-8.9026,-7.4301,-9.5303,-6.0978,-1.0000,2
*CCCCCS(=O)(=O)Nc1ccc(Cc2ccc(NC(=O)O*)cc2)cc1,CN(C)C(=N)N=C(N)N,4.2992,-1.2438,84.5000,2.0210,-10.3253,-6.5220,-9.5303,-6.0978,-1.0000,2
*CCOc1ccc(C(=O)CNC(=O)c2ccc(C(=O)OCCOc3ccc(O*)cc3C)cc2)cc1,CN(C)C(=N)N=C(N)N,3.9478,-1.2438,100.1600,2.1704,-7.7768,-6.7505,-9.5303,-6.0978,-2.0000,2
*CCCCCC(=O)NCCCCNC(=O)c1ccc(S(=O)(=O)O*)cc1,CN(C)C(=N)N=C(N)N,2.1398,-1.2438,101.5700,1.9128,-10.6513,-7.9652,-9.5303,-6.0978,-2.0000,2
*CCCCCCCCCCCCCC(=O)NCCOCCOCCOCCOc1ccc(/C=N/c2ccc(O*)cc2)cc1,CN(C)C(=N)N=C(N)N,7.3887,-1.2438,87.6100,2.7168,-7.4861,-6.5326,-9.4403,-5.9710,-1.0000,2
*CCCCCCCOCCCCCCCCCCCOC(=O)CCCCCCCCC(=O)Nc1ccc(Cc2ccc(NC(=O)NNC(=O)c3ccc(C(=O)O*)cc3)cc2)cc1,CN(C)C(=N)N=C(N)N,11.5425,-1.2438,161.1600,3.0674,-8.2138,-6.9146,-9.5303,-6.0977,-4.0000,2
*c1ccc(/C=C/c2cc(OCCCCCCCC)c(CNC(=O)Cc3ccc(C(=O)Nc4ccc(-c5ccc(N*)cc5)cc4)cc3)cc2)cc1,CN(C)C(=N)N=C(N)N,9.9567,-1.2438,79.4600,2.6063,-9.6038,-7.0034,-9.3593,-5.8504,-1.0000,2
*CCCCCCCCCOCCCOC(=O)c1ccc(NC(=O)CCCCCCCCC(=O)Nc2ccc(C(=O)O*)cc2)cc1,CN(C)C(=N)N=C(N)N,8.3969,-1.2438,120.0300,2.4576,-10.6186,-7.5808,-9.5303,-6.0978,-2.0000,2
*CCCCCCCCOC(=O)NCCCCNC(=O)/C=C/Cc1ccc(NC(=O)O*)cc1,CN(C)C(=N)N=C(N)N,4.8583,-1.2438,105.7600,2.4490,-10.4538,-7.0087,-9.4403,-5.9710,-2.0000,2
*CCCCCCCCCNC(=O)CCCCc1ccc(C(=O)NCCCNC(=O)c2ccc(C(*)=O)cc2)cc1,CN(C)C(=N)N=C(N)N,5.6286,-1.2438,104.3700,2.2952,-8.4724,-7.1263,-9.4403,-5.9710,-1.0000,2
*Oc1ccc(C(C(C)CC)c2ccc(Oc3ccc(C(=O)OC(*)=O)cc3C(=O)OC)cc2)cc1C,CN(C)C(=N)N=C(N)N,5.7707,-1.2438,88.1300,3.3966,-8.5273,-7.7065,-9.4403,-5.9710,-1.0000,2
*CCCCCCCCNC(=O)c1ccc(C(=O)NCCCCCCCCCCNC(=O)c2ccc(C(=O)N*)cc2)cc1,CN(C)C(=N)N=C(N)N,6.1564,-1.2438,116.4000,2.0586,-10.5477,-7.6346,-9.5303,-6.0978,-2.0000,2
*CCCCCCCCCCCCCCS(=O)(=O)CCCCCC(=O)NCCCCCCCCNC(=O)/C=C/c1ccc(C(=O)N*)cc1,CN(C)C(=N)N=C(N)N,8.0480,-1.2438,121.4400,2.8030,-7.8031,-6.6398,-9.5114,-6.1328,-2.0000,2
*CCCCCCSCCCOc1ccc(CCCCCCCNC(=O)c2ccc(C(=O)N*)cc2N)cc1,CN(C)C(=N)N=C(N)N,6.3731,-1.2438,93.4500,2.4397,-7.4277,-6.1877,-9.0738,-5.4119,-1.0000,2
*CCCCCCOCCOCCCCOCCOCCCCCOCCCOc1ccc(/C=C/C(=O)O*)cc1,CN(C)C(=N)N=C(N)N,6.1671,-1.2438,81.6800,2.6377,-10.4339,-7.7207,-9.5303,-6.0977,-1.0000,2
*NC(C)C(CC)SC(=O)NCCCCCCCCCCCCCNC(=O)c1ccc(C(=O)NCc2ccc(C(*)=O)cc2C)c(OCC)c1,CN(C)C(=N)N=C(N)N,7.7257,-1.2438,125.6300,3.7858,-8.0893,-7.5525,-9.3593,-5.8504,-3.0000,2
*CCCCCCCCCOC(=O)c1ccc(Cc2ccc(NC(=O)O*)cc2)cc1,CN(C)C(=N)N=C(N)N,6.2747,-1.2438,64.6300,1.9571,-10.5090,-7.3222,-9.5303,-6.0978,-1.0000,2
*CCCCCCCCCCNC(=O)c1ccc(C(=O)NCCCCCCCCNC(=O)c2ccc(C(=O)O*)c(C(C)CC)c2)cc1,CN(C)C(=N)N=C(N)N,8.2692,-1.2438,113.6000,2.9608,-10.4971,-7.5821,-9.4967,-5.9678,-4.0000,2
*Nc1ccc(NC(=O)Nc2ccc(NC(=O)c3ccc(-c4ccc(C(*)=O)cc4)cc3)cc2)cc1,CN(C)C(=N)N=C(N)N,5.6446,-1.2438,99.3300,1.9926,-8.0714,-7.2579,-9.4403,-5.9710,-1.0000,2
*OC(=O)c1ccc(C(=O)Nc2ccc(C(*)=O)cc2Cl)cc1,CN(C)C(=N)N=C(N)N,3.1030,-1.2438,72.4700,1.7510,-11.1570,-8.4826,-9.4403,-5.9710,-2.0000,2
*O[Si](C)(C)CCCCC(=O)OC(=O)CCNC(=O)c1ccc(C(=O)Nc2ccc(C(*)=O)cc2)cc1,CN(C)C(=N)N=C(N)N,3.3088,-1.2438,127.8700,2.5723,-8.2173,-7.9161,-9.4967,-5.9678,-1.0000,2
*Oc1ccc(NC(=O)c2ccc(Oc3ccc(Oc4ccc(C(=O)Nc5ccc(*)cc5)cc4)cc3)cc2)cc1C(=O)OCCCCCCCCCCCCC,CN(C)C(=N)N=C(N)N,11.9492,-1.2438,112.1900,2.6379,-10.4017,-7.6270,-9.5303,-6.0978,-2.0000,2
*CCCCCCNC(=O)CCCCC(=O)NCCCCCCCNC(=O)CCCS*,CN(C)C(=N)N=C(N)N,4.1362,-1.2438,87.3000,2.2277,-10.0312,-5.8940,-9.2335,-5.4206,-3.0000,2
*CCCCCCCCCCCCNC(=O)C(C)(CC)CCC(=O)NCCCCCCNC(=O)c1ccc(-c2ccc(-c3ccc(C(=O)O*)cc3)cc2)cc1,CN(C)C(=N)N=C(N)N,10.3588,-1.2438,113.6000,3.2711,-10.2665,-7.6780,-9.0697,-5.2057,-3.0000,2
*COCN(CCOC(=O)CCCCCCCCCCC(=O)OCCCCOc1ccc(C(=O)NCCCCNC(=O)O*)cc1)c1ccc(/N=N/c2ccc([N+](=O)[O-])cc2)cc1,CN(C)C(=N)N=C(N)N,9.0447,-1.2438,209.5900,3.4496,-8.2576,-6.9529,-9.2335,-5.4206,-1.0000,2
*CC(C)(CCCCCCCCCCCCC)C(=O)NCCCCCCNC(=O)COCCOCCOCCOCCOC(=O)c1ccc(C(=O)O*)cc1,CN(C)C(=N)N=C(N)N,7.1281,-1.2438,147.7200,3.0716,-8.2473,-6.8973,-9.5303,-6.0978,-3.0000,2
*CCOC(=O)SCC(=O)Nc1ccc(CCc2ccc(NC(=O)CO*)cc2)cc1,CN(C)C(=N)N=C(N)N,3.2308,-1.2438,93.7300,2.2335,-10.2086,-7.4034,-9.5303,-6.0977,-1.0000,2
*CCCCCCCCCCCCCCCCCCCCC(=O)NCC(=O)CCCCCCCCCCCCCCC(=O)NC(=O)NCCCNC(=O)CCCC(=O)N*,CN(C)C(=N)N=C(N)N,10.5526,-1.2438,162.5700,2.9106,-10.4616,-7.2691,-9.4403,-5.9710,-2.0000,2
*CCOC(=O)C(CCCCCC(=O)O*)c1ccc(/N=N/c2ccc(OCCCCCC)cc2)cc1,CN(C)C(=N)N=C(N)N,7.7429,-1.2438,86.5500,2.9458,-8.0048,-6.6027,-9.4403,-5.9710,-1.0000,2
*NC(=O)NCCCSCNC(=O)OCCCCCSCNC(=O)NCCCCCCCCNC(=O)NC(*)=O,CN(C)C(=N)N=C(N)N,2.4181,-1.2438,178.7900,3.2561,-10.0633,-7.2300,-9.2335,-5.4206,-1.0000,2
*CCCCCOC(=O)c1ccc(S(=O)(=O)O*)cc1,CN(C)C(=N)N=C(N)N,2.2803,-1.2438,69.6700,1.7404,-11.6118,-8.2594,-9.5303,-6.0978,-1.0000,2
*CC(O)COC(=O)CCCCCCCCCCCCCC(=O)OCCCCNC(=O)CCCCCCCCCC(=O)S*,CN(C)C(=N)N=C(N)N,7.3886,-1.2438,119.0000,3.1935,-10.5781,-7.5171,-9.0738,-5.4119,-2.0000,2
*CCC(C)CCCC(C)C(=O)NCCCCCCCNC(=O)c1ccc(O*)c(C)c1,CN(C)C(=N)N=C(N)N,5.3496,-1.2438,67.4300,2.9997,-10.2367,-6.6024,-9.0263,-5.4164,-2.0000,2
*Nc1ccc(CCc2ccc(NC(=O)c3ccc(NC(=O)O*)c(OCCCCCC)c3)cc2)cc1C,CN(C)C(=N)N=C(N)N,6.6637,-1.2438,88.6900,2.2707,-7.0989,-6.3271,-9.5114,-6.1328,-1.0000,2
*Oc1ccc(C(c2ccccc2)P(=O)(c2ccccc2)c2ccc(S(=O)(=O)CS*)cc2)cc1,CN(C)C(=N)N=C(N)N,5.1567,-1.2438,60.4400,3.5307,-10.5476,-7.9391,-9.5303,-6.0978,-2.0000,2
*CC(CCC)CCCOC(=O)c1ccc(C(=O)OCCCOC(=O)/C=C/c2ccc(C(=O)O*)cc2)cc1,CN(C)C(=N)N=C(N)N,5.5615,-1.2438,105.2000,2.8404,-11.3256,-8.3446,-9.0738,-5.4119,-1.0000,2
*CC(COC(=O)OCCCCCCCC(=O)O*)c1ccc(/N=N/c2ccccc2)cc1,CN(C)C(=N)N=C(N)N,6.7839,-1.2438,86.5500,2.9278,-8.2453,-6.5613,-9.5303,-6.0978,-1.0000,2
*CO[Si](C)(C)OC(=O)COc1ccc(SCCCNC(=O)OC(=O)CCCCCCCCC(=O)OC(C)NC(=O)O*)cc1,CN(C)C(=N)N=C(N)N,4.9694,-1.2438,164.7900,3.6883,-7.2932,-7.0375,-9.4403,-5.9710,-1.0000,2
*Cc1ccc(/C=C/c2ccc(Sc3ccc(-c4ccc(C(=O)Nc5ccc6c(c5)C(=O)N(*)C6=O)cc4)cc3)cc2)cc1,CN(C)C(=N)N=C(N)N,8.1195,-1.2438,66.4800,2.4928,-8.5723,-7.6549,-9.5114,-6.1328,-1.0000,2
*OP(=O)(Oc1ccc(C(C)(C)C)cc1)Oc1ccc(/N=N/c2ccc(*)cc2)cc1,CN(C)C(=N)N=C(N)N,6.9577,-1.2438,69.4800,2.8817,-8.3981,-6.6433,-9.5303,-6.0978,-1.0000,2
*C(CC)(C)C(=O)NC(=O)CCCCCCCCCCCCC(=O)NNC(=O)c1ccccc1C(=O)O*,CN(C)C(=N)N=C(N)N,4.5159,-1.2438,130.6700,2.8673,-7.8785,-7.1913,-9.5303,-6.0978,-3.0000,2
*CCCCCCCCCCCCCCOC(=O)OCCCOC(=O)c1ccc(/N=C/c2ccc(N/C(=O)c3ccc(O*)cc3)cc2)cc1,CN(C)C(=N)N=C(N)N,9.7963,-1.2438,112.5200,2.7493,-7.8019,-7.1964,-9.4403,-5.9710,-1.0000,2
*CCCCCCCCCCCCCCCCCCCCCCCCCCCCCNC(=O)COCCCOC(=O)O*,CN(C)C(=N)N=C(N)N,10.7565,-1.2438,73.8600,2.4452,-10.7748,-6.3872,-9.0263,-5.4164,-1.0000,2
*O[Si](*)(C)CCCCCCCOc1ccc(C(=O)Nc2ccc(Oc3ccc(OCCCCCCCC)cc3)cc2)cc1,CN(C)C(=N)N=C(N)N,9.1457,-1.2438,66.0200,3.0545,-10.1359,-6.9555,-9.5303,-6.0978,-1.0000,2
*CCCCCC(=O)NCCCCCCCCCCCNC(=O)CCCCCCCCCCCCC(=O)S(=O)(=O)CCCCCCCCS*,CN(C)C(=N)N=C(N)N,10.2030,-1.2438,109.4100,2.8767,-8.5671,-5.6916,-9.5303,-6.0977,-2.0000,2
*CCCCCCCCNC(=O)CCCCCCCCCCCCCCC(=O)NCCCCCNC(=O)N*,CN(C)C(=N)N=C(N)N,6.8793,-1.2438,99.3300,2.1572,-10.4611,-5.6402,-9.5303,-6.0978,-2.0000,2
*CCCCCCCCCCCCCCCCCCCCC(=O)NCCCCCCNC(=O)c1ccc(C(=O)Nc2ccc(Cc3ccc(O*)cc3)cc2)cc1,CN(C)C(=N)N=C(N)N,12.0735,-1.2438,96.5300,2.6513,-10.2778,-7.3999,-9.5114,-6.1328,-3.0000,2
*CC(C#N)C(=O)NCCCCSCCCCCCNC(=O)O*,CN(C)C(=N)N=C(N)N,2.6037,-1.2438,91.2200,3.0160,-9.7506,-6.6204,-9.4967,-5.9678,-1.0000,2
*Oc1ccc(/N=C/c2ccc(OCCOC(C)COC(*)=O)cc2C)cc1,CN(C)C(=N)N=C(N)N,3.4081,-1.2438,66.3500,3.1644,-7.3036,-6.8914,-9.4403,-5.9710,-1.0000,2
*CCCCCCCCOc1ccc(/C=C/C(=O)NCCc2ccc(NC(=O)O*)cc2)cc1,CN(C)C(=N)N=C(N)N,5.8879,-1.2438,76.6600,2.1380,-10.2029,-7.1880,-9.4967,-5.9678,-2.0000,2
*CCCCCCOCCCNC(=O)CCCCCCCC(=O)NCCCCNC(*)=O,CN(C)C(=N)N=C(N)N,3.4627,-1.2438,96.5300,2.3892,-10.5831,-6.0460,-9.4403,-5.9710,-2.0000,2
*CCCCCCCCCCCCc1ccc(/C=N/c2ccc(N=CC(=O)NNCCCCNC(=O)c3ccc(O*)cc3)cc2)cc1,CN(C)C(=N)N=C(N)N,8.1395,-1.2438,104.1800,2.9997,-7.3898,-6.8185,-9.0738,-5.4119,-2.0000,2
*CCCCCCCCCCCCOC(=O)c1ccc(C(=O)NCCCNC(=O)c2ccc(C(=O)NCCCCNC(=O)c3ccc(C(=O)O*)cc3)cc2)cc1,CN(C)C(=N)N=C(N)N,6.9524,-1.2438,169.0000,2.4973,-8.0980,-7.9029,-9.5303,-6.0978,-3.0000,2
*CCCCCCC[Si](C)(C)CCCCCCOc1ccc(C(=O)OC(=O)c2ccc(O*)c(OC)c2)cc1,CN(C)C(=N)N=C(N)N,8.0160,-1.2438,71.0600,2.6183,-7.9634,-7.2237,-9.4403,-5.9710,-1.0000,2
*O[Si](C)(C)c1cc(O)c(NC(=O)[Si](C)(C)O[Si](*)(C)C)cc1,CN(C)C(=N)N=C(N)N,2.1153,-1.2438,67.7900,3.9710,-9.6589,-6.6924,-9.4180,-5.9999,-2.0000,2
*CCC(C)CC(=O)OCCCCCCCCOC(=O)c1ccc(C(=O)O*)cc1,CN(C)C(=N)N=C(N)N,4.8616,-1.2438,78.9000,2.5463,-10.9415,-8.2696,-9.4967,-5.9678,-1.0000,2
*CCOc1ccc(OC(=O)c2ccc(C(=O)Oc3ccc(C(=O)OC(O)CCCCCCCCCCCCCOc4ccc(O*)c(OCCCCCCCCCC)c4)cc3)cc2)cc1,CN(C)C(=N)N=C(N)N,12.9842,-1.2438,136.0500,3.5514,-7.9257,-6.9828,-9.4967,-5.9678,-1.0000,2
*CCC(C)(CC)SS(=O)(=O)NC(CC)(C)C(=O)O*,CN(C)C(=N)N=C(N)N,2.3860,-1.2438,72.4700,4.0087,-10.5650,-6.9908,-9.2335,-5.4206,-2.0000,2
*CCCCCCCCCCCCCNC(=O)CCCCCCCCCCCC(=O)NCCCCCCNS*,CN(C)C(=N)N=C(N)N,8.8157,-1.2438,70.2300,2.3828,-9.4495,-5.6243,-9.0738,-5.4119,-1.0000,2
*CCCCCCCCCCCCNC(=O)c1ccc(-c2ccc(C(=O)NNC(=O)CCO*)cc2)cc1,CN(C)C(=N)N=C(N)N,5.1477,-1.2438,96.5300,2.2069,-10.5659,-7.6595,-9.5303,-6.0978,-3.0000,2
*CCCCCCCCCCCCOC(=O)c1ccc(C(=O)NCCCCCNC(=O)c2ccc(C(=O)O*)cc2)cc1,CN(C)C(=N)N=C(N)N,6.7926,-1.2438,110.8000,2.2263,-10.6758,-7.9149,-9.4180,-5.9999,-2.0000,2
*Oc1ccc(C(=O)OCCSCCNC(=O)c2ccc(SCC(*)=O)cc2)C(C)cc1,CN(C)C(=N)N=C(N)N,3.5580,-1.2438,81.7000,3.7030,-7.7815,-7.4424,-9.5303,-6.0978,-1.0000,2
*CCOC(=O)c1ccc(C(=O)OCCCCc2ccc(/C=C/c3ccc(O*)cc3)cc2)cc1,CN(C)C(=N)N=C(N)N,5.9190,-1.2438,61.8300,2.0941,-8.1183,-6.8750,-9.4403,-5.9710,-1.0000,2
*CCCCC(=O)NCCCCCCCCNC(=O)/C=C/C(=O)NCCCCNC(=O)O*,CN(C)C(=N)N=C(N)N,2.4698,-1.2438,125.6300,2.4194,-10.4409,-7.7524,-9.5303,-6.0978,-3.0000,2
*Oc1ccc(/N=C/c2ccc(/C=C/C=C/c3ccc(OC(=O)CCCCC(*)=O)cc3)cc2)cc1,CN(C)C(=N)N=C(N)N,6.5341,-1.2438,64.9600,2.6826,-7.8478,-7.5057,-9.2335,-5.4206,-1.0000,2
*CCCCCN(CCCC)SC(=O)NCCCCCCCCNC(=O)CCCCSC=CC*,CN(C)C(=N)N=C(N)N,7.5304,-1.2438,61.4400,3.1984,-9.4564,-6.4445,-9.5114,-6.1328,-1.0000,2
*Oc1ccc(C(=O)OCCCCCCCOc2ccc(NC(*)=O)cc2)cc1[N+](=O)[O-],CN(C)C(=N)N=C(N)N,4.0550,-1.2438,117.0000,2.2941,-9.3415,-8.1002,-9.4403,-5.9710,-2.0000,2
*CCOC(=O)Oc1ccccc1C=C/C(=O)OCC(C)CCOC(=O)c1ccc(-c2ccc(C(=O)O*)cc2)cc1,CN(C)C(=N)N=C(N)N,6.0267,-1.2438,114.4300,2.9733,-11.0834,-7.8856,-9.5303,-6.0978,-1.0000,2
*NC(=O)CCCCCCCCCCCCC(=O)NCCCCNC(=O)c1ccc(C(=O)N*)cc1,CN(C)C(=N)N=C(N)N,3.5782,-1.2438,116.4000,2.1893,-10.5420,-7.7118,-9.4403,-5.9710,-2.0000,2
*CCC(=O)/C=C/c1ccc(C(=O)NCCCN(C)c2ccc(Cc3ccc(NC(=O)N*)cc3)cc2)cc1,CN(C)C(=N)N=C(N)N,5.0166,-1.2438,90.5400,2.4522,-8.0460,-6.8386,-9.4967,-5.9678,-2.0000,2
*CCc1cccc(CCNC(=O)NCCCNC(=O)NCCCCCCCNC(=O)c2ccc(C(=O)NNC(C)c3ccc(C(*)=O)cc3)cc2)c1,CN(C)C(=N)N=C(N)N,4.9686,-1.2438,169.5600,3.3307,-8.2675,-7.5779,-9.4403,-5.9710,-5.0000,2
*C(=O)CCCCCCCCCCCCCCC(=O)NCCCCCCCCNC(=O)O*,CN(C)C(=N)N=C(N)N,6.3711,-1.2438,84.5000,2.2974,-10.3508,-7.2573,-9.0697,-5.2057,-1.0000,2
*Oc1ccc(/C=N/c2ccc(OC(=O)c3ccc(OCCOc4ccc(C(*)=O)cc4)cc3)cc2)cc1,CN(C)C(=N)N=C(N)N,5.6323,-1.2438,83.4200,2.3477,-7.8593,-7.5563,-9.5114,-6.1328,-1.0000,2
*Oc1ccc(/C=N/c2ccc(NC(=O)c3ccc(Cc4ccc(NC(=O)CCCCCC(*)=O)cc4)cc3)cc2)cc1,CN(C)C(=N)N=C(N)N,7.0738,-1.2438,96.8600,2.4728,-7.3882,-7.0954,-8.9803,-5.1653,-3.0000,2
*OC(=O)CCCCCCCCC(=O)Nc1ccc(Cc2ccc(NC(=O)OCC)cc2)cc1C(=O)O*,CN(C)C(=N)N=C(N)N,5.6879,-1.2438,120.0300,2.2525,-10.3723,-7.7728,-9.4403,-5.9710,-3.0000,2
*CCCCCCCCCCCCCOc1ccc(CCC(=O)Nc2ccc(NC(=O)CCCCCNC(=O)c3ccc(C(=O)O*)cc3)cc2)cc1,CN(C)C(=N)N=C(N)N,9.5748,-1.2438,122.8300,2.5542,-7.9691,-6.7950,-9.0648,-5.4206,-1.0000,2
*C(CC)NC(=O)CSCS(=O)(=O)CCCCCCCCCCC(=O)NN*,CN(C)C(=N)N=C(N)N,2.1189,-1.2438,104.3700,2.6688,-10.2743,-6.6041,-9.2335,-5.4206,-1.0000,2
*Sc1ccc(C(C)OC(=O)c2ccc(C(=O)NNC(=O)c3ccc(*)nc3)cc2)cc1,CN(C)C(=N)N=C(N)N,3.3631,-1.2438,97.3900,2.7244,-8.2108,-7.8677,-9.5303,-6.0977,-3.0000,2
*OC(Cl)COCCOCCOC(=O)c1ccc(C(=O)Nc2ccc(C(*)=O)cc2)cc1,CN(C)C(=N)N=C(N)N,2.4986,-1.2438,100.1600,2.7939,-10.8961,-8.3083,-9.5303,-6.0978,-1.0000,2
*Oc1ccc(Oc2ccc(NC(=O)Oc3ccc(/C=C/c4ccc(Oc5ccc(*)cc5)cc4)cc3)cc2)cc1,CN(C)C(=N)N=C(N)N,8.7581,-1.2438,66.0200,2.2021,-10.1011,-7.1048,-9.0738,-5.4119,-1.0000,2
*CC(O)C[PH](C)(C)COc1ccc(-c2ccc(CC(=O)OC(=O)c3ccc(C(=O)NCCCCC(=O)Nc4ccc(*)s4)cc3)cc2)cc1,CN(C)C(=N)N=C(N)N,6.6066,-1.2438,131.0300,3.7668,-8.4767,-7.3701,-9.5303,-6.0978,-1.0000,2
*CCNC(=O)C/C=N/CCCCCCCC(=O)NNCCCCCCCCNC(=O)CCCCCCO*,CN(C)C(=N)N=C(N)N,3.9444,-1.2438,120.9200,2.9186,-10.2372,-6.5331,-9.0738,-5.4119,-2.0000,2
*CNC(=O)CCCCCCCC(=O)Nc1ccc(SCc2ccc(CNC(=O)O*)cc2)cc1,CN(C)C(=N)N=C(N)N,5.1617,-1.2438,96.5300,2.2207,-9.7693,-6.9988,-9.0738,-5.4119,-2.0000,2
*CCCCCCCCOC(=O)OCCCCCCCNC(=O)Oc1ccc(/N=N/c2ccc(C(=O)O*)cc2)cc1,CN(C)C(=N)N=C(N)N,8.3528,-1.2438,124.8800,2.6712,-8.6754,-7.5939,-9.3593,-5.8504,-2.0000,2
*CCCCCCCCCCCCCCCCCCCCCOC(=O)c1ccc(C(=O)NCCc2ccc(NC(=O)O*)cc2)cc1,CN(C)C(=N)N=C(N)N,10.3376,-1.2438,93.7300,2.4588,-10.5867,-7.7805,-9.5303,-6.0978,-1.0000,2
*CC(CCCCOC(=O)c1ccc(C(=O)O*)cc1)Oc1cnc(I)cc1,CN(C)C(=N)N=C(N)N,4.1790,-1.2438,74.7200,2.8090,-8.3602,-7.5637,-9.5303,-6.0978,-1.0000,2
*CCCCCCOc1ccc(C(=O)Oc2ccc(OC(=O)CCCCCC(=O)SC(=O)c3ccc(O*)cc3)cc2)cc1,CN(C)C(=N)N=C(N)N,7.5266,-1.2438,105.2000,2.6657,-8.2103,-7.8570,-9.4403,-5.9710,-1.0000,2
*CCOCCCCOC(=O)Nc1ccc(SC(=O)O*)cc1,CN(C)C(=N)N=C(N)N,3.8219,-1.2438,73.8600,2.2897,-10.8250,-7.1062,-9.4403,-5.9710,-2.0000,2
*CCCCCCCCCCCCCCOC(=O)NCCCCCNC(=O)OC(=O)CCCCOC(=O)O*,CN(C)C(=N)N=C(N)N,6.7017,-1.2438,129.2600,2.6483,-10.8985,-7.2385,-9.5303,-6.0978,-3.0000,2
*CCCCC(=O)OCCCCCCCCOC(=O)NCCCCCCNC(=O)CCOCCO*,CN(C)C(=N)N=C(N)N,3.8622,-1.2438,112.1900,2.4667,-10.7091,-6.4332,-9.5303,-6.0978,-1.0000,2
*CCCCCCC(=O)NCCCCCCCCCNC(=O)OCCCCCNC(=O)c1ccc(C(=O)O*)cc1,CN(C)C(=N)N=C(N)N,5.8284,-1.2438,122.8300,2.3419,-7.9754,-6.8045,-9.2335,-5.4206,-3.0000,2
*CCCCCCCCCCCNC(=O)CCCCC(C)CC(=O)NCCSCCCNC(=O)CCCCCCCCCC(=O)N*,CN(C)C(=N)N=C(N)N,7.5719,-1.2438,116.4000,3.2487,-9.7115,-5.9090,-9.5303,-6.0978,-3.0000,2
*CCCC#CCOC(=O)CCCCCCCCCCCCCCC(=O)OCCCCCOc1ccc(C(=O)O*)cc1,CN(C)C(=N)N=C(N)N,8.2852,-1.2438,88.1300,2.6720,-10.7410,-7.3598,-9.4403,-5.9710,-1.0000,2
*CCCCC#COC(=O)CCCCCS(=O)(=O)COCCCC(=O)O*,CN(C)C(=N)N=C(N)N,2.4948,-1.2438,95.9700,3.0905,-10.8337,-6.9099,-9.4967,-5.9678,-1.0000,2
*Oc1ccc(Oc2ccc(Oc3ccc(OCC(*)=O)cc3)cc2)cc1S(=O)(=O)CC,CN(C)C(=N)N=C(N)N,4.3481,-1.2438,88.1300,2.3545,-7.8377,-7.4094,-9.0738,-5.4119,-1.0000,2
*Oc1ccc(NC(=O)c2ccc(C(=O)OCCCC(C)c3ccc(OC(=O)c4ccc(*)s4)cc3)c(Cl)c2)c(OC)c1Br,CN(C)C(=N)N=C(N)N,8.0904,-1.2438,100.1600,3.1933,-10.6760,-8.0801,-9.5303,-6.0978,-1.0000,2
*CCCCOC(=O)NNCCCCCCCNC(=O)c1ccc(NC(=O)CCc2ccc(C(=O)NCCOC(=O)c3ccc(C(*)=O)cc3)cc2)cc1,CN(C)C(=N)N=C(N)N,5.3684,-1.2438,181.0300,2.8596,-8.6511,-7.1965,-9.3593,-5.8504,-4.0000,2
*CCCC(=O)Oc1cccc(C(=O)NCCCCCCCCCCCNC(=O)c2ccc(C(=O)O*)cc2)c1,CN(C)C(=N)N=C(N)N,5.7610,-1.2438,110.8000,2.2518,-10.5924,-7.9351,-9.4403,-5.9710,-3.0000,2
*CCCCCNC(=O)CCCSCC(=O)CCCC(=O)NCCCCCCCCCNC(=O)CCCCCS*,CN(C)C(=N)N=C(N)N,5.9989,-1.2438,104.3700,2.7493,-7.4419,-5.8045,-9.5303,-6.0978,-2.0000,2
*CCCC(CCC(=O)NCCCNC(=O)NCCC(=O)N*)c1ccc(CCCCCCOC)cc1,CN(C)C(=N)N=C(N)N,3.7807,-1.2438,108.5600,2.9253,-10.0634,-6.0193,-9.3593,-5.8504,-3.0000,2
*CCCOCOc1ccc(/N=C/N(C)c2ccc(/N=N/c3ccc(O*)cc3)cc2)cc1,CN(C)C(=N)N=C(N)N,6.3667,-1.2438,68.0100,2.8821,-8.1468,-6.5233,-9.4180,-5.9999,-1.0000,2
*Oc1ccc(S(=O)(=O)CCCCCCCC(=O)OC(CC)c2ccc(*)cc2)cc1-c1ccc(/N=N/c2ccc(S(=O)(=O)[O-])cc2)cc1,CN(C)C(=N)N=C(N)N,8.1875,-1.2438,151.5900,3.5829,-9.7165,-7.7429,-9.4967,-5.9678,-1.0000,2
*CCCCC(=O)OCCCCCCOC(=O)CCCCCCC(=O)Oc1ccc(OC(=O)c2ccc(O*)cc2)cc1,CN(C)C(=N)N=C(N)N,6.6944,-1.2438,114.4300,2.4875,-10.9700,-7.5231,-9.5303,-6.0978,-1.0000,2
*CCCCCCCCCCCCCCCCCCC(=O)OCCCNC(=O)COCCSCCCO*,CN(C)C(=N)N=C(N)N,6.8197,-1.2438,73.8600,2.5700,-9.6314,-7.0030,-9.5303,-6.0978,-1.0000,2
*CCCCCCCCCCNC(=O)Cc1ccc(C(=O)N*)c(C(=O)OCCCCCCC)c1,CN(C)C(=N)N=C(N)N,5.7121,-1.2438,84.5000,2.2636,-10.6503,-7.2951,-9.4403,-5.9710,-1.0000,2
*CCOCCOCCOCCCOC(=O)Cc1ccc(OC(=O)CCCCCCCCCCC(=O)Nc2ccc(C(=O)NCCCNC(=O)S*)cc2)cc1,CN(C)C(=N)N=C(N)N,6.4365,-1.2438,167.5900,3.0867,-10.6343,-7.3580,-9.2335,-5.4206,-2.0000,2
*CCCCCCCCCNC(=O)c1ccc(C(=O)NCCCCCCCSC(=S)N*)cc1,CN(C)C(=N)N=C(N)N,5.8241,-1.2438,70.2300,2.3259,-7.5273,-6.7048,-9.4967,-5.9678,-1.0000,2
*Oc1c(C)cc(C(C)(C)c2ccc(OC(=O)CCCCC(*)=O)cc2Oc2ccc(-c3ccccc3)cc2)cc1,CN(C)C(=N)N=C(N)N,8.1505,-1.2438,61.8300,2.6130,-10.1100,-7.4273,-9.0263,-5.4164,-1.0000,2
*Oc1ccc(C(C)(C)c2ccc(C(*)=O)cc2N)c(OC)c1C,CN(C)C(=N)N=C(N)N,3.4298,-1.2438,61.5500,2.7607,-7.6289,-6.2123,-9.5303,-6.0978,-1.0000,2
*CCCCOCC(=O)NCCCCCCCOC(=O)CCCCCNC(=O)S*,CN(C)C(=N)N=C(N)N,3.6128,-1.2438,93.7300,2.4640,-10.3562,-6.5251,-9.4967,-5.9678,-1.0000,2
*CCCCCCCCCCCCC(=O)NCCSCCCNC(=O)CCC(=O)N*,CN(C)C(=N)N=C(N)N,3.9186,-1.2438,87.3000,2.3174,-9.5083,-6.0617,-9.5114,-6.1328,-1.0000,2
*CCCCCCCCCCCCCCCCCCC(=O)NCCCCCCCNC(=O)CCCOC(=O)CCCCC(=O)NCc1ccc(Cc2ccc(N(*)CCCCC)cc2)cc1,CN(C)C(=N)N=C(N)N,13.2140,-1.2438,116.8400,3.0289,-9.5534,-6.4480,-9.4403,-5.9710,-3.0000,2
*CCCCCCCCCCCCCSCSSCSOCCCOCCOCCOCCOCCOc1ccc(/N=N/c2ccc(C(=O)O*)cc2)cc1,CN(C)C(=N)N=C(N)N,11.6409,-1.2438,106.4000,3.6022,-8.5491,-7.5394,-9.0738,-5.4119,-1.0000,2
*CCCCCCOC(=O)CCCCC(=O)NC(=O)c1ccc(Cc2ccc(NC(=O)CCCCCCCC*)cc2)cc1,CN(C)C(=N)N=C(N)N,7.9068,-1.2438,101.5700,2.3839,-10.4135,-7.6411,-9.4403,-5.9710,-1.0000,2
*NC(=O)c1ccc(/N=N/N=N/c2ccc(Cc3ccc(NC(*)=O)cc3)cc2)cc1,CN(C)C(=N)N=C(N)N,4.7272,-1.2438,107.6400,2.7647,-9.3973,-7.3713,-9.2335,-5.4206,-1.0000,2
*CCCCCCCCCCCCCCCCCCNC(=O)c1ccc(C(=O)OC(=O)c2ccc(C(=O)O*)cc2)cc1,CN(C)C(=N)N=C(N)N,8.3733,-1.2438,98.7700,2.2566,-8.7213,-8.1403,-9.4403,-5.9710,-1.0000,2
*Oc1ccc(C(=O)Oc2ccc(OC(=O)c3ccc(Oc4ccc(OC(=O)c5ccc(*)cc5)cc4)cc3)cc2)cc1,CN(C)C(=N)N=C(N)N,6.8421,-1.2438,97.3600,1.9473,-10.7772,-7.7140,-9.5303,-6.0978,-1.0000,2
*Oc1ccc(C(=O)c2ccc(Oc3ccc(/N=C/c4ccc(C(=O)Nc5ccc(*)o5)cc4)cc3)cc2)cc1,CN(C)C(=N)N=C(N)N,7.0114,-1.2438,90.1300,2.4918,-8.1285,-7.6148,-9.5114,-6.1328,-1.0000,2
*CC(C)(C)C(O)COC(=O)CCCCCC(=O)O*,CN(C)C(=N)N=C(N)N,1.9717,-1.2438,72.8300,2.6682,-11.2701,-6.6954,-9.4403,-5.9710,-1.0000,2
*CCOCCOCCOCCCCCOC(=O)c1ccc(NC(=O)CCCCCCCCC(=O)O*)cc1,CN(C)C(=N)N=C(N)N,5.2273,-1.2438,109.3900,2.3756,-10.6876,-7.4781,-9.5303,-6.0978,-2.0000,2
*CCCOc1ccc(NC(=O)c2ccc(C(=O)Nc3ccc(NC(=O)CO*)cc3)cc2)cc1,CN(C)C(=N)N=C(N)N,3.9108,-1.2438,105.7600,1.8933,-7.7577,-6.9757,-9.5303,-6.0977,-3.0000,2
*Oc1ccc(Sc2ccc(/N=N/N=C/c3ccc(OC(=O)c4ccc(C(*)=O)cc4)cc3F)cc2)cc1,CN(C)C(=N)N=C(N)N,6.8320,-1.2438,89.6800,2.8797,-8.8606,-7.5469,-9.4967,-5.9678,-1.0000,2
*CCCCCCCCCCCCCCCCOCOC(=O)c1ccc(CCc2ccc(C(=O)N*)cc2)cc1,CN(C)C(=N)N=C(N)N,8.1829,-1.2438,64.6300,2.3333,-10.6831,-7.6205,-9.0263,-5.4164,-1.0000,2
*Nc1ccc(NC(=O)CCCCCCCCCCC(=O)Nc2ccc(NC(=O)c3ccc(C(*)=O)cc3)cc2)cc1,CN(C)C(=N)N=C(N)N,6.8118,-1.2438,116.4000,2.2164,-8.4203,-7.0500,-9.5114,-6.1328,-2.0000,2
*CCCCCCCCCCCCCCCCC(=O)OCCCCCCNC(=O)OCCOc1ccc(C(=O)NCCCCCCNC(=O)c2ccc(O*)cc2)cc1,CN(C)C(=N)N=C(N)N,10.1924,-1.2438,141.2900,2.8920,-10.3589,-6.7922,-9.5303,-6.0978,-3.0000,2
*C(CCCCCCCCCCCCCCCCC)C(=O)NCCCCCCNC(=O)C(=O)N*,CN(C)C(=N)N=C(N)N,5.9161,-1.2438,87.3000,2.1996,-10.5020,-7.3763,-9.5303,-6.0978,-1.0000,2
*c1cc(CCCCCCCCCC)c(CCCCNC(=O)NCCCCCNC(=O)CCCC(=O)N*)cc1Br,CN(C)C(=N)N=C(N)N,6.6963,-1.2438,99.3300,2.5744,-10.5101,-6.5720,-9.0738,-5.4119,-3.0000,2
*CC(*)(CC(=O)O)C(C(C)C)CCCCC(=O)OCCCCCC(=O)Oc1ccc(OCCOC)cc1,CN(C)C(=N)N=C(N)N,5.6642,-1.2438,108.3600,3.3220,-10.5038,-6.8137,-9.5303,-6.0978,-1.0000,2
*CCCCCCCCCCCNC(=O)CCCCC(=O)NCCOCCSSCNC(=O)N*,CN(C)C(=N)N=C(N)N,4.3338,-1.2438,108.5600,2.7837,-10.3911,-6.9849,-9.5303,-6.0977,-3.0000,2
*CCCCCCCOC(=O)CCCCCCCCCCC(=O)NCCCCCNC(=O)O*,CN(C)C(=N)N=C(N)N,5.9551,-1.2438,93.7300,2.2668,-10.2860,-6.3132,-8.9804,-5.1653,-1.0000,2
*CCCCCCCCOC(=O)COC(=O)CCCCCCCCCCCCCCCC(=O)O*,CN(C)C(=N)N=C(N)N,7.3694,-1.2438,78.9000,2.2126,-10.9132,-7.0032,-9.0738,-5.4119,-1.0000,2
*CCCCCSC(=O)NCCCCCCNC(=O)c1ccc(C(=O)NC(=O)N*)cc1,CN(C)C(=N)N=C(N)N,3.4183,-1.2438,116.4000,2.3550,-10.3048,-7.6809,-9.5114,-6.1328,-1.0000,2
*CCCCOC(=O)CNC(=O)NCCCNS(=O)(=O)c1ccc(C(=O)Nc2ccc(Cc3ccc(N*)cc3)cc2)cc1,CN(C)C(=N)N=C(N)N,3.4228,-1.2438,154.7300,2.4661,-7.6618,-7.0448,-9.5114,-6.1328,-4.0000,2
*CCCCCCP(*)(C)OCCCCCC(=O)Oc1ccc(C(=O)O)c(OC)c1,CN(C)C(=N)N=C(N)N,4.9474,-1.2438,82.0600,3.0568,-6.7568,-5.9294,-9.0696,-5.2057,-1.0000,2
*/C=C/Cc1ccccc1OC(=O)CCC(=O)Nc1ccc(S(=O)(=O)c2ccc(O*)cc2Oc2ccc(-c3ccc(C#N)cc3)nc2)cc1,CN(C)C(=N)N=C(N)N,7.0038,-1.2438,144.6800,3.2025,-10.4512,-7.8329,-9.0738,-5.4119,-1.0000,2
*CCCCCCCCCCOc1ccc(/C=N/NCCCCCCCCCCCCCCCNC(=O)c2ccc(O*)cc2)cc1,CN(C)C(=N)N=C(N)N,10.3365,-1.2438,71.9500,2.6583,-6.7895,-6.5978,-9.4403,-5.9710,-1.0000,2
*OC(=O)OCCOOC(=O)OCCOC(=O)c1ccc(OC(=O)CCCCCCCCCC(*)=O)cc1,CN(C)C(=N)N=C(N)N,4.2380,-1.2438,149.9600,2.8439,-11.0488,-7.8179,-9.4403,-5.9710,-1.0000,2
*CCCCCCCCCCCCCCCCCCOC(=O)c1ccc(C(=O)c2ccc(C(=O)Nc3ccc(NC(=O)CCCCCCCCC(=O)O*)cc3)cc2)cc1,CN(C)C(=N)N=C(N)N,12.7321,-1.2438,127.8700,2.7113,-8.4242,-7.7036,-9.5303,-6.0978,-3.0000,2
*CCCCCCCCOC(=O)NCCCCCCCCCNC(=O)OCCCOCCOC(=O)c1ccc(C(=O)O*)cc1,CN(C)C(=N)N=C(N)N,6.4919,-1.2438,138.4900,2.6079,-8.2813,-6.8775,-9.4180,-5.9999,-2.0000,2
*CCCCCCCCCCCCCCCCOCCCOc1ccc(C(=O)OCCCCCCCCCCOC(=O)Nc2ccc(/C=C/c3ccc(O*)cc3)cc2)cc1,CN(C)C(=N)N=C(N)N,14.3557,-1.2438,92.3200,3.0187,-9.8822,-7.2384,-9.5114,-6.1328,-1.0000,2
*CCCCCOC(=O)NCCCCSCCCSCCCNC(=O)CCCCC(=O)N*,CN(C)C(=N)N=C(N)N,4.0915,-1.2438,96.5300,2.6265,-9.6662,-5.8924,-9.0738,-5.4119,-2.0000,2
*/C=C/C(NC(=O)CCCCCCCC(=O)OC(C)O*)C(F)(F)F,CN(C)C(=N)N=C(N)N,2.8317,-1.2438,64.6300,4.0366,-11.0246,-6.9288,-9.5303,-6.0978,-1.0000,2
*Oc1ccc(C(=O)NNC(=O)c2ccc(NC(=O)c3ccc(C(=O)Nc4ccc(C(=O)c5ccc(*)cc5)cc4)cc3)cc2)cc1C,CN(C)C(=N)N=C(N)N,5.5110,-1.2438,142.7000,2.1943,-8.0870,-7.7771,-9.5303,-6.0978,-5.0000,2
*CCCCCCCNC(=O)CCCCSCCNC(=O)N*,CN(C)C(=N)N=C(N)N,2.6448,-1.2438,70.2300,2.2006,-9.4506,-5.6530,-9.4967,-5.9678,-1.0000,2
*CCCCCCCNC(=O)c1ccc(C(=O)NCCCCCCCCCCCCNC(=O)C(=O)N*)cc1C,CN(C)C(=N)N=C(N)N,4.9275,-1.2438,116.4000,2.3956,-10.4364,-7.3109,-9.5303,-6.0978,-2.0000,2
*Oc1ccc(C(=O)c2ccc(OC(=O)Nc3ccc(NC(=O)c4ccc(Cc5ccc(*)cc5)cc4)cc3)cc2Br)cc1,CN(C)C(=N)N=C(N)N,7.8397,-1.2438,93.7300,2.3289,-7.8799,-7.2658,-9.5303,-6.0978,-1.0000,2
*OC(=O)Oc1Cccc(-c2ccc(OC(*)=O)cc2)cc1,CN(C)C(=N)N=C(N)N,3.1436,-1.2438,61.8300,3.0740,-10.3203,-7.5024,-9.4403,-5.9710,-1.0000,2
*CCOC(=O)CC1CCC(COC(=O)CCCCCCCCCCCCCCCCC(=O)O*)(NC(=O)c2ccc(OCCCCCCCCC)cc2)CCC1CCC,CN(C)C(=N)N=C(N)N,12.7137,-1.2438,117.2300,4.1677,-10.3687,-6.8844,-9.3593,-5.8504,-1.0000,2
*CCCCCCCCCCCCCCOc1ccc(C(=O)NNNC(=O)CCNC(=O)c2ccc(C(*)=O)c(OC)c2)cc1,CN(C)C(=N)N=C(N)N,5.6733,-1.2438,134.8600,2.7077,-8.0900,-6.9941,-9.5303,-6.0978,-2.0000,2
*CS(=O)(=O)c1ccc(Oc2ccc(C(=O)O*)cc2)cc1,CN(C)C(=N)N=C(N)N,2.5806,-1.2438,69.6700,1.6051,-11.1653,-7.8186,-9.3593,-5.8504,-1.0000,2
*CC(*)C(=O)Nc1ccccc1-c1ccc(NC(C)CCCCCc2ccc(C#N)cc2)cc1,CN(C)C(=N)N=C(N)N,7.1773,-1.2438,64.9200,2.6153,-7.4773,-6.7985,-9.5114,-6.1328,-1.0000,2
*CC(*)(C)C(=O)OCCOCc1ccc(NC(=O)Nc2ccc(C#N)cc2)cc1,CN(C)C(=N)N=C(N)N,3.9181,-1.2438,100.4500,2.0995,-10.4499,-7.4152,-9.5303,-6.0978,-1.0000,2
*CCCCCCCCCCCCC(=O)NCCCCCNC(=O)C(CCCCCCCC)C(=O)NCCCNC(=O)c1ccc([Si](C)(C)CCO*)cc1,CN(C)C(=N)N=C(N)N,7.9109,-1.2438,125.6300,3.5977,-10.2287,-6.8792,-9.4180,-5.9999,-3.0000,2
*CCCNC(=O)CCCCCCCCCCC(=O)NCCCCCCCCCNC(=O)CCCCCCCCCCCCCC(=O)N*,CN(C)C(=N)N=C(N)N,8.9333,-1.2438,116.4000,2.3037,-10.2316,-5.8455,-9.4403,-5.9710,-2.0000,2
*CCCCCCCCCCCCCNC(=O)c1ccc(C(=O)NCCCNCC(=O)CCS(=O)(=O)C(=O)N*)cc1,CN(C)C(=N)N=C(N)N,3.8896,-1.2438,150.5400,2.7527,-7.7323,-7.5940,-9.4967,-5.9678,-3.0000,2
*Sc1ccc(-c2ccc(NC(=O)CCCCCCCCCCCCCC(*)=O)cc2CCCCCCCCCCCCCC#N)cc1,CN(C)C(=N)N=C(N)N,12.5983,-1.2438,69.9600,2.9078,-10.0490,-7.4013,-9.5303,-6.0978,-2.0000,2
*CC(=S)NCCCNC(=O)CCCCCSCCCCCCCC(=O)NCCCO*,CN(C)C(=N)N=C(N)N,3.5624,-1.2438,79.4600,2.5753,-7.2142,-5.9286,-9.4967,-5.9678,-2.0000,2
*SC(C)(Cl)COC(=O)OCCCCCCCCCOC(=O)S(=O)(=O)CCCCCNC(*)=O,CN(C)C(=N)N=C(N)N,4.2228,-1.2438,125.0700,3.7865,-8.0677,-6.4859,-9.0648,-5.4207,-2.0000,2
*CCCCOCC(=O)c1ccc(C(=O)OCCCCOC(=O)CCCCOC(=O)c2ccc(C(=O)NNC(=O)c3ccc(O*)cc3)cc2)cc1,CN(C)C(=N)N=C(N)N,4.9739,-1.2438,172.6300,2.7187,-8.4031,-8.1358,-9.0263,-5.4164,-2.0000,2
*CCCCCCCCC(=O)Nc1ccc(C(=O)N*)cc1C#N,CN(C)C(=N)N=C(N)N,3.3463,-1.2438,81.9900,1.9916,-10.9759,-7.9087,-9.5303,-6.0978,-1.0000,2
*CCCCNC(=O)CCCNC(=O)C(F)(F)CC(F)(F)C(F)(F)C(F)(F)C(F)(F)COC(=O)CCCC(=O)O*,CN(C)C(=N)N=C(N)N,4.1638,-1.2438,110.8000,3.1703,-10.8015,-7.4568,-9.4403,-5.9710,-1.0000,2
*C(=O)OCCOCCOC(=O)c1ccc(C(=O)NCCCCCNC(=O)c2ccc(N*)cc2)cc1,CN(C)C(=N)N=C(N)N,1.9453,-1.2438,132.0600,2.3809,-7.9937,-7.3001,-8.9803,-5.1653,-1.0000,2
*CCCCCCCCCCCCCCSCOCCCCCCCOC(=O)CCCCCCCCCC(=O)O*,CN(C)C(=N)N=C(N)N,10.4840,-1.2438,61.8300,2.6447,-9.7997,-6.5907,-9.5114,-6.1328,-1.0000,2
*CCCCC[Si](C)(C)CCCCCCCCCCNC(=O)COC(=O)c1ccc(C(=O)O*)cc1,CN(C)C(=N)N=C(N)N,6.6772,-1.2438,81.7000,2.4383,-8.4716,-7.0854,-9.0738,-5.4119,-2.0000,2
*CCCCCCCCCC(=O)NC/C=C/CCC/CC(=O)Nc1ccc(NC(=O)O*)cc1,CN(C)C(=N)N=C(N)N,6.0885,-1.2438,96.5300,2.3186,-10.3274,-6.7946,-9.4403,-5.9710,-1.0000,2
*CCCCCCCCCCCOC(=O)CCCOC(=O)c1ccc(NC(=O)O*)cc1,CN(C)C(=N)N=C(N)N,5.7875,-1.2438,90.9300,2.1086,-10.8839,-7.4671,-9.0738,-5.4119,-1.0000,2
*OC(=O)c1ccc(C(C)(CCC(F)(F)F)/C=N/c2ccc(/N=N/c3ccc(C(*)=O)cc3)cc2)cc1CCCCCC,CN(C)C(=N)N=C(N)N,9.7382,-1.2438,80.4500,3.7128,-8.4817,-7.8779,-9.4967,-5.9678,-1.0000,2
*c1ccc(Cc2ccc(NC(=O)CCCCCC(=O)NCCCCC(=O)O*)cc2)cc1,CN(C)C(=N)N=C(N)N,4.5375,-1.2438,84.5000,1.9340,-10.1788,-6.8609,-9.5303,-6.0978,-3.0000,2
*C(=O)CCCCNC(=O)c1ccc(C(=O)NCCCCCCCCCC(=O)N*)c(OC(C)C)c1C,CN(C)C(=N)N=C(N)N,4.2171,-1.2438,113.6000,2.5964,-10.4541,-7.4783,-9.4967,-5.9678,-1.0000,2
*CCCCC(=O)NCc1ccc(NC(=O)CSCCCc2ccc(CCC(=O)O*)cc2)cc1,CN(C)C(=N)N=C(N)N,4.8147,-1.2438,84.5000,2.1462,-10.1205,-6.9731,-9.5114,-6.1328,-2.0000,2
*CCN(CCOC(=O)c1ccc(C(=O)O*)cc1)c1ccc(S(=O)(=O)O[Na])cc1,CN(C)C(=N)N=C(N)N,1.8569,-1.2438,99.2100,2.5837,-8.5974,-7.4587,-9.5303,-6.0977,-1.0000,2
*CC(C)(C)COC(=O)CCCCCCCCCCCC(=O)NCCCCCNC(=O)O*,CN(C)C(=N)N=C(N)N,5.4209,-1.2438,93.7300,2.3665,-10.5820,-6.3708,-9.4967,-5.9678,-2.0000,2
*CCCCC/C=C/C(=O)CCCCCCCCCCCC(=O)NCCCCCCCCNC(=O)OCCCCCCCCCCCO*,CN(C)C(=N)N=C(N)N,10.6693,-1.2438,93.7300,2.8774,-10.4299,-7.5446,-9.0738,-5.4119,-1.0000,2
*/N=N/c1ccc(Cc2ccc(NC(=O)c3ccc(Oc4ccc(C(*)=O)c(C(C)(CC)C)c4)cc3)cc2)cc1,CN(C)C(=N)N=C(N)N,8.4846,-1.2438,80.1200,2.9419,-7.7758,-7.4258,-9.5303,-6.0978,-1.0000,2
*CCN(CCOC(=O)NCCCCCCCCCNC(=O)O*)c1ccc(-c2cc([N+](=O)[O-])oc2)cc1,CN(C)C(=N)N=C(N)N,5.4056,-1.2438,136.1800,2.8719,-8.7360,-6.7074,-9.5114,-6.1328,-2.0000,2
*CCCCCNC(=O)CC(C(C)=O)CCCCCC(=O)NCCC(=O)O*,CN(C)C(=N)N=C(N)N,2.4295,-1.2438,101.5700,2.7230,-10.5730,-6.8910,-9.0738,-5.4119,-2.0000,2
*Oc1ccc(C(=O)OCCCCCCCCCOc2ccc(/C=N/CC(=O)c3ccc(C(*)=O)cc3)cc2)cc1,CN(C)C(=N)N=C(N)N,6.4730,-1.2438,91.2600,2.5828,-8.6235,-7.3900,-9.5303,-6.0978,-1.0000,2
*Oc1ccc(NC(=O)c2ccc(S(=O)(=O)c3ccc(*)cc3)cc2[Si](C)(C)C)cc1,CN(C)C(=N)N=C(N)N,4.0225,-1.2438,72.4700,2.3471,-10.3117,-7.3723,-9.3593,-5.8504,-1.0000,2
*Nc1ccc(-c2ccc(NC(=O)Nc3ccc(S(c4ccc(NC(*)=O)cc4)CCCCCCCCCCCCCC)cc3)cc2)cc1,CN(C)C(=N)N=C(N)N,11.2684,-1.2438,82.2600,3.6137,-5.7284,-5.5048,-9.5303,-6.0978,-2.0000,2
*CCCCCCCCCCCCCCCCCCCCCCCOC(=O)CCCCC(=O)OCCCCCCCCOc1ccc(C(=O)OCCCOC(=O)O*)c(CC)c1,CN(C)C(=N)N=C(N)N,14.0687,-1.2438,123.6600,3.0988,-10.4892,-6.9900,-9.4967,-5.9678,-1.0000,2
*CCCCOCCC(=O)Nc1ccc(NC(=O)SCCCCCC(=O)NSCCCNC(*)=O)cc1,CN(C)C(=N)N=C(N)N,4.5579,-1.2438,125.6300,3.0025,-10.1646,-7.2730,-9.5303,-6.0978,-3.0000,2
*CCCCCOc1ccc(C(=O)OCCCCCOCCOC(=O)c2ccc(NC(=O)CCCCCC(=O)O*)cc2)cc1,CN(C)C(=N)N=C(N)N,6.4299,-1.2438,126.4600,2.4239,-10.4959,-7.5907,-9.5303,-6.0978,-2.0000,2
*C(=O)C(CCCCC)C(=O)NCCCCCCC(=O)NCCCCCCNC(=O)C(=O)N*,CN(C)C(=N)N=C(N)N,1.7266,-1.2438,133.4700,3.0931,-10.5792,-7.6721,-9.4403,-5.9710,-1.0000,2
*CCCCCNC(=O)SCCCCCCCCCCCNC(=O)C(=O)NCCCCCCCCNC(=O)CCCO*,CN(C)C(=N)N=C(N)N,5.5920,-1.2438,125.6300,2.7254,-10.0077,-7.2203,-9.4180,-5.9999,-2.0000,2
*CCCCCCNC(=O)c1ccccc1NC(=O)CCCCCCCCCCCC(=O)NCCCCCO*,CN(C)C(=N)N=C(N)N,6.5051,-1.2438,96.5300,2.2885,-10.4043,-7.2056,-9.5303,-6.0978,-1.0000,2
*NC(=O)CCCCCCC(=O)NCCCCCCCCNC(=O)CCCCCCCCCCCCCCCCCCC(=O)NCCCCC*,CN(C)C(=N)N=C(N)N,9.7135,-1.2438,116.4000,2.3312,-10.2268,-5.9835,-9.5303,-6.0978,-2.0000,2
*CCCCCNC(=O)c1ccc(C(=O)NCCOC(=O)/C=C/c2ccc(C(=O)O*)cc2C)cc1Br,CN(C)C(=N)N=C(N)N,4.3621,-1.2438,110.8000,2.4119,-10.9063,-8.2040,-9.0738,-5.4119,-2.0000,2
*/C=C/c1ccc(OC(=O)CCCCCCCCCCCC(=O)OCCCCOC(=O)c2ccc(C(=O)O*)cc2)cc1,CN(C)C(=N)N=C(N)N,7.4047,-1.2438,105.2000,2.8336,-8.2930,-6.9518,-9.5303,-6.0978,-1.0000,2
*CC(*)(C)C(=O)Nc1ccc(C(=O)Oc2ccc(C(=O)Oc3ccc(C#N)cc3)cc2)cc1,CN(C)C(=N)N=C(N)N,4.5912,-1.2438,105.4900,2.0323,-10.9232,-8.0110,-9.4179,-5.9999,-1.0000,2
*CCCCCCCCCCC(=O)NCCCCCNC(=O)CCCCCCCC(=O)NCCCCCNC(=O)C(=O)CC(=O)N*,CN(C)C(=N)N=C(N)N,4.4978,-1.2438,162.5700,2.5776,-8.3902,-6.2190,-9.4403,-5.9710,-2.0000,2
*O[Si](*)(C)CCCCCOc1ccc(C(=O)Oc2ccc(C(=O)OCn3cc(-c4ccc(C(=O)Nc5ccc(F)cc5)cc4)cc3)cc2)cc1,CN(C)C(=N)N=C(N)N,7.4752,-1.2438,105.0900,3.4597,-7.9264,-7.5444,-9.5303,-6.0978,-1.0000,2
*CC(CCCCCCCC)C(=O)NCCCNC(=O)/C=C/CCCCOc1ccc(C(=O)N*)cc1,CN(C)C(=N)N=C(N)N,4.9000,-1.2438,96.5300,2.8926,-10.1220,-6.8240,-9.4403,-5.9710,-3.0000,2
*CCCCCCCCCCCNC(=O)c1ccc(C(=O)NCCCCNC(=O)c2ccc(NC(=O)N*)cc2)cc1,CN(C)C(=N)N=C(N)N,5.3778,-1.2438,128.4300,2.1289,-10.4969,-7.5178,-9.5303,-6.0978,-1.0000,2
*CCCCCNC(=O)CCCCCC(=O)NCCCCCCS(=O)(=O)CCNC(=O)O*,CN(C)C(=N)N=C(N)N,2.6023,-1.2438,130.6700,2.4195,-10.5845,-5.7671,-9.5303,-6.0978,-1.0000,2
*CCCCOCO[Si](C)(C)CCOC(=O)C(C)CC(=O)O*,CN(C)C(=N)N=C(N)N,2.6363,-1.2438,71.0600,3.3361,-10.6088,-6.9188,-9.5114,-6.1327,-1.0000,2
*CCCCCCCCCCCCCCCCCCOC(=O)NCCCCCSSCCCNC(=O)O*,CN(C)C(=N)N=C(N)N,9.1835,-1.2438,76.6600,2.6628,-10.3580,-6.8945,-9.4403,-5.9710,-2.0000,2
*CCCCCCCCCCCCNC(=O)CCCCCCCCCCCCCCCC(=O)NCCSCCCCCNC(=O)C(=O)N*,CN(C)C(=N)N=C(N)N,8.4962,-1.2438,116.4000,2.6715,-7.3328,-5.8708,-9.0738,-5.4119,-2.0000,2
*CCCCCCCSSC(=O)c1ccc(C(=O)CCCC(=O)Nc2ccc(C(=O)O*)cc2)cc1,CN(C)C(=N)N=C(N)N,6.8685,-1.2438,89.5400,2.4468,-8.9226,-7.9853,-9.5114,-6.1328,-2.0000,2
*Oc1ccc(CC(=O)OCCCCCCCCCOc2ccc(/N=C/c3ccc(C(*)=O)cc3)cc2)cc1,CN(C)C(=N)N=C(N)N,6.8507,-1.2438,74.1900,2.4791,-8.4690,-7.2022,-9.5114,-6.1328,-1.0000,2
*Cc1ccc(COC(=O)CCCCCCCCCCCCCCCCC(=O)OC(C)CCCC(C)CCCC(=O)O*)cc1,CN(C)C(=N)N=C(N)N,10.2728,-1.2438,78.9000,3.3266,-10.6583,-6.5746,-9.5114,-6.1328,-1.0000,2
*CCCCCCOC(=O)c1ccc(C(=O)NCCCNC(=O)COCC(C)C(=O)O*)cc1,CN(C)C(=N)N=C(N)N,2.3971,-1.2438,120.0300,2.6946,-10.6867,-7.8142,-9.4180,-5.9999,-1.0000,2
*SCCCCCCCCCCCCCCCCCCCCCCCCCOC(=O)c1ccc(S(=O)(=O)c2ccc(C(=O)c3ccc(*)cc3)cc2)cc1,CN(C)C(=N)N=C(N)N,12.8093,-1.2438,77.5100,2.5999,-8.1706,-7.1826,-9.5114,-6.1327,-1.0000,2
*CC(=O)NCCCCCCCNC(=O)c1ccc(C(=O)NCCCCCCNC(=O)O*)cc1,CN(C)C(=N)N=C(N)N,3.0608,-1.2438,125.6300,2.1011,-10.4527,-7.4064,-9.4403,-5.9710,-3.0000,2
*CC(*)(C)C(=O)OCCOCN(CCCOc1ccc(/N=N/c2ccc(/C)cc2)cc1)C(=O)Oc1ccc(C(=O)Nc2ccc(=O)c2)cc1,CN(C)C(=N)N=C(N)N,6.6062,-1.2438,145.1900,3.2063,-8.1977,-7.6090,-9.4403,-5.9710,-1.0000,2
*CCCCCCCCC(COC(=O)CCCCC(=O)Sc1ccc(C(=O)O*)cc1)C(F)(F)C(F)(F)F,CN(C)C(=N)N=C(N)N,7.6715,-1.2438,69.6700,3.3324,-11.0051,-8.0192,-9.4180,-5.9999,-1.0000,2
*CCOc1c(Cl)cc(C(=O)OC)c(O*)c1O,CN(C)C(=N)N=C(N)N,1.9365,-1.2438,64.9900,2.2972,-10.7180,-7.4931,-9.5114,-6.1327,-1.0000,2
*NNC(=O)c1ccc(C(=O)SSSSS(=O)(=O)Nc2ccc(Cc3ccc(NC(=O)NCCNC(=O)c4ccc(*)cc4)cc3)cc2)cc1,CN(C)C(=N)N=C(N)N,5.6073,-1.2438,174.6000,3.1324,-8.0551,-7.7218,-9.5303,-6.0978,-3.0000,2
*CCc1ccc(N(C)CCCCCCCCC(=O)Oc2ccc(O*)c(C(=O)O)c2)cc1,CN(C)C(=N)N=C(N)N,5.4253,-1.2438,76.0700,2.2749,-7.7118,-6.9229,-9.5114,-6.1328,-2.0000,2
*O[Si](*)(C)CCCCNC(=O)c1ccc(C(=O)Nc2ccc(-c3ccc([N+](=O)[O-])cc3)cc2)cc1,CN(C)C(=N)N=C(N)N,4.3700,-1.2438,110.5700,2.8935,-8.8568,-7.8498,-9.4403,-5.9710,-1.0000,2
*CCCCCCCCCCC(=O)NCCCCCCCCNC(=O)CCSCCCNC(=O)CCCCCCC(=O)N*,CN(C)C(=N)N=C(N)N,6.5457,-1.2438,116.4000,2.5250,-10.0666,-5.9536,-9.5303,-6.0978,-4.0000,2
*CCCCCOC(=O)CCSCCCOC(=O)c1cccc(C(=O)NCCC(=O)O*)c1,CN(C)C(=N)N=C(N)N,3.2947,-1.2438,108.0000,2.3156,-7.6982,-7.1772,-9.4403,-5.9710,-2.0000,2
*Oc1ccc(S(=O)(=O)Oc2ccc(Oc3ccc(C(*)=O)cc3)cc2)cc1,CN(C)C(=N)N=C(N)N,3.7647,-1.2438,78.9000,2.0320,-10.7208,-8.0228,-9.4403,-5.9710,-1.0000,2
*CCOC(=O)NCCCCCCCNC(=O)Oc1ccc(NC(=O)NCCCCCCN(*)CCCCCCCC(=O)Oc2ccc(OCCCCCCCCC)cc2)cc1,CN(C)C(=N)N=C(N)N,10.8187,-1.2438,156.5600,3.0934,-9.5826,-6.4837,-9.0738,-5.4119,-1.0000,2
*CCOC(=O)OCCCSCCSSCCCCNC(=O)OC(=O)CCCCCCC(=O)O*,CN(C)C(=N)N=C(N)N,5.1224,-1.2438,117.2300,2.9907,-10.1214,-7.1550,-9.3593,-5.8504,-1.0000,2
*Oc1ccc(OC(=O)c2ccc(NC(=O)Nc3ccc(C(*)=S)cc3)cc2)cc1,CN(C)C(=N)N=C(N)N,4.6032,-1.2438,76.6600,2.1106,-8.6670,-7.6453,-9.0648,-5.4207,-1.0000,2
*CCCCCCCCCCCCCCCCCCCCOC(=O)NCCCCCCNC(=O)NCCCCCNC(=O)c1ccc(C(=O)N*)cc1,CN(C)C(=N)N=C(N)N,9.3131,-1.2438,137.6600,2.6546,-10.3488,-7.6588,-9.5303,-6.0977,-2.0000,2
*CCCCCCCCCCCOC(=O)C(CCC(=O)O*)c1ccc(C#N)cc1,CN(C)C(=N)N=C(N)N,5.5807,-1.2438,76.3900,2.6967,-11.2520,-7.4684,-9.5114,-6.1328,-1.0000,2
*OC(=O)c1ccc(C(C)(C)c2ccc(NC(=O)S*)cc2C)o1,CN(C)C(=N)N=C(N)N,4.0738,-1.2438,68.5400,2.8725,-10.6161,-7.5929,-9.5114,-6.1328,-2.0000,2
*CCCCCCCCC(=O)OCC(O)COC(=O)CCCOC(=O)CCc1ccc(C(=O)O*)cc1,CN(C)C(=N)N=C(N)N,3.8387,-1.2438,125.4300,2.8194,-11.1456,-7.4582,-9.0738,-5.4119,-1.0000,2
*Oc1ccc(OC(=O)c2ccc(Nc3ccc(C(=O)CCCCCCCCCCCCC(=O)Oc4ccc(*)cc4)cc3)cc2)cc1,CN(C)C(=N)N=C(N)N,9.8245,-1.2438,90.9300,2.4733,-7.6863,-7.2923,-9.4180,-5.9999,-1.0000,2
*CCCCCCCCCCCCCCCCCCCOc1c(/C=C/c2ccc(OC(=O)CCCCCCCC(=O)Oc3ccc(O*)cc3)cc2)cc1,CN(C)C(=N)N=C(N)N,13.1392,-1.2438,71.0600,3.1155,-7.9864,-6.7035,-9.5114,-6.1328,-1.0000,2
*NNC(=O)CCCCCCCCCCC(=O)NCCCSCCCCCCCO*,CN(C)C(=N)N=C(N)N,4.0596,-1.2438,79.4600,2.4173,-9.4054,-5.9158,-9.5303,-6.0978,-1.0000,2
*Oc1ccc(CC(=O)NCCCCCCCCNC(*)=O)cc1,CN(C)C(=N)N=C(N)N,2.1375,-1.2438,67.4300,2.1254,-10.3192,-6.3718,-9.3593,-5.8504,-2.0000,2
*CCCCCCCCCCCCCCCCCCCCCCCCNC(=O)CCCCCCCCCCCCCC(=O)NCCC(=O)N*,CN(C)C(=N)N=C(N)N,11.7676,-1.2438,87.3000,2.3176,-10.3515,-6.1932,-9.5303,-6.0977,-1.0000,2
*CCCCCCCCCCCCCCOC(=O)c1ccc(C(=O)NCCNC(=O)O*)cc1,CN(C)C(=N)N=C(N)N,5.5419,-1.2438,93.7300,2.1231,-10.8547,-7.9152,-9.5114,-6.1327,-1.0000,2
*Oc1ccc(NC(=O)/C=C/C(=O)NCc2ccc(CNC(=O)CC(=O)Nc3ccc(*)cc3)cc2)cc1,CN(C)C(=N)N=C(N)N,2.8483,-1.2438,125.6300,2.2382,-7.8219,-6.7737,-9.0738,-5.4119,-5.0000,2
*CCCC#CCCSNC(=O)N(CCl)C(=O)N*,CN(C)C(=N)N=C(N)N,2.1148,-1.2438,61.4400,3.8139,-10.2084,-7.2035,-9.5114,-6.1328,-1.0000,2
*CCCCCOC(=O)CCCCC(=O)OCCOC(=O)CCCCCCCCC(=O)O*,CN(C)C(=N)N=C(N)N,4.5720,-1.2438,105.2000,2.1999,-11.3484,-6.8211,-9.3593,-5.8504,-1.0000,2
*C(*)C(=O)OCCCCCCCNC(=O)COc1ccc(/N=N/c2ccc(CCC)cc2)cc1,CN(C)C(=N)N=C(N)N,6.0631,-1.2438,89.3500,2.3741,-8.2098,-6.6362,-9.5114,-6.1328,-1.0000,2
*CCCOC(=O)NCCCCCCCCCOC(=O)c1ccc(/C=C/c2ccc(CC(=O)O*)cc2)cc1,CN(C)C(=N)N=C(N)N,6.5078,-1.2438,90.9300,2.3715,-10.3957,-7.5246,-9.0738,-5.4119,-1.0000,2
*CCCC(C)(COC(=O)CSc1ccc(C(=O)O*)cc1)c1ccc(CNCCCCCCCC)cc1,CN(C)C(=N)N=C(N)N,7.2282,-1.2438,64.6300,3.0086,-7.9921,-7.0501,-9.4967,-5.9678,-1.0000,2
*CCCCCCCCCCCCCOC(=O)c1ccc(Cc2ccc(CNC(=O)c3ccc(C(=O)O*)cc3)cc2)cc1,CN(C)C(=N)N=C(N)N,8.3734,-1.2438,81.7000,2.2635,-10.7793,-7.9904,-9.2335,-5.4206,-1.0000,2
*CC(c1ccc(/N=N/c2ccc(-c3ccc(N)cc3)cc2)cc1)COC(=O)CCCCC(=O)O*,CN(C)C(=N)N=C(N)N,6.6429,-1.2438,103.3400,2.9242,-8.1523,-6.6272,-9.4179,-5.9999,-1.0000,2
*CC(*)P(=O)(O)C(=O)OCCCCCCOc1ccc(/C=C/c2ccccc2)cc1,CN(C)C(=N)N=C(N)N,6.2231,-1.2438,72.8300,2.9474,-7.7038,-6.8291,-9.0738,-5.4119,-1.0000,2
*Sc1ccc(NC(=O)CCC(=O)NCCCOC(=O)c2ccc(C(=O)NCCCCCCCNC(=O)c3ccc(C(*)=O)cc3)cc2)cc1C,CN(C)C(=N)N=C(N)N,5.2885,-1.2438,159.7700,2.7798,-8.3843,-7.8111,-9.4180,-5.9999,-4.0000,2
*CCCCCCOc1ccc(-c2ccc(OCCOC(=O)c3ccc(C(=O)O*)cc3)cc2)cc1,CN(C)C(=N)N=C(N)N,6.2467,-1.2438,71.0600,1.9711,-8.4123,-7.0130,-9.3593,-5.8504,-1.0000,2
*OC(=O)N/C=C/c1ccc(CC(C)(C)c2ccc(NC(=O)C(*)=O)cc2)cc1,CN(C)C(=N)N=C(N)N,3.5826,-1.2438,84.5000,2.6845,-8.8718,-6.7759,-9.0738,-5.4119,-1.0000,2
*NC(=O)c1ccc(NC(=O)NCCCCCNC(=O)CCCCC(*)=O)cc1,CN(C)C(=N)N=C(N)N,1.9528,-1.2438,116.4000,2.1310,-10.4981,-7.3922,-9.4403,-5.9710,-3.0000,2
*CCCCCCC/C=C/C(=O)Nc1cccc(OC(=O)c2ccc(C(=O)O*)cc2)c1,CN(C)C(=N)N=C(N)N,5.4592,-1.2438,81.7000,2.1131,-8.2349,-7.3075,-9.0263,-5.4164,-1.0000,2
*CCCCCCCCCCCCCNC(=O)OCCCCCOc1ccc(/C=C/C(=O)O*)cc1,CN(C)C(=N)N=C(N)N,7.3707,-1.2438,73.8600,2.2866,-10.4628,-7.7068,-9.4967,-5.9678,-2.0000,2
*CCCCCCCNC(=O)CCCCCCCOC(=O)CCCCC(=O)NC(=O)CCCCSCCSC(=O)O*,CN(C)C(=N)N=C(N)N,6.4747,-1.2438,127.8700,2.8720,-9.9841,-7.3124,-9.4403,-5.9710,-2.0000,2
*CCCCCCCCCCCCCCCCCCCCCCCCCCCCCCCOCCCOCCOCCOCCOCOC(=O)CC(CCCCCCCCC(=O)O*)c1cccnc1,CN(C)C(=N)N=C(N)N,16.0673,-1.2438,111.6400,3.9456,-10.2036,-7.0437,-9.0263,-5.4164,-1.0000,2
*CC(C)(C)COC(=O)CCCCCCCCCCC(=O)OCCCCCOC(=O)c1ccc(C(=O)Oc2ccc(C(=O)Oc3ccc(O*)cc3)cc2)c(OCC)c1,CN(C)C(=N)N=C(N)N,9.5899,-1.2438,149.9600,3.0748,-8.1431,-7.6323,-9.5303,-6.0978,-1.0000,2
*Oc1ccc(OC(=O)c2ccc(C(=O)Oc3ccc(*)cc3)cc2)cc1O,CN(C)C(=N)N=C(N)N,3.5362,-1.2438,82.0600,1.8465,-8.3257,-6.9452,-9.5303,-6.0978,-2.0000,2
*c1c(C(=O)O)c(C(=O)O)cc(OCCCCCCCCC)c1*,CN(C)C(=N)N=C(N)N,4.2124,-1.2438,83.8300,1.8444,-10.9113,-7.8069,-9.4403,-5.9710,-2.0000,2
*CCCCCCCNC(=O)c1ccc(C(=O)NCCCCCCNC(=O)CCCCC(=O)N*)cc1,CN(C)C(=N)N=C(N)N,3.8389,-1.2438,116.4000,2.1709,-10.4680,-7.4215,-9.3593,-5.8504,-2.0000,2
*N=P(*)(OCCCCCC)OCCOC(=O)Nc1ccc([SH](=O)[O-])cc1,CN(C)C(=N)N=C(N)N,3.6255,-1.2438,109.2800,4.4018,-7.1829,-5.9848,-9.5303,-6.0978,-1.0000,2
*CCCCCCNC(=O)CCC(=O)NCCCCC(=O)NCCCCNC(=O)CCCCCCCCCCCCCCCC(=O)NCCCCNC(=O)CCCCCC(=O)O*,CN(C)C(=N)N=C(N)N,7.6614,-1.2438,200.9000,2.6311,-10.1558,-6.4088,-9.5114,-6.1328,-6.0000,2
*CNC(=O)c1cccc(C(=O)NCCOC(=O)c2ccc(*)cc2)c1,CN(C)C(=N)N=C(N)N,1.6330,-1.2438,84.5000,1.7293,-10.5899,-7.6902,-9.0738,-5.4119,-1.0000,2
*CCC#CCCCCCCC(=O)NCc1ccc(CNC(=O)c2ccc(C(=O)O*)cc2)cc1,CN(C)C(=N)N=C(N)N,4.6850,-1.2438,84.5000,2.2498,-8.0168,-6.8299,-9.5303,-6.0978,-3.0000,2
*CCS(=O)(=O)CCCCCCCCCS(=O)(=O)c1ccc(-c2ccc(-c3ccc(O*)cc3)cc2)cc1,CN(C)C(=N)N=C(N)N,6.6653,-1.2438,77.5100,2.2576,-10.4395,-7.3786,-9.4403,-5.9710,-1.0000,2
*Oc1ccc(C(OC)c2ccc(OC(=O)Oc3ccc(C(*)=O)cc3)cc2)cc1,CN(C)C(=N)N=C(N)N,4.5183,-1.2438,71.0600,2.7324,-8.3151,-7.0827,-9.2334,-5.4206,-1.0000,2
*CCCCCCCCCCCNC(=O)C(CCCCOc1ccc(C(=O)OC(C)COC(=O)COC(=O)CCCC(=O)O*)cc1)c1ccccc1,CN(C)C(=N)N=C(N)N,7.5531,-1.2438,143.5300,3.5672,-10.3742,-7.2522,-9.5114,-6.1328,-2.0000,2
*CCCC[SH](C)(C)NC(=O)CCCC(=O)NCCCCCCCCNC(=O)CCCCCCCCCCCC(=O)N*,CN(C)C(=N)N=C(N)N,6.1339,-1.2438,116.4000,3.1445,-5.4283,-3.7914,-9.5303,-6.0978,-2.0000,2
*/C=N/c1ccc(Sc2ccc(NC(=O)CCCCCCCCNC(=O)c3ccc(C(=O)Nc4ccc(C(=O)O*)cc4)cc3)cc2)cc1,CN(C)C(=N)N=C(N)N,8.2196,-1.2438,125.9600,2.9042,-7.8524,-7.4227,-9.0738,-5.4119,-2.0000,2
*CCCCCCOc1ccc(OC(=O)c2ccc(Br)c(C(=O)O*)c2Br)cc1,CN(C)C(=N)N=C(N)N,6.0881,-1.2438,61.8300,2.2885,-8.1712,-7.9366,-9.4403,-5.9710,-1.0000,2
*CCCCOc1ccc(C(=O)OCCCCOC(=O)Nc2ccc(Cc3ccc(Nc4ccc(NC(=O)c5ccc(-c7ccc7c(c6)C(=O)N(*)C6=O)cc5)cc4C)cc3)cc2)cc1,CN(C)C(=N)N=C(N)N,9.8525,-1.2438,152.3700,3.4219,-8.3884,-7.2412,-9.4180,-5.9999,-3.0000,2
*/C=C/C(C)CC(=O)NNc1ccc(Cc2ccc(NC(*)=O)cc2)cc1,CN(C)C(=N)N=C(N)N,3.5010,-1.2438,70.2300,3.4082,-9.8650,-6.7687,-9.4403,-5.9710,-2.0000,2
*CCCCCOc1ccc(C(=O)OCCNC(=O)c2ccc(C(=O)O*)cc2)cc1,CN(C)C(=N)N=C(N)N,3.5406,-1.2438,90.9300,1.8536,-8.0102,-7.0631,-9.4403,-5.9710,-1.0000,2
*CCCCCCCC(=O)NCCCCCC(=O)CCCCCCC(=O)NCCCCCCCNC(=O)c1ccc(C(=O)N*)cc1,CN(C)C(=N)N=C(N)N,6.5288,-1.2438,133.4700,2.4859,-10.4229,-7.5631,-9.5303,-6.0978,-1.0000,2
*CCCCCCC(=O)NCCCCCNC(=O)CCCCCCCCCCC(=O)NS*,CN(C)C(=N)N=C(N)N,5.2215,-1.2438,87.3000,2.3273,-9.9167,-6.4525,-9.5303,-6.0978,-2.0000,2
*CC(COC(=O)O*)CCC(=O)OCCOc1ccc(OC(=O)c2ccc(OCCC)cc2)cc1,CN(C)C(=N)N=C(N)N,4.7275,-1.2438,106.5900,2.7796,-10.4379,-7.2637,-9.4180,-5.9999,-1.0000,2
*CCCCCCCSCCCCCNC(=O)CCCCc1ccc(C(=O)NCCCNC(=O)S*)cc1,CN(C)C(=N)N=C(N)N,6.1488,-1.2438,87.3000,2.5685,-6.8693,-6.8332,-9.5303,-6.0978,-1.0000,2
*CC(COC(=O)Nc1ccc(Cc2ccc(NC(=O)SCCOC(=O)CCCCCCCCCC(=O)O*)cc2)cc1)OCC,CN(C)C(=N)N=C(N)N,7.6547,-1.2438,129.2600,3.2543,-10.3546,-7.3575,-9.5303,-6.0978,-1.0000,2
*Oc1ccc(C(=O)OCCOC(=O)c2ccc(C(*)=O)c(C(=O)OCCC)c2)cc1,CN(C)C(=N)N=C(N)N,2.7853,-1.2438,105.2000,2.2819,-8.7880,-7.7522,-9.5114,-6.1328,-1.0000,2
*CCCCCCCCCCCCCCOc1ccc(/C=N/c2ccc(/N=C/c3ccc(OCCCC(=O)Oc4ccc(O*)cc4)cc3)cc2)cc1,CN(C)C(=N)N=C(N)N,11.7379,-1.2438,78.7100,2.8734,-7.2625,-6.8173,-9.3593,-5.8504,-1.0000,2
*OC(=O)CCCC(=O)OCCCOCOc1ccc(C(=O)/C=N/c2ccc(OC(=O)COc3ccc(C(*)=O)cc3)cc2)cc1,CN(C)C(=N)N=C(N)N,4.6098,-1.2438,153.0900,2.8965,-8.5369,-7.8844,-9.4403,-5.9710,-1.0000,2
*CCCCCCCOC(=O)/C=N/CCCC/C=C/C(C#N)Sc1ccc(OC(=O)O*)cc1,CN(C)C(=N)N=C(N)N,6.0386,-1.2438,97.9800,3.6701,-10.3205,-7.4760,-9.0738,-5.4119,-1.0000,2
*C(=O)CN(CCCOC(=O)Nc1ccc(NC(=O)O*)cc1)c1ccc(OC(C)C)cc1C,CN(C)C(=N)N=C(N)N,4.5162,-1.2438,106.2000,2.6034,-7.5750,-6.6101,-9.3593,-5.8504,-2.0000,2
*Oc1ccc(-c2ccc(OC(=O)c3ccc(OCCCCCCCCCCCCCCCCCCCCCCC(*)=O)c(OC)c3)cc2OCCCCCCCCC)cc1,CN(C)C(=N)N=C(N)N,15.1862,-1.2438,80.2900,3.0983,-10.0608,-7.3928,-9.0738,-5.4119,-1.0000,2
*CCCCCCCCCCCCCCCCC(=O)NCCCCCNC(=O)/C=C/CCCSCCCNC(=O)CCCCCCCCS*,CN(C)C(=N)N=C(N)N,10.4969,-1.2438,87.3000,2.9778,-9.6882,-6.9108,-9.0697,-5.2057,-3.0000,2
*CCCCCCCCCCOC(=O)Oc1ccc(-c2ccc(C(=O)O*)c(OC)c2)cc1[N+](=O)[O-],CN(C)C(=N)N=C(N)N,6.6247,-1.2438,114.2000,2.3695,-9.1586,-7.9606,-9.4967,-5.9678,-1.0000,2
*CCCCCCOC(=O)c1ccc(C(=O)OCCCCCNC(=O)c2ccc(O*)cc2)cc1,CN(C)C(=N)N=C(N)N,4.8864,-1.2438,90.9300,2.0551,-8.1130,-6.8962,-9.5303,-6.0977,-2.0000,2
*CC(=O)NCCCCCCCCNC(=O)CCCCCCCC(=O)NCCCCCCCNC(=O)CCCCCCC(=O)O*,CN(C)C(=N)N=C(N)N,5.9181,-1.2438,142.7000,2.2584,-10.3771,-6.6396,-9.5303,-6.0978,-4.0000,2
*CCCCCCCCCCCC(=O)OCCCOC(=O)CCCCCC(=O)OC(C)COCC(=O)O*,CN(C)C(=N)N=C(N)N,5.3672,-1.2438,114.4300,3.0144,-11.1036,-6.9762,-9.5303,-6.0978,-1.0000,2
*CC(*)C(=O)OCCCCCCCCC(=O)NCCNC(=O)c1ccc(C(=O)Oc2ccc(OCCCCCCCCCC)cc2)cc1,CN(C)C(=N)N=C(N)N,7.9552,-1.2438,120.0300,2.5864,-8.1317,-6.9363,-9.4403,-5.9710,-1.0000,2
*CC(OC(=O)Nc1ccc(Cc2ccc(NC(=O)NCCCCCCNC(*)=O)cc2)cc1)Oc1ccc(C(=O)O)cc1,CN(C)C(=N)N=C(N)N,5.3770,-1.2438,155.0900,3.0398,-10.2354,-7.4819,-9.4180,-5.9999,-1.0000,2
*C(=O)COc1ccc(NC(=O)C(C)(C)c2cccc(C(*)=O)c2)cc1,CN(C)C(=N)N=C(N)N,2.9931,-1.2438,72.4700,2.3276,-8.0987,-7.8324,-9.2335,-5.4206,-1.0000,2
*Nc1ccc(C(C)(C)c2ccc(NC(=O)Oc3ccc(S(*)(=O)=O)cc3)cc2)c(Br)c1C,CN(C)C(=N)N=C(N)N,5.2468,-1.2438,84.5000,3.0568,-10.3059,-7.4345,-9.5303,-6.0977,-1.0000,2
*CCCCCCCCCCCCOC(=O)SC(C)CC(=O)OCCCCOC(=O)c1ccccc1C(=O)O*,CN(C)C(=N)N=C(N)N,7.4343,-1.2438,105.2000,3.1448,-10.6578,-7.7867,-9.5303,-6.0978,-1.0000,2
*OC(=O)OCCCCCCCCCCNC(=O)C(C)CCCCC(=O)NCCCCNC(=O)CCCCC(C)NC(=O)CCCCCCCCCCO*,CN(C)C(=N)N=C(N)N,7.6954,-1.2438,161.1600,3.6800,-10.3608,-6.1510,-9.0738,-5.4119,-4.0000,2
*CC(=O)NCCc1ccc(NC(=O)OCCCCCOC(=O)c2ccc(C(*)=O)cc2)cc1Br,CN(C)C(=N)N=C(N)N,4.5160,-1.2438,110.8000,2.3947,-8.6557,-7.2015,-9.0738,-5.4119,-1.0000,2
*Nc1c(C)cc(-c2ccc(NC(=O)Nc3cccc(C(=O)NCCNC(*)=O)c3)cc2C)c(O)c1,CN(C)C(=N)N=C(N)N,3.3780,-1.2438,131.5900,2.5325,-7.4642,-6.8585,-9.5114,-6.1328,-2.0000,2
*CCCCCCCCCCCCCOc1ccc(OC(=O)COCCCCOC(=O)c2ccc(C(=O)O*)cc2)cc1,CN(C)C(=N)N=C(N)N,7.6338,-1.2438,97.3600,2.4080,-8.2727,-7.0905,-9.5303,-6.0978,-1.0000,2
*CCCCCC(=O)OC(C)COC(=O)OC(OC)CCC(=O)O*,CN(C)C(=N)N=C(N)N,2.4889,-1.2438,97.3600,3.3544,-11.3148,-6.6221,-9.4403,-5.9710,-1.0000,2
*CCCCCCOCCOc1ccc(OC(=O)c2ccc(C(=O)O*)cc2)cc1,CN(C)C(=N)N=C(N)N,4.5797,-1.2438,71.0600,1.8992,-8.2774,-6.8772,-9.5303,-6.0978,-1.0000,2
*Oc1c(C)cc(S(=O)(=O)c2ccc(OC(=O)CCCCC(*)=O)c(C)c2)cc1C(=O)OCCCCCCCC,CN(C)C(=N)N=C(N)N,6.0238,-1.2438,113.0400,2.7086,-10.9901,-7.5115,-9.5303,-6.0978,-1.0000,2
*/C=N/c1ccc(CCNC(=O)c2cc(OCCCCCCCCCC)c(C(*)=O)cc2)cc1CCCCOCCCCCCCCCC,CN(C)C(=N)N=C(N)N,10.8032,-1.2438,76.9900,3.2257,-8.1227,-7.2366,-9.5303,-6.0978,-1.0000,2
*CCCCCCCCCCOC(=O)c1ccc(C(=O)NCCCN*)cc1,CN(C)C(=N)N=C(N)N,4.0627,-1.2438,67.4300,1.8984,-7.8669,-6.7250,-9.2334,-5.4206,-1.0000,2
*C(=O)CCCNC(=O)NCC(=O)NCCCCCCNC(=O)NCCOC(=O)CCCCCCCCCCCCCC(=O)N*,CN(C)C(=N)N=C(N)N,3.3403,-1.2438,183.8300,2.8307,-10.5529,-7.6598,-9.5304,-6.0979,-3.0000,2
*CCCCCCCCCCCCCCNC(=O)CCCCCC(=O)NCCCCCCCCO*,CN(C)C(=N)N=C(N)N,7.2033,-1.2438,67.4300,2.0862,-10.2671,-5.6265,-9.5303,-6.0977,-1.0000,2
*CCCCCCOC(=O)CCCCCCCC(=O)Nc1ccc(SC(=O)O*)cc1,CN(C)C(=N)N=C(N)N,6.2494,-1.2438,81.7000,2.2816,-10.6367,-7.3586,-9.0738,-5.4119,-2.0000,2
*CCCCNC(=O)CCCCCCCCCCCCNC(=O)c1ccc(C(=O)NCCCCNC(=O)c2ccc(NC(=O)c3ccc(C(=O)O*)cc3)cc2)cc1,CN(C)C(=N)N=C(N)N,7.5143,-1.2438,171.8000,2.5361,-8.1400,-7.4491,-9.0173,-5.2053,-4.0000,2
*CCCCCCCCCCCOC(=O)c1ccc(C(=O)NCCCCC(=O)NNC(=O)c2ccc(C(=O)N*)cc2)cc1,CN(C)C(=N)N=C(N)N,4.8344,-1.2438,142.7000,2.3712,-10.5748,-7.8980,-9.4403,-5.9710,-4.0000,2
*CCCCCCCCNC(=O)CCCCCCC[PH]C(=O)CCCCCCC(=O)NC(=O)CCCC(=O)N*,CN(C)C(=N)N=C(N)N,5.6478,-1.2438,121.4400,3.3857,-7.3490,-6.8475,-9.5303,-6.0978,-1.0000,2
*Oc1cccc(NC(=O)c2ccc(OC(=O)c3ncc(C(*)=O)cc3)cc2)c1,CN(C)C(=N)N=C(N)N,3.0712,-1.2438,94.5900,2.1353,-9.0706,-7.8974,-9.4180,-5.9999,-1.0000,2
*CCCCCCCCCCCC(=O)Oc1ccc(C(F)(F)C(F)(F)C(F)(F)COC(=O)O*)cc1,CN(C)C(=N)N=C(N)N,7.5699,-1.2438,61.8300,2.7444,-11.2772,-7.6028,-9.4967,-5.9678,-1.0000,2
*CCCCCCCCCCCCCCCNC(=O)c1ccc(C(=O)NCNC(=O)CCCCC(=O)Nc2ccc(C(=O)N*)cc2)cc1,CN(C)C(=N)N=C(N)N,6.6091,-1.2438,145.5000,2.5637,-10.5737,-7.7110,-9.3593,-5.8504,-3.0000,2
*OC(=O)CCCCCCCCCCCCCCCCCCC(=O)OCC(=O)OC(=O)c1ccc(OC(=O)CCC(=O)OCOC(=O)c2ccc(-c3ccc(O*)cc3)cc2)cc1,CN(C)C(=N)N=C(N)N,9.4355,-1.2438,184.1000,3.1130,-8.4148,-7.8035,-9.5303,-6.0978,-2.0000,2
*Oc1ccc(Oc2ccc(/C=C/c3ccc(OC(=O)c4ccc(C(*)=O)cc4C(C)CC)cc3)cc2)cc1,CN(C)C(=N)N=C(N)N,7.9001,-1.2438,61.8300,2.9208,-8.2348,-7.2719,-9.4179,-5.9999,-1.0000,2
*CCCCCCCCCCCCNC(=O)CCCCCCCC(=O)NCCCCCCCOC(=O)c1ccc(C(=O)N*)cc1,CN(C)C(=N)N=C(N)N,7.7768,-1.2438,113.6000,2.4531,-7.9474,-6.7577,-9.4403,-5.9710,-2.0000,2
*CCCCCCCOC(=O)c1ccc(C(=O)NCCCCCCNC(=O)c2ccc(O*)cc2)cc1,CN(C)C(=N)N=C(N)N,5.2396,-1.2438,93.7300,2.0904,-7.8694,-6.7644,-9.0738,-5.4119,-1.0000,2
*CCCCCCCCCCCCCNC(=O)CCCC(=O)NCCCCCNC(=O)S*,CN(C)C(=N)N=C(N)N,5.5098,-1.2438,87.3000,2.2954,-10.4800,-6.2813,-9.4403,-5.9710,-1.0000,2
*CNC(=O)c1ccc(NC(=O)COC(=O)c2ccc(C(*)=O)c(C(F)(F)F)c2)cc1,CN(C)C(=N)N=C(N)N,2.6730,-1.2438,101.5700,2.1980,-9.4807,-8.2626,-9.5303,-6.0978,-2.0000,2
*CCCCCCOC(=O)NCCCNC(=O)Oc1ccc(C(=O)O*)cc1,CN(C)C(=N)N=C(N)N,3.1698,-1.2438,102.9600,2.0536,-10.9105,-7.7729,-9.5303,-6.0978,-2.0000,2
*CCOc1ccc(OC(=O)CCOC(=O)NCCSCCCCCSCCCCCCCCNC(=O)c2ccc(C(=O)OCCCCCCCCOC(=O)c3ccc(O*)cc3)cc2)cc1,CN(C)C(=N)N=C(N)N,10.5743,-1.2438,164.7900,3.4008,-7.3684,-6.9297,-9.4403,-5.9710,-1.0000,2
*CCCCCCCCCOC(=O)CCOCCCCC(=O)NCSCS*,CN(C)C(=N)N=C(N)N,4.5514,-1.2438,64.6300,2.7161,-10.4474,-6.6370,-9.4403,-5.9710,-1.0000,2
*CCc1ccc(Sc2ccc(SC(=O)c3ccc(C(=O)O*)c(C(=O)OCCC)c3)cc2C)cc1,CN(C)C(=N)N=C(N)N,6.9061,-1.2438,69.6700,2.6142,-8.5190,-7.6019,-8.9803,-5.1653,-1.0000,2
*OC(=O)OCC(=O)OCCCCCCCCCCCCCCCOc1ccc(N(C)c2ccc(Cl)cc2)cc1*,CN(C)C(=N)N=C(N)N,8.7958,-1.2438,74.3000,2.5245,-7.0213,-6.5518,-9.5114,-6.1328,-1.0000,2
*CCCCCCNC(=O)CC(CC)CCCCCCCCCC(=O)NCCCCC(=O)N*,CN(C)C(=N)N=C(N)N,5.3819,-1.2438,87.3000,2.8018,-10.3139,-5.7719,-9.0696,-5.2057,-1.0000,2
*CCCCCOc1ccc(-c2ccc(OC(=O)c3ccc(OCc4ccc(C(=O)O*)cc4)cc3)cc2)cc1,CN(C)C(=N)N=C(N)N,7.4190,-1.2438,71.0600,2.0496,-7.8046,-7.3893,-9.3593,-5.8504,-1.0000,2
*CCCCCCOC(=O)CNC(=O)c1ccc(C(=O)NNC(=O)c2ccc(C(=O)N*)cc2)cc1,CN(C)C(=N)N=C(N)N,1.7136,-1.2438,142.7000,2.1064,-10.8094,-8.0725,-9.4403,-5.9710,-4.0000,2
*Oc1ccc(C(=O)Nc2ccc(NC(=O)c3ccc(C(=O)Oc4ccc(S(*)(=O)=O)cc4)cc3)cc2)cc1,CN(C)C(=N)N=C(N)N,4.0863,-1.2438,127.8700,2.4566,-8.3004,-7.6291,-9.5114,-6.1328,-2.0000,2
*Oc1ccc(NS(=O)(=O)c2ccc(NC(=O)SSc3ccc(-c4ccc(CC(*)=O)cc4)cc3)cc2)cc1,CN(C)C(=N)N=C(N)N,6.5738,-1.2438,101.5700,2.6557,-8.0893,-7.5452,-9.0173,-5.2053,-3.0000,2
*CCOCCOC(=O)NCc1ccc(CNC(=O)c2ccc(O*)cc2C(=O)OCCCCCC)cc1,CN(C)C(=N)N=C(N)N,4.3220,-1.2438,112.1900,2.3815,-10.6771,-7.3852,-9.4967,-5.9678,-2.0000,2
*Nc1ccc(CC(=O)OCCCCCNC(=O)Nc2ccc(C(C)(C)c3ccc(NC(=O)c4ccc(*)cc4)cc3)cc2)cc1,CN(C)C(=N)N=C(N)N,6.9247,-1.2438,108.5600,2.4548,-7.1732,-6.4538,-9.5303,-6.0978,-1.0000,2
*/C=C/c1cc(OCCCCCCCCCCCCCCC)c(-c2ccc(OCCOC(=O)CCCCCCCCCCC(=O)O*)cc2)cc1OCCCCC,CN(C)C(=N)N=C(N)N,13.9432,-1.2438,80.2900,3.2920,-9.5948,-6.7320,-9.0648,-5.4207,-1.0000,2
*NNC(=O)c1ccc(C(=O)NCCc2ccc(Cc3ccc(NC(=O)CCCCCCCS(=O)(=O)Nc4ccc(*)cc4)cc3)cc2)cc1,CN(C)C(=N)N=C(N)N,5.5744,-1.2438,145.5000,2.5650,-7.6644,-6.7125,-9.5114,-6.1328,-4.0000,2
*Nc1ccc(-c2ccc(NCCCCCCCNC(=O)c3ccc(C(=O)Nc4ccc(C(*)=O)cc4)cc3)cc2)cc1,CN(C)C(=N)N=C(N)N,6.7930,-1.2438,99.3300,2.2957,-7.6846,-6.9365,-9.4967,-5.9678,-1.0000,2
*CCCCCCCCCCCCCC(=O)NCCCCCNC(=O)CCCC(=O)NCCCCCCC(=O)N*,CN(C)C(=N)N=C(N)N,5.8125,-1.2438,116.4000,2.2094,-10.2653,-5.8485,-9.5303,-6.0978,-1.0000,2
*NOC(CCOC(=O)CCCCCCCCCCCCC(=O)O*)C,CN(C)C(=N)N=C(N)N,3.9643,-1.2438,73.8600,2.8444,-11.0156,-6.6790,-9.4403,-5.9710,-1.0000,2
*Oc1cc(C#N)c(-c2ccc(/N=N/c3ccc(OCCCCCCCCCCCCCCCCCCCCCCCCCCCCCC(*)=O)cc3)cc2)cc1,CN(C)C(=N)N=C(N)N,15.8468,-1.2438,84.0400,3.0788,-8.3023,-7.4770,-9.5303,-6.0978,-1.0000,2
*Oc1ccc(/N=N/N=Nc2ccc(/N=C/c3ccc(*)cc3)cc2)cc1,CN(C)C(=N)N=C(N)N,5.9254,-1.2438,71.0300,2.7805,-9.1062,-7.6875,-9.4403,-5.9710,-1.0000,2
*CCCCNC(=O)CCCC(=O)NCc1ccc(CSCCNC(=O)c2ccc(C(=O)N*)cc2)cc1,CN(C)C(=N)N=C(N)N,3.1515,-1.2438,116.4000,2.2650,-7.6464,-6.8720,-9.4403,-5.9710,-1.0000,2
*CCCCCCOc1ccc(C(=O)OC(CS)C(=O)Oc2ccc(O*)cc2)cc1,CN(C)C(=N)N=C(N)N,4.4121,-1.2438,71.0600,2.7340,-10.3613,-7.5044,-9.4967,-5.9678,-2.0000,2
*CCCCCCCCCCCC(=O)NCCCCCNC(=O)CCCCCCCNC(=O)CCCC(=O)N*,CN(C)C(=N)N=C(N)N,5.4224,-1.2438,116.4000,2.1977,-10.3962,-5.9008,-9.5303,-6.0978,-2.0000,2
*CCc1c(CCNC(=O)c2ccc(C(=O)O*)cc2)cc1N,CN(C)C(=N)N=C(N)N,2.0675,-1.2438,81.4200,2.5402,-6.5495,-6.1054,-9.5114,-6.1328,-2.0000,2
*C(=O)NCCCCCCCCCCCOC(=O)CCCCCCSCOC(=O)C(=O)O*,CN(C)C(=N)N=C(N)N,4.0555,-1.2438,108.0000,2.8171,-8.8482,-6.4758,-9.5114,-6.1328,-1.0000,2
*CC(C)(C)C[SH](C)(C)CC(=O)OCCCCCOc1ccc(/C=N/c2ccc(/C(=N\C#N)c3ccc(O*)cc3)cc2)cc1,CN(C)C(=N)N=C(N)N,7.3962,-1.2438,93.2700,3.5679,-5.6057,-5.3862,-9.5303,-6.0978,-1.0000,2
*C(=O)NCCC(F)(F)C(F)(F)CC(F)(F)C(F)(F)COC(=O)NCCCCCS*,CN(C)C(=N)N=C(N)N,3.8801,-1.2438,67.4300,3.5054,-10.2022,-6.4510,-9.5114,-6.1328,-2.0000,2
*CCCCC(=O)NCCCSSCSCSCSSNC(=O)CCO*,CN(C)C(=N)N=C(N)N,4.1982,-1.2438,67.4300,3.6202,-10.3711,-7.6878,-9.5303,-6.0978,-1.0000,2
*Sc1ccc(S(=O)(=O)c2ccc(OC(*)=O)cc2)cc1,CN(C)C(=N)N=C(N)N,2.3433,-1.2438,60.4400,2.3755,-10.7381,-7.8436,-9.0738,-5.4119,-1.0000,2
*CCCCCCCCCCC(=O)NCCCCCCNC(=O)CCCOC(=O)c1ccc(CC(=O)O*)cc1,CN(C)C(=N)N=C(N)N,5.5743,-1.2438,110.8000,2.3169,-10.4597,-7.5394,-9.5303,-6.0978,-3.0000,2
*Nc1ccc(C(=O)Nc2ccc(NC(=O)c3ccc(O*)cc3)cc2)cc1,CN(C)C(=N)N=C(N)N,3.4790,-1.2438,79.4600,1.6557,-9.9643,-7.0536,-9.0738,-5.4119,-2.0000,2
*CCCCCC(=O)NNc1ccc(/N=N/c2ccc(CCCCNC(=O)c3ccc(S(*)=N)cc3)cc2)cc1,CN(C)C(=N)N=C(N)N,6.8143,-1.2438,118.8000,3.0701,-7.4869,-6.8904,-9.3593,-5.8504,-2.0000,2
*CCCCCCCCCCCCCCCCCOC(=O)NCCCCNC(=O)OCCCCOC(=O)CCCCCCCCC(=O)CCCCCCCCCCCCCCCCCC(=O)O*,CN(C)C(=N)N=C(N)N,15.8200,-1.2438,146.3300,3.0764,-10.3757,-6.6622,-9.5303,-6.0978,-1.0000,2
*Cc1ccc(CCCNC(=O)[Si](C)c2ccc(C(=O)NCCCNC(=O)N*)cc2)cc1,CN(C)C(=N)N=C(N)N,2.0389,-1.2438,99.3300,2.7618,-6.2506,-6.2187,-9.5303,-6.0978,-3.0000,2
*NC(C)CCCCCCCCCCNC(=O)CCCCCCCCCCCCCC(=O)NCCCC(=O)NCCCCNC(*)=O,CN(C)C(=N)N=C(N)N,6.5708,-1.2438,128.4300,3.0667,-9.8992,-6.1682,-9.4180,-5.9999,-1.0000,2
*CCCCCCCCCCCCCCCCCCCCCCCCCNC(=O)/C=C/C=C/CNC(=O)CC(=O)CCCCCCCCCCCC(=O)N*,CN(C)C(=N)N=C(N)N,12.0590,-1.2438,104.3700,3.0520,-10.5011,-7.7743,-9.4967,-5.9678,-2.0000,2
*OC(=S)OC(COC(F)(F)F)OC(=O)c1cccc(C(=O)OC(=O)c2ccc(*)c(C(C)C)c2)c1,CN(C)C(=N)N=C(N)N,4.6860,-1.2438,97.3600,3.3461,-8.6715,-8.0935,-9.4403,-5.9710,-1.0000,2
*CCCCCCCCCCNC(=O)CCCC(=O)NCCCCCCCCCNC(=O)CC(=O)N*,CN(C)C(=N)N=C(N)N,4.2521,-1.2438,116.4000,2.2676,-10.4068,-6.3968,-9.5303,-6.0978,-2.0000,2
*CCCCCCCCCCCCCCCCCCOC(=O)OC(=O)CCC(=O)O*,CN(C)C(=N)N=C(N)N,6.7925,-1.2438,78.9000,2.2965,-11.0685,-7.8352,-9.3593,-5.8504,-1.0000,2
*Oc1ccc(/C(C)=N/c2ccc(Oc3ccc(C(=O)c4ccc(NC(=O)CCCCC(*)=O)cc4)cc3)cc2)cc1,CN(C)C(=N)N=C(N)N,7.2540,-1.2438,94.0600,2.5065,-7.6818,-7.3608,-9.5303,-6.0978,-1.0000,2
*CCCCCCCCNC(=O)c1ccc(OCCCCCNC(=O)CCCCCCCCCC(=O)N*)cc1,CN(C)C(=N)N=C(N)N,6.4384,-1.2438,96.5300,2.2846,-10.3834,-6.8167,-9.5303,-6.0978,-3.0000,2
*Oc1ccc(/N=C/c2ccc(OC(=O)Cc3ccc(OCCCCCCCOc4ccc(C(=O)Oc5ccc(*)cc5)cc4)cc3)cc2)cc1,CN(C)C(=N)N=C(N)N,8.9184,-1.2438,92.6500,2.6674,-7.7495,-7.3074,-9.0738,-5.4119,-1.0000,2
*CCC(COC(=O)CSCC(C)SC(=O)O*)C(=O)OCCCCCC,CN(C)C(=N)N=C(N)N,4.2122,-1.2438,78.9000,3.7198,-10.1994,-7.2705,-9.5114,-6.1328,-1.0000,2
*CCCCCCCCCCCCCCCCCCCNC(=O)CCCCCCCC(=O)NCC(=O)CO*,CN(C)C(=N)N=C(N)N,7.1625,-1.2438,84.5000,2.3433,-8.0583,-5.8001,-9.2335,-5.4206,-2.0000,2
*CC(F)(F)C(F)(F)C(F)(F)CC(F)(F)COC(=O)CCCCCC(=O)NCCCCCCCCNC(=O)C(F)(F)CC(=O)O*,CN(C)C(=N)N=C(N)N,6.1143,-1.2438,110.8000,3.3841,-10.6536,-7.2338,-9.0738,-5.4119,-3.0000,2
*CCc1ccc(N(C)c2ccc(/C=C/c3ccc(OCCCCCCCC)cc3)cc2)cc1NC(=O)c1ccc(N(*)O)cc1,CN(C)C(=N)N=C(N)N,9.9800,-1.2438,65.0400,2.6869,-6.9369,-6.5170,-9.5303,-6.0978,-1.0000,2
*Oc1ccc(C(=O)c2ccc(C(=O)OCCCCCCCCCOc3ccc(NC(=O)c4ccc(-c5ccc(*)s5)cc4)cc3)cc2)cc1,CN(C)C(=N)N=C(N)N,9.5705,-1.2438,90.9300,2.5191,-8.1839,-7.4376,-9.5303,-6.0978,-1.0000,2
*Oc1ccc(C(=O)OCCCCCOC(*)=O)cc1OC,CN(C)C(=N)N=C(N)N,1.9009,-1.2438,71.0600,2.1672,-10.4678,-7.3156,-9.5303,-6.0978,-1.0000,2
*CC(CC)OC(=O)/C=C/OC(=O)Oc1ccc(OC(=O)CCCCCCCCC(=O)O*)cc1,CN(C)C(=N)N=C(N)N,5.1682,-1.2438,114.4300,3.1152,-11.2870,-7.9632,-9.5303,-6.0978,-1.0000,2
*OC(=O)SSCC(=O)Oc1ccc(C(C)(C)c2ccc(OC(*)=O)cc2)cc1,CN(C)C(=N)N=C(N)N,4.5125,-1.2438,78.9000,2.8794,-10.7675,-8.0383,-9.0738,-5.4119,-1.0000,2
*C(=O)CNC(=O)c1cccc(C(=O)NNC(=O)c2ccc(C(=O)Nc3ccc(-c4ccc(N*)cc4)cc3)cc2)c1,CN(C)C(=N)N=C(N)N,3.1916,-1.2438,145.5000,2.3166,-7.7493,-7.4933,-9.4403,-5.9710,-3.0000,2
*CCN(*)C(=O)CCOCCOCCOC(=O)c1ccc(Oc2ccc(OC(=O)c3ccc(C)cc3)cc2)cc1,CN(C)C(=N)N=C(N)N,4.7227,-1.2438,100.6000,2.3401,-10.4178,-7.6314,-9.0738,-5.4119,-1.0000,2
*CCCCCCCC(=O)NCCCCCNC(=O)SCCCOCC(=O)N*,CN(C)C(=N)N=C(N)N,2.9682,-1.2438,96.5300,2.5152,-10.4967,-6.1565,-9.0738,-5.4119,-2.0000,2
*CCCCCCCCCCCCNC(=O)NCCCCSCc1ccc(NC(=O)S*)cc1,CN(C)C(=N)N=C(N)N,7.3818,-1.2438,70.2300,2.4539,-9.7617,-7.0674,-9.4403,-5.9710,-2.0000,2
*CCOCCOCCOc1ccc(C(=O)NNc2ccc(C(=O)OCCCCCN(*)C)cc2)cc1,CN(C)C(=N)N=C(N)N,3.4219,-1.2438,98.3600,2.3606,-7.2237,-7.0527,-9.0738,-5.4119,-1.0000,2
*CCCCCCCNC(=O)CCCCCCCCCCCCC(=O)NCCCCCCNC(=O)c1ccc(C(=O)N*)cc1,CN(C)C(=N)N=C(N)N,6.9597,-1.2438,116.4000,2.3187,-10.4358,-7.6297,-9.2335,-5.4206,-1.0000,2
*CCCCCOC(=O)c1ccc(C(=O)NCCCCCCCNC(=O)CCCCCCCCCNC(=O)CCCCCC(=O)N*)cc1,CN(C)C(=N)N=C(N)N,6.5029,-1.2438,142.7000,2.5874,-7.8100,-6.6486,-9.5303,-6.0978,-2.0000,2
*Oc1ccc(C(=O)CSc2ccc(OC(=O)CNC(=O)Nc3ccc(Oc4ccc(*)cc4)cc3)cc2)cc1,CN(C)C(=N)N=C(N)N,5.8866,-1.2438,102.9600,2.2817,-7.8158,-7.0146,-9.4403,-5.9710,-2.0000,2
*CCCCCCCCCCCCSCCNC(=O)CCCCCCCCCCCCCC(=O)NCCCCCCN-c1ccc(C(=O)O*)cc1,CN(C)C(=N)N=C(N)N,11.3149,-1.2438,96.5300,2.7612,-10.0029,-7.0249,-9.4967,-5.9678,-2.0000,2
*Oc1ccc(NC(=O)NCCCCCCCCCNC(=O)c2ccc(C(*)=O)cc2)cc1C(=O)Oc1ccc(C(C)(CC)CC)cc1,CN(C)C(=N)N=C(N)N,7.7838,-1.2438,122.8300,2.7775,-8.3382,-7.0749,-9.5114,-6.1327,-3.0000,2
*Oc1ccc(C(=O)NNC(=O)C(C)c2ccc(C(=O)OCCCCNC(*)=O)cc2)cc1,CN(C)C(=N)N=C(N)N,1.6399,-1.2438,122.8300,2.8176,-10.5910,-7.6868,-9.4180,-5.9999,-3.0000,2
*CCCCCCCCCCCCCC(=O)NCCCCSCSCCSCCCNC(=O)O*,CN(C)C(=N)N=C(N)N,7.3987,-1.2438,67.4300,2.7568,-9.9005,-6.2692,-9.0648,-5.4207,-2.0000,2
*CC(=O)Oc1ccc(-c2ccc(OCCCCOC(=O)c3ccc(O*)cc3)cc2)cc1,CN(C)C(=N)N=C(N)N,5.0005,-1.2438,71.0600,1.9745,-10.1700,-7.4534,-9.4403,-5.9710,-1.0000,2
*CCCCCCOc1ccc(-c2ccc(-c3ccc(C(=O)NCCCCCCCCCNCC(=O)c4ccc(C(=O)S*)cc4)cc3)cc2)cc1,CN(C)C(=N)N=C(N)N,9.9827,-1.2438,84.5000,2.7157,-8.6715,-7.5729,-9.0738,-5.4119,-1.0000,2
*CCCCCCCCCCC(=O)NCCCCCCCCC(=O)NCCCCCCNC(=O)c1ccc(C(=O)O*)cc1,CN(C)C(=N)N=C(N)N,7.1689,-1.2438,113.6000,2.2795,-7.8311,-6.5564,-9.4403,-5.9710,-3.0000,2
*CNC(=O)c1ccc(/N=N/c2ccc(/N=C/c3ccc(C(*)=O)cc3)cc2)cc1,CN(C)C(=N)N=C(N)N,5.0247,-1.2438,83.2500,2.4889,-8.4075,-7.3674,-9.4403,-5.9710,-1.0000,2
*CCCCCCCCCCNC(=O)CCCCCCCCCCCCCCCCCCC(=O)NCCCCCNC(=O)C(=O)C(=O)O*,CN(C)C(=N)N=C(N)N,8.3215,-1.2438,130.6700,2.5207,-9.2977,-7.5137,-9.5303,-6.0978,-4.0000,2
*CCOC(=O)CCCCCC(=O)Oc1ccc(C(=O)NCOCCOC(=O)c2ccc(C(=O)O*)cc2)cc1,CN(C)C(=N)N=C(N)N,3.3647,-1.2438,143.5300,2.4242,-8.3486,-7.4209,-9.4967,-5.9678,-2.0000,2
*CCCCC(=O)Oc1ccc(/C=C/c2ccc(OCCCCCCCCOc3ccc(OCCCCc4ccc(-c5ccc(O*)cc5)cc4)cc3)cc2)cc1,CN(C)C(=N)N=C(N)N,12.5253,-1.2438,63.2200,2.7423,-9.7698,-7.0321,-9.2335,-5.4206,-1.0000,2
*CCCCCC(=O)Nc1ccc(Oc2ccc(NC(=O)Oc3ccc(/C=N/c4ccc(O*)cc4)cc3)cc2)cc1,CN(C)C(=N)N=C(N)N,8.0648,-1.2438,98.2500,2.3916,-7.6909,-6.7076,-9.3593,-5.8504,-1.0000,2
*C(=O)OP(=O)(CCCCCC)OC(=O)c1ccc(O*)cc1,CN(C)C(=N)N=C(N)N,3.4954,-1.2438,78.9000,3.2232,-11.2235,-7.9695,-9.0738,-5.4119,-1.0000,2
*C(=O)CC(*)C(=O)OCCCCCCCCCCCCOc1ccc(/N=N/c2ccc(C(=O)O)cc2)cc1,CN(C)C(=N)N=C(N)N,7.6023,-1.2438,114.6200,2.5946,-8.4690,-7.4631,-9.2335,-5.4206,-1.0000,2
*CCCCCCCOC(=O)Nc1ccc(Cc2ccc(NC(=O)NCCCCCCCCCO*)cc2)cc1,CN(C)C(=N)N=C(N)N,7.6408,-1.2438,88.6900,2.2987,-9.9822,-6.2225,-9.5303,-6.0978,-3.0000,2
*CCCCCCCCOc1ccc(S(=O)(=O)NCC(CCCC)CC(=O)O*)cc1,CN(C)C(=N)N=C(N)N,4.9853,-1.2438,81.7000,2.6635,-10.5447,-6.7891,-9.5303,-6.0978,-2.0000,2
*CCCCNC(=O)c1ccc(C(=O)NCCCCNC(=O)c2ccc(NC(=O)CCCCCCCCC(=O)N*)cc2)cc1,CN(C)C(=N)N=C(N)N,4.7011,-1.2438,145.5000,2.2939,-10.3340,-7.1305,-9.0738,-5.4119,-4.0000,2
*COCCOC(=O)CCC(=O)NC(C)Oc1ccc(OC(=O)CCCCCCCCCC(=O)O*)cc1,CN(C)C(=N)N=C(N)N,3.9983,-1.2438,126.4600,2.9579,-10.6411,-6.8161,-9.5303,-6.0978,-2.0000,2
*CC(*)C(=O)OCCCCCCCCOc1ccc(C(=O)Oc2ccc(C(=O)Nc3ccc(OC(C)CC)cc3)cc2)cc1,CN(C)C(=N)N=C(N)N,8.0080,-1.2438,100.1600,2.8436,-7.3638,-7.1513,-9.4403,-5.9710,-1.0000,2
*CCCCCCCCCCCCCCCNC(=O)CCc1ccc(NC(=O)O*)c(C)c1,CN(C)C(=N)N=C(N)N,7.2249,-1.2438,67.4300,2.1421,-10.1846,-6.2996,-9.0738,-5.4119,-2.0000,2
*CCCCCN(CCOC(=O)c1ccc(C(=O)O*)cc1)Oc1ccc(-c2ccccc2)cc1,CN(C)C(=N)N=C(N)N,5.6948,-1.2438,65.0700,2.3388,-8.1399,-6.8504,-9.5114,-6.1328,-1.0000,2
*CC(O)COc1ccc(C(=O)Nc2ccc(Cc3ccc(O*)cc3)cc2)cc1,CN(C)C(=N)N=C(N)N,3.9949,-1.2438,67.7900,2.3115,-10.1749,-7.0723,-9.5303,-6.0978,-1.0000,2
*CCCCCOc1ccc(-c2ccc(OCc3ccc(C(=O)CCCCC(=O)O*)cc3)cc2)cc1,CN(C)C(=N)N=C(N)N,7.3293,-1.2438,61.8300,2.0326,-7.7991,-6.6975,-9.4967,-5.9678,-1.0000,2
*CCCCCCCCC(=O)NCCCCCNC(=O)CCCCC(=O)NCCCCCNC(=O)O*,CN(C)C(=N)N=C(N)N,4.2542,-1.2438,125.6300,2.1582,-9.9175,-6.3277,-9.5114,-6.1328,-3.0000,2
*Oc1ccc(OC(=O)c2ccc(OC(=O)CCCCCC(=O)OCCCCCOC(*)=O)cc2)cc1,CN(C)C(=N)N=C(N)N,4.3538,-1.2438,114.4300,2.4556,-10.6491,-7.7965,-9.5114,-6.1327,-1.0000,2
*/C=C/c1ccc(CNC(=O)c2ccc(C(=O)N*)c(C(=O)O)c2)cc1,CN(C)C(=N)N=C(N)N,2.0567,-1.2438,95.5000,2.5606,-10.5407,-7.8691,-9.4403,-5.9710,-3.0000,2
*NC(=O)c1ccc(C(=O)Oc2ccc(Sc3ccc(S(=O)(=O)c4ccc(C(*)=O)cc4)cc3)cc2)cc1,CN(C)C(=N)N=C(N)N,4.8012,-1.2438,106.6100,2.3338,-8.7276,-8.2013,-9.0738,-5.4119,-1.0000,2
*Oc1ccc(S(=O)(=O)c2ccc(OC(=O)c3ccc(CC(*)=O)cc3)cc2)cc1,CN(C)C(=N)N=C(N)N,3.1856,-1.2438,86.7400,2.1276,-11.0399,-7.8079,-9.5303,-6.0978,-1.0000,2
*Cc1ccc(NC(=O)SCCCCCCCCCCC(=O)NCCCCCNC(=O)CCCC(=O)NCCCCCOC(=O)CC(=O)c2ccc(*)cc2)cc1,CN(C)C(=N)N=C(N)N,8.4467,-1.2438,159.7700,3.0566,-7.7772,-6.9227,-9.4403,-5.9710,-1.0000,2
*Oc1ccc(C(=O)Oc2ccc(Oc3ccc(C(=O)c4ccc(*)cc4)cc3)cc2)cc1COc1ccccc1,CN(C)C(=N)N=C(N)N,7.2137,-1.2438,71.0600,2.1638,-7.7964,-7.5664,-9.5303,-6.0978,-1.0000,2
*NC(=O)CCCCC(=O)NCCCCCCCCCCNC(=O)SSSSS*,CN(C)C(=N)N=C(N)N,5.5013,-1.2438,87.3000,2.9962,-8.0627,-7.4949,-9.2335,-5.4206,-1.0000,2
*C(=O)Nc1ccc(Cc2ccc(S(=O)(=O)CCCCC(=O)Nc3ccc(C(*)=O)cc3)cc2)cc1,CN(C)C(=N)N=C(N)N,4.2409,-1.2438,109.4100,2.3528,-10.7245,-7.9664,-9.0648,-5.4207,-1.0000,2
*Nc1ccc(CCCNC(=O)c2ccc(S(=O)(=O)NCCCCCC(*)=O)cc2)c(C(C)(C)C)c1,CN(C)C(=N)N=C(N)N,3.9665,-1.2438,104.3700,2.5075,-7.5019,-7.0018,-9.0738,-5.4119,-1.0000,2
*CCCCC(=O)NCCCCCCCCNC(=O)CCCCCCCCCCCCCCCCCCCCCCCCC(=O)N*,CN(C)C(=N)N=C(N)N,10.5973,-1.2438,87.3000,2.2529,-10.5096,-5.6614,-9.5114,-6.1328,-1.0000,2
*CCCCCCCCCCCOC(=O)c1ccc(C(=O)NCCCCC/N=C/c2ccc(C(=O)O*)cc2)cc1,CN(C)C(=N)N=C(N)N,7.0916,-1.2438,94.0600,2.4245,-8.1357,-7.8493,-9.4403,-5.9710,-1.0000,2
*c1ccc([Si](C)(C)CC(=O)NCCCCCNC(=O)c2ccc(O*)cc2)cc1,CN(C)C(=N)N=C(N)N,3.0241,-1.2438,67.4300,2.3600,-10.1625,-6.9149,-9.2334,-5.4206,-1.0000,2
*CCCCCCNC(=O)C(CCCCCOC(=O)c1ccc(C(=O)O*)cc1)Oc1ccc(Oc2ccc(C(=O)Oc3ccc(CC)cc3)cc2)cc1,CN(C)C(=N)N=C(N)N,8.8200,-1.2438,126.4600,3.1590,-8.2897,-7.6835,-9.5303,-6.0978,-1.0000,2
*Nc1ccc(/N=N/c2ccc(Oc3ccc(NC(*)=O)cc3)cc2)cc1,CN(C)C(=N)N=C(N)N,5.0448,-1.2438,75.0800,2.3121,-8.0604,-6.8477,-9.5114,-6.1327,-1.0000,2
*Oc1ccc(O[Si](CC)(C)Oc2ccc(-c3ccc(OC(=O)c4ccc(C(*)=O)cc4)cc3)cc2)cc1CCCCC,CN(C)C(=N)N=C(N)N,8.3733,-1.2438,71.0600,3.1860,-8.6078,-7.1977,-9.4403,-5.9710,-1.0000,2
*Nc1ccc(NC(=O)c2ccc(C(C)(C)c3ccc(C(=O)Nc4ccc(NC(*)=O)cc4)cc3)cc2)cc1C,CN(C)C(=N)N=C(N)N,5.9760,-1.2438,99.3300,2.3442,-7.1945,-6.9387,-9.5303,-6.0978,-1.0000,2
*Cc1ccc(OC(=O)CCCCCCC(=O)NCCSCCCCCCCSCCCNC(=O)O*)cc1,CN(C)C(=N)N=C(N)N,6.4318,-1.2438,93.7300,2.6485,-9.5089,-6.5474,-9.0738,-5.4119,-1.0000,2
*OC(=O)Nc1ccc(C(=O)Oc2ccc(NC(=O)c3ccc(*)cc3)cc2)cc1-c1ccc([N+](=O)[O-])cc1,CN(C)C(=N)N=C(N)N,5.8232,-1.2438,136.8700,2.1770,-9.1805,-7.9391,-9.4403,-5.9710,-1.0000,2
*CCCCCCCCCOC(=O)c1ccc(C(=O)OC(=O)c2ccc(O*)cc2)cc1,CN(C)C(=N)N=C(N)N,5.2968,-1.2438,78.9000,2.0707,-11.1547,-8.4905,-9.5303,-6.0978,-1.0000,2
*CC(CCOC(=O)CCCCCCCCCCCCC(=O)O*)OC,CN(C)C(=N)N=C(N)N,4.7204,-1.2438,61.8300,2.6272,-10.8997,-6.5605,-9.5303,-6.0977,-1.0000,2
*CCCCCCCCCCCCCCCOc1ccc(/N=N/c2ccc(C(=O)O*)cc2)cc1,CN(C)C(=N)N=C(N)N,9.2702,-1.2438,60.2500,2.2722,-8.3636,-7.3239,-9.4403,-5.9710,-1.0000,2
*CCCCCCCCCCCCCCCCCCCCC(=O)NCCCOCCCCCCCCNC(=O)CCCCCCCC(=O)NN*,CN(C)C(=N)N=C(N)N,10.1185,-1.2438,108.5600,2.5559,-10.3859,-5.9791,-9.0738,-5.4119,-3.0000,2
*NC(=O)CCCCCCCCCCCC(=O)NCc1ccc(C(*)=O)cc1,CN(C)C(=N)N=C(N)N,3.8917,-1.2438,75.2700,2.0459,-8.0991,-6.7557,-9.5303,-6.0978,-2.0000,2
*CCN(CCOC(=O)Nc1ccc(CCc2ccc(NC(=O)O*)cc2)cc1)C(C)C,CN(C)C(=N)N=C(N)N,4.8405,-1.2438,79.9000,2.2158,-9.1880,-6.3812,-8.9803,-5.1653,-1.0000,2
*CCCCCCCCCCCCCCCCCCCCCCOc1ccc(C(=O)OC(CC)COc2ccc(NC(=O)c3ccc(O*)cc3)cc2)cc1,CN(C)C(=N)N=C(N)N,12.8596,-1.2438,83.0900,3.1830,-10.0949,-7.2451,-9.5303,-6.0978,-1.0000,2
*CCCCCCCCCCCCCCNC(=O)c1ccc(NC(=O)CCCCc2ccc(C(=O)N*)cc2)cc1,CN(C)C(=N)N=C(N)N,7.5679,-1.2438,87.3000,2.1971,-10.4287,-7.1069,-9.5114,-6.1328,-2.0000,2
*CCCCCCOC(=O)C(C)CCCCCCCNC(=O)OCCCCCCCOC(=O)c1ccc(-c2ccc(O*)cc2)cc1,CN(C)C(=N)N=C(N)N,8.9929,-1.2438,100.1600,3.0756,-10.4578,-7.4597,-9.3593,-5.8504,-1.0000,2
*Nc1cc(*)c(O)cc1OCCOCCOc1ccc(C(C)COc2ccc(C#N)cc2)cc1,CN(C)C(=N)N=C(N)N,4.5030,-1.2438,92.9700,2.8565,-7.3861,-6.7888,-9.4403,-5.9710,-1.0000,2
*CCCCCCCCCCCCCCCCCCCCCOC(=O)S(=O)(=O)CCCCCCCC(=O)O*,CN(C)C(=N)N=C(N)N,9.3948,-1.2438,86.7400,2.6043,-11.0616,-8.1362,-9.5303,-6.0978,-1.0000,2
*CCCCCCCC(=O)c1ccc(NC(=O)CCCCCCCC(=O)Nc2ccc(Cc3ccc(NC(=O)Nc4ccc(*)cc4)cc3)cc2)cc1,CN(C)C(=N)N=C(N)N,10.7725,-1.2438,116.4000,2.4169,-10.0791,-7.4390,-9.0738,-5.4119,-4.0000,2
*CCCCCCC(=O)NCCCSCCOCCCNC(=O)N(*)CCCCCC,CN(C)C(=N)N=C(N)N,4.4825,-1.2438,70.6700,2.3634,-9.6327,-5.6232,-9.4180,-5.9999,-3.0000,2
*Oc1ccc(-c2ccc(OC(=O)c3ccc(C(*)=O)cc3)cc2C(=O)Oc2ccc(-c3ccc([N+](=O)[O-])cc3)cc2)cc1,CN(C)C(=N)N=C(N)N,6.8853,-1.2438,122.0400,2.4609,-8.7461,-7.5156,-9.4967,-5.9678,-1.0000,2
*CCc1cccc(NC(=O)CCCCCS(=O)(=O)CCCC(=O)Oc2ccc(*)cc2)c1,CN(C)C(=N)N=C(N)N,4.5485,-1.2438,89.5400,2.1952,-10.3155,-7.0603,-9.5114,-6.1328,-1.0000,2
*CCN(CCOC(=O)OCCCCCCCCC)C(=O)OCCOc1ccc(/C=C/C(=O)O*)cc1,CN(C)C(=N)N=C(N)N,5.5255,-1.2438,100.6000,2.5574,-10.5755,-7.7818,-9.5114,-6.1328,-1.0000,2
*Oc1ccc(Sc2ccc(OC(=O)CSCCC(=O)Nc3ccc(*)cc3)cc2)cc1,CN(C)C(=N)N=C(N)N,5.2108,-1.2438,64.6300,2.2127,-7.4747,-6.9240,-9.4967,-5.9678,-2.0000,2
*CCCCCCCCCCCCCCCCCCCCCCC(=O)NCC(=O)CCOCCCCCCC(=O)N*,CN(C)C(=N)N=C(N)N,8.7262,-1.2438,84.5000,2.5260,-10.6301,-7.3310,-9.2335,-5.4206,-2.0000,2
*C(=O)Nc1ccc(-c2ccc(NC(=O)O*)cc2C#N)cc1,CN(C)C(=N)N=C(N)N,2.8835,-1.2438,91.2200,2.2279,-10.6724,-7.6394,-9.4403,-5.9710,-2.0000,2
*CCCCCCCCCCCCCC(=O)NCCCCCCCCNC(=O)CCCCC(=O)NCCCCNC(=O)CCOCCCSC(=O)CCCCCCCC(=O)N*,CN(C)C(=N)N=C(N)N,9.1061,-1.2438,171.8000,3.0923,-10.3601,-7.5943,-9.4403,-5.9710,-2.0000,2
*CCCCCSCOCCCOCCOC(=O)c1ccc(C(=O)NCCCCCCCNC(=O)O*)cc1,CN(C)C(=N)N=C(N)N,5.0955,-1.2438,112.1900,2.6348,-7.9138,-6.7322,-9.0173,-5.2053,-1.0000,2
*CCCCCCCCCCNC(=O)CC(CCCCCCCCCCCCCC)C(=O)NS(*)(=O)=O,CN(C)C(=N)N=C(N)N,6.9834,-1.2438,92.3400,3.2655,-10.6978,-6.9110,-9.5303,-6.0978,-2.0000,2
*CCCCCCCCCCCCCCCCCCOC(=O)NNC(=O)CCCOC(=O)c1ccc(/C=N/c2ccccc2)cc1NC(=O)N*,CN(C)C(=N)N=C(N)N,8.8837,-1.2438,147.2200,2.9568,-8.1351,-6.8685,-9.3593,-5.8504,-3.0000,2
*CCONC(=O)CCCCCCC(=O)OCCCCOC(=O)NCCCCCCCCCO*,CN(C)C(=N)N=C(N)N,4.1673,-1.2438,112.1900,2.5377,-10.7216,-6.4741,-9.0738,-5.4119,-1.0000,2
*CCCOCCCCOC(=O)Cc1ccc(NC(=O)CCC(=O)NCCCCNC(=O)CCCCCC(=O)O*)cc1,CN(C)C(=N)N=C(N)N,3.7455,-1.2438,149.1300,2.5024,-10.3310,-6.5945,-9.4967,-5.9678,-4.0000,2
*Nc1ccc(NC(=O)c2ccc(C(*)=O)cc2O)cc1,CN(C)C(=N)N=C(N)N,2.0392,-1.2438,78.4300,1.9002,-8.3695,-6.7741,-9.4403,-5.9710,-1.0000,2
*CCCCCCCNC(=O)c1ccc(C(=O)Nc2ccc(NC(=O)NCCOCCCNC(=O)c3ccc(C(=O)O*)cc3)cc2)cc1,CN(C)C(=N)N=C(N)N,5.2955,-1.2438,163.9600,2.4442,-7.9437,-7.6229,-9.3593,-5.8504,-5.0000,2
*CCCCCCN(CCOC(=O)Nc1ccc(C(=O)O*)c(N(C)C)c1)C,CN(C)C(=N)N=C(N)N,3.5114,-1.2438,71.1100,2.3272,-7.0808,-6.5548,-9.5303,-6.0978,-1.0000,2
*CCCCCCCCCCCCCNC(=O)Cc1ccc(S(*)(=O)=O)cc1,CN(C)C(=N)N=C(N)N,4.6266,-1.2438,63.2400,2.5294,-10.9558,-7.3902,-9.5303,-6.0977,-1.0000,2
*CCCCCCCCCCCCCCCCCCCCCCCSCCCCCCCCCCCCCOCCCCCCCCCCCOCCCCCOC(=O)c1ccc(C(=O)O*)cc1,CN(C)C(=N)N=C(N)N,19.4923,-1.2438,71.0600,3.0495,-8.2361,-6.8650,-9.5304,-6.0978,-1.0000,2
*Oc1ccc(Oc2ccc(C(C#N)=C/c3ccc(OCCCCCCCCCCCCCCCCCCCCCOc4ccc(*)cc4)cc3)cc2)cc1,CN(C)C(=N)N=C(N)N,14.1184,-1.2438,60.7100,2.6678,-10.1669,-7.5476,-9.4180,-5.9999,-1.0000,2
*CCCC(C)C(=O)NCCCCCNNC(=O)OCCCCCOC(=O)c1ccc(C(=O)O*)cc1,CN(C)C(=N)N=C(N)N,3.6654,-1.2438,132.0600,2.9557,-8.2636,-6.8945,-9.0738,-5.4119,-3.0000,2
*Oc1ccc(NCC(=O)Nc2cccc(*)c2)cc1CC(C)=O,CN(C)C(=N)N=C(N)N,2.5743,-1.2438,67.4300,1.9409,-9.9397,-7.2309,-9.5303,-6.0978,-1.0000,2
*CCCCCCCCCCCCCCOC(=O)c1ccc(OC(=O)CCCCCCC(=O)O*)cc1,CN(C)C(=N)N=C(N)N,7.8751,-1.2438,78.9000,2.2177,-11.0454,-7.6393,-9.5114,-6.1328,-1.0000,2
*C(=O)NOc1ccc(-c2ccc(-c3ccc(Nc4ccc(C(=O)c5ccc(*)cc5)cc4)cc3)cc2)cc1,CN(C)C(=N)N=C(N)N,7.0350,-1.2438,67.4300,2.2885,-7.6197,-6.8805,-9.5303,-6.0978,-1.0000,2
*CCCCCCCCCCNC(=O)CCCCCCCCCCCCCCCCCC(=O)NCCCCCCCCCC/C=C/C(=O)O*,CN(C)C(=N)N=C(N)N,12.1429,-1.2438,84.5000,2.5353,-10.3974,-7.5259,-9.5303,-6.0977,-2.0000,2
*Oc1ccc(/N=C/c2ccc(OC(*)=O)cc2S(=O)(=O)O)cc1,CN(C)C(=N)N=C(N)N,1.9247,-1.2438,102.2600,2.6801,-8.4731,-7.7449,-9.5303,-6.0978,-2.0000,2
*OCCOOc1ccc(C(=O)OCCCCCCCOc2ccc(/C=C/c3ccc(O*)cc3)cc2)cc1,CN(C)C(=N)N=C(N)N,6.0516,-1.2438,72.4500,2.5140,-7.4836,-6.7520,-9.3593,-5.8504,-1.0000,2
*CCCOc1ccc(C(=O)NCCCCCCNC(=O)CCCCC(=O)NC(=O)c2ccc(-c3ccc(C(=O)Nc4ccc(C(=O)O*)cc4)cc3)cc2)cc1,CN(C)C(=N)N=C(N)N,7.0163,-1.2438,169.0000,2.7031,-7.9194,-7.6330,-9.4967,-5.9678,-2.0000,2
*CC(COC(=O)OC#N)C(C)C(=O)OC(C)(C)CC(=O)O*,CN(C)C(=N)N=C(N)N,1.6894,-1.2438,111.9200,4.0317,-11.4612,-7.6980,-9.5303,-6.0978,-1.0000,2
*CCCCCCCNC(=O)c1cccc(C(=O)NCCCCCCNC(=O)CCCCOC(=O)c2ccc(C(*)=O)cc2)c1,CN(C)C(=N)N=C(N)N,5.6330,-1.2438,130.6700,2.4676,-8.5471,-7.3303,-9.5303,-6.0978,-2.0000,2
*/N=N/c1cc(OC(=O)CCCCCC(C)C)c(C(=O)Nc2ccc(*)o2)cc1OCCCC,CN(C)C(=N)N=C(N)N,6.8852,-1.2438,102.4900,3.1964,-8.5914,-7.3396,-9.5303,-6.0978,-1.0000,2
*CCN(CCOCC)C(=O)c1cc(C(=O)O*)cc(N(C)C(=O)O[Na])c1,CN(C)C(=N)N=C(N)N,1.5397,-1.2438,85.3800,2.9496,-8.2097,-7.4542,-9.5303,-6.0978,-1.0000,2
*CCCCCOC(=O)SCCCCC(=O)NCCCCCNC(=O)OCC(=O)S*,CN(C)C(=N)N=C(N)N,3.6858,-1.2438,110.8000,2.8276,-7.8626,-7.0492,-9.5303,-6.0978,-3.0000,2
*OC(CC)CCOc1ccc(C(=O)Nc2ccc(Cc3ccc(NC(=O)OCCOCCOCCOCCOC(=O)c4ccc(*)cc4)cc3)cc2)cc1,CN(C)C(=N)N=C(N)N,6.5248,-1.2438,139.8800,3.2678,-10.2885,-7.5382,-9.5114,-6.1328,-1.0000,2
*CCCN(CC)C(=O)OCCCCCCCCCCOC(=O)O*,CN(C)C(=N)N=C(N)N,4.6703,-1.2438,65.0700,2.2951,-10.3406,-6.2644,-9.0738,-5.4119,-1.0000,2
*CCOC(=O)CC(CSC)Oc1ccc(Cc2ccc(NC(=O)O*)cc2)cc1,CN(C)C(=N)N=C(N)N,4.4309,-1.2438,73.8600,2.7960,-9.9199,-6.4817,-9.5303,-6.0978,-1.0000,2
*CCCCCCCCS(=O)(=O)CC(CC)CCCC(=O)O*,CN(C)C(=N)N=C(N)N,4.0428,-1.2438,60.4400,2.8141,-10.9876,-6.1629,-8.9803,-5.1653,-1.0000,2
*CCOCCOCCOCCOC(=O)OCCCCCOc1ccc(-c2ccc([N+](=O)[O-])c(Cl)c2)cc1C(=O)Nc1ccc(C(=O)C(=O)O*)cc1,CN(C)C(=N)N=C(N)N,6.2068,-1.2438,188.0600,3.0382,-9.0233,-8.4661,-9.0263,-5.4164,-1.0000,2
*Oc1ccc(-c2ccc(Oc3ccc(OC(=O)CCCCCCCCCC(=O)Oc4ccc(*)cc4)cc3)cc2)cc1,CN(C)C(=N)N=C(N)N,8.8734,-1.2438,71.0600,2.1940,-10.1639,-6.9039,-9.5303,-6.0978,-1.0000,2
*CCCCCCCCCC(=O)NCCc1ccc(CNC(=O)CCCCCCCCCCCCCCNC(=O)O*)cc1,CN(C)C(=N)N=C(N)N,8.4411,-1.2438,96.5300,2.4147,-10.5068,-6.2915,-9.4403,-5.9710,-1.0000,2
*CCCCCCCCCOC(=O)CCCCCCCCCCCCC(=O)Oc1cccc(C(=O)Nc2ccc(O*)cc2)c1,CN(C)C(=N)N=C(N)N,9.5249,-1.2438,90.9300,2.4655,-10.1854,-7.2815,-9.2335,-5.4206,-1.0000,2
*NC(=O)Nc1ccc(C(C)(C)c2ccc(NC(=O)c3ccc(*)c(OCCOCCCOC)c3)cc2)c([Si](C)(C)CC)c1,CN(C)C(=N)N=C(N)N,6.1226,-1.2438,97.9200,2.9393,-10.0014,-6.7615,-9.3593,-5.8504,-3.0000,2
*CC(*)C(=O)OC(O)COC(=O)Nc1ccc(C(C)(C)C)cc1,CN(C)C(=N)N=C(N)N,2.8042,-1.2438,84.8600,2.7694,-10.5726,-6.7274,-9.5114,-6.1328,-1.0000,2
*Oc1ccc(Oc2ccc(OC(=O)c3ccc(C(*)=O)cc3)cc2C)cc1,CN(C)C(=N)N=C(N)N,4.5246,-1.2438,61.8300,1.9826,-8.6045,-7.1840,-9.4967,-5.9678,-1.0000,2
*CC(C)CCOc1ccc(C(=O)OCCCCCCCCCCCOC(=O)c2ccc(O*)cc2)cc1,CN(C)C(=N)N=C(N)N,7.3418,-1.2438,71.0600,2.2201,-10.5434,-7.2702,-9.4967,-5.9678,-1.0000,2
*CCCCCCCCCCCCOC(=O)NCCCSCOCCCNC(=O)O*,CN(C)C(=N)N=C(N)N,5.3886,-1.2438,85.8900,2.5754,-10.0891,-5.7712,-9.0263,-5.4164,-2.0000,2
*CCCCCNC(=O)c1ccc(C(=O)NCCCCCCCCNC(=O)c2ccc(NC(=O)CCCCCCCS(=O)(=O)CCO*)s2)cc1,CN(C)C(=N)N=C(N)N,5.8547,-1.2438,159.7700,2.9111,-10.5264,-7.5021,-9.0738,-5.4119,-2.0000,2
*CCCCCCCCCCCCCCNC(=O)c1ccc(C(=O)OCCCCOC(=O)CCCCC(=O)O*)c(OCC)c1C,CN(C)C(=N)N=C(N)N,7.9498,-1.2438,117.2300,2.6652,-10.5636,-7.3046,-9.4967,-5.9678,-2.0000,2
*CCCCCCCCC(F)(F)C(F)(F)C(=O)NCCCCCCNC(=O)c1ccc(C(=O)O*)cn1,CN(C)C(=N)N=C(N)N,5.2074,-1.2438,97.3900,2.6875,-8.3871,-7.5660,-8.9803,-5.1653,-1.0000,2
*CCCCCCCCC(=O)NCCCCCNC(=O)CCCCC(=O)NC(=O)S*,CN(C)C(=N)N=C(N)N,3.8661,-1.2438,104.3700,2.3982,-10.3144,-7.5095,-9.0738,-5.4119,-3.0000,2
*CC(=O)OCCCCOC(=O)CCCCC(=O)Nc1ccc(CC(=O)NCCCNc2ccc(NC(=O)O*)cc2)cc1,CN(C)C(=N)N=C(N)N,4.3228,-1.2438,161.1600,2.5150,-9.5801,-6.6814,-9.5303,-6.0978,-2.0000,2
*CCCCCCCCCCCOC(=O)c1ccc(C(=O)NNCCCCCCCNC(=O)c2ccc(C(=O)Nc3ccc(*)cc3)cc2)cc1,CN(C)C(=N)N=C(N)N,8.2414,-1.2438,125.6300,2.5755,-7.8141,-7.5479,-9.4403,-5.9710,-3.0000,2
*CCCCCCCNC(=O)CC(CCCCCC(=O)NCCCCC#N)CC(=O)N*,CN(C)C(=N)N=C(N)N,3.7153,-1.2438,111.0900,2.9476,-10.3984,-6.2102,-9.0738,-5.4119,-2.0000,2
*CC(*)C(=O)OC(CC)COCCOc1ccc(C(=O)Oc2ccc(C(=O)O)cc2)cc1,CN(C)C(=N)N=C(N)N,3.7312,-1.2438,108.3600,2.6757,-10.7940,-7.7320,-9.3593,-5.8504,-1.0000,2
*CCCCCCCCCCCNC(=O)CCCCCCCCCC(=O)NNC(=O)C(=O)N(*)C,CN(C)C(=N)N=C(N)N,4.0377,-1.2438,107.6100,2.3488,-10.4764,-7.6697,-9.5303,-6.0978,-2.0000,2
*NC(=O)CSSCCCCCCCCC(=O)NCCCCCCNC(=O)c1ccc(O*)cc1,CN(C)C(=N)N=C(N)N,4.3960,-1.2438,96.5300,2.5056,-10.4891,-7.0275,-9.5303,-6.0978,-3.0000,2
*CCCCCCCCCCCCC(=O)OCCCCCCOC(=O)c1ccc(NC(=O)O*)cc1,CN(C)C(=N)N=C(N)N,7.3479,-1.2438,90.9300,2.2209,-10.9516,-7.5369,-9.4180,-5.9999,-1.0000,2
*CCCCCCCCOC(=O)CCCCCCCCC(=O)OCCCOc1ccc(CC(=O)O*)c(C)c1,CN(C)C(=N)N=C(N)N,6.9587,-1.2438,88.1300,2.4269,-10.1534,-6.5865,-9.5114,-6.1328,-1.0000,2
*OC(=O)COCCCCCCCCCOC(=O)NCCCCCCNC(=O)c1ccc(SSC)cc1C(*)=O,CN(C)C(=N)N=C(N)N,5.7175,-1.2438,120.0300,2.9296,-8.4880,-7.7708,-9.5303,-6.0978,-3.0000,2
*CCCCCCCN/C=C/CCCOCCCCCCCCCCNC(=O)c1ccc(C(=O)O*)c(OC)c1,CN(C)C(=N)N=C(N)N,7.1145,-1.2438,85.8900,2.6502,-7.7146,-6.4632,-9.4403,-5.9710,-1.0000,2
*CC(C)C#COc1ccc(/C=C/c2ccc(S(=O)(=O)c3ccc(C(=O)O*)cc3)cc2)cc1,CN(C)C(=N)N=C(N)N,5.3837,-1.2438,69.6700,2.5530,-8.2424,-7.5902,-9.5303,-6.0978,-1.0000,2
*CCCCCCCCCCOC(=O)N(CC(=O)O*)COCCCCCCC,CN(C)C(=N)N=C(N)N,5.5948,-1.2438,65.0700,2.4202,-10.8810,-7.0879,-9.4403,-5.9710,-1.0000,2
*CCCCCCCCCCCCCCNC(=O)CCCCCCCCCCCC(=O)NCCc1ccc(CNC(=O)/C=C/C(=O)O*)cc1,CN(C)C(=N)N=C(N)N,8.7107,-1.2438,113.6000,2.6669,-8.5274,-6.5782,-9.0738,-5.4119,-4.0000,2
*NNC(=O)OCCCCOc1ccc(C(=O)Oc2ccc(C(*)=O)cc2)cc1,CN(C)C(=N)N=C(N)N,2.4772,-1.2438,102.9600,2.1928,-10.8458,-8.1310,-9.4967,-5.9678,-1.0000,2
*Nc1ccc(/N=C/c2ccc(N=C/c3ccc(NC(=O)CCCCCCCCCCC(*)=O)cc3)c(C(C)C)c2)cc1C#N,CN(C)C(=N)N=C(N)N,8.8035,-1.2438,106.7100,3.1000,-7.7889,-7.3443,-9.0263,-5.4164,-1.0000,2
*CC(C)C(O)COC(=O)Nc1ccc(C(=O)O*)cc1,CN(C)C(=N)N=C(N)N,1.9502,-1.2438,84.8600,2.3980,-10.8428,-7.7491,-9.5303,-6.0978,-1.0000,2
*CCCOC(=O)C(C)CCC(=O)OCCOC(=O)c1ccc(C(=O)NSCCNC(=O)O*)cc1,CN(C)C(=N)N=C(N)N,2.4017,-1.2438,146.3300,3.2597,-8.0599,-6.8485,-9.4403,-5.9710,-2.0000,2
*CCCCCCCC(=O)NC(C)CCCNC(=O)NCCOCCCCCCCNC(=O)Oc1ccc(C(*)=O)cc1,CN(C)C(=N)N=C(N)N,5.4992,-1.2438,134.8600,3.0948,-8.1559,-6.9073,-9.0738,-5.4119,-1.0000,2
*CCCCCCCCCCCC[SH](=O)CCCCCCC(=O)NCCCCCCNC(=O)CCOC(=O)c1ccc(C(=O)NCCCNC(=O)CCCCCCCCCCCCC(=O)/C=C/c2ccc(*)s2)o1,CN(C)C(=N)N=C(N)N,12.2330,-1.2438,189.9800,4.4543,-6.1263,-5.8755,-9.5114,-6.1328,-2.0000,2
*CC(CCCC)C(=O)OCCCCCCCCCOC(=O)/C=C/C(=O)O*,CN(C)C(=N)N=C(N)N,4.2706,-1.2438,78.9000,2.8006,-8.7876,-6.4617,-9.4180,-5.9999,-1.0000,2
*CC[N+](CC)N(C)CC(=O)OCCCCCCCCOc1ccc(/C=C/c2ccc(C(=O)NNC(=O)c3ccc(C(=O)O*)cc3)cc2)cc1,CN(C)C(=N)N=C(N)N,5.9193,-1.2438,129.1700,3.0701,-8.1445,-7.4377,-9.0738,-5.4119,-2.0000,2
*C#CC#CCSCCCCCCCNC(=O)CCCCC(=O)NCCCSCSCCCNC(=O)CCCCCCC(=O)N*,CN(C)C(=N)N=C(N)N,5.2457,-1.2438,116.4000,3.2970,-9.7723,-6.2117,-9.5303,-6.0978,-1.0000,2
*CCCCCCCCS(=O)(=O)CNC(=O)C(C)CNC(=O)CCCCCC(=O)N*,CN(C)C(=N)N=C(N)N,2.0235,-1.2438,121.4400,2.9906,-10.6313,-6.2844,-9.0738,-5.4119,-1.0000,2
*CCCCCCCCCCCCCCCCCCCCCCCCCCCCCCCCCCCCCCNC(=O)CCCCCCCCCCCCCCCC(=O)NCCCCCCCCCNC(*)=O,CN(C)C(=N)N=C(N)N,20.6105,-1.2438,87.3000,2.9420,-9.8108,-6.2754,-9.4967,-5.9678,-1.0000,2
*CC(CNC(=O)CCCCCCCC(=O)NCCCCCCCSCCCCNC(=O)N*)c1ccc(C(=O)OC)cc1,CN(C)C(=N)N=C(N)N,5.6720,-1.2438,125.6300,3.1093,-7.3132,-6.3286,-9.3593,-5.8504,-3.0000,2
*NC(=O)C[Si](*)(C)CCCCCCOC(=O)Oc1ccc(/N=N/c2ccc([N+](=O)[O-])cc2)cc1,CN(C)C(=N)N=C(N)N,5.4282,-1.2438,132.4900,3.6220,-8.9133,-7.3494,-9.5303,-6.0978,-1.0000,2
*CNC(=O)/C=C/c1ccc(I)cc1OCC(=O)c1ccccc1OC(=O)CCCCCC(*)=O,CN(C)C(=N)N=C(N)N,4.3669,-1.2438,98.7700,2.7343,-8.1972,-7.5633,-9.5303,-6.0978,-1.0000,2
*C#CC#COCCCCCCCCCCCCCCOC(=O)CCCSCCCCCCCCCCCC(=O)O*,CN(C)C(=N)N=C(N)N,9.3205,-1.2438,61.8300,3.0235,-9.5049,-6.4896,-9.5303,-6.0978,-1.0000,2
*CCCCCCCCCCCCCCCCCCCCCOc1ccc(CCNC(=O)Cc2ccc(C(=O)NCCCCCCNC(=O)CCC(=O)NCCCCCCCC(=O)c3ccc(O*)cc3)cc2)cc1,CN(C)C(=N)N=C(N)N,13.6305,-1.2438,151.9300,3.3434,-10.2500,-7.5138,-9.4403,-5.9710,-2.0000,2
*Oc1ccc(C(=O)Cc2ccc(OC(=O)c3ccc(C(*)=O)cc3)cc2C#N)cc1,CN(C)C(=N)N=C(N)N,3.7210,-1.2438,93.4600,2.3183,-8.7095,-7.7957,-9.5303,-6.0978,-1.0000,2
*CCCCCCCCCCCOC(=O)c1ccc(C(=O)OCCCCOC(=O)c2ccc(O*)cc2)cc1,CN(C)C(=N)N=C(N)N,6.8738,-1.2438,88.1300,2.0783,-10.8910,-8.0193,-9.4403,-5.9710,-1.0000,2
*CCOCCCOC(=O)c1ccc(C(=O)NCCCCCCCCNC(=O)OC(=O)c2ccc(S(=O)(=O)O*)cc2)cc1,CN(C)C(=N)N=C(N)N,4.1537,-1.2438,163.4000,2.5960,-8.6513,-7.9625,-9.0738,-5.4119,-3.0000,2
*COC(=O)CCCCCCCOC(=O)OCc1ccc(CNC(=O)CC(=O)O*)cc1,CN(C)C(=N)N=C(N)N,2.9443,-1.2438,117.2300,2.2527,-11.0817,-6.8888,-9.4967,-5.9678,-2.0000,2
*NC(C)C(C)(C)CNC(=O)CCCCCCCCCCCCC(=O)NCCCCCSCCCNC(*)=O,CN(C)C(=N)N=C(N)N,5.3130,-1.2438,99.3300,3.3493,-9.7349,-6.1219,-9.5303,-6.0978,-3.0000,2
*CCCCCC(=O)OCCCCCOC(=O)c1ccc(NC(=O)NCCNC(=O)c2ccc(*)c(OC)c2)cc1,CN(C)C(=N)N=C(N)N,4.6973,-1.2438,132.0600,2.2874,-10.5563,-7.2974,-9.4180,-5.9999,-2.0000,2
*CCCCCCCCCCNC(=O)NCCCCCCCCNC(=O)Oc1ccc(/N=N/C(=O)c2ccc(O*)cc2)cc1,CN(C)C(=N)N=C(N)N,8.1852,-1.2438,130.4800,2.7539,-9.2555,-7.1327,-9.4967,-5.9678,-2.0000,2
*CCCCS(=O)(=O)CCCCCCCCCCCCCCCCCC(=O)O*,CN(C)C(=N)N=C(N)N,6.5275,-1.2438,60.4400,2.1475,-11.0011,-6.5728,-9.4403,-5.9710,-1.0000,2
*CCCCCCNC(=N)CCCCCCCCCNC(=O)CCCCCCCCC(=O)N*,CN(C)C(=N)N=C(N)N,5.9767,-1.2438,94.0800,2.5641,-9.5145,-5.7054,-9.0738,-5.4119,-2.0000,2
*CCN(CCOC(=O)c1cccc(C(=O)O*)c1)Oc1ccccc1,CN(C)C(=N)N=C(N)N,2.8575,-1.2438,65.0700,2.2972,-8.0091,-7.6494,-9.4967,-5.9678,-1.0000,2
*Oc1ccc(NC(=O)CCCCCCC(=O)Nc2ccc(C(=O)NNC(=O)c3ccc(*)cc3)cc2)cc1,CN(C)C(=N)N=C(N)N,4.3848,-1.2438,125.6300,2.0472,-10.0549,-7.4234,-9.4403,-5.9710,-3.0000,2
*Oc1ccc(Oc2ccc(C(=O)NCCCNC(=O)CCCCCCCCCCCCCCCCC(*)=O)cc2)c(C)c1,CN(C)C(=N)N=C(N)N,8.1695,-1.2438,93.7300,2.5498,-10.2451,-7.3105,-9.0173,-5.2053,-2.0000,2
*Nc1ccc(SC(=O)Nc2ccc(Cc3ccc(NC(=O)c4ccc(*)cc4)cc3)cc2)cc1,CN(C)C(=N)N=C(N)N,6.4361,-1.2438,70.2300,2.1348,-9.8368,-7.1912,-9.4180,-5.9999,-1.0000,2
*CCCCCCOC(=O)Nc1ccc(Cc2ccc(NC(=O)CCCCCCCCCCCSCC(=O)NCCCCNC(=O)O*)cc2)cc1,CN(C)C(=N)N=C(N)N,9.1429,-1.2438,134.8600,2.8047,-9.6971,-6.5765,-9.4403,-5.9710,-4.0000,2
*CCCC(=O)CCCS(=O)(=O)CCCCCCCC(=O)SS(=O)(=O)c1ccc(NC(=O)c2ccc(*)cc2)cc1,CN(C)C(=N)N=C(N)N,5.7922,-1.2438,131.5200,2.8230,-8.3382,-7.9197,-9.3593,-5.8504,-1.0000,2
*CCCCCCCCCCCNC(=O)CCCCCCCCCc1ccc(C(=O)OCCCCCCCCOC(=O)Nc2ccc(C(=O)OCCCCOc3ccc(C(=O)O*)cc3)cc2)cc1,CN(C)C(=N)N=C(N)N,13.4572,-1.2438,155.5600,3.1937,-10.4936,-7.5599,-9.5285,-6.0899,-1.0000,2
*CCCOC(=O)CCCCCCCC(=O)Nc1ccc([N+](=O)[O-])cc1/C(C)=C/C(=O)O*,CN(C)C(=N)N=C(N)N,4.7051,-1.2438,124.8400,2.4561,-8.9519,-8.1111,-9.0738,-5.4119,-2.0000,2
*CCCCCCCCCCCCCCCCCN(CC)C(=O)CCCCc1ccc(CCC(CC)COC(=O)c2ccc(C(=O)O*)cc2)cc1,CN(C)C(=N)N=C(N)N,11.6333,-1.2438,72.9100,3.2260,-8.1966,-6.8166,-9.5303,-6.0978,-1.0000,2
*CCCCC(=O)N/C=C/C(C)=C/C(=C)Oc1ccc(C(=O)O*)c(S(=O)(=O)O[Na])c1,CN(C)C(=N)N=C(N)N,2.8325,-1.2438,108.0000,3.5888,-8.4592,-7.7612,-9.4403,-5.9710,-2.0000,2
*Oc1ccc(-c2ccc(/C=C/C(=O)Nc3ccc(C(=O)OCCOCCOCCOCCOCCCOc4ccc(-c5ccc(C(*)=O)cc5)cc4)cc3)cc2)cc1,CN(C)C(=N)N=C(N)N,7.8829,-1.2438,127.8500,3.0386,-7.8881,-7.8005,-9.0738,-5.4119,-2.0000,2
*CCN(CCOC(CC)C)OC(=O)NCCCCCCCCCCCCNC(=O)O*,CN(C)C(=N)N=C(N)N,4.9332,-1.2438,89.1300,3.2915,-9.7853,-5.5080,-9.5114,-6.1328,-1.0000,2
*CCCCNC(=O)Nc1ccc(Cc2ccc(Cc3ccc(SCS(=O)(=O)O*)cc3)cc2)cc1,CN(C)C(=N)N=C(N)N,5.7272,-1.2438,84.5000,2.4070,-10.0506,-7.0072,-9.5303,-6.0978,-2.0000,2
*CC(C)CNC(=O)CCCCCCCCCCCCC(=O)NC(C)C(=O)N*,CN(C)C(=N)N=C(N)N,3.4298,-1.2438,87.3000,2.5837,-10.4151,-6.3398,-9.0738,-5.4119,-1.0000,2
*CCCCCCCCC(=O)NCCNC(=O)CCCCCCCCCC(=O)NC(=O)CCCCCCCC(=O)NC(=O)NCCCCCCCCCCNC(=O)C(=O)N*,CN(C)C(=N)N=C(N)N,6.4019,-1.2438,220.7700,2.9050,-10.4956,-7.3888,-9.5114,-6.1328,-2.0000,2
*OC(=O)[N+]c1ccc(NC(=O)CCCCCCCCCCCCCCC(*)=O)cc1,CN(C)C(=N)N=C(N)N,6.1993,-1.2438,86.5700,2.6700,-10.4052,-7.4697,-9.0738,-5.4119,-1.0000,2
*c1ccc(C(=O)NC(C)=C(C=C)CC(=O)O*)c(O)c1,CN(C)C(=N)N=C(N)N,2.0567,-1.2438,75.6300,2.7356,-10.2126,-7.4492,-9.4967,-5.9678,-1.0000,2
*CCCCCCCCCCNC(=O)c1ccc(NC(=O)CCCCCC(=O)Nc2ccc(O*)cc2)cc1,CN(C)C(=N)N=C(N)N,6.7904,-1.2438,96.5300,2.1212,-10.1771,-7.1633,-9.5114,-6.1328,-1.0000,2
*C/N=C/c1ccc(/C=N/c2ccc(NC(=O)CCCCCCCC(=O)Nc3ccc(/C=C/c4ccc(O*)cc4)cc3)cc2)cc1,CN(C)C(=N)N=C(N)N,8.6698,-1.2438,92.1500,2.7564,-7.9552,-6.9241,-9.4403,-5.9710,-2.0000,2
*CCCC(=O)OCCCCCCCCOc1ccc(OC(=O)COCCCCNC(=O)c2ccc(OCCOc3ccc(C(=O)COC(=O)c4ccc(C(=O)O*)cc4)cc3)o2)cc1,CN(C)C(=N)N=C(N)N,7.6702,-1.2438,201.4300,3.3244,-8.0994,-7.8620,-9.5303,-6.0978,-1.0000,2
*CCCC(C)CCCCCCCCCCNC(=O)c1ccc(C(=O)Nc2ccc(-c3ccc(C(=O)O*)cc3)cc2)cc1,CN(C)C(=N)N=C(N)N,8.9810,-1.2438,84.5000,2.7085,-10.5536,-7.7570,-9.2335,-5.4206,-3.0000,2
*c1cc(OCC(=O)O)c(*)cc1Oc1ccc(/N=N/c2ccc([N+](=O)[O-])cc2)cc1,CN(C)C(=N)N=C(N)N,5.2659,-1.2438,123.6200,2.2202,-8.6574,-7.2543,-9.4180,-5.9999,-1.0000,2
*O[SiH](C)CCCCCCCNC(=O)c1ccc(NC(=O)O*)c(CC(=O)OCCCCCCCCC)c1,CN(C)C(=N)N=C(N)N,5.6390,-1.2438,102.9600,3.3100,-10.3853,-7.0496,-9.5303,-6.0978,-2.0000,2
*CCCCCCCCCCCCCCCCCCCCCNC(=O)CCCCCCCCCC(=O)NCCCCCSCNC(=O)N*,CN(C)C(=N)N=C(N)N,10.6908,-1.2438,99.3300,2.6705,-10.2045,-5.9371,-9.4403,-5.9710,-1.0000,2
*Oc1ccc(C(C)(C)c2ccc(Oc3ccccc3)c(C(*)=O)c2)c(C(=O)O)c1Cl,CN(C)C(=N)N=C(N)N,5.6745,-1.2438,72.8300,2.5878,-8.0000,-7.1477,-9.4403,-5.9710,-1.0000,2
*CCCCCCCCCCCCCCCCCCOC(=O)c1cccc(C(=O)NNCCCCCCCCCNC(=O)c2ccc(C(=O)O*)cc2)c1,CN(C)C(=N)N=C(N)N,10.1982,-1.2438,122.8300,2.7926,-7.6308,-7.0402,-9.5303,-6.0978,-3.0000,2
*OCCOCC(=O)c1ccc(C(=O)NCCCNC(=O)/C=C/c2ccc(C(=O)Nc3ccc(C(*)=O)cc3)cc2)cc1,CN(C)C(=N)N=C(N)N,2.8925,-1.2438,139.9000,2.4892,-8.4399,-8.1535,-9.5303,-6.0977,-2.0000,2
*CCCCCC(=O)Nc1ccc(CCNC(=O)c2ccc(OCc3ccc(NC(=O)C(=O)N*)cc3)cc2)cc1,CN(C)C(=N)N=C(N)N,4.1807,-1.2438,125.6300,2.1847,-7.7799,-6.8469,-9.5303,-6.0978,-2.0000,2
*Oc1ccc(C(=O)Nc2ccc(Oc3ccc(/N=N/c4ccc(Cl)c(*)c4)cc3)cc2)cc1,CN(C)C(=N)N=C(N)N,7.5056,-1.2438,72.2800,2.1205,-8.4212,-7.1667,-9.4967,-5.9678,-2.0000,2
*CCCCCCC(=O)NCCCCCCCCCCNC(=O)CCCCCCCCCC(=O)NCCCCCCCCNC(=O)c1ccccc1C(=O)N*,CN(C)C(=N)N=C(N)N,8.8066,-1.2438,145.5000,2.6344,-10.4572,-7.2895,-9.4403,-5.9710,-3.0000,2
*CCNC(=O)CCCCCC(=O)NCCCCCCNC(=O)NNC(=O)CCCCCCCCCNC(=O)C(C)C(=O)N*,CN(C)C(=N)N=C(N)N,2.4384,-1.2438,186.6300,3.1935,-10.4212,-6.3037,-9.0648,-5.4207,-5.0000,2
*NC(CC)CCNC(=O)NCCCCCCNC(=O)CCCCCCC(=O)NCCCCCCCCCNC(*)=O,CN(C)C(=N)N=C(N)N,4.0231,-1.2438,140.4600,3.1845,-9.7795,-6.0511,-9.5303,-6.0978,-1.0000,2
*Cc1ccc(CCNC(=O)CCSCCCCCCC(=O)N(C)NC(=O)CO*)cc1,CN(C)C(=N)N=C(N)N,2.2094,-1.2438,87.7400,2.6137,-9.7073,-6.8249,-9.5303,-6.0978,-2.0000,2
*CCC(=O)NCCCCNC(=O)CCCCCCCCCCCCCCCC(=O)NC(=O)CCCCCCCCCCNC(=O)N*,CN(C)C(=N)N=C(N)N,7.0825,-1.2438,145.5000,2.4596,-10.4953,-7.3074,-9.4403,-5.9710,-1.0000,2
*CCCCCCNC(=O)SCCCCCCC(=O)NCCCCCCCCCC(=O)NCCO*,CN(C)C(=N)N=C(N)N,5.3055,-1.2438,96.5300,2.5390,-10.2411,-6.4503,-9.5114,-6.1328,-3.0000,2
*CCCCCCNC(=O)Cc1c(C(=O)NNC(=O)CCCCCCCC(=O)N*)cc1C=C[N+](C)(C)OC,CN(C)C(=N)N=C(N)N,2.8245,-1.2438,125.6300,3.4704,-5.1451,-3.5568,-9.0263,-5.4164,-1.0000,2
*Oc1ccc(/N=N/c2ccc(Oc3ccc(C(*)=O)cc3)cc2)cc1,CN(C)C(=N)N=C(N)N,5.4124,-1.2438,60.2500,2.1966,-8.0064,-6.8323,-9.5303,-6.0978,-1.0000,2
*CCCCCCCCCCCCCCCCNC(=O)OCC(=O)c1ccc(/C=C/c2ccc([N+](=O)[O-])cc2C(=O)O*)cc1,CN(C)C(=N)N=C(N)N,8.8536,-1.2438,124.8400,2.6723,-9.1815,-8.2747,-9.2335,-5.4206,-2.0000,2
*OC(=O)c1ccc(/C=N/c2ccc(OCCCCCCC(*)=O)cc2SCCCCCCCC)cc1,CN(C)C(=N)N=C(N)N,8.1162,-1.2438,64.9600,2.6584,-8.2507,-7.4462,-9.4179,-5.9999,-1.0000,2
*CCCCCCCC(=O)NCCCCNC(=O)CCCCCCCCCC(=O)NCCCCCCNC(=O)CCCCCC(=O)N*,CN(C)C(=N)N=C(N)N,6.0990,-1.2438,145.5000,2.2965,-10.4011,-5.8836,-8.9803,-5.1652,-1.0000,2
*Oc1ccc(NC(=O)Nc2ccc(S(=O)(=O)c3ccc(/C=C/c4ccc(*)nc4)cc3)cc2)cc1,CN(C)C(=N)N=C(N)N,5.4344,-1.2438,97.3900,2.2282,-7.7259,-7.1441,-9.2335,-5.4206,-3.0000,2
*Oc1ccc(/C=N/C=C/c2ccccc2)cc1C(=O)OCCCCCCCCCNC(=O)CCC(=O)c1ccccc1O*,CN(C)C(=N)N=C(N)N,6.8544,-1.2438,103.2900,2.8538,-7.5836,-7.1835,-9.4967,-5.9678,-1.0000,2
*CCOCCNC(=O)NCCN[Si](*)(C)CCCCCC,CN(C)C(=N)N=C(N)N,1.8456,-1.2438,62.3900,3.5438,-9.7371,-5.1580,-9.5303,-6.0978,-1.0000,2
*Sc1cccc(C(=O)NCc2ccc(NC(=O)OCCCCCCCCCO*)cc2)c1,CN(C)C(=N)N=C(N)N,5.1768,-1.2438,76.6600,2.2651,-10.2403,-7.1833,-9.4403,-5.9710,-1.0000,2
*C(=O)CCCCCCCCCCCCCCCCCCCCCCCCCCCCCCCCCCCCCCCCCC(=O)NCCCCNC(=O)C(*)C,CN(C)C(=N)N=C(N)N,15.6020,-1.2438,75.2700,2.5625,-10.5502,-7.4267,-9.4967,-5.9678,-2.0000,2
*OC(CCCCCCC)C(C)COC(=O)CCCCCCCC(=O)O*,CN(C)C(=N)N=C(N)N,4.7024,-1.2438,61.8300,2.9422,-11.0379,-6.5440,-9.5303,-6.0978,-1.0000,2
*Oc1ccc(S(=O)(=O)c2ccc(NC(=O)c3ccc(NC(=O)c4ccc(C(=O)Nc5ccc(*)cc5)cc4)cc3)cc2)cc1,CN(C)C(=N)N=C(N)N,5.9819,-1.2438,130.6700,1.9644,-10.6557,-7.9866,-9.4180,-5.9999,-2.0000,2
*CCCCCCCCCCCCCCCCCCCCCCCCCCC(=O)OCCCCCCCCOC(=O)SCC(=O)NCCCCNC(=O)CC(=O)N*,CN(C)C(=N)N=C(N)N,11.4004,-1.2438,139.9000,3.0722,-10.5208,-7.2321,-9.4403,-5.9710,-1.0000,2
*CCCCCCNC(=O)NCCCCCCNC(=O)CCCCSCNC(=O)N*,CN(C)C(=N)N=C(N)N,3.0718,-1.2438,111.3600,2.5223,-10.0562,-5.8351,-9.3593,-5.8504,-4.0000,2
*CCCCCCCNC(=O)CCCC(=O)NCCCCCOCCCCCCCNC(=O)/C=C/CC/C(=O)N*,CN(C)C(=N)N=C(N)N,4.4348,-1.2438,125.6300,2.6813,-10.3876,-6.8761,-9.5114,-6.1328,-2.0000,2
*CCCC(C)COC(=O)c1ccc(CC(=O)OC(C)CC(=O)O*)cc1,CN(C)C(=N)N=C(N)N,3.2285,-1.2438,78.9000,2.9418,-11.0037,-7.3354,-9.5114,-6.1328,-1.0000,2
*CCC(CCOC(=O)NCCCCCCCNC(=O)O*)C(C)C,CN(C)C(=N)N=C(N)N,4.0030,-1.2438,76.6600,2.7905,-10.8496,-5.2106,-9.0738,-5.4119,-1.0000,2
*/C=C/c1ccc(OCCNC(=O)/C=C/C(=O)c2ccc(C(*)=O)cc2)cc1,CN(C)C(=N)N=C(N)N,3.0762,-1.2438,72.4700,2.7851,-8.8133,-8.1640,-9.2335,-5.4206,-1.0000,2
*CCCCC#COC(=O)CCCCCCCCCCNC(=O)O*,CN(C)C(=N)N=C(N)N,4.4592,-1.2438,64.6300,2.6185,-10.8280,-6.7588,-9.0263,-5.4164,-1.0000,2
*CCCCCCCC(=O)Oc1ccc(C(=O)OCCOc2ccc(/C=N/c3ccc(O*)cc3)cc2)cc1,CN(C)C(=N)N=C(N)N,6.6445,-1.2438,83.4200,2.3896,-7.7903,-7.4279,-9.3593,-5.8504,-1.0000,2
*CCCCCC(=O)Oc1ccc(N(CC)c2ccc(CC(=O)O*)c(C(=O)O)c2)cc1Br,CN(C)C(=N)N=C(N)N,5.4181,-1.2438,93.1400,2.5841,-7.7375,-6.9314,-9.0648,-5.4206,-2.0000,2
*Oc1ccc(OC(=O)c2cc(C(*)=O)c(C(=O)N(C)c3ccc(OCCCCCCC)cc3)cc2)cc1C(=O)O,CN(C)C(=N)N=C(N)N,5.7479,-1.2438,119.4400,2.5832,-8.0178,-6.7753,-9.5303,-6.0978,-2.0000,2
*Oc1ccc(-c2ccc(OC(=O)/C=C/C(*)=O)cc2)c(C(=O)O)c1,CN(C)C(=N)N=C(N)N,2.4179,-1.2438,89.9000,2.3202,-9.1522,-7.5996,-9.4967,-5.9678,-2.0000,2
*Oc1ccc(/N=N/c2ccc(BC(=O)c3ccc(C(*)=C/c4ccc(OCCCCC)cc4)cc3)cc2)cc1,CN(C)C(=N)N=C(N)N,7.4492,-1.2438,60.2500,3.0899,-7.4812,-6.6925,-9.5303,-6.0978,-1.0000,2
*Nc1ccc(-c2ccc(NC(=O)Nc3ccc(Cc4ccc(NC(=O)c5ccc(C(*)=O)cc5)cc4)cc3)cc2)cc1OCC,CN(C)C(=N)N=C(N)N,7.6341,-1.2438,108.5600,2.3826,-8.3965,-7.0060,-9.5303,-6.0978,-2.0000,2
*Oc1ccc(CNC(=O)c2ccc(C(=O)Nc3ccc(Cc4ccc(*)cc4)cc3)cc2)cc1,CN(C)C(=N)N=C(N)N,5.1653,-1.2438,67.4300,1.8097,-10.3233,-7.6328,-9.4403,-5.9710,-3.0000,2
*Oc1ccc(C(=O)OCCCNC(=O)Oc2ccc(OC(=O)CCCCCCCCCCC(*)=O)c(Cl)c2)cc1,CN(C)C(=N)N=C(N)N,6.3864,-1.2438,117.2300,2.6069,-11.0163,-7.4681,-9.5303,-6.0978,-1.0000,2
*CCCOc1ccc(NC(=O)CCC(=O)Nc2ccc(Cc3ccc(N(*)C)cc3)cc2)cc1,CN(C)C(=N)N=C(N)N,5.4653,-1.2438,70.6700,1.9968,-9.4911,-6.4234,-9.3593,-5.8504,-2.0000,2
*CCCCCCCCCCCCCCCCCCCCCCCCCOC(=O)CCCCCCCCCCCOC(=O)c1ccc(C(=O)O*)cc1,CN(C)C(=N)N=C(N)N,13.9780,-1.2438,78.9000,2.4883,-10.8294,-8.2401,-9.5303,-6.0978,-1.0000,2
*CC(CCCCCCCCCC)OC(=O)c1ccccc1C(=O)SCCCCCC(=O)O*,CN(C)C(=N)N=C(N)N,7.2811,-1.2438,69.6700,2.9119,-10.6462,-7.9058,-9.0738,-5.4119,-1.0000,2
*CCCCCOCCNC(=O)C(CCCCC)C(=O)O*,CN(C)C(=N)N=C(N)N,2.5905,-1.2438,64.6300,2.6230,-10.7231,-7.0848,-9.2335,-5.4206,-1.0000,2
*CCOC(=O)NCCCCCCCCC(=O)NCCCCCCCNC(=O)O*,CN(C)C(=N)N=C(N)N,3.7975,-1.2438,105.7600,2.1838,-10.5261,-5.6541,-9.5303,-6.0978,-2.0000,2
*CCCCCCOC(=O)NCCCCNC(=O)CCCCCCCC(=O)OCC(=O)NCCCCCNC(*)=O,CN(C)C(=N)N=C(N)N,3.4957,-1.2438,151.9300,2.6435,-10.0706,-6.8564,-9.2335,-5.4206,-2.0000,2
*CCCCCCNC(=O)CCCCC(=O)N(CCC)C(=O)N*,CN(C)C(=N)N=C(N)N,2.5606,-1.2438,78.5100,2.2861,-10.3604,-6.8636,-9.0263,-5.4164,-1.0000,2
*CCCCCCCCCCCCCCOC(=O)CCCCCCCCCCCCCCCCCCC(=O)OCCCCCCOC(=O)c1ccc(NC(=O)S*)cc1,CN(C)C(=N)N=C(N)N,14.6748,-1.2438,108.0000,2.8712,-11.0045,-7.7000,-9.4967,-5.9678,-1.0000,2
*CCCCCCCCCCCCOC(=O)NC(=O)CCCCCCCCOC(=O)C/C=N/c1ccc(C(=O)O*)cc1,CN(C)C(=N)N=C(N)N,7.9248,-1.2438,120.3600,2.7971,-10.6409,-7.5355,-9.5114,-6.1328,-1.0000,2
*CCCCCCNC(=O)CCC(=O)NC(C)C(=O)NCCCCC[N+](C)(C)C(=O)NCCc1ccc(C(=O)NC(=O)CCCCO*)cc1,CN(C)C(=N)N=C(N)N,2.7020,-1.2438,171.8000,3.5124,-5.2803,-4.1334,-9.5114,-6.1328,-3.0000,2
*CCCCCCCCCCSC(=O)Nc1ccc(Cc2ccc(NC(=O)CCCCC(=O)O*)cc2)cc1,CN(C)C(=N)N=C(N)N,8.2667,-1.2438,84.5000,2.3847,-10.2132,-6.7194,-9.0648,-5.4207,-1.0000,2
*CCCCCCOC(=O)c1ccc(C(=O)Oc2cccc(O*)c2)cc1-c1ccc(C(C)C)cc1,CN(C)C(=N)N=C(N)N,7.1389,-1.2438,61.8300,2.2337,-10.6567,-7.8373,-9.4967,-5.9678,-1.0000,2
*CCCCCCCCCCCCCOCCCOCCNC(=O)c1ccc(C(=O)OCCCCOc2ccc(-c3ccc(O*)cc3)cc2)cc1,CN(C)C(=N)N=C(N)N,9.5393,-1.2438,92.3200,2.6872,-7.9750,-6.8216,-9.5114,-6.1328,-1.0000,2
*CCCCCCCCCCCCCCCCCCCNC(=O)CCCCCC(=O)NCCCCCNC(=O)CCCCC(=O)N*,CN(C)C(=N)N=C(N)N,8.1531,-1.2438,116.4000,2.2613,-10.3182,-5.7769,-9.4967,-5.9678,-4.0000,2
*OP(=O)(CCc1cc(Cl)c(C(=O)OC)c(C(*)=O)c1)OCc1ccc(C)cc1,CN(C)C(=N)N=C(N)N,4.1922,-1.2438,78.9000,3.1547,-8.5913,-7.5199,-9.4967,-5.9678,-1.0000,2
*/C=CC/C=C/C(C#N)C(CC(=O)O*)C(C)(C)C(=O)O,CN(C)C(=N)N=C(N)N,2.4602,-1.2438,87.3900,4.3432,-10.8509,-7.0321,-9.5303,-6.0977,-2.0000,2
*Cc1cc(C)c(OC(=O)Cc2ccc(OCCCCCCOc3ccc(-c4ccc(C(=O)Nc5ccc(N*)cc5)cc4)cc3)cc2)cc1,CN(C)C(=N)N=C(N)N,8.9712,-1.2438,85.8900,2.4889,-7.0498,-6.6874,-9.4967,-5.9678,-1.0000,2
*Oc1ccc(OC(=O)c2ccc(C(*)=O)c(C(=O)O)c2Br)c(C)c1C,CN(C)C(=N)N=C(N)N,3.5014,-1.2438,89.9000,2.6384,-8.9868,-7.9626,-9.0738,-5.4119,-1.0000,2
*CCCCCCCCCCCCCCCCCCCCCCCCCCCCC(=O)NCCCCCNC(=O)CCCCCCCCCC(=O)N*,CN(C)C(=N)N=C(N)N,12.9379,-1.2438,87.3000,2.3529,-10.4923,-5.8265,-9.4179,-5.9999,-2.0000,2
*NNC(=O)NCCCCCCNC(=O)c1cccc(C(F)(F)C(F)(F)C(F)(F)c2ccc(C(=O)Nc3ccc(*)cc3)cc2)c1,CN(C)C(=N)N=C(N)N,5.9211,-1.2438,111.3600,2.7701,-7.9124,-7.7510,-9.0738,-5.4119,-2.0000,2
*CCCCCCCCCCCCCCCOC(=O)CCCCCCCC(=O)OCCCOc1ccc(-c2ccc(-c3ccc(O*)cc3)cc2)cc1,CN(C)C(=N)N=C(N)N,12.4034,-1.2438,71.0600,2.5352,-10.0369,-6.5837,-9.5114,-6.1327,-1.0000,2
*Oc1ccc(NC(=O)c2ccc(C(*)=O)cc2OCCC=O)cc1,CN(C)C(=N)N=C(N)N,2.4248,-1.2438,81.7000,2.1728,-8.4680,-7.9217,-9.2335,-5.4206,-1.0000,2
*Oc1ccc(C(=O)OCCCCCCCCS(*)(=O)=O)cc1CCCCCCCCCCCCCCCCOc1ccc(-c2ccc([N+](=O)[O-])cc2)cc1,CN(C)C(=N)N=C(N)N,11.1591,-1.2438,122.0400,3.1371,-8.7865,-7.3056,-9.5303,-6.0978,-1.0000,2
*NNC(=O)c1ccc(C(=O)OCCCCCCCCCCCOC(*)=O)cc1,CN(C)C(=N)N=C(N)N,3.1308,-1.2438,93.7300,2.2536,-10.8507,-8.0027,-9.4403,-5.9710,-1.0000,2
*CCCOC(=O)CCCCCOC(=O)NCCCCCCCCCNC(=O)O*,CN(C)C(=N)N=C(N)N,4.2245,-1.2438,102.9600,2.2688,-10.7742,-6.5153,-9.4180,-5.9999,-2.0000,2
*CCCCCCCCCCCCCCCCC(=O)NCCCCNC(=O)CCC(=O)N(*)C,CN(C)C(=N)N=C(N)N,5.3966,-1.2438,78.5100,2.0949,-10.5420,-5.8563,-9.5114,-6.1328,-3.0000,2
*C#Cc1cc(OCCCCCCCCCCCC(=O)O)c(*)c(OCCOC)c1CCOCC,CN(C)C(=N)N=C(N)N,5.6365,-1.2438,74.2200,2.7100,-9.9410,-6.5762,-9.5303,-6.0978,-1.0000,2
*Oc1ccc(CC(NC(=O)OC)c2ccc(/N=N/c3ccc(OC(=O)CCCCCCCCC(*)=O)cc3)cc2)cc1,CN(C)C(=N)N=C(N)N,7.6725,-1.2438,115.6500,3.2183,-8.5613,-7.4259,-9.0263,-5.4164,-1.0000,2
*CCN(CCOC(=O)CCCCCCC(=O)O*)OC(=O)c1ccc(C(=O)O)cc1,CN(C)C(=N)N=C(N)N,2.7469,-1.2438,119.4400,2.4827,-8.3720,-6.9770,-9.5303,-6.0978,-1.0000,2
*CCCCCCCOC(=O)/C=C/C(=O)NCCCCNC(=O)O*,CN(C)C(=N)N=C(N)N,2.2202,-1.2438,93.7300,2.2620,-8.4410,-6.1009,-9.4403,-5.9710,-2.0000,2
*CCCCCCCCCN(C)C(=O)CCCCCC(=O)Nc1ccc(C(=O)O*)cc1,CN(C)C(=N)N=C(N)N,5.4828,-1.2438,75.7100,2.0544,-10.3026,-7.5373,-9.4403,-5.9710,-2.0000,2
*NC(CCC(=O)SCCCOCCCCCOC(=O)Nc1ccc(Cc2ccc(NC(*)=O)cc2)cc1)CCCCO,CN(C)C(=N)N=C(N)N,5.5011,-1.2438,125.9900,3.3646,-8.0873,-6.8067,-9.5303,-6.0977,-1.0000,2
*CCCCCCCCNC(=O)C(CC)C(=O)NCCCCCCNC(=O)CCC(=O)N*,CN(C)C(=N)N=C(N)N,2.5476,-1.2438,116.4000,2.8473,-10.3696,-6.1648,-9.4403,-5.9710,-3.0000,2
*CCCOC(=O)NCCc1ccc(CNC(=O)CCCCCCCCCCCCCCCCC(=O)OCCCCCCCN(*)CCCCCCCCCCCCCCCC)cc1,CN(C)C(=N)N=C(N)N,14.7877,-1.2438,96.9700,3.0647,-9.3388,-6.5872,-9.5114,-6.1328,-2.0000,2
*CCCCNC(=O)CCCCCC(=O)NCCCCCCCCNC(=O)CCCC(=O)NCCCCNC(=O)CCCCCCCO*,CN(C)C(=N)N=C(N)N,4.9420,-1.2438,154.7300,2.3594,-10.2950,-5.7641,-9.0697,-5.2057,-3.0000,2
*C(=O)Nc1ccc(NC(=O)CCCCCC(*)=O)c(C)c1,CN(C)C(=N)N=C(N)N,2.6512,-1.2438,75.2700,2.2161,-10.2185,-7.3605,-9.5303,-6.0977,-1.0000,2
*c1cc(COC(=O)c2ccc(S(=O)(=O)O)cc2)c(C(=O)O*)n1OCCC=C,CN(C)C(=N)N=C(N)N,1.7947,-1.2438,121.1300,2.8563,-11.0152,-8.2944,-9.5303,-6.0978,-2.0000,2
*CC(*)(C)C(=O)OC(=O)c1ccc(C(=O)Nc2ccc(OCCCCCC)cc2)cc1,CN(C)C(=N)N=C(N)N,5.2374,-1.2438,81.7000,2.0276,-8.3389,-7.2408,-9.5303,-6.0978,-1.0000,2
*CCCCCOCCOCCCOCCCOCCOCCOCC(=O)OCCCCCC(=O)O*,CN(C)C(=N)N=C(N)N,3.2446,-1.2438,107.9800,2.6389,-10.5038,-6.6477,-9.4967,-5.9678,-1.0000,2
*CCCCCCCCCCCCCCCOC(=O)NCCCNC(=O)OCCCCCCCOC(=O)OS*,CN(C)C(=N)N=C(N)N,7.8686,-1.2438,112.1900,2.6439,-10.6646,-7.2007,-9.4403,-5.9710,-2.0000,2
*CCCSCOc1ccc(C(=O)OCCCOC(=O)c2ccc(C(=O)NCCCCNC(=O)c3ccc(OC(=O)O*)cc3)cc2)cc1,CN(C)C(=N)N=C(N)N,5.5668,-1.2438,155.5600,2.7270,-7.9666,-7.4641,-9.5114,-6.1328,-2.0000,2
*CCCCCCOC(=O)CCCCCCCCCCCCCCOC(=O)Oc1ccc(C(=O)O*)cc1,CN(C)C(=N)N=C(N)N,8.0950,-1.2438,88.1300,2.3274,-11.1739,-7.8737,-8.9804,-5.1653,-1.0000,2
*CCCCCCCCCCCCCC(=O)OCCCCCCCNC(=O)CSSCCCCNC(=O)CCCCCCCCCCCSCCCCCCC(=O)O*,CN(C)C(=N)N=C(N)N,13.2445,-1.2438,110.8000,3.1844,-7.2041,-6.5012,-9.4403,-5.9710,-2.0000,2
*Cc1ccc(C(=O)NCSCCCNC(=O)CCNC(=O)c2ccc(C(=O)O*)cc2)cc1,CN(C)C(=N)N=C(N)N,2.4401,-1.2438,113.6000,2.2199,-8.0398,-6.9900,-9.4967,-5.9678,-4.0000,2
*CC(F)(F)C(F)(F)C(F)(F)C(F)(F)COC(=O)CC(=O)NCCOc1ccc(-c2ccc(O*)cc2)cc1,CN(C)C(=N)N=C(N)N,5.0486,-1.2438,73.8600,2.7657,-10.1761,-7.3192,-9.4180,-5.9999,-2.0000,2
*CCCCCCCCOC(=O)c1ccc(OCCCNC(=O)N*)cc1,CN(C)C(=N)N=C(N)N,3.6411,-1.2438,76.6600,1.9265,-10.6317,-7.2714,-9.0648,-5.4207,-1.0000,2
*CCCOC(=O)c1ccc(C(=O)OC(=O)c2ccc(C(=O)O*)cc2C)cc1,CN(C)C(=N)N=C(N)N,3.2572,-1.2438,95.9700,2.0594,-11.3088,-8.6848,-9.4403,-5.9710,-1.0000,2
*CCCCCCCCSS(=O)(=O)CC(C)COc1ccc(C(=O)O*)cc1,CN(C)C(=N)N=C(N)N,4.8232,-1.2438,69.6700,2.9546,-10.5729,-7.5238,-9.0696,-5.2057,-1.0000,2
*CCS(=O)(=O)NNC(=O)CCCCCCCCCNC(=O)/C=C/CC=C/C(=O)Nc1ccc(C#N)cc1*,CN(C)C(=N)N=C(N)N,3.2068,-1.2438,157.2600,2.8986,-10.7751,-7.7191,-9.4967,-5.9678,-2.0000,2
*CCCCCCP(CCCC(=O)O*)c1ccc(/N=N/c2ccc(-c3ccc(OC)cc3)cc2)cc1,CN(C)C(=N)N=C(N)N,8.3299,-1.2438,60.2500,3.2314,-8.2559,-6.5962,-9.0738,-5.4119,-1.0000,2
*CC(C)(C)COc1ccc(OCCC(=O)CCCCCc2ccc(C(=O)O*)cc2)c(OC)c1,CN(C)C(=N)N=C(N)N,5.9594,-1.2438,71.0600,2.2912,-10.3392,-7.4360,-9.4180,-5.9999,-1.0000,2
*CCCCNC(=O)CC/C=C/C(=O)NCCc1ccc(-c2ccc(C(=O)O*)cc2)cc1,CN(C)C(=N)N=C(N)N,3.9632,-1.2438,84.5000,2.1711,-10.5148,-7.5051,-9.0738,-5.4119,-2.0000,2
*CCCCCCCCC(=O)OCCCCCCCCCCCCCOC(=O)NCCCCCCCCCCCNC(=O)OCCCCCCCCCNC(=O)CCCS*,CN(C)C(=N)N=C(N)N,13.0915,-1.2438,132.0600,2.9836,-10.0884,-6.3173,-9.4403,-5.9710,-3.0000,2
*Nc1ccc(NC(=O)CCNC(=O)c2ccc(C(*)=O)cc2)cc1,CN(C)C(=N)N=C(N)N,1.8399,-1.2438,87.3000,1.8147,-8.3686,-6.9449,-9.2335,-5.4206,-1.0000,2
*CCCCCCCc1ccc(/N=N/CCCCCCC(=O)Oc2ccc(/C=C/c3ccc(O*)cc3)cc2)cc1,CN(C)C(=N)N=C(N)N,9.7153,-1.2438,60.2500,2.6729,-7.9743,-7.0804,-9.5303,-6.0978,-1.0000,2
*Oc1ccccc1C(=O)OC(=O)c1cccc(OC(=O)CCCC(*)=O)c1,CN(C)C(=N)N=C(N)N,2.6640,-1.2438,95.9700,2.3116,-11.0937,-8.2360,-9.5303,-6.0978,-1.0000,2
*CCCCOc1cccc(CCCOC(=O)CCCC(=O)CCc2ccc(NC(=O)/C=C/c3ccc(C(=O)Nc4ccc(O*)cc4)cc3)cc2)c1,CN(C)C(=N)N=C(N)N,8.3233,-1.2438,120.0300,2.7535,-7.7559,-6.9932,-9.5303,-6.0978,-1.0000,2
*CCCCCCCCOP(=O)(Oc1ccc(C(=O)O*)cc1)C(=O)OCCCCCC,CN(C)C(=N)N=C(N)N,7.0507,-1.2438,88.1300,2.9808,-11.2904,-8.1032,-9.3593,-5.8504,-1.0000,2
*CCCCCCCCC[Si](C)(C)CCCCCCCSNC(=O)CCCCCCCCCCCCCCCCCCC(=O)NCCCCCCCCCCCCCNC(=O)O*,CN(C)C(=N)N=C(N)N,16.8570,-1.2438,96.5300,3.2901,-9.5711,-6.2431,-8.9803,-5.1653,-2.0000,2
*Nc1ccc(NC(=O)CCCCCCCCCC(=O)NCCCCCCNC(*)=O)cc1,CN(C)C(=N)N=C(N)N,4.1408,-1.2438,99.3300,2.2960,-9.5547,-6.1203,-9.4967,-5.9678,-1.0000,2
*Cc1ccc(CCCCCCCCCCCCCOC(=O)c2ccc(C(=O)NCCNC(=O)OCC(C)C)cc2)cc1CC(=O)O*,CN(C)C(=N)N=C(N)N,7.4247,-1.2438,120.0300,2.6671,-7.8683,-6.7268,-9.5303,-6.0977,-2.0000,2
*Oc1ccc(OC(=O)c2ccc(Oc3ccc(C(=O)c4ccc(-c5ccc(*)nc5)cc4)cc3)cc2)s1,CN(C)C(=N)N=C(N)N,6.7582,-1.2438,74.7200,2.5049,-8.0071,-7.7726,-9.4403,-5.9710,-1.0000,2
*Nc1ccc(CNC(=O)c2ccc(C(=O)Nc3ccc(C(*)=O)cc3)cc2OC)cc1-c1ccccc1,CN(C)C(=N)N=C(N)N,4.9392,-1.2438,96.5300,2.1775,-8.0699,-7.5855,-9.5303,-6.0978,-2.0000,2
*CC(OCOCC)OC(=O)c1ccc(-c2ccc(C(=O)NC(=O)O*)cc2)cc1,CN(C)C(=N)N=C(N)N,3.2748,-1.2438,100.1600,2.7226,-11.1601,-7.9911,-9.4967,-5.9678,-1.0000,2
*CCCCCOC(=O)NCCCCCNCC(=O)CCCCCCCCCCCCCCCC(=O)OCc1ccc([Si](C)(C)c2ccc(O*)cc2)cc1,CN(C)C(=N)N=C(N)N,9.3549,-1.2438,102.9600,3.1984,-9.8932,-7.0848,-9.5114,-6.1328,-1.0000,2
*CCCOC(=O)CC(=O)Oc1ccc(C(c2ccccc2)c2ccc(C(C)(C)CC(=O)O*)cc2)cc1,CN(C)C(=N)N=C(N)N,5.8678,-1.2438,78.9000,2.9579,-10.5217,-7.0793,-9.5114,-6.1328,-1.0000,2
*CCCCCCCCCCCCCCCCCCCCCCCCS(=O)(=O)NCCCc1ccc(CNC(=O)CCCCCCC(=O)N*)cc1,CN(C)C(=N)N=C(N)N,10.5828,-1.2438,104.3700,2.7699,-10.4363,-6.1163,-9.5303,-6.0978,-1.0000,2
*CCCCCCCCCCCCCCCCC(=O)Nc1ccc(NC(=O)CCCCOC(=O)c2ccc(C(=O)N*)cc2)c(C)c1F,CN(C)C(=N)N=C(N)N,9.0087,-1.2438,113.6000,2.6249,-7.9398,-6.8802,-9.5114,-6.1328,-2.0000,2
*CCCCCCCCCNC(=O)NC(=O)CCCCCCC(=O)N*,CN(C)C(=N)N=C(N)N,3.3887,-1.2438,87.3000,2.0512,-10.8066,-6.8536,-9.0697,-5.2057,-1.0000,2
*/C=N/c1ccc(C(=O)NNC(=O)c2ccc(Cc3ccc(NC(=O)c4ccc(*)cc4)cc3)cc2)cc1,CN(C)C(=N)N=C(N)N,4.9366,-1.2438,99.6600,2.5187,-10.3426,-7.5639,-9.5303,-6.0978,-3.0000,2
*N[Se]c1ccc(Cc2ccc(Cc3ccc(NC(=O)c4ccc(C(*)=O)cc4)cc3C(=O)O)cc2)cc1,CN(C)C(=N)N=C(N)N,3.8344,-1.2438,95.5000,2.6292,-7.9891,-7.0912,-9.3593,-5.8504,-1.0000,2
*Oc1ccc(NC(=O)OCc2ccc(OCCCCCCCOC(*)=O)c(C(C)CCCC)c2)cc1,CN(C)C(=N)N=C(N)N,6.9369,-1.2438,83.0900,3.0080,-10.1002,-7.0639,-9.5114,-6.1328,-1.0000,2
*C(=O)NNC(=O)c1ccc(CC(=O)NCCCCCCCNC(=O)c2ccc(*)o2)cc1,CN(C)C(=N)N=C(N)N,1.7096,-1.2438,129.5400,2.3283,-10.6108,-7.3454,-9.4179,-5.9999,-4.0000,2
*CCCCCCCCCCCOc1ccc(-c2ccc(OC(=O)Nc3ccc(OCC(C)CCOC(=O)O*)cc3)cc2)cc1,CN(C)C(=N)N=C(N)N,9.9737,-1.2438,92.3200,2.9922,-10.1033,-6.7305,-9.4403,-5.9710,-2.0000,2
*CC(F)(F)C[PH](C)(F)COc1ccc(C(=O)NCCCCC(=O)NNC(=O)c2ccc(*)cc2)cc1,CN(C)C(=N)N=C(N)N,4.3036,-1.2438,96.5300,3.0052,-6.0455,-4.9601,-9.4403,-5.9710,-3.0000,2
*C1CC(COC(=O)CCCCCCC(=O)NCCCCCNC(=O)CCCCC(=O)O*)c1,CN(C)C(=N)N=C(N)N,3.7180,-1.2438,110.8000,2.3010,-10.5375,-6.6844,-9.0738,-5.4119,-2.0000,2
*CCCCCCCCCCCCCNC(=O)CCC(=O)NCCCCCC(=O)N*,CN(C)C(=N)N=C(N)N,4.3557,-1.2438,87.3000,2.0737,-10.5333,-5.7928,-9.4403,-5.9710,-1.0000,2
*/C=C/c1cc(OCCCCC)c(*)c(C)c1S(=O)(=O)O,CN(C)C(=N)N=C(N)N,3.4537,-1.2438,63.6000,3.0829,-10.8143,-6.9156,-9.4403,-5.9710,-1.0000,2
*CCCCCCCCNSC(=O)/C=C/CCOCCCCC(=O)O*,CN(C)C(=N)N=C(N)N,4.3291,-1.2438,64.6300,2.8608,-8.4459,-6.6119,-9.4403,-5.9710,-1.0000,2
*CCCCCCC(C)(CC)C(=O)NCCCCCCCCCNC(=O)c1ccc(C(=O)NC(=O)c2ccc(NC(=O)c3ccc(*)cc3)cc2)cc1,CN(C)C(=N)N=C(N)N,8.4725,-1.2438,133.4700,3.1496,-8.0018,-7.6132,-9.5303,-6.0978,-1.0000,2
*CCCCCCCCCCCCCCCCCCCCCCCCCCCCCCCOc1ccc(-c2ccc(C(=O)Oc3ccc(OCOCCOc4ccc(O*)cc4)cc3)cc2)cc1C,CN(C)C(=N)N=C(N)N,17.7303,-1.2438,72.4500,3.1736,-10.2222,-7.5862,-9.5303,-6.0978,-1.0000,2
*CC(*)C(=O)NCCNC(=O)OCC([2H])C(F)(F)C(F)(F)C(F)(F)C(F)(F)C(F)(F)C(F)(F)C(F)(F)F,CN(C)C(=N)N=C(N)N,5.0030,-1.2438,67.4300,3.8747,-10.8368,-5.9877,-9.4967,-5.9678,-2.0000,2
*CCCCCCCNC(=O)C(=O)Nc1ccc(C(=O)NC/C=C/c2ccc(NC(=O)S*)cc2)cc1,CN(C)C(=N)N=C(N)N,4.6166,-1.2438,116.4000,2.4866,-10.4438,-7.8297,-9.0738,-5.4119,-3.0000,2
*CCCCCOC(=O)CCCCCCCOC(=O)c1ccc(C(=O)O*)cc1,CN(C)C(=N)N=C(N)N,4.6156,-1.2438,78.9000,1.9417,-11.2746,-8.2556,-9.5303,-6.0978,-1.0000,2
*CC(CCCCCC)NC(=O)CCCCCCC(=O)Nc1ccc(/N=C/c2ccc(*)cc2)cc1,CN(C)C(=N)N=C(N)N,7.1914,-1.2438,70.5600,2.6955,-7.6213,-6.4064,-9.4403,-5.9710,-2.0000,2
*CC(O)CN(CC)C(=O)CCCCCCCCC(=O)NCCSCCCCCCCC(=O)N*,CN(C)C(=N)N=C(N)N,4.0118,-1.2438,98.7400,3.0451,-9.4588,-5.7346,-9.0263,-5.4164,-1.0000,2
*CC(COC(=O)CCCCCCCCC(=O)O*)OC,CN(C)C(=N)N=C(N)N,2.7699,-1.2438,61.8300,2.5525,-10.9084,-6.5442,-9.0738,-5.4119,-1.0000,2
*c1ccc(-c2ccc(C(=O)Nc3ccc(NC(=O)NCCCNC(=O)c4ccc(*)cc4)cc3)cc2)cc1,CN(C)C(=N)N=C(N)N,5.5475,-1.2438,99.3300,1.9235,-9.8747,-7.1562,-9.3593,-5.8504,-2.0000,2
*Oc1ccc(/N=N/c2ccc(OCCCCCCCCCCCCCSCCCCCCCCCNC(=O)c3ccc(O*)cc3)cc2)cc1,CN(C)C(=N)N=C(N)N,12.0770,-1.2438,81.5100,2.8464,-8.0443,-6.7532,-9.5303,-6.0978,-2.0000,2
*Oc1c(C)cc(CC(C)(C)c2ccc(OC(=O)CCCCCCCCCCCCC(*)=O)cc2)cc1C(=O)OCCCCCCCCCCCCC,CN(C)C(=N)N=C(N)N,12.4742,-1.2438,78.9000,3.0710,-10.2840,-7.3964,-9.4180,-5.9999,-1.0000,2
*CCCCCCCCCCOC(=O)c1ccc(C(=O)/C=C/C(=O)O*)cc1,CN(C)C(=N)N=C(N)N,4.8076,-1.2438,69.6700,2.0504,-8.9957,-7.9944,-9.3593,-5.8504,-1.0000,2
*CCCCCCCCCOc1ccc(-c2ccc(C(=O)OCCCCCCCCOc3ccc(OC(=O)c4ccc(O*)cc4)cc3)cc2)cc1,CN(C)C(=N)N=C(N)N,10.9842,-1.2438,80.2900,2.4629,-10.2471,-7.3942,-9.5303,-6.0978,-1.0000,2
*CCCCCCNC(=O)CCCCCCCCCCCCCCCC(=O)NCCCCCCNC(=O)C(=O)S*,CN(C)C(=N)N=C(N)N,6.7836,-1.2438,104.3700,2.4045,-8.3775,-6.1770,-9.5114,-6.1328,-2.0000,2
*NC(=O)c1ccc(S(=O)(=O)c2ccc(NC(=O)CCCCCCCCCC(*)=O)cn2)cc1,CN(C)C(=N)N=C(N)N,3.6616,-1.2438,122.3000,2.4332,-10.8053,-7.9288,-9.0738,-5.4119,-1.0000,2
*CCCCC(C)CNC(=O)c1ccc(C(=O)NCCCNC(=O)CCCCOc2ccc(C(=O)O*)cc2)cc1,CN(C)C(=N)N=C(N)N,4.4263,-1.2438,122.8300,2.7143,-7.9144,-7.3935,-8.9803,-5.1653,-1.0000,2
*CCCCCCCCCCCCCCCCCCCCCNC(=O)CCCCCCCCCCCCCCC(=O)NCCCCNC(=O)CCCCCC(=O)N*,CN(C)C(=N)N=C(N)N,12.4442,-1.2438,116.4000,2.4722,-10.3769,-5.7435,-9.5303,-6.0978,-1.0000,2
*CCCCCCCCCCCCCCCCCCCOC(=O)NCCCCCCCNC(=O)S*,CN(C)C(=N)N=C(N)N,8.9541,-1.2438,67.4300,2.3979,-10.8037,-6.1711,-9.5303,-6.0978,-1.0000,2
*CCCNC(=O)CCCCCCCCCCCCCC(=O)NC(=O)CNCCCCCNC(=O)C(CCCOC(=O)N*)CCCCCCCCCCCCCCCCCCC(=O)OCCCCC,CN(C)C(=N)N=C(N)N,12.3497,-1.2438,181.0300,3.9108,-10.0680,-7.2241,-9.0263,-5.4164,-2.0000,2
*Cc1ccc(CNC(=O)CCCCCC(=O)Nc2ccc(-c3ccc(NC(=O)c4ccc(O*)cc4)cc3)cc2)cc1,CN(C)C(=N)N=C(N)N,6.8253,-1.2438,96.5300,2.1415,-10.1734,-7.1116,-9.4403,-5.9710,-3.0000,2
*CC(C)COC(=O)SCCC(=O)OCCCCCCOc1ccc(/C=N/c2ccc(/C=C/c3ccc(C(=O)O*)cc3)cc2)cc1,CN(C)C(=N)N=C(N)N,8.7041,-1.2438,100.4900,2.9510,-7.6166,-7.4787,-9.0738,-5.4119,-1.0000,2
*CC(*)C(=O)NCCS(=O)(=O)C(F)(F)C(F)(F)C(F)(F)C(F)(F)C(F)(F)C(F)(F)C(F)(F)C(F)(F)F,CN(C)C(=N)N=C(N)N,4.8943,-1.2438,63.2400,3.2078,-11.2302,-6.3900,-9.5114,-6.1328,-1.0000,2
*CCCCCCCCOc1ccc(C(=O)NSSCCCNC(=O)c2cccc(O*)c2)c(OCCCCCC)c1,CN(C)C(=N)N=C(N)N,7.9369,-1.2438,85.8900,2.7789,-10.0441,-7.1607,-9.0738,-5.4119,-2.0000,2
*CCCC(=O)Nc1ccc(CCc2ccc(NC(=O)CCCCCCCCC(=O)Nc3ccc(O*)cc3)cc2)cc1,CN(C)C(=N)N=C(N)N,7.6140,-1.2438,96.5300,2.1348,-9.9402,-6.3192,-9.4403,-5.9710,-2.0000,2
*CCCCCOC(=O)CCCCCCCCCCCCCCCCCCCCC(=O)OCCCCOc1ccc(C(C)(C)c2ccc(C(=O)O*)cc2)cc1,CN(C)C(=N)N=C(N)N,12.9483,-1.2438,88.1300,2.7840,-10.1572,-7.4114,-9.5114,-6.1327,-1.0000,2
*OC(F)(F)CC(F)(F)C(F)(F)C(F)(F)c1c(F)c(OC(=O)CCCC(=O)O*)cc(CC)c1CCC,CN(C)C(=N)N=C(N)N,5.8385,-1.2438,61.8300,3.4076,-11.4803,-7.6321,-9.4403,-5.9710,-1.0000,2
*CCCCCCCOC(=O)C(COCc1ccc(/N=N/c2ccc(OCCSCCCCCCOC(=O)c3ccc(C(=O)O*)cc3)cc2)cc1)C,CN(C)C(=N)N=C(N)N,9.9959,-1.2438,122.0800,3.4734,-8.1231,-6.9514,-9.5114,-6.1328,-1.0000,2
*CC#CCCSC(=O)Oc1ccc(C(=O)Oc2ccc(/N=C/C(=O)Nc3ccc(*)cc3)cc2)cc1,CN(C)C(=N)N=C(N)N,5.8922,-1.2438,94.0600,2.8574,-8.4455,-7.9438,-9.5303,-6.0968,-1.0000,2
*CCCCCCCCCCCCCCOC(C)COC(=O)CCSCC(=O)O*,CN(C)C(=N)N=C(N)N,5.8437,-1.2438,61.8300,2.8629,-10.2064,-7.4280,-9.0263,-5.4164,-1.0000,2
*Oc1ccc(C(=O)Oc2ccc(OC(=O)/C=C/*)cc2)cc1,CN(C)C(=N)N=C(N)N,2.7028,-1.2438,61.8300,2.5228,-10.9552,-7.9141,-9.0263,-5.4164,-1.0000,2
*Oc1ccc(NC(=O)CCCCCCCCC(=O)Nc2ccc(*)cc2)cc1,CN(C)C(=N)N=C(N)N,5.0902,-1.2438,67.4300,1.7524,-10.0810,-6.4940,-9.3593,-5.8504,-1.0000,2
*CCCCCCCCCCCCOCc1ccc(OCC)cc1C(=O)OCCC(C)CCCCOC(=O)c1ccc(C(=O)O*)cc1,CN(C)C(=N)N=C(N)N,9.4313,-1.2438,97.3600,3.1404,-8.2802,-7.2165,-9.4967,-5.9678,-1.0000,2
*Sc1ccc(NC(=O)CCCCCCCCCCCCCCC(=O)NCCNC(=O)c2ccc(C(*)=O)cc2)cc1,CN(C)C(=N)N=C(N)N,6.7339,-1.2438,104.3700,2.5086,-8.3807,-6.9458,-9.5303,-6.0978,-4.0000,2
*CC(=COCCCCC)COC(=O)c1ccc(C(=O)NCCCCNC(=O)c2ccc(C(*)=O)cc2)cc1,CN(C)C(=N)N=C(N)N,4.7065,-1.2438,110.8000,2.5325,-8.3918,-7.7315,-9.4403,-5.9710,-1.0000,2
*Oc1ccc(NC(=O)C(C)CCCC(=O)Nc2ccc(C(*)=O)cc2C)cc1,CN(C)C(=N)N=C(N)N,3.8967,-1.2438,84.5000,2.5597,-7.9157,-6.6482,-9.4403,-5.9710,-2.0000,2
*CCOC(=O)c1ccc([Si](C)(C)c2ccc(C(=O)O*)cc2OCCOc2ccc(C(=O)O)cc2)cc1,CN(C)C(=N)N=C(N)N,3.5401,-1.2438,108.3600,2.5476,-10.6674,-7.7833,-9.3593,-5.8504,-2.0000,2
*CC(C)Cc1c(CC)cc(-c2ccc(C(=O)NCCCCCCCCCNC(=O)c3ccc(NC(=O)C=CC(*)C)cc3)cc2)cc1,CN(C)C(=N)N=C(N)N,8.9097,-1.2438,87.3000,2.6603,-10.2547,-7.3597,-9.5303,-6.0978,-3.0000,2
*C/C=C/c1cc([N+](=O)[O-])c(-c2ccc(C(=O)O*)cc2Cl)cc1CCC,CN(C)C(=N)N=C(N)N,5.5990,-1.2438,69.4400,2.5531,-8.7345,-7.9637,-9.5303,-6.0978,-1.0000,2
*NC(=O)CCCCCCCCCCCCC(=O)NCCCCCCCCNC(=O)c1ccc(*)cc1,CN(C)C(=N)N=C(N)N,6.0397,-1.2438,87.3000,2.1489,-10.4265,-6.9927,-9.0697,-5.2057,-2.0000,2
*CCOCCOCC(=O)c1ccc(C(=O)OC(=O)c2ccc(O*)cc2C)cc1,CN(C)C(=N)N=C(N)N,2.9336,-1.2438,88.1300,2.3193,-8.7754,-7.7909,-9.5303,-6.0978,-1.0000,2
*CCCCCCCCCOC(=O)CCCCCCC(=O)NCCCCCCNC(=O)O*,CN(C)C(=N)N=C(N)N,5.5650,-1.2438,93.7300,2.2410,-10.3793,-6.3343,-9.2335,-5.4206,-1.0000,2
*CCCCCCCCCCCOC(=O)NCc1ccc(CNC(=O)Nc2ccc(NC(=O)c3ccc(O*)cc3)cc2)cc1,CN(C)C(=N)N=C(N)N,7.7232,-1.2438,117.7900,2.3506,-9.9145,-7.0112,-9.4403,-5.9710,-4.0000,2
*CCCCCCNC(=O)CCCc1ccc(C(=O)NCCCOC(=O)c2ccc(C(=O)OCCOC(=O)c3ccc(C(=O)NCCNC(=O)c4ccc(O*)cc4)cc3)cc2)cc1,CN(C)C(=N)N=C(N)N,5.5619,-1.2438,204.5300,2.9014,-8.2530,-7.9778,-9.4180,-5.9999,-1.0000,2
*CCCCCN(C)C/C=C/C(=O)NC(=O)CCCCCCCC(=O)Nc1cccc(CCCCCNC(=O)c2ccc(O*)cc2)c1,CN(C)C(=N)N=C(N)N,6.5252,-1.2438,116.8400,2.7833,-7.6428,-6.7541,-9.4403,-5.9710,-2.0000,2
*CCCCCCCCCOC(=O)CCCCCC(=O)OCCCCCCCNC(=O)CC(C)NC(=O)O*,CN(C)C(=N)N=C(N)N,5.8868,-1.2438,120.0300,2.9603,-10.8650,-6.4706,-8.9803,-5.1653,-1.0000,2
*CCCCCCCCCCCCCCCCCCCCCOC(=O)/C=C/[Si](C)(C)OC(=O)O*,CN(C)C(=N)N=C(N)N,8.9565,-1.2438,61.8300,2.8168,-10.8549,-7.7511,-9.4403,-5.9710,-1.0000,2
*OC(=O)CCNC(=O)CCCCCCC(=O)NCCCCCCCNC(=O)CCCCCCCSC(=O)N*,CN(C)C(=N)N=C(N)N,4.2533,-1.2438,142.7000,2.5422,-10.2449,-6.8614,-9.5114,-6.1328,-3.0000,2
*CCCCCCCCCCOc1ccc(OC(=O)c2ccc(/N=N/c3ccc(OCc4ccc(O*)cc4)cc3)cc2)cc1,CN(C)C(=N)N=C(N)N,10.1253,-1.2438,78.7100,2.5059,-8.3109,-7.2050,-9.4403,-5.9710,-1.0000,2
*CCCCCCCCCCCCCCCC(=O)NCCNC(=O)CCCCCC(=O)N*,CN(C)C(=N)N=C(N)N,5.1359,-1.2438,87.3000,2.0626,-10.4980,-5.8576,-9.4403,-5.9710,-2.0000,2
*CCCCCCCCCCCCOC(=O)c1ccc(C(=O)NCCCCCNC(=O)c2ccc(S(=O)(*)=O)cc2)cc1,CN(C)C(=N)N=C(N)N,6.0647,-1.2438,118.6400,2.6955,-10.8047,-7.9183,-9.3593,-5.8504,-1.0000,2
*CC(C)(C)COS(=O)(=O)c1ccc(C(=O)O*)cc1,CN(C)C(=N)N=C(N)N,2.1362,-1.2438,69.6700,2.0755,-11.6322,-8.3688,-9.5303,-6.0978,-1.0000,2
*Cc1ccc(OC(=O)c2ccc(NC(=O)CCCCCCCCCCCC(=O)Nc3ccc(*)cc3)cc2)cc1,CN(C)C(=N)N=C(N)N,8.0825,-1.2438,84.5000,2.0984,-10.3700,-7.5241,-9.2335,-5.4206,-1.0000,2
*CCCCOc1ccc(/C=C/c2ccc(OCC)cc2)cc1C(=O)OCC(O)CCCCC(=O)O*,CN(C)C(=N)N=C(N)N,5.5973,-1.2438,91.2900,2.8552,-7.5963,-7.1044,-9.5114,-6.1328,-1.0000,2
*CC(CCCCCCCCC)CCCNC(=O)CC1CNN(CC)NC(=O)C1*,CN(C)C(=N)N=C(N)N,3.9273,-1.2438,73.4700,3.7027,-9.5276,-5.9712,-9.4967,-5.9678,-2.0000,2
*CCCCCCC(=O)NCCCCCCCCCCCNC(=O)CCCCCCCCCCC(=O)N*,CN(C)C(=N)N=C(N)N,7.0864,-1.2438,87.3000,2.1178,-10.0230,-5.8944,-9.2335,-5.4206,-2.0000,2
*CCCCCCCCCOC(=O)CCCCC(=O)NCCCCCCCNC(=O)O*,CN(C)C(=N)N=C(N)N,5.1749,-1.2438,93.7300,2.2158,-10.4759,-6.5653,-9.5303,-6.0978,-1.0000,2
*CCCCCCCCCCC(=O)NCCCCCCCCCCNC(=O)CCCCC(=O)N*,CN(C)C(=N)N=C(N)N,5.9161,-1.2438,87.3000,2.0905,-10.5047,-5.7581,-9.5303,-6.0978,-1.0000,2
*Oc1ccc(OCCOCCOCCOCOCCOCCOCCOCOc2ccc(C(=O)CCCc3ccc(OC(=O)c4ccc(C(=O)O*)cc4)cc3)cc2)cc1,CN(C)C(=N)N=C(N)N,6.0042,-1.2438,161.9700,3.1467,-8.3413,-7.6329,-9.4967,-5.9678,-2.0000,2
*OOC(=O)OCCOCCOCCOCOCCOCCOC(O)COC(*)OCOCCCCCC,CN(C)C(=N)N=C(N)N,1.5332,-1.2438,148.0600,3.7603,-10.7544,-7.0302,-9.5303,-6.0978,-1.0000,2
*CC(*)C(=O)OCCCNC(CC)CC(=O)Nc1c(F)c(F)cc(C)c1C,CN(C)C(=N)N=C(N)N,3.6217,-1.2438,67.4300,3.0714,-9.9653,-6.8752,-9.4403,-5.9710,-1.0000,2
*CCCCCCCCCCCCCCCCCCCCCCCCCC(=O)NNC(=O)C(=O)NC(C#N)C(=O)O*,CN(C)C(=N)N=C(N)N,6.6091,-1.2438,137.3900,3.1737,-11.0111,-8.3377,-9.4403,-5.9710,-3.0000,2
*CC(O)CNC(=O)c1ccc(C(=O)N(*)c2ccc([N+](=O)[O-])cc2)cc1,CN(C)C(=N)N=C(N)N,1.9577,-1.2438,112.7800,2.2337,-8.8996,-8.1034,-9.5303,-6.0978,-1.0000,2
*/C=C/c1ccc(C(=O)NC(=O)NCCCCCNC(=O)c2ccc(CC(=O)NNC(=O)CCCCCCCCNC(*)=O)cc2)cc1,CN(C)C(=N)N=C(N)N,3.5359,-1.2438,174.6000,3.1086,-10.4810,-7.7848,-9.2335,-5.4206,-4.0000,2
*CCCCCCCCCNC(=O)/C=C/CC(=O)NCCCCOc1ccc(CSC(=O)c2ccc(C(=O)O*)cc2)cc1,CN(C)C(=N)N=C(N)N,6.5467,-1.2438,110.8000,2.7223,-8.3656,-7.0308,-9.5114,-6.1327,-3.0000,2
*OC(=O)CCCOC(=O)c1ccc(-c2ccc(C(*)=O)cc2-c2ccc(C(=O)O)cc2)cc1,CN(C)C(=N)N=C(N)N,4.5529,-1.2438,106.9700,2.1535,-11.0774,-8.2694,-9.2335,-5.4206,-2.0000,2
*/N=C/c1ccc(C(=O)NCCCNC(=O)c2ccc(C(=O)Nc3ccc(*)cc3)cc2)cc1,CN(C)C(=N)N=C(N)N,3.4865,-1.2438,99.6600,2.4013,-7.8994,-7.7199,-9.5303,-6.0978,-1.0000,2
*CCCCCCCCCCCCCCCCCCCCCCCCCOC(=O)OCCCOC(=O)c1ccc(/C=C/c2ccc(O*)cc2)cc1,CN(C)C(=N)N=C(N)N,13.2549,-1.2438,71.0600,2.6613,-10.2839,-7.5737,-9.5114,-6.1327,-1.0000,2
*CCCCCCCCCCCCOC(=O)NCCCc1ccc(CNC(=O)c2ccc(C(=O)O*)cc2)cc1,CN(C)C(=N)N=C(N)N,6.8945,-1.2438,93.7300,2.2178,-10.6682,-7.9758,-9.0738,-5.4119,-3.0000,2
*CC(CCOCCOc1ccc(/N=N/c2ccc(O*)cc2)cc1)C(=O)OCCc1ccc(-c2ccc([N+](=O)[O-])cc2)cc1,CN(C)C(=N)N=C(N)N,7.5903,-1.2438,121.8500,3.1848,-8.2056,-7.1651,-9.0738,-5.4119,-1.0000,2
*Nc1ccccc1C(=O)OC(CCC)c1ccc(C(C)(C)c2ccc(NC(=O)CCCCCCCCCCC(=O)Oc3ccc(C(*)=O)cc3)cc2)cc1,CN(C)C(=N)N=C(N)N,10.5505,-1.2438,110.8000,3.4127,-8.2036,-7.1492,-9.4180,-5.9999,-1.0000,2
*CCCCCCCCOC(=O)NCCCCCCCOC(=O)CCCCCCCC(=O)O*,CN(C)C(=N)N=C(N)N,6.3821,-1.2438,90.9300,2.2660,-10.7087,-6.6866,-9.0173,-5.2053,-1.0000,2
*CCCCCCOC(=O)COCCCCCCCCCCCCCCC(=O)OCCCOCCOc1ccc(Cc2ccc(O*)c(OCC)c2)cc1,CN(C)C(=N)N=C(N)N,9.9218,-1.2438,98.7500,2.9391,-9.8904,-6.6171,-9.2335,-5.4206,-1.0000,2
*CCc1ccc(NC(=O)c2ccc(C(=O)N/C=C/c3ccc(C(=O)NCCNC(*)=S)cc3)cc2)cc1,CN(C)C(=N)N=C(N)N,4.1786,-1.2438,99.3300,2.5429,-7.4605,-7.3355,-9.5114,-6.1328,-1.0000,2
*CCCCC(=O)N/C=C/c1ccc(Oc2ccc(C(C)(C)c3ccc(NC(=O)O*)cc3)cc2)cc1,CN(C)C(=N)N=C(N)N,7.1718,-1.2438,76.6600,2.5315,-10.0317,-6.6472,-9.0738,-5.4119,-1.0000,2
*Sc1ccc(OC(=O)CCCCCCCCCCCCCCC(=O)Nc2ccc(C#Cc3ccc(O*)cc3)cc2)cc1,CN(C)C(=N)N=C(N)N,9.0862,-1.2438,64.6300,2.6607,-9.9892,-7.0248,-9.4403,-5.9710,-3.0000,2
*Oc1ccc(/N=N/c2ccc(OC(=O)CCCC(=O)OCCCCCCCCCCCCCCCCCCCCCOc3ccc(C(=O)Oc4ccc(*)cc4)cc3)cc2)cc1,CN(C)C(=N)N=C(N)N,14.1366,-1.2438,122.0800,3.0648,-8.2416,-7.3237,-9.0738,-5.4119,-1.0000,2
*C(=O)OCCCCCCCOC(=O)c1ccc(C(=O)O*)cc1,CN(C)C(=N)N=C(N)N,2.6651,-1.2438,78.9000,2.0513,-11.3536,-8.2040,-9.4967,-5.9678,-1.0000,2
*CCCCCNC(=O)CCC(C)(CCC(C)CC)C(=O)NCCCCCCCCNC(=O)CCCOC(=O)O*,CN(C)C(=N)N=C(N)N,5.9534,-1.2438,122.8300,3.5884,-10.2403,-6.3934,-9.2335,-5.4206,-2.0000,2
*CCCCCCCCCCCCCCOC(=O)Cc1ccc(NC(=O)c2ccc(C(=O)O*)c(C(C)C)c2)cc1,CN(C)C(=N)N=C(N)N,8.5473,-1.2438,81.7000,2.3608,-10.4229,-7.7031,-9.4180,-5.9999,-1.0000,2
*CCCCCOC(=O)C/CC=C/C(=O)OCCCCCCCOc1ccc(C(=O)O*)cc1,CN(C)C(=N)N=C(N)N,5.3271,-1.2438,88.1300,2.3216,-10.7320,-7.5095,-9.5303,-6.0978,-1.0000,2
*Oc1ccc(S(=O)(=O)c2ccc(C(=O)Nc3ccc(C(=O)OCOC(*)=O)cc3)cc2)cc1,CN(C)C(=N)N=C(N)N,2.7646,-1.2438,125.0700,2.2793,-11.1309,-8.1408,-9.5303,-6.0978,-1.0000,2
*Oc1ccc(OC(=O)CCCC(=O)Oc2ccc(OC(=O)/N=C/c3ccc(*)cc3)cc2)cc1,CN(C)C(=N)N=C(N)N,4.6914,-1.2438,100.4900,2.4609,-8.6344,-7.0014,-9.5303,-6.0978,-1.0000,2
*CCCCCCCOc1ccc(CCCCCNC(=O)c2ccc(C(=O)O*)cc2)cc1,CN(C)C(=N)N=C(N)N,5.8768,-1.2438,64.6300,1.9002,-7.9734,-6.7952,-9.2335,-5.4206,-1.0000,2
*CCCC(=O)OCCCCCOC(=O)NCCCCCSCCCCNC(=O)O*,CN(C)C(=N)N=C(N)N,4.1775,-1.2438,102.9600,2.5097,-9.7922,-6.5138,-9.4403,-5.9710,-1.0000,2
*CCCCCCCCCCCCCCN(CC)c1ccc(C(=O)NCCCCCNC(=O)c2ccc(*)o2)cc1,CN(C)C(=N)N=C(N)N,8.1371,-1.2438,74.5800,2.4376,-7.2161,-6.3132,-9.5303,-6.0978,-1.0000,2
*C1CCC(COC(=O)COCC=CCCCCCCCCCCSCCCCCCC(=O)O*)CC1,CN(C)C(=N)N=C(N)N,7.9619,-1.2438,61.8300,2.7493,-9.4978,-6.7598,-9.5303,-6.0978,-1.0000,2
*Nc1ccc(-c2ccc(CN(C)c3ccc(NC(=O)c4ccc(/N=N/c5ccc(*)cc5)cc4)cc3)cc2)cc1,CN(C)C(=N)N=C(N)N,8.2399,-1.2438,69.0900,2.3614,-8.3606,-6.8911,-9.4403,-5.9710,-1.0000,2
*NNC(=O)C(CSc1cccc(NC(=O)CCCCCCCCC(*)=O)c1)COc1ccc(/N=N/c2ccc([N+](=O)[O-])cc2)cc1,CN(C)C(=N)N=C(N)N,7.0456,-1.2438,164.3900,3.5087,-8.8133,-7.5043,-9.4403,-5.9710,-1.0000,2
*CCCCCCCCCCCCCCNC(=O)c1ccc(C(=O)OCCOC(=O)CCCCCCCCCCC(=O)O*)cc1,CN(C)C(=N)N=C(N)N,8.8031,-1.2438,108.0000,2.4924,-10.7294,-7.9406,-9.4403,-5.9710,-1.0000,2
*CCCNC(=O)c1ccc(C(=O)NCCCCCCCCCNC(=O)c2ccc(-c3ccc(C(=O)NCCNC(=O)c4ccc(*)cc4)cc3)cc2)cc1,CN(C)C(=N)N=C(N)N,6.5437,-1.2438,145.5000,2.2440,-10.4644,-7.4707,-9.5303,-6.0978,-1.0000,2
*CCCCCCCCNC(=O)c1ccc(C(=O)NC(=O)N*)cc1,CN(C)C(=N)N=C(N)N,2.5854,-1.2438,87.3000,1.8012,-10.7531,-7.9785,-9.4180,-5.9999,-1.0000,2
*CCCCOC(=O)CCCCCCCCCCCC(=O)NCCCCCCCNC(=O)C(=O)NC(=O)O*,CN(C)C(=N)N=C(N)N,4.5979,-1.2438,139.9000,2.5561,-8.4333,-6.3627,-9.4403,-5.9710,-4.0000,2
*CCCCCCCNC(=O)CC(C)C(=O)NCCCCCNC(=O)O*,CN(C)C(=N)N=C(N)N,2.6533,-1.2438,96.5300,2.6651,-10.3802,-5.6723,-9.4403,-5.9710,-1.0000,2
*CCCCCCCCOC(=O)NCc1ccc(CNC(=O)CCCCCC(=O)NNC(=O)c2ccc(N(*)C)cc2)cc1,CN(C)C(=N)N=C(N)N,5.3429,-1.2438,128.8700,2.4743,-9.9794,-6.8911,-9.0738,-5.4119,-3.0000,2
*Oc1ccc(NC(=O)c2ccc(C(=O)OCCCCCCCCCCOc3ccc(C(*)=O)cc3)cc2)cc1,CN(C)C(=N)N=C(N)N,6.8136,-1.2438,90.9300,2.2197,-7.9644,-7.8055,-9.5303,-6.0978,-1.0000,2
*CCCCCCCCCCCCCCCOC(=O)c1ccc(OCc2ccccc2)cc1C(=O)O*,CN(C)C(=N)N=C(N)N,8.2118,-1.2438,61.8300,2.1432,-10.8822,-7.5152,-9.2335,-5.4206,-1.0000,2
*CCOC(=O)c1ccc(NC(=O)OCCCCCCCCCCS(=O)(=O)O*)cc1,CN(C)C(=N)N=C(N)N,4.4204,-1.2438,108.0000,2.1312,-10.8142,-7.4375,-9.2335,-5.4206,-1.0000,2
*Oc1ccc(C(=O)OCCCCCCCNC(=O)c2ccc(*)cc2)cc1C,CN(C)C(=N)N=C(N)N,4.2379,-1.2438,64.6300,1.8829,-10.4722,-7.1691,-9.4967,-5.9678,-1.0000,2
*CCCC(=O)OCCCCCCCCCCCC(=O)OCCCCCOC(=O)Nc1ccc(Cc2ccc(N*)cc2)cc1,CN(C)C(=N)N=C(N)N,8.3659,-1.2438,102.9600,2.5755,-9.6658,-6.3819,-9.4180,-5.9999,-1.0000,2
*CC(O)COC(=O)CCCCCCCCC(=O)OCCCCOC(=O)c1ccc(C(=O)OC(=O)c2ccc(C(=O)O*)cc2)cc1,CN(C)C(=N)N=C(N)N,4.9070,-1.2438,168.8000,3.0748,-8.8456,-8.4047,-9.4967,-5.9678,-1.0000,2
*C(=O)NCCCNC(=O)c1ccc(NC(=O)c2ccc(C(=O)Nc3ccc(*)nc3)cc2)cc1,CN(C)C(=N)N=C(N)N,2.4521,-1.2438,129.2900,2.1397,-8.1399,-7.4563,-9.4967,-5.9678,-3.0000,2
*NC(C)C(=O)NCCCNC(=O)c1ccc(Cc2ccc(NC(=O)CCCCCCCCCC(=O)N*)cc2)cc1,CN(C)C(=N)N=C(N)N,3.7954,-1.2438,128.4300,2.8018,-10.0414,-6.8186,-9.5303,-6.0978,-2.0000,2
*Oc1ccc(OC(=O)c2ccc(C(C)(C)c3ccc(C(*)=O)c(OC)c3)cc2)c(C(C)=C)c1,CN(C)C(=N)N=C(N)N,5.7915,-1.2438,61.8300,2.5681,-10.4825,-7.7723,-9.5303,-6.0978,-1.0000,2
*CCCCCCCCCCCCCCC(=O)NCCCNC(=O)NC(=O)CCCCC(=O)N*,CN(C)C(=N)N=C(N)N,4.4554,-1.2438,116.4000,2.3044,-10.5379,-6.8798,-9.4967,-5.9678,-1.0000,2
*OCCCC(C)COc1ccc(/C=C/c2ccc(O*)cc2Oc2ccc(OCCCCCC)cc2S(=O)(=O)[O-])cc1,CN(C)C(=N)N=C(N)N,7.0055,-1.2438,103.3500,3.3975,-10.6290,-7.5117,-9.5114,-6.1328,-1.0000,2
*CCCCCCN(CCCOC(=O)c1ccc(C(=O)O*)cc1)c1ccc(/N=N/c2ccc([N+](=O)[O-])cc2)cc1,CN(C)C(=N)N=C(N)N,7.3422,-1.2438,123.7000,2.6092,-8.3507,-7.0348,-9.0263,-5.4164,-1.0000,2
*/C=C/C(=O)Nc1ccc(Cc2ccc(NC(=O)c3ccc(C(*)=O)cc3)cc2)cc1,CN(C)C(=N)N=C(N)N,4.4667,-1.2438,75.2700,2.4468,-8.3846,-7.4114,-9.5114,-6.1328,-2.0000,2
*Nc1ccc(NC(=O)CCCCCCCCCCNC(=O)c2ccc(C(=O)O*)cc2)cc1,CN(C)C(=N)N=C(N)N,4.8464,-1.2438,96.5300,1.9855,-7.9859,-6.7999,-9.4403,-5.9710,-2.0000,2
*CCCCCCCCCCOC(=O)C(Cc1ccc(C(=O)O*)cc1)c1ccc(/N=N/c2ccc(C#N)cc2)cc1,CN(C)C(=N)N=C(N)N,8.6821,-1.2438,101.1100,3.0808,-8.8196,-7.6094,-9.4403,-5.9710,-1.0000,2
*C#Cc1ccc(NC(=O)CCCCCCCCCCCC(=O)NCCCCCCNC(=O)c2cccc(C(=O)S*)c2)cc1,CN(C)C(=N)N=C(N)N,7.0741,-1.2438,104.3700,2.6789,-8.1187,-7.3179,-9.5303,-6.0978,-2.0000,2
*CC(=O)Nc1ccc(Cc2ccc(C(NC(=O)c3ccccc3)c3ccc(C(=O)O*)cc3F)cc2)cc1,CN(C)C(=N)N=C(N)N,5.5925,-1.2438,84.5000,2.6143,-7.9732,-7.0309,-9.2335,-5.4206,-3.0000,2
*O[Si](C)(C)c1ccc(NC(=O)CCCCCCCC(=O)NCCCNC(=O)C(=O)Nc2ccc(*)nc2)cc1,CN(C)C(=N)N=C(N)N,2.4164,-1.2438,138.5200,2.6535,-7.7838,-7.0470,-9.5303,-6.0978,-4.0000,2
*CCOCCOCCOCCOCCOC(=O)OCCCCCOC(=O)c1cccc(O*)c1,CN(C)C(=N)N=C(N)N,2.9588,-1.2438,107.9800,2.5515,-10.7376,-7.4973,-9.4403,-5.9710,-1.0000,2
*O[Si](C)(C)CCOC(=O)c1ccc(NC(=O)c2ccc(C(F)(F)C(F)(F)C(F)(F)C(F)(F)C(*)(F)F)cc2)cc1,CN(C)C(=N)N=C(N)N,6.5559,-1.2438,64.6300,2.9844,-8.2493,-7.5211,-9.3593,-5.8504,-1.0000,2
*Oc1ccc(NC(=O)c2ccc(NCCCCCCCCCNC(=O)c3ccc(/C=C/c4ccc(C(*)=O)cc4)c(C)c3)cc2)cc1,CN(C)C(=N)N=C(N)N,8.5084,-1.2438,96.5300,2.6110,-8.0830,-7.2893,-9.4403,-5.9710,-3.0000,2
*CCCCCCCCCOc1ccc(/C=N/c2ccc([Si](C)(C)OCC(=O)CNCC(=O)O*)cc2)cc1,CN(C)C(=N)N=C(N)N,5.2386,-1.2438,86.2200,2.9335,-7.4929,-7.4321,-9.4403,-5.9710,-1.0000,2
*OC(=O)CCC(C)(C)c1ccc(C(C)(C)c2ccc(OC(=O)c3ccc(C(*)=O)cc3)cc2)cc1,CN(C)C(=N)N=C(N)N,6.1866,-1.2438,69.6700,2.4399,-8.5864,-7.1804,-9.5114,-6.1328,-1.0000,2
*Oc1ccc(Oc2ccc(C(C)(C)c3ccc(/C=C/c4ccc(OC(*)=O)cc4)cc3)cc2)cc1C(C)(CC#N)CC#N,CN(C)C(=N)N=C(N)N,8.3011,-1.2438,92.3400,3.2026,-10.3121,-7.3054,-9.5114,-6.1328,-1.0000,2
*C(=O)NCc1ccc(CCOCCCCCCCCCCNC(=O)O*)c(OCCCCCC)c1,CN(C)C(=N)N=C(N)N,5.8392,-1.2438,85.8900,2.5806,-10.4728,-6.4359,-9.0738,-5.4119,-1.0000,2
*Cc1ccc(CNC(=O)c2ccc(C(=O)NCCCCCCNC(=O)Nc3ccc(C(=O)N*)cc3)cc2)cc1,CN(C)C(=N)N=C(N)N,4.1358,-1.2438,128.4300,2.1364,-10.3959,-7.5737,-9.4403,-5.9710,-2.0000,2
*CCCCCCCCCCOc1ccc(C(=O)OCCCCCOCCCCCCOC(=O)c2ccc(C(=O)O*)cc2)cc1,CN(C)C(=N)N=C(N)N,8.6654,-1.2438,97.3600,2.3789,-8.2691,-7.1151,-9.5303,-6.0978,-1.0000,2
*CCCCCCCCCCCCCCCCOCCCCCCCOC(=O)CCCCC(=O)O*,CN(C)C(=N)N=C(N)N,8.6230,-1.2438,61.8300,2.2096,-10.6311,-6.5546,-9.4403,-5.9710,-1.0000,2
*C#Cc1ccc(NC(=O)CCCCCCC(=O)NNc2ccc(-c3ccc(NC(=O)c4ccc(*)cc4)cc3)cc2)cc1,CN(C)C(=N)N=C(N)N,7.0096,-1.2438,99.3300,2.3828,-9.9190,-7.3305,-9.5303,-6.0978,-1.0000,2
*CCCCCC(=O)NCCC/C=C/N=C/C(=O)Nc1ccc(CNC(=O)CCCCCCCCCCCOC(=O)c2ccc(O*)cc2)cc1,CN(C)C(=N)N=C(N)N,7.7661,-1.2438,135.1900,3.0111,-8.3842,-7.2820,-9.5303,-6.0978,-2.0000,2
*CCCCCCCCCCCCNC(=O)c1ccc(C(=O)O*)o1,CN(C)C(=N)N=C(N)N,4.6285,-1.2438,68.5400,2.0351,-10.9903,-8.2991,-9.5303,-6.0978,-2.0000,2
*CCCCCCCCCCCCCCCCCCCCCCCCCCCCNC(=O)CC(=O)NC(=O)O*,CN(C)C(=N)N=C(N)N,9.4494,-1.2438,84.5000,2.2921,-11.0588,-7.3436,-9.0738,-5.4119,-1.0000,2
*CCCCCCCCCCCCCCCCCCCCC#C/C=C/C=C\C(=O)Nc1ccc(NC(=O)c2ccc(CNC(=O)C(*)=O)cc2)cc1,CN(C)C(=N)N=C(N)N,10.2401,-1.2438,104.3700,3.0482,-8.9520,-7.6141,-9.3593,-5.8504,-2.0000,2
*N=P(*)(Oc1ccccc1)C(=O)Nc1cccc([N+](=O)[O-])c1,CN(C)C(=N)N=C(N)N,4.0973,-1.2438,93.8300,3.3019,-8.1696,-7.0537,-9.5303,-6.0978,-1.0000,2
*C(=O)CCCCCCCC(=O)NCCCCNC(=O)CCCCCCCC(=O)N*,CN(C)C(=N)N=C(N)N,3.1446,-1.2438,104.3700,2.3020,-10.5954,-7.3761,-9.0697,-5.2057,-2.0000,2
*Oc1ccc(NC(=O)c2ccc(/N=C/c3ccc(C(*)=O)cc3)cc2)cc1C,CN(C)C(=N)N=C(N)N,4.5160,-1.2438,67.7600,2.1750,-8.6295,-7.3875,-9.4403,-5.9710,-2.0000,2
*C/C=C/c1cc(OCCCCCCCCCCCCC)c(/C=N/c2ccc([N+](=O)[O-])cc2)cc1O*,CN(C)C(=N)N=C(N)N,8.7739,-1.2438,73.9600,2.7250,-8.5110,-7.9302,-9.0697,-5.2057,-1.0000,2
*Oc1ccc(C(C)(C)c2ccc(OC(=O)c3ccc(C(*)=O)cc3OC)cc2C)cc1,CN(C)C(=N)N=C(N)N,5.0668,-1.2438,61.8300,2.4180,-8.3466,-6.8760,-9.5303,-6.0978,-1.0000,2
*CC(=O)NCCCCCCCNC(=O)CCOC(=O)c1ccc(C(=O)NC(=O)NCCCCCCCCNC(=O)CCCCCC(*)=O)cc1,CN(C)C(=N)N=C(N)N,4.4819,-1.2438,188.8700,2.8545,-8.2166,-7.0316,-9.3593,-5.8504,-1.0000,2
*CC(C)(C)CCOC(=O)c1ccc(C(=O)NCCCCNC(=O)OC(*)=O)c(O)c1,CN(C)C(=N)N=C(N)N,2.3778,-1.2438,131.0300,2.6023,-10.7841,-7.8835,-9.0263,-5.4164,-3.0000,2
*Oc1ccc(/C=C/c2ccc(OCCCCCCCOCCOCCOCCOCOCCOCCOC(*)=O)cc2)cc1,CN(C)C(=N)N=C(N)N,5.1220,-1.2438,100.1400,2.9099,-9.8335,-7.0392,-9.0738,-5.4119,-1.0000,2
*CCCCCCOC(=O)OCCCCCNC(=O)CCCCCc1ccc(/C=N/c2ccc(C(=O)N*)cc2)cc1,CN(C)C(=N)N=C(N)N,6.6590,-1.2438,106.0900,2.5907,-7.7199,-6.8485,-9.0738,-5.4119,-2.0000,2
*C(=O)c1ccc(C(=O)NCCCCCCCNC(=O)c2ccc(C(=O)O*)cc2)cc1,CN(C)C(=N)N=C(N)N,3.3076,-1.2438,101.5700,1.9662,-8.3933,-7.9821,-9.5114,-6.1328,-3.0000,2
*NC(=O)CCCC(C)NC(=O)CCCCCCC(=O)N(*)CCCCC,CN(C)C(=N)N=C(N)N,2.7937,-1.2438,78.5100,2.5428,-10.2698,-5.8191,-9.5114,-6.1328,-1.0000,2
*/C=C/C=C/C(=O)OCC(=O)CCCCCCCOC(=O)O*,CN(C)C(=N)N=C(N)N,2.8761,-1.2438,78.9000,3.2166,-11.1154,-8.0153,-9.4403,-5.9710,-1.0000,2
*CCCCCCCCCCNC(=O)CCCCC(=O)NCCCCS(=O)(=O)CCCS*,CN(C)C(=N)N=C(N)N,4.4348,-1.2438,92.3400,2.5044,-10.3843,-5.7964,-9.5303,-6.0978,-2.0000,2
*OC(=O)c1ccc(Oc2cc(C)c(NC(=O)c3ccc(OC(=O)OCCCOc4ccc(C(*)=O)cc4)cc3)cc2)cc1,CN(C)C(=N)N=C(N)N,6.5348,-1.2438,126.4600,2.4166,-7.8754,-7.6643,-9.3593,-5.8504,-1.0000,2
*CCCCCCNC(=O)CCCCCCCCCCC(=O)Nc1ccc(NC(=O)NCCCCS(=O)(=O)CCO*)cc1,CN(C)C(=N)N=C(N)N,5.5314,-1.2438,142.7000,2.5844,-9.8662,-6.3806,-9.5303,-6.0978,-2.0000,2
*CCOC(=O)NCC=CCCC(=O)NCCCCCNC(=O)c1ccc(NC(=O)N*)cc1,CN(C)C(=N)N=C(N)N,2.2760,-1.2438,137.6600,2.4197,-10.3486,-6.9193,-9.2335,-5.4206,-1.0000,2
*CCCCCCOC(=O)CCCCCCCCCCCCCC(=O)OCCCCOC(=O)c1cccc(C(=O)O*)c1,CN(C)C(=N)N=C(N)N,8.0598,-1.2438,105.2000,2.4561,-11.0508,-7.9642,-9.4967,-5.9678,-1.0000,2
*CCCCCCOC(=O)CCCCCCCCC(=O)Oc1ccc(/C=C/C(=O)Nc2ccc(C(=O)O*)cc2)cc1,CN(C)C(=N)N=C(N)N,7.1864,-1.2438,108.0000,2.4116,-10.8877,-7.9632,-9.5303,-6.0978,-2.0000,2
*CCCCCCC(=O)NNC(=O)CCCCCCCCCC(=O)OCCCCOC(F)(F)C(*)(F)C(F)(F)F,CN(C)C(=N)N=C(N)N,6.4483,-1.2438,93.7300,3.2651,-10.5295,-6.5318,-9.0738,-5.4119,-2.0000,2
*CCC(CO)CCP(=O)(CCCCCCCCCC)C(=O)O*,CN(C)C(=N)N=C(N)N,5.5768,-1.2438,63.6000,3.6482,-10.8813,-7.6282,-9.5114,-6.1328,-1.0000,2
*CNC(=O)CCC(=O)NCCSCCCCNC(=O)SCCCCCO*,CN(C)C(=N)N=C(N)N,1.7476,-1.2438,96.5300,2.7031,-9.7047,-6.0825,-9.3593,-5.8504,-2.0000,2
*Nc1ccc(Cc2ccc(Cc3ccc(Nc4ccc(NC(=O)Nc5ccc(*)s5)cc4)cc3)cc2)cc1C,CN(C)C(=N)N=C(N)N,8.2079,-1.2438,65.1900,2.4075,-9.4365,-6.7019,-9.4180,-5.9999,-1.0000,2
*CCCCCOCCCCCCCCCCCCNC(=O)COC(=O)c1ccc(C(=O)Nc2ccc(Cc3ccc(C(=O)O*)cc3)cc2)cc1,CN(C)C(=N)N=C(N)N,8.6087,-1.2438,120.0300,2.5890,-7.9055,-7.5089,-9.5114,-6.1328,-1.0000,2
*CCC(C)CCNC(=O)CCCC(=O)NCCCCCCCNC(=O)C(=O)CS*,CN(C)C(=N)N=C(N)N,2.3909,-1.2438,104.3700,3.0354,-8.5973,-5.7004,-9.0697,-5.2057,-3.0000,2
*CCCOP(=O)(OCCCOc1ccc(/C=N/c2ccc(-c3ccccc3)cc2)cc1)C(=O)OCCC(=O)CCCCCCCC(=O)N*,CN(C)C(=N)N=C(N)N,8.8212,-1.2438,129.5900,3.5610,-7.9502,-7.4333,-9.5114,-6.1328,-1.0000,2
*Cc1ccc(CNC(=O)NC(=O)c2ccc(Cc3ccc(C(=O)NNC(=O)CCCOC(=O)c4ccc(*)cc4)cc3)cc2)cc1,CN(C)C(=N)N=C(N)N,4.6236,-1.2438,142.7000,2.4006,-10.5178,-7.4778,-9.5114,-6.1328,-1.0000,2
*CCCCCCCCCC(=O)OC(O)CS(=O)(=O)CCCOCC(=O)O*,CN(C)C(=N)N=C(N)N,1.8948,-1.2438,116.2000,3.0580,-11.2989,-7.1237,-9.0263,-5.4164,-1.0000,2
*CCCCCCCCCCCCCCCCCCOC(=O)OCOC(=O)CCOCCOC(=O)CS(=O)(=O)CNC(=O)c1ccc(C(=O)O*)cc1,CN(C)C(=N)N=C(N)N,6.3522,-1.2438,186.9000,3.1487,-11.0512,-8.2390,-9.5114,-6.1328,-2.0000,2
*CCCCCCCCNC(=O)Cc1ccc(C(=O)NNC(=O)CCCCC(=O)NCCCCNC(=O)N*)cc1,CN(C)C(=N)N=C(N)N,2.5919,-1.2438,157.5300,2.4242,-10.4107,-7.2390,-9.0696,-5.2057,-4.0000,2
*CCCCCCCCCCCCCNC(=O)c1ccc(C(=O)N*)c(NC(=O)c2ccccc2)c1,CN(C)C(=N)N=C(N)N,6.0786,-1.2438,87.3000,2.0394,-10.4413,-7.6768,-9.4967,-5.9678,-2.0000,2
*CC(c1ccc(/N=N/c2ccc(C(=O)N*)cc2)cc1)OSCC,CN(C)C(=N)N=C(N)N,4.9466,-1.2438,63.0500,3.2200,-8.4651,-7.0585,-9.5303,-6.0978,-1.0000,2
*CCCCCC(=O)NCCCCSCCCCCNC(=O)O*,CN(C)C(=N)N=C(N)N,3.6342,-1.2438,67.4300,2.2178,-9.6316,-5.7803,-9.4403,-5.9710,-2.0000,2
*CCCCCCCCNC(=O)NC(=O)CCCCCCCCCNC(=O)CCCCCCCCC(=O)S*,CN(C)C(=N)N=C(N)N,6.9869,-1.2438,104.3700,2.4660,-10.5678,-7.3629,-9.5303,-6.0978,-2.0000,2
*CC(O)COc1ccccc1OC(=O)CCCCCCCCCCCCCCCCCC(=O)OCC(=O)C(=O)O*,CN(C)C(=N)N=C(N)N,6.1802,-1.2438,125.4300,3.0636,-9.0856,-6.8417,-9.5114,-6.1328,-1.0000,2
*CCCCCCCCC(=O)NCCCCCCCNC(=O)C(=O)NCCCCCCOC(=O)O*,CN(C)C(=N)N=C(N)N,4.2911,-1.2438,122.8300,2.4042,-10.4086,-7.3196,-9.4967,-5.9678,-3.0000,2
*CC(*)c1ccc(C#N)c(C(=O)O)c1,CN(C)C(=N)N=C(N)N,1.8189,-1.2438,61.0900,2.0029,-11.4731,-8.0963,-9.4967,-5.9678,-1.0000,2
*OC(=O)c1ccc(Nc2ccc(/C=N/c3ccc(C(*)=O)cc3)cc2)cc1,CN(C)C(=N)N=C(N)N,4.6915,-1.2438,67.7600,2.1115,-7.9042,-7.6938,-9.5303,-6.0978,-1.0000,2
*CCCCCCNC(=O)c1ccc(C(=O)NC(=O)N*)cc1,CN(C)C(=N)N=C(N)N,1.8052,-1.2438,87.3000,1.7402,-10.7638,-7.9086,-9.5303,-6.0978,-1.0000,2
*OC(=O)c1ccc(Oc2ccc(Cc3ccc(NC(*)=O)c(Br)c3)c(C)c2)cc1,CN(C)C(=N)N=C(N)N,5.4071,-1.2438,64.6300,2.2465,-10.6360,-7.6068,-9.4403,-5.9710,-1.0000,2
*CCCCCCCCCCOC(=O)C(CCCCCCCCCCCCOC(=O)c1ccc(-c2ccc(C(=O)O*)cc2)cc1)OC,CN(C)C(=N)N=C(N)N,10.1986,-1.2438,88.1300,3.0563,-10.7482,-7.8929,-9.5114,-6.1328,-1.0000,2
*C(=O)Nc1ccc(C(=O)NCCCCCCCNC(=O)c2ccc(C(=O)NNC(=O)c3ccc(*)o3)cc2)cc1,CN(C)C(=N)N=C(N)N,3.0330,-1.2438,158.6400,2.4145,-10.5721,-7.8529,-9.4403,-5.9710,-4.0000,2
*OC(=O)c1ccc(-c2ccc(OC(=O)CCCCCCCCCCC(*)=O)cc2)cc1,CN(C)C(=N)N=C(N)N,6.0571,-1.2438,69.6700,2.1150,-10.9889,-7.7203,-9.5303,-6.0978,-1.0000,2
*C(=O)OC(=O)COCCOC(=O)c1ccc(OCCCCCOC)cc1C(=O)Oc1ccc(/N=N/c2ccc(C(=O)Oc3ccc(O*)cc3)cc2)cc1,CN(C)C(=N)N=C(N)N,6.3145,-1.2438,183.9100,3.2087,-8.4923,-7.7158,-9.0738,-5.4119,-1.0000,2
*Oc1cc(S)c(OC(=O)c2ccc(OCCCCCCCCCCC(*)=O)cc2OCCCCC)cc1C,CN(C)C(=N)N=C(N)N,7.8661,-1.2438,71.0600,2.7750,-7.5111,-7.1654,-9.5114,-6.1328,-2.0000,2
*CCCCOc1ccc(-c2ccc(-c3ccc([N+](=O)[O-])cc3)cc2C(=O)O*)cc1,CN(C)C(=N)N=C(N)N,5.8059,-1.2438,78.6700,1.9590,-8.9454,-7.6805,-9.5114,-6.1328,-1.0000,2
*CCCCCCCCCCCCCCCCCCOC(=O)c1ccc(C(=O)OCCCCCOC(=O)c2ccc(C(=O)O*)cc2)cc1,CN(C)C(=N)N=C(N)N,9.9872,-1.2438,105.2000,2.2185,-10.9816,-8.1833,-9.5303,-6.0978,-1.0000,2
*CCCCCCCCCCCCCOC(=O)c1ccc(C(=O)NCCCCNC(=O)Nc2ccc(C(=O)O*)cc2)cc1,CN(C)C(=N)N=C(N)N,7.1843,-1.2438,122.8300,2.3263,-10.6376,-7.9613,-9.4403,-5.9710,-3.0000,2
*NC(CCCCCCCC)CCCCCCC(=O)NCCCCCNC(=O)NC(=O)CCCCc1ccc(NC(*)=O)cc1,CN(C)C(=N)N=C(N)N,6.4985,-1.2438,128.4300,3.1753,-9.8085,-7.0026,-9.5303,-6.0978,-2.0000,2
*CCN(CCCOCCOc1ccc(/N=N/c2ccc(OCCOc3ccc(/C=C/C(=O)CCCCCCCC(=O)O*)cc3)cc2)cc1)CCCCC,CN(C)C(=N)N=C(N)N,10.2550,-1.2438,108.2500,3.1046,-7.8927,-6.6253,-9.0263,-5.4164,-1.0000,2
*CCCCCCCCCCCCCCOC(=O)c1ccc(C(=O)NCCCCCCNC(=O)OCCCCCCCCOC(=O)c2ccc(O*)cc2)cc1,CN(C)C(=N)N=C(N)N,10.4641,-1.2438,129.2600,2.6882,-10.6502,-7.7730,-9.2334,-5.4206,-2.0000,2
*CCN(CCOC(=O)CCC(=O)OC(=O)c1ccc(C(C)C(=O)O*)cc1)C(=O)O,CN(C)C(=N)N=C(N)N,1.8814,-1.2438,136.5100,2.9452,-10.8411,-8.1340,-9.5303,-6.0978,-2.0000,2
*CCCCCCCCCCCCCCCCCCOC(=O)NCCc1ccc(CNC(=O)CCCCCCCCCCCCC(=O)N*)cc1,CN(C)C(=N)N=C(N)N,10.9995,-1.2438,96.5300,2.6658,-10.4272,-6.2273,-9.4403,-5.9710,-2.0000,2
*Oc1ccc(C(=O)NNC(=O)c2ccc(*)cc2C(C)C)cc1,CN(C)C(=N)N=C(N)N,2.5904,-1.2438,67.4300,1.8633,-10.4350,-7.2638,-9.4403,-5.9710,-2.0000,2
*OC(=O)c1ccc(C(=O)OCCCCCCCC)c(C(*)=O)c1,CN(C)C(=N)N=C(N)N,3.7146,-1.2438,69.6700,2.0851,-8.6606,-8.2067,-9.0738,-5.4119,-1.0000,2
*C#C[SH](C)(CC)CCCC(=O)NCCCCCNC(=O)c1ccc(C(=O)N*)cc1,CN(C)C(=N)N=C(N)N,2.3593,-1.2438,87.3000,3.0908,-5.8285,-5.6282,-9.0738,-5.4119,-2.0000,2
*Oc1c(Cl)cc(*)cc1NC(=O)c1ccccc1C(=O)OC,CN(C)C(=N)N=C(N)N,3.0845,-1.2438,64.6300,1.8312,-7.8876,-7.5097,-9.4967,-5.9678,-1.0000,2
*CCCCCCCCC(=O)NCCCCCCCNNC(=O)COCCCCCCC(=O)N*,CN(C)C(=N)N=C(N)N,3.8769,-1.2438,108.5600,2.4919,-9.6653,-5.9682,-9.5303,-6.0978,-1.0000,2
*CCCCCC(=O)Oc1ccc(C(=O)Nc2ccc(Cc3ccc(NC(=O)CC*)cc3)cc2)cc1,CN(C)C(=N)N=C(N)N,6.3639,-1.2438,84.5000,2.0310,-10.2164,-7.3156,-9.4403,-5.9710,-2.0000,2
*CCCCCCCN(C)C(C)C(=O)CCCCCCS(=O)(=O)CCCCC(=O)N*,CN(C)C(=N)N=C(N)N,3.8671,-1.2438,83.5500,3.0934,-9.6044,-7.0023,-9.0738,-5.4119,-1.0000,2
*C#CCCCOC(=O)/C=C(/C(=O)O*)OCCCCCCCC,CN(C)C(=N)N=C(N)N,3.2886,-1.2438,61.8300,2.7252,-11.1255,-8.0428,-9.4403,-5.9710,-1.0000,2
*Oc1ccc(C(C)(CC)c2ccc(OC(=O)c3ccc(C(*)=O)cc3CC(=O)O)cc2)cc1,CN(C)C(=N)N=C(N)N,4.7670,-1.2438,89.9000,2.9701,-8.4897,-7.1628,-9.4403,-5.9710,-2.0000,2
*CCCCCCCCCCCCOC(=O)c1ccc(C(=O)NCCCCCNC(=O)O*)cc1,CN(C)C(=N)N=C(N)N,5.9320,-1.2438,93.7300,2.1434,-10.6857,-7.8329,-9.4967,-5.9678,-2.0000,2
*CCC(C)(CC)COC(=O)CCCCCCCCC(=O)NCCCCCCCCCCOC(=O)c1ccc(O*)cc1,CN(C)C(=N)N=C(N)N,8.2763,-1.2438,90.9300,2.6587,-10.5378,-7.3189,-9.2335,-5.4206,-2.0000,2
*CCCOCCCCCCCCCCOC(=O)c1ccc(C(=O)OCCCCCOC(=O)C(O)CCOC(=O)c2ccc(C(=O)O*)cc2)cc1,CN(C)C(=N)N=C(N)N,6.5673,-1.2438,160.9600,3.1731,-8.1755,-7.1599,-9.2335,-5.4206,-1.0000,2
*CCCCCCNC(=O)CCCCCCCCCCCC(=O)NC(=O)C(=O)N*,CN(C)C(=N)N=C(N)N,3.1021,-1.2438,104.3700,2.2651,-8.2958,-6.5070,-9.2335,-5.4206,-1.0000,2
*CCCCCCCCCCCCCCNC(=O)CCCCCCCCC(=O)NCc1ccc(CCNC(=O)c2ccc(C(=O)O*)cc2)cc1,CN(C)C(=N)N=C(N)N,8.9116,-1.2438,113.6000,2.5223,-8.0209,-6.8309,-9.5303,-6.0978,-2.0000,2
*Cc1ccc(CC(C)c2ccc(NC(=O)CCCCCCC(=O)NSCCCOCCCCCCCNC(=O)c3ccc(C(*)=O)cc3)cc2)cc1,CN(C)C(=N)N=C(N)N,8.9844,-1.2438,113.6000,3.4201,-8.3519,-6.9048,-9.0263,-5.4164,-2.0000,2
*CCCCCCCCCCCCCCCCCCCNC(=O)CCSSCCCCCCOCCCCCCCNC(=O)C(=O)O*,CN(C)C(=N)N=C(N)N,10.2540,-1.2438,93.7300,2.8421,-8.0687,-6.6448,-9.5303,-6.0978,-3.0000,2
*Oc1ccc(OC(=O)c2ccc(Oc3ccc(C(=O)c4ccc(*)cc4)cc3)cc2)c(Cl)c1,CN(C)C(=N)N=C(N)N,6.2881,-1.2438,61.8300,1.9784,-10.6835,-7.9254,-9.5303,-6.0978,-1.0000,2
*CCCCCCCNC(=O)CCC(=O)NCCCOC(=O)OC(=O)NCCCCCCNC(=O)CCC/c1ccc(NC(=O)CO*)cc1,CN(C)C(=N)N=C(N)N,3.8526,-1.2438,190.2600,2.8817,-10.2036,-7.3789,-9.5114,-6.1328,-3.0000,2
*Nc1ccc(Cc2ccc(CNC(=O)CNC(=O)c3ccc(OC(=O)CNC(*)=O)cc3)cc2)cc1,CN(C)C(=N)N=C(N)N,1.5572,-1.2438,125.6300,2.3762,-7.6886,-7.3123,-9.0738,-5.4119,-2.0000,2
*CCCCOC(=O)CNc1ccc(-c2ccc(C(=O)Nc3ccc(Oc4ccc([N+](=O)[O-])cc4)cc3)cc2)cc1OCCOCCOC(=O)OCCCOC(=O)OCCCCOCOC(=O)c1ccc(O*)cc1,CN(C)C(=N)N=C(N)N,9.4704,-1.2438,254.0800,3.7343,-8.8234,-7.4925,-9.4967,-5.9678,-1.0000,2
*/C=C/c1ccc(OCCOC(=O)CCCCCCCC(=O)O*)cc1,CN(C)C(=N)N=C(N)N,4.0669,-1.2438,61.8300,2.5824,-10.0289,-6.6649,-9.5114,-6.1328,-1.0000,2
*CCCCCCCCCC(=O)NCCCCCCCCCNC(=O)CCCCC(=O)N*,CN(C)C(=N)N=C(N)N,5.1359,-1.2438,87.3000,2.0773,-10.4281,-5.6351,-9.0738,-5.4119,-1.0000,2
*C(=O)CCCCCCCCCCCCOC(=O)c1ccc(C(=O)NNC(=O)CCCCCCCCC(=O)N*)cc1,CN(C)C(=N)N=C(N)N,5.7005,-1.2438,130.6700,2.5330,-8.0100,-7.3279,-9.3593,-5.8504,-3.0000,2
*CCCCCCCCCCCNc1ccc(C(=O)NCCCCCCNC(=O)c2ccc(C(=O)N*)cc2)cc1,CN(C)C(=N)N=C(N)N,6.4484,-1.2438,99.3300,2.1866,-7.6400,-6.7272,-9.4403,-5.9710,-2.0000,2
*Oc1ccc(OC(=O)c2ccc(-c3ccc(-c4nnc(*)o4)cc3-c3ccccc3)cc2)cc1,CN(C)C(=N)N=C(N)N,5.9954,-1.2438,74.4500,2.2532,-10.6257,-7.8972,-9.5303,-6.0978,-1.0000,2
*CC(*)C(=O)NNc1ccccc1CC(=O)NCCCCCCCCNC(=O)c1ccc(C(=O)Oc2ccc(OCC(=O)c3ccc(OCCCCCC)cc3)cc2)cc1,CN(C)C(=N)N=C(N)N,8.4090,-1.2438,161.1600,3.0231,-7.7166,-6.7285,-9.5303,-6.0978,-2.0000,2
*CCC(=O)OCCOCCOC(=O)c1ccc(C(=O)OCCC(=O)Nc2ccc(C(=O)O*)cc2)cc1,CN(C)C(=N)N=C(N)N,2.6970,-1.2438,143.5300,2.2872,-11.0521,-8.2477,-9.5114,-6.1328,-2.0000,2
*CCCCCCCCCCCC(=O)OCCOCCCCOc1ccc(C(C)(C)c2ccc([N+](=O)[O-])cc2)cc1C(=O)O*,CN(C)C(=N)N=C(N)N,8.2586,-1.2438,114.2000,2.6915,-8.8807,-7.5188,-9.5303,-6.0977,-1.0000,2
*CC(F)(F)C(=O)OCCCCCCCCCCCC(=O)OCCCOC(=O)CCCCCCCC(=O)O*,CN(C)C(=N)N=C(N)N,6.3776,-1.2438,105.2000,2.5276,-11.1221,-7.6465,-9.0738,-5.4119,-1.0000,2
*Oc1ccc(C(=O)Nc2ccc(Cc3ccc(N(*)CC)cc3)cc2)c([N+](=O)[O-])c1,CN(C)C(=N)N=C(N)N,4.5753,-1.2438,84.7100,2.0777,-9.1870,-7.5778,-9.0738,-5.4119,-2.0000,2
*CCCC(=O)NCCCCCCCNC(=O)CC(=O)NCCCCCCCC(C)COC(=O)CCCCCCCC(=O)O*,CN(C)C(=N)N=C(N)N,5.8109,-1.2438,139.9000,3.1514,-10.1627,-6.7330,-9.4403,-5.9710,-4.0000,2
*CCCCCCCCCCCCCCCCCCCCCCCCCCCNC(=O)COCCCCCCCCCCCCCC(=O)O*,CN(C)C(=N)N=C(N)N,13.6574,-1.2438,64.6300,2.4627,-10.3621,-6.5636,-9.5303,-6.0978,-1.0000,2
*CCCCCCCCCOC(=O)c1cnc(Cc2ccc(NC(=O)O*)cc2)cc1,CN(C)C(=N)N=C(N)N,5.6697,-1.2438,77.5200,2.1651,-10.3098,-7.7116,-9.0738,-5.4119,-1.0000,2
*CCCCOC(=O)CCCCCCCCCCCC(=O)OCCOC(=O)c1ccc(NC(=O)O*)cc1,CN(C)C(=N)N=C(N)N,6.1109,-1.2438,117.2300,2.3402,-11.0154,-7.6293,-9.3593,-5.8504,-1.0000,2
*CC(O)COc1ccc(S(=O)(=O)c2ccc(OC(=O)c3ccc(C(=O)Oc4ccc(O*)cc4)cc3)cc2Br)cc1,CN(C)C(=N)N=C(N)N,5.1855,-1.2438,125.4300,2.9352,-8.6081,-7.7597,-9.5114,-6.1328,-1.0000,2
*CC(C)(C)CCOC(=O)CCCCC(=O)NCCC(=O)O*,CN(C)C(=N)N=C(N)N,2.1171,-1.2438,81.7000,2.1267,-10.8498,-6.8172,-9.5303,-6.0978,-1.0000,2
*CCCCCCCCCCCCCCCNC(=O)C(=O)NCCCCc1ccc(CNC(=O)O*)c(OC)c1,CN(C)C(=N)N=C(N)N,6.1091,-1.2438,105.7600,2.4582,-10.3806,-7.2792,-9.2335,-5.4206,-1.0000,2
*CCOC(=O)C(C)c1ccc(C(=O)NCCCCNC(=O)c2ccc(C(=O)O*)cc2)cc1,CN(C)C(=N)N=C(N)N,2.9914,-1.2438,110.8000,2.4742,-8.0141,-6.9120,-9.5303,-6.0978,-3.0000,2
*CCCCCC(=O)NCCCOCCCNC(=O)CCCC(=O)O*,CN(C)C(=N)N=C(N)N,1.8508,-1.2438,93.7300,2.0445,-10.4314,-6.5671,-9.4967,-5.9679,-1.0000,2
*CCCCCCCOC(=O)c1ccc(C(=O)NCCNC(=O)c2ccc(C(=O)O*)cc2)cc1,CN(C)C(=N)N=C(N)N,3.6718,-1.2438,110.8000,1.9780,-10.8855,-8.1373,-9.4967,-5.9678,-2.0000,2
*CCCCCCOC(=O)NCCCCCNC(=O)c1ccc(C(=O)c2ccc(C(=O)O*)cc2)cc1,CN(C)C(=N)N=C(N)N,4.8224,-1.2438,110.8000,2.1400,-8.4390,-7.5825,-9.5114,-6.1328,-3.0000,2
*O[Si](*)(C)CCCNC(=O)CCCCCCCC(=O)OCCCCCCCOc1ccc(-c2ccc(-c3ccc(-c4ccc(C)cc4)cc3)cc2)cc1,CN(C)C(=N)N=C(N)N,10.4514,-1.2438,73.8600,3.3800,-9.8941,-6.9187,-9.0738,-5.4119,-1.0000,2
*CC(F)(F)CNC(=O)CCCCCCCC(=O)OC(=O)Nc1ccc(NC(=O)CCCCNC(=O)c2ccc(C(=O)c3ccc(S(=O)(=O)Nc4ccc(O*)cc4)cc3)cc2)cc1,CN(C)C(=N)N=C(N)N,7.5400,-1.2438,215.1700,3.2452,-8.5753,-7.6043,-9.2335,-5.4206,-4.0000,2
*CCCCCCCCCCCCCCCCCCCCCCCCNC(=O)CCCCCCOC(=O)c1ccc(-c2ccc(C(=O)O*)cc2)cc1,CN(C)C(=N)N=C(N)N,12.8774,-1.2438,81.7000,2.5588,-10.4943,-7.8854,-9.5303,-6.0978,-1.0000,2
*CCCCCCCCCCCCOc1ccc(C(=O)O[Si](C)(C)c2ccc(OCCCC(=O)Oc3ccc(C(=O)O*)cc3)cc2)cc1,CN(C)C(=N)N=C(N)N,8.7182,-1.2438,97.3600,2.7958,-7.8012,-7.3429,-9.0738,-5.4119,-1.0000,2
*CC(C)CNC(=O)CCCCCCCC(=O)NCCCCC(=O)N*,CN(C)C(=N)N=C(N)N,2.2611,-1.2438,87.3000,2.0496,-10.4107,-5.7948,-9.5303,-6.0978,-2.0000,2
*CCCCCCCCCCCOc1ccc(/C=C/c2ccc(OCCCCCCCCCCCCC)cc2)cc1C(=O)OCCCCCC(=O)O*,CN(C)C(=N)N=C(N)N,13.2582,-1.2438,71.0600,2.7907,-9.9084,-6.8396,-9.2335,-5.4206,-1.0000,2
*CCCCCCCCCCCCCS(=O)(=O)CCCCCCC(=O)NNC(=O)OCC(C)CCCCNC(=O)CO*,CN(C)C(=N)N=C(N)N,5.3350,-1.2438,139.9000,3.2910,-10.6628,-6.6383,-9.5114,-6.1328,-2.0000,2
*CCCCCCCOCCOCCOCCOCCOC(=O)COc1ccc(C(=O)O*)cc1,CN(C)C(=N)N=C(N)N,3.3436,-1.2438,98.7500,2.3560,-10.6673,-7.3921,-9.0738,-5.4119,-1.0000,2
*CC(*)C(=O)OC(CC)CCOc1ccc(/C=C/c2ccc(CNC(=O)c3ccc(C(=O)O)cc3)cc2)cc1,CN(C)C(=N)N=C(N)N,5.9859,-1.2438,101.9300,2.8116,-7.9753,-7.0343,-9.2335,-5.4206,-1.0000,2
*Nc1ccc(NC(=O)c2cc(C(*)=O)c(C(=O)OC(=O)c3ccc(C(C)C)cc3)cc2)cc1,CN(C)C(=N)N=C(N)N,4.4542,-1.2438,101.5700,2.3068,-8.1939,-7.7617,-9.5303,-6.0978,-1.0000,2
*CCCCCOC(=O)c1cccc(C(C)(C)Cc2ccc(C(=O)O*)c(OCC)c2)c1,CN(C)C(=N)N=C(N)N,5.6508,-1.2438,61.8300,2.2724,-10.7159,-7.4294,-9.4967,-5.9678,-1.0000,2
*CCCCCCCCOC(=O)c1ccc(C(=O)NNC(=O)c2ccc([Si](*)(C)C)cc2)cc1,CN(C)C(=N)N=C(N)N,3.9724,-1.2438,84.5000,2.5592,-8.0304,-7.3834,-9.4967,-5.9678,-2.0000,2
*CCCCCCCCCNC(=O)C(C)CC(C)NC(=O)CCCCCCCCCCCC(=O)O*,CN(C)C(=N)N=C(N)N,6.7598,-1.2438,84.5000,3.0908,-10.4471,-6.5535,-9.4180,-5.9999,-1.0000,2
*Oc1ccc(OC(=O)c2ccc(C(=O)Oc3ccc(*)c(C(=O)O)c3)cc2)cc1C,CN(C)C(=N)N=C(N)N,3.8372,-1.2438,99.1300,1.9881,-8.3115,-7.9013,-9.5114,-6.1328,-2.0000,2
*CCCCCCCOC(=O)NNSC(=O)CCCC(=O)O*,CN(C)C(=N)N=C(N)N,2.6173,-1.2438,93.7300,2.7530,-7.9111,-6.6857,-9.4967,-5.9678,-2.0000,2
*NNC(=O)CCCCCCCC(=O)SSCCCCC(*)=O,CN(C)C(=N)N=C(N)N,2.9842,-1.2438,75.2700,2.9059,-8.5190,-7.6408,-9.4403,-5.9710,-1.0000,2
*Oc1ccc(/C=C(\C)c2ccc(OC(=O)c3ccc(C(=O)SCCC(*)=O)cc3)cc2)cc1,CN(C)C(=N)N=C(N)N,5.6343,-1.2438,69.6700,2.5433,-8.5185,-7.6713,-9.4967,-5.9678,-1.0000,2
*CCCOC(=O)CCCCCCCCCCCS(=O)(=O)CCC(=O)O*,CN(C)C(=N)N=C(N)N,3.7301,-1.2438,86.7400,2.2711,-11.0957,-6.7076,-9.5303,-6.0978,-1.0000,2
*CCCCNC(=O)CCCC(C)CC(=O)NCCCCNC(=O)CCCCCCCCC(=O)NCCOCCCNC(=O)NC(=O)CCCCCCC(=O)N*,CN(C)C(=N)N=C(N)N,4.4072,-1.2438,212.9300,3.5152,-10.3407,-6.6418,-9.2335,-5.4206,-2.0000,2
*NC(=O)NCCCCCCCNC(=O)CCCCCCC(=O)Nc1ccc(*)o1,CN(C)C(=N)N=C(N)N,3.2937,-1.2438,112.4700,2.3873,-10.0041,-6.3993,-9.4967,-5.9678,-1.0000,2
*C(=O)Nc1ccc(Cc2ccc(NC(=O)CCCCCCCOc3ccc(NC(=O)Oc4ccc(O*)cc4)cc3)cc2)c(C)c1,CN(C)C(=N)N=C(N)N,7.8287,-1.2438,114.9900,2.5997,-10.1086,-6.7074,-9.5303,-6.0978,-3.0000,2
*CCCCCCCCCCCOC(=O)/C=C/CCC(=O)OCCOc1ccc(-c2ccc(O*)cc2)cc1,CN(C)C(=N)N=C(N)N,7.3916,-1.2438,71.0600,2.4311,-7.5028,-6.5831,-9.5303,-6.0978,-1.0000,2
*CCCCCC(=O)NCCCCCCCNC(=O)NCCCCCCCNC(=O)CCC(=O)O*,CN(C)C(=N)N=C(N)N,3.8641,-1.2438,125.6300,2.2260,-10.4463,-6.3756,-9.4403,-5.9710,-3.0000,2
*CCCCCCCCCCCCCNC(=O)NCCCCCCNCC(=O)COCCCCCC(=O)N*,CN(C)C(=N)N=C(N)N,5.3780,-1.2438,108.5600,2.6125,-7.8987,-5.5564,-9.3690,-5.8762,-1.0000,2
*Oc1ccc(/C(C)=C/c2ccc(OCc3ccc(OC(*)=O)c(O)c3)cc2)cc1-c1ccc(Br)cc1,CN(C)C(=N)N=C(N)N,7.2020,-1.2438,64.9900,2.5829,-10.2095,-7.1947,-9.0696,-5.2057,-2.0000,2
*Nc1ccc(NC(=O)CCCCCCCCC(=O)NCCCCCCNC(=O)c2ccc(C(*)=O)cc2)cc1,CN(C)C(=N)N=C(N)N,5.2472,-1.2438,116.4000,2.3127,-8.3261,-6.8813,-9.4967,-5.9678,-1.0000,2
*C(=O)C(CCCCCCCCCCCCCCCCCCCCCCCC)C(C)C(=O)NCCCCCCCCCCCNC(=O)CCCNC(=O)NCCO*,CN(C)C(=N)N=C(N)N,11.2448,-1.2438,125.6300,3.7628,-7.3489,-6.3028,-9.5114,-6.1327,-3.0000,2
*O[Si](C)(C)Oc1ccc(NC(=O)c2ccc(-c3ccc(OC(=O)c4ccc(*)cc4)cc3)c(N)c2)cc1,CN(C)C(=N)N=C(N)N,5.4802,-1.2438,99.8800,2.3845,-7.7021,-7.0574,-9.5114,-6.1328,-1.0000,2
*OC(=O)NCCCCCCCNC(=O)OCCOC(=O)Oc1ccc(NC(=O)OC(=O)Cc2ccc(*)cc2)cc1C,CN(C)C(=N)N=C(N)N,4.7725,-1.2438,167.5900,2.7222,-10.8269,-7.5587,-9.2335,-5.4206,-2.0000,2
*CCCCCCOC(=O)c1ccc(C(=O)OCCCCCCNC(=O)c2ccc(O*)cc2)cc1,CN(C)C(=N)N=C(N)N,5.2765,-1.2438,90.9300,2.0893,-8.1735,-6.8417,-9.5303,-6.0977,-1.0000,2
*CCOCCN(CCCOCOC(=O)CCCCCC(=O)O*)OCCC,CN(C)C(=N)N=C(N)N,2.6090,-1.2438,83.5300,2.8082,-9.8172,-6.7115,-9.0173,-5.2053,-1.0000,2
*CC(=O)NCCCCCCNC(=O)CCCCCCCCCC(=O)NCCCCCCCCCCNC(=O)CCCCCCCCCCC(=O)N*,CN(C)C(=N)N=C(N)N,8.0495,-1.2438,145.5000,2.4075,-10.3022,-5.8331,-9.4403,-5.9710,-1.0000,2
*OC(C)CNC(=O)c1ccc(F)cc1CC(=O)NNC(=O)c1ccc(C(=O)OC=SCCCCCCCCCC(=O)Nc2ccc(*)cc2)cc1,CN(C)C(=N)N=C(N)N,5.0815,-1.2438,151.9300,3.6857,-6.3353,-6.0801,-9.5114,-6.1328,-4.0000,2
*CCCCCCCCCNC(=O)CCCCCCCCCCC(=O)NCc1ccc(NC(=O)CC/C=C/C(=O)N*)cc1,CN(C)C(=N)N=C(N)N,6.8308,-1.2438,116.4000,2.5846,-10.4654,-6.9715,-9.4403,-5.9710,-4.0000,2
*NC(=O)Oc1ccc(C(=O)OCc2ccc(NC(*)=O)cc2)cc1,CN(C)C(=N)N=C(N)N,2.0694,-1.2438,93.7300,2.0366,-10.7300,-7.6235,-9.5114,-6.1328,-1.0000,2
*CCCCCCOC(=O)C(CCCC(=O)O*)c1ccc(OC)c(C)c1,CN(C)C(=N)N=C(N)N,4.4656,-1.2438,61.8300,2.6185,-10.0700,-6.6878,-9.3593,-5.8504,-1.0000,2
*Oc1ccc(/N=C/c2ccc(OCCCCCCCCOCCCCCCNC(=O)OC(=O)c3ccc(*)cc3)cc2)cc1,CN(C)C(=N)N=C(N)N,8.0058,-1.2438,95.4500,2.6842,-7.8677,-7.3504,-9.5303,-6.0977,-2.0000,2
*Oc1ccc(CC(=O)Nc2ccc(OC(=O)c3ccc(*)o3)cc2)cc1,CN(C)C(=N)N=C(N)N,3.3856,-1.2438,77.7700,1.9120,-10.5053,-7.7748,-9.4403,-5.9710,-2.0000,2
*CCC(CC)COC(=O)N(CC(=O)NC(C)NC(C)c1ccc(C#N)cc1)C(=O)NCCCCCNC(=O)CCCC(=O)CCCCC(=O)O*,CN(C)C(=N)N=C(N)N,4.9264,-1.2438,196.0300,4.0689,-10.2788,-7.5764,-9.4403,-5.9710,-2.0000,2
*CCCCCCCCNC(=O)c1ccc(NC(=O)NCCCCCNC(=O)c2ccc(O*)cc2)cc1,CN(C)C(=N)N=C(N)N,5.2043,-1.2438,108.5600,2.1272,-10.3493,-6.8613,-9.0263,-5.4164,-4.0000,2
*CC(=O)CCCCCCCCCCCCCOC(=O)CCc1ccc(C(=O)NCCCNC(=O)c2ccc(*)s2)cc1,CN(C)C(=N)N=C(N)N,7.0440,-1.2438,101.5700,2.4954,-10.4955,-7.3891,-9.4967,-5.9678,-2.0000,2
*Nc1ccc(NC(=S)c2ccc(S(=O)(=O)c3ccc(NC(=O)NCCCNC(*)=O)cc3)cc2)cc1,CN(C)C(=N)N=C(N)N,3.1468,-1.2438,128.4300,2.5315,-7.7173,-7.2104,-9.4403,-5.9710,-3.0000,2
*CCCCCC[PH](C)(C)CNC(=O)CCCCC(=O)NCCCCNC(=O)CCCCCOC(=O)CCCCCCCC(=O)N*,CN(C)C(=N)N=C(N)N,5.5425,-1.2438,142.7000,3.3218,-9.3747,-6.1946,-9.2335,-5.4206,-2.0000,2
*C(=O)c1ccc(-c2ccc(S(=O)(=O)c3ccc(-c4ccc(N(*)c5ccc(NC(=O)c6ccccc6)cc5)cc4)cc3)cc2)cc1,CN(C)C(=N)N=C(N)N,8.6618,-1.2438,83.5500,2.2421,-8.2659,-7.3809,-9.4179,-5.9999,-1.0000,2
*CCCCCCCCCCNC(=O)c1ccc(C(=O)OCCCCCOC(=O)c2ccc(-c3ccc(C(=O)O*)cc3)cc2)cc1,CN(C)C(=N)N=C(N)N,8.1064,-1.2438,108.0000,2.3330,-10.6024,-7.8895,-9.5303,-6.0978,-2.0000,2
*CCCCCCCCCCCCCCCCOc1c(C)cc(C(=O)OCC(=O)c2ccc(C(=O)O*)cc2)cc1C,CN(C)C(=N)N=C(N)N,8.9014,-1.2438,78.9000,2.3752,-8.6647,-7.4666,-9.4403,-5.9710,-1.0000,2
*CCCCCCCCCNC(=O)NCCCCNC(=O)CCCCCCCCCCCCCCCCC(=O)N*,CN(C)C(=N)N=C(N)N,7.6595,-1.2438,99.3300,2.2625,-10.2527,-5.6738,-9.4967,-5.9678,-2.0000,2
*CC(O)COC(=O)c1ccc(C(=O)NCCCCCSCCCOC(=O)Oc2ccc(O*)cc2)cc1,CN(C)C(=N)N=C(N)N,4.1688,-1.2438,120.3900,2.9610,-8.0476,-6.8633,-9.5303,-6.0978,-1.0000,2
*CCCCOc1ccc(Oc2ccc(-c3ccc(ONC(=O)c4ccc(O*)cc4)cc3)cc2)cc1,CN(C)C(=N)N=C(N)N,6.7542,-1.2438,66.0200,2.2060,-10.0388,-7.1467,-9.5303,-6.0978,-2.0000,2
*CC(C)(C)COC(=O)c1ccc(C(=O)Nc2ccc(O*)cc2)cc1,CN(C)C(=N)N=C(N)N,3.8474,-1.2438,64.6300,1.8268,-7.8709,-6.7406,-9.5114,-6.1328,-2.0000,2
*C(=O)NCCOC(=O)c1ccc(C(=O)OCCOc2ccc(-c3ccc(O*)cc3)cc2)cc1,CN(C)C(=N)N=C(N)N,3.1978,-1.2438,100.1600,2.2442,-8.1971,-6.8365,-9.3593,-5.8504,-1.0000,2
*NC(CCCCNC(=O)c1ccccc1)C=C/C=C/c1ccc(C(=O)O*)cc1,CN(C)C(=N)N=C(N)N,3.8818,-1.2438,67.4300,2.7801,-7.8148,-6.9672,-9.4180,-5.9999,-2.0000,2
*Nc1ccc(NC(=O)c2ccc(C(=O)NCC(=O)c3ccc(C(*)=O)cc3)cc2)cc1C,CN(C)C(=N)N=C(N)N,3.2547,-1.2438,104.3700,2.0897,-8.8364,-7.6067,-9.4967,-5.9678,-1.0000,2
*Oc1ccc(C(=O)OCCCC(C)c2ccc(OC(=O)c3ccc(C(*)=O)c(C(C)(C)C)c3)cc2)cc1,CN(C)C(=N)N=C(N)N,6.4621,-1.2438,78.9000,2.9426,-8.3992,-7.3358,-9.4180,-5.9999,-1.0000,2
*CCCCCCCCCCCCNC(=O)CCCC(=O)NCCCCCCCCCNC(=O)N*,CN(C)C(=N)N=C(N)N,5.7090,-1.2438,99.3300,2.1405,-10.2683,-5.6864,-9.0263,-5.4164,-4.0000,2
*CCCCCCCCCCOC(=O)CCSCCCSSCS(=O)(=O)c1ccc(Cc2ccc(NC(=O)O*)cc2)cc1,CN(C)C(=N)N=C(N)N,8.6772,-1.2438,98.7700,2.9828,-9.9561,-7.0831,-9.0738,-5.4119,-1.0000,2
*Nc1ccc(NC(=O)CCCCCSCC(=O)Nc2ccc(C(*)=O)cc2)cc1,CN(C)C(=N)N=C(N)N,3.9521,-1.2438,87.3000,2.1224,-7.9751,-6.7617,-9.0738,-5.4119,-1.0000,2
*CCCCCCCCCCCCNC(=O)c1ccc(C(=O)NCC(=O)NCCCNC(=O)Nc2ccc(*)o2)cc1,CN(C)C(=N)N=C(N)N,4.9881,-1.2438,141.5700,2.5209,-7.5449,-6.6312,-9.5303,-6.0977,-5.0000,2
*CCCCCCCCNC(=O)CCCCCCCC(=O)NCCCCNC(=O)CCO*,CN(C)C(=N)N=C(N)N,3.5888,-1.2438,96.5300,2.1383,-10.4956,-6.0865,-9.5303,-6.0978,-2.0000,2
*Oc1ccc(Oc2ccc(NC(=O)c3ccc(C(=O)Nc4ccc(*)cc4)c(C(C)(C)C)c3)C(C)cc2Cl)cc1OC,CN(C)C(=N)N=C(N)N,7.2996,-1.2438,85.8900,3.4390,-7.6418,-7.1274,-9.5303,-6.0978,-2.0000,2
*CCCCCCCCCCCCCCNC(=O)CCCCCCCCCCCCCCCCCCCCCCCCCCCCCCC(=O)NCCCCCCCCCCNC(=O)N*,CN(C)C(=N)N=C(N)N,17.4120,-1.2438,99.3300,2.6601,-10.4461,-5.6662,-9.4967,-5.9679,-3.0000,2
*/C=C/C=C/C(Cl)CCOC(=O)NCCCCCCCNC(=O)CCCCCCCC(=O)N*,CN(C)C(=N)N=C(N)N,4.7350,-1.2438,96.5300,3.6809,-10.5056,-7.0973,-9.0738,-5.4119,-2.0000,2
*CCCCC(=O)OCCCCCCCOC(=O)CCCCNC(=O)O*,CN(C)C(=N)N=C(N)N,3.6514,-1.2438,90.9300,2.1691,-11.0874,-6.5621,-9.0738,-5.4119,-1.0000,2
*CCCCCCCOC(=O)CCCCCCCCCCCCCCC(=O)OCCOC(=O)CCCCCCCCCC(=O)O*,CN(C)C(=N)N=C(N)N,9.6433,-1.2438,105.2000,2.3184,-11.0362,-6.5954,-9.5303,-6.0978,-1.0000,2
*CCC(=O)NCCCCCNC(=O)c1ccc(NC(=O)c2ccc(C(=O)O*)c(C(C)CCC)c2)cc1,CN(C)C(=N)N=C(N)N,4.9670,-1.2438,113.6000,2.7692,-10.4434,-7.8260,-9.5114,-6.1328,-1.0000,2
*CCOCCOCCOCCOC(=O)CCCCCSC(=O)CCCCCCCCCCCCCCCC(=O)O*,CN(C)C(=N)N=C(N)N,7.3556,-1.2438,97.3600,2.7459,-7.7700,-6.6466,-8.9803,-5.1653,-1.0000,2
*CCNC(=O)CCC#CCCCCCCCCCCC(=O)NCCCCCCNC(=O)CCCCCCCCCCCCC(=O)N(*)CCCCCCCCN,CN(C)C(=N)N=C(N)N,9.6966,-1.2438,133.6300,2.8441,-9.8365,-5.7192,-9.5114,-6.1328,-2.0000,2
*CC(*)(Cl)C(=O)OCCCCCCCCCCCCCCCCCCCCCCNC(=O)c1ccc(/N=N/c2ccc(Cl)cc2)cc1,CN(C)C(=N)N=C(N)N,12.4577,-1.2438,80.1200,3.2075,-8.5833,-7.0575,-9.5303,-6.0978,-1.0000,2
*OC(=O)c1ccc(Oc2ccc(/C=C/c3ccc(OCCCCCOCCCCO*)cc3)cc2)c(CC)c1C,CN(C)C(=N)N=C(N)N,7.5565,-1.2438,63.2200,2.5587,-9.9452,-7.1445,-8.9804,-5.1653,-1.0000,2
*Oc1ccc(NC(=O)CCC(=O)Oc2ccc(C(=O)OCCCCCCCCCCCCC/C=C(\C)c3ccc(C(=O)Oc4c(C(*)=O)cc4)cc3)cc2)cc1C,CN(C)C(=N)N=C(N)N,10.1460,-1.2438,134.3000,3.3555,-9.2654,-7.8876,-9.0738,-5.4119,-1.0000,2
*Oc1ccc(C([Ge])(C)c2ccc(OC(=O)CCCCCC(=O)Nc3ccc(C(*)=O)cc3)cc2)cc1,CN(C)C(=N)N=C(N)N,5.1313,-1.2438,81.7000,3.0900,-6.5065,-6.3368,-9.0738,-5.4119,-1.0000,2
*CCCCCCNC(=O)CCSCCCCCC(=O)NC(=O)c1ccc(S(=O)(=O)c2ccc(O*)cc2)cc1,CN(C)C(=N)N=C(N)N,4.8616,-1.2438,118.6400,2.4848,-8.2272,-7.2723,-9.0697,-5.2057,-1.0000,2
*CCOCCSCOc1ccc(NC(=O)/C=C/c2ccc(C(=O)N*)cc2C)cc1,CN(C)C(=N)N=C(N)N,3.8518,-1.2438,76.6600,2.4752,-7.6463,-6.8794,-9.4403,-5.9710,-1.0000,2
*C(=O)Nc1ccc(Cc2ccc(NC(=O)CCCCOc3ccc(C(=O)OCCCCC#N)cc3)cc2)c(*)c1,CN(C)C(=N)N=C(N)N,5.8842,-1.2438,117.5200,2.4326,-10.2824,-7.2526,-9.4403,-5.9710,-2.0000,2
*CCCCCCC(=O)SCCCC(=O)NCCCCCCCNC(=O)c1ccc(C(=O)O*)cc1,CN(C)C(=N)N=C(N)N,5.1917,-1.2438,101.5700,2.3481,-8.0185,-7.7411,-9.0738,-5.4119,-2.0000,2
*CCCCCCCCCCCCCOC(=O)c1ccc(C(=O)OC(C)CC(=O)O*)cc1,CN(C)C(=N)N=C(N)N,6.1744,-1.2438,78.9000,2.5911,-11.0706,-8.1013,-9.4180,-5.9999,-1.0000,2
*CCOCCOC(=O)ONCCCCCCCCCCNC(=O)OCCCOC(=O)Nc1ccccc1C(=O)OCCCCCCC(=O)c1cccc(CC(=O)O*)c1,CN(C)C(=N)N=C(N)N,7.7838,-1.2438,203.1200,3.3400,-10.6726,-7.7733,-9.4403,-5.9710,-2.0000,2
*Oc1ccc(C(=O)OCCNc2ccc(NC(=O)c3ccc(C(=O)Oc4ccc(C(*)=O)cc4)cc3)cc2)cc1,CN(C)C(=N)N=C(N)N,4.9451,-1.2438,120.0300,2.2668,-8.0548,-7.5540,-9.4403,-5.9710,-1.0000,2
*CC(C)C(=O)OCCC(=O)NCCCCCCNC(=O)OCCOc1ccc(C(=O)c2ccc(C(*)=O)cc2)cc1,CN(C)C(=N)N=C(N)N,4.1010,-1.2438,137.1000,2.5606,-8.4998,-7.5891,-9.4403,-5.9710,-2.0000,2
*CCCCCCCCCCCCCCCCCCCOC(=O)c1ccc(NC(=O)c2ccc(O*)cc2)cc1,CN(C)C(=N)N=C(N)N,9.4529,-1.2438,64.6300,2.1759,-10.6826,-7.5046,-9.5303,-6.0977,-1.0000,2
*CCCCCCOC(=O)CCCC(=O)NCCCCCCCCCCNC(=O)OCCCOC(=O)CCCC(=O)O*,CN(C)C(=N)N=C(N)N,5.4316,-1.2438,146.3300,2.6160,-10.2628,-6.7815,-9.5303,-6.0978,-1.0000,2
*Oc1c(CC)cc(-c2ccc(OC(=O)c3ccc(C(*)=O)cc3)cc2)cc1CCCCCCCCCCCCCCOc1ccc(-c2ccc(F)cc2)cc1,CN(C)C(=N)N=C(N)N,12.7621,-1.2438,61.8300,2.8722,-8.5752,-7.1508,-9.4403,-5.9710,-1.0000,2
*CCCCCCCCCCCCCCCCCO[Si](C)(C)COCCCOC(=O)CCCCOCCCCCCCCC(=O)OO*,CN(C)C(=N)N=C(N)N,10.5024,-1.2438,89.5200,3.0527,-7.4039,-6.4898,-9.4403,-5.9710,-1.0000,2
*CCOC(=O)CCCCCCCCCCC(=O)NCCCCCOc1ccc(NC(=O)S*)cc1,CN(C)C(=N)N=C(N)N,6.2777,-1.2438,93.7300,2.3540,-10.2608,-6.8376,-9.4967,-5.9678,-1.0000,2
*CC[PH](C)(C)CCCCNC(=O)NCCCOCCCCCNC(=O)CC(C)C(=O)O*,CN(C)C(=N)N=C(N)N,2.8992,-1.2438,105.7600,3.7215,-6.3951,-5.1982,-9.4403,-5.9710,-1.0000,2
*CCCCCCNC(=O)COC(=O)C[N+](C)CCCCCCCCCCC(=O)O*,CN(C)C(=N)N=C(N)N,3.5915,-1.2438,87.6000,2.7014,-9.5937,-6.8907,-9.4403,-5.9710,-1.0000,2
*CCCCCCCCCCCCCCCCCCCCCCCCCC(=O)NCCCCCCNC(=O)c1ccc(C(=O)N*)c(C(=O)OCCCCCC)c1,CN(C)C(=N)N=C(N)N,12.3113,-1.2438,113.6000,2.8568,-10.5103,-7.5978,-9.0738,-5.4119,-1.0000,2
*CCCCCCCCOC(=O)CCCCCCCCCCC(=O)NCCCNC(=O)OCCOc1ccc(-c2ccc(NC(=O)O*)cc2)cc1,CN(C)C(=N)N=C(N)N,8.8595,-1.2438,141.2900,2.7578,-10.0017,-6.5370,-9.5303,-6.0978,-2.0000,2
*CC(F)(F)C(F)(F)C(F)(F)COC(=O)CCCC(=O)NC(CC)NC(=O)CCCCCCO*,CN(C)C(=N)N=C(N)N,3.5370,-1.2438,93.7300,3.4614,-10.7271,-6.8909,-9.4403,-5.9710,-1.0000,2
*CCCCCCCCCCCCCCCCNC(=O)OCCCOC(=O)c1ccc(C(=O)O*)cc1,CN(C)C(=N)N=C(N)N,7.1392,-1.2438,90.9300,2.2309,-10.9025,-8.3047,-9.4403,-5.9710,-2.0000,2
*OS(=O)(=O)c1ccc(NC(=O)c2ccc(*)c(C(=O)O)c2)cc1,CN(C)C(=N)N=C(N)N,1.8838,-1.2438,109.7700,1.6964,-11.2543,-8.1842,-9.4403,-5.9710,-2.0000,2
*CCCCCCCCCOC(=O)c1ccc(NC(=O)CCCCCCCCCCCCC(=O)Nc2ccc(C(=O)O*)cc2)cc1,CN(C)C(=N)N=C(N)N,9.5506,-1.2438,110.8000,2.3355,-10.7336,-7.5689,-9.2335,-5.4206,-2.0000,2
*CCCCCCCCCCCCCCCCCCCCCCOC(=O)NCCCCCCCCSCCNC(=O)O*,CN(C)C(=N)N=C(N)N,10.8759,-1.2438,76.6600,2.6047,-9.8719,-5.6455,-9.5303,-6.0978,-1.0000,2
*Nc1cccc(NC(=O)CCCC(=O)NCCCCCNC(=O)c2ccc(NC(*)=O)cc2)c1,CN(C)C(=N)N=C(N)N,2.6624,-1.2438,128.4300,2.2624,-9.8965,-7.2783,-9.4403,-5.9710,-3.0000,2
*CCCOC(=O)c1ccc(CC(=O)OCc2ccc(O*)cc2)cc1,CN(C)C(=N)N=C(N)N,3.2449,-1.2438,61.8300,1.8331,-10.6418,-7.3771,-9.4179,-5.9999,-1.0000,2
*CCOC(=O)NCc1ccc(SSc2ccc(COC(=O)c3ccc(C(=O)O*)cc3)cc2)cc1,CN(C)C(=N)N=C(N)N,5.7873,-1.2438,90.9300,2.3510,-8.3535,-7.5999,-9.5114,-6.1328,-1.0000,2
*CC(*)C(=O)OCC(CO)c1ccc(C(=O)NCC[Ge](C)(C)CC)cc1,CN(C)C(=N)N=C(N)N,3.1738,-1.2438,75.6300,3.5341,-10.1963,-7.1175,-9.0738,-5.4119,-1.0000,2
*Oc1ccc(C(=O)c2ccc(OCCCCCCCCCCC#N)cc2)c(NC(=O)CCCCC(*)=O)c1,CN(C)C(=N)N=C(N)N,6.7343,-1.2438,105.4900,2.5485,-10.5173,-7.7996,-9.5303,-6.0978,-2.0000,2
*CCCCCNC(=O)SCCCCCC(=O)NC(=O)S*,CN(C)C(=N)N=C(N)N,3.3458,-1.2438,75.2700,2.7421,-10.4071,-7.6833,-9.4967,-5.9678,-1.0000,2
*CC(*)(C)C(=O)OC(C(=O)O)OC(C)OCCCCCCCCC,CN(C)C(=N)N=C(N)N,3.7261,-1.2438,82.0600,3.3679,-10.9444,-7.2695,-9.2335,-5.4206,-1.0000,2
*CCCCCCCCS(=O)(=O)CCCCCCCCOc1cccc(C(=O)O*)c1,CN(C)C(=N)N=C(N)N,5.8795,-1.2438,69.6700,2.1812,-10.6121,-7.5325,-9.0697,-5.2057,-1.0000,2
*CCCCCCCOC(=O)NCCCCNC(=O)C(CCCCCCCCCCCC)COCc1ccc(CCCCC(=O)O*)cc1,CN(C)C(=N)N=C(N)N,9.5208,-1.2438,102.9600,3.2175,-10.3814,-6.6999,-9.5303,-6.0978,-2.0000,2
*c1ccc(NC(=O)CCCCCCCCCCCCCCCCC(=O)NCc2ccc(Cc3ccc(NC(*)=O)cc3)cc2)cc1,CN(C)C(=N)N=C(N)N,9.3422,-1.2438,87.3000,2.4375,-10.3482,-6.8239,-9.5303,-6.0978,-2.0000,2
*CCOC(=O)CCCC(=O)Nc1ccc(NC(=O)CCCCCCCCCCCCCCCCC(=O)c2ccc(C(=O)O*)cc2)cc1,CN(C)C(=N)N=C(N)N,9.1197,-1.2438,127.8700,2.4402,-8.3605,-6.9879,-9.5303,-6.0978,-2.0000,2
*Oc1ccc(C(=O)O)c(C(=O)OCCC(*)=O)c1OC(C)C,CN(C)C(=N)N=C(N)N,1.6234,-1.2438,99.1300,2.5686,-11.1806,-8.0062,-9.5114,-6.1328,-1.0000,2
*CCOCCCCCCCOC(=O)CCCCCCCCCCCCCCC(=O)OCCCCCC(=O)O*,CN(C)C(=N)N=C(N)N,8.1662,-1.2438,88.1300,2.2771,-10.6536,-6.7071,-9.2335,-5.4206,-1.0000,2
*CC(*)C(=O)NCCCCCCCCCNC(=O)c1ccc(NC(=O)Oc2ccc(C(C)C)cc2)cc1,CN(C)C(=N)N=C(N)N,6.4076,-1.2438,96.5300,2.2159,-10.4664,-7.0865,-9.5114,-6.1327,-2.0000,2
*CCCSCCCCCCCCCOCCCCCCCOCCNC(=O)CCCCCCCCOC(=O)CCCCCCCCC(=O)NCCCOC(=O)C(=O)c1ccc(O*)cc1,CN(C)C(=N)N=C(N)N,10.9929,-1.2438,155.5600,3.4146,-8.9149,-6.9365,-9.5303,-6.0978,-1.0000,2
*CCCCCCCCCCCCCCCCOC(=O)OCCCCCCOC(=O)CCCCCCCC(=O)O*,CN(C)C(=N)N=C(N)N,9.5398,-1.2438,88.1300,2.3243,-10.9616,-6.6004,-9.4967,-5.9678,-1.0000,2
*Sc1ccc(NC(=O)CCCCCC(=O)NCC(=O)NCCCS*)cc1,CN(C)C(=N)N=C(N)N,2.4166,-1.2438,87.3000,2.3729,-10.0558,-7.0263,-9.0738,-5.4119,-2.0000,2
*CCCCCCCCCCCCOC(=O)NCCCCCCNC(=O)OCCOC(=O)CCCCCCCCCCCCCOC(=O)CCOC(*)=O,CN(C)C(=N)N=C(N)N,9.2508,-1.2438,155.5600,2.9212,-10.7110,-7.1668,-9.0738,-5.4119,-1.0000,2
*CCCCCCOC(=O)c1ccc(NC(=O)NOCCCCCCCCCC(=O)NNc2ccc(CNC(*)=O)cc2)cc1,CN(C)C(=N)N=C(N)N,5.9869,-1.2438,146.8900,2.7945,-10.1410,-7.3297,-9.4403,-5.9710,-3.0000,2
*Cc1ccc(C(=O)NNC(=O)CCCCCC(=O)N(*)CC)cc1,CN(C)C(=N)N=C(N)N,1.8426,-1.2438,78.5100,1.8434,-10.4448,-7.2399,-9.5303,-6.0978,-3.0000,2
*CCCCCCCCCCCCCCNC(=O)COC(=O)O*,CN(C)C(=N)N=C(N)N,4.4983,-1.2438,64.6300,1.9971,-10.9716,-6.5916,-9.0738,-5.4119,-2.0000,2
*CCCCCCCCCNC(=O)c1ccc(C(=O)NCCCOC(=O)c2ccc(S(=O)(=O)CCCCCCC(=O)c3ccc(O*)cc3)cc2)cc1,CN(C)C(=N)N=C(N)N,7.4566,-1.2438,144.9400,2.7163,-8.2022,-7.6616,-9.4403,-5.9710,-2.0000,2
*C(=O)NCCCCCCCCSCCCCCCNC(=O)c1ccc(C(=O)N*)c(OC)c1,CN(C)C(=N)N=C(N)N,3.9041,-1.2438,96.5300,2.5149,-7.3985,-6.5021,-9.0173,-5.2053,-2.0000,2
*CCCCCCCOC(=O)c1ccc(N(CC)c2ccc(C(=O)NN(*)C)cc2)cc1,CN(C)C(=N)N=C(N)N,4.8360,-1.2438,61.8800,2.2953,-9.8784,-7.2447,-9.0263,-5.4164,-1.0000,2
*CCCCCCCOC(=O)c1ccc(C(=O)OCCCCOCCOC(=O)c2ccc(O*)cc2)cc1,CN(C)C(=N)N=C(N)N,5.3300,-1.2438,97.3600,2.2296,-10.8589,-7.9276,-9.4967,-5.9678,-1.0000,2
*NNC(=O)c1c(OC)cc(-c2ccc(C(=O)Oc3ccc(OC(*)=O)cc3)cc2)cc1,CN(C)C(=N)N=C(N)N,2.7201,-1.2438,102.9600,2.2361,-10.5553,-7.9119,-9.5114,-6.1328,-1.0000,2
*CCCCCCCCCCCOc1ccc(C(=O)NCCCCNC(=O)C(=O)OCCCCCCNC(=O)c2ccc(C(=O)N*)cc2)cc1,CN(C)C(=N)N=C(N)N,5.8549,-1.2438,151.9300,2.6417,-8.0451,-7.6116,-9.4403,-5.9710,-4.0000,2
*OC(=O)CCCCCCCC(=O)OC(C)OC(C)CC(*)=O,CN(C)C(=N)N=C(N)N,2.6850,-1.2438,78.9000,3.3521,-11.1701,-7.5001,-9.4403,-5.9710,-1.0000,2
*CCCOC(=O)N(c1ccccc1)NC(=O)c1ccc(C(=O)NCCCOc2ccc(-c3ccc(/N=N/c4ccc(O*)cc4)cc3)cc2)cc1,CN(C)C(=N)N=C(N)N,8.3715,-1.2438,130.9200,2.8998,-7.6288,-6.6867,-9.5303,-6.0978,-3.0000,2
*CCCCCOCCOC(=O)c1ccc(OCCCOC(=O)c2ccc(NC(=O)O*)cc2)cc1,CN(C)C(=N)N=C(N)N,4.7660,-1.2438,109.3900,2.1862,-10.5425,-7.5643,-9.4967,-5.9678,-1.0000,2
*Oc1c(Cl)cc(OC(=O)CCCCCC(=O)/C=C/c2ccc(-c3ccc(C(*)=O)cc3)cc2)cc1,CN(C)C(=N)N=C(N)N,6.6635,-1.2438,69.6700,2.4470,-8.2601,-7.9956,-9.5114,-6.1328,-1.0000,2
*CCCCCCCCCCCCCCNC(=O)CCCC(=O)NCCCCCCCCCCCCCCNC(=O)C(=O)N*,CN(C)C(=N)N=C(N)N,7.3729,-1.2438,116.4000,2.3333,-10.3272,-7.3642,-9.5303,-6.0978,-3.0000,2
*CCCCCCCCCOC(=O)NCc1ccc(C(=O)OCN(C)c2ccc(O*)cc2)cc1,CN(C)C(=N)N=C(N)N,5.6197,-1.2438,77.1000,2.4000,-7.5592,-6.5569,-9.4403,-5.9710,-1.0000,2
*CCCCCOC(=O)NCCc1ccc(COC(=O)CCCCCCC(=O)O*)cc1,CN(C)C(=N)N=C(N)N,4.6139,-1.2438,90.9300,2.1067,-10.7508,-6.5705,-9.0738,-5.4119,-2.0000,2
*Oc1ccc(C(C)(C)c2ccc(OC(=O)CCNc3ccc(C(*)=O)cc3)cc2)cc1,CN(C)C(=N)N=C(N)N,4.9382,-1.2438,64.6300,2.2914,-10.2520,-7.5459,-9.5303,-6.0978,-1.0000,2
*CCN(CCOC(=O)c1ccc(C(=O)O*)cc1)C(CO)C(C)C,CN(C)C(=N)N=C(N)N,1.8804,-1.2438,76.0700,2.6814,-8.2701,-6.8832,-9.2335,-5.4206,-1.0000,2
*Oc1ccc(C(C)(C)c2ccc(OC(=O)COP(=O)(O*)O[Si](C)(C)C)cc2)cc1,CN(C)C(=N)N=C(N)N,4.5920,-1.2438,80.2900,3.2410,-10.3602,-7.2522,-9.4967,-5.9678,-1.0000,2
*CCCCNC(=O)NCCCNC(=O)CC(=O)NCCCCCCC(=O)NCCCNC(=O)CS/C(=O)NC(=O)NCCCCCCCCCCNC(=O)c1ccc(*)cc1,CN(C)C(=N)N=C(N)N,4.3745,-1.2438,244.8300,3.2155,-10.3395,-7.2296,-9.2334,-5.4206,-3.0000,2
*CCCCC(=O)NCc1ccc(Cc2ccc(Sc3ccc(NC(=O)c4ccc(O*)cc4)cc3)cc2)cc1,CN(C)C(=N)N=C(N)N,7.1929,-1.2438,67.4300,2.2148,-7.1813,-6.6813,-9.0738,-5.4119,-1.0000,2
*CCCCNC(=O)C(CCCCCCCCCCCCC)C(=O)NCCCCCCCCNC(=O)c1ccc(C(=O)N*)cc1,CN(C)C(=N)N=C(N)N,7.2057,-1.2438,116.4000,2.9620,-10.3559,-7.6583,-9.4403,-5.9710,-1.0000,2
*CCCCCCCCCCCOCCCCCCCOCCOCCOCCOCCOCCOc1ccc(C(=O)O*)cc1,CN(C)C(=N)N=C(N)N,7.3445,-1.2438,90.9100,2.5330,-10.4277,-7.6090,-9.0738,-5.4119,-1.0000,2
*Oc1ccc(C(C)(C)c2ccc(OC(=O)c3ccc(COC(=O)c4ccc(*)cc4)cc3)cc2)cc1,CN(C)C(=N)N=C(N)N,6.2943,-1.2438,61.8300,2.1122,-10.3019,-7.7065,-9.5303,-6.0978,-1.0000,2
*CCCCCCCC(=O)Nc1ccc(/N=N/c2ccc(C=N/[Si](*)(C)C)cc2)cc1,CN(C)C(=N)N=C(N)N,6.8033,-1.2438,66.1800,2.8513,-8.3934,-7.3219,-9.4403,-5.9710,-1.0000,2
*Oc1ccc(S(=O)(=O)C(F)(F)C(=O)NCCCCCOc2ccc(NC(=O)Nc3ccc(C(=O)OCNc4ccc(*)cc4)cc3)cc2)cc1,CN(C)C(=N)N=C(N)N,5.9946,-1.2438,161.1600,2.8948,-7.5145,-7.2738,-9.4967,-5.9678,-1.0000,2
*Nc1ccc(NC(=O)NCCCCCNC(=O)c2ccc(C(=O)Nc3ccc(*)cc3)cc2)cc1,CN(C)C(=N)N=C(N)N,4.2429,-1.2438,111.3600,1.9521,-7.5390,-6.6951,-9.5303,-6.0978,-4.0000,2
*Oc1ccc(C(=O)OCCCCOCCCCNC(=O)c2ccc(C(*)=O)cc2)cc1,CN(C)C(=N)N=C(N)N,3.3685,-1.2438,90.9300,2.1389,-8.2554,-7.3903,-9.5114,-6.1328,-2.0000,2
*Oc1ccc(OC(=O)c2ccc(OC(=O)OCCCCCCOC(=O)c3ccc(C(=O)Oc4ccc(*)c(OC(C)(C)CCC)c4)cc3)cc2)cc1,CN(C)C(=N)N=C(N)N,8.7209,-1.2438,132.8900,2.8850,-8.2650,-7.8762,-9.4403,-5.9710,-1.0000,2
*CCOC(=O)NCCCCCNC(=O)OCCCOCCOCCCOC(=O)O*,CN(C)C(=N)N=C(N)N,2.1370,-1.2438,130.6500,2.5069,-10.7250,-6.4010,-9.5303,-6.0978,-2.0000,2
*/C=C/CC#CCCCCCC(=S)NCCCSCCCCNC(=O)CCCCCCCCCCCNC(=O)c1ccc(C(=O)NCCCCCCCNC(=O)N*)cc1,CN(C)C(=N)N=C(N)N,9.1327,-1.2438,140.4600,3.7024,-7.2672,-6.6272,-9.3593,-5.8504,-4.0000,2
*CCCCCCCCCCCCCCCNC(=O)C(CCOc1ccc(P(=O)(O*)OCCCCCCCCCCC)cc1)CCCCCCCC,CN(C)C(=N)N=C(N)N,13.3878,-1.2438,73.8600,3.7238,-10.3884,-6.8098,-9.5114,-6.1328,-1.0000,2
*CCCCCCOC(=O)c1ccc(C(=O)SCCOCCCCCCCCCCC(=O)O*)cc1,CN(C)C(=N)N=C(N)N,6.9092,-1.2438,78.9000,2.4280,-8.2367,-6.9519,-9.2335,-5.4206,-1.0000,2
*Oc1ccc(NC(=O)c2ccc(NC(=O)CCc3ccc(OC(=O)CC(*)=O)cc3S)cc2)cc1,CN(C)C(=N)N=C(N)N,3.9989,-1.2438,110.8000,2.5260,-8.0926,-7.5211,-9.5303,-6.0978,-2.0000,2
*Cc1ccc(CCCOC(=O)c2ccc(C(=O)Oc3ccc(C(=O)O*)cc3)cc2)cc1,CN(C)C(=N)N=C(N)N,4.7020,-1.2438,78.9000,1.8839,-8.3304,-7.8580,-8.9803,-5.1652,-1.0000,2
*CCOCCOC(=O)NCCCSCCCC(=O)O*,CN(C)C(=N)N=C(N)N,1.7372,-1.2438,73.8600,2.3070,-9.8902,-6.6850,-9.0738,-5.4119,-2.0000,2
*CCSCCCCCCNC(=O)C(CCC)NC(COC)SC(=O)N*,CN(C)C(=N)N=C(N)N,2.9588,-1.2438,79.4600,3.7844,-9.6375,-6.5390,-9.5303,-6.0978,-2.0000,2
*COC(=O)Nc1ccc(CCc2ccc(NC(=O)CCCCCOC(=O)CCCCCCCC(=O)O*)cc2)cc1,CN(C)C(=N)N=C(N)N,6.5075,-1.2438,120.0300,2.3398,-10.2407,-6.6603,-9.0263,-5.4164,-2.0000,2
*CCCCCCC(=O)NCCCCCNC(=O)CCCCCSCC(=O)NNCCCCCCNC(=O)CCCCCCCCCNC(=O)C*,CN(C)C(=N)N=C(N)N,6.2074,-1.2438,157.5300,2.8426,-10.0510,-6.5336,-9.5303,-6.0978,-3.0000,2
*NC(C)CN(CC)C(=O)NCCCNC(=O)CCCCCCCC(*)=O,CN(C)C(=N)N=C(N)N,1.8010,-1.2438,90.5400,2.9764,-7.4798,-5.5810,-9.3593,-5.8504,-1.0000,2
*NC(=O)c1ccc(C(=O)NCCCCNC(=O)c2ccc(C(=O)OCCCCOCCOCC(*)=CC#N)cc2)cc1,CN(C)C(=N)N=C(N)N,2.7755,-1.2438,155.8500,2.6693,-10.7393,-8.0040,-9.0738,-5.4119,-2.0000,2
*C#CCCC(O)CCOc1ccc(C(=O)OC(=O)c2ccc(C(=O)Oc3ccc(C(=O)O*)cc3)cc2)cc1,CN(C)C(=N)N=C(N)N,4.1444,-1.2438,125.4300,2.9532,-8.5943,-7.8929,-9.5114,-6.1328,-1.0000,2
*OC(=O)Nc1ccc(Cc2ccc(NC(=O)NCCCCCCCCOC(=O)c3ccc(-c4nnc(*)o4)cc3C)c(OC)c2)cc1,CN(C)C(=N)N=C(N)N,7.0534,-1.2438,153.9100,2.8092,-8.0660,-6.8849,-9.5303,-6.0978,-3.0000,2
*CCCCCCCCOC(=O)C(C)S(=O)(=O)CC(=O)O*,CN(C)C(=N)N=C(N)N,1.7780,-1.2438,86.7400,2.8299,-11.3234,-7.6484,-9.4403,-5.9710,-1.0000,2
*NC(C)CCCCC(=O)NC(C)NC(=O)CCCCCCCCCCC(=O)NC(=O)CCCCCCCCCCC(=O)N*,CN(C)C(=N)N=C(N)N,5.4025,-1.2438,145.5000,3.3623,-9.8688,-7.1862,-9.0738,-5.4119,-2.0000,2
*CCCCCCCCCNC(=O)c1ccc(S(=O)(=O)CCOCCCOC(=O)c2ccc(NC(=O)O*)cc2)cc1,CN(C)C(=N)N=C(N)N,5.2943,-1.2438,137.1000,2.4535,-10.8379,-7.7083,-9.4967,-5.9678,-1.0000,2
*CCCCCCOc1ccc(C(=O)Oc2ccc(C(=O)Nc3ccc(*)cc3)cc2)cc1,CN(C)C(=N)N=C(N)N,6.1172,-1.2438,64.6300,1.7717,-10.4358,-7.4872,-9.5114,-6.1328,-1.0000,2
*NNC(=O)c1cc(NC(=O)CCCCCCCCCCCCCCCC(=O)NCCCCCCCNC(=O)C(*)=O)c1,CN(C)C(=N)N=C(N)N,4.1497,-1.2438,145.5000,2.9600,-8.8350,-6.4523,-9.5303,-6.0978,-3.0000,2
*Oc1ccc(Cc2ccc(OC(=O)c3ccc(C(=O)c4ccc(C(=O)c5ccc(*)cc5)c(C)c4)cc3C(=O)OCCC)c(C)c2)cc1,CN(C)C(=N)N=C(N)N,7.8478,-1.2438,95.9700,2.6727,-8.3387,-7.9740,-9.5303,-6.0978,-1.0000,2
*CCSCCCCCCCSS(=O)(=O)C(C)S(=O)(=O)c1ccc(C(=O)N*)cc1,CN(C)C(=N)N=C(N)N,3.6718,-1.2438,97.3800,3.3288,-8.1811,-7.4003,-9.0738,-5.4119,-1.0000,2
*CCCS(=O)(=O)CCCOC(=O)NCCCCCCCNC(=O)c1ccc(C(=O)N/C=C/CC/c2ccc(C(=O)O*)cc2)cc1,CN(C)C(=N)N=C(N)N,4.8825,-1.2438,156.9700,2.8856,-10.4253,-7.7314,-9.3593,-5.8504,-2.0000,2
*Oc1ccc(OC(=O)CCCCCCCCCCCCCC(=O)NCCCCNC(=O)c2ccc(S(=O)(=O)OCCCCCCC(*)=O)cc2)cc1,CN(C)C(=N)N=C(N)N,7.5500,-1.2438,154.1700,2.9360,-10.5538,-7.8373,-9.4179,-5.9999,-1.0000,2
*CCCCCCCCCCCCCOC(=O)CCCCCCCCCC(=O)OCCCCCCCOC(=O)c1ccc(C(=O)N*)cc1,CN(C)C(=N)N=C(N)N,9.8011,-1.2438,108.0000,2.4692,-10.8980,-7.9396,-9.4403,-5.9710,-1.0000,2
*COc1ccc(CCCCCCCCCCCCCCCCCCCCCCCCCCOC(=O)Oc2ccc(-c3ccc(C(=O)O*)cc3)cc2)cc1,CN(C)C(=N)N=C(N)N,14.1809,-1.2438,71.0600,2.5935,-7.7382,-6.7056,-9.5303,-6.0978,-1.0000,2
*CCCCCOC(=O)CCCCCC(=O)OCCCCOC(=O)NCCCCOC(=O)C(=O)O*,CN(C)C(=N)N=C(N)N,3.1279,-1.2438,143.5300,2.5253,-8.7452,-6.4486,-9.5303,-6.0978,-1.0000,2
*CCOCCOCCOCCOCCOC(=O)OCC(=O)c1ccc(NC(=O)O*)cc1,CN(C)C(=N)N=C(N)N,2.1987,-1.2438,127.8500,2.4880,-10.7918,-8.1055,-9.5303,-6.0978,-1.0000,2
*CCCCCCCCCCCCCCCOC(=O)c1ccc(C(=O)OCCCCCCCCCCCC(=O)Nc2ccc(NC(=O)c3ccc(O*)cc3)cc2)cc1,CN(C)C(=N)N=C(N)N,12.5890,-1.2438,120.0300,2.6609,-8.0390,-7.0607,-9.5303,-6.0978,-1.0000,2
*CCCCCCCCCCCCNC(=O)/C=C/C(=O)NCCCC(=O)O*,CN(C)C(=N)N=C(N)N,3.5607,-1.2438,84.5000,2.1980,-10.4049,-7.6867,-8.9803,-5.1653,-2.0000,2
*CCOC(=O)CNC(=O)c1ccc(C(=O)OCCCCCCC(=O)O*)cc1,CN(C)C(=N)N=C(N)N,2.1714,-1.2438,108.0000,1.9324,-10.8349,-7.8804,-9.5303,-6.0978,-2.0000,2
*Nc1cccc(NC(=O)CCCCCCCCC(=O)NCCCCCCCCCCNC(*)=O)n1,CN(C)C(=N)N=C(N)N,4.7061,-1.2438,112.2200,2.5506,-9.8930,-6.6918,-9.5303,-6.0978,-2.0000,2
*NNC(=O)CCCCCCCCCC(=O)Nc1ccc(C(=O)NCCCCCO*)cc1,CN(C)C(=N)N=C(N)N,3.0183,-1.2438,108.5600,2.1318,-10.4489,-7.0917,-9.5303,-6.0978,-2.0000,2
*Oc1ccc(/C=C/c2ccc(OC(=O)c3ccc(OCCC)cc3)cc2OC(=O)CCCCCCCCCCC(=O)Nc2ccc(OC(=O)O*)cc2)c(OCOCCCCCCC)c1,CN(C)C(=N)N=C(N)N,12.3958,-1.2438,154.1500,3.4111,-10.2966,-7.3352,-9.5114,-6.1328,-2.0000,2
*CC(N(C)C(C)CC)C(=O)N=C(C)CCC(=O)NC(C)CNC(=O)S*,CN(C)C(=N)N=C(N)N,2.0170,-1.2438,90.8700,4.2276,-7.1357,-6.4786,-9.5303,-6.0978,-1.0000,2
*CCCCCCCCCCOc1ccc(/C(=N\CCCc2ccccc2)CSCC(=O)Oc2ccc(NC(=O)O*)cc2)cc1,CN(C)C(=N)N=C(N)N,9.0567,-1.2438,86.2200,2.7294,-7.1723,-6.8652,-9.5114,-6.1328,-1.0000,2
*OC(=O)c1ccc(OC(=O)c2ccc(C(=O)NCC(*)=O)cc2)cc1,CN(C)C(=N)N=C(N)N,1.5327,-1.2438,98.7700,1.9176,-11.1827,-8.3385,-9.5303,-6.0977,-2.0000,2
*OCCCCCCOC(=O)Nc1ccc(-c2ccc(N(C)C(=O)Oc3ccc(O*)cc3)cc2)cc1,CN(C)C(=N)N=C(N)N,5.7956,-1.2438,86.3300,2.3245,-10.1137,-6.7066,-9.4967,-5.9678,-1.0000,2
*CC(CCCCCCCOC(=O)Cc1ccc(C(=O)O*)cc1)Oc1c(OC(C)CCCC)cc1OC,CN(C)C(=N)N=C(N)N,6.5670,-1.2438,80.2900,3.5880,-6.4018,-5.1707,-9.5114,-6.1328,-1.0000,2
*CCCCCCCCCCOC(=O)Nc1ccc(CCCSCCCNC(=O)c2ccc(C(=O)N*)cc2)cc1,CN(C)C(=N)N=C(N)N,6.9606,-1.2438,96.5300,2.4137,-7.5137,-6.6630,-9.5303,-6.0978,-1.0000,2
*CCCCCCCCCCCCCCCCCCCCCCCCCCCSCCCCCCCOC(=O)CCCCCC(=O)OCCCOCCC(=O)COCCCCOC(=O)CCCC(=O)O*,CN(C)C(=N)N=C(N)N,15.4402,-1.2438,140.7300,3.3909,-7.5549,-7.0743,-9.5303,-6.0978,-1.0000,2
*C(=O)CCCCCCCCCCC(=O)NCCCCCCCCCCCCCCNC(=O)C(=O)N*,CN(C)C(=N)N=C(N)N,5.4852,-1.2438,104.3700,2.4101,-10.4444,-7.3825,-9.4403,-5.9710,-1.0000,2
*OC(C)COc1ccc(NC(=O)CCCCCCC(=O)NCCOP(=O)(O*)Oc2ccc(/N=N/c3ccc(/N=C(/C)OCCCCCCCCC)cc3)cc2)cc1,CN(C)C(=N)N=C(N)N,10.2700,-1.2438,167.7300,4.1264,-8.3175,-6.7673,-9.5303,-6.0978,-1.0000,2
*CCCCCCCCCCC[Si](CO)(C#N)Cc1ccc(OCCCCOc2ccc(O*)cc2-c2ccc([N+](=O)[O-])s2)o1,CN(C)C(=N)N=C(N)N,8.5155,-1.2438,127.9900,3.9755,-8.8807,-7.1839,-8.9803,-5.1653,-1.0000,2
*CCCCCCOC(=O)NCCCCCCNC(=O)COc1ccc(-c2ccc(C(=O)Oc3ccc(O*)cc3)c(Br)c2O)cc1,CN(C)C(=N)N=C(N)N,7.1084,-1.2438,132.4200,2.7674,-10.6320,-7.4755,-9.4403,-5.9710,-3.0000,2
*COc1ccc(C(=O)NCCCNC(=O)c2ccc(C(=O)O*)cc2)cc1,CN(C)C(=N)N=C(N)N,1.9433,-1.2438,93.7300,1.6638,-8.0598,-6.8825,-9.5303,-6.0978,-1.0000,2
*CCCCCNC(=O)Cc1ccc(Cc2ccc(C(=O)NC(=O)C(C)c3ccc(C(*)=O)cc3)cc2)cc1,CN(C)C(=N)N=C(N)N,4.9989,-1.2438,92.3400,2.7706,-8.2923,-7.8224,-9.4403,-5.9710,-1.0000,2
*Nc1ccc(NC(=O)c2ccc(OC(=O)CCCCCCCCCC(=O)Nc3ccc(NC(=O)c4ccc(*)cc4)cc3)cc2)cc1C,CN(C)C(=N)N=C(N)N,8.1368,-1.2438,125.6300,2.4238,-7.2506,-6.7600,-9.5114,-6.1328,-1.0000,2
*CCOC(=O)OCCCCCCCCCCCCCCCOc1ccc(-c2ccc(OC(=O)O*)cc2)cc1,CN(C)C(=N)N=C(N)N,9.0336,-1.2438,80.2900,2.3598,-10.2360,-6.7241,-9.5114,-6.1328,-1.0000,2
*c1ccc(NC(=O)c2ccc(OCCCOC(=O)c3ccc(C(*)=O)cc3C(C)C)cc2)cc1,CN(C)C(=N)N=C(N)N,5.5007,-1.2438,81.7000,2.1597,-8.3044,-7.1023,-9.0263,-5.4164,-1.0000,2
*CCCCOc1ccc(C(=O)NCCNC(=O)CCCCCCCC(=O)Nc2ccc(-c3ccc(O*)cc3)cc2)cc1,CN(C)C(=N)N=C(N)N,6.4535,-1.2438,105.7600,2.2952,-9.8963,-7.2225,-9.4403,-5.9710,-2.0000,2
*Cc1ccc(CSC(=O)CCCCCCCCCCCCCC(=O)c2ccc(C(=O)OCCCOC(=O)c3ccc(C(=O)Nc4ccc(OC(=O)c5ccc(O*)cc5)c(C)c4)cc3)cc2)cc1,CN(C)C(=N)N=C(N)N,12.5984,-1.2438,151.3700,3.3220,-8.0201,-7.5524,-9.4967,-5.9678,-1.0000,2
*CCCCOc1ccc(C(NC(=O)OCC)c2ccc(C(*)=O)cc2)cc1,CN(C)C(=N)N=C(N)N,4.5135,-1.2438,64.6300,2.5013,-7.9997,-6.6906,-9.0738,-5.4119,-1.0000,2
*OCCCCCCOC(=O)SCCCCCCCCSSCC(=O)O*,CN(C)C(=N)N=C(N)N,5.2155,-1.2438,61.8300,2.8597,-10.3769,-7.3616,-9.2334,-5.4206,-1.0000,2
*Oc1ccc(OC(=O)c2ccc(C(=O)OCCCCCCCCCCCCCOC(*)=O)cc2)cc1,CN(C)C(=N)N=C(N)N,6.2323,-1.2438,88.1300,2.3531,-8.1922,-6.9683,-9.5114,-6.1328,-1.0000,2
*CCCCCCCCCCCOc1ccc(/C=C/c2ccc(OCCCS(=O)(=O)O*)cc2)cc1,CN(C)C(=N)N=C(N)N,7.4233,-1.2438,61.8300,2.2593,-9.8109,-6.7236,-9.4403,-5.9710,-1.0000,2
*OC(C)SC(=O)c1ccc(C(C)(C)c2ccc(C(=O)NCCCCCCNC(*)=O)cc2)cc1,CN(C)C(=N)N=C(N)N,4.2604,-1.2438,84.5000,3.1552,-10.5329,-7.7313,-9.4967,-5.9678,-1.0000,2
*CCCCCCCNC(=O)CCCCCC(=O)NCCCCCSCCCCNC(=O)CCCCCCCCCCCCCCCCC(=O)NCO*,CN(C)C(=N)N=C(N)N,9.2472,-1.2438,125.6300,2.7126,-9.7679,-5.8580,-9.5114,-6.1328,-3.0000,2
*Oc1ccc(Cc2ccc(NC(=O)c3ccc(C(=O)NC(*)=O)cc3C(C)C)cc2Br)cc1,CN(C)C(=N)N=C(N)N,5.0074,-1.2438,84.5000,2.5068,-8.2002,-7.3303,-9.0173,-5.2053,-1.0000,2
*CCCCCCCCCCCCCSCCCCNC(=O)CCCCCC(=O)NCCCCCNC(=O)CCCCCCCCCCCCCC(=O)N*,CN(C)C(=N)N=C(N)N,10.8368,-1.2438,116.4000,2.6577,-9.6263,-5.6625,-9.0263,-5.4164,-3.0000,2
*CCCCCCCCC(=O)NCC1CCCNC(=O)NCCCNC(=O)CCCCC1*,CN(C)C(=N)N=C(N)N,4.0192,-1.2438,99.3300,3.4977,-10.3898,-5.8022,-9.5114,-6.1328,-2.0000,2
*CCc1ccc(COC(=O)c2ccc(C(=O)NCCCCCNC(=O)CCCCCC(*)=O)cc2)c([N+](=O)[O-])c1,CN(C)C(=N)N=C(N)N,4.6799,-1.2438,144.7100,2.5184,-8.8265,-7.9156,-9.4180,-5.9999,-1.0000,2
*CCCCCCCCCCCCOC(=O)c1ccc(C(=O)NCCOCCCOCCCOCCOC(=O)c2ccc(C(=O)Nc3ccc(O*)cc3)s2)cc1,CN(C)C(=N)N=C(N)N,8.2005,-1.2438,147.7200,3.0347,-8.3958,-7.8152,-9.4403,-5.9710,-1.0000,2
*Oc1ccc(Oc2ccc(C(=O)c3ccc(Oc4ccc(C(=O)c5ccc(*)cc5)c(C(C)C)c4)cc3)cc2C)cc1C,CN(C)C(=N)N=C(N)N,9.1790,-1.2438,61.8300,2.4575,-7.7161,-6.6075,-9.4967,-5.9678,-1.0000,2
*CCCCCCCCCCOc1ccc(C(C)(C)c2ccc(C(=O)O*)cc2)cc1C(=O)Oc1ccccc1,CN(C)C(=N)N=C(N)N,8.4494,-1.2438,61.8300,2.3327,-10.4245,-7.4776,-9.5303,-6.0978,-1.0000,2
*CCCCCCCCCCCNC(=O)CCCCCOC(=O)c1ccc(S(=O)(=O)O*)cc1,CN(C)C(=N)N=C(N)N,5.2975,-1.2438,98.7700,2.1587,-8.2702,-7.2849,-9.0738,-5.4119,-1.0000,2
*CC(CNC(=O)C(=O)O*)c1ccc(C(=O)Oc2ccc(Cl)cc2)cc1,CN(C)C(=N)N=C(N)N,2.8635,-1.2438,81.7000,2.4284,-10.9992,-8.1943,-9.5303,-6.0978,-2.0000,2
*CCCCCCCCCCC(=O)NC(C)CCC(=O)NC/C(=O)CCCCCCCS(=O)(=O)c1ccc(C(=O)NCC(=O)c2ccc(O*)cc2)cc1,CN(C)C(=N)N=C(N)N,6.6202,-1.2438,164.8100,3.3959,-7.7733,-7.7235,-9.0738,-5.4119,-4.0000,2
*CCCNC(=O)c1ccc(C(=O)NNC[Si](C)(C)c2ccc(CNC(=O)/C=C/C(=O)N*)cc2Cl)cc1,CN(C)C(=N)N=C(N)N,1.5267,-1.2438,128.4300,3.0068,-8.0127,-7.3359,-9.3593,-5.8504,-2.0000,2
*CCC(=O)NNC(=O)c1ccc(Cc2ccc(NC(=O)CCCC(=O)Nc3ccc(C(=O)Oc4ccc(O*)cc4)cc3)cc2)cc1,CN(C)C(=N)N=C(N)N,5.1207,-1.2438,151.9300,2.4695,-10.3961,-7.5029,-9.5114,-6.1328,-5.0000,2
*CC([Ge]C)(CCCCCCOC(=O)O*)c1ccc(/N=N/c2ccc(OC)cc2)cc1,CN(C)C(=N)N=C(N)N,6.7232,-1.2438,69.4800,3.4931,-8.0502,-6.7447,-9.4967,-5.9678,-1.0000,2
*CC(*)Oc1ccc(S(=O)(=O)c2ccc(C(=O)Oc3ccc(C(C)(C)c4ccc(C(=O)O)cc4)cc3)cc2)cc1,CN(C)C(=N)N=C(N)N,6.1614,-1.2438,106.9700,2.2936,-10.9629,-8.1667,-9.4403,-5.9710,-1.0000,2
*CC(Cl)C(*)(C(=O)O)CCCCCOc1ccc(/N=N/c2ccc(/N=N/c3ccc([N+](=O)[O-])cc3)cc2)cc1,CN(C)C(=N)N=C(N)N,8.6929,-1.2438,139.1100,3.6288,-8.4750,-7.2257,-9.4967,-5.9678,-1.0000,2
*CCCCCCCCCNC(=O)CCCCc1ccc(CNC(=O)c2ccc(C(=O)O*)cc2)cc1,CN(C)C(=N)N=C(N)N,5.8944,-1.2438,84.5000,2.0501,-8.0025,-6.8135,-9.4403,-5.9710,-1.0000,2
*CCCCCCCCCCCCCOC(=O)c1ccc(/N=C/c2ccc(C(=O)N*)cc2)cc1,CN(C)C(=N)N=C(N)N,7.0039,-1.2438,67.7600,2.2551,-8.1776,-7.2541,-9.4180,-5.9999,-1.0000,2
*CCCCCCCCOC(=O)SCOCCCCNC(=O)c1ccc(C(=O)N*)cc1,CN(C)C(=N)N=C(N)N,4.4999,-1.2438,93.7300,2.4981,-10.4860,-7.4860,-9.0738,-5.4119,-1.0000,2
*Oc1ccc(C(C(=O)Oc2ccc([N+](=O)[O-])cc2)cc1)Oc1ccc(/C=C/c2ccc(OC/C#N)cc2)cc1NC(=O)NC(=O)CCCCCCC(*)=O,CN(C)C(=N)N=C(N)N,7.3514,-1.2438,196.1900,4.0316,-9.2427,-7.7713,-9.2335,-5.4206,-1.0000,2
*CCOCCOCCN(C)c1ccc(COC(=O)/C=C/c2ccc(S(=O)(=O)c3ccc(O*)cc3)cc2)cc1,CN(C)C(=N)N=C(N)N,4.4709,-1.2438,91.3700,2.5659,-8.1103,-7.0445,-9.0696,-5.2057,-1.0000,2
*C(=O)/C=C/C(=O)OCCCCCCCCCCCC(=O)OCCOC(=O)O*,CN(C)C(=N)N=C(N)N,3.4235,-1.2438,105.2000,2.5718,-9.0944,-6.7535,-9.4403,-5.9710,-1.0000,2
*CNC(=O)OCCCCCCCCCCOC(=O)c1ccc(O*)cc1,CN(C)C(=N)N=C(N)N,4.0258,-1.2438,73.8600,2.0656,-10.8521,-7.2996,-9.5114,-6.1328,-1.0000,2
*CC(CCCCCCCCCCCCOc1ccc(C(=O)O*)c(C(=O)OC)c1)CCCCC,CN(C)C(=N)N=C(N)N,8.0577,-1.2438,61.8300,2.7037,-10.8596,-7.5302,-9.0738,-5.4119,-1.0000,2
*CCOCCOCCOCCOCCOCCOCCCOCOC(=O)c1ccc(C(=O)O*)cc1,CN(C)C(=N)N=C(N)N,2.0253,-1.2438,117.2100,2.6193,-8.4150,-7.0052,-9.5114,-6.1328,-1.0000,2
*Oc1ccc(/C=N/c2ccc(OCCCCCCCCCCCOC(=O)c3ccc(Sc4ccc(C(*)=O)cc4)cc3)cc2)cc1,CN(C)C(=N)N=C(N)N,9.8532,-1.2438,74.1900,2.7296,-7.8201,-7.4188,-9.5114,-6.1328,-1.0000,2
*CCCCCCCCCCCCCNC(=O)C(O)CCC(C)C(=O)OCCCC(=O)O*,CN(C)C(=N)N=C(N)N,4.5988,-1.2438,101.9300,3.1586,-10.6249,-6.6085,-9.4967,-5.9678,-2.0000,2
*NC(CCCCCC)C(=O)NCCCCCCCCNC(=O)c1ccc(C(*)=O)cc1,CN(C)C(=N)N=C(N)N,3.9834,-1.2438,87.3000,2.5988,-8.3525,-6.9154,-9.0738,-5.4119,-2.0000,2
*CC(CCCCCCCC)C(=O)NCCCCCCNC(Cl)=C(CC)C(=O)N*,CN(C)C(=N)N=C(N)N,4.9850,-1.2438,70.2300,3.1729,-9.8588,-6.1973,-9.5303,-6.0978,-1.0000,2
*CCCCCCN(CCCOC(=O)c1ccc(OC(=O)c2ccc(S(=O)(=O)CCCCCC(=O)O*)cc2)cc1)CCCCCCCCCCCCC,CN(C)C(=N)N=C(N)N,10.0647,-1.2438,116.2800,2.8723,-7.7674,-7.2630,-9.3593,-5.8504,-1.0000,2
*CC(CCCOc1ccc(/C=C/c2ccc([N+](=O)[O-])cc2)cc1)C(=O)O*,CN(C)C(=N)N=C(N)N,4.6449,-1.2438,78.6700,2.5450,-8.7617,-7.2808,-9.4403,-5.9710,-1.0000,2
*/C=C/C(Cl)=CC(=O)Nc1ccc(/C=C/c2ccc(NC(=O)O*)cc2)cc1,CN(C)C(=N)N=C(N)N,5.1941,-1.2438,67.4300,2.9310,-7.8655,-7.1410,-9.5303,-6.0978,-2.0000,2
*CCCCCCCCCOC(=O)OC(C)(C)CCCCCCCC(=O)O*,CN(C)C(=N)N=C(N)N,6.4841,-1.2438,61.8300,2.3283,-11.1659,-6.6075,-9.4403,-5.9710,-1.0000,2
*CCCCCCOC(=O)c1ccc(C(=O)Cc2ccc(C(=O)O*)cc2)cc1,CN(C)C(=N)N=C(N)N,4.5473,-1.2438,69.6700,1.8403,-8.3984,-7.5375,-9.0738,-5.4119,-1.0000,2
*Oc1ccc(NC(=O)CCCCCCCCCCCCCCC(=O)Oc2ccc(OC(*)=O)cc2)cc1,CN(C)C(=N)N=C(N)N,6.9329,-1.2438,90.9300,2.3825,-10.1065,-7.4330,-9.4403,-5.9710,-2.0000,2
*/C=C/c1ccc(NC(=O)CCCCCCCCCCCCC(=O)NCCCCCCNC(=O)c2ccc(C(=O)N*)cc2)cc1,CN(C)C(=N)N=C(N)N,7.1548,-1.2438,116.4000,2.8111,-7.6085,-6.8395,-9.4967,-5.9678,-2.0000,2
*CCCCCCCCCCCCCCCCCCCNC(=O)CCCC(=O)NCCCCC(=O)N*,CN(C)C(=N)N=C(N)N,6.6963,-1.2438,87.3000,2.1434,-10.2818,-5.8737,-9.5303,-6.0977,-2.0000,2
*C/N=N/C=C/C(=O)OCCCCCCCOC(=O)CCCCC(=O)OCCC(=O)O*,CN(C)C(=N)N=C(N)N,3.1973,-1.2438,129.9200,2.9240,-8.9155,-6.8736,-9.5303,-6.0978,-1.0000,2
*C(=O)Nc1ccc(-c2ccc(NC(=O)NCCOCCO*)cc2)s1,CN(C)C(=N)N=C(N)N,2.1138,-1.2438,88.6900,2.5218,-9.9240,-7.1427,-9.4967,-5.9678,-2.0000,2
*CCCCCCCCCCCNC(=O)CCCCC(=O)NCc1ccc(CCNC(=O)/C=C/C(=O)Nc2ccc(O*)cc2)cc1,CN(C)C(=N)N=C(N)N,6.0694,-1.2438,125.6300,2.5903,-7.9426,-6.3922,-9.5303,-6.0978,-3.0000,2
*CCC(=O)Nc1ccc(C(=O)OCC(C#N)c2ccc(O*)cc2)cc1CCCCCCC,CN(C)C(=N)N=C(N)N,5.7178,-1.2438,88.4200,2.9526,-10.6350,-7.5040,-9.4403,-5.9710,-1.0000,2
*CCCCCCCCCCCCCCCCCOC(=O)CCCCCCCC(=O)SNC(C)CCCCCNC(=O)CCC(=O)O*,CN(C)C(=N)N=C(N)N,9.8260,-1.2438,110.8000,3.4340,-9.6961,-7.0173,-9.5303,-6.0978,-2.0000,2
*CCOCCOc1ccc(C(=O)OCCOC(=O)Nc2ccc(*)cc2)cc1,CN(C)C(=N)N=C(N)N,3.5074,-1.2438,83.0900,1.9028,-10.5242,-7.3627,-9.2334,-5.4206,-1.0000,2
*CCCCCCCCCCCCCCCCCCCCSCCCC(=O)NCCCCCCCNC(=O)CC(=O)NCCCNC(=O)CCCNC(=O)CO*,CN(C)C(=N)N=C(N)N,7.6257,-1.2438,154.7300,2.8872,-9.6010,-6.6394,-9.5303,-6.0978,-3.0000,2
*CCCCCCCCCCCCCCCCCCCCCCCCCCNC(=O)CCCCCCCCCC(=O)NCCCCCCNC(=O)CCCCCCCCC(=O)N*,CN(C)C(=N)N=C(N)N,14.3947,-1.2438,116.4000,2.5850,-10.1979,-5.8098,-9.4403,-5.9710,-2.0000,2
*Oc1ccc(CCC(=O)Nc2ccc(Oc3ccc(C(=O)c4ccc(*)c(C)c4)cc3C)cc2Br)cc1C,CN(C)C(=N)N=C(N)N,7.6746,-1.2438,64.6300,2.3591,-7.7938,-7.0875,-9.4403,-5.9710,-1.0000,2
*CCCCCCCNC(=O)OCCCCCCCCCCCCCCCCCOc1ccc(C(=O)NCCNC(=O)S*)cc1,CN(C)C(=N)N=C(N)N,8.9827,-1.2438,105.7600,2.6865,-10.6580,-7.0903,-9.0738,-5.4119,-2.0000,2
*CCCCCCCCCC(=O)NNSCCNC(=O)CCSCCC(=O)N(*)C,CN(C)C(=N)N=C(N)N,2.7717,-1.2438,90.5400,2.8678,-9.4709,-6.1526,-9.5114,-6.1328,-2.0000,2
*Oc1c(*)cc(C(=O)OCCCCCCOCCOCCO)cc1O,CN(C)C(=N)N=C(N)N,1.8405,-1.2438,94.4500,2.2290,-10.5970,-7.3643,-9.5303,-6.0978,-1.0000,2
*Nc1ccc(SC(=O)Nc2ccc(C(=O)OC(*)=O)cc2)cc1C,CN(C)C(=N)N=C(N)N,3.2146,-1.2438,84.5000,2.5946,-8.4666,-7.5924,-9.4403,-5.9710,-1.0000,2
*CCCCCCC/C(=C/c1ccc(OCCOC(=O)CCc2ccc(C(=O)O*)cc2)cc1)CCCCC,CN(C)C(=N)N=C(N)N,8.2638,-1.2438,61.8300,2.4058,-7.6029,-6.7443,-9.4403,-5.9710,-1.0000,2
*CCCCCCCCCCCCNC(=O)c1ccc(CC(=O)NCCCCCCNC(=O)C(=O)NCCO*)cc1,CN(C)C(=N)N=C(N)N,3.7811,-1.2438,125.6300,2.4263,-10.4417,-7.3395,-9.0263,-5.4164,-4.0000,2
*Oc1ccc(OCCNC(=O)c2ccc(OCCCCCCCCCCCCCCCCC(*)=O)cc2)cc1,CN(C)C(=N)N=C(N)N,7.6302,-1.2438,73.8600,2.3375,-9.9460,-7.3203,-9.0738,-5.4119,-1.0000,2
*CCCCCCCCC(=O)OCCOc1ccc(CNC(=O)c2ccc(C(=O)O*)cc2)c(C(F)(F)F)c1,CN(C)C(=N)N=C(N)N,6.0062,-1.2438,90.9300,2.3369,-10.7415,-7.9294,-9.4967,-5.9678,-1.0000,2
*CCCCCC#CCCCCCS(=O)(=O)CCC(C)C(=O)NCCCCCCCNC(*)=O,CN(C)C(=N)N=C(N)N,4.3842,-1.2438,92.3400,3.3878,-10.2680,-6.1554,-9.4403,-5.9710,-2.0000,2
*CCOC(=O)OCCCCOC(=O)/C=N/C=C/c1ccc(O*)cc1,CN(C)C(=N)N=C(N)N,2.9302,-1.2438,83.4200,2.7934,-7.8648,-6.6399,-9.2335,-5.4206,-1.0000,2
*CCC[Se](=O)CCCCCC(=O)NCCNC(=O)SC(=O)S*,CN(C)C(=N)N=C(N)N,2.9876,-1.2438,92.3400,4.1235,-8.5239,-7.1102,-9.5114,-6.1328,-2.0000,2
*CCCNC(=O)CCCCCCCCCCCCC(=O)NCCNC(=O)CCCCCCCCCCCCCNC(=O)C(=O)N*,CN(C)C(=N)N=C(N)N,5.7089,-1.2438,145.5000,2.4138,-10.5132,-7.3973,-9.4403,-5.9710,-1.0000,2
*CC(OCCCCCCCOC(=O)c1ccc(C(=O)O*)cc1)OCCCOc1ccc(/N=N/c2ccc(OC)cc2)cc1,CN(C)C(=N)N=C(N)N,7.7644,-1.2438,114.2400,3.1340,-8.0689,-6.8351,-9.5303,-6.0978,-1.0000,2
*CCCCCCCCCCCCCCCCOc1ccc(C(=O)NCNC(=O)c2ccc(C(=O)/C=C/CC(=O)O*)cc2)cc1,CN(C)C(=N)N=C(N)N,7.8776,-1.2438,110.8000,2.6806,-8.2429,-7.2197,-9.0648,-5.4207,-1.0000,2
*CCCCCCCCCCCCCOC(=O)NCCCCSCCNC(=O)C(=O)OCCCCCCCOCS(=O)(=O)O*,CN(C)C(=N)N=C(N)N,6.0088,-1.2438,146.3300,3.0161,-8.0235,-5.6836,-9.5114,-6.1327,-3.0000,2
*O[Si](C)(CCCCc1ccc(-c2ccc(OC(=O)Cc3ccccc3)cc2)cc1)OC(=O)CCCCCCCCCCCCCCC(=O)Nc1ccc(*)cc1,CN(C)C(=N)N=C(N)N,11.5320,-1.2438,90.9300,3.4249,-10.3804,-6.8743,-9.0648,-5.4206,-1.0000,2
*CCCN(C)C(=O)CCCCCC(=O)NCCCOc1ccc(CNC(=O)O*)cc1,CN(C)C(=N)N=C(N)N,3.1582,-1.2438,96.9700,2.2047,-10.2384,-6.3259,-9.0263,-5.4164,-1.0000,2
*Oc1ccc(NC(=O)c2ccc(OC(=O)Oc3ccc(C(*)=O)cc3OCCCCCC)cc2)cc1,CN(C)C(=N)N=C(N)N,5.9939,-1.2438,100.1600,2.2691,-8.2621,-7.4812,-9.5114,-6.1328,-2.0000,2
*CCCCCCCCCCCCCNC(=O)CCCCCOC(=O)CCCCCCCCCC(=O)S*,CN(C)C(=N)N=C(N)N,8.4845,-1.2438,72.4700,2.4901,-10.5522,-7.3299,-8.9803,-5.1653,-2.0000,2
*Oc1cc(C(=O)SCCCC=COCCCCCCCCCCCC(*)=O)ccc1OC,CN(C)C(=N)N=C(N)N,6.6846,-1.2438,61.8300,2.8854,-7.9576,-7.3461,-9.5114,-6.1328,-1.0000,2
*CCC(O)COCCN(C)C(=O)NCCCCCCNC(=O)NCCCc1ccc(NC(=O)O*)cc1,CN(C)C(=N)N=C(N)N,2.9976,-1.2438,141.2600,3.0240,-9.8352,-6.2176,-9.5303,-6.0978,-1.0000,2
*CCCCCCCCOC(=O)C(CCCCC)C(=O)OCCCCCOC(=O)c1ccc(C(=O)O*)cc1,CN(C)C(=N)N=C(N)N,6.3553,-1.2438,105.2000,2.8584,-11.2458,-8.2520,-9.5303,-6.0977,-1.0000,2
*Nc1ccc(Cc2ccc(NC(=O)CCCCCCCCCC(=O)Nc3ccc(*)o3)cc2)cc1,CN(C)C(=N)N=C(N)N,6.5407,-1.2438,83.3700,2.3226,-9.6834,-6.4730,-9.3593,-5.8504,-1.0000,2
*Oc1ccc(C(=O)c2ccc(NC(=O)S(=O)(=O)c3ccc(C(*)=O)cc3)cc2)cc1,CN(C)C(=N)N=C(N)N,3.4415,-1.2438,106.6100,2.2655,-8.8250,-8.2500,-9.4403,-5.9710,-1.0000,2
*Oc1cccc(Oc2ccc(OC(=O)c3ccc(C(*)=O)cc3OCCCCC)cc2)c1C,CN(C)C(=N)N=C(N)N,6.0936,-1.2438,71.0600,2.2960,-8.4776,-7.0403,-9.0738,-5.4119,-1.0000,2
*CCCCCCNC(=O)NCCCCCNC(=O)C(=O)NCCCCCCCCCC(=O)N(C)CCCCCCCCS*,CN(C)C(=N)N=C(N)N,6.1182,-1.2438,119.6400,2.7338,-9.9974,-7.0629,-9.3593,-5.8504,-3.0000,2
*CCCCCCCCCCCCCCNC(=O)NNCCCCCNC(=O)CCCNC(=O)C(C)CCCCCCC(=O)N*,CN(C)C(=N)N=C(N)N,6.1362,-1.2438,140.4600,3.2655,-10.0712,-5.6476,-9.4403,-5.9710,-1.0000,2
*CCCCCCCSC(=O)SCCCCOCCCCCCCCNC(=O)CCC(=O)O*,CN(C)C(=N)N=C(N)N,6.6616,-1.2438,81.7000,2.6880,-7.9064,-6.4737,-9.5303,-6.0978,-1.0000,2
*OC(C)C(=O)Nc1ccccc1C(=O)O[Si](*)(C)CC(C)(C)C,CN(C)C(=N)N=C(N)N,2.5624,-1.2438,64.6300,3.7147,-10.5866,-7.8084,-9.5303,-6.0978,-1.0000,2
*NC(C)C(=O)NCCCCCNC(=O)NCCCCCC(=O)NCCCCNC(=O)NCCCCCCCOC(=O)CCCCCO*,CN(C)C(=N)N=C(N)N,2.7217,-1.2438,188.0200,3.2348,-9.9939,-6.3695,-9.4403,-5.9710,-5.0000,2
*CC(=O)c1ccc(C(=O)NNc2cccc(O*)c2)cc1,CN(C)C(=N)N=C(N)N,2.3517,-1.2438,67.4300,1.8415,-8.1110,-6.8335,-9.4967,-5.9678,-1.0000,2
*CCCCCCCCCCCOC(=O)CCSCCCCCCCCCCCCP(=O)(O*)O,CN(C)C(=N)N=C(N)N,8.2624,-1.2438,72.8300,2.6164,-9.7074,-6.5646,-9.5114,-6.1328,-2.0000,2
*CCCCCCCOc1ccc(C(=O)Oc2ccc(C(=O)NCCCCCCNC(=O)c3ccc(C(=O)O*)cc3)cc2)cc1,CN(C)C(=N)N=C(N)N,6.6734,-1.2438,120.0300,2.3189,-7.9457,-7.4696,-9.4967,-5.9678,-2.0000,2
*CCCCCC(=O)NCCCCCCNC(=O)c1ccc(C(=O)Oc2ccc(NC(=O)CCCCCCCC(=O)Nc3ccc(C(=O)O*)cc3)cc2)cc1,CN(C)C(=N)N=C(N)N,7.8986,-1.2438,169.0000,2.6538,-8.0182,-7.6312,-9.4403,-5.9710,-5.0000,2
*CCCCCCCCCCCCCCCCOC(=O)OCCCCCCCCOC(=O)NCCCO*,CN(C)C(=N)N=C(N)N,8.0701,-1.2438,83.0900,2.3988,-10.7274,-6.0020,-9.5303,-6.0978,-1.0000,2
*NC(CC(=O)NCCCCCCCNC(=O)/C=C/c1ccc(/N=C(\C)c2ccc(*)cc2)cc1)c1ccccc1,CN(C)C(=N)N=C(N)N,6.1135,-1.2438,82.5900,2.9897,-7.3936,-7.0739,-9.4967,-5.9678,-2.0000,2
*CCCCCCCCOC(=O)c1ccc(C(=O)NCCCCCNC(=O)OC(=O)S*)cc1,CN(C)C(=N)N=C(N)N,4.8800,-1.2438,110.8000,2.4232,-10.7813,-7.8803,-9.5303,-6.0978,-1.0000,2
*CCCCCCCCCCCOC(=O)/CC=C/[Si](/*)(CCCCCC#N)c1ccc(O)cc1,CN(C)C(=N)N=C(N)N,6.4698,-1.2438,70.3200,3.7453,-10.2502,-6.4860,-9.4403,-5.9710,-1.0000,2
*CCCCCCCCCCCCCCCCCCOC(=O)c1ccc(CCCCCCCCCCCOC(=O)CCCCC(=O)O*)cc1,CN(C)C(=N)N=C(N)N,12.3465,-1.2438,78.9000,2.5526,-10.8864,-7.2997,-9.5303,-6.0978,-1.0000,2
*CCCCC(=O)OCC(C#N)SC(=O)O*,CN(C)C(=N)N=C(N)N,2.0232,-1.2438,76.3900,3.4825,-11.5634,-7.9949,-9.4967,-5.9678,-1.0000,2
*CCCCNC(=O)C(CCCCCCCCCCCCCCCCC)C(=O)NCCCCCNC(=O)CCCCCCCCCCC(=O)N*,CN(C)C(=N)N=C(N)N,9.5694,-1.2438,116.4000,3.0878,-10.5301,-6.0857,-9.4967,-5.9678,-2.0000,2
*CCCCCCCCCCCCCCCCNC(=O)CCCCCC(=O)N(*)C(CN)CCCCCCCC,CN(C)C(=N)N=C(N)N,8.7285,-1.2438,75.4300,2.8437,-10.1114,-5.7015,-9.4403,-5.9710,-1.0000,2
*CCN(*)C(=O)c1ccc(COC(=O)Oc2ccc(C(F)(F)F)cc2-c2ccc([N+](=O)[O-])cc2)cc1,CN(C)C(=N)N=C(N)N,5.7459,-1.2438,98.9800,2.3363,-9.1928,-7.9868,-9.4403,-5.9710,-1.0000,2
*Oc1ccc(OC(=O)NNC(=O)Oc2ccc(*)cc2)cc1,CN(C)C(=N)N=C(N)N,2.1842,-1.2438,85.8900,2.0187,-10.6714,-6.6082,-9.5303,-6.0978,-3.0000,2
*CCCCCCCCCCSC(=O)Oc1ccc(/C=N/c2ccc(/N=N/c3ccc(CCCCNC(=O)O*)cc3)cc2)cc1,CN(C)C(=N)N=C(N)N,10.8156,-1.2438,101.7100,3.0343,-7.9753,-7.3023,-9.0738,-5.4119,-1.0000,2
*CC(*)C(=O)Oc1ccc(COC(=O)O)cc1C,CN(C)C(=N)N=C(N)N,2.5050,-1.2438,72.8300,2.1213,-11.0184,-6.7644,-9.5303,-6.0978,-1.0000,2
*C(=O)NCCCSCC[Si](C)(C)COc1ccc(C(=O)OC(=O)c2ccc(C(*)=O)cc2)cc1,CN(C)C(=N)N=C(N)N,3.9920,-1.2438,98.7700,3.0678,-8.7298,-7.9025,-9.0263,-5.4164,-1.0000,2
*OC(=O)CCCCC(CC)CCS(=O)(=O)CCCCCCC(=O)NC(=O)N*,CN(C)C(=N)N=C(N)N,2.6079,-1.2438,118.6400,2.9888,-10.9082,-6.9545,-9.2335,-5.4206,-1.0000,2
*CCCCCCCCOc1ccc(C(=O)Nc2ccc(C(=O)OCCCCCCCOc3ccc(-c4cnc(*)s4)cc3)cc2)o1,CN(C)C(=N)N=C(N)N,9.5810,-1.2438,99.8900,2.7998,-10.2131,-7.6002,-9.0648,-5.4207,-1.0000,2
*CCCCCCCCCCCNC(=O)C/C=C/C=C/C(=O)NC(=O)CCCCCCCCCC(=O)N*,CN(C)C(=N)N=C(N)N,5.7749,-1.2438,104.3700,2.7392,-10.6569,-7.9115,-9.0738,-5.4119,-1.0000,2
*CCOCCOC(=O)N/C=C/c1ccc(CNCC(=O)CCCCCCCCCCCCCCCCC(=O)O*)cc1,CN(C)C(=N)N=C(N)N,7.4049,-1.2438,102.9600,2.8227,-7.1083,-6.5650,-9.4403,-5.9710,-2.0000,2
*CC(O)COc1ccc(Oc2ccc(OC)cc2)cc1OC(=O)c1ccc(-c2ccc(C(=O)O*)cc2)cc1,CN(C)C(=N)N=C(N)N,5.8315,-1.2438,100.5200,2.6446,-7.8900,-7.3964,-9.4403,-5.9710,-1.0000,2
*OC(=O)CCCCC(=O)Oc1ccc(OCCCCCCCCCOc2ccc(/C=N/c3ccc(*)cc3)cc2)cc1,CN(C)C(=N)N=C(N)N,8.1761,-1.2438,83.4200,2.4531,-7.3870,-6.7660,-9.0263,-5.4164,-1.0000,2
*c1ccc(OC(=O)Cc2ccc(/C=N/c3ccc(*)cc3)c(C(=O)O)c2)cc1C,CN(C)C(=N)N=C(N)N,4.5919,-1.2438,75.9600,2.2692,-7.8615,-7.1479,-9.5303,-6.0978,-1.0000,2
*Oc1cc(OCCCCCCCCCC)c(OC(=O)C)cc1OC(=O)c1ccc(CCNC(=O)c2ccc(*)nc2)cc1,CN(C)C(=N)N=C(N)N,6.4237,-1.2438,113.0500,2.5615,-10.4050,-7.7132,-9.0738,-5.4119,-1.0000,2
*Nc1ccc(Cc2ccc(Oc3ccc(NC(=O)c4ccc(C(*)=O)cc4)c(C(C)(C)C)c3)cc2)cc1,CN(C)C(=N)N=C(N)N,7.0142,-1.2438,67.4300,2.2943,-8.3829,-6.9758,-9.4403,-5.9710,-1.0000,2
*CCSCC(=O)NCCCCCCNC(=O)CCCCCCCCC(=O)NCCCCO*,CN(C)C(=N)N=C(N)N,3.5418,-1.2438,96.5300,2.3715,-9.9092,-6.2703,-9.5303,-6.0978,-2.0000,2
*CCCCCCCNC(=O)NCCCCCCCCNC(=O)CCCCCCCCCCC(=O)NCCCCNC(=O)CCCCO*,CN(C)C(=N)N=C(N)N,6.7890,-1.2438,137.6600,2.4074,-10.3566,-5.8472,-9.4403,-5.9710,-2.0000,2
*CCCCCCCCNC(=O)/C=C/CCCCCCCNC(=O)/C=C/C(=O)N*,CN(C)C(=N)N=C(N)N,3.5176,-1.2438,87.3000,2.5061,-7.8517,-6.7282,-9.5303,-6.0977,-2.0000,2
*CCCCCCCCCNC(=O)CCCCCCC(=O)NCCCCCCCCOCCCCNC(=O)CCC(=O)N*,CN(C)C(=N)N=C(N)N,5.8291,-1.2438,125.6300,2.4377,-10.3469,-5.8115,-9.4403,-5.9710,-2.0000,2
*OC(=O)CCCC(=O)OCCCCCOC(=O)CCCCCCCCCCC(=O)OC(=O)c1ccc(C(=O)O*)cc1,CN(C)C(=N)N=C(N)N,5.4808,-1.2438,148.5700,2.5069,-11.2151,-8.6240,-9.4403,-5.9710,-2.0000,2
*CCCCCCCCCCCCCCNCn1ccc(=NC(=O)NC(=O)CC(=O)Nc2ccc(Cc3ccc(NC(=O)O*)cc3)cc2)cc1,CN(C)C(=N)N=C(N)N,7.5827,-1.2438,142.9200,3.2307,-10.1470,-7.3717,-9.0738,-5.4119,-1.0000,2
*CCCCCCCCCC(=O)SCc1ccc(Cc2ccc(NNC(=O)/C=C/N=C/c3ccc(C(=O)N*)cc3)cc2)cc1,CN(C)C(=N)N=C(N)N,7.3527,-1.2438,99.6600,3.0106,-8.4246,-7.6853,-9.5114,-6.1328,-2.0000,2
*CC(=O)NCCCNC(=O)Cc1ccc(C(=O)NCCc2ccc(NC(=O)O*)cc2)cc1,CN(C)C(=N)N=C(N)N,1.9339,-1.2438,125.6300,2.0781,-10.2981,-6.8316,-9.4403,-5.9710,-1.0000,2
*OS(=O)(=O)c1ccc(C(=O)OC(=O)CCN(*)c2ccc(-c3ccc(C(=O)O)cc3)cc2)c(OC)c1C,CN(C)C(=N)N=C(N)N,3.8011,-1.2438,136.5100,2.5332,-8.4503,-7.6193,-9.5114,-6.1328,-2.0000,2
*CCCCCCCCCNC(=O)CCCC(=O)NCCSCCCCCNC(=O)CCCCCCC(=O)N*,CN(C)C(=N)N=C(N)N,4.9853,-1.2438,116.4000,2.5176,-10.1784,-5.9936,-9.4403,-5.9710,-1.0000,2
*C(=O)CCCCCC(=O)NCc1ccc(CNC(=O)c2ccc(NC(*)=O)cc2)cc1,CN(C)C(=N)N=C(N)N,2.9505,-1.2438,104.3700,2.2003,-10.6440,-7.5001,-9.4403,-5.9710,-1.0000,2
*CC(*)C(=O)NCCCCCCOc1ccc(S(=O)(=O)Oc2ccc(Oc3ccc(C(=O)OCCCCCCCCCCCCCC)cc3)cc2)cc1,CN(C)C(=N)N=C(N)N,10.5699,-1.2438,117.2300,2.7694,-10.6896,-7.3005,-9.0738,-5.4119,-1.0000,2
*CCCCCCCCCCCCCCCCCCCCCCCCCCCCCCCCCCCC(=O)NCCCCNC(=O)CCCCO*,CN(C)C(=N)N=C(N)N,13.4449,-1.2438,67.4300,2.3251,-10.3791,-6.1834,-9.5114,-6.1327,-1.0000,2
*OC(=O)CCCCCCCCCCCCCC(=O)OCc1ccc(/C=C/c2ccc(OC(*)=O)cc2)cc1,CN(C)C(=N)N=C(N)N,7.5913,-1.2438,78.9000,2.4756,-10.5056,-7.4941,-9.5303,-6.0978,-1.0000,2
*CCNC(=O)CNc1ccc(C(=O)Nc2ccc(NC(=O)c3ccc(C(=O)NCc4ccc(-c5ccc(NC(=O)Nc6ccc(*)cc6)cc5)cc4)cc3)cc2)cc1,CN(C)C(=N)N=C(N)N,7.9802,-1.2438,169.5600,2.5304,-7.6726,-6.9628,-9.4967,-5.9678,-2.0000,2
*CC=C(COCOC(=O)c1ccc(OCCCOC(=O)CCN)cc1)C(=O)O*,CN(C)C(=N)N=C(N)N,1.5093,-1.2438,123.3800,2.6623,-7.7099,-7.3102,-9.4403,-5.9710,-1.0000,2
*CCCCCCCCCCNC(=O)C(C)C(=O)NCCCCCNC(=O)C(=O)N*,CN(C)C(=N)N=C(N)N,1.7674,-1.2438,116.4000,2.8056,-10.3231,-7.2069,-9.0263,-5.4164,-2.0000,2
*CCOCCOCCOCCOC(=O)Nc1ccc(OC(=O)OCCCCCCCOC(=O)O*)cc1,CN(C)C(=N)N=C(N)N,4.4653,-1.2438,137.0800,2.6191,-10.7421,-6.8017,-9.4180,-5.9999,-2.0000,2
*C(=O)Nc1ccc(NC(=O)NCC#Cc2ccc(C(*)=O)cc2SCCCCCCCCCOC(=O)CCCCCCCCCCCCCC)cc1,CN(C)C(=N)N=C(N)N,10.6978,-1.2438,113.6000,3.2068,-8.1687,-7.0150,-9.0738,-5.4119,-1.0000,2
*OC(=O)Oc1ccc(Oc2ccc(C(=O)OC(C)C)cc2)cc1*,CN(C)C(=N)N=C(N)N,4.1009,-1.2438,71.0600,1.8431,-10.8596,-7.5287,-9.4403,-5.9710,-1.0000,2
*CCCS(=O)(=O)CCCCC(=O)NCCCNC(=O)CCCOC(=O)c1ccc(C(=O)OC(=O)c2ccc(C(=O)Nc3ccc(O*)cc3)cc2)cc1,CN(C)C(=N)N=C(N)N,4.1963,-1.2438,200.3400,2.8814,-8.7095,-8.1912,-9.5114,-6.1328,-3.0000,2
*CC(C)(C)CC(=O)NC(=O)NCCCCCCCCCNC(=O)CCCCCC(=O)NCCCCCCCCCCNC(=O)O*,CN(C)C(=N)N=C(N)N,6.5504,-1.2438,154.7300,2.5943,-10.4761,-6.6942,-9.5114,-6.1328,-1.0000,2
*CC(OCC)OC(=O)NCC(Br)(C(=O)O*)c1ccc(/N=N/c2ccc(/N=N/c3ccc([N+](=O)[O-])cc3)cc2)cc1,CN(C)C(=N)N=C(N)N,7.2091,-1.2438,166.4400,4.0336,-8.8455,-7.5004,-9.4403,-5.9710,-1.0000,2
*CCCCCCC(=O)NCCCCCCCCCCCCNC(=O)CCCCCSCCCCCCCCCCCCCCCC(=O)NCCCCCCNO*,CN(C)C(=N)N=C(N)N,12.5006,-1.2438,108.5600,2.7945,-9.5618,-5.6356,-9.4403,-5.9710,-1.0000,2
*Oc1ccc(OC(=O)c2ccc(Oc3ccc(C(=O)Nc4ccc(NC(=O)c5ccc(*)cc5)cc4)cc3)cc2)cc1,CN(C)C(=N)N=C(N)N,6.9083,-1.2438,102.9600,2.0186,-7.6302,-7.3966,-9.0696,-5.2057,-1.0000,2
*CC(F)(F)COc1ccc(NC(=O)/C=N/c2ccc(NC(=O)O*)cc2)cc1,CN(C)C(=N)N=C(N)N,4.1515,-1.2438,89.0200,2.5252,-8.3952,-6.6256,-9.5303,-6.0978,-2.0000,2
*Sc1ccc(-c2ccc(NC(=O)NCCCNC(*)=O)cc2)cc1C,CN(C)C(=N)N=C(N)N,3.2083,-1.2438,70.2300,2.3846,-9.9876,-6.7875,-9.5303,-6.0978,-3.0000,2
*Oc1c(O)cc(OC(=O)c2ccc(-c3ccc(OC(=O)C(*)C(F)(F)F)cc3)cc2)c(OC)c1,CN(C)C(=N)N=C(N)N,4.8504,-1.2438,91.2900,2.3729,-7.6645,-6.8370,-9.5303,-6.0978,-1.0000,2
*CCCCCCCC(=O)OCCCCCCOC(=O)CCCCCCCOC(=O)CCCCCCCCCCS(=O)(=O)c1ccc(O*)cc1,CN(C)C(=N)N=C(N)N,9.5679,-1.2438,122.2700,2.7040,-10.9307,-6.9202,-9.5303,-6.0978,-1.0000,2
*C(=O)CCCCCCCCCCCCCCCCCCCCCCCCCCCCCCC(=O)NCCCCCNC(=O)S*,CN(C)C(=N)N=C(N)N,11.8142,-1.2438,75.2700,2.5162,-10.5680,-7.3359,-9.0263,-5.4164,-1.0000,2
*CCCCCCCCCCCNC(=O)CCCCCCCCCCCC(=O)NCCCCCCCCNC(=O)CCCCCCCOC(=O)O*,CN(C)C(=N)N=C(N)N,10.5327,-1.2438,122.8300,2.5146,-10.3787,-6.1714,-9.5303,-6.0978,-3.0000,2
*Cc1cccc(OC(=O)c2ccc(C(=O)Oc3ccc(O*)cc3)c(C(F)(F)F)c2)c1,CN(C)C(=N)N=C(N)N,5.1578,-1.2438,61.8300,2.1759,-8.6126,-7.7699,-9.5114,-6.1328,-1.0000,2
*Oc1ccc(Oc2ccc(OC(=O)c3ccc(C(=O)OC(=O)c4ccc(*)cc4)c(C(C)C)c3)cc2)cc1,CN(C)C(=N)N=C(N)N,6.5243,-1.2438,88.1300,2.3361,-8.2565,-7.8849,-9.2335,-5.4206,-1.0000,2
*CCOP(=O)(OC)Oc1ccccc1C(=O)OCCOC(=O)COCCCOC(=O)c1ccc(NC(=O)O*)cc1,CN(C)C(=N)N=C(N)N,3.9100,-1.2438,171.2200,3.2317,-10.9517,-7.9101,-9.3593,-5.8504,-1.0000,2
*CCCCCCCCCCCCCOC(=O)Cc1ccc(CCCCCCCCCCCOC(=O)c2ccc(C(=O)O*)cc2CCCCCCCCCCCCCCCCCC)cc1,CN(C)C(=N)N=C(N)N,17.4959,-1.2438,78.9000,3.0581,-7.9955,-6.6377,-9.5303,-6.0978,-1.0000,2
*CCCCCCCCCCCCCCCOC(=O)C(CCCCCSCC(=O)CCCCCCC(=O)O*)C(=O)OCCCCCC(C)CC,CN(C)C(=N)N=C(N)N,11.6746,-1.2438,95.9700,3.7571,-10.0344,-7.3294,-9.5114,-6.1328,-1.0000,2
*CC(C)CC(=O)N(C)C(F)(F)C(F)(F)C(F)(F)C(F)(F)COC(=O)CC(=O)N(*)C,CN(C)C(=N)N=C(N)N,2.6689,-1.2438,66.9200,3.2452,-11.2842,-7.5383,-9.4180,-5.9999,-1.0000,2
*CNC(=O)CCOC(=O)c1ccc(C(=O)ONCCCCCNC(=O)c2ccc(-c3ccc(C(=O)O*)cc3)cc2)cc1,CN(C)C(=N)N=C(N)N,3.6064,-1.2438,149.1300,2.5481,-8.1773,-7.7374,-9.0173,-5.2053,-1.0000,2
*CCCCCCNC(=O)Cc1ccc(NC(=O)CCCCCCCCCCC(=O)NCCCCNC(=O)*)cc1,CN(C)C(=N)N=C(N)N,5.4075,-1.2438,116.4000,2.4646,-10.1173,-6.3987,-9.0263,-5.4164,-2.0000,2
*Oc1ccc(CC(=O)OC(C)CCCCCCCCCCOC(=O)COCCCCCOC(*)=O)cc1,CN(C)C(=N)N=C(N)N,5.2804,-1.2438,97.3600,3.1281,-10.3144,-6.8591,-9.5303,-6.0978,-1.0000,2
*CCOC(=O)NN(c1ccccc1)C(=O)Oc1ccc(Cc2ccc(NC(=O)NCCCCCCNC(=O)c3ccc(S(=O)(=O)c4ccc(*)cc4)cc3)cc2)cc1,CN(C)C(=N)N=C(N)N,7.8886,-1.2438,172.2400,3.0224,-7.7548,-7.1658,-9.0738,-5.4119,-3.0000,2
*OC1CCOC(CCNC(=O)CCCCCCCCCCCC(=O)Oc2ccc(C(=O)O*)cc2)C1,CN(C)C(=N)N=C(N)N,4.6275,-1.2438,100.1600,3.1763,-7.8489,-6.9638,-9.4403,-5.9710,-1.0000,2
*Oc1ccc(/C=N/c2ccc(Oc3ccc(C(=O)c4ccc(C(=O)Nc5ccc(*)cc5)cc4)cc3)cc2)cc1,CN(C)C(=N)N=C(N)N,7.4184,-1.2438,76.9900,2.2234,-8.0225,-7.6326,-9.5303,-6.0978,-2.0000,2
*CCCCC-C(=O)N/C=C/C(=O)CCCCCCCCCCCCCSC(=O)O*,CN(C)C(=N)N=C(N)N,6.8581,-1.2438,72.4700,2.8116,-10.4647,-7.6422,-9.5303,-6.0978,-2.0000,2
*CCCCCCOc1ccc(S(=O)(=O)c2ccc(C(=O)O*)cc2)cc1,CN(C)C(=N)N=C(N)N,4.1767,-1.2438,69.6700,1.7947,-10.9430,-8.2147,-9.5303,-6.0978,-1.0000,2
*CCCCOCC(=O)SCCCCC(=O)OCC(=O)O*,CN(C)C(=N)N=C(N)N,1.8610,-1.2438,78.9000,2.5063,-10.6151,-7.6395,-9.4403,-5.9710,-1.0000,2
*C(=O)OCCCCCCCOc1ccc(C(=O)Oc2ccc(O*)cc2)cc1,CN(C)C(=N)N=C(N)N,4.1137,-1.2438,71.0600,2.1263,-10.5104,-7.3648,-9.4403,-5.9710,-1.0000,2
*Oc1ccc(C(=O)c2ccc(/C=C/C(=O)Oc3ccc(C(*)=O)c(C)c3)cc2)cc1C,CN(C)C(=N)N=C(N)N,4.6713,-1.2438,69.6700,2.3472,-8.3395,-8.0269,-9.5114,-6.1328,-1.0000,2
*CCCCCCCCCCCCC(=O)OCC(O)COc1ccc(C(=O)OCCOC(=O)c2ccc(O*)cc2)cc1,CN(C)C(=N)N=C(N)N,5.9999,-1.2438,117.5900,2.8922,-10.9977,-7.6978,-9.5303,-6.0978,-1.0000,2
*CCCCCCNC(=O)c1ccc(CC(=O)S(=O)C(=O)N*)cc1,CN(C)C(=N)N=C(N)N,1.8932,-1.2438,92.3400,2.9571,-8.5092,-7.4961,-9.0738,-5.4119,-2.0000,2
*Cc1ccc(NC(=O)CCCSC(=O)NC(C)CCC(=O)N*)cc1C#N,CN(C)C(=N)N=C(N)N,2.6822,-1.2438,111.0900,3.0539,-10.4308,-7.5678,-9.4967,-5.9678,-3.0000,2
*CCCCOCCCCCOC(=O)PCCCCCCCCC(=O)O*,CN(C)C(=N)N=C(N)N,5.6038,-1.2438,61.8300,3.2107,-10.2887,-7.1973,-9.0738,-5.4119,-1.0000,2
*CCCCCCCNC(=O)CCCCCCC(=O)NCCCNC(=O)CCCCCC(=O)NCCCCNC(=O)C(=O)NC(=O)N*,CN(C)C(=N)N=C(N)N,2.1941,-1.2438,203.7000,2.5517,-8.1062,-6.0168,-9.0697,-5.2057,-5.0000,2
*CCCCCCCCCCCOC(=O)NCCCNC(=O)OCCCCCCCOC(=O)c1ccc(-c2ccc(*)o2)cc1,CN(C)C(=N)N=C(N)N,8.4272,-1.2438,116.1000,2.6298,-10.4518,-7.6200,-9.4403,-5.9710,-2.0000,2
*CCCCCCCCCCCC(=O)NCCCCCCCNNC(=O)OCCCCOCCO*,CN(C)C(=N)N=C(N)N,4.9939,-1.2438,97.9200,2.5485,-10.2850,-5.6237,-9.5303,-6.0978,-1.0000,2
*CCCCCNC(=O)c1ccc(C(=O)NCCOCCCNC(=O)c2ccc(C(=O)O*)cc2)cc1,CN(C)C(=N)N=C(N)N,2.8713,-1.2438,122.8300,2.0760,-8.1233,-7.1396,-9.2335,-5.4206,-3.0000,2
*CCCCCOCCCCCCCCCCCCCCCCOC(=O)CCCCCCCCCC(=O)NCCOC(=O)OCCCCCCOc1ccc(-n2cc(-c3ccc(-c4ccc(O*)cc4)cc3)cc2)cc1,CN(C)C(=N)N=C(N)N,16.4478,-1.2438,123.5500,3.6496,-9.7728,-6.6319,-9.5303,-6.0978,-2.0000,2
*CCCCCCCNC(=O)c1ccc(C(=O)NCCNC(=O)O*)cc1,CN(C)C(=N)N=C(N)N,2.3842,-1.2438,96.5300,1.8671,-10.5943,-7.4357,-9.5114,-6.1328,-1.0000,2
*Oc1ccc(-c2ccc(NC(=O)c3ccc(OC(=O)Nc4ccc(C(*)=O)cc4)c(C)c3)cc2C(C)C)cc1,CN(C)C(=N)N=C(N)N,7.1667,-1.2438,93.7300,2.4085,-8.0841,-7.3702,-9.0738,-5.4119,-1.0000,2
*CCCCCCNC(=O)CCCCCCc1ccc(CSS(=O)(=O)c2ccc(N(C)c3ccc(-c4ccc(NC(=O)N*)cc4)cc3)cc2)cc1,CN(C)C(=N)N=C(N)N,9.4237,-1.2438,107.6100,2.9049,-9.9574,-6.9959,-9.4967,-5.9678,-1.0000,2
*CCCC(=O)OCCOC(=O)OC1CCCOC(=O)N(*)CCCCCCCCCCCCCCCC1,CN(C)C(=N)N=C(N)N,7.2230,-1.2438,91.3700,3.5388,-10.8458,-6.6417,-9.3593,-5.8504,-1.0000,2
*Oc1ccc(OC(=O)CCCCCCCCCCCCCCOC(=O)c2ccc(C(*)=O)cc2)cc1,CN(C)C(=N)N=C(N)N,7.0384,-1.2438,78.9000,2.2915,-8.5488,-7.0855,-9.5303,-6.0978,-1.0000,2
*CCCCCCCCNC(=O)CCCCCCCCC(=O)NCCCCCNC(=O)CCCCCCNC(=O)CS*,CN(C)C(=N)N=C(N)N,5.9831,-1.2438,116.4000,2.3000,-10.3929,-6.3663,-9.2335,-5.4206,-3.0000,2
*CC(=O)CCCCCCCCCCCCC(=O)NCc1ccc(NNC(=O)CCCCCCCCCCCCC(=O)N(*)C)cc1,CN(C)C(=N)N=C(N)N,8.4433,-1.2438,107.6100,2.5798,-10.0261,-6.7792,-9.4403,-5.9710,-3.0000,2
*/C=C/c1ccc(C(=O)c2ccc(C(=O)NNCCNC(=O)CCCSC(=O)S*)cc2)cc1,CN(C)C(=N)N=C(N)N,3.4744,-1.2438,104.3700,3.1240,-8.1520,-7.6864,-9.5114,-6.1328,-3.0000,2
*CCCCCCCCOC(=O)c1ccc(C(=O)NCCCCc2ccc(NC(=O)Cc3ccc(-c4ccc(*)cc4)cc3)cc2)cc1,CN(C)C(=N)N=C(N)N,8.8048,-1.2438,84.5000,2.3277,-7.8317,-6.6911,-9.0738,-5.4119,-1.0000,2
*C(=O)Nc1ccc(C(=O)CNc2ccc(Oc3ccc(-c4ccc(NC(=O)c5ccc(*)cc5)cc4)cc3)cc2)cc1,CN(C)C(=N)N=C(N)N,7.2613,-1.2438,96.5300,2.2755,-8.0418,-7.1804,-9.5114,-6.1328,-1.0000,2
*CCCCCCOC(=O)c1ccc(C(=O)NCCCCCCNC(=O)c2ccc(C(=O)O*)cc2)cc1,CN(C)C(=N)N=C(N)N,4.8421,-1.2438,110.8000,2.0779,-10.7100,-7.9555,-9.5303,-6.0978,-2.0000,2
*OC(=O)c1ccc(C(=O)OC(=O)c2ccc(C(=O)SCC(*)=O)c(C)c2)cc1,CN(C)C(=N)N=C(N)N,2.7627,-1.2438,103.8100,2.5536,-8.8151,-8.4010,-9.5114,-6.1328,-1.0000,2
*CCCCCCCCCCCCOC(=O)CCC(=O)OC(O)COCCN(C)COc1ccc(-c2ccc(-c3ccc(O*)cc3)cc2)cc1,CN(C)C(=N)N=C(N)N,8.1168,-1.2438,103.7600,3.4118,-9.8528,-6.8286,-9.4967,-5.9678,-1.0000,2
*C(=O)CCCCCCCCCCCCCCCC(=O)OCCOC(=O)c1ccc(OCC(=O)c2ccc(C(=O)Nc3ccc(/N=N/c4ccc(-c5ccc(O*)cc5)cc4)cc3)cc2)cc1,CN(C)C(=N)N=C(N)N,12.7390,-1.2438,159.0200,3.3261,-8.3382,-7.4151,-9.0648,-5.4206,-1.0000,2
*Oc1ccc(OC(=O)c2ccc(C(=O)Nc3ccc(NC(=O)c4ccc(C(=O)Nc5ccc(C(*)=O)cc5)cc4)cc3)c(C(=O)OC#N)c2)cc1,CN(C)C(=N)N=C(N)N,5.8187,-1.2438,189.9900,2.7921,-8.5326,-8.2565,-9.5303,-6.0978,-4.0000,2
*CCCCCNC(=O)NCCCCCCNC(=O)Oc1ccc(-c2ccc(NC(=O)CCCCC(*)=O)cc2)cc1,CN(C)C(=N)N=C(N)N,6.1896,-1.2438,125.6300,2.4701,-10.3579,-7.4313,-9.4403,-5.9710,-3.0000,2
*CCCNC(=O)CCCSNCC(=O)CCCCC(=O)OCCCCCCCCCCOC(=O)c1ccc(C(=O)O*)cc1,CN(C)C(=N)N=C(N)N,5.8793,-1.2438,137.1000,2.8968,-8.2290,-7.1350,-8.9803,-5.1653,-1.0000,2
*CCCCCCCCCCNC(=O)c1ccc(C(=O)NCCCCCNC(=O)c2ccc(*)cc2)cc1,CN(C)C(=N)N=C(N)N,5.8872,-1.2438,87.3000,1.8747,-10.4568,-7.5530,-9.0648,-5.4207,-2.0000,2
*CCCCCC/C=C/C=C/C(=O)NCCCCCCCCCCCCCCNC(=O)CCCCCOC(=O)CCCCCCCCCCCC(=O)N*,CN(C)C(=N)N=C(N)N,10.8628,-1.2438,113.6000,3.0376,-10.3515,-7.3689,-9.5114,-6.1328,-3.0000,2
*C(=O)OCCCCCOC(=O)CCCCCCCC(=O)OCCCCCOC(=O)O*,CN(C)C(=N)N=C(N)N,4.0117,-1.2438,114.4300,2.5395,-11.3423,-6.9545,-9.5303,-6.0978,-1.0000,2
*OC(=O)Nc1ccc(C(C)(C)c2ccc(OC(C)C(=O)OC(C)COc3ccc(S(=O)(=O)c4ccc(*)cc4)cc3)cc2)cc1,CN(C)C(=N)N=C(N)N,6.7132,-1.2438,117.2300,3.3346,-10.4094,-7.1723,-9.3593,-5.8504,-1.0000,2
*OC(=O)CCCCCCCCCCCCCC(=O)OCCCCCCCCOCCCCCOc1ccc(C(=O)OC(*)=O)cc1,CN(C)C(=N)N=C(N)N,8.6052,-1.2438,114.4300,2.7682,-8.2145,-7.0864,-9.5303,-6.0977,-1.0000,2
*CCCCCCCCCCCCCCCNCSC(=O)NCCCCCNCC(=O)C(=O)N*,CN(C)C(=N)N=C(N)N,4.8818,-1.2438,99.3300,2.9115,-8.6533,-6.9822,-9.4967,-5.9678,-2.0000,2
*CCCCCNC(=O)CCCCCCCCCCCCC(=O)NNC(=O)CCCCCCCCCCOC(=O)C/C=C/C(=O)NCCCCCNC(=O)c1ccc(C(=O)O*)cc1,CN(C)C(=N)N=C(N)N,8.5365,-1.2438,198.1000,3.2496,-8.0730,-7.0951,-9.4967,-5.9678,-5.0000,2
*CCCCCCCCCCCCOC(=O)c1ccc(OCCCCOC(=O)c2ccc(C(=O)O*)c(C(C)C)c2)cc1,CN(C)C(=N)N=C(N)N,8.6019,-1.2438,88.1300,2.4470,-8.0576,-7.1523,-9.4967,-5.9678,-1.0000,2
*CCCCCCCCCCCCCOC(=O)NCc1ccc(-c2ccc(NC(=O)O*)cc2)cc1,CN(C)C(=N)N=C(N)N,7.9807,-1.2438,76.6600,2.1517,-10.3970,-6.7981,-9.4403,-5.9710,-1.0000,2
*CCNC(=O)CC(CC)NC(=O)CCCCCCC(=O)NCCCCCCCNC(=O)NCCCS*,CN(C)C(=N)N=C(N)N,3.4338,-1.2438,128.4300,3.0991,-9.5797,-5.8953,-9.5114,-6.1328,-3.0000,2
*/C=C/c1ccc(CCCCCCCC)cc1OCCCCCCCCCCCCCCCCCCCCCCCCCCOC(=O)CCCCCCCCCCCCC(=O)O*,CN(C)C(=N)N=C(N)N,18.2828,-1.2438,61.8300,3.3610,-9.9083,-6.6333,-9.0738,-5.4119,-1.0000,2
*CCCCCCCC(=O)Nc1ccc(NC(=O)CCC(=O)Nc2ccc(NC(=O)c3ccc(C(=O)NCCCCCCCCCCCCCCNC(=O)c4ccc(O*)cc4)cc3)cc2)cc1,CN(C)C(=N)N=C(N)N,11.1419,-1.2438,183.8300,2.7804,-7.6821,-6.8019,-9.4967,-5.9678,-2.0000,2
*CC(COC(=O)CCCCCCCCOC(=O)S*)C(=O)OCCc1ccc(/N=N/c2ccc(F)cc2)cc1,CN(C)C(=N)N=C(N)N,7.3032,-1.2438,103.6200,3.3043,-8.5350,-7.0866,-9.5114,-6.1327,-1.0000,2
*CCCCCCNC(=O)Cc1ccc(C(=O)NCC(=O)Cc2ccc(C(=O)N*)cc2)cc1,CN(C)C(=N)N=C(N)N,2.5661,-1.2438,104.3700,2.1208,-10.5961,-7.5320,-9.5303,-6.0978,-1.0000,2
*CC(C(=O)OCCCCCCCCCCCCCCCOc1ccc(/N=C/c2ccccc2)cc1)C(=O)O*,CN(C)C(=N)N=C(N)N,8.1512,-1.2438,74.1900,2.9540,-7.5431,-6.9751,-9.0738,-5.4119,-1.0000,2
*CCCOC(=O)OCCCCCCOC(=O)c1ccc(C(C)(CC)c2ccc(C(=O)O*)cc2)cc1,CN(C)C(=N)N=C(N)N,6.3812,-1.2438,88.1300,2.9041,-11.0827,-7.5817,-9.5303,-6.0978,-1.0000,2
*CCCCCCNC(=O)CCc1ccc(Cc2ccc(NC(=O)NCCOCCNC(=O)C=C/CCCCC(=O)N*)cc2)cc1,CN(C)C(=N)N=C(N)N,4.7627,-1.2438,137.6600,2.7192,-10.0761,-6.7637,-9.5303,-6.0978,-2.0000,2
*/C=C/c1ccc(NC(=O)c2ccc(C(=O)NCCCCNC(*)=O)cc2)cc1,CN(C)C(=N)N=C(N)N,2.8379,-1.2438,87.3000,2.5883,-7.9147,-6.9966,-9.5303,-6.0977,-2.0000,2
*c1ccc(C(=O)NCCCCCCCCNC(=O)c2ccc(NC(=O)c3ccc(*)cc3)cc2)cc1,CN(C)C(=N)N=C(N)N,5.4393,-1.2438,87.3000,1.7649,-10.4652,-7.3893,-9.5303,-6.0978,-1.0000,2
*Oc1ccc(NC(=O)c2ccc(Cl)cc2C(=O)Oc2ccc(C(*)=O)cc2)cc1C(C)(C)C,CN(C)C(=N)N=C(N)N,5.6271,-1.2438,81.7000,2.3043,-8.4756,-7.8804,-9.5303,-6.0978,-1.0000,2
*CCCCCCCCOC(=O)C(O)/C=C/C(=O)O*,CN(C)C(=N)N=C(N)N,1.8918,-1.2438,72.8300,2.9458,-11.4478,-7.8490,-9.5114,-6.1328,-1.0000,2
*CCOCCCOC(=O)c1ccc(C(C)(C)c2ccc(C(=O)O*)cc2)cc1,CN(C)C(=N)N=C(N)N,4.2941,-1.2438,61.8300,2.0666,-10.8798,-7.5540,-9.4403,-5.9710,-1.0000,2
*CCCCCCCCCCOCCOCCOCCOCCOC(=O)c1ccc(NC(=O)O*)cc1,CN(C)C(=N)N=C(N)N,5.1404,-1.2438,101.5500,2.4247,-10.4630,-7.5716,-9.5303,-6.0978,-1.0000,2
*CCSCCCCCCOCCCCCCCCCCCCCCOC(=O)CC(=O)O*,CN(C)C(=N)N=C(N)N,7.0156,-1.2438,61.8300,2.4827,-7.0241,-6.8228,-9.0173,-5.2053,-1.0000,2
*Oc1ccc(OC(=O)c2ccc(C(*)=O)cc2)cn1,CN(C)C(=N)N=C(N)N,1.8189,-1.2438,65.4900,2.2930,-8.7468,-7.4793,-9.4179,-5.9999,-1.0000,2
*NC(=O)c1ccc(Cc2ccc(Cc3ccc(NC(=O)c4ccc(NC(*)=O)c(CCCCCCCCCCCC(=O)O)c4)cc3)cc2)cc1,CN(C)C(=N)N=C(N)N,8.3158,-1.2438,124.6000,2.7283,-10.3038,-7.2721,-9.5303,-6.0978,-2.0000,2
*Sc1ccc(S(=O)(=O)c2ccc(Oc3ccc(C(*)=O)cc3)cc2)cc1,CN(C)C(=N)N=C(N)N,4.4129,-1.2438,60.4400,2.1635,-8.2593,-7.6318,-9.4180,-5.9999,-1.0000,2
*CCCOc1ccc(C(=O)Nc2ccc(NC(=O)CCCCCCCCCCCCC(=O)N/N=C/c3ccc(S(*)(=O)=O)cc3)cc2)cc1,CN(C)C(=N)N=C(N)N,7.4680,-1.2438,143.0300,2.9065,-8.1755,-7.0262,-9.5303,-6.0978,-2.0000,2
*C/C=C/C(=O)NNC(=S)c1ccc(NC(=O)CCCCCCCCCCC(=O)Nc2ccc(NC(=O)O*)cc2)cc1,CN(C)C(=N)N=C(N)N,6.1271,-1.2438,137.6600,2.6643,-7.7603,-7.2228,-9.0697,-5.2057,-3.0000,2
*NC(=O)c1ccccc1NC(=O)c1ccccc1NC(=O)c1ccc(C(*)=O)cc1,CN(C)C(=N)N=C(N)N,3.1026,-1.2438,104.3700,1.8724,-8.1876,-7.7145,-9.5303,-6.0978,-1.0000,2
*CCCCCCCCCCOc1ccc(S(=O)(=O)c2ccc(-c3ccc(C(=O)Nc4ccc(C(=O)O*)cc4)cc3)cc2)cc1,CN(C)C(=N)N=C(N)N,8.6564,-1.2438,98.7700,2.2966,-10.8539,-7.8657,-9.5303,-6.0978,-2.0000,2
*CCCCCCCCNC(=O)CCCCCNC(=O)OCCOC(=O)S*,CN(C)C(=N)N=C(N)N,3.8161,-1.2438,93.7300,2.3896,-10.5875,-7.1019,-9.5303,-6.0978,-2.0000,2
*CCCCCCCCCCCCCCCOC(=O)c1ccc(C(=O)OCCOCCOc2ccc(C(=O)O*)cc2)cc1,CN(C)C(=N)N=C(N)N,7.8852,-1.2438,97.3600,2.3528,-10.8048,-8.1592,-9.5303,-6.0978,-1.0000,2
*CCCCC(CC)CNC(=O)SC(=O)NCCCCCCNC(=O)C(=O)N*,CN(C)C(=N)N=C(N)N,2.5171,-1.2438,116.4000,3.3635,-10.5660,-7.4361,-9.4179,-5.9999,-4.0000,2
*CCCCCCCCCCCCCCCCCOC(=O)C(=O)OCCN(C)c1ccc(C(=O)O*)cc1,CN(C)C(=N)N=C(N)N,6.7788,-1.2438,82.1400,2.4626,-8.5568,-7.1259,-9.5303,-6.0978,-1.0000,2
*OC(CC)=C/C=C(/*)CCOCCCC(=O)Oc1cccc(COC(=O)SC)c1,CN(C)C(=N)N=C(N)N,5.1866,-1.2438,71.0600,3.0604,-9.6817,-6.8729,-9.5303,-6.0978,-1.0000,2
*CCOCC(=O)OCCCCCCCCOC(=O)OCCCCCCCOC(=O)CCC(=O)O*,CN(C)C(=N)N=C(N)N,4.4184,-1.2438,123.6600,2.5089,-10.7630,-6.8410,-9.4403,-5.9710,-1.0000,2
*CC(C)(C)CNC(=O)CCOC(=O)OCCOC(=O)c1cccc(SC(=O)O*)c1,CN(C)C(=N)N=C(N)N,3.3191,-1.2438,117.2300,2.7088,-10.8308,-8.0921,-9.0738,-5.4119,-2.0000,2
*Oc1ccc(/C=C/C(C)c2ccc([N+](=O)[O-])cc2)cc1OC(=O)C(=O)OCCCCCCCCCOc1ccc(C(=O)Oc2ccc(C(=O)Oc3ccc(O*)cc3)cc2)cc1,CN(C)C(=N)N=C(N)N,9.5196,-1.2438,176.0300,3.7350,-8.8757,-7.7639,-9.4967,-5.9678,-1.0000,2
*CCCCCCCCCCCCCCC(=O)NCCCCCCCNC(=O)NCCCCNC(=O)N*,CN(C)C(=N)N=C(N)N,5.8920,-1.2438,111.3600,2.2598,-10.4225,-5.6003,-9.0263,-5.4164,-2.0000,2
*CCCCCCCNC(=O)c1ccc(S(=O)(=O)c2ccc(NC(=O)N*)cc2)cc1,CN(C)C(=N)N=C(N)N,3.7102,-1.2438,104.3700,1.9746,-10.8199,-7.7527,-9.4179,-5.9999,-1.0000,2
*CCCOCCOC(=O)c1ccc(C(C)(C)c2ccc(NC(=O)SCCCCCC(=O)Nc3ccc(C(=O)Nc4ccc(*)cc4)cc3)cc2)cc1,CN(C)C(=N)N=C(N)N,9.3124,-1.2438,122.8300,2.8150,-10.2462,-7.3716,-9.5303,-6.0978,-1.0000,2
*CCCCCCNC(=O)CCCCCCCCCCCCCCCCCCCC(=O)NCCOCCCCCCCNC(=O)O*,CN(C)C(=N)N=C(N)N,9.4457,-1.2438,105.7600,2.4949,-10.4755,-5.7136,-9.5114,-6.1328,-3.0000,2
*Oc1ccc(Oc2ccc(NC(=O)c3ccc(S(=O)(=O)c4ccc(*)cc4C)cc3)cc2)cc1,CN(C)C(=N)N=C(N)N,5.5780,-1.2438,81.7000,1.9818,-7.8321,-7.1112,-9.5303,-6.0978,-1.0000,2
*C(=O)Nc1ccc(Cc2ccc(NC(=O)C(=O)c3ccc(C(=O)N(*)CCCC)cc3)cc2)cc1,CN(C)C(=N)N=C(N)N,4.1970,-1.2438,95.5800,2.2145,-8.6332,-7.1694,-9.5303,-6.0977,-2.0000,2
*/C=C/CCCCCCCCCOC(=O)COCCCCCCCCCCCNC(=O)/C=C/C(=O)O*,CN(C)C(=N)N=C(N)N,6.1209,-1.2438,90.9300,2.9942,-8.4021,-6.7320,-9.4403,-5.9710,-2.0000,2
*CCNC(=O)CCCCCCCCCCSNC(=O)C(=O)N*,CN(C)C(=N)N=C(N)N,1.8831,-1.2438,87.3000,2.5827,-7.6064,-6.1010,-9.5114,-6.1328,-1.0000,2
*CCCCCSCCCCCOC(=O)c1ccc(C(=O)NCCC(=O)O*)cc1,CN(C)C(=N)N=C(N)N,4.1416,-1.2438,81.7000,2.1240,-7.9158,-6.7843,-9.4403,-5.9710,-2.0000,2
*CCOCCOCCOc1ccc(C(=O)OCCCCCOC(=O)CC(=O)Oc2ccc(O*)cc2)cc1,CN(C)C(=N)N=C(N)N,3.6901,-1.2438,115.8200,2.4778,-10.6483,-7.2622,-9.5303,-6.0977,-1.0000,2
*CCCCCCCCCOC(=O)CCCCCCCCCC(=O)OCCCCCCOC(=O)OC(=O)CCCCOCC(=O)c1ccc(C(=O)O*)cc1,CN(C)C(=N)N=C(N)N,9.3425,-1.2438,157.8000,2.9454,-8.4697,-7.7242,-9.5303,-6.0978,-1.0000,2
*CC(C)OC(=O)CCCCC(=O)OCCCCCCCNC(*)=O,CN(C)C(=N)N=C(N)N,2.7381,-1.2438,81.7000,2.3489,-10.8953,-6.4114,-9.5114,-6.1329,-1.0000,2
*Oc1ccc(Sc2ccc(OC(=O)N[PH](*)(C)Oc3ccc(C(C)=O)cc3)cc2)cc1,CN(C)C(=N)N=C(N)N,5.3197,-1.2438,73.8600,2.9811,-6.5087,-6.4486,-9.4403,-5.9710,-2.0000,2
*CCNC(=O)NCCCNC(=O)CCCCC(=O)NCCCc1ccc(/N=N/c2ccc(*)cc2Br)cc1,CN(C)C(=N)N=C(N)N,5.2991,-1.2438,124.0500,2.6254,-8.5196,-6.8726,-9.4403,-5.9710,-3.0000,2
*CC(C)CNC(=O)c1ccc(NC(=O)N*)cc1CCCC,CN(C)C(=N)N=C(N)N,2.9056,-1.2438,70.2300,2.0330,-10.2527,-6.4471,-9.5303,-6.0978,-1.0000,2
*CC(CC)CCCC(=O)Nc1ccc(NC(=O)CCCCCCCCC(=O)NSNC(=O)c2ccc(*)s2)cc1,CN(C)C(=N)N=C(N)N,7.0717,-1.2438,116.4000,3.2453,-7.5436,-7.1454,-9.0263,-5.4164,-4.0000,2
*C/C=C/COC(=O)CCCCCCCCCCCCCCCCC(=O)NNC(CC)C(=O)O*,CN(C)C(=N)N=C(N)N,5.8313,-1.2438,93.7300,3.0977,-9.9901,-7.0607,-9.0696,-5.2057,-2.0000,2
*NNC(=O)CCCCCC[SH](CC)C(C)CCC(=O)Nc1ccc(C(=O)NC)c(*)c1,CN(C)C(=N)N=C(N)N,3.1149,-1.2438,99.3300,3.7087,-5.1986,-4.4799,-9.4403,-5.9710,-2.0000,2
*CCCCCCCCCCCCOC(=O)c1ccc(C(=O)NCCCCCNC(=O)c2ccc(C(*)=O)cc2)cc1,CN(C)C(=N)N=C(N)N,6.9069,-1.2438,101.5700,2.3147,-8.2947,-7.8110,-9.5303,-6.0978,-1.0000,2
*c1ccc(CCNC(=O)CCc2ccc(-c3ccc(C(=O)Oc4ccc(-c5ccc(O*)cc5)c(F)c4)cc3)cc2S(=O)(=O)[O-])cc1,CN(C)C(=N)N=C(N)N,6.2801,-1.2438,121.8300,2.7556,-10.8197,-8.0736,-9.5303,-6.0978,-2.0000,2
*CCCCCCCCCCOC(=O)c1ccc(C(=O)NCCCCNC(=O)c2ccc(C(=O)NCCCCCNC(=O)NCCCC(=O)Nc3ccc(O*)cc3)cc2)cc1,CN(C)C(=N)N=C(N)N,7.2479,-1.2438,193.0600,2.8710,-7.6986,-6.7596,-9.3593,-5.8504,-5.0000,2
*Oc1ccc(CC(*)=O)cc1OCCCCCCCCCCCCCCCCCCC(=O)Oc1ccc(/N=N/c2ccc(F)cc2)cc1,CN(C)C(=N)N=C(N)N,11.3042,-1.2438,86.5500,2.9092,-8.5706,-7.4302,-9.5303,-6.0978,-1.0000,2
*CCCCNC(=O)NCCCCCCNC(=O)CCCCCCC(=O)N*,CN(C)C(=N)N=C(N)N,2.5882,-1.2438,99.3300,2.1042,-10.3595,-5.6762,-9.4967,-5.9678,-4.0000,2
*OC(C)COC(=O)NCc1ccc(CCNC(=O)c2ccc(C(=O)OCCCCOC(=O)c3ccc(*)s3)cc2)cc1,CN(C)C(=N)N=C(N)N,4.1216,-1.2438,129.2600,2.9488,-10.5899,-7.9224,-9.0263,-5.4164,-2.0000,2
*SC(C)(C)SS(=O)(=O)c1ccc(C(=O)Oc2ccc(C(=O)CN(*)c3ccccc3)cc2)cc1,CN(C)C(=N)N=C(N)N,5.2884,-1.2438,80.7500,2.5900,-8.3453,-7.5518,-9.5114,-6.1328,-1.0000,2
*CCOC(=O)c1ccc(C(=O)OCCCCCCCCCCCCCCOC(=O)c2ccc(-c3ccc(C(=O)O*)cc3)cc2)cc1,CN(C)C(=N)N=C(N)N,8.9235,-1.2438,105.2000,2.1945,-11.1152,-8.0881,-9.4403,-5.9710,-1.0000,2
*Nc1ccc(Cc2ccc(NC(=O)NCCCCCCCCNC(*)=O)cc2)cc1,CN(C)C(=N)N=C(N)N,4.0677,-1.2438,82.2600,2.2197,-9.6500,-6.0499,-9.0648,-5.4207,-1.0000,2
*CCCCCCCCCCCOC(=O)CCSCCCCCCS(=O)(=O)CCCCCCC(=O)O*,CN(C)C(=N)N=C(N)N,7.1940,-1.2438,86.7400,2.6126,-7.0019,-6.4534,-9.0738,-5.4119,-1.0000,2
*CCOCCOC(=O)CC/C=C(\C)CC(=O)O*,CN(C)C(=N)N=C(N)N,1.7673,-1.2438,61.8300,2.4871,-10.4480,-6.6062,-9.4403,-5.9710,-1.0000,2
*CCOc1ccc(SC(=O)CCCCCCCCCCC(=O)Nc2ccc(Cc3ccc(NC(=O)O*)cc3)cc2)cc1,CN(C)C(=N)N=C(N)N,8.9244,-1.2438,93.7300,2.5242,-7.7686,-6.6452,-9.4403,-5.9710,-1.0000,2
*OC(=O)c1ccc(C(=O)OCCCCCOC(=O)c2ccc(S(*)(=O)=O)cc2)cc1,CN(C)C(=N)N=C(N)N,2.5392,-1.2438,113.0400,2.5145,-11.4965,-8.3965,-9.5303,-6.0978,-1.0000,2
*OC(=O)c1ccc(C(*)=O)cc1C=C/c1ccc(CCCC)c(OC)c1-c1ccc(/N=N/c2ccc(/N=N/c3ccccc3)cc2)cc1,CN(C)C(=N)N=C(N)N,11.2167,-1.2438,102.0400,3.1983,-8.1321,-7.0909,-9.0738,-5.4119,-1.0000,2
*CCOc1ccc(-c2ccc(OCCCCCCCCCCOC(=O)c3ccc(S(=O)(=O)O*)cc3)cc2)cc1,CN(C)C(=N)N=C(N)N,7.3556,-1.2438,88.1300,2.2343,-8.2635,-7.2833,-9.5303,-6.0977,-1.0000,2
*CCC/C=C(\N)c1ccc(C(=O)NNC(=O)CCC(=O)Nc2ccc(C(=O)Oc3ccc(NC(=O)CCCCCCCC(=O)Nc4ccc(O*)cc4)cc3)cc2)cc1,CN(C)C(=N)N=C(N)N,7.1989,-1.2438,207.0500,3.0607,-7.3833,-6.6161,-9.5303,-6.0977,-4.0000,2
*CC[Si](C)(CCC(=O)Oc1ccc(/N=N/c2ccc(C#Cc3ccc(O*)cc3)cc2)cc1)c1ccccc1,CN(C)C(=N)N=C(N)N,7.5086,-1.2438,60.2500,3.4546,-8.3553,-6.6547,-9.0738,-5.4119,-1.0000,2
*OC(=O)CCCCc1ccc(CNC(=O)OCCOCCOc2ccc(C(=O)c3ccc(C(*)=O)cc3)cc2)cc1,CN(C)C(=N)N=C(N)N,4.8493,-1.2438,117.2300,2.4283,-8.5069,-7.5872,-9.4403,-5.9710,-2.0000,2
*CC(C)CNC(=O)CCCCCCCCC(=O)NC(C)CNC(=O)CCCCCCCCCCCCCC(=O)N*,CN(C)C(=N)N=C(N)N,6.0569,-1.2438,116.4000,2.8419,-10.4174,-5.9594,-9.4180,-5.9999,-4.0000,2
*CCCCCCCCCOC(=O)CCCSCCOCCCC(=O)O*,CN(C)C(=N)N=C(N)N,4.6750,-1.2438,61.8300,2.3114,-9.7061,-6.6645,-9.0696,-5.2057,-1.0000,2
*OC(=O)NCCCCCCOC(=O)c1ccc(NC(=O)CCCCCC(=O)Nc2ccc(C(=O)CCCCCCC(*)=O)cc2)cc1,CN(C)C(=N)N=C(N)N,6.9213,-1.2438,156.9700,2.6429,-10.5748,-7.6404,-9.5303,-6.0978,-2.0000,2
*CCCCCCCCCCCNC(=O)CCCC(=O)NCCCCNC(=O)CC(=O)N*,CN(C)C(=N)N=C(N)N,2.6917,-1.2438,116.4000,2.2525,-10.5035,-6.3343,-9.4967,-5.9678,-3.0000,2
*CCCCCCCOc1ccc(C(=O)OCCCOc2ccc(NC(=O)CCCCCCCCC(=O)Sc3ccc(NC(=O)CO*)cc3)cc2)cc1,CN(C)C(=N)N=C(N)N,8.9707,-1.2438,129.2600,2.8584,-7.8196,-7.2595,-9.5303,-6.0978,-2.0000,2
*CCCCCCCCCCCCCCCC(=O)NCCCCCCCNC(=O)C(F)(F)C(F)(F)C(F)(F)CO*,CN(C)C(=N)N=C(N)N,7.5488,-1.2438,67.4300,2.7658,-10.4760,-7.6054,-9.5303,-6.0978,-2.0000,2
*CCCCCCCCCCCC(=O)NCCCCCCNC(=O)CCCCCCCC(=O)N*,CN(C)C(=N)N=C(N)N,5.9161,-1.2438,87.3000,2.0905,-10.4195,-5.9247,-9.2335,-5.4206,-2.0000,2
*CCOc1ccc(CCC(=O)OCCCCCOc2ccc(OC(=O)c3ccc(O*)cc3)cc2)cc1,CN(C)C(=N)N=C(N)N,5.7352,-1.2438,80.2900,2.1480,-10.1227,-7.3920,-9.5114,-6.1328,-1.0000,2
*C(=O)Nc1ccc(NC(=O)CCCCCCCC(=O)NC(=O)c2ccc(NC(=O)CCCCCC(=O)Nc3ccc(C(*)=O)cc3)cc2)cc1,CN(C)C(=N)N=C(N)N,6.2209,-1.2438,179.6400,2.5541,-7.9734,-7.6708,-9.5303,-6.0978,-3.0000,2
*CC(O)COC(=O)c1ccc(NC(=O)c2cc(C(=O)O*)ccc2CCCCCCCCC)cc1,CN(C)C(=N)N=C(N)N,5.4678,-1.2438,101.9300,2.6941,-10.8388,-7.7625,-9.4403,-5.9710,-2.0000,2
*CCCCCCCCCCNC(=O)CCCS(=O)(=O)C(=O)N*,CN(C)C(=N)N=C(N)N,2.5170,-1.2438,92.3400,2.3594,-10.7620,-7.3028,-9.0738,-5.4119,-1.0000,2
*CC(C)COC(=O)C1CCCC(C)(C(C)C(=O)OC(=O)O*)CC(CCCCCCCF)C1,CN(C)C(=N)N=C(N)N,6.5558,-1.2438,78.9000,4.2335,-10.9246,-7.8269,-9.0738,-5.4119,-1.0000,2
*CCOCCOC(=O)CCCCCCCCOC(=O)O*,CN(C)C(=N)N=C(N)N,2.9914,-1.2438,71.0600,2.1491,-10.9759,-6.5095,-9.4967,-5.9678,-1.0000,2
*CCCCCCCCCCNC(=O)CCCCCCCCCCCCC(=O)NCCCCCNC(=O)CCOCCCNC(=O)C(=O)CCOC(=O)CNC(=O)O*,CN(C)C(=N)N=C(N)N,6.0102,-1.2438,207.3300,3.1361,-8.1985,-6.9952,-9.3594,-5.8505,-3.0000,2
*CCCCCCCCCCCCCCCOC(=O)c1ccc(OCCCCCCNC(=O)CCCCCC(=O)OCCCCCO*)cc1,CN(C)C(=N)N=C(N)N,9.6463,-1.2438,100.1600,2.6785,-10.6102,-7.2803,-9.0648,-5.4207,-1.0000,2
*C(=O)Sc1ccc(C(=O)NC(=O)c2ccc(C(=O)O*)cc2C)c(C(F)(F)F)c1,CN(C)C(=N)N=C(N)N,3.5645,-1.2438,89.5400,2.6326,-11.3529,-8.6690,-9.4403,-5.9710,-1.0000,2
*C(=O)CCCCCCCCCCC(=O)OCCCOC(=O)CCCCC(=O)NCCCCCCNC(=O)OC(=O)O*,CN(C)C(=N)N=C(N)N,5.2040,-1.2438,163.4000,2.8483,-10.6336,-7.4379,-9.5114,-6.1328,-2.0000,2
*CCCCCCCCCCCCCCCCCCCCCCCCCCCCCCOC(=O)COCCCCCCCCCCCOC(=O)c1ccc(C(=O)O*)cc1,CN(C)C(=N)N=C(N)N,15.5550,-1.2438,88.1300,2.7323,-10.8533,-8.2173,-9.0738,-5.4119,-1.0000,2
*C(=O)COCCOC(=O)CCCCCCCCCCCCCCCCCC(=O)Nc1ccccc1C(=O)O*,CN(C)C(=N)N=C(N)N,6.7137,-1.2438,108.0000,2.5079,-10.7236,-7.8121,-9.5303,-6.0978,-2.0000,2
*CC(*)C(=O)OCCCCCCCCCOc1ccc(C(=O)Oc2ccc(S(=O)(=O)Oc3ccc(S(=O)(=O)O)cc3)cc2)cc1,CN(C)C(=N)N=C(N)N,5.9829,-1.2438,159.5700,2.5965,-10.9040,-7.7841,-9.4967,-5.9678,-1.0000,2
*Oc1ccc(C(C)(C)c2ccc(OC(=O)Nc3ccc(C(*)=O)cc3)c(NC(F)(F)C(F)(F)F)c2)cc1,CN(C)C(=N)N=C(N)N,6.7085,-1.2438,76.6600,2.8987,-8.1129,-6.9037,-9.5114,-6.1328,-2.0000,2
*Nc1ccc(C(=O)OC(=O)Nc2ccc(-c3ccc(C(=O)Oc4ccc(*)cc4)cc3)cc2)cc1,CN(C)C(=N)N=C(N)N,5.5439,-1.2438,93.7300,2.1041,-10.5177,-7.6771,-9.5114,-6.1328,-1.0000,2
*CCCCCCCCCCOC(=O)Nc1ccc(Cc2ccc(NC(=O)CCCCC(=O)N*)cc2)cc1,CN(C)C(=N)N=C(N)N,6.9508,-1.2438,96.5300,2.2401,-10.0325,-6.2916,-9.5303,-6.0978,-1.0000,2
*OC(=O)NCCCCCNC(=O)SSCCCCSCCCCSCCCC(=O)S*,CN(C)C(=N)N=C(N)N,5.7787,-1.2438,84.5000,3.2729,-7.5092,-6.3372,-9.5303,-6.0978,-2.0000,2
*CCCCCCCCCCCCCCC(=O)NCCCNC(=O)C(=O)NCC(=O)CCCC*,CN(C)C(=N)N=C(N)N,4.5756,-1.2438,104.3700,2.3651,-7.8982,-7.4778,-9.2335,-5.4206,-1.0000,2
*CCCCCCCCCCCCCCCCCCCCC(=O)NSSCCCCCNC(=O)O*,CN(C)C(=N)N=C(N)N,9.2687,-1.2438,67.4300,2.7071,-10.3611,-6.9905,-9.4967,-5.9678,-1.0000,2
*CCCCCCCCCCCCCCCCNC(=O)COCCCOc1cccc(/C=C/C(=O)O*)c1,CN(C)C(=N)N=C(N)N,7.1674,-1.2438,73.8600,2.3976,-10.5593,-7.8912,-9.5114,-6.1328,-1.0000,2
*CCCCCOC(=O)NCCC(C)(C)C(=O)O*,CN(C)C(=N)N=C(N)N,2.4037,-1.2438,64.6300,2.1923,-10.5736,-6.8711,-9.4180,-5.9999,-2.0000,2
*CN(CCCNC(=O)OCC)C(=O)OCC(=O)c1ccc(C(=O)O*)cc1,CN(C)C(=N)N=C(N)N,1.7721,-1.2438,111.2400,2.1763,-8.5290,-7.1599,-9.4967,-5.9678,-1.0000,2
*CCCCCCCCCCCCNC(=O)OCCCCCCCCCCCCCCCCCOc1ccc(C(=O)O*)cc1,CN(C)C(=N)N=C(N)N,11.2622,-1.2438,73.8600,2.4335,-10.6877,-7.3076,-9.0738,-5.4119,-2.0000,2
*CCOCCOCCOCCCOCCOCCCCOCCCOCC(=O)c1ccc(C(=O)O*)c(NCCCCCC)c1,CN(C)C(=N)N=C(N)N,5.2562,-1.2438,120.0100,2.9194,-8.1740,-6.8619,-9.5303,-6.0978,-1.0000,2
*CCCCCCCC(=O)NCCCCCCNC(=O)CCCCOC(=O)CCCCCCCCCCCCC(=O)N*,CN(C)C(=N)N=C(N)N,7.0197,-1.2438,113.6000,2.4294,-10.4659,-6.3678,-9.2334,-5.4206,-1.0000,2
*Oc1ccc(C(C)c2ccc(OC(=O)OCCCCCCCOCCCOC(=O)c3ccc(OCc4ccc(C(*)=O)cc4)cc3)cc2)cc1,CN(C)C(=N)N=C(N)N,8.6651,-1.2438,106.5900,3.2398,-8.2170,-7.3980,-9.2335,-5.4206,-1.0000,2
*CCCCCCCNC(=O)C(C)C(CC)CCNC(=O)CCCCC(=O)N*,CN(C)C(=N)N=C(N)N,3.2873,-1.2438,87.3000,3.1453,-10.3958,-5.8076,-9.4403,-5.9710,-3.0000,2
*CC(*)S(=O)(=O)OCCCCCCC(=O)Nc1ccc(OCCC)cc1,CN(C)C(=N)N=C(N)N,3.7307,-1.2438,81.7000,2.1364,-9.9521,-6.2818,-9.4403,-5.9710,-1.0000,2
*Oc1ccc(C(=O)NCCCCCCc2ccc(NC(=O)c3ccc(*)cc3C(C)C)cc2)cc1,CN(C)C(=N)N=C(N)N,6.3008,-1.2438,67.4300,2.0684,-10.2805,-6.7884,-9.4403,-5.9710,-1.0000,2
*CCCCCCCCCCCCCCCCCCCCCCCOC(=O)c1ccc(C(=O)OCCCCCCOC(=O)c2ccc(O*)cc2)cc1,CN(C)C(=N)N=C(N)N,12.3352,-1.2438,88.1300,2.3375,-10.9038,-8.1155,-9.4967,-5.9678,-1.0000,2
*Oc1ccc(NC(=O)c2ccc(OCCCOCCCCCOC(*)=O)cc2)cc1,CN(C)C(=N)N=C(N)N,3.7733,-1.2438,83.0900,2.1811,-10.0684,-7.0282,-9.5303,-6.0978,-2.0000,2
*Oc1ccc(Cc2ccc(Oc3ccc(Oc4ccc(C(=O)c5ccc(*)cc5)cc4)c(C(=O)OC)c3)cc2)cc1C,CN(C)C(=N)N=C(N)N,7.8936,-1.2438,71.0600,2.3343,-7.7393,-7.6192,-9.5303,-6.0978,-1.0000,2
*CCCCCCCCOC(=O)Cc1ccc(C=CNC(=O)O*)cc1,CN(C)C(=N)N=C(N)N,4.3711,-1.2438,64.6300,2.3284,-10.1738,-6.8155,-9.4403,-5.9710,-1.0000,2
*CCCCCCCCCCCCC(=O)OCCOC(=O)CSCCCCC(=O)O*,CN(C)C(=N)N=C(N)N,5.3719,-1.2438,78.9000,2.3247,-9.9527,-7.1950,-8.9803,-5.1653,-1.0000,2
*CCCCCCCNC(=O)C(CCCCNC(=O)N*)c1ccc(C)cc1,CN(C)C(=N)N=C(N)N,4.0038,-1.2438,70.2300,2.5725,-10.3570,-6.2514,-9.5114,-6.1328,-1.0000,2
*CCOC(=O)c1ccc(C(=O)NCCCCCCCCCCCNC(=O)Oc2ccc(-c3ccc(C(*)=O)cc3)cc2)cc1,CN(C)C(=N)N=C(N)N,7.3721,-1.2438,110.8000,2.4255,-10.7254,-8.0086,-9.4403,-5.9710,-2.0000,2
*CCCCCCCCCOC(=O)c1ccc(NC(=O)OCCCCCCCCCCCCCCCOC(=O)O*)cc1,CN(C)C(=N)N=C(N)N,9.9084,-1.2438,100.1600,2.4612,-10.7573,-7.3204,-9.5303,-6.0978,-2.0000,2
*Oc1ccc(Oc2ccc(C(=O)Oc3ccc(C(=O)c4cccc(*)c4)cc3)cc2)cc1OC,CN(C)C(=N)N=C(N)N,5.6433,-1.2438,71.0600,1.9614,-7.9860,-7.7125,-9.4403,-5.9710,-1.0000,2
*CC(CCCCCNC(=O)OCCCCOC(*)=O)c1ccc(F)c(F)c1,CN(C)C(=N)N=C(N)N,4.3081,-1.2438,64.6300,2.9149,-10.8710,-7.0998,-9.5303,-6.0978,-1.0000,2
*c1ccc(-c2ccc(OCCOP(=O)(O*)OC(=O)c3ccc(OC(C)OCCCCCCCCC)cc3)cc2)cc1,CN(C)C(=N)N=C(N)N,8.1984,-1.2438,89.5200,3.2996,-8.0274,-6.9927,-9.4967,-5.9678,-1.0000,2
*CCCCCCCCOc1ccc(C(=O)NNC(=O)CCCSCCCCCCOC(=O)c2ccc(C(=O)O*)cc2)cc1,CN(C)C(=N)N=C(N)N,6.8159,-1.2438,120.0300,2.5332,-8.2610,-7.1559,-9.2335,-5.4206,-3.0000,2
*Oc1c(Cl)cc(OC(=O)c2ccc(SC(=O)O)cc2)cc1*,CN(C)C(=N)N=C(N)N,4.0349,-1.2438,72.8300,2.2464,-10.9567,-8.2882,-8.9803,-5.1653,-1.0000,2
*CCCCCCCCOCCCNC(=O)c1ccc(NC(=O)CCCCCCCCCCCCCCC(=O)NCC/C=C/CCN*)cc1,CN(C)C(=N)N=C(N)N,8.9948,-1.2438,108.5600,2.8305,-10.0054,-7.0413,-9.5303,-6.0978,-1.0000,2
*CCOCCOCCCCCCOCCOC(=O)/C=C/CCCCCCOC(=O)C(=O)OCCCCCCCCCCC(=O)O*,CN(C)C(=N)N=C(N)N,6.3483,-1.2438,132.8900,2.9279,-8.2603,-7.2433,-9.5114,-6.1328,-1.0000,2
*c1ccc(C(=O)OCCCCCCCCCCCOC(=O)C(=O)Nc2ccc(C(=O)Nc3ccc(-c4ccc(*)cc4)cc3)cc2)cc1,CN(C)C(=N)N=C(N)N,8.4555,-1.2438,110.8000,2.3536,-8.0818,-7.4427,-9.4967,-5.9678,-1.0000,2
*CCCNC(=O)c1ccc(C(=O)NCCCCCCCCCNC(=O)c2ccc(C(=O)N*)cc2)cc1,CN(C)C(=N)N=C(N)N,3.8158,-1.2438,116.4000,1.9560,-10.4324,-7.5409,-9.5303,-6.0978,-2.0000,2
*CCCCCCCCOC(=O)Nc1ccc(OCCCCNC(=O)O*)cc1,CN(C)C(=N)N=C(N)N,5.0222,-1.2438,85.8900,2.0270,-10.0284,-6.2921,-9.0263,-5.4164,-1.0000,2
*Oc1ccc(OCC(C)OC(C)COC(=O)Nc2ccc(OC(=O)OCCCOC(=O)c3ccc(C(*)=O)cc3)cc2)cc1O,CN(C)C(=N)N=C(N)N,5.0939,-1.2438,165.1500,3.5827,-8.6311,-7.1824,-9.4403,-5.9710,-1.0000,2
*CCCCCCCCCCCCOC(=O)CCCCC(=O)NNC(=O)CS*,CN(C)C(=N)N=C(N)N,4.0881,-1.2438,84.5000,2.3426,-10.6730,-6.8927,-9.4403,-5.9710,-3.0000,2
*CCCCCC(=O)NNC(=O)c1ccc(C(=O)NCCCCCNC(=O)C(=O)Nc2ccc(C(=O)N*)cc2)cc1,CN(C)C(=N)N=C(N)N,1.7818,-1.2438,174.6000,2.3356,-10.6520,-7.9527,-9.4403,-5.9710,-5.0000,2
*Nc1ccc(CCNC(=O)CCc2ccc(C(=O)N*)cc2)cc1,CN(C)C(=N)N=C(N)N,1.6592,-1.2438,70.2300,1.7791,-9.7519,-7.0328,-9.0738,-5.4119,-1.0000,2
*CCCCCCOC(=O)C(C)(C)OC(=O)c1ccc(C(=O)Oc2ccc(C(=O)Oc3ccc(O*)cc3)cc2)cc1,CN(C)C(=N)N=C(N)N,5.8895,-1.2438,114.4300,2.4461,-8.2500,-7.7405,-8.9803,-5.1653,-1.0000,2
*CCCCCCCCCCCCCCOC(=O)c1ccc(OC(=O)O*)cc1,CN(C)C(=N)N=C(N)N,6.6013,-1.2438,61.8300,1.9903,-11.2408,-7.7892,-9.4967,-5.9678,-1.0000,2
*CCCCCCCCCCCCNC(=O)CCCCCCCCCCCCCCCCCCCCCCCCCCCCCCC(=O)OCCOCCOC(=O)N*,CN(C)C(=N)N=C(N)N,14.3816,-1.2438,102.9600,2.8059,-10.4930,-6.6363,-9.3593,-5.8504,-2.0000,2
*Oc1ccc(Oc2ccc(CC(O)C(=S)OCc3ccc(OC(*)=O)cc3)cc2)cc1,CN(C)C(=N)N=C(N)N,4.1673,-1.2438,74.2200,2.9590,-8.1786,-7.5692,-9.5303,-6.0978,-1.0000,2
*CCOC(=O)CCSCCCCCCCCCCC(=O)OCc1ccc(Cc2ccc([N+](O)[O-])c(Br)c2)cc1C(=O)O*,CN(C)C(=N)N=C(N)N,7.6372,-1.2438,128.0900,3.0299,-7.8372,-7.2659,-9.5303,-6.0978,-1.0000,2
*CCCCCCCCCCCOC(=O)CCCCSCCCCCCCCCCC(=O)NNC(=O)CC(=O)O*,CN(C)C(=N)N=C(N)N,7.0969,-1.2438,110.8000,2.6740,-7.0287,-6.7942,-9.5303,-6.0977,-3.0000,2
*CC(*)C(=O)OCCCCCCCCNC(=O)c1ccc(C(=O)Oc2ccc(C#N)cc2)cc1,CN(C)C(=N)N=C(N)N,4.8011,-1.2438,105.4900,2.1881,-10.8563,-8.1911,-9.4403,-5.9710,-1.0000,2
*CCCCCC(=O)OCCOCCOCCCOCCOC(=O)/C=C/CC(=O)OCCCCC(=O)O*,CN(C)C(=N)N=C(N)N,2.8374,-1.2438,132.8900,2.7884,-10.6115,-7.5146,-9.5303,-6.0978,-1.0000,2
*Oc1ccc(Cc2ccc(CNC(=O)CCCCC(=O)OC(O*)=O)cc2C)cc1Cl,CN(C)C(=N)N=C(N)N,4.3426,-1.2438,90.9300,2.4258,-7.9080,-6.5055,-9.2335,-5.4206,-1.0000,2
*Oc1ccc(C(=O)Nc2ccc(Cc3ccc(NC(*)=O)c(OC)c3)cc2)cc1C,CN(C)C(=N)N=C(N)N,4.1206,-1.2438,76.6600,2.1304,-10.1318,-6.9901,-9.4180,-5.9999,-2.0000,2
*CCN(CCOC(=O)Nc1ccc(CNC(=O)S*)cc1)c1ccccc1,CN(C)C(=N)N=C(N)N,3.9010,-1.2438,70.6700,2.2718,-9.4766,-6.7653,-9.5114,-6.1328,-2.0000,2
*CCCCCC(=O)NCCCCCCNC(=O)NCCCCCCNC(=O)CCCCCCCCCCCC(=O)N*,CN(C)C(=N)N=C(N)N,5.9955,-1.2438,128.4300,2.3088,-10.4413,-5.7441,-9.5303,-6.0978,-4.0000,2
*Oc1ccc(S(=O)(=O)c2ccc(C([2H])(F)F)cc2)c(C(*)=O)c1,CN(C)C(=N)N=C(N)N,2.9751,-1.2438,60.4400,2.9457,-8.5945,-7.9916,-9.5303,-6.0978,-1.0000,2
*CCCCCC(=O)CCCCCC(=O)NCCc1ccc(CNC(=O)c2ccc(C(=O)O*)cc2)cc1,CN(C)C(=N)N=C(N)N,5.0734,-1.2438,101.5700,2.1672,-8.0882,-6.9019,-9.0648,-5.4207,-2.0000,2
*CCCCCCCCCCCCCCCCCCCCCCCCCCCCCCC(=O)NCCCCCCNC(=O)CCCCCCC(=O)N*,CN(C)C(=N)N=C(N)N,12.9379,-1.2438,87.3000,2.3529,-10.4186,-5.7905,-9.5303,-6.0978,-2.0000,2
*Oc1ccc(OC(=O)c2ccc(OC(=O)NNCCCCCNC(*)=O)cc2)cc1,CN(C)C(=N)N=C(N)N,2.1207,-1.2438,114.9900,2.4925,-7.5554,-6.5610,-9.3593,-5.8504,-2.0000,2
*Oc1c(C)cc(OC(=O)c2ccc(Oc3ccc(C(*)=O)cc3)cc2OC)cc1,CN(C)C(=N)N=C(N)N,4.5332,-1.2438,71.0600,2.1379,-8.1282,-7.3291,-9.0263,-5.4164,-1.0000,2
*CCCCCCCCNC(=O)c1ccc(C(=O)NCCCNC(=O)c2ccc(C(=O)NNC(=O)c3ccc(NC(*)=O)cc3)cc2)cc1,CN(C)C(=N)N=C(N)N,3.9699,-1.2438,174.6000,2.3892,-10.5650,-7.8627,-9.5114,-6.1327,-4.0000,2
*CCCCCCCOC(=O)CCCC(=O)OSCCCCCCCCCCOC(=O)CCCCCCCCC(=O)OCCCC(=O)O*,CN(C)C(=N)N=C(N)N,9.0545,-1.2438,131.5000,2.8508,-9.8469,-6.8924,-9.5114,-6.1328,-1.0000,2
*CCCCCCCCCCCCCCNC(=O)CC(=O)NCc1ncc(C(=O)NCCc2ccc(NC(=O)CCC(=O)N*)cc2)cc1,CN(C)C(=N)N=C(N)N,5.0817,-1.2438,158.3900,2.7060,-7.7645,-7.3200,-9.3593,-5.8504,-1.0000,2
*Oc1ccc(OC(=O)/C=C/C=C/CC(=O)Oc2ccc(Cl)cc2)cc1C(=O)O*,CN(C)C(=N)N=C(N)N,3.7573,-1.2438,88.1300,2.5347,-10.9303,-8.1261,-9.0738,-5.4119,-1.0000,2
*CCCCCCCCOc1ccc(NC(=O)c2ccc(C(=O)Nc3ccc(C(=O)O*)cc3)cc2)cc1C,CN(C)C(=N)N=C(N)N,6.9371,-1.2438,93.7300,2.0265,-7.9129,-7.4547,-9.4403,-5.9710,-2.0000,2
*CCCCCCCCCCCCCCCCCOC(=O)CCCCC(=O)OCCCCCCOc1ccc(C(=O)c2ccc(O*)cc2)cc1,CN(C)C(=N)N=C(N)N,11.0806,-1.2438,88.1300,2.5637,-10.4394,-7.5700,-9.3593,-5.8504,-1.0000,2
*CCCCCCCCCCCNC(=O)CCCCCCCCCCCCCCC(=O)Nc1ccc(Cc2ccc(NC(=O)CCC(=O)Nc3ccc(O*)cc3)cc2)cc1,CN(C)C(=N)N=C(N)N,12.3873,-1.2438,125.6300,2.6816,-10.1490,-6.9313,-9.5114,-6.1328,-3.0000,2
*CCCCCCCCCNC(=O)CC(=O)NCCCCCCNC(=O)C(=O)N(*)Cc1ccc(C)cc1,CN(C)C(=N)N=C(N)N,3.6609,-1.2438,107.6100,2.3279,-10.2715,-7.1931,-9.0738,-5.4119,-3.0000,2
*CCCCCCCCOC(=O)C(COCC(=O)O*)c1ccc(/N=N/c2ccc([N+](=O)[O-])cc2)cc1,CN(C)C(=N)N=C(N)N,6.0987,-1.2438,129.6900,3.1505,-8.6085,-7.2016,-9.5114,-6.1327,-1.0000,2
*CCCCCCC(=O)NCCCCCCCNS(=O)(=O)CCCC(=O)N*,CN(C)C(=N)N=C(N)N,2.2084,-1.2438,104.3700,2.2537,-10.5266,-6.1139,-9.4967,-5.9678,-1.0000,2
*C(=O)Nc1ccc(NC(=O)c2ccc(NC(=O)CCCC(=O)Nc3ccc(*)cc3)cc2)cc1,CN(C)C(=N)N=C(N)N,4.2547,-1.2438,116.4000,1.9799,-10.2449,-7.4178,-9.2335,-5.4206,-2.0000,2
*Oc1ccc(C(CCl)=C(/C=C/c2ccc(O*)cc2)c2ccc(OCC(=O)Oc3ccc(OCCC)cc3)cc2)cc1,CN(C)C(=N)N=C(N)N,7.7340,-1.2438,63.2200,2.7311,-10.0023,-7.2380,-9.0738,-5.4119,-1.0000,2
*CCCCCCSCC(=O)CCCCC(=O)NCCCCC(=O)N*,CN(C)C(=N)N=C(N)N,3.2012,-1.2438,75.2700,2.3205,-7.0731,-6.3868,-9.4403,-5.9710,-2.0000,2
*NC(=O)c1cccc(NC(=O)Oc2ccc(C(=O)NNC(=O)CCCCCCCC(*)=O)cc2)c1,CN(C)C(=N)N=C(N)N,3.0870,-1.2438,142.7000,2.3349,-10.5473,-7.4930,-9.4403,-5.9710,-3.0000,2
*C(=O)Nc1ccc(NC(=O)Cc2ccc(CC(=O)NNNC(=O)c3ccc(*)cc3)cc2)cc1,CN(C)C(=N)N=C(N)N,1.9444,-1.2438,128.4300,2.3723,-10.1387,-7.3393,-9.5114,-6.1328,-4.0000,2
*Nn1cc(NC(=O)COC(=O)CCCCCCCC(*)=O)cc1,CN(C)C(=N)N=C(N)N,1.6132,-1.2438,89.4300,2.6485,-7.4282,-7.0045,-9.5303,-6.0978,-1.0000,2
*CCCCCCCCNC(=O)c1ccc(C(=O)NCCNC(=O)c2ccc(C(*)=O)cc2)cc1,CN(C)C(=N)N=C(N)N,3.7492,-1.2438,104.3700,2.0535,-8.5114,-7.6333,-9.4967,-5.9678,-2.0000,2
*CCCOCCSSC(=O)SNC(=O)CSCNC(=O)OCCCCCCCCCCCC(=O)O*,CN(C)C(=N)N=C(N)N,6.0813,-1.2438,120.0300,3.3347,-8.8229,-7.7069,-9.5114,-6.1328,-3.0000,2
*CC(*)C(=O)OCCCCCOc1ccc(C(=O)Nc2ccc(-c3ccc(C(=O)Oc4ccc(C(=O)c5ccccc5)cc4)cc3)cc2)cc1,CN(C)C(=N)N=C(N)N,8.5584,-1.2438,108.0000,2.4658,-7.8862,-7.6953,-9.5303,-6.0978,-1.0000,2
*CCC(=O)c1ccc(SCC(=O)OCCCCCOc2ccc(C(C)(C)c3ccc(C(=O)O*)cc3)cc2)cc1,CN(C)C(=N)N=C(N)N,7.1880,-1.2438,78.9000,2.4644,-7.9533,-7.4299,-9.4967,-5.9678,-1.0000,2
*CCCCCCCCCCCCCC[Si](C)(C)OCCCCOc1ccc(/N=C/c2ccc(OCCOc3ccc(C(=O)O*)cc3)cc2)cc1,CN(C)C(=N)N=C(N)N,11.6750,-1.2438,75.5800,2.9337,-7.4307,-6.7154,-9.4180,-5.9999,-1.0000,2
*CCNC(=O)CCCCCCCCCC(=O)NCCCCNC(=O)CCCCCCNC(=O)c1ccccc1C(=O)N*,CN(C)C(=N)N=C(N)N,4.1254,-1.2438,145.5000,2.4354,-10.5151,-7.2282,-9.5303,-6.0978,-3.0000,2
*CCCCC[Si](CC)(C)CCCCOC(=O)NCCCCCCNC(=O)CCCCCCC(=O)NCCCCCC(=O)N*,CN(C)C(=N)N=C(N)N,6.9606,-1.2438,125.6300,3.3953,-10.3455,-5.7251,-9.0738,-5.4119,-4.0000,2
*OC(=O)OCCCCCCCCCCCCCCNC(=O)c1ccc(/C=C/c2ccc(/N=C/c3ccc(O*)cc3)cc2)cc1,CN(C)C(=N)N=C(N)N,9.4188,-1.2438,86.2200,2.7124,-7.5333,-7.1917,-9.3593,-5.8504,-2.0000,2
*CCCOCCCCOCCOCCOCCOCCOC(=O)C/C=C/C(=O)OCCCCCCCCOC(=O)C(=O)O*,CN(C)C(=N)N=C(N)N,3.2607,-1.2438,151.3500,3.0623,-8.5656,-7.6911,-9.4403,-5.9710,-1.0000,2
*CCCOCCOc1ccc(C(=O)Nc2ccc(NC(=O)OCCCCCCCOC(=O)c3ccc(C(=O)Oc4ccc(*)c(C#N)c4)cc3)cc2)cc1,CN(C)C(=N)N=C(N)N,8.1912,-1.2438,162.2800,2.7883,-8.3663,-7.8424,-9.4403,-5.9710,-2.0000,2
*NS(CCCCCC)Nc1cc(C)c(NC(=O)O*)cc1,CN(C)C(=N)N=C(N)N,3.8670,-1.2438,62.3900,3.5256,-4.4156,-3.8151,-9.2335,-5.4206,-1.0000,2
*CCC(CC(=O)NCCCCCCOc1ccc(/C=C/c2ccc(O*)cc2)cc1)C#N,CN(C)C(=N)N=C(N)N,5.5579,-1.2438,71.3500,2.8961,-9.8257,-6.6678,-9.5114,-6.1328,-1.0000,2
*CCCCNC(=O)Nc1ccc(Nc2ccc(NC(=O)CCCCCCCCC(=O)Nc3ccc(C(=O)Oc4ccc(O*)cc4)cc3)cc2)cc1,CN(C)C(=N)N=C(N)N,8.9746,-1.2438,146.8900,2.6015,-7.5939,-6.6225,-9.3593,-5.8504,-4.0000,2
*CCCCN(*)C(=O)Nc1ccc([N+](=O)[O-])cc1,CN(C)C(=N)N=C(N)N,2.5164,-1.2438,75.4800,1.6727,-8.6881,-7.1011,-9.5114,-6.1328,-1.0000,2
*CC(CO)COC(=O)NCCCCCCCCCCNC(=O)OCCNc1ccc(C(=O)O*)c(CCC)c1,CN(C)C(=N)N=C(N)N,4.9508,-1.2438,135.2200,3.1423,-9.9728,-6.9308,-9.5303,-6.0978,-3.0000,2
*CCC[Si](C)(C)NC(=O)c1ccc(C(=O)NCCCNC(=O)/C=C/C(=O)N(C)CCC(=O)O*)cc1,CN(C)C(=N)N=C(N)N,1.7569,-1.2438,133.9100,2.9273,-10.4810,-7.5656,-9.2335,-5.4206,-2.0000,2
*Oc1ccc(/C=N/N=C/c2ccc(/C=C/c3ccc(NC(=O)c4ccc(C(*)=O)cc4)cc3)cc2)cc1,CN(C)C(=N)N=C(N)N,6.0804,-1.2438,80.1200,2.4742,-7.8964,-7.1837,-9.5303,-6.0978,-2.0000,2
*CCCCCCCCCOC(=O)c1ccc(NC(=O)CCCCCCCC(=O)NCCNC(=O)c2ccc(C(=O)O*)cc2)cc1,CN(C)C(=N)N=C(N)N,6.5076,-1.2438,139.9000,2.4287,-10.6311,-8.0031,-9.4180,-5.9999,-1.0000,2
*CCCC(=O)OCCSCCCNC(=O)CCOCc1ccc(C(=O)NCCCCCCCNC(=O)CO*)cc1,CN(C)C(=N)N=C(N)N,2.9649,-1.2438,132.0600,2.6752,-10.0275,-7.1059,-9.5303,-6.0978,-1.0000,2
*Oc1ccc(S(=O)(=O)c2ccc(Oc3ccc(C(=O)c4ccc(*)cc4)cc3)cc2)cc1,CN(C)C(=N)N=C(N)N,5.2483,-1.2438,69.6700,1.9157,-10.7034,-7.9289,-9.4403,-5.9710,-1.0000,2
*C(=O)NCCCCCCNC(=O)CCCCC(=O)NC-CCCCCCCCCNC(*)=O,CN(C)C(=N)N=C(N)N,2.9524,-1.2438,116.4000,2.3902,-10.3939,-5.9963,-9.0738,-5.4119,-1.0000,2
*CCCCCCCCOC(=O)OSCCCCCSSCSCSSCCCCC(=O)O*,CN(C)C(=N)N=C(N)N,8.9845,-1.2438,61.8300,3.4720,-10.1834,-7.0490,-9.5303,-6.0978,-1.0000,2
*C#Cc1nc(C(=O)OCCCCCCCCOC(=O)c2ccc(CC(=O)O*)cc2)c1,CN(C)C(=N)N=C(N)N,3.3260,-1.2438,91.2600,2.7216,-9.5357,-7.4974,-9.0173,-5.2053,-1.0000,2
*Oc1ccc(C(=O)OCCCCCCCCC)c(Br)c1C(=O)Oc1ccc(C(=O)OCCCCCCCCCCCCCCC(=O)Oc2ccc(*)cc2)c(OCCCCCCCCC)c1,CN(C)C(=N)N=C(N)N,15.2444,-1.2438,123.6600,3.3808,-10.5143,-7.8450,-9.5114,-6.1328,-1.0000,2
*CCCCCCCCCCCCCCCCCNC(=O)OC(=O)c1ccc(NC(=O)CCCCCCCC(=O)Nc2ccc(N*)cc2)cc1,CN(C)C(=N)N=C(N)N,10.3145,-1.2438,125.6300,2.6456,-7.7365,-6.6577,-9.5303,-6.0978,-1.0000,2
*C(=O)OCCCCCCCCCOC(=O)OC(=O)CCOCOC(=O)CCCCCCCCCCCCC(=O)O*,CN(C)C(=N)N=C(N)N,6.2431,-1.2438,140.7300,2.9301,-11.0501,-7.7789,-9.4403,-5.9710,-1.0000,2
*CCCCCCCCCCCCCCCCCCOC(=O)Oc1ccc(OCCCCCCOc2ccc(/C=C/c3ccc(O*)cc3)cc2)cc1,CN(C)C(=N)N=C(N)N,13.3577,-1.2438,63.2200,2.6440,-9.8641,-6.7089,-9.5303,-6.0977,-1.0000,2
*CCOCCOC(=O)NCCOCCOCCOCC[Si](*)(C)CCCCCCCCC,CN(C)C(=N)N=C(N)N,4.4064,-1.2438,75.2500,3.5248,-10.3239,-5.4726,-8.9803,-5.1653,-1.0000,2
*CCCCCCCCCCCCCCCCNCC(=O)CCOCCOCCCCCNC(=O)c1ccc(C(=O)NCCCCC-c2ccc(NNC(=O)CCCCNC(=O)N*)cc2)cc1,CN(C)C(=N)N=C(N)N,9.0745,-1.2438,188.0200,3.4461,-9.9467,-7.2659,-9.5114,-6.1328,-4.0000,2
*CCCCCCCCCCCCCCCCCCCCOC(=O)c1ccc(NC(=O)CCCCC(=O)O*)c(C)c1,CN(C)C(=N)N=C(N)N,9.7770,-1.2438,81.7000,2.3522,-10.6210,-7.3809,-9.4967,-5.9678,-2.0000,2
*CCOc1ccc(C(=O)NCCCCCNC(=O)c2ccc(N3C(=O)c4ccc(O*)cc4C3=O)cc2)cc1,CN(C)C(=N)N=C(N)N,3.9216,-1.2438,114.0400,2.2627,-8.7509,-7.6505,-9.4180,-5.9999,-3.0000,2
*OC(=O)OCCSCCCCCCCCCOc1ccc(/N=N/c2ccc(/C=C/c3ccc([N+](=O)[O-])cc3)cc2)cc1*,CN(C)C(=N)N=C(N)N,9.7179,-1.2438,112.6200,2.8663,-8.4896,-7.4325,-9.4967,-5.9678,-1.0000,2
*CCOCCOC(=O)NCCCNC(=O)OCc1ccc(Cc2ccc(NC(=O)c3ccc(C(=O)Nc4ccc(C(=O)N*)cc4)cc3)cc2)cc1,CN(C)C(=N)N=C(N)N,5.2599,-1.2438,173.1900,2.6553,-7.9144,-7.1765,-9.0738,-5.4119,-2.0000,2
*OC(*)[Si](C)(C)CCCCCCCCCCCCCCCCCC(=O)Nc1ccc(OCC(=O)c2ccc(C)cc2)cc1,CN(C)C(=N)N=C(N)N,9.6767,-1.2438,64.6300,2.6413,-7.7456,-6.6629,-9.0738,-5.4119,-1.0000,2
*CC(F)(F)C(F)(F)COc1ccc(C(F)(F)CCCC(=O)NNCCCNC(=O)c2ccc(C(=O)NC(=O)c3ccc(O*)cc3)cc2)cc1,CN(C)C(=N)N=C(N)N,5.3347,-1.2438,134.8600,3.1346,-8.0527,-7.3655,-9.0697,-5.2057,-2.0000,2
*CCCCCCCCCCCCCCCCCCCCCCCOC(=O)NCCCNC(=O)O*,CN(C)C(=N)N=C(N)N,8.5823,-1.2438,76.6600,2.2444,-10.9225,-5.3554,-9.0738,-5.4119,-1.0000,2
*CCCCCCCCCCCOc1ccc(/C=C/c2ccc(OC(=O)CCCCCCCCC(=O)Nc3ccc(O*)cc3)cc2)c(OC)c1Br,CN(C)C(=N)N=C(N)N,11.9082,-1.2438,83.0900,2.8966,-10.0869,-7.2324,-9.4403,-5.9710,-2.0000,2
*CCCNC(=O)CCCCCCCCCCCCC(=O)NCCCCCCCSCCCNC(=O)S*,CN(C)C(=N)N=C(N)N,7.0232,-1.2438,87.3000,2.6246,-9.9801,-6.4716,-9.4403,-5.9710,-1.0000,2
*NC(=O)Nc1ccc(Cc2ccc(NC(=O)CCCCCCCCCCCCCCCCCCCCCNC(=O)c3ccc(C(=O)Nc4ccc(*)cc4)cc3)cc2)cc1,CN(C)C(=N)N=C(N)N,12.1908,-1.2438,128.4300,2.6681,-7.5871,-6.6957,-9.4403,-5.9710,-3.0000,2
*CCCCCCCCCCCCCCS(=O)(=O)CCCCC(=O)NNC(=O)c1ccc(-c2ccc(NC(=O)O*)cc2)cc1,CN(C)C(=N)N=C(N)N,7.4907,-1.2438,130.6700,2.5779,-10.6858,-7.4633,-9.5303,-6.0978,-3.0000,2
*C(=O)CCCCC(=O)OCCCOCCCOC(=O)c1ccc(-c2ccc(C(=O)Nc3ccc(O*)cc3)cc2)cc1,CN(C)C(=N)N=C(N)N,5.5676,-1.2438,117.2300,2.4715,-7.7937,-7.5166,-9.5303,-6.0978,-1.0000,2
*C#Cc1ccc(/N=C/C=C/C(=O)Nc2ccc(NC(=O)CCCCS(=O)(=O)CCCCC(=O)Nc3ccc(*)cc3)cc2)cc1,CN(C)C(=N)N=C(N)N,5.8977,-1.2438,133.8000,2.8842,-8.3827,-6.7429,-9.4403,-5.9710,-1.0000,2
*CCCCNC(=O)CCCCCCCCCCCCCCCCC(=O)NCCCCCCCCCCCCNC(=O)OC(=O)O*,CN(C)C(=N)N=C(N)N,9.5657,-1.2438,122.8300,2.5110,-10.5331,-7.0700,-9.5114,-6.1328,-2.0000,2
*CCOCCCCOC(=O)NCCCCCCCCCNC(=O)OCCCCOCCOC(=O)Nc1ccc(C(C)(C)c2ccc(N*)cc2)cc1,CN(C)C(=N)N=C(N)N,7.9398,-1.2438,145.4800,3.0194,-9.6996,-6.3266,-9.0263,-5.4164,-2.0000,2
*CC[Si](C)(C)O[Si](*)(C)CCCCCC(=O)NCCCCCOc1ccc(C(=O)O)cc1,CN(C)C(=N)N=C(N)N,5.2057,-1.2438,84.8600,3.3365,-10.3201,-7.2947,-9.4967,-5.9678,-2.0000,2
*/N=C(\C)c1cccc(OCCCCCCCCCCOC(=O)c2ccc(C(=O)O*)cc2)c1,CN(C)C(=N)N=C(N)N,6.1292,-1.2438,74.1900,2.5972,-8.2547,-7.2009,-9.5114,-6.1328,-1.0000,2
*CCCOC(=O)CCC(=O)OCCCCOC(=O)c1ccc(C(C)(CC)c2ccc(O*)cc2)cc1,CN(C)C(=N)N=C(N)N,5.3218,-1.2438,88.1300,2.9344,-10.3098,-7.3061,-9.4403,-5.9710,-1.0000,2
*OC(=O)NNC(=O)CCCCNC(=O)SCCCCSCCC(*)=O,CN(C)C(=N)N=C(N)N,2.0007,-1.2438,113.6000,3.0193,-7.5645,-6.5824,-9.0738,-5.4119,-2.0000,2
*CCC(=O)NCCCCCNC(=O)NCCCCCCCCCNC(=O)CCCCCCCCCCCCCC(=O)NC(=O)CCCCCCCCCCCC(=O)N*,CN(C)C(=N)N=C(N)N,9.3195,-1.2438,174.6000,2.7618,-10.3670,-7.0793,-9.4967,-5.9678,-3.0000,2
*Oc1ccc(C(CC#C)Oc2ccc(C(=O)OCCCCCCCCCCCOc3ccc(C(=O)c4ccc(*)cc4)cc3)cc2)cc1,CN(C)C(=N)N=C(N)N,9.5133,-1.2438,71.0600,3.1299,-10.4120,-7.6171,-9.5114,-6.1328,-1.0000,2
*OP(=O)(Oc1ccc(C(C)(C)c2ccc(C(*)=O)cc2)cc1)OC,CN(C)C(=N)N=C(N)N,3.9506,-1.2438,61.8300,2.8637,-10.7917,-7.8979,-9.4403,-5.9710,-1.0000,2
*CCCCCCCCCCCCOC(=O)Cc1ccc(C(=O)NCCCCCCO*)cc1,CN(C)C(=N)N=C(N)N,5.9757,-1.2438,64.6300,2.1253,-10.5035,-7.0820,-9.5303,-6.0978,-1.0000,2
*C(=O)OCCCOC(=O)c1ccc(/C=C/c2ccc(OCCCCCCCOC(=O)c3ccc(C(=O)O*)cc3)cc2)cc1,CN(C)C(=N)N=C(N)N,6.4614,-1.2438,114.4300,2.5889,-8.3605,-7.5446,-9.4967,-5.9678,-1.0000,2
*CCCCCCOc1ccc(OC(=O)CCCCCCCCCCCOC(=O)CCCCCCC(=O)Nc2ccc(O*)cc2)cc1,CN(C)C(=N)N=C(N)N,9.6802,-1.2438,100.1600,2.5645,-10.1102,-6.6695,-9.5303,-6.0978,-1.0000,2
*CC(=O)NCCCCCCCNC(=O)CCCCCCCCCCC(=O)N*,CN(C)C(=N)N=C(N)N,3.5755,-1.2438,87.3000,2.1075,-10.5043,-5.7122,-9.5303,-6.0978,-2.0000,2
*CC(F)(F)CCCN(C)c1ccc(Cc2ccc(NC(=O)CCCCCCCC(=O)N*)cc2)cc1,CN(C)C(=N)N=C(N)N,6.3035,-1.2438,61.4400,2.4620,-9.3117,-6.1702,-9.4967,-5.9678,-2.0000,2
*CCC#CCCC(=O)Nc1ccccc1C(C)(C)COC(=O)/C=C/C(=O)O*,CN(C)C(=N)N=C(N)N,3.2803,-1.2438,81.7000,2.8165,-8.9418,-6.6657,-9.2335,-5.4206,-1.0000,2
*Oc1ccc(C(C)(CC)c2ccc(OC(=O)CCCCCCCCCCC(=O)NCCCCOC(=O)c3ccc(OC(=O)CCC(*)=O)cc3)cc2)cc1,CN(C)C(=N)N=C(N)N,8.5525,-1.2438,134.3000,3.5011,-7.6648,-7.6146,-9.0738,-5.4119,-1.0000,2
*CCCCCCCCCCCCC(=O)NCCCNC(=O)CCCCCCCCSCCCCCCNC(=O)C(=O)NCc1ccc(C(=O)O*)cc1,CN(C)C(=N)N=C(N)N,8.0750,-1.2438,142.7000,2.8576,-7.7675,-7.4099,-9.4967,-5.9678,-2.0000,2
*C(=O)NCCCCCCCCNC(=O)Oc1ccc(CC(=O)Nc2ccc(C(C)(C)c3ccc(NC(=O)CCCC(=O)O*)cc3)cc2)cc1,CN(C)C(=N)N=C(N)N,6.5621,-1.2438,151.9300,2.8287,-10.2933,-6.7008,-9.5303,-6.0978,-3.0000,2
*CCCCCCOC(=O)SSc1ccc(C(=O)OCCCOC(=O)S*)cc1,CN(C)C(=N)N=C(N)N,5.7571,-1.2438,78.9000,2.8230,-8.2449,-7.3634,-9.4967,-5.9678,-1.0000,2
*Oc1ccc(/C=C/C=C/c2ccc(OC(=O)c3ccc(C(*)=O)cc3C(=O)OC(=O)c3ccc(OC(C)CC)cc3)cc2)cc1C(=O)O,CN(C)C(=N)N=C(N)N,7.0232,-1.2438,142.5000,3.4463,-8.3217,-7.6632,-9.4967,-5.9678,-2.0000,2
*CCCC(=O)NCCCSCCCOCCNC(=O)OCCCCCNC(=O)OCCOCCCCOC(=O)c1ccc(C(=O)O*)c(C(=O)OCOCCCC(=O)OCC)c1,CN(C)C(=N)N=C(N)N,4.8816,-1.2438,238.6500,3.5273,-8.3357,-7.6935,-9.4967,-5.9678,-3.0000,2
*Oc1ccc(Oc2ccc(OC(=O)CCCCCCCCCCCCCCC(=O)Nc3ccc(Oc4ccc(C(=O)c5ccc(*)cc5)cc4)cc3)cc2)cc1,CN(C)C(=N)N=C(N)N,12.2133,-1.2438,100.1600,2.6070,-7.8268,-7.0055,-9.0738,-5.4119,-1.0000,2
*Oc1ccc(OC(=O)OCCOC(=O)c2ccc(C(*)=O)cc2)cc1,CN(C)C(=N)N=C(N)N,2.5771,-1.2438,88.1300,2.0837,-8.6755,-7.2419,-9.0173,-5.2053,-1.0000,2
*CC(=O)Nc1ccc(Oc2ccccc2Cc2ccc(NC(=O)CCCCCCCCCCCP(=O)(O*)OCCC)cc2)cc1,CN(C)C(=N)N=C(N)N,9.4796,-1.2438,102.9600,3.1114,-10.1360,-6.6893,-9.2335,-5.4206,-3.0000,2
*Oc1ccc(C(=O)Nc2ccc(NC(=O)c3ccc(NC(=O)CC(*)=O)cc3)cc2)cc1,CN(C)C(=N)N=C(N)N,3.4243,-1.2438,113.6000,2.0185,-8.3574,-7.2866,-9.0738,-5.4119,-2.0000,2
*CCCCCOC(=O)C(F)(F)CNC(=O)OC(=O)c1ccc(OC(=O)N*)cc1,CN(C)C(=N)N=C(N)N,2.3792,-1.2438,120.0300,2.6865,-11.3745,-8.0826,-9.4403,-5.9710,-2.0000,2
*Oc1ccc(NC(=O)CCCCCCCCCCCC(=O)Nc2ccc(*)cc2C#Cc2ccccc2)cc1Oc1ccccc1,CN(C)C(=N)N=C(N)N,9.4526,-1.2438,76.6600,2.5523,-10.1422,-7.0289,-9.5303,-6.0978,-1.0000,2
*CCCCCCCC(=O)NCC(=O)/C=C/C(=O)Nc1ccccc1SC(=O)O*,CN(C)C(=N)N=C(N)N,3.9972,-1.2438,101.5700,2.6067,-8.7383,-7.9859,-9.0738,-5.4119,-2.0000,2
*Nc1ccc(Cc2ccc(NC(=O)c3ccc(C(=O)Nc4ccc(-c5ccc(*)cc5)cc4)cc3)c(N)c2)cc1C(=O)OCCCCCCCCCCCCCCCCCCCCCCC,CN(C)C(=N)N=C(N)N,14.9822,-1.2438,122.5500,3.1054,-7.6987,-7.0105,-9.0738,-5.4119,-1.0000,2
*CCCCCC(C)COC(=O)Nc1ccc(NCCCCCNC(=O)c2ccc(C(=O)O*)cc2)cc1,CN(C)C(=N)N=C(N)N,6.1619,-1.2438,105.7600,2.7049,-8.0393,-6.8569,-9.5303,-6.0978,-1.0000,2
*CCCCCCOC(=O)Oc1ccc(C(=O)OCCCCCCOc2ccc(C(=O)OCCCCCCCOC(=O)CCCCCCCCC(=O)O*)cc2)cc1,CN(C)C(=N)N=C(N)N,10.4344,-1.2438,149.9600,2.8598,-10.6347,-7.7952,-9.0263,-5.4164,-1.0000,2
*CCOC(=O)NCC(=O)CCCCCCCCC(=O)NCCCCCCNC(=O)OCCCCCCCS(=O)(=O)O*,CN(C)C(=N)N=C(N)N,4.6635,-1.2438,166.2000,2.7558,-10.5309,-7.4518,-9.4403,-5.9710,-3.0000,2
*Nc1ccc(NC(=O)Nc2ccc(NC(=S)C*)cc2)cc1,CN(C)C(=N)N=C(N)N,3.6720,-1.2438,65.1900,1.9001,-7.4182,-6.6393,-9.5303,-6.0978,-1.0000,2
*CCCCCOC(=O)NCCCCCCCNC(=O)CCCCCCCC(=O)NCCCCCCCNC(=O)CN*,CN(C)C(=N)N=C(N)N,4.8418,-1.2438,137.6600,2.4897,-10.0602,-5.7765,-9.5303,-6.0978,-1.0000,2
*CCCOc1ccc(NC(=O)c2ccc(/C=N/c3ccc(Cc4ccc(C(=O)Nc5ccc(NC(=O)O*)cc5)c(C)c4)cc3)cc2)cc1,CN(C)C(=N)N=C(N)N,8.7197,-1.2438,118.1200,2.6061,-7.9946,-7.0007,-9.3593,-5.8504,-2.0000,2
*Oc1ccc(C(=O)c2ccc(OC(=O)c3ccc(C(*)=O)cc3)c(OCCCCCCCCCCCCCCC)c2)cc1,CN(C)C(=N)N=C(N)N,9.1249,-1.2438,78.9000,2.4704,-8.5461,-7.9144,-9.4403,-5.9710,-1.0000,2
*CCSC(=O)NCCSCSCSCCCCSCCNC(=O)N*,CN(C)C(=N)N=C(N)N,3.7454,-1.2438,70.2300,3.3362,-9.8935,-6.5322,-9.0697,-5.2057,-2.0000,2
*CCCCCCCCCCCCCCOCC(=O)CCCCCCOC(=O)Nc1ccc(C(=O)NCCCCNC(=O)c2ccc(O*)cc2)cc1,CN(C)C(=N)N=C(N)N,9.1180,-1.2438,132.0600,2.8033,-10.1491,-7.4699,-9.4403,-5.9710,-3.0000,2
*CCCCCCCCCCCCCOc1ccc(C(=O)NNC(=O)c2ccc(S(=O)(=O)c3ccc(O*)cc3)cc2)cc1,CN(C)C(=N)N=C(N)N,6.9896,-1.2438,110.8000,2.3659,-10.6003,-7.9668,-9.5303,-6.0978,-2.0000,2
*Oc1ccc(C(=O)Sc2ccc(Cc3ccc(C(=O)Nc4ccc(C(*)=O)cc4)cc3)cc2)cc1C,CN(C)C(=N)N=C(N)N,6.2887,-1.2438,72.4700,2.3565,-7.9744,-7.6692,-9.3593,-5.8504,-1.0000,2
*CC(*)(CC(=O)OCC)OCCOC(=O)c1ccc(C(=O)O)cc1,CN(C)C(=N)N=C(N)N,1.8999,-1.2438,99.1300,2.5070,-11.0409,-8.3498,-9.4967,-5.9678,-1.0000,2
*CCOCCOCCOCCCOC(=O)c1ccc(C(=O)O*)cc1,CN(C)C(=N)N=C(N)N,2.0014,-1.2438,80.2900,2.0435,-8.2707,-6.8996,-9.0738,-5.4119,-1.0000,2
*Oc1ccc(C(=O)Nc2cccc(NC(=O)NC(O)CC(*)=O)c2)cc1,CN(C)C(=N)N=C(N)N,1.6734,-1.2438,116.7600,2.7132,-7.9000,-7.0959,-9.4403,-5.9710,-1.0000,2
*CCCCCCCCCCCCS(=O)(=O)NCCCNC(=O)/N=C/c1ccc(C(=O)O*)cc1,CN(C)C(=N)N=C(N)N,4.7437,-1.2438,113.9300,2.6362,-8.7595,-7.3852,-9.4180,-5.9999,-1.0000,2
*CCCCCCCCCCCCCCCCCCCCCCCCCCCCOC(=O)CCCCCCCCCC(=O)OC(=O)C(=O)N*,CN(C)C(=N)N=C(N)N,11.7581,-1.2438,98.7700,2.5669,-8.9920,-7.2255,-9.0263,-5.4164,-1.0000,2
*Nc1ccc(NC(=O)c2ccc(C(=O)NNc3ccc(NC(=O)Oc4ccc(*)cc4)cc3)cc2)cc1,CN(C)C(=N)N=C(N)N,4.8889,-1.2438,120.5900,2.1013,-7.5152,-6.6620,-9.5303,-6.0978,-3.0000,2
*Nc1ccc(NC(=O)c2ccc(C(*)=O)cc2CCCS(=O)(=O)O[Na])cc1,CN(C)C(=N)N=C(N)N,1.6961,-1.2438,101.5700,2.8126,-8.2767,-6.6135,-9.4967,-5.9678,-1.0000,2
*CCOc1ccc(CNC(=O)c2ccc(C(=O)OC(CO*)OCCC)cc2)cc1,CN(C)C(=N)N=C(N)N,2.9171,-1.2438,83.0900,2.6176,-7.9548,-6.7562,-9.3593,-5.8504,-1.0000,2
*CCCCCCCCCCCCCCCCCCCCCCCCCCCCCCCCCOC(=O)Nc1ccc(C(=O)O*)cc1,CN(C)C(=N)N=C(N)N,14.0463,-1.2438,64.6300,2.3530,-10.8833,-7.5393,-9.5303,-6.0978,-1.0000,2
*CCCCCCCCCCCCC(=O)NNC(=O)C(=O)Nc1ccc(C(=O)N*)cc1,CN(C)C(=N)N=C(N)N,3.1824,-1.2438,116.4000,2.1284,-8.2026,-7.0790,-9.0648,-5.4207,-2.0000,2
*CCC(=O)NNc1ccc(Cc2ccc([Si](C)(C)CC(=O)N*)cc2)cc1,CN(C)C(=N)N=C(N)N,2.5312,-1.2438,70.2300,2.6372,-9.7993,-6.5419,-9.5114,-6.1327,-1.0000,2
*Oc1ccc(C(=O)Oc2ccc(C(=O)c3ccc(C(*)=O)cc3)cc2)cc1,CN(C)C(=N)N=C(N)N,3.6549,-1.2438,69.6700,1.8917,-8.5832,-7.8304,-9.4403,-5.9710,-1.0000,2
*NNc1ccc(NC(=O)c2ccc(C(=O)NNC(=O)CCCCC(*)=O)cc2)cc1,CN(C)C(=N)N=C(N)N,1.7448,-1.2438,128.4300,2.1525,-7.6011,-6.7676,-9.5303,-6.0978,-3.0000,2
*O[Si](C)(C)Oc1ccc(Cc2ccc(C(=O)NCCCCCNC(=O)c3ccc(*)cc3)cc2)cc1,CN(C)C(=N)N=C(N)N,4.6804,-1.2438,76.6600,2.3039,-10.4047,-7.0302,-9.5303,-6.0977,-1.0000,2
*CCCCCc1cc(CCC)c(C(=O)OCCCCCOC(=O)c2ccc(O*)cc2)cc1,CN(C)C(=N)N=C(N)N,6.2615,-1.2438,61.8300,2.2235,-10.7358,-7.1940,-9.4967,-5.9678,-1.0000,2
*Oc1cc(C(=O)c2ccc(OC)cc2)cc(Br)c1-c1ccc(OC(=O)c2ccc(-c3ccc(C(*)=O)cc3)cc2)cc1,CN(C)C(=N)N=C(N)N,7.7600,-1.2438,78.9000,2.4575,-8.2968,-7.9759,-9.0648,-5.4207,-1.0000,2
*CCCCCOC(=O)CN(CCC)Nc1ccc(C(=O)O*)cc1,CN(C)C(=N)N=C(N)N,3.1571,-1.2438,67.8700,2.3734,-9.8689,-7.1188,-9.4967,-5.9678,-1.0000,2
*Sc1c(C)c(OCCCCCCCCCCCCCC)c(*)c(S(=O)(=O)O)c1,CN(C)C(=N)N=C(N)N,6.6103,-1.2438,63.6000,2.4826,-10.4739,-7.3235,-9.0738,-5.4119,-2.0000,2
*Oc1ccc(OC(=O)c2ccc(/C=N/c3ccc(C(*)=O)cc3)cc2)cc1OCC(C)CCC,CN(C)C(=N)N=C(N)N,5.9895,-1.2438,74.1900,2.9544,-8.4648,-7.8447,-9.3593,-5.8504,-1.0000,2
*OCCCCCCCCCCCCCCCCCOC(=O)CCC(=O)OC(=O)c1ccc(-c2ccc(-c3ccc(NC(=O)Nc4ccc(*)cc4)cc3)cc2)cc1,CN(C)C(=N)N=C(N)N,11.5152,-1.2438,120.0300,2.7480,-7.9433,-6.9408,-9.0696,-5.2057,-1.0000,2
*CCCCCCCCCCCCCCCCCCOC(=O)CCCCCOCCNC(=O)NCc1ccc(NC(=O)CCCCC(=O)NCCCCOC(=O)c2ccc(O*)cc2)cc1,CN(C)C(=N)N=C(N)N,10.8254,-1.2438,170.3900,3.2465,-10.3107,-7.4017,-9.5114,-6.1328,-4.0000,2
*CCCCCCCCCCCCC(=O)Oc1ccc(Cc2ccc(C(=O)Nc3ccc(O*)cc3)cc2)cc1,CN(C)C(=N)N=C(N)N,8.4517,-1.2438,64.6300,2.1799,-10.1033,-7.1489,-9.0738,-5.4119,-1.0000,2
*CCCCCCCCCCCCCCCNC(=O)CCCCCCCCCCCC(=O)NCCCCNC(=O)C(=O)N*,CN(C)C(=N)N=C(N)N,6.9828,-1.2438,116.4000,2.3112,-7.7442,-5.5383,-9.2335,-5.4206,-3.0000,2
*C(=O)NCCCCCCCCNC(=O)CNC(=O)SCCCCCCCCNC(=O)C(=O)NCCCCCO*,CN(C)C(=N)N=C(N)N,2.3676,-1.2438,154.7300,2.9138,-10.3181,-7.2130,-9.4180,-5.9999,-2.0000,2
*CCCCCCCCCOC(=O)/C(C)=C/C(=O)NCCCCCCCCCCCCCCSCCCCCCNC(=O)OCc1ccc(/N=N/c2ccc(O*)cc2)cc1,CN(C)C(=N)N=C(N)N,13.3649,-1.2438,127.6800,3.4285,-7.7289,-6.3915,-9.5303,-6.0978,-1.0000,2
*CCN(CCOC(=O)c1ccc(C(=O)NCCCCCCNC(=O)Oc2ccc(O*)cc2)cc1)c1ccc(/N=N/c2ccc(C#N)cc2)cc1,CN(C)C(=N)N=C(N)N,7.4414,-1.2438,154.7100,2.9617,-8.0470,-7.3793,-9.4403,-5.9710,-2.0000,2
*Sc1ccc(C(=O)NNc2ccc(Cc3ccc(NC(=O)NC(=O)c4ccc(*)cc4)cc3)cc2)cc1,CN(C)C(=N)N=C(N)N,5.2849,-1.2438,99.3300,2.2811,-7.5006,-6.8671,-9.4180,-5.9999,-2.0000,2
*CCCCCCCCCCCCCCNC(=O)CCCCCCCCC(=O)NCCCCCNC(=O)c1ccc(COCCCCOc2ccc(C(=O)c3ccc(C(=O)N*)cc3)cc2)cc1,CN(C)C(=N)N=C(N)N,11.3467,-1.2438,151.9300,3.1117,-7.9745,-6.9342,-9.5114,-6.1328,-2.0000,2
*OC(=O)CCCCCCCCCCC(=O)NCCC(=O)NC(*)=O,CN(C)C(=N)N=C(N)N,1.7509,-1.2438,101.5700,2.2714,-10.8023,-7.6767,-8.9804,-5.1653,-1.0000,2
*CCCCCSCCCNC(=O)c1ccccc1C(=O)NCCCCCCNC(=O)C(=O)N*,CN(C)C(=N)N=C(N)N,2.6216,-1.2438,116.4000,2.4158,-7.4384,-7.1805,-9.3593,-5.8504,-1.0000,2
*CCCCCCCC(=O)OC(/C=C/c1ccc(C#N)cc1)c1cccc(C(=O)O*)c1,CN(C)C(=N)N=C(N)N,5.9147,-1.2438,76.3900,2.9374,-11.0552,-7.8582,-9.4403,-5.9710,-1.0000,2
*Oc1ccc(NC(=O)c2ccc(C(=O)NCCCCNC(=O)c3ccc(C(*)=O)cc3)cc2)cc1,CN(C)C(=N)N=C(N)N,3.3970,-1.2438,113.6000,2.0306,-8.4298,-7.7190,-9.4403,-5.9710,-3.0000,2
*CCCCCCCCOC(=O)C(C)CCC(=O)OCCCCCOC(=O)c1ccc(C(=O)O*)cc1/C=N/c1ccc(/N=N/c2ccc(C#CCC#N)cc2)cc1,CN(C)C(=N)N=C(N)N,10.0063,-1.2438,166.0700,4.0315,-8.0004,-6.7645,-9.4967,-5.9678,-1.0000,2
*/C=N/CCCCCCNC(=O)OCCCCCCOc1ccc(C(=O)Oc2ccc(O*)cc2)cc1,CN(C)C(=N)N=C(N)N,5.5378,-1.2438,95.4500,2.8269,-10.4216,-7.3515,-9.5303,-6.0978,-1.0000,2
*CC(C)CCCN(CCC)C(=O)Nc1ccc(CCc2ccc(NC(=O)COC)cc2)cc1*,CN(C)C(=N)N=C(N)N,5.7368,-1.2438,70.6700,2.2029,-9.8607,-6.6769,-9.0173,-5.2053,-2.0000,2
*OC(=O)COc1ccc(C(=O)c2ccc(NC(=O)CCCCCC(=O)Nc3ccc(C(=O)NO*)cc3)cc2)cc1,CN(C)C(=N)N=C(N)N,4.0277,-1.2438,149.1300,2.2598,-10.5703,-7.8054,-9.5303,-6.0978,-2.0000,2
*CCCCCCCCCCNC(=O)c1cccc(C(=O)NCCOC(=O)c2ccc(C(=O)O*)cc2)c1,CN(C)C(=N)N=C(N)N,4.8421,-1.2438,110.8000,2.1276,-8.3478,-7.4577,-9.4403,-5.9710,-2.0000,2
*C(*)C(=O)OC(CC)C(=O)NCCOc1ccc(OC(=O)c2ccc(/N=N/c3ccc(I)cc3)cc2)cc1,CN(C)C(=N)N=C(N)N,5.7625,-1.2438,115.6500,3.0592,-8.8206,-7.5727,-9.4403,-5.9710,-1.0000,2
*CCCCCCCCCCCNC(=O)c1ccc(C(=O)NCCCOCCCCNC(=O)c2ccc(-c3ccc(-c4ccc(O*)cc4)cc3)cc2)cc1,CN(C)C(=N)N=C(N)N,9.3335,-1.2438,105.7600,2.4717,-10.2302,-7.5548,-9.5114,-6.1328,-1.0000,2
*CCCCCOCCOCCOC(=O)CCCCCCC(=O)O*,CN(C)C(=N)N=C(N)N,3.1782,-1.2438,71.0600,2.1041,-10.7553,-6.6814,-9.4967,-5.9678,-1.0000,2
*CCCCCCCCCCCCCCOC(=O)c1ccc(C(=O)OCCCCCOc2ccc(C(=O)SC(=O)O*)cc2)cc1,CN(C)C(=N)N=C(N)N,9.5020,-1.2438,105.2000,2.6247,-8.2082,-7.9229,-9.0738,-5.4119,-1.0000,2
*Oc1ccc(OC(=O)c2ccc(C(=O)OCCCCCCCOC(*)=O)cc2C)cc1CC,CN(C)C(=N)N=C(N)N,4.7625,-1.2438,88.1300,2.4845,-7.9471,-6.9536,-9.5303,-6.0978,-1.0000,2
*Oc1ccc(C(C)(C)c2ccc(OCC(=O)Oc3ccc(C(*)=O)cc3)cc2)cc1,CN(C)C(=N)N=C(N)N,4.5150,-1.2438,61.8300,2.1936,-8.3261,-7.3651,-9.5303,-6.0978,-1.0000,2
*CCCCCCOc1ccc(C(=O)Nc2ccc(NC(=O)Nc3ccc(NC(=O)CCOc4ccc(-c5ccc(O*)cc5)cc4)cc3)cc2)cc1,CN(C)C(=N)N=C(N)N,9.3222,-1.2438,127.0200,2.4898,-9.8975,-6.9406,-9.5303,-6.0977,-3.0000,2
*Cc1ccc(C(=O)NCCCCCCCCCNC(=O)c2ccc(C(=O)O*)cc2)cc1,CN(C)C(=N)N=C(N)N,4.5837,-1.2438,84.5000,1.8478,-7.9861,-6.8893,-9.4403,-5.9710,-2.0000,2
*CCCCCCCCCCCCOC(=O)/C=C/CC/C(=C=O)C(=O)NCCCCCCNC(=O)C(=O)O*,CN(C)C(=N)N=C(N)N,4.4223,-1.2438,127.8700,3.0047,-10.8646,-8.1903,-9.5303,-6.0978,-3.0000,2
*CCCCCCCS(=O)(=O)CCCCCCCC(=O)NNNC(=O)c1ccc(C(=O)Nc2ccc(NC(=O)c3ccc(O*)cc3)cc2)cc1,CN(C)C(=N)N=C(N)N,5.8882,-1.2438,171.8000,2.8133,-7.9742,-7.1662,-9.5303,-6.0978,-5.0000,2
*CCN(CCOC(=O)NCCCCCCCCNC(=O)OCCCCCCCCCCOc1ccc(C(=O)O*)cc1)c1ccc(Br)cc1,CN(C)C(=N)N=C(N)N,8.9664,-1.2438,115.4300,2.7860,-7.3361,-6.5413,-9.5303,-6.0978,-1.0000,2
*Sc1ccc(-c2ccc(/C=N/c3ccc(Oc4ccc(-c5ccc(*)cc5)c([N+](=O)[O-])c4)cc3C)cc2)cc1C,CN(C)C(=N)N=C(N)N,9.3772,-1.2438,64.7300,2.6663,-8.7937,-7.7668,-9.5303,-6.0978,-1.0000,2
*Oc1ccc(Cc2ccc(/N=N/c3ccc(/N=C/c4ccc(OC(=O)OCCCCCCCCCCC(*)=O)cc4)cc3)cc2)cc1,CN(C)C(=N)N=C(N)N,10.3742,-1.2438,98.9100,2.9805,-7.9169,-7.3912,-9.3593,-5.8504,-1.0000,2
*CCCCCCCCCCCOC(=O)CCCCCCCCCCCCCNC(=O)c1ccc(C(=O)NCCCCCCCNC(=O)c2ccc(*)cc2)cc1,CN(C)C(=N)N=C(N)N,11.2819,-1.2438,113.6000,2.5541,-10.5053,-7.5236,-9.5114,-6.1328,-1.0000,2
*CCCCCCCCCCCNC(=O)c1ccc(C(=O)NCCCCCNC(=O)c2ccc(C(=O)Nc3ccc(C(=O)N*)cc3)cc2)cc1,CN(C)C(=N)N=C(N)N,6.6285,-1.2438,145.5000,2.2513,-10.6292,-7.7830,-9.5303,-6.0978,-4.0000,2
*Sc1ccc(CCCCNC(=O)c2ccc(C(=O)NC(=O)/N=C/c3ccc(*)cc3)cc2)cc1,CN(C)C(=N)N=C(N)N,4.6969,-1.2438,87.6300,2.4893,-8.6460,-7.8290,-9.0738,-5.4119,-2.0000,2
*CCCCCCCCCCCNc1ccc(OC(=O)CCCc2ccc(C(=O)O*)cc2)cc1,CN(C)C(=N)N=C(N)N,7.2558,-1.2438,64.6300,2.1109,-7.4827,-6.7340,-9.5114,-6.1328,-1.0000,2
*CCCCCCOc1ccc(C(=O)Oc2ccc(C(=O)OCCOc3ccc(/C=C/c4ccc(O*)cc4)cc3)cc2)cc1,CN(C)C(=N)N=C(N)N,7.9767,-1.2438,80.2900,2.3935,-7.6748,-7.3151,-9.5114,-6.1328,-1.0000,2
*Oc1ccc(C(=O)NNC(=O)c2ccc([N+](=O)[O-])cc2C(*)=O)cc1Cl,CN(C)C(=N)N=C(N)N,1.8411,-1.2438,127.6400,2.3020,-9.5828,-8.9288,-9.5303,-6.0978,-3.0000,2
*C(=O)NCCCCCCCCCCCCCCCCCCOC(=O)CCCCCCCCCCCCCCCC(=O)Nc1ccc(NC(=O)O*)cc1,CN(C)C(=N)N=C(N)N,12.0973,-1.2438,122.8300,2.7875,-10.2540,-6.7050,-9.4179,-5.9999,-1.0000,2
*NC(=O)c1cccc(NC(=O)/C=C/C(=O)c2ccc(C(*)=O)cc2)c1,CN(C)C(=N)N=C(N)N,1.9756,-1.2438,92.3400,2.1014,-8.9597,-8.2879,-9.4403,-5.9710,-2.0000,2
*Oc1ccc(S(=O)(=O)c2ccc(Oc3ccc(/N=C/c4ccc(NC(=O)c5ccc(*)cc5)cc4)cc3)cc2)cc1,CN(C)C(=N)N=C(N)N,7.0202,-1.2438,94.0600,2.3142,-7.8089,-7.2405,-9.0173,-5.2053,-1.0000,2
*CCCCCCCCCCCCCCCOC(=O)CCCCCCCc1ccc(C(=O)Nc2ccc(CNC(=O)O*)cc2)cc1,CN(C)C(=N)N=C(N)N,10.2240,-1.2438,93.7300,2.4792,-10.4645,-7.1317,-9.5303,-6.0978,-1.0000,2
*CCCCCCCCCCS(=O)(=O)CCc1ccc(C(=O)NC(=O)CCCCC(=O)Nc2ccc(Cc3ccc(NC(=O)c4ccc(NC(=O)CC(*)=C/CC)cc4)cc3)cc2)cc1,CN(C)C(=N)N=C(N)N,10.3780,-1.2438,167.6100,3.2107,-7.8576,-7.1101,-9.4403,-5.9710,-1.0000,2
*CCCCCCCCCCCCC(=O)N(C)CCCCCNC(=O)SCCC(=O)NCc1ccc(Cc2ccc(CNC(=O)CCCCCC(=O)N*)cc2)cc1,CN(C)C(=N)N=C(N)N,8.7182,-1.2438,136.7100,3.1204,-9.8452,-6.6549,-9.5303,-6.0978,-3.0000,2
*CCCC(F)(F)CN(CCC)CNC(=O)NCCCNC(=O)NCCCCCCCNC(=O)C(=O)N*,CN(C)C(=N)N=C(N)N,1.6318,-1.2438,143.7000,3.0981,-10.2550,-7.3357,-9.5114,-6.1328,-3.0000,2
*COC(=O)CCCCCC(=O)Oc1ccc(/C=C/C(=O)O*)cc1,CN(C)C(=N)N=C(N)N,2.8133,-1.2438,78.9000,2.0349,-11.1080,-8.0359,-9.0738,-5.4119,-1.0000,2
*Nc1ccc(S(=O)(=O)c2ccc(Cc3ccc(NC(=O)Nc4ccc(*)cc4)c(C)c3)cc2)cc1C,CN(C)C(=N)N=C(N)N,5.9532,-1.2438,87.3000,2.1941,-10.0835,-6.8692,-9.5114,-6.1328,-1.0000,2
*CC([2H])COC(=O)NCc1ccc(C(=O)NCCNC(=O)c2ccc(N*)cc2)cc1,CN(C)C(=N)N=C(N)N,2.0648,-1.2438,108.5600,2.8775,-10.1123,-7.0861,-9.4967,-5.9678,-2.0000,2
*CCCCCCCCCCCCCCCCCNC(=O)CCCCCC(=O)NCCCCCNC(=O)NCCCCNC(=O)c1ccc(Cc2ccc(NC(=O)O*)cc2)cc1,CN(C)C(=N)N=C(N)N,10.4011,-1.2438,166.7600,2.9393,-9.8237,-7.1926,-9.0738,-5.4119,-3.0000,2
*CCCCCCCCCCCCCCCCCCC(=O)OCCCCOCCCCCCOC(=O)c1ccc(C(=O)O*)cc1,CN(C)C(=N)N=C(N)N,10.0936,-1.2438,88.1300,2.4591,-10.8548,-8.1836,-9.2335,-5.4206,-1.0000,2
*Oc1ccc(Oc2ccc(NC(=O)CCCCCCCCCCCCCNC(=O)c3ccc(C(=O)Nc4ccc(*)cc4)cc3)cc2)cc1-c1ccccc1,CN(C)C(=N)N=C(N)N,11.1535,-1.2438,105.7600,2.6305,-7.6242,-6.7490,-9.5303,-6.0978,-1.0000,2
*Oc1ccc(C(CC)(CC)c2ccc(OC(*)=O)cc2S(=O)(=O)O)cc1,CN(C)C(=N)N=C(N)N,3.2802,-1.2438,89.9000,2.8219,-10.6234,-7.7403,-9.4403,-5.9710,-1.0000,2
*CCOC(=O)c1ccc(C(=O)Nc2ccc(Cc3ccc(NC(=O)OCC[Si](C)(C)O[Si](C)(C)Oc4ccc(O*)cc4)cc3)cc2)cc1,CN(C)C(=N)N=C(N)N,7.9630,-1.2438,121.4200,2.8825,-7.9046,-6.7558,-9.5114,-6.1328,-1.0000,2
*CNC(=O)CCCCCCCC(=O)NCCCNC(=O)CCCCCCC(=O)CCCCCCCCCC(=O)NCCCCNC(=O)O*,CN(C)C(=N)N=C(N)N,5.6702,-1.2438,171.8000,2.5587,-10.4725,-6.8227,-9.5303,-6.0978,-4.0000,2
*Oc1ccc(S(=O)(=O)c2ccc(Oc3ccc(C(*)=O)cc3)cc2Oc2ccc(C(=O)OC(Cl)C(C)C)cc2)cc1,CN(C)C(=N)N=C(N)N,6.9998,-1.2438,105.2000,3.0992,-11.1099,-8.2309,-9.4967,-5.9678,-1.0000,2
*CCCNC(=O)CC(=O)OCCCCOC(=O)c1ccc(/C=N/c2ccc(O*)cc2)cc1,CN(C)C(=N)N=C(N)N,3.5393,-1.2438,103.2900,2.4268,-7.9305,-6.7621,-9.4403,-5.9710,-2.0000,2
*C(=O)CCCCCOc1ccc(C(=O)NCNC(=O)c2ccc(C(=O)Oc3ccc(C(=O)S*)cc3)cc2)cc1,CN(C)C(=N)N=C(N)N,4.2312,-1.2438,127.8700,2.5671,-8.2442,-7.5558,-9.5114,-6.1327,-3.0000,2
*CC(CCC)COC(=O)SC(=O)CCCCCCCC(=O)NCCCCCCCSCCCCCCCCNC(=O)O*,CN(C)C(=N)N=C(N)N,8.9578,-1.2438,110.8000,3.5404,-8.0232,-7.3845,-9.5114,-6.1328,-1.0000,2
*CCCCCCCNC(=O)COCCCCCCCCCOCCCCCOC(=O)c1ccc(C(=O)c2ccc(C(=O)O*)cc2)cc1,CN(C)C(=N)N=C(N)N,7.7934,-1.2438,117.2300,2.6341,-8.5100,-7.8573,-9.0738,-5.4119,-2.0000,2
*CCc1ccc(CNC(=O)CCCCCCCCCCCCCCC(=O)Nc2ccc(Cc3ccc(S(=O)(=O)c4ccc(O*)cc4)cc3)cc2)cc1,CN(C)C(=N)N=C(N)N,10.0945,-1.2438,101.5700,2.6305,-10.4034,-7.1149,-9.5114,-6.1328,-2.0000,2
*/C=C/C(=O)C(OCCCCNC(=O)O*)c1ccc(OC)cc1,CN(C)C(=N)N=C(N)N,2.5558,-1.2438,73.8600,3.4120,-8.0390,-6.3252,-9.4967,-5.9678,-1.0000,2
*Oc1ccc(/C=C/C(=O)Nc2ccc(Cc3ccc(NC(=O)/C=C/c4ccc(O*)cc4)cc3)cc2)cc1,CN(C)C(=N)N=C(N)N,5.9924,-1.2438,76.6600,2.2052,-10.1637,-7.3875,-9.5114,-6.1328,-1.0000,2
*Oc1ccc(/N=N/N=C/N=C/c2ccc(NC(=O)c3ccc(-c4ccc(NC(*)=O)cc4C(=O)OC)cc3)cc2)cc1,CN(C)C(=N)N=C(N)N,5.8125,-1.2438,143.1700,3.0838,-7.6672,-7.4801,-9.5114,-6.1328,-2.0000,2
*OC(=O)c1ccc(/N=N/c2ccc(OC(=O)CCCCCCCCCCCOC(*)=O)cc2)cc1,CN(C)C(=N)N=C(N)N,6.7796,-1.2438,103.6200,2.5865,-8.6323,-7.5114,-9.0173,-5.2053,-1.0000,2
*CCCCCCCCCOC(=O)NCCCCCCNC(=O)C(=O)O*,CN(C)C(=N)N=C(N)N,3.2244,-1.2438,93.7300,2.1583,-10.7652,-8.1420,-9.5303,-6.0978,-2.0000,2
*CCCCCCCCCCOC(=O)CCCC(=O)OCCCCCCCCSSC(=O)O*,CN(C)C(=N)N=C(N)N,7.7838,-1.2438,78.9000,2.6647,-10.4624,-7.6772,-9.4403,-5.9710,-1.0000,2
*CCCCCCCCCCCCOCCCCCCOC(=O)SCCCCCCCCCCCCCC(=O)O*,CN(C)C(=N)N=C(N)N,11.1199,-1.2438,61.8300,2.6002,-10.4558,-7.1137,-9.2335,-5.4206,-1.0000,2
*CCCCCCCCCCCOC(=O)NCCSCCNC(=O)Nc1ccc(/N=N/c2ccc(C(=O)O*)cc2)cc1,CN(C)C(=N)N=C(N)N,7.9119,-1.2438,130.4800,2.7215,-8.3790,-7.4343,-9.4403,-5.9710,-3.0000,2
*/C=N/c1ccc(-c2ccc(OCCCOC(=O)CCCCC(=O)Nc3ccc(C(*)=O)cc3)cc2)cc1C,CN(C)C(=N)N=C(N)N,6.3178,-1.2438,94.0600,2.8467,-7.9590,-7.2282,-9.4403,-5.9710,-1.0000,2
*Oc1ccc(CCCNC(=O)SCCCCCCCCCCCCCCCCCCCCCC(=O)Nc2ccc(C(=O)Nc3ccc(*)cc3)c(OC)c2)cc1,CN(C)C(=N)N=C(N)N,12.4692,-1.2438,105.7600,2.9428,-10.2217,-6.8884,-9.4403,-5.9710,-3.0000,2
*CCCCCCCCCCC(=O)NCCCCCCCNCC(=O)CCCCCCCCCCCOC(=O)c1ccc(C(=O)O*)cc1,CN(C)C(=N)N=C(N)N,9.1988,-1.2438,110.8000,2.7058,-8.2788,-7.2258,-9.4967,-5.9678,-1.0000,2
*CCCCCCCCCCCCCCCCCCNC(=O)CCCCCCCCCCCCCCCC(=O)NCCNC(=O)C(=O)N*,CN(C)C(=N)N=C(N)N,8.9333,-1.2438,116.4000,2.4171,-10.4207,-7.4796,-9.4967,-5.9678,-1.0000,2
*Nc1ccc(Oc2ccc(NC(=O)c3ccc(C(*)=O)cc3)cc2)cc1,CN(C)C(=N)N=C(N)N,4.1259,-1.2438,67.4300,1.7817,-8.3983,-6.9874,-9.5303,-6.0978,-1.0000,2
*CCNC(=O)/C=C/C(=O)NCCCCCOC(=O)c1ccc(C(=O)O*)cc1,CN(C)C(=N)N=C(N)N,1.5204,-1.2438,110.8000,2.1793,-8.4049,-7.6914,-9.3593,-5.8504,-2.0000,2
*CC(C)(C)COc1ccc(OC(=O)c2ccc(C(=O)c3ccc(-c4ccc(C(=O)Nc5ccc(C(=O)Nc6ccc(*)o6)o5)s4)cc3)cc2)cc1,CN(C)C(=N)N=C(N)N,8.9808,-1.2438,137.0800,3.0613,-8.1494,-7.5706,-9.4403,-5.9710,-1.0000,2
*OC(=O)Oc1ccc(C(C)(C)c2ccc(S(=O)(=O)c3ccc(C(=O)c4ccc(*)cc4)cc3)cc2)cc1C(F)(F)F,CN(C)C(=N)N=C(N)N,7.1519,-1.2438,86.7400,2.5384,-10.9440,-8.3167,-9.5114,-6.1328,-1.0000,2
*CCCCCCCCCCCCCCCCC(=O)NCCCCCCNC(=O)N*,CN(C)C(=N)N=C(N)N,6.2027,-1.2438,70.2300,2.0757,-10.3512,-5.4601,-9.0738,-5.4119,-1.0000,2
*CCC(C)CC(CCl)C(=O)NCCc1ccc(CNC(=O)CCCCCCCCCCCOc2ccc(C(=O)O*)cc2)cc1,CN(C)C(=N)N=C(N)N,7.9309,-1.2438,93.7300,3.3428,-10.4355,-7.2341,-9.5303,-6.0978,-2.0000,2
*Oc1ccc(NC(=O)c2ccccc2C(=O)Nc2ccc(Oc3ccc(NC(=O)c4ccc(O*)cc4)cc3)cc2)cn1,CN(C)C(=N)N=C(N)N,6.0420,-1.2438,127.8800,2.3904,-7.5956,-7.3932,-9.4403,-5.9710,-2.0000,2
*NC(CCCCCC(=O)N*)C(CCCCOCCCCCCCCC)C(=O)O[Na],CN(C)C(=N)N=C(N)N,3.9299,-1.2438,76.6600,3.6717,-7.7430,-5.9848,-9.5114,-6.1328,-1.0000,2
*CCCCCOCCOCCOCCOCCOCCOC(=O)OCCOC(=O)c1ccc(O*)c(OC)c1Cl,CN(C)C(=N)N=C(N)N,3.6374,-1.2438,126.4400,2.9087,-10.4660,-7.5521,-9.4403,-5.9710,-1.0000,2
*Oc1ccc(NC(=O)CCCCc2ccc(/C=N/c3ccc(C(*)=O)cc3)cc2)cc1,CN(C)C(=N)N=C(N)N,5.3068,-1.2438,67.7600,2.2152,-7.7642,-7.5856,-9.5303,-6.0978,-1.0000,2
*Oc1ccc(C(=O)NCCCCCNC(=O)c2ccc(C(*)=O)cc2C)cc1,CN(C)C(=N)N=C(N)N,2.8432,-1.2438,84.5000,2.0421,-8.1678,-6.9332,-9.5114,-6.1328,-2.0000,2
*CCCCCc1ccc(-n2on2-c2ccccc2C(=O)OCCCCOc2ccc(O*)c(OC(C)C)c2)cc1,CN(C)C(=N)N=C(N)N,7.1025,-1.2438,76.9900,2.8477,-7.2633,-6.9213,-9.4967,-5.9678,-1.0000,2
*Oc1ccc(/N=N/c2ccc(OC(=O)CCCCCCCCCCCC(=O)OCC(*)=O)cc2)cc1,CN(C)C(=N)N=C(N)N,6.7462,-1.2438,103.6200,2.6656,-7.9795,-6.9190,-9.5303,-6.0978,-1.0000,2
*CCCCCCC(=O)NCCCCCNC(=O)CCSCCCCC(=O)O*,CN(C)C(=N)N=C(N)N,3.7377,-1.2438,84.5000,2.2234,-9.5878,-6.6736,-9.4967,-5.9678,-2.0000,2
*Nc1ccc(NC(=O)c2ccc(NC(=O)c3ccc([Si](C)(C)c4ccc(C(*)=O)cc4)cc3)cc2)cc1,CN(C)C(=N)N=C(N)N,4.4085,-1.2438,87.3000,2.4105,-8.0618,-7.4913,-9.4403,-5.9710,-1.0000,2
*/N=C(\c1ccccc1)c1ccc(NC(=O)OCCCCCCCCCCCCCCCOc2ccc(/C=C/c3ccc(O*)cc3)cc2)cc1,CN(C)C(=N)N=C(N)N,11.6776,-1.2438,69.1500,3.0082,-7.3725,-6.7176,-9.5114,-6.1328,-1.0000,2
*CCCCCCCCCCCC(=O)Nc1ccc(Cc2ccc(OCCOC(=O)CCCCCCCCCCCC(=O)O*)cc2)cc1,CN(C)C(=N)N=C(N)N,10.4345,-1.2438,90.9300,2.5514,-10.1588,-6.5247,-9.0738,-5.4119,-2.0000,2
*Oc1ccc(C(=O)c2ccc(OC(=O)CCCCCCCCCCCCCC(=O)O)cc2C(=O)OC)c(C(*)=O)c1,CN(C)C(=N)N=C(N)N,6.2836,-1.2438,133.2700,2.6866,-8.2510,-7.9441,-9.4403,-5.9710,-2.0000,2
*C(=O)NCCc1ccc(CNC(=O)c2ccc(C(*)=O)cc2)cc1,CN(C)C(=N)N=C(N)N,1.7176,-1.2438,75.2700,2.0313,-8.3256,-6.8977,-9.0173,-5.2053,-1.0000,2
*CCCCCCOC(=O)NCCCC(=O)OCCCCCOC(=O)c1ccc(CC(=O)O*)cc1,CN(C)C(=N)N=C(N)N,4.2707,-1.2438,117.2300,2.2923,-10.8112,-7.4472,-9.4403,-5.9710,-1.0000,2
*N=SCCCCCC(=O)Nc1ccc(CCc2ccc(NC(=O)c3ccc(*)cc3)cc2)cc1,CN(C)C(=N)N=C(N)N,5.8003,-1.2438,70.5600,2.4508,-6.3836,-6.1362,-9.4403,-5.9710,-2.0000,2
*CCCCCCCCCCCCCCCCOC(=O)CCCCCCCCCCCCSC(=O)CCCCOC(=O)C(=O)O*,CN(C)C(=N)N=C(N)N,10.3599,-1.2438,95.9700,2.7447,-8.1267,-7.8861,-9.4403,-5.9710,-1.0000,2
*Oc1ccc(Oc2ccc(OC(=O)COCCCOC(=O)c3ccc(-c4ccc(NC(*)=O)cc4)cc3)cc2)cc1,CN(C)C(=N)N=C(N)N,5.5889,-1.2438,109.3900,2.4631,-10.2594,-7.5790,-9.2335,-5.4206,-1.0000,2
*CCCCCCOc1ccc(OC(=O)C(CSC)C(=O)c2ccc(C(=O)OCCCCCCC(=O)CCCCC(=O)Nc3ccc(C(=O)O*)cc3)cc2)cc1,CN(C)C(=N)N=C(N)N,8.9869,-1.2438,151.3700,3.4721,-7.7283,-7.2029,-9.5303,-6.0978,-2.0000,2
*CCCOC(=O)CSCCCCC(=O)OC(=O)C(C)(C)CCOC(=O)c1c(C(=O)O*)cc1C,CN(C)C(=N)N=C(N)N,3.2135,-1.2438,122.2700,3.2468,-9.5753,-7.8530,-9.0696,-5.2057,-1.0000,2
*CC(OC)CC(C)CSC(=O)NCCCOCCCNC(=O)c1ccc(C(=O)N*)cc1,CN(C)C(=N)N=C(N)N,2.8160,-1.2438,105.7600,3.4170,-10.2528,-7.6290,-9.4403,-5.9710,-1.0000,2
*OC(=O)c1ccc(Oc2ccc(C(=O)Oc3ccc(OC(*)=O)cc3)cc2)cc1,CN(C)C(=N)N=C(N)N,3.9315,-1.2438,88.1300,2.0170,-11.0567,-7.9291,-9.5303,-6.0978,-1.0000,2
*CCC(=O)Nc1ccc(NC(=O)OCCCO*)cc1,CN(C)C(=N)N=C(N)N,1.9660,-1.2438,76.6600,1.7903,-10.2357,-6.7206,-9.5114,-6.1328,-2.0000,2
*CC(*)c1ccc([N+](=O)[O-])c(S(=O)(=O)c2ccc(/C=C/C(=O)Nc3ccc([N+](=O)[O-])cc3)cc2)c1,CN(C)C(=N)N=C(N)N,4.5501,-1.2438,149.5200,2.4047,-9.1017,-8.9098,-9.4403,-5.9710,-1.0000,2
*CCCOC(=O)Nc1ccc(OCCCCCCOc2ccc(-c3ccc(NC(=O)/C=N/c4ccc(O*)cc4)cc3)cc2)cc1,CN(C)C(=N)N=C(N)N,8.3769,-1.2438,107.4800,2.6449,-8.2265,-6.5046,-9.5303,-6.0978,-2.0000,2
*Nc1ccc(C(=O)c2ccc(NC(=O)CCCCCCC(=O)Nc3ccc(C(=O)/C=C/c4ccc(*)cc4)cc3)cc2)cc1,CN(C)C(=N)N=C(N)N,7.3137,-1.2438,104.3700,2.3435,-7.9292,-7.5314,-9.5303,-6.0978,-1.0000,2
*CC(OCCCCCC)OC(CCl)C(=O)CCCCC(CC)CCCCNC(=O)O*,CN(C)C(=N)N=C(N)N,6.1469,-1.2438,73.8600,3.8190,-10.7556,-7.4869,-9.0738,-5.4119,-1.0000,2
*c1c(NC(=O)c2ccc(NC(=O)c3ccc(Oc4ccc(C(*)=O)cc4)cc3)cc2)cc1,CN(C)C(=N)N=C(N)N,4.7272,-1.2438,84.5000,2.1524,-7.5805,-7.0080,-9.5303,-6.0978,-1.0000,2
*OC(=O)CCCCCCCCCCCCCCCCNC(=O)OCCCCCOC(=O)c1ccc(OC(=O)Oc2ccc(-c3ccc(C(*)=O)cc3)cc2)cc1,CN(C)C(=N)N=C(N)N,10.7333,-1.2438,143.5300,2.9410,-10.8948,-8.1407,-9.4403,-5.9710,-1.0000,2
*CC(CCC)C(=O)NCCNCC(=O)CCSCc1ccc(C(=O)N*)cc1,CN(C)C(=N)N=C(N)N,2.1199,-1.2438,87.3000,2.9228,-7.5790,-7.3241,-9.5114,-6.1328,-2.0000,2
*CCOCCOCCOC(=O)NNP(=O)(CCCCCCCNC(=O)O*)c1ccc(C(=O)OCCC(C)CCCC)cc1,CN(C)C(=N)N=C(N)N,5.4652,-1.2438,150.5200,3.9606,-10.6358,-7.9682,-9.4967,-5.9678,-1.0000,2
*CCCCCCCCC(=O)NCCCCCCCCCNC(=O)c1ccc(C(=O)NC)cc1COC(=O)C[Si](C)(C)CO*,CN(C)C(=N)N=C(N)N,5.6566,-1.2438,122.8300,2.9696,-10.3998,-7.3552,-9.4180,-5.9999,-1.0000,2
*/C(C)=C/c1ccc(/S=C/c2ccc(/C(=O)Nc3ccc(N4C(=O)c5ccc(C(*)=O)cc5C4=O)cc3)cc2[Na])cc1,CN(C)C(=N)N=C(N)N,5.0538,-1.2438,83.5500,3.5257,-7.7242,-7.1072,-9.4403,-5.9710,-1.0000,2
*CCCCCCCCCCOC(=O)COCC(=O)OCCCOCCCCOC(=O)O*,CN(C)C(=N)N=C(N)N,4.1116,-1.2438,106.5900,2.5203,-11.0431,-7.0238,-9.4967,-5.9678,-1.0000,2
*CC(*)(C)c1ccc(Oc2ccc(S(=O)(=O)O)cc2C)cc1,CN(C)C(=N)N=C(N)N,4.1574,-1.2438,63.6000,1.8636,-10.5508,-7.1743,-9.5114,-6.1328,-1.0000,2
*CCCCCCOC(=O)NC(COCCCC#N)C(=O)O*,CN(C)C(=N)N=C(N)N,2.0665,-1.2438,97.6500,2.7634,-11.2154,-7.3543,-9.4403,-5.9710,-1.0000,2
*C#CCc1ccc(COCCOCCOc2ccc(OCC=C/C(=O)O*)cc2)cc1,CN(C)C(=N)N=C(N)N,3.4941,-1.2438,63.2200,2.5002,-7.7313,-6.2704,-9.5303,-6.0978,-1.0000,2
*Oc1ccc(C(=O)OCCCOCCCOC(=O)c2ccc(NC(*)=O)cc2)cc1,CN(C)C(=N)N=C(N)N,2.7711,-1.2438,100.1600,2.2382,-10.9149,-7.6432,-9.4967,-5.9679,-1.0000,2
*CC(CO)COc1ccc(OCCCCCCCCCOc2ccc(NC(=O)c3ccc(N(*)C)cc3)cc2)cc1,CN(C)C(=N)N=C(N)N,7.1763,-1.2438,80.2600,2.7562,-9.7175,-6.6791,-9.4403,-5.9710,-1.0000,2
*C#CCCOCCOC(=O)c1ccc(C(=O)NSC(=O)c2ccc(*)cc2)cc1,CN(C)C(=N)N=C(N)N,3.1017,-1.2438,81.7000,2.5970,-8.2269,-8.1363,-9.5114,-6.1328,-1.0000,2
*CCCCCCCOC(=O)c1ccc(/N=N/c2ccc(C(=O)Oc3ccccc3)c(C(=O)O*)c2)cc1,CN(C)C(=N)N=C(N)N,7.1466,-1.2438,103.6200,2.4307,-8.9309,-7.9298,-9.5303,-6.0978,-1.0000,2
*Oc1cc(OC)c(OC(=O)Oc2cc(C)c(OC(=O)CCCCCCCCCCCC(*)=O)c(C(C)(C)C)c2)cc1C,CN(C)C(=N)N=C(N)N,8.2883,-1.2438,97.3600,2.9240,-10.2922,-7.3384,-9.2335,-5.4206,-1.0000,2
*Oc1ccc(S(=O)(=O)CCCCCCCCCCCC(=O)Oc2ccc(-c3ccc(*)cc3)cc2)cc1,CN(C)C(=N)N=C(N)N,7.3395,-1.2438,69.6700,2.2185,-10.6385,-6.9134,-9.5114,-6.1328,-1.0000,2
*CCOCCOCCOCCOC(=O)NCCCCSCCCCCNC(=O)O*,CN(C)C(=N)N=C(N)N,2.7336,-1.2438,104.3500,2.6104,-9.8430,-5.5116,-9.4403,-5.9710,-1.0000,2
*CCCCCCOCCCOCCCOCCCCCNC(=O)c1cccc(C(=O)NCCCCCCO*)c1,CN(C)C(=N)N=C(N)N,5.2795,-1.2438,95.1200,2.4981,-10.4127,-7.3713,-9.5303,-6.0978,-2.0000,2
*Oc1c(Br)cc(OC(=O)c2ccc(S(=O)(=O)c3ccc(*)cc3)cc2)cc1C,CN(C)C(=N)N=C(N)N,4.5151,-1.2438,69.6700,2.1088,-10.9550,-8.3642,-9.4967,-5.9678,-1.0000,2
*CCCCCCCCCCCCSC(=O)NCCCCCCNC(=O)CCCO*,CN(C)C(=N)N=C(N)N,5.7992,-1.2438,67.4300,2.4366,-10.2183,-6.9644,-9.5303,-6.0978,-2.0000,2
*Oc1ccc(I)c(OC(=O)c2ccc(C(=O)Nc3ccc(NC(=O)c4ccc(C(=O)Nc5ccc(*)cc5)cc4)cc3)cc2)c1,CN(C)C(=N)N=C(N)N,6.9729,-1.2438,122.8300,2.2766,-8.1332,-7.7749,-9.0738,-5.4119,-3.0000,2
*CCCCCCCCCCCCCCCCCCCCC(=O)OCCOc1ccc(/N=N/c2ccc(O*)cc2)cc1,CN(C)C(=N)N=C(N)N,11.1614,-1.2438,69.4800,2.5923,-8.0977,-6.5794,-9.4967,-5.9678,-1.0000,2
*CCCCCCCCCCCCCNC(=O)CCCCC(=O)NCCCCCNC(=O)CCCCCCCC(=O)N*,CN(C)C(=N)N=C(N)N,6.5927,-1.2438,116.4000,2.2009,-10.2520,-5.8135,-9.4403,-5.9710,-2.0000,2
*CCC(O)COC(=O)CCCSC(=O)Nc1ccc(NC(=O)O*)cc1,CN(C)C(=N)N=C(N)N,3.1359,-1.2438,113.9600,2.8974,-10.2681,-6.8611,-9.4967,-5.9678,-2.0000,2
*CCCCCCCCCOC(=O)C(CCCCCCCC)CC(=O)OCCCCCCOc1ccc(-c2ccc(C(=O)O*)cc2)cc1,CN(C)C(=N)N=C(N)N,10.5849,-1.2438,88.1300,3.0941,-10.3022,-7.5089,-9.4403,-5.9710,-1.0000,2
*CCCCCCOc1ccc(OCCCCCCCCOC(=O)/C=C/CC(=O)O*)cc1,CN(C)C(=N)N=C(N)N,5.9392,-1.2438,71.0600,2.3016,-7.5051,-6.8969,-9.2334,-5.4206,-1.0000,2
*CCCCC(OC(=O)C(CC)COC(=O)c1cccc(C(=O)O*)c1)CCOc1ccc(NC(=O)c2ccc([N+](=O)[O-])cc2)cc1,CN(C)C(=N)N=C(N)N,6.2994,-1.2438,160.3700,3.4020,-9.1361,-8.0963,-9.5303,-6.0978,-2.0000,2
*CC(CCC)CC(C)COC(=O)c1cc(NC(=O)O*)ccc1,CN(C)C(=N)N=C(N)N,4.3957,-1.2438,64.6300,2.8877,-10.8442,-7.4496,-9.3593,-5.8504,-1.0000,2
*NNC(=O)c1ccc(-c2ccc(C(=O)NCCCCCNC(*)=O)cc2)cc1,CN(C)C(=N)N=C(N)N,1.6032,-1.2438,99.3300,2.1166,-10.6238,-7.5662,-9.4403,-5.9710,-3.0000,2
*CCCCC(=O)NCCCCCNC(=O)CCCSCCCOC(=O)Nc1ccc(Cc2ccc(NC(=O)O*)cc2)cc1,CN(C)C(=N)N=C(N)N,6.4122,-1.2438,134.8600,2.6408,-9.6779,-6.4204,-9.5303,-6.0978,-2.0000,2
*Nc1ccc(Cc2ccc(NC(=O)c3ccc(S(*)(=O)=O)cc3)cc2)cc1[Si](C)(C)CC,CN(C)C(=N)N=C(N)N,4.0175,-1.2438,75.2700,3.0331,-7.9277,-7.2818,-9.0263,-5.4164,-1.0000,2
*OC(=O)NCCCCOCCCNC(=O)Cc1ccc(Sc2ccc(C(=O)O*)cc2)cc1,CN(C)C(=N)N=C(N)N,3.6492,-1.2438,102.9600,2.3072,-7.6756,-6.6847,-9.5303,-6.0978,-3.0000,2
*Sc1ccc(-c2ccc(NC(=O)Oc3nnc(*)c(C(F)(F)C(F)(F)F)c3)cc2)cc1,CN(C)C(=N)N=C(N)N,5.6973,-1.2438,64.1100,2.8745,-9.3049,-8.3798,-9.5114,-6.1328,-1.0000,2
*CCCSCCCCCNC(=O)CCCCS(=O)(=O)CCCCCCCCOC(=O)c1ccc(C(=O)N(*)CC)cc1,CN(C)C(=N)N=C(N)N,5.9485,-1.2438,109.8500,2.6853,-7.8890,-6.7373,-9.4967,-5.9678,-1.0000,2
*C(=O)NCCCCCCCCCCCCCCCNC(=O)Cc1ccc(C(=O)N(*)CCCCCCCC(=O)[N+](=O)[O-])cc1,CN(C)C(=N)N=C(N)N,6.0363,-1.2438,138.7200,2.8492,-10.2660,-7.7351,-9.4403,-5.9710,-1.0000,2
*Nc1ccc(Cc2ccc(NC(=O)c3ccc(C(=O)NCCCc4ccc(O*)cc4Br)c(OCCC)c3)cc2)cc1,CN(C)C(=N)N=C(N)N,6.7314,-1.2438,88.6900,2.4694,-7.5477,-6.8973,-9.4967,-5.9679,-1.0000,2
*OC(=O)Nc1cccc(-c2ccc(NC(=O)S*)cc2)c1,CN(C)C(=N)N=C(N)N,3.9052,-1.2438,67.4300,2.0219,-10.5280,-7.1390,-9.5303,-6.0978,-2.0000,2
*CCCCCCCCCCNC(=O)c1cc(C(=O)O*)cc(C)c1[N+](=O)[O-],CN(C)C(=N)N=C(N)N,4.4719,-1.2438,98.5400,2.1806,-9.3218,-8.4165,-9.0738,-5.4119,-1.0000,2
*CCCCCCC(=O)NCCCNC(=O)c1ccc(C(=O)NCCCCCCCNC(=O)c2ccc(C(=O)N*)cc2)cc1,CN(C)C(=N)N=C(N)N,4.1023,-1.2438,145.5000,2.2468,-10.3399,-7.6222,-9.5303,-6.0978,-1.0000,2
*OC(=O)Nc1ccc(Cc2ccc(NC(=O)OCCCCCCCOC(*)=O)cc2OCCOCCCCCCOc2ccc([Si](C)C)cc2)cc1,CN(C)C(=N)N=C(N)N,8.0355,-1.2438,130.6500,3.2365,-5.8538,-5.2028,-9.4180,-5.9999,-2.0000,2
*CCCCCC(=O)NCCCCCCCCCCCCNC(=O)NC(=O)CC(=O)N*,CN(C)C(=N)N=C(N)N,3.2851,-1.2438,116.4000,2.3154,-10.4954,-7.3494,-9.5303,-6.0978,-1.0000,2
*CCCCCCCCCCCO[Si](C)(CC)CCCOc1ccc(NC(=O)/C=C/C(=O)O*)cc1,CN(C)C(=N)N=C(N)N,7.1774,-1.2438,73.8600,3.1362,-8.3898,-6.4614,-9.4967,-5.9678,-1.0000,2
*CCCCCCOC(=O)c1ccc(C(=O)O*)c(OCCC)c1O,CN(C)C(=N)N=C(N)N,3.6163,-1.2438,82.0600,2.1982,-11.0088,-7.9799,-9.5303,-6.0978,-2.0000,2
*CCCCCCCCCCCCCCCCC(=O)NCCCCCCNC(=O)c1ccccc1C(=O)OCCOC(=O)CC(=O)O*,CN(C)C(=N)N=C(N)N,7.1391,-1.2438,137.1000,2.6731,-10.4253,-7.5999,-9.4967,-5.9678,-2.0000,2
*OC(=O)C(CCC(=O)Nc1ccc(OCCCCCCC)cc1)Oc1ccc(Oc2ccc(C(O)CO*)cc2)cc1,CN(C)C(=N)N=C(N)N,6.1047,-1.2438,112.5500,3.1509,-7.6140,-6.5473,-9.4403,-5.9710,-2.0000,2
*CCCCCCCCCCCCCCCCCCCCNC(=O)/C=C/C(=O)NC(C)CC[Si](C)(C)CCCCO*,CN(C)C(=N)N=C(N)N,9.0762,-1.2438,67.4300,3.3690,-10.3932,-7.6826,-9.0697,-5.2057,-1.0000,2
*CCCCCCCCCCCCCCCCCCCCCCCOC(=O)CCCCCCCCCCCCCC(=O)NC(=O)CCC(=O)N*,CN(C)C(=N)N=C(N)N,11.7212,-1.2438,101.5700,2.5533,-10.7543,-7.1804,-9.4403,-5.9710,-1.0000,2
*Oc1ccc(C(Nc2ccccc2)c2ccc(NC(=O)OC(*)=O)cc2)cc1,CN(C)C(=N)N=C(N)N,4.2986,-1.2438,76.6600,2.6782,-7.9784,-6.7762,-9.5114,-6.1328,-1.0000,2
*COC(=O)COc1ccc(SC(=O)Oc2ccc(OCCCCCCCOc3ccc(O*)cc3)cc2)cc1,CN(C)C(=N)N=C(N)N,6.6434,-1.2438,89.5200,2.4879,-10.0191,-7.2553,-9.4403,-5.9710,-1.0000,2
*Nc1ccc(NC(=O)Nc2ccc(Cc3ccc(NC(=O)Nc4ccc(NC(=O)c5ccc(C(*)=O)cc5)cc4)cc3)cc2)cc1,CN(C)C(=N)N=C(N)N,7.2124,-1.2438,140.4600,2.2399,-8.3852,-6.9898,-9.4462,-5.9830,-3.0000,2
*CCNC(=O)CCCCCCCCCCC(=O)NOCCCCCCCCCNC(*)=O,CN(C)C(=N)N=C(N)N,4.5480,-1.2438,96.5300,2.5864,-10.4514,-6.3319,-9.5114,-6.1328,-3.0000,2
*CCCCCCCCC(=O)NNC(=O)c1ccc(C(=O)NCCCCCCSCCCNC(=O)c2ccc(C(=O)c3ccc(C(=O)O*)cc3)cc2)c(C)c1,CN(C)C(=N)N=C(N)N,7.2793,-1.2438,159.7700,2.8817,-8.4944,-7.7789,-9.3593,-5.8504,-4.0000,2
*Oc1cccc(C(=O)OC(C)COC(=O)c2ccc(C(*)=O)cc2)c1,CN(C)C(=N)N=C(N)N,2.6070,-1.2438,78.9000,2.5668,-8.5861,-7.6824,-9.0263,-5.4164,-1.0000,2
*CCCCCCOCCCCCNC(=O)CCCCCC(=O)OCCCOC(=O)Nc1ccc(Cc2ccc(NC(=O)N*)cc2)cc1,CN(C)C(=N)N=C(N)N,7.0837,-1.2438,144.0900,2.7015,-10.1225,-6.4479,-9.0648,-5.4207,-2.0000,2
*CC(=O)NCOC(=O)NCCCCCCNC(=O)OC(=O)NCCCCCCCCCCOC(=O)Nc1ccc(C(=O)N*)cc1,CN(C)C(=N)N=C(N)N,4.2708,-1.2438,202.2900,2.9426,-10.6086,-7.1496,-8.9803,-5.1653,-4.0000,2
*NC(=O)c1ccc(C(C)C(=O)NCCCCCCNC(=O)CCCCC(=O)Nc2ccc(C(*)=O)cc2)cc1,CN(C)C(=N)N=C(N)N,3.6934,-1.2438,133.4700,2.8265,-10.6287,-7.9528,-9.4403,-5.9710,-3.0000,2
*CCCCCCCCCCCNC(=O)CCCCc1ccc(C(=O)NCCCCCNC(=O)CCCCCCCCCCCCCCCCCCCC(=O)N*)cc1,CN(C)C(=N)N=C(N)N,11.9599,-1.2438,116.4000,2.7420,-10.3207,-6.7316,-9.2335,-5.4206,-4.0000,2
*Oc1ccc(NC(=O)CCc2ccc(C(=O)Oc3ccc(Oc4ccc(C(*)=O)cc4)cc3)cc2)cc1,CN(C)C(=N)N=C(N)N,5.7875,-1.2438,90.9300,2.1263,-7.9823,-7.6951,-9.2335,-5.4206,-2.0000,2
*CCCCCCNC(=O)C(C)=C(C)[SH]c1ccccc1C(=O)NCC(=O)C(=O)NO*,CN(C)C(=N)N=C(N)N,2.3057,-1.2438,113.6000,3.3675,-6.6638,-6.1919,-9.0263,-5.4164,-1.0000,2
*CCCCCCCSCCCCCCOC(=O)NCCCCCNC(=O)Oc1ccc(NC(=O)O*)cc1,CN(C)C(=N)N=C(N)N,7.0254,-1.2438,114.9900,2.5639,-9.4982,-6.7229,-9.3593,-5.8504,-1.0000,2
*NNC(=O)CCCCCCCC(=O)OCCCCCCCCCCCCOc1ccc(C(*)=O)cc1,CN(C)C(=N)N=C(N)N,6.0427,-1.2438,93.7300,2.3953,-10.5027,-7.8075,-9.2335,-5.4206,-1.0000,2
*CCCCCCNC(=O)C(=O)NC(CCCCCCCCCCNC(=O)O*)c1ccc(/N=N/c2ccc(C#N)cc2)cc1,CN(C)C(=N)N=C(N)N,7.6060,-1.2438,145.0400,3.3078,-8.7523,-7.3627,-9.5303,-6.0978,-1.0000,2
*Oc1ccc(S(=O)(=O)c2ccc(C(*)=O)cc2)cc1OC(=O)c1ccc(OCCC)cc1,CN(C)C(=N)N=C(N)N,4.0455,-1.2438,95.9700,2.2389,-8.5250,-7.5742,-9.0738,-5.4119,-1.0000,2
*CCCCOC(=O)CCCCCCCCCCC(=O)OCCCCCCCOC(=O)OCc1ccc(CS*)cc1,CN(C)C(=N)N=C(N)N,8.5076,-1.2438,88.1300,2.6343,-10.0714,-6.6443,-9.4403,-5.9710,-1.0000,2
*CCOC(=O)CCCCCCCCCCCCCCSCCNS(=O)(=O)O*,CN(C)C(=N)N=C(N)N,4.7464,-1.2438,81.7000,2.4522,-9.8746,-6.4590,-9.5303,-6.0978,-1.0000,2
*Cc1ccc(NC(=O)CCCCC(=O)NCCCCCCCNC(=O)c2ccc(*)c(C(=O)O)c2)cc1,CN(C)C(=N)N=C(N)N,4.6888,-1.2438,124.6000,2.1122,-7.8235,-7.2434,-9.5303,-6.0978,-2.0000,2
*Nc1ccc(/N=N/N=C/c2ccc(NC(=O)CSC(*)=O)cc2)cc1,CN(C)C(=N)N=C(N)N,3.2485,-1.2438,95.2800,2.9272,-8.2428,-7.2743,-9.5114,-6.1328,-1.0000,2
*N/c1ccccc1C(=O)OCCCCCCCCCCCCOc1ccc(/N=N/c2ccc(C(=O)OCCCCCCCCCCCCCCCCCCCCNC(*)=O)cc2)cc1,CN(C)C(=N)N=C(N)N,14.7456,-1.2438,127.6800,3.2561,-8.4161,-7.2363,-9.5303,-6.0978,-1.0000,2
*CCCCCCCCNc1ccc(CNC(=O)CCCCCCCSC(=O)Nc2ccc(Cc3ccc(NC(=O)O*)cc3)cc2)cc1,CN(C)C(=N)N=C(N)N,10.0618,-1.2438,108.5600,2.7272,-7.1001,-6.4927,-9.4180,-5.9999,-1.0000,2
*CCCCCCCS(=O)(=O)CCCCCCCCCCC(=O)NCc1ccc(Cc2ccc(NC(=O)CCCCCCC(=O)NCC(=O)CCO*)cc2)cc1,CN(C)C(=N)N=C(N)N,8.1365,-1.2438,147.7400,3.0205,-10.3038,-7.6263,-9.5303,-6.0978,-3.0000,2
*CC(C)(C)COc1ccc(CC(=O)NNCCc2ccc(CNC(=O)O*)cc2)cc1,CN(C)C(=N)N=C(N)N,3.2851,-1.2438,88.6900,2.3269,-10.0180,-6.3219,-9.5303,-6.0978,-2.0000,2
*CCCc1ccc(CCN(CCCOc2ccc(/C=N/c3ccccc3)cc2)cc1)C(=O)NC(C)C(=O)O*,CN(C)C(=N)N=C(N)N,5.6677,-1.2438,80.2300,3.9425,-7.1844,-6.5384,-9.5303,-6.0978,-1.0000,2
*CCCCCS(=O)(=O)CCCCCCCCCCCCCCCC(=O)O*,CN(C)C(=N)N=C(N)N,6.1374,-1.2438,60.4400,2.1483,-10.9152,-6.6092,-9.5303,-6.0978,-1.0000,2
*CCC(=O)NCCCCCCCCCNC(=O)CCCC(=O)N*,CN(C)C(=N)N=C(N)N,2.0151,-1.2438,87.3000,2.0517,-10.3670,-5.8583,-9.5303,-6.0978,-1.0000,2
*NC(C)Oc1ccc(C(=O)NNC(=O)c2ccc(-c3ccc(C(*)=O)cc3)cc2)cc1,CN(C)C(=N)N=C(N)N,2.9244,-1.2438,96.5300,2.5629,-8.1796,-7.5385,-9.5114,-6.1328,-2.0000,2
*Oc1ccc(C(C)(C)c2ccc(OC(=O)OCOc3ccc(C(*)=O)c(C(=O)O[Si](C)(C)OCCCCCCCCCC)c3)cc2)cc1,CN(C)C(=N)N=C(N)N,9.0984,-1.2438,106.5900,3.2287,-8.2014,-7.4605,-9.5303,-6.0978,-1.0000,2
*CC(*)C(=O)Oc1ccc(C(=O)N/C=C/c2ccc(C#N)cc2)cc1,CN(C)C(=N)N=C(N)N,3.2744,-1.2438,79.1900,2.3064,-10.5099,-7.7749,-9.5303,-6.0978,-1.0000,2
*CCCCCCCCNC(=O)CSCC(=O)NCCCCCCNC(=O)N*,CN(C)C(=N)N=C(N)N,2.5412,-1.2438,99.3300,2.2203,-9.9717,-6.8665,-9.5303,-6.0978,-1.0000,2
*Cc1ccc(NC(=O)CCCCCCCCCCC(=O)Nc2ccc(Cc3ccc(NC(=O)[N+](=O)[O-])cc3C(=O)Nc3ccc(NC(=O)c4ccc(*)cc4)cc3)cc2)cc1,CN(C)C(=N)N=C(N)N,10.3772,-1.2438,188.6400,2.9998,-9.9242,-7.6672,-9.0738,-5.4119,-2.0000,2
*OC(=O)c1ccc(C(C)(C)c2ccc(Oc3ccc(S(=O)(=O)c4ccc(*)cc4)cc3)cc2)cc1-c1ccc(/N=N/c2ccc([N+](=O)[O-])cc2)cc1,CN(C)C(=N)N=C(N)N,10.3264,-1.2438,137.5300,2.9148,-8.7884,-7.4200,-9.5114,-6.1328,-1.0000,2
*CCCCSSCNC(=O)[Si](C)(C)Cc1ccc(NC(=O)N*)cc1,CN(C)C(=N)N=C(N)N,4.3976,-1.2438,70.2300,3.2222,-9.7838,-7.0499,-9.5303,-6.0978,-3.0000,2
*NC(=O)c1ccc(C(=O)NCCCCNC(=O)c2ccc(C(*)=O)c(Cl)c2)cc1,CN(C)C(=N)N=C(N)N,2.1914,-1.2438,104.3700,2.0615,-8.6231,-7.7438,-9.3593,-5.8504,-2.0000,2
*CCOCCOCCOc1ccc(CC(=O)OC(=O)c2ccc(-c3cccc(O*)c3)cc2)cc1,CN(C)C(=N)N=C(N)N,4.4172,-1.2438,80.2900,2.3138,-7.9981,-6.9272,-9.3593,-5.8504,-1.0000,2
*CCCCCCCCCCCCCCCCCCCCCOC(=O)c1ccc(C(=O)NNC(=O)c2ccc(C(=O)O*)cc2)c(C)c1,CN(C)C(=N)N=C(N)N,9.3566,-1.2438,110.8000,2.5190,-8.2709,-7.9032,-9.5303,-6.0978,-3.0000,2
*Oc1c(C)cc(NC(=O)CCCCCCCC(=O)Oc2ccc(S(=O)(=O)c3ccc(Oc4ccc(*)cc4)cc3)cc2)cc1O,CN(C)C(=N)N=C(N)N,7.3061,-1.2438,128.2300,2.5621,-7.5074,-7.0957,-9.5303,-6.0978,-1.0000,2
*CCCCCCCC[Si](C)(C#N)CC(=O)Nc1ccc(Cc2ccc([N+](=O)[O-])cc2)cc1*,CN(C)C(=N)N=C(N)N,6.6260,-1.2438,96.0300,3.1710,-8.7724,-7.1485,-9.4403,-5.9710,-1.0000,2
*CCCCCCCCCCCCOC(=O)Nc1ccc(Cc2ccc(NC(=O)CCCCCCCCCCCC(=O)NCCCCCC(=O)N*)cc2)cc1,CN(C)C(=N)N=C(N)N,11.1383,-1.2438,125.6300,2.7837,-10.1733,-6.4340,-9.4967,-5.9678,-1.0000,2
*CCC(C)CCCCCCCCCCCCOc1ccc(C(=O)Oc2ccc(NC(=O)OC(=O)c3ccc(O*)cc3)cc2)cc1,CN(C)C(=N)N=C(N)N,9.7163,-1.2438,100.1600,3.0311,-10.6604,-7.8143,-9.0263,-5.4164,-2.0000,2
*CCCCCCCOC(=O)NNCCCCCCNC(=O)OC(=O)O*,CN(C)C(=N)N=C(N)N,3.1522,-1.2438,114.9900,2.5870,-10.0038,-7.2182,-9.4403,-5.9710,-3.0000,2
*Oc1ccc(C(=O)NNc2ccc(CNC(=O)CCCCCC(=O)Nc3ccc(Oc4ccc(C(*)=O)cc4)cc3)cc2)cc1,CN(C)C(=N)N=C(N)N,5.9593,-1.2438,134.8600,2.4701,-8.0239,-7.1038,-9.4180,-5.9999,-2.0000,2
*CC(*)(C)C(=O)OCCCCCCCNC(=O)c1ccc(/N=C/c2ccc(OCCCCCCCC)cc2)cc1,CN(C)C(=N)N=C(N)N,8.0560,-1.2438,76.9900,2.4750,-10.1335,-7.5424,-9.5303,-6.0978,-1.0000,2
*CCCCCCCCCCCOc1ccc(S(=O)(=O)c2ccc(C(=O)O*)c(C)c2C)cc1C,CN(C)C(=N)N=C(N)N,7.0525,-1.2438,69.6700,2.3526,-10.7000,-7.7880,-9.5303,-6.0978,-1.0000,2
*CCC(C)(CC)c1ccc(C(=O)NCCCNC(=O)OCCCCCCCCCCO*)cc1,CN(C)C(=N)N=C(N)N,5.7235,-1.2438,76.6600,2.4476,-10.4644,-6.9470,-9.0738,-5.4119,-2.0000,2
*CCCCCCCCCCCCCCOC(=O)Nc1ccc(NC(=O)[Si](*)(C)C)cc1,CN(C)C(=N)N=C(N)N,7.5365,-1.2438,67.4300,2.5818,-9.7519,-6.7466,-9.5303,-6.0978,-1.0000,2
*CCCCCCCCCCCOC(=O)c1ccc(OC)c(C(=O)O*)c1,CN(C)C(=N)N=C(N)N,5.0810,-1.2438,61.8300,1.9026,-11.0049,-7.5593,-9.5303,-6.0978,-1.0000,2
*Oc1cccc(NC(=O)c2ccc(C(=O)Nc3ccc(-c4ccc(NC(=O)c5ccc(*)cc5)cc4)cc3)cc2)c1,CN(C)C(=N)N=C(N)N,6.8161,-1.2438,96.5300,1.8804,-7.7250,-7.2312,-9.4403,-5.9710,-3.0000,2
*CCCOC(=O)CCCS(=O)(=O)c1ccc(C(=O)O*)cc1,CN(C)C(=N)N=C(N)N,1.8919,-1.2438,86.7400,1.9547,-11.2803,-8.3610,-9.0738,-5.4119,-1.0000,2
*CCOCCOCCOc1ccc(CNC(=O)c2ccc(O*)cc2)cn1,CN(C)C(=N)N=C(N)N,2.1491,-1.2438,78.9100,2.1397,-10.3907,-7.0017,-9.0738,-5.4119,-1.0000,2
*CCOCCOc1ccc(C(CC)(C)CCCCCC(=O)OCCOc2ccc(O*)cc2C)cc1,CN(C)C(=N)N=C(N)N,6.3563,-1.2438,63.2200,2.9779,-9.9029,-6.5481,-9.5303,-6.0978,-1.0000,2
*CCOC(=O)c1ccc(N(*)c2ccc(C(=O)O)cc2Cl)cc1,CN(C)C(=N)N=C(N)N,3.9585,-1.2438,66.8400,1.7249,-10.4101,-7.8134,-9.0738,-5.4119,-1.0000,2
*CCCCCCCCCCCCCCCCCCOC(=O)CCCCCCC(=O)OCCCCCCCCCOC(=O)OCCOCCOc1ccc(OC(=O)O*)cc1,CN(C)C(=N)N=C(N)N,12.7112,-1.2438,142.1200,3.0177,-10.7178,-6.9994,-9.5303,-6.0978,-1.0000,2
*Oc1ccc(C(=O)Nc2ccc(Cc3ccc(Oc4ccc(C(*)=O)cc4)cc3)cc2)cc1,CN(C)C(=N)N=C(N)N,5.8401,-1.2438,64.6300,1.9619,-7.9681,-7.1029,-9.5303,-6.0978,-1.0000,2
*OC(=O)OOCCOC(=O)c1ccc(OCCCOCCCCCCCCCCCCCCCCCC(*)=O)cc1,CN(C)C(=N)N=C(N)N,7.6956,-1.2438,106.5900,2.7758,-10.7432,-7.4360,-9.5303,-6.0978,-1.0000,2
*CC(*)(C)C(=O)OCCCCOC(=O)c1ccc(C(=O)O)cc1,CN(C)C(=N)N=C(N)N,2.5210,-1.2438,89.9000,1.8900,-11.2167,-8.3151,-9.4180,-5.9999,-1.0000,2
*CCOCCOCCOCCOCCOCC(=O)CCCCCCC(=O)OCCCCCCCOCOc1ccc(O*)cc1,CN(C)C(=N)N=C(N)N,5.2514,-1.2438,117.2100,2.9318,-10.0535,-6.8772,-9.0263,-5.4164,-1.0000,2
*CCNC(=O)CCCCCCC(=O)Nc1ccc(C(=O)NCCCNC(=O)c2ccc(NC(=O)c3ccccc3C(=O)NCCCCCCS*)cc2)cc1,CN(C)C(=N)N=C(N)N,6.1240,-1.2438,174.6000,2.7617,-7.5020,-7.2071,-9.0648,-5.4206,-2.0000,2
*CCCCCCCOC(=O)CCCCS(=O)(=O)O*,CN(C)C(=N)N=C(N)N,2.5581,-1.2438,69.6700,2.0339,-11.4839,-6.7114,-9.5303,-6.0978,-1.0000,2
*OC(=O)c1ccc(/C=N/c2ccc(C(=O)OC(=O)c3ccc(C(=O)Oc4ccc(*)cc4)cc3)cc2)cc1,CN(C)C(=N)N=C(N)N,5.3518,-1.2438,108.3300,2.3089,-8.5479,-7.8125,-9.5114,-6.1327,-1.0000,2
*CCCCCCCCCOC(=O)c1ccccc1NC(=O)CCC(=O)OC(C)OC(=O)O*,CN(C)C(=N)N=C(N)N,4.8965,-1.2438,117.2300,2.7750,-10.7163,-7.6286,-9.4403,-5.9710,-2.0000,2
*CCCOc1ccc(C(C)(C)c2ccc(OC(=O)c3ccc(C(=O)OCCCCOC(=O)c4ccc(O*)cc4)cc3)cc2)cc1,CN(C)C(=N)N=C(N)N,7.5201,-1.2438,97.3600,2.5163,-8.0929,-7.2729,-9.4967,-5.9678,-1.0000,2
*CCN(CCOC(=O)NCCCc1ccc(CNC(=O)O*)cc1)C(=O)Oc1ccc(C(=O)O)cc1,CN(C)C(=N)N=C(N)N,3.3321,-1.2438,143.5000,2.4027,-10.7696,-7.7112,-9.5114,-6.1328,-1.0000,2
*CCCCCCNC(=O)COc1ccc(NC(=O)CCCCCC(=O)NCCCCCCNC(=O)O*)cc1,CN(C)C(=N)N=C(N)N,4.5951,-1.2438,134.8600,2.3156,-10.2588,-6.5592,-9.4179,-5.9999,-2.0000,2
*CC(O)C(F)(F)C(F)(F)CN(C)(=O)NNC(=O)CCCCCCC(=O)Nc1ccc(NC(=O)NCCCCCNC(=O)c2ccc(C(=O)c3ccc(NC(=O)O*)cc3)cc2)cc1,CN(C)C(=N)N=C(N)N,6.1400,-1.2438,239.1500,4.2940,-7.9984,-7.0535,-9.4967,-5.9678,-3.0000,2
*CCCCCCCCCOC(=O)Oc1ccc(C(=O)NNC(=O)c2ccc(C(=O)O*)cc2)cc1,CN(C)C(=N)N=C(N)N,4.7256,-1.2438,120.0300,2.1522,-8.2573,-7.7174,-9.2335,-5.4206,-3.0000,2
*c1ccc(-c2ccc(NC(=O)CCCCCCC(=O)Nc3ccc(CCc4ccc(NC(=O)c5c(*)cc5)cc4)cc3)cc2)cc1,CN(C)C(=N)N=C(N)N,8.4913,-1.2438,87.3000,2.4217,-8.8917,-6.7428,-9.4967,-5.9678,-2.0000,2
*Oc1ccc(Oc2ccc(S(=O)(=O)c3ccc(-c4ccc(C(=O)c5ccc(*)cc5)cc4)cc3)cc2)cc1,CN(C)C(=N)N=C(N)N,6.9153,-1.2438,69.6700,2.0514,-8.0222,-7.4228,-9.5114,-6.1328,-1.0000,2
*CCCCCCCCCCCCCCCCCCCCCOC(=O)C(CCCCCCCCOc1ccc(C(=O)O*)cc1)OCCCCCCOc1ccc(N(C)CCCCCCCC)cc1,CN(C)C(=N)N=C(N)N,17.2906,-1.2438,83.5300,3.7021,-7.3373,-6.7463,-9.5114,-6.1328,-1.0000,2
*CCCCCCCCCCCCCCNC(=O)NCCCCC(=O)O*,CN(C)C(=N)N=C(N)N,5.2416,-1.2438,67.4300,1.9827,-10.3562,-6.6525,-9.4967,-5.9678,-2.0000,2
*OCc1ccc(NC(=O)c2ccc(Oc3ccc(C(=O)NNC(=O)c4ccc4)cc3*)cc2)cc1,CN(C)C(=N)N=C(N)N,3.4807,-1.2438,105.7600,2.2829,-9.1441,-7.5397,-9.5303,-6.0978,-2.0000,2
*CCOCCOC(=O)OCCCCCCOC(=O)c1ccc(CC(=O)O*)cc1,CN(C)C(=N)N=C(N)N,3.2206,-1.2438,97.3600,2.1949,-10.9705,-7.4617,-9.5303,-6.0978,-1.0000,2
*c1ccc(OCCCCCCCCCCCCCCCCCOC(=O)/C=C/CCCCC(=O)O*)cc1,CN(C)C(=N)N=C(N)N,8.6613,-1.2438,61.8300,2.3542,-10.6277,-7.3902,-9.5303,-6.0978,-1.0000,2
*CCCCCCCCCOc1ccc(/C=C/C(=O)Nc2ccc(CNC(=O)O*)cc2)cc1,CN(C)C(=N)N=C(N)N,6.2355,-1.2438,76.6600,2.1138,-10.3315,-7.4708,-9.5114,-6.1328,-1.0000,2
*OC(=O)CCCCCCCCCC(=O)OCCOC(=O)CC(*)=O,CN(C)C(=N)N=C(N)N,2.2573,-1.2438,95.9700,2.3397,-11.2778,-7.8931,-9.4967,-5.9678,-1.0000,2
*O[Si](C)(CCCCCCCCCCCCCCCCCCC)C(=O)OCCCCCOC(=O)CCOC(=O)CCCCCCC(=O)O*,CN(C)C(=N)N=C(N)N,9.9959,-1.2438,114.4300,3.4229,-10.1138,-6.7598,-9.5303,-6.0978,-1.0000,2
*CCCCCCCCCNC(=O)CCCCCCCCC(=O)NCCC(=O)NNC(=O)CCCCCCC(=O)N*,CN(C)C(=N)N=C(N)N,4.4536,-1.2438,145.5000,2.3597,-10.4492,-6.5743,-9.5303,-6.0978,-5.0000,2
*OC(=O)NCOCC(C)c1ccc(NC(*)=O)cc1,CN(C)C(=N)N=C(N)N,1.6001,-1.2438,76.6600,3.0944,-10.6187,-6.9061,-9.2335,-5.4206,-1.0000,2
*CC(CCCCCCCCCCCCCOCCC)C=C/C(=O)OCCCCCOc1ccc(/N=N/c2ccc(/N=N/c3ccc(O*)cc3)cc2)cc1,CN(C)C(=N)N=C(N)N,13.6154,-1.2438,103.4300,3.7311,-8.1572,-7.1473,-9.5303,-6.0978,-1.0000,2
*NC(=O)NCCCCCCCNC(=O)c1ccc(C(C)(C)c2ccc(NC(*)=O)cc2)cc1,CN(C)C(=N)N=C(N)N,3.9294,-1.2438,99.3300,2.3701,-10.4301,-6.9532,-9.0738,-5.4119,-1.0000,2
*CCCCCCCCCCOc1ccc(/N=C/c2ccc(CC)cc2)cc1C(=O)Nc1ccc(C(=O)O*)cc1,CN(C)C(=N)N=C(N)N,8.4696,-1.2438,76.9900,2.3867,-7.6659,-7.4145,-9.3593,-5.8504,-2.0000,2
*Cc1ccc(/N=N/c2ccc(C(=O)OCCOC(=O)c3ccc(O*)cc3)cc2)cc1,CN(C)C(=N)N=C(N)N,5.1298,-1.2438,86.5500,2.2113,-8.4288,-7.3879,-9.5303,-6.0978,-1.0000,2
*CCCCCCCOc1ccc(C(=O)NNC(=O)c2ccc(C(=O)NNc3ccc(C(F)(F)F)cc3)cc2)cc1*,CN(C)C(=N)N=C(N)N,5.8863,-1.2438,108.5600,2.3180,-10.6948,-8.0873,-9.2335,-5.4206,-3.0000,2
*CCCCCCCCC(=O)NCCCSCCCOCCCCCNC(=O)c1ccc(C(=O)O*)cc1,CN(C)C(=N)N=C(N)N,5.6817,-1.2438,93.7300,2.3867,-8.0531,-6.8779,-9.5303,-6.0978,-3.0000,2
*CCCCCC(=O)NCCCCCNC(=O)OCCCCOc1ccc(C(=O)Oc2ccc(C(=O)O*)cc2)cc1,CN(C)C(=N)N=C(N)N,5.3560,-1.2438,129.2600,2.3464,-10.6345,-7.7228,-9.5114,-6.1327,-3.0000,2
*Nc1ccc(NC(=O)CNCCCCCCCCCCCC(=O)NCCCNC(=O)c2ccc(NC(*)=O)cc2)cc1,CN(C)C(=N)N=C(N)N,4.2025,-1.2438,140.4600,2.5290,-7.2244,-6.4827,-9.5303,-6.0978,-3.0000,2
*OC(=O)c1ccc(C(=O)NCCCCCCSCCCCNC(*)=O)cc1,CN(C)C(=N)N=C(N)N,2.9344,-1.2438,84.5000,2.3036,-8.0286,-6.8391,-9.5303,-6.0978,-3.0000,2
*CCCCCCCCCCCCCCCCCCCCCOc1ccc(C(=O)Nc2ccc(C(=O)NSS*)nc2)cc1,CN(C)C(=N)N=C(N)N,10.3673,-1.2438,80.3200,2.7311,-8.0146,-7.4328,-9.4403,-5.9710,-1.0000,2
*CCCCCCCCCCCCCCC(=O)NCc1ccc(CNC(=O)CCCCCC(=O)N*)cc1,CN(C)C(=N)N=C(N)N,6.4460,-1.2438,87.3000,2.1375,-10.4708,-6.4592,-9.0738,-5.4119,-2.0000,2
*CCC(=O)Nc1ccc(NC(=O)CCCCOC(=O)c2ccc(C(=O)c3ccc(C(=O)O*)cc3)cc2)cc1,CN(C)C(=N)N=C(N)N,4.9301,-1.2438,127.8700,2.1276,-8.6079,-7.9492,-9.4403,-5.9710,-1.0000,2
*CCCCCCNC(=O)CCCCCCCCCCCCC(=O)NCCCNC(=O)c1ccc(C(=O)O*)cc1,CN(C)C(=N)N=C(N)N,5.9986,-1.2438,113.6000,2.2522,-7.9626,-6.7575,-9.5303,-6.0978,-3.0000,2
*CCOCCOC(=O)c1ccc(C(=O)OC(=O)CCCCCCCCCC(=O)O*)cc1,CN(C)C(=N)N=C(N)N,4.1588,-1.2438,105.2000,2.2510,-11.1033,-8.4553,-9.5303,-6.0978,-1.0000,2
*CCCCCCC(=O)CSCCSCCCNC(=O)C(=O)N*,CN(C)C(=N)N=C(N)N,1.9839,-1.2438,75.2700,2.6555,-7.4576,-5.7119,-9.4403,-5.9710,-1.0000,2
*CCCCCCCCNC(=O)CNCCCCCCCCCCNC(=O)CCCCCCCCCCC(=O)N*,CN(C)C(=N)N=C(N)N,6.6760,-1.2438,99.3300,2.3642,-9.4424,-5.9483,-9.4403,-5.9710,-2.0000,2
*/C=C/C(C#N)=C/CC(*)=N/c1ccc(/N=N/c2ccc(/N=N/c3ccc([N+](=O)[O-])cc3)cc2)cc1O,CN(C)C(=N)N=C(N)N,7.8596,-1.2438,148.9600,3.8717,-8.6139,-7.9869,-9.0173,-5.2053,-1.0000,2
*Oc1ccc(N=N/c2ccc(/N=N/c3ccc(C(=O)c4ccc(*)s4)cc3)cc2)cc1,CN(C)C(=N)N=C(N)N,7.5155,-1.2438,75.7400,2.6119,-8.0090,-6.6621,-9.2335,-5.4206,-1.0000,2
*CCCCCCCCCCCCCCCCCCOc1ccc(C(=O)Oc2ccc(C(=O)O*)cc2)cc1,CN(C)C(=N)N=C(N)N,9.2443,-1.2438,61.8300,2.1244,-10.7714,-7.7271,-9.5114,-6.1328,-1.0000,2
*CC(C)(C)C(C)COC(=O)CCCCNC(=O)c1ccc(C(=O)Nc2ccc(S(*)(=O)=O)cc2)cc1,CN(C)C(=N)N=C(N)N,4.0347,-1.2438,118.6400,3.1967,-10.8186,-7.9839,-9.5303,-6.0978,-1.0000,2
*CCCCCCCOC(=O)Cc1ccc(NC(=O)CCCCCCCC(=O)NNC(=O)c2ccc(C(=O)S*)cc2)cc1,CN(C)C(=N)N=C(N)N,5.9431,-1.2438,130.6700,2.5462,-8.5306,-7.3110,-9.4403,-5.9710,-3.0000,2
*Oc1ccc(Oc2ccc(-c3ccc(NC(=O)c4ccc(Cc5ccc(C(=O)Nc6ccc(*)cc6)cc5)cc4)cc3)cc2)cc1,CN(C)C(=N)N=C(N)N,8.9469,-1.2438,76.6600,2.1276,-10.0156,-7.2682,-9.4180,-5.9999,-2.0000,2
*CCCCOC(=O)CNc1ccc(C(=O)O*)cc1,CN(C)C(=N)N=C(N)N,2.1400,-1.2438,64.6300,1.7649,-10.2535,-7.1825,-9.0648,-5.4207,-1.0000,2
*CCCCCOC(=O)C(C)CCCCOC(=O)c1ccc(C(=O)Oc2ccc(C(=O)OCCCOc3ccc(O*)cc3)cc2)cc1,CN(C)C(=N)N=C(N)N,6.9339,-1.2438,123.6600,3.0272,-8.3682,-7.7140,-9.0697,-5.2057,-1.0000,2
*Oc1ccc(Oc2ccc(/N=C/C(=O)c3ccc(OC(=O)c4ccc(C(*)=O)cc4)c(C(F)(F)C(F)(F)F)c3)cc2)cc1,CN(C)C(=N)N=C(N)N,7.4555,-1.2438,91.2600,2.9413,-8.8625,-8.1078,-9.5303,-6.0978,-1.0000,2
*CCCCCCNC(=O)CCCCCCCCCCCCCCCCC(=O)NC(CC)NC(=O)NNC(=O)CCCCc1ccc(C(=O)N*)cc1,CN(C)C(=N)N=C(N)N,7.6191,-1.2438,157.5300,3.4249,-10.4021,-6.9723,-9.5303,-6.0978,-1.0000,2
*CCOCCOc1ccc(C(=O)NCCCCCCCCCNC(=O)Nc2ccc(C(=O)OCCCCOc3ccc(-c4ccc(O*)cc4)cc3)cc2)cc1,CN(C)C(=N)N=C(N)N,8.7727,-1.2438,133.4500,2.7856,-9.9981,-7.1969,-9.4179,-5.9999,-2.0000,2
*CCCCCCOCCOC(=O)CCCCCCC(=O)OCCCP(=O)(O*)OCC,CN(C)C(=N)N=C(N)N,4.6223,-1.2438,97.3600,3.0464,-11.0309,-6.7765,-9.4403,-5.9710,-1.0000,2
*CCCCCCCOC(=O)NC(CNC(=O)Oc1ccc(O*)cc1)Oc1ccc(F)cc1C,CN(C)C(=N)N=C(N)N,5.0298,-1.2438,95.1200,3.0223,-10.5530,-6.6380,-9.5303,-6.0978,-3.0000,2
*Nc1ccc(-c2ccc(NC(=O)NNc3ccc(Oc4ccc(NC(=O)c5ccc(C(*)=O)cc5)cc4)cc3)cc2)cc1C,CN(C)C(=N)N=C(N)N,7.2499,-1.2438,120.5900,2.4549,-8.4148,-7.0192,-9.5303,-6.0978,-1.0000,2
*Oc1ccc(NC(=O)c2ccc(NC(=O)Nc3ccc(*)cc3)cc2)cc1,CN(C)C(=N)N=C(N)N,4.2885,-1.2438,79.4600,1.5887,-10.0615,-7.1001,-9.5303,-6.0978,-1.0000,2
*CCCCCCOC(=O)c1ccc(OC(=O)c2ccc(C(=O)NCCCCN=Nc3ccc(C(=O)O*)cc3)cc2)cc1,CN(C)C(=N)N=C(N)N,6.6350,-1.2438,132.7200,2.5887,-9.0023,-7.9363,-9.4967,-5.9678,-1.0000,2
*CCCCCCOc1ccc(S(=O)(=O)c2ccc(NC(=O)CC(*)=O)cc2)cc1,CN(C)C(=N)N=C(N)N,4.0060,-1.2438,89.5400,2.1629,-8.5172,-7.2351,-9.5114,-6.1328,-1.0000,2
*CC(=O)NCCCCCCCNC(=O)CCCCCCCCOC(=O)NCCCCCNC(=O)CCCC(=O)N*,CN(C)C(=N)N=C(N)N,3.5882,-1.2438,154.7300,2.5216,-10.5316,-5.7887,-9.4180,-5.9999,-4.0000,2
*CCC(=O)NSCCNC(=O)SCCc1ccccc1C(=O)N*,CN(C)C(=N)N=C(N)N,1.9452,-1.2438,87.3000,2.9267,-10.0598,-6.8123,-9.5303,-6.0978,-2.0000,2
*OC(=O)C(CCCCCCCCOc1ccc(C(=O)Oc2ccc(C(*)=O)cc2)cc1)CCCCCCCCCCCC,CN(C)C(=N)N=C(N)N,9.8396,-1.2438,78.9000,2.9436,-10.8383,-8.1498,-9.0738,-5.4119,-1.0000,2
*OC(=O)c1ccc(Oc2ccccc2C(=O)Oc2ccc(OC(=O)CCCCCNC(=S)CCCCCC(*)=O)cc2)cc1,CN(C)C(=N)N=C(N)N,6.9285,-1.2438,117.2300,2.7274,-7.5049,-7.1510,-9.0738,-5.4119,-1.0000,2
*CCCCCCCCCCCCCCCNC(=O)c1ccc(C(=O)/C(=O)O*)cc1,CN(C)C(=N)N=C(N)N,5.7749,-1.2438,72.4700,2.0219,-8.7379,-7.3848,-9.4403,-5.9710,-1.0000,2
*CCC(F)(F)COC(=O)c1ccc([Si](C#N)(C#N)c2ccc(C(=O)O*)c(OC#N)c2)cc1,CN(C)C(=N)N=C(N)N,2.1353,-1.2438,133.2000,3.6742,-11.6685,-8.6809,-9.5303,-6.0978,-1.0000,2
*CC(C)CC(=O)OCCCOS(=O)(=O)CCCCCCCC(=O)O*,CN(C)C(=N)N=C(N)N,2.7374,-1.2438,95.9700,2.4821,-11.2119,-6.6516,-9.4403,-5.9710,-1.0000,2
*CC(*)C(=O)OCCCCCNC(=O)CCC(=O)OCC,CN(C)C(=N)N=C(N)N,1.5694,-1.2438,81.7000,1.9987,-10.7662,-6.5431,-9.4403,-5.9710,-1.0000,2
*CCCCCCCCCCCCCCCCCC(=O)SSCCCCOCCCNC(=O)O*,CN(C)C(=N)N=C(N)N,8.6104,-1.2438,64.6300,2.7237,-8.2714,-6.6332,-9.0697,-5.2057,-1.0000,2
*Oc1ccc(Oc2ccc(NC(=O)c3ccc(C(=O)Nc4ccc(C(*)=O)cc4)cc3)cc2)cc1,CN(C)C(=N)N=C(N)N,5.5016,-1.2438,93.7300,1.9535,-8.1518,-7.7686,-9.4403,-5.9710,-3.0000,2
*OC(=O)OC(OC(=O)c1ccc(Oc2ccc(C(*)=O)cc2)cc1)C(=O)Oc1ccc(OC)cc1,CN(C)C(=N)N=C(N)N,4.0831,-1.2438,123.6600,2.8845,-8.1528,-7.9084,-9.0738,-5.4119,-1.0000,2
*CCCCCCOc1ccc(C(C)(C)c2ccc(OC(=O)CCCCCS(=O)(=O)c3ccc(C(=O)O*)cc3)cc2)cc1,CN(C)C(=N)N=C(N)N,7.6095,-1.2438,95.9700,2.5194,-8.2843,-7.1997,-9.4967,-5.9678,-1.0000,2
*CCCSSCCCNC(=O)NCCCNC(=O)CCCCCCCCCCCCC(=O)N*,CN(C)C(=N)N=C(N)N,5.1399,-1.2438,99.3300,2.6105,-10.0855,-6.6591,-9.2335,-5.4206,-3.0000,2
*CC(I)(F)COC(=O)c1ccc(C(=O)O*)cc1OCc1ccc(/N=N/c2ccc([N+](=O)[O-])cc2)cc1,CN(C)C(=N)N=C(N)N,6.5649,-1.2438,129.6900,3.2222,-8.8137,-8.3448,-9.0696,-5.2057,-1.0000,2
*Oc1ccc(Oc2ccc(C(=O)c3ccc(Oc4ccc(C(=O)c5ccc(*)cc5)cc4)cc3)cc2)cc1,CN(C)C(=N)N=C(N)N,7.4388,-1.2438,61.8300,1.7805,-7.9119,-7.8094,-9.5303,-6.0978,-1.0000,2
*CCCCCCCCCCCCCC(=O)OCCCCCCOc1ccc(C(=O)Oc2ccc(O*)cc2)cc1,CN(C)C(=N)N=C(N)N,8.7949,-1.2438,71.0600,2.3082,-10.5058,-7.3240,-9.4403,-5.9710,-1.0000,2
*CCCCCCCCCCOc1ccc(C(=O)OC(=O)Nc2ccc(-c3ccc(O*)cc3)cc2)cc1,CN(C)C(=N)N=C(N)N,7.9676,-1.2438,73.8600,2.2169,-7.6581,-6.6830,-9.4403,-5.9710,-2.0000,2
*Oc1ccc(CCCCCCCOC(=O)CCCCCCCCCCCCCCCC(=O)OCCCCCCCCCCCCCCOC(=O)c2ccc(O*)cc2)cc1,CN(C)C(=N)N=C(N)N,14.0669,-1.2438,97.3600,2.7486,-10.2080,-7.2428,-9.3593,-5.8504,-1.0000,2
*CCCCCCCCCOCCCCCCNC(=O)NCCCCCNC(=O)Oc1ccccc1CC(=O)NO*,CN(C)C(=N)N=C(N)N,5.6200,-1.2438,127.0200,2.6391,-10.4240,-6.5799,-9.4403,-5.9710,-2.0000,2
*CCCCCCCCCCCCCCOC(=O)CCCCCCCCC(=O)NCCCNC(=O)O*,CN(C)C(=N)N=C(N)N,7.1254,-1.2438,93.7300,2.3528,-10.6791,-6.3540,-9.4967,-5.9678,-1.0000,2
*CCCCCCOc1ccc(C(=O)OCCCCNC(=O)c2ccc(-c3ccc(C(=O)O*)cc3)cc2)cc1,CN(C)C(=N)N=C(N)N,6.3779,-1.2438,90.9300,2.1051,-10.6270,-7.7928,-9.5303,-6.0978,-2.0000,2
*/C=C(\C)C(COc1ccc(/N=N/c2ccc(/N=C/c3ccc(O*)cc3)o2)cc1)OCC(=O)c1ccc(C(F)(F)F)cc1,CN(C)C(=N)N=C(N)N,8.3930,-1.2438,94.9800,4.1070,-7.7647,-7.2855,-9.4967,-5.9678,-1.0000,2
*C(=O)c1c(C)cc(Cc2ncc(NC(=O)CCCCCCCCCCC(=O)Oc3ccc(O*)cc3)cc2)cc1C,CN(C)C(=N)N=C(N)N,7.2524,-1.2438,94.5900,2.7062,-10.2280,-7.6115,-9.5303,-6.0978,-1.0000,2
*CCCCCCCOC(=O)c1ccc(C(=O)O*)cc1[N+](=O)[O-],CN(C)C(=N)N=C(N)N,3.4202,-1.2438,95.7400,1.9515,-9.1065,-8.7466,-9.5303,-6.0978,-1.0000,2
*Oc1ccc(NC(=O)CCCCCCCC(=O)Nc2ccc(C(=O)OC(*)=O)cc2)cc1C,CN(C)C(=N)N=C(N)N,4.3217,-1.2438,110.8000,2.2970,-8.3343,-7.3302,-9.5303,-6.0978,-2.0000,2
*Nc1ccc(NC(=O)c2ccc(C(=O)NS(=O)(=O)c3ccc(NC(*)=O)cc3)cc2)cc1,CN(C)C(=N)N=C(N)N,2.2081,-1.2438,133.4700,2.1187,-8.0514,-7.5874,-9.2335,-5.4206,-2.0000,2
*OCC(=O)c1ccc(C(=O)Nc2ccccc2CC(=O)OCCc2ccc(C(=O)Oc3ccc(S(*)(=O)=O)cc3)cc2)cc1,CN(C)C(=N)N=C(N)N,3.6318,-1.2438,142.1400,2.8356,-8.2041,-8.1023,-9.5303,-6.0978,-1.0000,2
*CCc1ccccc1COCCCOC(=O)OC(=O)c1ccc(C(=O)O*)cc1,CN(C)C(=N)N=C(N)N,3.8475,-1.2438,88.1300,2.2361,-8.6445,-7.3907,-9.5114,-6.1328,-1.0000,2
*CCSSSC(=O)NCCCCc1ccc(NC(=O)C(=O)N*)cc1,CN(C)C(=N)N=C(N)N,3.1922,-1.2438,87.3000,2.8277,-10.5255,-7.7148,-9.5114,-6.1328,-1.0000,2
*CCCCCCOC(=O)CCCCCCCCCCCCCC(=O)OCCCCOC(=O)c1ccc(C(=O)Nc2ccc(O*)cc2)cc1,CN(C)C(=N)N=C(N)N,9.3195,-1.2438,117.2300,2.5734,-7.9635,-6.8384,-9.4967,-5.9679,-1.0000,2
*CCOc1ccc(C(=O)Nc2ccc(Cc3ccc(NC(=O)O*)cc3)cc2)cc1,CN(C)C(=N)N=C(N)N,5.0183,-1.2438,76.6600,1.7925,-10.1947,-6.9858,-9.4403,-5.9710,-1.0000,2
*Oc1ccc(/N=C/c2ccc(C(=O)NCCCC(*)=O)cc2)cc1,CN(C)C(=N)N=C(N)N,2.8517,-1.2438,67.7600,2.2421,-8.0347,-7.4570,-9.5114,-6.1328,-1.0000,2
*Oc1ccc(C(C)(C)c2ccc(NC(=O)CCCCCCCCCC(*)=O)cc2)cc1S(=O)(=O)Oc1ccc(Cl)cc1F,CN(C)C(=N)N=C(N)N,7.9266,-1.2438,98.7700,2.8101,-10.4823,-7.4452,-9.5114,-6.1327,-1.0000,2
*CCCCCCOC(=O)CCCCCCCCCCCC(=O)OCCCCOC(=O)c1ccc(-c2ccc(C(=O)NCCCCCNC(=O)O*)cc2)cc1,CN(C)C(=N)N=C(N)N,9.4161,-1.2438,146.3300,2.7924,-10.5101,-7.6659,-9.4403,-5.9710,-1.0000,2
*CCCCCCCCOc1ccc(/C=C/c2ccc(OCCCCCCCCC(=O)Oc3ccc(/N=N/c4ccc(O*)c(O)c4)cc3)cc2)Occ1,CN(C)C(=N)N=C(N)N,11.9303,-1.2438,108.1700,3.4928,-8.4330,-7.3418,-9.4967,-5.9678,-1.0000,2
*OC(COC(=O)NCCCC(CC)C(*)=O)CC(F)(F)C(F)(F)F,CN(C)C(=N)N=C(N)N,2.6665,-1.2438,64.6300,3.7575,-11.2174,-7.6596,-9.5303,-6.0978,-1.0000,2
*CCCCCC(=O)Nc1ccc(-c2ccc(NC(=O)CCCC(=O)Nc3ccc(NC(=O)c4ccc(O*)cc4)cc3)cc2)cc1,CN(C)C(=N)N=C(N)N,7.5778,-1.2438,125.6300,2.1747,-10.1469,-7.0935,-9.4403,-5.9710,-5.0000,2
*OC(=O)c1ccc(C(=O)OCCCCCCOc2ccc(C(=O)Nc3ccc(OC(=O)c4ccc(C(C)(C)c5ccc(*)cc5)cc4)cc3)cc2)c(Cl)c1,CN(C)C(=N)N=C(N)N,9.6318,-1.2438,117.2300,2.7087,-8.3781,-7.4148,-9.4403,-5.9710,-1.0000,2
*Oc1cccc(O[Si](C)(C)O[Si](C)(C)OC(=O)Nc2ccc(S(*)(=O)=O)cc2C)c1,CN(C)C(=N)N=C(N)N,3.7186,-1.2438,100.1600,3.4924,-10.3840,-7.3082,-9.5114,-6.1328,-1.0000,2
*Oc1ccc(C(CC)(C)c2ccc(OC(=O)c3ccc(C(=O)OC(*)=O)cc3)cc2)cc1,CN(C)C(=N)N=C(N)N,4.6406,-1.2438,78.9000,2.9011,-8.8006,-7.8604,-9.5303,-6.0978,-1.0000,2
*Oc1ccc(C(=O)Oc2ccc(Oc3ccc(C(*)=O)cc3C(=O)OCC)cc2)cc1C(C)(C)C,CN(C)C(=N)N=C(N)N,5.6904,-1.2438,88.1300,2.3942,-8.2254,-7.6566,-9.5303,-6.0978,-1.0000,2
*Oc1ccc(CC(OC(=O)c2ccc(C(*)=O)cc2)C(=O)OC)cc1,CN(C)C(=N)N=C(N)N,2.1458,-1.2438,78.9000,2.5393,-8.5476,-7.1176,-9.4967,-5.9678,-1.0000,2
*CCCCCCCC(C)=C(CC(=O)Nc1ccc(Br)cc1)C(=O)NCCCCCCNC(=O)C(=O)N*,CN(C)C(=N)N=C(N)N,4.7328,-1.2438,116.4000,2.7632,-10.3348,-7.3409,-9.5303,-6.0978,-3.0000,2
*Oc1ccc(OC(=O)c2ccc(OCc3ccc(C(*)=O)cc3)cc2)cc1CC,CN(C)C(=N)N=C(N)N,4.5653,-1.2438,61.8300,2.0401,-8.1855,-7.4342,-9.5303,-6.0978,-1.0000,2
*CCCSSCS(=O)(=O)CCOC(=O)NC(=O)CCc1ccc(S(=O)(=O)CCC(=O)N*)cc1,CN(C)C(=N)N=C(N)N,1.6848,-1.2438,152.7800,3.0218,-7.9844,-7.6195,-9.2335,-5.4206,-1.0000,2
*CCOc1ccc(CC(=O)OCCCCCCOC(=O)c2ccc(C(=O)O*)cc2)cc1,CN(C)C(=N)N=C(N)N,4.2866,-1.2438,88.1300,2.0029,-8.2817,-6.9053,-9.5303,-6.0978,-1.0000,2
*OP(=O)(OCl)OCC(=O)CCCCC(*)=O,CN(C)C(=N)N=C(N)N,1.6022,-1.2438,78.9000,3.6755,-11.3620,-8.2965,-9.4967,-5.9678,-1.0000,2
*CCCOC(=O)c1ccc(C=N/c2ccc(C(=O)OCc3ccc(C(=O)O*)cc3)cc2)cc1,CN(C)C(=N)N=C(N)N,5.0592,-1.2438,91.2600,2.1748,-8.3421,-7.6739,-9.5114,-6.1328,-1.0000,2
*OC(=O)c1ccc(C(=O)NNc2ccc(NC(=O)OCCCCCCOCCOc3ccc(*)nc3)cc2)cc1,CN(C)C(=N)N=C(N)N,4.7412,-1.2438,137.1100,2.4467,-8.1458,-7.0412,-9.5114,-6.1328,-2.0000,2
*OC(=O)c1ccc(Oc2ccc(C(*)=O)cc2OCCCCCCCCCCCCCC)cc1,CN(C)C(=N)N=C(N)N,8.0695,-1.2438,61.8300,2.1740,-10.7961,-8.1564,-9.5303,-6.0978,-1.0000,2
*CC(C)CCCCOCCOC(=O)C(=O)OCCCCOC(=O)O*,CN(C)C(=N)N=C(N)N,2.3905,-1.2438,97.3600,2.4645,-8.5495,-5.9667,-9.4403,-5.9710,-1.0000,2
*CCCCCCCCCCNC(=O)CCCCCCC(=O)NCCCCNC(=O)c1ccc(NC(=O)c2ccc(Sc3ccc(C(*)=O)cc3)cc2)cc1,CN(C)C(=N)N=C(N)N,9.1263,-1.2438,133.4700,2.7747,-8.4423,-7.4512,-9.4967,-5.9678,-2.0000,2
*CCOC(=O)SSSCC(=O)NCCCCCCCCNC(=O)OCCCCCOC(O)S*,CN(C)C(=N)N=C(N)N,4.7481,-1.2438,123.1900,3.6394,-8.1826,-7.4862,-9.5114,-6.1328,-2.0000,2
*CCCCCCCCCCCCC(=O)NCCSNC(=O)CCCCCCC(=O)N*,CN(C)C(=N)N=C(N)N,5.0039,-1.2438,87.3000,2.5584,-10.2129,-6.7826,-9.3593,-5.8504,-3.0000,2
*CCCCCOC(=O)CCCC(=O)OC(=O)c1ccc(C(=O)NNc2ccc(O*)cc2)cc1,CN(C)C(=N)N=C(N)N,3.7362,-1.2438,120.0300,2.3460,-8.4939,-7.3845,-9.5114,-6.1328,-2.0000,2
*CCCCCCCCCOCCCc1cc(C(=O)O*)cc(Oc2ccc(OCC)cc2)n1,CN(C)C(=N)N=C(N)N,6.6706,-1.2438,66.8800,2.3529,-8.0284,-6.5453,-9.4403,-5.9710,-1.0000,2
*NC(=O)NCCC(=O)N(*)CCCC(F)(F)C(F)(F)C(F)(F)F,CN(C)C(=N)N=C(N)N,1.7741,-1.2438,61.4400,2.5570,-10.6490,-6.1938,-9.2334,-5.4206,-2.0000,2
*CCOCCOCCOC(=O)CCCCCCCCCC(=O)OCCCOC(=O)/C=C/c1ccc(C(=O)NCCCCNC(=O)c2ccc(C(*)=O)cc2)cc1,CN(C)C(=N)N=C(N)N,6.0360,-1.2438,172.6300,3.0669,-8.4001,-8.0626,-9.5303,-6.0978,-1.0000,2
*CCCCCCCOC(=O)CCc1ccc(C(=O)NCCCCNS(=O)(=O)CCCCC(=O)N*)cc1,CN(C)C(=N)N=C(N)N,3.2178,-1.2438,130.6700,2.4284,-10.4782,-7.0674,-9.0738,-5.4119,-1.0000,2
*CCCCCCCCCCSCCCOCCCCNC(=O)OCCOCCCNC(=O)OCCSCCCOC(=O)O*,CN(C)C(=N)N=C(N)N,6.7242,-1.2438,130.6500,3.0645,-9.5959,-6.3606,-9.5303,-6.0978,-2.0000,2
*CCCCCCCCCCCCOC(=O)NCCOc1ccc(C(=O)NCCCCCCNC(=O)c2ccc(O*)cc2)c(OCOCC)c1,CN(C)C(=N)N=C(N)N,7.5111,-1.2438,133.4500,2.8105,-10.2826,-6.7939,-9.0738,-5.4119,-2.0000,2
*CCCCCCCCCCCCCOC(=O)CCCCCC(=O)OCCCCCOC(=O)CCCCCOCC(=O)c1ccc(C(=O)O*)cc1,CN(C)C(=N)N=C(N)N,9.2059,-1.2438,131.5000,2.6800,-8.5499,-7.1644,-9.4403,-5.9710,-1.0000,2
*c1ccc(C(=O)OCCCCCCCCCCCCOC(=O)c2ccc(C(=O)O*)c(C)c2)cc1C,CN(C)C(=N)N=C(N)N,6.9164,-1.2438,78.9000,2.2070,-10.9156,-8.0196,-9.5303,-6.0978,-1.0000,2
*Oc1ccc(NC(=O)c2ccc(S(=O)(=O)c3ccc(C(=O)Nc4ccc(C(*)=O)cc4)cc3)cc2)cc1,CN(C)C(=N)N=C(N)N,4.5421,-1.2438,118.6400,2.0930,-8.3353,-8.0468,-9.4967,-5.9678,-2.0000,2
*NCC(=O)SCCCCCCCCC(=O)NCCCCCCCCCNC(=O)NCCSCCNC(=O)CCCCC(*)=O,CN(C)C(=N)N=C(N)N,4.6904,-1.2438,145.5000,3.0679,-9.9548,-7.2482,-9.5303,-6.0978,-4.0000,2
*CCCCCCCCOC(=O)OCCCC(=O)OCCC[Si](C)(C)CCOC(=O)c1ccc(O*)c(C(=O)O)c1,CN(C)C(=N)N=C(N)N,6.1828,-1.2438,134.6600,2.8648,-10.8069,-7.9772,-9.5303,-6.0978,-1.0000,2
*CCCCCCOC(=O)c1ccc(C(=O)NC(O)CCCC(=O)NNC(=O)O*)cc1,CN(C)C(=N)N=C(N)N,1.9410,-1.2438,143.0600,2.8527,-10.7453,-8.0015,-9.0738,-5.4119,-3.0000,2
*Oc1ccc(CCCCCOC(=O)c2ccc(S(*)(=O)=O)cc2Cl)c(C(=O)O[Na])c1,CN(C)C(=N)N=C(N)N,2.8260,-1.2438,95.9700,3.3338,-8.8173,-7.9442,-9.4180,-5.9999,-1.0000,2
*CC=C(CCCC)CS(=O)(=O)CCCCC(=O)O*,CN(C)C(=N)N=C(N)N,2.7926,-1.2438,60.4400,2.7170,-10.3198,-6.6672,-9.4403,-5.9710,-1.0000,2
*CCc1ccc(CCNC(=O)CCCCCCCC(=O)NCCCCNC(=O)c2ccc(C(=O)NNCCCCC(=O)O*)cc2)cc1,CN(C)C(=N)N=C(N)N,4.4541,-1.2438,154.7300,2.6489,-7.6188,-6.7336,-9.5114,-6.1328,-3.0000,2
*Oc1ccc(NC(=O)CCCCCCCCCC(=O)Nc2ccc(Sc3ccc(NC(*)=O)cc3)cc2)cc1,CN(C)C(=N)N=C(N)N,7.1998,-1.2438,96.5300,2.3996,-9.8212,-7.1278,-9.0263,-5.4164,-1.0000,2
*CCCCCCNC(=O)C(C)C(=O)NCCCCCCCNC(=O)N(*)C,CN(C)C(=N)N=C(N)N,2.3147,-1.2438,90.5400,2.7072,-10.3760,-6.0814,-9.4180,-5.9999,-3.0000,2
*CCCCCCCCCCCCCCCOC(=O)C(O)C(=O)NCNC(=O)SS*,CN(C)C(=N)N=C(N)N,4.3430,-1.2438,104.7300,3.4196,-10.8892,-7.8658,-9.5114,-6.1328,-1.0000,2
*CCCCCCOc1ccc(S(=O)(=O)c2ccc(C(=O)OC(=O)c3ccc(C(=O)SCCCCCC(=O)O*)cc3)cc2)cc1,CN(C)C(=N)N=C(N)N,6.9941,-1.2438,130.1100,2.6754,-8.6091,-7.7412,-9.0696,-5.2057,-1.0000,2
*OC(=O)N(CCCCC)NC(=O)CCCCCCCCCCCCCC(=O)O*,CN(C)C(=N)N=C(N)N,5.3437,-1.2438,84.9400,2.4201,-10.5859,-6.6105,-9.4967,-5.9678,-3.0000,2
*CCCCC(=O)NCCCCNC(=O)CCCCC(=O)NCCCCNSC(=O)CCC(=O)N*,CN(C)C(=N)N=C(N)N,1.6759,-1.2438,145.5000,2.7713,-7.9618,-6.0900,-9.4967,-5.9678,-2.0000,2
*Oc1ccc(C(=O)NC(=O)c2ccc(C(=O)OCC=CCC(*)=O)cc2)cc1,CN(C)C(=N)N=C(N)N,2.2644,-1.2438,98.7700,2.3118,-8.2857,-7.6862,-9.4180,-5.9999,-1.0000,2
*C(=O)OCCN(CCOC(CO)=O)C(/N=N/C=C/c1ccc(-c2ccc(I)cc2)cc1)OC(=O)CCCCC(=O)O*,CN(C)C(=N)N=C(N)N,3.8634,-1.2438,153.3900,3.9202,-8.8522,-7.0568,-9.4403,-5.9710,-1.0000,2
*CCCCCOCCCCCNC(=O)CCCCCCC(=O)OCCCCOC(=O)O*,CN(C)C(=N)N=C(N)N,4.8383,-1.2438,100.1600,2.3649,-10.4913,-6.4585,-9.0728,-5.4138,-2.0000,2
*CC#CCCCCOC(=O)NCc1ccc(C(=O)NCCCCCCNC(=O)c2ccc(C(=O)N*)cc2)cc1,CN(C)C(=N)N=C(N)N,3.9255,-1.2438,125.6300,2.4859,-10.4049,-7.4642,-9.5303,-6.0978,-1.0000,2
*OC(=O)OCc1ccc(/C=N/c2ccc(OC(=O)COC(=O)c3ccc(C(=O)Nc4ccc(*)cc4)cc3)cc2)c(Cl)c1,CN(C)C(=N)N=C(N)N,6.2999,-1.2438,129.5900,2.5625,-8.0699,-7.0917,-9.5303,-6.0977,-2.0000,2
*CCCCCCNC(=O)c1ccc(C(=O)NCCCNC(=O)CCCCC(=O)NCCCCCCCNC(=O)c2ccc(S(*)(=O)=O)cc2)cc1,CN(C)C(=N)N=C(N)N,4.2602,-1.2438,179.6400,2.7883,-8.1833,-7.4061,-9.5303,-6.0977,-4.0000,2
*Sc1ccc(Sc2ccc(S(=O)(=O)c3ccc(Oc4ccc(NC(=O)c5ccc(*)cc5)cc4)cc3)cc2)cc1,CN(C)C(=N)N=C(N)N,8.0039,-1.2438,72.4700,2.3573,-10.1449,-7.5567,-9.5303,-6.0978,-2.0000,2
*Oc1ccc(-c2ccc(NC(=O)CCCCCCCCCCCCCC(=O)Nc3ccc(*)cc3)cc2)cc1,CN(C)C(=N)N=C(N)N,8.7077,-1.2438,67.4300,1.9781,-10.0922,-6.6070,-9.0738,-5.4119,-1.0000,2
*CCCCCSCCCOCCS(=O)(=O)c1ccc(C(C)c2ccc(C(=O)O*)cc2)cc1,CN(C)C(=N)N=C(N)N,5.6404,-1.2438,69.6700,2.8969,-7.7275,-7.2686,-9.4180,-5.9999,-1.0000,2
*CCOCCOc1ccc(-c2ccc(C(=O)NCCCCNC(=O)c3ccc(C(=O)O*)cc3)cc2)cc1,CN(C)C(=N)N=C(N)N,4.4071,-1.2438,102.9600,2.0957,-8.0153,-7.1617,-9.2335,-5.4206,-3.0000,2
*Oc1ccc(OC(=O)Nc2ccc(/N=N/c3ccc(C(=O)Oc4ccc(C(*)=O)cc4)cc3)cc2)cc1,CN(C)C(=N)N=C(N)N,6.4502,-1.2438,115.6500,2.4547,-8.1759,-7.6441,-9.0738,-5.4119,-2.0000,2
*Oc1ccc(S(=O)(=O)c2ccc(C(=O)c3ccc(*)cc3)cc2)c(C(C)C)c1,CN(C)C(=N)N=C(N)N,4.5794,-1.2438,60.4400,2.0675,-10.8428,-8.2511,-9.5303,-6.0978,-1.0000,2
*Oc1ccc(/N=Nc2ccc(OC=CC/c3ccc(C(*)=O)cc3)cc2)cc1,CN(C)C(=N)N=C(N)N,5.7553,-1.2438,60.2500,2.6718,-7.8283,-6.5814,-9.5114,-6.1328,-1.0000,2
*CC(C#N)C(=O)NC(=O)CCCCCCCCCCCCCCNC(=O)C(=O)N*,CN(C)C(=N)N=C(N)N,2.4617,-1.2438,128.1600,2.9830,-10.5582,-7.7016,-9.0648,-5.4207,-2.0000,2
*CCCCCCCCCNC(=O)CCCCCCCC(=O)NCCCCCCCCN*,CN(C)C(=N)N=C(N)N,5.9994,-1.2438,70.2300,2.0713,-10.0208,-5.6616,-9.4403,-5.9710,-1.0000,2
*C(CCCC[2H])C(=O)NCCCCCNC(=O)OCCCCCOc1ccc(C(=O)N*)cc1,CN(C)C(=N)N=C(N)N,3.9276,-1.2438,105.7600,2.6330,-10.5252,-6.8725,-9.0738,-5.4119,-3.0000,2
*C[Se]C(=O)CCC(=O)NCCCCCCCCCNC(=O)CCCCCCCCCCCC(=O)NC(=O)O*,CN(C)C(=N)N=C(N)N,5.0939,-1.2438,130.6700,2.7705,-10.1201,-7.2957,-9.5303,-6.0978,-3.0000,2
*COC(=O)c1ccc(C(=O)NCCCCCCNC(=O)CCCCCCCC(=O)O*)cc1,CN(C)C(=N)N=C(N)N,3.6949,-1.2438,110.8000,2.0450,-7.9159,-6.7556,-9.5303,-6.0978,-1.0000,2
*CCCCCCCCCCCCCCCCNC(=O)/C=C/CCCCCCCCCC(=O)Nc1ccc(C(=O)N*)c(NC)c1,CN(C)C(=N)N=C(N)N,9.4303,-1.2438,99.3300,2.7156,-9.8559,-6.7764,-9.2335,-5.4206,-1.0000,2
*CC(CCCCCCCCC)CCSC(=O)NSCCNC(=O)CCCCC(=O)N*,CN(C)C(=N)N=C(N)N,5.4062,-1.2438,87.3000,3.3643,-10.0301,-6.5412,-9.5303,-6.0978,-1.0000,2
*CCCCCCCCCCCCOC(=O)c1ccc(C(=O)OCCCCNC(=O)CCCCCC(=O)NCCCOC(=O)OCCCCC(O)CO*)cc1,CN(C)C(=N)N=C(N)N,6.9510,-1.2438,175.7900,3.4000,-8.0961,-6.7860,-9.5114,-6.1327,-1.0000,2
*CC(*)(C)C(=O)OCCSCCNC(=O)OCCOc1ccc(-c2ccc([N+](=O)[O-])cc2)cc1,CN(C)C(=N)N=C(N)N,4.2992,-1.2438,117.0000,2.4302,-8.8442,-7.1191,-9.4180,-5.9999,-1.0000,2
*CCOC(=O)OCCCCCCCOC(=O)c1ccc(OC(=O)c2ccc(O*)cc2)cc1,CN(C)C(=N)N=C(N)N,4.8918,-1.2438,97.3600,2.1702,-11.0192,-7.6594,-9.4180,-5.9999,-1.0000,2
*CCCOC(=S)NCCCOC(CC)C(C)C(=O)OCCOCC(=O)c1ccc(C(=O)O*)cc1,CN(C)C(=N)N=C(N)N,3.2498,-1.2438,109.3900,3.5331,-8.4602,-7.1233,-9.5303,-6.0978,-1.0000,2
*CCCCCCCCCCCCCCCCCCC=C(O)OCCCCCCCCCCCOC(=O)NCc1ccc(Cc2ccc(NC(=O)CCC(=O)Nc3ccc(C(=O)O*)cc3)cc2)cc1,CN(C)C(=N)N=C(N)N,15.1377,-1.2438,152.2900,3.3299,-7.5170,-6.7425,-9.0738,-5.4119,-2.0000,2
*Oc1ccc(OC(=O)/C(=C\C(CC)=O)c2ccc(OC(=O)c3ccc(OC(=O)CC(*)=O)cc3)cc2)cc1,CN(C)C(=N)N=C(N)N,4.0739,-1.2438,122.2700,2.7871,-10.7100,-8.1186,-9.5114,-6.1327,-1.0000,2
*CCCCCCCS(=O)(=O)CCCCCC(=O)N*,CN(C)C(=N)N=C(N)N,2.4173,-1.2438,63.2400,2.1499,-10.8300,-5.9598,-9.4403,-5.9710,-1.0000,2
*CCc1ccc(C(C#N)NC(=O)CCCCCCC(=O)O*)cc1,CN(C)C(=N)N=C(N)N,3.3551,-1.2438,79.1900,2.5738,-10.7987,-6.7303,-9.5303,-6.0978,-2.0000,2
*OC(C)(C)OCCS(=O)(=O)CCCCCCCCCCCCCCCCCC(=O)S*,CN(C)C(=N)N=C(N)N,5.8442,-1.2438,69.6700,2.8399,-10.7662,-7.2965,-9.5114,-6.1328,-1.0000,2
*CNC(=O)c1ccc(C(=O)NNC(=O)CCCCCCCCCCCCC(=O)NCCCCCCCNC(=O)c2ccc(C(=O)O*)cc2)cc1,CN(C)C(=N)N=C(N)N,5.6833,-1.2438,171.8000,2.5190,-7.9534,-7.7674,-9.4403,-5.9710,-5.0000,2
*CCC(=O)SN(C)c1ccc(Cc2ccc(NC(=O)NCCCc3ccc(O*)cc3)cc2)cc1,CN(C)C(=N)N=C(N)N,5.7583,-1.2438,70.6700,2.6074,-7.5353,-6.1492,-9.5114,-6.1328,-1.0000,2
*CCCCCCCCCCCC(=O)NC(=O)CCCc1ccc(NC(=O)CCCC(=O)N*)cc1,CN(C)C(=N)N=C(N)N,5.1671,-1.2438,104.3700,2.2400,-9.9432,-7.1298,-9.0738,-5.4119,-2.0000,2
*CCCCCCCCCCCCCOc1ccc(C(=O)OC(=O)CCCCC(=O)OCCCCCCOc2ccc2C(=O)O*)cc1O,CN(C)C(=N)N=C(N)N,8.3545,-1.2438,134.6600,3.0985,-8.8988,-7.8316,-9.5114,-6.1328,-1.0000,2
*CCCCCC(=O)Nc1ccc(NC(=O)CCCCCCCCCCCCCCN(*)C)cc1,CN(C)C(=N)N=C(N)N,7.4346,-1.2438,61.4400,2.0510,-9.5540,-6.6761,-9.5114,-6.1328,-1.0000,2
*Oc1ccc(NC(=O)c2ccc(C(=O)NNC(=O)c3ccc(C(*)=S)cc3)cc2)cc1,CN(C)C(=N)N=C(N)N,3.0671,-1.2438,96.5300,2.1117,-9.0946,-7.9835,-9.4403,-5.9710,-3.0000,2
*OP(=O)(OCC(*)OC)CCOc1ccc(/N=N/c2ccc(OCCC)cc2)cc1,CN(C)C(=N)N=C(N)N,5.1180,-1.2438,87.9400,3.0927,-8.0433,-6.3693,-9.5303,-6.0978,-1.0000,2
*CCCCCCCCCCCCCCCCCCCCCCC(=O)NCCOCCCCNCC(=O)c1ccc(NC(=O)c2ccc(O*)cc2)c(C)c1,CN(C)C(=N)N=C(N)N,10.8502,-1.2438,105.7600,2.8842,-7.6114,-7.0983,-9.0263,-5.4164,-1.0000,2
*Sc1ccc(-c2ccc(C(=O)NCCCCCNC(=O)c3ccc(C(=O)Nc4ccc(N(*)C)cc4)cc3)cc2)cc1,CN(C)C(=N)N=C(N)N,6.2664,-1.2438,90.5400,2.2979,-7.4630,-7.1922,-9.5303,-6.0978,-1.0000,2
*OC(=O)CCCC(=O)OCCCCCCCCCCCCCCCCOC(=O)c1ccc(C(=O)O*)cc1,CN(C)C(=N)N=C(N)N,6.8011,-1.2438,105.2000,2.2368,-11.1765,-8.2413,-9.0738,-5.4119,-2.0000,2
*/C=N/C=C(\C)CCC(=O)NCCCCNC(=O)Nc1ccc(Cc2ccc(*)s2)cc1,CN(C)C(=N)N=C(N)N,4.7414,-1.2438,82.5900,3.0024,-9.7519,-6.9608,-9.4967,-5.9678,-1.0000,2
*CCCCCCCCCOC(=O)CCCCCCCC(=O)OCCCCCCOc1ccc(NC(=O)Oc2ccc(S(=O)(=O)c3ccc(O*)cc3)cc2)cc1,CN(C)C(=N)N=C(N)N,10.3428,-1.2438,143.5300,2.9157,-10.1619,-7.3584,-9.3593,-5.8504,-1.0000,2
*CC(CCCCOC(=O)OCCCCCCCCCOC(=O)C(=O)O*)SC(=O)OCCCCC,CN(C)C(=N)N=C(N)N,6.1169,-1.2438,114.4300,3.3271,-8.5854,-7.2013,-9.5303,-6.0978,-1.0000,2
*Oc1ccc(CC(=O)Nc2ccc(-c3ccc(Oc4ccc(NC(=O)c5ccc(*)cc5C)cc4)cc3)cc2)c(C(C)C)c1,CN(C)C(=N)N=C(N)N,8.7168,-1.2438,76.6600,2.3497,-10.0983,-6.7784,-9.3595,-5.8508,-2.0000,2
*CCCCCCCCCNC(=O)CCCCCCCCCCCCCC(=O)NCCCCCCCNC(=O)CCCCCCCCCCCCC(=O)O*,CN(C)C(=N)N=C(N)N,11.8732,-1.2438,113.6000,2.3832,-10.3690,-6.6462,-9.4180,-5.9999,-2.0000,2
*Cc1ccc(CNC(=O)SCCCNC(=O)N*)cc1,CN(C)C(=N)N=C(N)N,1.9962,-1.2438,70.2300,2.2636,-10.3877,-6.3967,-9.4403,-5.9710,-1.0000,2
*Oc1ccc(C(=O)OCCCCCCCCCCOc2ccc(/N=C/C(=O)c3ccc(C(*)=O)cc3)cc2)cc1,CN(C)C(=N)N=C(N)N,7.1465,-1.2438,91.2600,2.5817,-8.9069,-8.0668,-9.4967,-5.9678,-1.0000,2
*Oc1ccc(NC(=O)c2ccc(Oc3ccc(C(=O)Nc4ccc(*)cc4)cc3)cc2)cc1,CN(C)C(=N)N=C(N)N,5.6891,-1.2438,76.6600,1.7406,-10.1641,-7.3963,-9.4967,-5.9679,-2.0000,2
*CCCCCCN(CC)CSS(=O)(=O)CCCOCC(=O)CCCCCCCCCCCCCCCCCCC(=O)N*,CN(C)C(=N)N=C(N)N,8.3920,-1.2438,92.7800,3.1109,-9.9680,-7.3493,-9.4967,-5.9678,-1.0000,2
*Nc1ccc(NC(=O)OCCCc2ccc(NC(=O)c3ccc(OCCCCCC)cc3)cc2)cc1*,CN(C)C(=N)N=C(N)N,6.6615,-1.2438,88.6900,2.1051,-9.6017,-6.9963,-9.0648,-5.4207,-1.0000,2
*CCCCCCCNC(=O)c1ccc(C(=O)NNC(=O)c2ccc(C#Cc3ccc(N*)cc3)cc2)cc1,CN(C)C(=N)N=C(N)N,4.4436,-1.2438,99.3300,2.2990,-7.7389,-7.3475,-9.5303,-6.0978,-3.0000,2
*CCCCCCCCCCCCCCCCCCCCOc1ccc(/C=C/C(=O)OC(=O)CCCCC(=O)Nc2ccc(C(=O)O*)cc2)cc1,CN(C)C(=N)N=C(N)N,11.0874,-1.2438,108.0000,2.7609,-8.2108,-7.6765,-9.5114,-6.1327,-1.0000,2
*NNC(=O)c1ccc(C(=O)NCc2ccc(Cc3ccc(Cc4ccc(NC(=O)Nc5ccc(*)cc5)cc4)cc3)cc2)cc1,CN(C)C(=N)N=C(N)N,6.0457,-1.2438,111.3600,2.1967,-7.7047,-6.7263,-9.5114,-6.1328,-2.0000,2
*Oc1ccc(OC(=O)c2ccc(NC(=O)c3ccc(NC(=O)c4ccc(C(=O)Oc5ccc(*)cc5)cc4)cc3)cc2)cc1,CN(C)C(=N)N=C(N)N,6.3352,-1.2438,120.0300,2.0154,-8.1878,-7.6565,-9.4403,-5.9710,-1.0000,2
*CCCOC(=O)NCCc1ccc(CNC(=O)c2ccc(C(=O)Nc3ccc(NC(=O)CC(=O)NN(*)CC)cc3)cc2)cc1,CN(C)C(=N)N=C(N)N,3.5169,-1.2438,157.9700,2.5484,-7.7629,-6.9574,-9.4402,-5.9709,-3.0000,2
*CCCC(=O)Nc1ccc(-c2ccc(NS(*)(=O)=O)cc2)cc1,CN(C)C(=N)N=C(N)N,3.0305,-1.2438,75.2700,2.4097,-10.4491,-7.0588,-9.3593,-5.8504,-2.0000,2
*CC(COc1ccc(/N=N/c2ccc(OCC#Cc3ccc([N+](=O)[O-])cc3)cc2)cc1)C(=O)OCC(=O)OCCCCCCCCCCCCCCCC(=O)Nc1ccc(C(=O)O*)cc1,CN(C)C(=N)N=C(N)N,11.3403,-1.2438,194.3200,3.9217,-8.1135,-7.5704,-9.4403,-5.9710,-1.0000,2
*CCCC(=O)NCCCCCCCCCNc1ccc(C(=O)Oc2ccc(O*)cc2)cc1,CN(C)C(=N)N=C(N)N,5.6703,-1.2438,76.6600,2.1258,-9.9499,-7.0428,-9.4967,-5.9678,-1.0000,2
*Nc1ccc(S(=O)(=S)c2ccc(NC(=O)Nc3ccc([Si](*)(OCC)CC)cc3)cc2)c(S(=O)(=O)O)c1,CN(C)C(=N)N=C(N)N,3.3110,-1.2438,133.8300,4.0602,-7.3207,-7.0096,-9.4180,-5.9999,-3.0000,2
*CCOCCCCCCCCCCC(=O)NCCCCCNC(=O)OCCCCCOCCOC(=O)CCOC(=O)CCCCCC(=O)O*,CN(C)C(=N)N=C(N)N,6.2450,-1.2438,164.7900,2.9088,-10.4902,-6.6714,-9.5114,-6.1328,-2.0000,2
*CCCCCCCCCCCCCCCCCCNC(=O)c1ccc(C(=O)N*)c(C(=O)OCC#N)c1,CN(C)C(=N)N=C(N)N,6.4572,-1.2438,108.2900,2.4531,-10.9010,-7.9507,-9.4403,-5.9710,-2.0000,2
*CCCCCCCCCCCOC(=O)c1ccc(C(=O)OCCCCCCCCCNC(=O)CCCCCCCCCCCCCCC(=O)O*)cc1,CN(C)C(=N)N=C(N)N,11.9239,-1.2438,108.0000,2.6028,-8.0077,-6.7644,-9.4179,-5.9999,-2.0000,2
*CCCCNS(=O)(=O)CCC(=O)NCCCCCCCCCCCNC(=O)CCCCC(=O)NCCCCCCCCCCNC(=O)N(*)CCC,CN(C)C(=N)N=C(N)N,6.3459,-1.2438,165.8100,2.7208,-10.3356,-6.1596,-9.4403,-5.9710,-5.0000,2
*/C=C/[Si]/CCCCCCNC(=O)OCCOCCCCOc1ccc(/C=C/c2ccc(C(=O)O*)cc2)cc1,CN(C)C(=N)N=C(N)N,6.2834,-1.2438,83.0900,3.2630,-7.6437,-6.5914,-9.4403,-5.9710,-1.0000,2
*NC(=O)c1ccc(NC(=O)CCSCCCCCCCCCCCCCCCC(*)=O)cc1,CN(C)C(=N)N=C(N)N,6.5076,-1.2438,75.2700,2.3591,-7.1689,-6.4980,-9.5114,-6.1328,-1.0000,2
*CCCCCCCCOC(=O)CC(C)(CC)NC(=O)CCCCCCCC(=O)O*,CN(C)C(=N)N=C(N)N,5.3804,-1.2438,81.7000,2.9236,-10.2431,-6.7725,-9.5303,-6.0978,-1.0000,2
*CCCCCCCCCCCCCCOC(=O)c1ccc(/C=N/c2ccc(C(=O)Nc3ccc(C(=O)O*)cc3)cc2)cc1,CN(C)C(=N)N=C(N)N,9.2456,-1.2438,94.0600,2.4380,-8.3657,-7.6128,-9.5114,-6.1328,-1.0000,2
*CCCCOC(=O)NCCCCCCNC(=O)c1ccc(C(=O)S*)cc1,CN(C)C(=N)N=C(N)N,3.5731,-1.2438,84.5000,2.1727,-8.3409,-7.0822,-9.5303,-6.0978,-3.0000,2
*CCCCOC(=O)NCCCCCCCCNC(=O)OCCOc1ccc(-c2ccc(-c3ccc(O*)cc3)cc2)cc1,CN(C)C(=N)N=C(N)N,7.6981,-1.2438,95.1200,2.4383,-10.0362,-6.6402,-9.4180,-5.9999,-1.0000,2
*C[Si](C)(C)O[Si](C)(C)c1ccc(C(=O)OCCCCOc2ccc(/C=C/C(=O)O*)cc2)c(C)c1,CN(C)C(=N)N=C(N)N,5.3724,-1.2438,71.0600,2.7799,-10.3879,-7.6234,-9.0738,-5.4119,-1.0000,2
*Oc1ccc(/N=N/c2ccc(/C=N/c3ccc(OC(=O)c4ccc(C(*)=O)cc4)cc3)cc2)cc1,CN(C)C(=N)N=C(N)N,6.5899,-1.2438,89.6800,2.5643,-8.5613,-7.7278,-9.4180,-5.9999,-1.0000,2
*O[Se]C(=O)COC(=O)NC(CC)N(C)C(=O)OCC(=O)c1ccc(NC(=O)CCC(=O)Nc2ccc(O*)cc2)cc1,CN(C)C(=N)N=C(N)N,1.6011,-1.2438,178.6700,3.5639,-8.6683,-7.9171,-9.4967,-5.9678,-3.0000,2
*Nc1ccc(NC(=O)C(C)C(=O)NCCCCCCCCCNC(=O)CCCCCC(=O)Nc2ccc(CNC(=O)Oc3ccc(C(*)=O)cc3)cc2)cc1,CN(C)C(=N)N=C(N)N,6.4968,-1.2438,183.8300,3.3713,-8.1369,-6.8918,-9.4180,-5.9999,-3.0000,2
*CCCCCCCCCCCCSCC(=O)COC(=O)CCCSCCC(=O)O*,CN(C)C(=N)N=C(N)N,5.7409,-1.2438,69.6700,2.5764,-8.1042,-7.0376,-9.0648,-5.4207,-1.0000,2
*CCCCCC(C)(C)COC(=O)CCCCC(=O)Nc1ccc(CCNC(=O)c2ccc(O*)cc2)cc1,CN(C)C(=N)N=C(N)N,6.0133,-1.2438,93.7300,2.3646,-10.3539,-6.8971,-9.0648,-5.4207,-2.0000,2
*c1ccc(NC(=O)CCCCCCCC(=O)NCCCCNC(=O)c2ccc(*)cc2)nc1,CN(C)C(=N)N=C(N)N,4.0772,-1.2438,100.1900,2.0494,-7.1786,-6.5528,-9.4967,-5.9678,-2.0000,2
*C(CCCCC(=O)NCc1ccc(CNC(=O)CCC(=O)N*)cc1)c1ccc(C(=O)OCc2ccc(C)cc2)cc1,CN(C)C(=N)N=C(N)N,4.6530,-1.2438,113.6000,2.2833,-10.6153,-7.2518,-9.5114,-6.1328,-1.0000,2
*CCCCCCCN(CCCCC[N+](=O)c1ccc(N)cc1)c1ccc(C(C)(C)C)cc1NC(=O)CCCCCCCCCCCCCCC(=O)O*,CN(C)C(=N)N=C(N)N,12.1085,-1.2438,104.7400,3.2044,-6.5082,-6.2727,-9.5114,-6.1328,-1.0000,2
*Oc1ccc(C(=O)Oc2ccc(NC(=O)c3ccc(C(=O)Nc4ccc(C(*)=O)cc4)cc3)cc2)c(C(=O)OC)c1,CN(C)C(=N)N=C(N)N,4.7151,-1.2438,137.1000,2.2953,-8.1508,-7.7876,-9.5303,-6.0978,-1.0000,2
*C(=O)N(CCC)Sc1ccc(C(C)(C)NC(=O)c2ccc(C(=O)N*)cc2)cc1,CN(C)C(=N)N=C(N)N,3.3261,-1.2438,78.5100,2.7995,-10.3452,-7.7051,-9.5303,-6.0978,-1.0000,2
*Oc1c(O)cc(C(=O)OCC(C)(C)CCCCCCCCCCCCCCCCC(*)=O)cc1CCOc1ccc(C(=O)Oc2ccc(C(=O)c3ccc(OCCCCC)cc3)cc2)cc1,CN(C)C(=N)N=C(N)N,13.3620,-1.2438,134.6600,3.4449,-10.4356,-7.7446,-9.4403,-5.9710,-2.0000,2
*Oc1ccc(/C=N/N=N/c2ccc(OCCOc3ccc(C(*)=O)cc3)cc2)cc1,CN(C)C(=N)N=C(N)N,4.7803,-1.2438,81.8400,2.5550,-7.7893,-6.8364,-9.4180,-5.9999,-1.0000,2
*CCCCCCOC(=O)c1ccc(C(=O)OCCCCCCCOC(=O)Oc2cccc(O*)c2)cc1,CN(C)C(=N)N=C(N)N,6.4522,-1.2438,97.3600,2.3397,-10.8173,-8.0890,-9.0263,-5.4164,-1.0000,2
*CCCC(=O)NCCCCCCCCNC(=O)CCCCCCCCCC(=O)NCCCCNC(=O)O*,CN(C)C(=N)N=C(N)N,5.0344,-1.2438,125.6300,2.2016,-10.4111,-5.7503,-9.4967,-5.9678,-1.0000,2
*CCCCCCCNC(=O)C(C)CCCCC(=O)NN*,CN(C)C(=N)N=C(N)N,2.2594,-1.2438,70.2300,2.5620,-10.2652,-5.8757,-9.4403,-5.9710,-1.0000,2
*CC(COC(=O)c1ccc(Br)cc1)/N=N/c1ccc(C(=O)O*)cc1,CN(C)C(=N)N=C(N)N,4.4765,-1.2438,77.3200,2.8287,-8.6681,-8.0767,-9.5303,-6.0978,-1.0000,2
*CCCCCCC(=O)OCc1ccc(COC(=O)c2ccc(OCCOc3ccc(-c4ccc(C(C)(CC)C)cc4)cc3)cc2)cc1OC(=O)c1ccc(C(=O)O*)cc1,CN(C)C(=N)N=C(N)N,10.7870,-1.2438,123.6600,3.0047,-8.1105,-7.5090,-8.9803,-5.1653,-1.0000,2
*CCCCCCCCCCCC(=O)NCCCCCCCSCCNSC(=O)c1ccc(-c2ccc(C(=O)O*)c(CC)c2)cc1,CN(C)C(=N)N=C(N)N,9.7130,-1.2438,84.5000,2.9838,-8.5377,-7.5172,-9.0697,-5.2057,-2.0000,2
*OC(=O)CCCCCOC(=O)c1ccc(C(=O)Oc2ccc(OC(=O)NCCOC(*)=O)cc2)cc1,CN(C)C(=N)N=C(N)N,2.9690,-1.2438,143.5300,2.4237,-10.9355,-8.1600,-9.2335,-5.4206,-2.0000,2
*O[Si](C)(C)OC(=O)c1ccc(NC(=O)CCCCCCCCC(=O)Nc2ccc(Cc3ccc(*)nc3)cc2)cc1,CN(C)C(=N)N=C(N)N,6.2213,-1.2438,106.6200,2.5683,-7.6474,-6.9462,-9.5114,-6.1327,-2.0000,2
*CCCCCCCCCCOC(=O)c1ccc(NC(=O)OCCCCCCCCCCOc2ccc(O*)cc2)cc1,CN(C)C(=N)N=C(N)N,9.4380,-1.2438,83.0900,2.3750,-9.9155,-7.2458,-9.0738,-5.4119,-2.0000,2
*CCN(*)C(=O)CCCCCCCCCCCCCCCC(=O)NCCN(C)O,CN(C)C(=N)N=C(N)N,4.4112,-1.2438,72.8800,2.3273,-10.1331,-5.6423,-9.4403,-5.9710,-1.0000,2
*/C(=C/c1ccc(/N=N/c2ccc(C(=O)Oc3ccc(-c4ccc(C(=O)O*)cc4)cc3)cc2)cc1)Oc1ccccc1,CN(C)C(=N)N=C(N)N,8.7361,-1.2438,86.5500,2.5827,-8.4240,-7.6274,-9.4967,-5.9678,-1.0000,2
*CC(C)(C)CSC(=O)NCCCNC(=O)C(=O)CCCCC(=O)N*,CN(C)C(=N)N=C(N)N,1.5964,-1.2438,104.3700,2.8567,-7.8572,-6.2255,-9.4179,-5.9999,-1.0000,2
*CCCCCCCCCCCCCCCOC(=O)c1ccc(-c2ccc(C(=O)NCCCCCSCNC(=O)c3ccc(C(=O)N*)cc3)cc2)cc1,CN(C)C(=N)N=C(N)N,9.7213,-1.2438,113.6000,2.8010,-7.5870,-6.9636,-9.5303,-6.0977,-1.0000,2
*CCCCOC(=O)CCCCSCCSCSCCC(=O)OCCCCOc1ccc(OC(=O)CCCCCCCCCCCC(=O)O*)cc1,CN(C)C(=N)N=C(N)N,9.7307,-1.2438,114.4300,3.1296,-9.9557,-6.8737,-9.5303,-6.0978,-1.0000,2
*CCOCCCCCOc1ccc(NC(=O)NCCCSCCCCCCCCCNC(=O)c2ccc(NC(=O)c3ccc(O*)cc3)cc2)cc1,CN(C)C(=N)N=C(N)N,8.6356,-1.2438,127.0200,2.7488,-7.2773,-6.6704,-9.5303,-6.0978,-3.0000,2
*CCCCCCCCCCCCCCCCCCCCCCCOC(=O)c1ccc(/C=N/c2ccc(NC(=O)c3ccc(C(=O)O*)cc3)cc2)cc1,CN(C)C(=N)N=C(N)N,12.7565,-1.2438,94.0600,2.7358,-8.0324,-6.8574,-9.5303,-6.0978,-2.0000,2
*OC(=O)c1c(OCCCCCCCC)c(C(*)=O)c1O,CN(C)C(=N)N=C(N)N,2.7268,-1.2438,72.8300,2.8173,-8.7395,-7.1988,-9.0697,-5.2057,-2.0000,2
*Oc1ccc(CC(=O)OCCCNC(=O)c2ccc(NC(=O)CCCCCC(*)=O)cc2)cc1,CN(C)C(=N)N=C(N)N,3.3859,-1.2438,110.8000,2.2263,-10.2670,-7.4508,-9.0648,-5.4206,-1.0000,2
*CCCCCCCCCCNC(=O)NCCCCCCCCNC(=O)CCCCCC(=O)N*,CN(C)C(=N)N=C(N)N,5.3189,-1.2438,99.3300,2.2070,-10.3282,-5.7008,-9.0738,-5.4119,-2.0000,2
*CCCCCCOC(=O)OC(C)CCCOC(=O)c1ccc(/C=C/c2ccc(/C=C/c3ccc(O*)cc3)cc2)cc1,CN(C)C(=N)N=C(N)N,8.7920,-1.2438,71.0600,3.0681,-7.6162,-6.9833,-9.5303,-6.0978,-1.0000,2
*CCCC(=O)OCCCCCCCCOC(=O)OCCCOC(=O)O*,CN(C)C(=N)N=C(N)N,3.9082,-1.2438,97.3600,2.3781,-11.2465,-6.4413,-9.4403,-5.9710,-1.0000,2
*CC(CCl)CC(=O)NCCCNC(=O)C(=O)N1CCCC=CC(*)cc1,CN(C)C(=N)N=C(N)N,1.9563,-1.2438,78.5100,4.0641,-9.8001,-6.8708,-9.5303,-6.0978,-1.0000,2
*CCCCCCCCCCCCCCCCCCOc1ccc(/C=C/c2ccc(O*)cc2/C=C/c2ccc(OC(=O)O)cc2)cc1,CN(C)C(=N)N=C(N)N,12.4301,-1.2438,64.9900,2.7807,-9.9480,-7.1607,-9.0738,-5.4119,-2.0000,2
*CCCCOCCC/C=C/c1ccc(-c2ccc(OC(=O)CCCCCCCCCC(=O)Nc3ccc(C(=O)O*)cc3)cc2)cc1,CN(C)C(=N)N=C(N)N,9.7169,-1.2438,90.9300,2.6069,-7.5631,-6.9612,-9.5303,-6.0978,-1.0000,2
*Nc1ccccc1NC(=O)c1ccc(C(=O)NNC(=O)CCCCCCCCCCNC(=O)c2cccc(C(=O)NCCCCCCCCCCCCCS*)c2)cc1,CN(C)C(=N)N=C(N)N,9.1737,-1.2438,157.5300,2.9320,-7.8690,-7.3547,-9.4403,-5.9710,-3.0000,2
*CC(CO)COC(=O)CCCCCCC(=O)OCCCCCCOC(=O)c1ccc(C(=O)O*)cc1,CN(C)C(=N)N=C(N)N,4.1574,-1.2438,125.4300,2.8210,-11.0447,-8.2804,-9.4967,-5.9678,-1.0000,2
*CCCCCCCCCCCCCNC(=O)NCc1ccc(C(=O)N*)cc1,CN(C)C(=N)N=C(N)N,4.8957,-1.2438,70.2300,1.9359,-10.4073,-7.1725,-9.4180,-5.9999,-1.0000,2
*/C=C/C(C)CCC(=O)CCCCCCC(=O)Nc1ccc(NC(=O)O*)c(C(C)CC)c1,CN(C)C(=N)N=C(N)N,6.7405,-1.2438,84.5000,3.7797,-10.1379,-7.0078,-9.2335,-5.4206,-1.0000,2
*OC(=O)OCCSN(*)c1ccc(-c2ccc([N+](=O)[O-])cc2)cc1,CN(C)C(=N)N=C(N)N,4.0165,-1.2438,81.9100,2.4826,-8.8453,-7.1176,-9.0738,-5.4119,-1.0000,2
*CCCCNC(=O)CCc1ccc(COC(=O)Nc2ccc(Cc3ccc(NC(=O)O*)cc3)cc2)cc1,CN(C)C(=N)N=C(N)N,5.9649,-1.2438,105.7600,2.1953,-10.2378,-6.4008,-9.4967,-5.9678,-3.0000,2
*CCCOCCOC(=O)CCCCCC(=O)OCCc1ccc(C(=O)O*)cc1,CN(C)C(=N)N=C(N)N,3.3908,-1.2438,88.1300,2.1449,-10.8663,-7.5970,-9.4967,-5.9678,-1.0000,2
*CCCCCCCCCCCCCCCOCC(=O)C(=O)OCCCCCCOC(=O)c1ccc(C(=O)O*)cc1,CN(C)C(=N)N=C(N)N,7.3221,-1.2438,105.2000,2.5519,-8.8614,-8.3014,-9.4403,-5.9710,-1.0000,2
*CCCCCCCCCCCCOc1ccc(C(=O)NCC(=O)c2ccc(NC(=O)c3ccc(S(=O)(=O)O*)cc3)cc2)cc1,CN(C)C(=N)N=C(N)N,7.0980,-1.2438,127.8700,2.3940,-8.2764,-7.8586,-9.5114,-6.1328,-2.0000,2
*CCCCCCCOC(=O)CCCCCCC(=O)Oc1ccc(C(=O)OCCCCCOC(=O)c2ccc(O*)cc2Cl)cc1,CN(C)C(=N)N=C(N)N,7.9893,-1.2438,114.4300,2.6214,-11.0143,-7.6650,-9.4403,-5.9710,-1.0000,2
*CCCCCCCNC(=O)c1ccc(C(=O)NCCNC(=O)c2ccc(C(=O)NC(=O)c3ccc(O*)cc3)cc2)cc1,CN(C)C(=N)N=C(N)N,3.8224,-1.2438,142.7000,2.1291,-8.3693,-7.6027,-9.5303,-6.0978,-3.0000,2
*CCOCCOCCOc1ccc(C(=O)c2ccc(OCCC(=O)c3ccc(C(=O)Oc4ccc(C(=O)NCCCCCNC(=O)c5ccc(O*)cc5)cc4)cc3)cc2)cc1,CN(C)C(=N)N=C(N)N,7.2562,-1.2438,164.7900,2.9671,-8.5142,-7.5965,-9.3593,-5.8504,-1.0000,2
*Oc1ccc(C(=O)CCCCCCC(=O)Oc2ccc(C(*)=O)cc2)cc1,CN(C)C(=N)N=C(N)N,4.3336,-1.2438,69.6700,2.0679,-8.2756,-7.6095,-9.4403,-5.9710,-1.0000,2
*C(=O)OCCCCCCCCOC(=O)c1ccc(C(=O)Nc2ccc(Cc3ccc(N(*)C)cc3)cc2)cc1,CN(C)C(=N)N=C(N)N,6.2418,-1.2438,84.9400,2.3617,-7.8471,-7.0489,-9.0263,-5.4164,-1.0000,2
*Oc1ccc(NC(=O)/C=N/C=C/c2ccc(CCNC(*)=O)cc2)cc1,CN(C)C(=N)N=C(N)N,2.3609,-1.2438,79.7900,2.7063,-8.4027,-6.7768,-9.5114,-6.1327,-2.0000,2
*OC(=O)OCOc1ccc(/C=C/c2ccc(C(C)(C)c3ccc(NC(=O)CCCC(*)=O)cc3)cc2)cc1,CN(C)C(=N)N=C(N)N,6.5215,-1.2438,90.9300,2.6267,-7.5333,-6.8753,-9.5114,-6.1328,-1.0000,2
*C(=O)CSSSCC(=O)Nc1ccc(C(C)(C)c2ccc(NC(=O)CCC(=O)N*)cc2)cc1,CN(C)C(=N)N=C(N)N,4.3835,-1.2438,104.3700,2.8064,-8.2277,-7.7220,-9.5303,-6.0978,-2.0000,2
*CC(O)COc1ccc(P(=O)(O*)OC(F)(F)F)cc1,CN(C)C(=N)N=C(N)N,1.7933,-1.2438,64.9900,3.5802,-11.0423,-7.0089,-9.5303,-6.0978,-1.0000,2
*CCCCCCOc1ccc(/N=N/c2ccc(C(=O)O*)cc2)cc1,CN(C)C(=N)N=C(N)N,5.7593,-1.2438,60.2500,2.0501,-8.4000,-7.3453,-9.4967,-5.9678,-1.0000,2
*CCCCCCCCCCCCCCCCCCOC(=O)CCCCSCCCCC(=O)OCCCCCOC(=O)CCCCCCCC(=O)O*,CN(C)C(=N)N=C(N)N,11.9369,-1.2438,105.2000,2.6652,-9.6702,-6.5919,-9.5303,-6.0978,-1.0000,2
*Oc1ccc(Oc2ccc(Oc3ccc(C(=O)c4ccc(*)cc4)cc3)cc2)cc1-c1ccc(/N=N/c2ccc(N(CC)CCC)cc2)cc1,CN(C)C(=N)N=C(N)N,11.5265,-1.2438,72.7200,2.7773,-7.6563,-6.5816,-9.4403,-5.9710,-1.0000,2
*SCCCOc1ccc(CCNC(=O)CCCCCC(=O)OCCCCCC(=O)Nc2ccc(*)cc2)cc1,CN(C)C(=N)N=C(N)N,5.7368,-1.2438,93.7300,2.3527,-10.1436,-6.5725,-9.5303,-6.0978,-1.0000,2
*NC(=O)NC(=O)c1ccc(Sc2ccc(NC(=O)c3ccc(*)o3)cc2)cc1,CN(C)C(=N)N=C(N)N,3.4916,-1.2438,100.4400,2.1157,-7.7490,-6.8985,-9.4967,-5.9678,-1.0000,2
*CCCCCCCCCCCCCCOc1ccc(Cc2ccc(OC(=O)C(C)c3ccc(C(=O)O*)c(OC)c3)cc2)cc1,CN(C)C(=N)N=C(N)N,9.7732,-1.2438,71.0600,2.9480,-10.1749,-7.2483,-9.0263,-5.4164,-1.0000,2
*Oc1c(C)cc(C(=O)OCCCCOc2ccc(S(*)(=O)=O)cc2N(C)C)cc1[Si](C)(C)C,CN(C)C(=N)N=C(N)N,3.2981,-1.2438,82.1400,3.2886,-7.2392,-6.9308,-9.0648,-5.4207,-1.0000,2
*CCCCCCCC(=O)NCCCCCNC(=O)CCCCCCCCCCCCCCCC(=O)O*,CN(C)C(=N)N=C(N)N,7.6857,-1.2438,84.5000,2.0794,-10.2629,-6.6243,-9.5114,-6.1328,-2.0000,2
*CCCCCCCCCCCCNC(=O)c1ccc(S(=O)(=O)NCCC(=O)Nc2ccc(O*)cc2)cc1,CN(C)C(=N)N=C(N)N,5.3500,-1.2438,113.6000,2.1996,-8.0232,-7.3395,-9.3593,-5.8504,-1.0000,2
*CCCCCCCCCCCOC(=O)c1ccc(C(=O)NCCNC(=O)OC(=O)c2ccc(C(=O)NO*)cc2)cc1,CN(C)C(=N)N=C(N)N,4.7896,-1.2438,149.1300,2.5064,-8.4878,-8.0289,-9.5303,-6.0978,-2.0000,2
*CCCCCCCCNC(=O)CCCCCCCCCCSCCC=C/CCCc1ccc(Cc2ccc(NC(=O)O*)cc2)cc1,CN(C)C(=N)N=C(N)N,11.3571,-1.2438,67.4300,2.8167,-9.6752,-6.4141,-9.0263,-5.4164,-2.0000,2
*CCc1ccc(COC(=O)OCCCCCCCOC(=O)c2ccc(NC(=O)c3ccc(C(=O)O*)cc3)cc2)cc1,CN(C)C(=N)N=C(N)N,6.6602,-1.2438,117.2300,2.3036,-8.2008,-7.4908,-9.0738,-5.4119,-1.0000,2
*Oc1c(O)cc(NC(=O)CCCCC(=O)Nc2ccc(C(=O)Sc3ccc(C(*)=O)cc3)cc2)cc1C(=O)OCCCCCCCCC,CN(C)C(=N)N=C(N)N,7.8878,-1.2438,148.1000,2.8598,-8.1538,-7.7596,-9.5303,-6.0978,-3.0000,2
*CCCCCCCCOc1ccc(C(=O)c2ccc(C(=O)NCCCCCNC(=O)O*)cc2)cc1,CN(C)C(=N)N=C(N)N,5.8246,-1.2438,93.7300,2.1392,-10.5630,-7.9277,-9.5303,-6.0978,-1.0000,2
*CCCCCOc1ccc(SCCOCCOc2ccc(C(=O)OCCCOc3ccc(C(=O)O*)cc3)cc2)cc1,CN(C)C(=N)N=C(N)N,6.7674,-1.2438,89.5200,2.4026,-7.3380,-7.1841,-9.5303,-6.0977,-1.0000,2
*Oc1ccc(NC(=O)C/C=C/c2ccc(OCCCNC(*)=O)cc2)c(C)c1,CN(C)C(=N)N=C(N)N,3.2575,-1.2438,76.6600,2.4306,-9.9115,-6.3917,-9.5303,-6.0978,-2.0000,2
