polymer_idx,feature,shap_value
1,fingerprint_H_bit_12,12.663454266162097
1,fingerprint_H_bit_177,4.834027069717735
1,fingerprint_H_bit_33,2.737526780559292
1,poly_num_hbond_donors_sum_backbonefeaturizer,2.4211836028887523
1,poly_slogp_vsa1_sum_fullpolymerfeaturizer,2.3691475523344168
1,poly_num_atoms_sum_backbonefeaturizer,2.3402668296329496
1,fingerprint_H_bit_120,2.2816718044358097
1,poly_sp3_carbon_count_sum_backbonefeaturizer,2.2669449133611193
1,poly_heteroatom_density_sidechainfeaturizer_sum,2.1301701110990705
1,homo_eV_H,2.127936793256324
1,fingerprint_H_bit_1,2.0937033837144887
1,poly_slogp_vsa1_sum_backbonefeaturizer,2.0927774532501062
1,poly_fp_density_morgan1_sidechainfeaturizer_sum,1.8779508548956814
1,fingerprint_H_bit_118,1.8767689741245999
1,fingerprint_H_bit_147,1.7925164335368835
1,poly_sp2_carbon_count_sidechainfeaturizer_sum,1.6489607334559966
1,fingerprint_H_bit_48,1.5946004837292282
1,fingerprint_H_bit_222,1.4945452748257517
1,poly_topological_surface_area_sum_backbonefeaturizer,1.474204177963989
1,poly_sp2_carbon_count_sum_backbonefeaturizer,1.4575059118423102
1,poly_num_atoms_sidechainfeaturizer_sum,1.4307203683504333
1,poly_max_ring_size_sum_backbonefeaturizer,1.4114882118980145
1,logd_at_WATER_PH_H,1.4078911213695167
1,poly_num_hbond_acceptors_sum_backbonefeaturizer,1.363209409646105
1,poly_molecular_weight_sum_backbonefeaturizer,1.3024817341891206
1,poly_smr_vsa5_sum_backbonefeaturizer,1.2532015665514282
1,poly_balaban_j_index_sidechainfeaturizer_sum,1.2227214794240207
1,fingerprint_H_bit_159,1.1839507430592326
1,fingerprint_H_bit_64,1.182953998170611
1,fingerprint_H_bit_85,1.1018324501216339
1,fingerprint_H_bit_41,1.0965684250589671
1,fingerprint_H_bit_56,1.0891972242644419
1,fingerprint_H_bit_175,1.0672406182352785
1,fingerprint_H_bit_197,1.0602526072790162
1,poly_fp_density_morgan1_sum_fullpolymerfeaturizer,1.0085901616579742
1,poly_num_aromatic_rings_sum_backbonefeaturizer,1.004530178048489
1,fingerprint_H_bit_182,0.9976308874470438
1,fingerprint_H_bit_78,0.9713146670922991
1,fingerprint_H_bit_245,0.9667074895984974
1,fingerprint_H_bit_151,0.9610228457264579
1,fingerprint_H_bit_58,0.9567645879785218
1,fingerprint_H_bit_100,0.954459212599147
1,poly_num_aromatic_rings_sidechainfeaturizer_sum,0.9484720062224478
1,drug_balaban_j_index_sum_fullmolecularfeaturizer,0.9425905779314585
1,fingerprint_H_bit_84,0.937786429399244
1,fingerprint_H_bit_113,0.9290195148480835
1,poly_max_estate_index_sidechainfeaturizer_sum,0.9280863914251171
1,fingerprint_H_bit_204,0.9238733984066273
1,poly_fp_density_morgan1_sum_backbonefeaturizer,0.9124173218567115
1,fingerprint_H_bit_155,0.8930564553097892
1,poly_num_rotatable_bonds_sum_backbonefeaturizer,0.8637410927063811
1,poly_heteroatom_count_sum_backbonefeaturizer,0.8583474275061196
1,fingerprint_H_bit_167,0.8395294711810122
1,poly_num_aromatic_rings_sum_fullpolymerfeaturizer,0.8277035893864093
1,fingerprint_H_bit_236,0.8229401429026405
1,fingerprint_H_bit_232,0.8122840119000279
1,drug_heteroatom_count_sum_fullmolecularfeaturizer,0.7802210667170107
1,fingerprint_H_bit_133,0.7680782944351207
1,poly_num_rings_sidechainfeaturizer_sum,0.760025932779507
1,poly_molecular_weight_sidechainfeaturizer_sum,0.751632481227117
1,poly_num_hbond_donors_sum_fullpolymerfeaturizer,0.7414564848371915
1,poly_single_bonds_sum_backbonefeaturizer,0.7402324531163129
1,poly_smr_vsa5_sum_fullpolymerfeaturizer,0.7219434596195672
1,drug_fingerprint_bit_110,0.7190039692047474
1,fingerprint_H_bit_119,0.6869129947733926
1,drug_num_aromatic_rings_sum_fullmolecularfeaturizer,0.6596221047266114
1,fingerprint_H_bit_183,0.6576724306645533
1,poly_double_bonds_sum_backbonefeaturizer,0.6530479519453962
1,fingerprint_H_bit_128,0.6524587024930807
1,fingerprint_H_bit_139,0.6460585728368241
1,fingerprint_H_bit_214,0.6092756088722222
1,drug_topological_surface_area_sum_fullmolecularfeaturizer,0.6002289818802432
1,drug_fingerprint_bit_160,0.5593779621275647
1,fingerprint_H_bit_80,0.5548997387226449
1,poly_smr_vsa5_sidechainfeaturizer_sum,0.5480047979072153
1,poly_num_hbond_acceptors_sidechainfeaturizer_sum,0.5263036452816157
1,poly_topological_surface_area_sidechainfeaturizer_sum,0.5202951776004905
1,logp_H,0.5131141682493664
1,fingerprint_H_bit_251,0.5128689370938916
1,lumo_eV_H,0.5090447606113228
1,poly_balaban_j_index_sum_backbonefeaturizer,0.49573058871022546
1,fingerprint_H_bit_213,0.49320255993982237
1,poly_max_ring_size_sum_fullpolymerfeaturizer,0.49253687039974714
1,drug_fingerprint_bit_128,0.4589725152287069
1,poly_sp3_carbon_count_sum_fullpolymerfeaturizer,0.45656003443689125
1,fingerprint_H_bit_28,0.44453016433716136
1,drug_fingerprint_bit_24,0.4423413761359405
1,poly_num_rotatable_bonds_sidechainfeaturizer_sum,0.4330499460723651
1,drug_fingerprint_bit_164,0.42653130648100435
1,drug_fingerprint_bit_15,0.4244617456265371
1,fingerprint_H_bit_70,0.3978782308068997
1,drug_fingerprint_bit_180,0.3946524848327971
1,poly_sp3_carbon_count_sidechainfeaturizer_sum,0.3933329061623323
1,drug_fingerprint_bit_165,0.38455137118928373
1,drug_fingerprint_bit_33,0.37946462995889213
1,drug_homo_eV,0.37572509747027477
1,poly_single_bonds_sidechainfeaturizer_sum,0.36505014938542246
1,drug_bridging_rings_count_sum_fullmolecularfeaturizer,0.36461017264728796
1,drug_fingerprint_bit_167,0.3610598195194251
1,drug_num_rings_sum_fullmolecularfeaturizer,0.35571151300048454
1,fingerprint_H_bit_81,0.3533278882504248
1,drug_fingerprint_bit_49,0.35017383982067457
1,drug_fingerprint_bit_201,0.34552695821172347
1,drug_fingerprint_bit_74,0.34469335634297604
1,drug_logp,0.32976792285287004
1,drug_sp2_carbon_count_sum_fullmolecularfeaturizer,0.32888792080485113
1,drug_fingerprint_bit_71,0.32711285167533866
1,poly_heteroatom_density_sum_fullpolymerfeaturizer,0.32010254772606545
1,drug_num_rotatable_bonds_sum_fullmolecularfeaturizer,0.31988792848304964
1,fingerprint_H_bit_53,0.3124051895766814
1,fingerprint_H_bit_217,0.3111531008999484
1,fingerprint_H_bit_27,0.3080929102663039
1,drug_fingerprint_bit_63,0.30173355386211015
1,drug_chlorine_count_sum_fullmolecularfeaturizer,0.3010976999590196
1,drug_fingerprint_bit_10,0.3006892348637787
1,drug_fingerprint_bit_189,0.2983557463434147
1,drug_fingerprint_bit_22,0.29808578012825865
1,drug_fingerprint_bit_12,0.28889144819751966
1,poly_num_hbond_donors_sidechainfeaturizer_sum,0.28841022258263277
1,poly_double_bonds_sidechainfeaturizer_sum,0.2882822000444908
1,drug_fingerprint_bit_159,0.2813563503021802
1,drug_fingerprint_bit_246,0.2790794526727231
1,fingerprint_H_bit_45,0.27598226932509295
1,drug_logd_at_WATER_PH,0.2739497230402372
1,drug_num_hbond_donors_sum_fullmolecularfeaturizer,0.26990868089389286
1,drug_fingerprint_bit_39,0.26483304735456514
1,drug_fingerprint_bit_99,0.2516736845021438
1,fingerprint_H_bit_89,0.2491613470073432
1,drug_fingerprint_bit_125,0.2483983626058476
1,drug_fingerprint_bit_206,0.24577238131891121
1,drug_fingerprint_bit_119,0.2445986620867011
1,fingerprint_H_bit_69,0.2416773455114314
1,drug_fingerprint_bit_145,0.2410166039419918
1,drug_fingerprint_bit_184,0.23507684239835788
1,drug_fingerprint_bit_196,0.23371327644404455
1,drug_fingerprint_bit_242,0.23171954425134467
1,drug_fingerprint_bit_253,0.2300810583455019
1,drug_fingerprint_bit_115,0.22547203110183536
1,drug_fingerprint_bit_81,0.22297627741471024
1,drug_fingerprint_bit_132,0.2201075627111018
1,drug_fraction_bicyclic_rings_sum_fullmolecularfeaturizer,0.2193699379117169
1,poly_max_ring_size_sidechainfeaturizer_sum,0.21406049607326963
1,drug_num_hbond_acceptors_sum_fullmolecularfeaturizer,0.21346287191407937
1,poly_heteroatom_count_sidechainfeaturizer_sum,0.21089304258486216
1,drug_fingerprint_bit_181,0.21019478867933966
1,drug_fingerprint_bit_4,0.20705031117358733
1,drug_fingerprint_bit_252,0.20352158609632495
1,drug_total_halogens_sum_fullmolecularfeaturizer,0.20247737754783618
1,drug_slogp_vsa1_sum_fullmolecularfeaturizer,0.2001705534130323
1,drug_fingerprint_bit_105,0.1984916519809831
1,fingerprint_H_bit_67,0.19722926704618807
1,fingerprint_H_bit_227,0.19542029206547282
1,poly_double_bonds_sum_fullpolymerfeaturizer,0.19278007776543893
1,drug_fingerprint_bit_177,0.19220498105566203
1,fingerprint_H_bit_37,0.19076066634268138
1,drug_fingerprint_bit_6,0.18985937397021044
1,drug_fingerprint_bit_108,0.18771713069687906
1,fingerprint_H_bit_162,0.18528796854260682
1,drug_single_bonds_sum_fullmolecularfeaturizer,0.18400466176706967
1,drug_fingerprint_bit_155,0.18314534869274945
1,drug_fingerprint_bit_116,0.17927837003382155
1,drug_fingerprint_bit_75,0.17902936670771824
1,drug_fingerprint_bit_156,0.16319103170236615
1,drug_fingerprint_bit_36,0.16269529025080062
1,fingerprint_H_bit_52,0.15897187702306328
1,drug_fingerprint_bit_226,0.15860229617494292
1,drug_fluorine_count_sum_fullmolecularfeaturizer,0.157528990460935
1,drug_fingerprint_bit_35,0.1570335003501995
1,drug_fingerprint_bit_146,0.15609589799621895
1,drug_fingerprint_bit_130,0.15591785900440164
1,drug_fingerprint_bit_0,0.15582784333051183
1,drug_fingerprint_bit_126,0.149629143004036
1,drug_fingerprint_bit_43,0.14906157565478084
1,drug_fingerprint_bit_139,0.1489916621514667
1,poly_slogp_vsa1_sidechainfeaturizer_sum,0.1472476124740278
1,drug_fingerprint_bit_26,0.14698962204366156
1,drug_fingerprint_bit_240,0.14223749270537472
1,fingerprint_H_bit_13,0.13994005995456466
1,drug_fingerprint_bit_205,0.1380917865021447
1,drug_fingerprint_bit_202,0.13606983706177364
1,drug_fingerprint_bit_73,0.1344200785249929
1,drug_fingerprint_bit_60,0.1310674860036925
1,drug_fingerprint_bit_169,0.13105748305075357
1,drug_fingerprint_bit_37,0.13002910225998154
1,drug_fingerprint_bit_83,0.12927392899380752
1,drug_fingerprint_bit_142,0.12924746345220012
1,drug_lumo_eV,0.12854793823781668
1,drug_fingerprint_bit_44,0.12548362390837964
1,drug_fingerprint_bit_151,0.12493529917445868
1,poly_single_bonds_sum_fullpolymerfeaturizer,0.12485408651565925
1,drug_fingerprint_bit_208,0.12368705479474043
1,drug_fingerprint_bit_185,0.12093324983644725
1,drug_num_atoms_sum_fullmolecularfeaturizer,0.11903342939658698
1,drug_heteroatom_density_sum_fullmolecularfeaturizer,0.11756380574226073
1,drug_fingerprint_bit_46,0.11737673319669577
1,drug_fingerprint_bit_218,0.11711893302749055
1,drug_fingerprint_bit_118,0.11480861364984228
1,drug_fingerprint_bit_203,0.11415606909510598
1,drug_fingerprint_bit_170,0.11392292676479691
1,drug_fingerprint_bit_45,0.11280007827240761
1,drug_fingerprint_bit_109,0.1121513618320323
1,drug_fingerprint_bit_5,0.10833224002611741
1,drug_fingerprint_bit_129,0.10777551098875601
1,drug_fingerprint_bit_122,0.10216456274352378
1,drug_fingerprint_bit_106,0.10026004830597042
1,fingerprint_H_bit_216,0.10012844081093754
1,drug_fingerprint_bit_150,0.09957848843552716
1,fingerprint_H_bit_57,0.0994017825142602
1,drug_fingerprint_bit_229,0.0989577231970514
1,drug_fingerprint_bit_250,0.09584513421099049
1,drug_fingerprint_bit_58,0.09514859645393617
1,drug_fingerprint_bit_178,0.0951132463025949
1,fingerprint_H_bit_134,0.09455694251844023
1,drug_fingerprint_bit_212,0.09289854944554829
1,drug_fingerprint_bit_148,0.0928520608618802
1,poly_max_estate_index_sum_backbonefeaturizer,0.09269439823352792
1,fingerprint_H_bit_123,0.09140910106751755
1,drug_fingerprint_bit_207,0.09014048033259785
1,drug_fingerprint_bit_224,0.08932428029687878
1,drug_fingerprint_bit_137,0.08823790782351602
1,drug_fingerprint_bit_28,0.08800737743948991
1,drug_fingerprint_bit_216,0.0877622253546445
1,drug_fingerprint_bit_69,0.08760282991456196
1,fingerprint_H_bit_226,0.08672651209304068
1,fingerprint_H_bit_18,0.08616091972628097
1,drug_fingerprint_bit_197,0.08474959388982632
1,drug_fingerprint_bit_92,0.08377137597132668
1,drug_fingerprint_bit_227,0.08165595394753226
1,poly_balaban_j_index_sum_fullpolymerfeaturizer,0.08062457324738068
1,drug_fingerprint_bit_236,0.07981101004130128
1,poly_num_rotatable_bonds_sum_fullpolymerfeaturizer,0.0777231945460928
1,drug_fingerprint_bit_30,0.07573492710067986
1,fingerprint_H_bit_61,0.0753041311955767
1,drug_fingerprint_bit_13,0.0723857721499143
1,drug_fingerprint_bit_77,0.07228425408673068
1,drug_fingerprint_bit_193,0.07215502124634336
1,fingerprint_H_bit_63,0.07032737344544294
1,drug_fingerprint_bit_255,0.06497681039739182
1,drug_fingerprint_bit_97,0.06411877653299226
1,drug_fingerprint_bit_84,0.06336603159140418
1,drug_fingerprint_bit_42,0.06282168892860217
1,drug_fingerprint_bit_18,0.06185911572993663
1,drug_fingerprint_bit_247,0.06117045307129052
1,drug_fp_density_morgan1_sum_fullmolecularfeaturizer,0.060040185605641935
1,drug_fingerprint_bit_67,0.05917865261279242
1,drug_fingerprint_bit_136,0.058779854354492435
1,drug_fingerprint_bit_140,0.05806946853181454
1,drug_fingerprint_bit_127,0.057329372882455314
1,fingerprint_H_bit_121,0.05659305068185859
1,fingerprint_H_bit_219,0.05576779777581765
1,fingerprint_H_bit_34,0.0551840244489687
1,drug_fingerprint_bit_222,0.05364178004354271
1,drug_fingerprint_bit_76,0.05234007797291073
1,drug_fingerprint_bit_103,0.05228309341009442
1,drug_fingerprint_bit_172,0.05207055648890645
1,drug_fingerprint_bit_154,0.05174208564243643
1,drug_fingerprint_bit_231,0.05170560216671207
1,poly_num_non_aromatic_rings_sum_backbonefeaturizer,0.05141963669237832
1,poly_num_non_aromatic_rings_sum_fullpolymerfeaturizer,0.05120623235314186
1,drug_fingerprint_bit_2,0.05068490292984087
1,fingerprint_H_bit_114,0.05012746813820773
1,drug_charge_at_WATER_PH,0.04966582289505968
1,drug_sp3_carbon_count_sum_fullmolecularfeaturizer,0.04817924853424958
1,drug_fingerprint_bit_120,0.04785754572759925
1,drug_fingerprint_bit_104,0.04740438408694536
1,drug_fingerprint_bit_100,0.04714980937780482
1,drug_fingerprint_bit_57,0.04714207730955602
1,drug_fingerprint_bit_191,0.046855411607987486
1,drug_fingerprint_bit_1,0.0465051807493222
1,fingerprint_H_bit_164,0.04649392672151046
1,drug_fingerprint_bit_95,0.0462099633987134
1,fingerprint_H_bit_66,0.045650413463572743
1,fingerprint_H_bit_212,0.04503556106361005
1,drug_fingerprint_bit_70,0.04485913775747689
1,drug_fingerprint_bit_153,0.04410273480793324
1,drug_fingerprint_bit_223,0.04369059277645145
1,drug_fingerprint_bit_101,0.04231272041753672
1,poly_num_rings_sum_fullpolymerfeaturizer,0.04123988930128437
1,poly_num_aliphatic_heterocycles_sum_backbonefeaturizer,0.04062692690428699
1,drug_fingerprint_bit_31,0.039695800404779165
1,drug_fingerprint_bit_219,0.03941252234807322
1,drug_fingerprint_bit_194,0.03770292618808015
1,fingerprint_H_bit_185,0.037029681247289746
1,drug_fingerprint_bit_235,0.03595974940863055
1,fingerprint_H_bit_106,0.035151522711907975
1,fingerprint_H_bit_46,0.035011663111125364
1,drug_fingerprint_bit_61,0.03500923685772146
1,drug_fingerprint_bit_7,0.034801001107941855
1,drug_fingerprint_bit_90,0.033983824511302115
1,fingerprint_H_bit_68,0.03349344108174316
1,fingerprint_H_bit_205,0.033217695079096145
1,drug_fingerprint_bit_204,0.032746048776857536
1,drug_fingerprint_bit_245,0.03220833569292914
1,fingerprint_H_bit_30,0.03160182263142032
1,drug_fingerprint_bit_14,0.02923161987592979
1,drug_fingerprint_bit_94,0.02824720005355121
1,drug_fingerprint_bit_78,0.028142939416335017
1,drug_fingerprint_bit_114,0.026402795143385362
1,drug_fingerprint_bit_19,0.02608108927980066
1,drug_num_aliphatic_heterocycles_sum_fullmolecularfeaturizer,0.02537922768680136
1,drug_fingerprint_bit_248,0.024896861688114853
1,poly_heteroatom_density_sum_backbonefeaturizer,0.02459843346462195
1,drug_fingerprint_bit_34,0.024510550368865604
1,drug_fingerprint_bit_85,0.023458726488412195
1,fingerprint_H_bit_237,0.023360094190207653
1,drug_fingerprint_bit_147,0.02305543595894194
1,fingerprint_H_bit_112,0.022593289987477092
1,drug_fingerprint_bit_72,0.022590338741903897
1,drug_fingerprint_bit_96,0.022526657239956505
1,drug_fingerprint_bit_171,0.021822755928651644
1,fingerprint_H_bit_26,0.02141986308608907
1,drug_max_estate_index_sum_fullmolecularfeaturizer,0.020023877349787517
1,drug_fingerprint_bit_82,0.019156449131187414
1,drug_fingerprint_bit_161,0.0187585358414688
1,fingerprint_H_bit_65,0.018253839129826525
1,drug_fingerprint_bit_62,0.017748397045574262
1,drug_fingerprint_bit_211,0.016924960445291817
1,drug_fingerprint_bit_47,0.01679664723103453
1,drug_fingerprint_bit_213,0.01663749115496924
1,fingerprint_H_bit_143,0.016601622240858135
1,drug_fingerprint_bit_27,0.016401696043975098
1,fingerprint_H_bit_158,0.01590201878177701
1,drug_fingerprint_bit_52,0.01509129462878057
1,fingerprint_H_bit_116,0.01441837347067465
1,fingerprint_H_bit_131,0.014209886001042314
1,drug_fingerprint_bit_237,0.01371372613230203
1,drug_fingerprint_bit_152,0.011638374626245942
1,drug_fingerprint_bit_41,0.011430059646551199
1,drug_fingerprint_bit_162,0.011193368279343637
1,drug_fingerprint_bit_20,0.01022067670424164
1,drug_fingerprint_bit_16,0.009991473625381359
1,drug_fingerprint_bit_32,0.009790965095102395
1,drug_fingerprint_bit_50,0.009264832912577209
1,drug_fingerprint_bit_135,0.009235967057685155
1,fingerprint_H_bit_54,0.00870022516698463
1,fingerprint_H_bit_98,0.00855559058407227
1,drug_smr_vsa5_sum_fullmolecularfeaturizer,0.007763911200165555
1,drug_fingerprint_bit_56,0.007392259395042693
1,drug_double_bonds_sum_fullmolecularfeaturizer,0.006441294166596481
1,drug_fingerprint_bit_187,0.00596289112925955
1,drug_fingerprint_bit_113,0.005804871307151927
1,fingerprint_H_bit_145,0.004520523159423797
1,drug_fingerprint_bit_134,0.004104614701722202
1,drug_fingerprint_bit_179,0.003913945075931666
1,drug_fingerprint_bit_225,0.0024947724175633326
1,drug_fingerprint_bit_238,0.0023671532443438436
1,drug_fingerprint_bit_182,0.0023565470902124153
1,drug_fingerprint_bit_59,0.001647330508875564
1,fingerprint_H_bit_224,0.001616596751548821
1,poly_num_aliphatic_heterocycles_sum_fullpolymerfeaturizer,0.00012476885683343697
1,drug_fingerprint_bit_117,7.256300551103675e-05
1,fingerprint_H_bit_231,0.0
1,fingerprint_H_bit_234,0.0
1,fingerprint_H_bit_223,0.0
1,fingerprint_H_bit_0,0.0
1,fingerprint_H_bit_86,0.0
1,fingerprint_H_bit_4,0.0
1,drug_fingerprint_bit_157,0.0
1,drug_fingerprint_bit_244,0.0
1,fingerprint_H_bit_5,0.0
1,poly_iodine_count_sum_backbonefeaturizer,0.0
1,fingerprint_H_bit_229,0.0
1,fingerprint_H_bit_225,0.0
1,drug_fingerprint_bit_220,0.0
1,fingerprint_H_bit_235,0.0
1,fingerprint_H_bit_51,0.0
1,drug_fingerprint_bit_221,0.0
1,fingerprint_H_bit_31,0.0
1,fingerprint_H_bit_35,0.0
1,fingerprint_H_bit_36,0.0
1,fingerprint_H_bit_228,0.0
1,fingerprint_H_bit_17,0.0
1,fingerprint_H_bit_19,0.0
1,fingerprint_H_bit_21,0.0
1,fingerprint_H_bit_20,0.0
1,poly_fluorine_count_sidechainfeaturizer_sum,0.0
1,poly_chlorine_count_sidechainfeaturizer_sum,0.0
1,poly_bromine_count_sidechainfeaturizer_sum,0.0
1,fingerprint_H_bit_187,0.0
1,poly_triple_bonds_sidechainfeaturizer_sum,0.0
1,poly_bridging_rings_count_sidechainfeaturizer_sum,0.0
1,poly_num_non_aromatic_rings_sidechainfeaturizer_sum,0.0
1,poly_fraction_bicyclic_rings_sidechainfeaturizer_sum,0.0
1,poly_num_aliphatic_heterocycles_sidechainfeaturizer_sum,0.0
1,fingerprint_H_bit_59,0.0
1,fingerprint_H_bit_60,0.0
1,poly_iodine_count_sidechainfeaturizer_sum,0.0
1,poly_total_halogens_sidechainfeaturizer_sum,0.0
1,fingerprint_H_bit_200,0.0
1,fingerprint_H_bit_201,0.0
1,fingerprint_H_bit_202,0.0
1,fingerprint_H_bit_170,0.0
1,fingerprint_H_bit_171,0.0
1,fingerprint_H_bit_172,0.0
1,fingerprint_H_bit_173,0.0
1,drug_fingerprint_bit_9,0.0
1,fingerprint_H_bit_22,0.0
1,fingerprint_H_bit_23,0.0
1,fingerprint_H_bit_24,0.0
1,poly_total_halogens_sum_backbonefeaturizer,0.0
1,poly_fluorine_count_sum_backbonefeaturizer,0.0
1,poly_chlorine_count_sum_backbonefeaturizer,0.0
1,fingerprint_H_bit_62,0.0
1,poly_bromine_count_sum_backbonefeaturizer,0.0
1,drug_fingerprint_bit_21,0.0
1,fingerprint_H_bit_190,0.0
1,fingerprint_H_bit_189,0.0
1,fingerprint_H_bit_193,0.0
1,fingerprint_H_bit_194,0.0
1,fingerprint_H_bit_195,0.0
1,fingerprint_H_bit_192,0.0
1,fingerprint_H_bit_198,0.0
1,fingerprint_H_bit_199,0.0
1,fingerprint_H_bit_91,0.0
1,fingerprint_H_bit_92,0.0
1,fingerprint_H_bit_93,0.0
1,fingerprint_H_bit_94,0.0
1,fingerprint_H_bit_95,0.0
1,fingerprint_H_bit_196,0.0
1,fingerprint_H_bit_96,0.0
1,fingerprint_H_bit_97,0.0
1,drug_fingerprint_bit_215,0.0
1,drug_fingerprint_bit_209,0.0
1,drug_fingerprint_bit_217,0.0
1,fingerprint_H_bit_252,0.0
1,poly_triple_bonds_sum_backbonefeaturizer,0.0
1,poly_bridging_rings_count_sum_backbonefeaturizer,0.0
1,poly_fraction_bicyclic_rings_sum_backbonefeaturizer,0.0
1,fingerprint_H_bit_9,0.0
1,fingerprint_H_bit_10,0.0
1,fingerprint_H_bit_11,0.0
1,fingerprint_H_bit_14,0.0
1,fingerprint_H_bit_15,0.0
1,fingerprint_H_bit_16,0.0
1,fingerprint_H_bit_230,0.0
1,fingerprint_H_bit_210,0.0
1,fingerprint_H_bit_209,0.0
1,fingerprint_H_bit_208,0.0
1,fingerprint_H_bit_206,0.0
1,fingerprint_H_bit_203,0.0
1,drug_fingerprint_bit_232,0.0
1,poly_chlorine_count_sum_fullpolymerfeaturizer,0.0
1,poly_fluorine_count_sum_fullpolymerfeaturizer,0.0
1,poly_total_halogens_sum_fullpolymerfeaturizer,0.0
1,drug_iodine_count_sum_fullmolecularfeaturizer,0.0
1,fingerprint_H_bit_179,0.0
1,fingerprint_H_bit_180,0.0
1,fingerprint_H_bit_166,0.0
1,fingerprint_H_bit_211,0.0
1,drug_fingerprint_bit_17,0.0
1,fingerprint_H_bit_215,0.0
1,fingerprint_H_bit_71,0.0
1,fingerprint_H_bit_184,0.0
1,fingerprint_H_bit_154,0.0
1,fingerprint_H_bit_156,0.0
1,fingerprint_H_bit_157,0.0
1,fingerprint_H_bit_160,0.0
1,fingerprint_H_bit_161,0.0
1,fingerprint_H_bit_246,0.0
1,fingerprint_H_bit_188,0.0
1,poly_bromine_count_sum_fullpolymerfeaturizer,0.0
1,fingerprint_H_bit_88,0.0
1,fingerprint_H_bit_181,0.0
1,fingerprint_H_bit_90,0.0
1,fingerprint_H_bit_176,0.0
1,fingerprint_H_bit_178,0.0
1,fingerprint_H_bit_165,0.0
1,fingerprint_H_bit_74,0.0
1,fingerprint_H_bit_73,0.0
1,fingerprint_H_bit_72,0.0
1,fingerprint_H_bit_76,0.0
1,fingerprint_H_bit_83,0.0
1,fingerprint_H_bit_55,0.0
1,fingerprint_H_bit_79,0.0
1,fingerprint_H_bit_77,0.0
1,drug_fingerprint_bit_198,0.0
1,drug_fingerprint_bit_87,0.0
1,drug_fingerprint_bit_88,0.0
1,drug_fingerprint_bit_89,0.0
1,drug_fingerprint_bit_68,0.0
1,drug_fingerprint_bit_51,0.0
1,fingerprint_H_bit_163,0.0
1,fingerprint_H_bit_82,0.0
1,fingerprint_H_bit_141,0.0
1,fingerprint_H_bit_140,0.0
1,fingerprint_H_bit_146,0.0
1,fingerprint_H_bit_142,0.0
1,fingerprint_H_bit_149,0.0
1,fingerprint_H_bit_150,0.0
1,fingerprint_H_bit_152,0.0
1,fingerprint_H_bit_148,0.0
1,fingerprint_H_bit_153,0.0
1,fingerprint_H_bit_122,0.0
1,poly_iodine_count_sum_fullpolymerfeaturizer,0.0
1,poly_triple_bonds_sum_fullpolymerfeaturizer,0.0
1,poly_bridging_rings_count_sum_fullpolymerfeaturizer,0.0
1,drug_fingerprint_bit_54,0.0
1,fingerprint_H_bit_99,0.0
1,fingerprint_H_bit_101,0.0
1,poly_fraction_bicyclic_rings_sum_fullpolymerfeaturizer,0.0
1,fingerprint_H_bit_255,0.0
1,fingerprint_H_bit_254,0.0
1,fingerprint_H_bit_253,0.0
1,drug_fingerprint_bit_190,0.0
1,fingerprint_H_bit_50,0.0
1,fingerprint_H_bit_242,0.0
1,fingerprint_H_bit_243,0.0
1,drug_fingerprint_bit_195,0.0
1,fingerprint_H_bit_244,0.0
1,drug_fingerprint_bit_98,0.0
1,drug_fingerprint_bit_102,0.0
1,fingerprint_H_bit_168,0.0
1,fingerprint_H_bit_169,0.0
1,fingerprint_H_bit_238,0.0
1,fingerprint_H_bit_239,0.0
1,fingerprint_H_bit_127,0.0
1,fingerprint_H_bit_137,0.0
1,fingerprint_H_bit_129,0.0
1,fingerprint_H_bit_130,0.0
1,fingerprint_H_bit_136,0.0
1,fingerprint_H_bit_40,0.0
1,fingerprint_H_bit_132,0.0
1,fingerprint_H_bit_135,0.0
1,fingerprint_H_bit_107,0.0
1,fingerprint_H_bit_105,0.0
1,fingerprint_H_bit_108,0.0
1,drug_fingerprint_bit_112,0.0
1,fingerprint_H_bit_115,0.0
1,fingerprint_H_bit_117,0.0
1,fingerprint_H_bit_240,0.0
1,fingerprint_H_bit_241,0.0
1,fingerprint_H_bit_103,0.0
1,fingerprint_H_bit_102,0.0
1,fingerprint_H_bit_104,0.0
1,fingerprint_H_bit_25,0.0
1,fingerprint_H_bit_124,0.0
1,fingerprint_H_bit_247,0.0
1,fingerprint_H_bit_29,0.0
1,drug_fingerprint_bit_123,0.0
1,fingerprint_H_bit_250,0.0
1,fingerprint_H_bit_220,0.0
1,fingerprint_H_bit_221,0.0
1,drug_fingerprint_bit_166,0.0
1,drug_triple_bonds_sum_fullmolecularfeaturizer,0.0
1,fingerprint_H_bit_43,0.0
1,fingerprint_H_bit_248,0.0
1,fingerprint_H_bit_249,0.0
1,fingerprint_H_bit_47,0.0
1,fingerprint_H_bit_44,0.0
1,fingerprint_H_bit_49,0.0
1,fingerprint_H_bit_126,0.0
1,fingerprint_H_bit_8,0.0
1,fingerprint_H_bit_87,0.0
1,fingerprint_H_bit_2,0.0
1,fingerprint_H_bit_6,0.0
1,drug_fingerprint_bit_254,0.0
1,drug_bromine_count_sum_fullmolecularfeaturizer,0.0
1,drug_fingerprint_bit_176,0.0
1,drug_fingerprint_bit_234,0.0
1,fingerprint_H_bit_109,0.0
1,fingerprint_H_bit_110,0.0
1,fingerprint_H_bit_111,0.0
1,fingerprint_H_bit_3,0.0
1,fingerprint_H_bit_32,-0.00019016025352513614
1,drug_fingerprint_bit_144,-0.000344885732968108
1,drug_fingerprint_bit_55,-0.0010585849024273247
1,drug_fingerprint_bit_65,-0.0012619159206670345
1,drug_fingerprint_bit_8,-0.0014311098859221048
1,drug_fingerprint_bit_79,-0.0019911570750672037
1,drug_fingerprint_bit_174,-0.0021349415118750675
1,drug_fingerprint_bit_29,-0.0026913229120271998
1,drug_fingerprint_bit_210,-0.002709661901564111
1,drug_fingerprint_bit_25,-0.0038624114735474444
1,drug_fingerprint_bit_149,-0.006000446297496227
1,drug_fingerprint_bit_173,-0.01201097226090933
1,drug_molecular_weight_sum_fullmolecularfeaturizer,-0.014793443554611358
1,drug_fingerprint_bit_121,-0.01699577009572057
1,drug_fingerprint_bit_124,-0.01715735084837557
1,poly_num_hbond_acceptors_sum_fullpolymerfeaturizer,-0.018040390366510912
1,drug_fingerprint_bit_3,-0.018707099864507287
1,drug_fingerprint_bit_53,-0.01911811268011578
1,drug_fingerprint_bit_80,-0.02360626126987956
1,drug_fingerprint_bit_241,-0.024301282554194607
1,drug_fingerprint_bit_48,-0.02545730825328657
1,drug_fingerprint_bit_251,-0.028064037085998406
1,fingerprint_H_bit_218,-0.03011967037892869
1,drug_fingerprint_bit_93,-0.04114102787979405
1,drug_fingerprint_bit_86,-0.04173808515115277
1,drug_max_ring_size_sum_fullmolecularfeaturizer,-0.04304531889796827
1,drug_fingerprint_bit_66,-0.043290270521212613
1,charge_at_WATER_PH_H,-0.04370207611406363
1,drug_num_non_aromatic_rings_sum_fullmolecularfeaturizer,-0.044764946505031475
1,fingerprint_H_bit_7,-0.0465690006434285
1,drug_fingerprint_bit_131,-0.05166985774441384
1,fingerprint_H_bit_207,-0.06351002074174858
1,drug_fingerprint_bit_91,-0.06628186786342773
1,drug_fingerprint_bit_192,-0.0693688019693225
1,drug_fingerprint_bit_183,-0.07183365023899306
1,fingerprint_H_bit_138,-0.08473926026201342
1,fingerprint_H_bit_38,-0.08490102651039626
1,drug_fingerprint_bit_199,-0.09338104075759944
1,drug_fingerprint_bit_168,-0.0946236062982253
1,drug_fingerprint_bit_40,-0.09463143436905608
1,drug_fingerprint_bit_138,-0.09702148970710366
1,drug_fingerprint_bit_38,-0.09729610318142086
1,drug_fingerprint_bit_243,-0.09898377819371562
1,drug_fingerprint_bit_143,-0.10719058695227439
1,fingerprint_H_bit_39,-0.12381657591026686
1,drug_fingerprint_bit_111,-0.13460675660147195
1,drug_fingerprint_bit_230,-0.13499288369797716
1,fingerprint_H_bit_186,-0.1599232198380094
1,drug_fingerprint_bit_239,-0.18244304383010107
1,drug_fingerprint_bit_228,-0.19342100655024627
1,drug_fingerprint_bit_158,-0.20660246800737095
1,drug_fingerprint_bit_64,-0.21170043677056283
1,fingerprint_H_bit_42,-0.2121179756700311
1,drug_fingerprint_bit_175,-0.2125973011197829
1,drug_fingerprint_bit_188,-0.2164388082854363
1,poly_max_estate_index_sum_fullpolymerfeaturizer,-0.24822578885127353
1,drug_fingerprint_bit_233,-0.25570045850625794
1,drug_fingerprint_bit_214,-0.261118595135501
1,fingerprint_H_bit_125,-0.26334866985720556
1,drug_fingerprint_bit_23,-0.2675852837149727
1,poly_topological_surface_area_sum_fullpolymerfeaturizer,-0.27864709234544477
1,WATER_PH,-0.3064856217056355
1,poly_num_rings_sum_backbonefeaturizer,-0.3327278650787356
1,drug_fingerprint_bit_133,-0.3869295744166502
1,poly_heteroatom_count_sum_fullpolymerfeaturizer,-0.42075188386917234
1,drug_fingerprint_bit_186,-0.4223900488535861
1,poly_sp2_carbon_count_sum_fullpolymerfeaturizer,-0.46907504783828763
1,poly_molecular_weight_sum_fullpolymerfeaturizer,-0.48604578539641785
1,drug_fingerprint_bit_163,-0.5013393675110709
1,CONCENTRATION,-0.5314930953671266
1,poly_num_atoms_sum_fullpolymerfeaturizer,-0.5509560304784841
1,drug_fingerprint_bit_200,-0.5552577615302149
1,drug_fingerprint_bit_249,-0.5996688078582403
1,fingerprint_H_bit_233,-0.717529688484429
1,drug_fingerprint_bit_107,-0.736476587192903
1,drug_fingerprint_bit_11,-0.8005929359349307
1,drug_fingerprint_bit_141,-0.8489114651919899
1,fingerprint_H_bit_144,-2.583414898843805
1,fingerprint_H_bit_75,-3.1556822607839328
1,fingerprint_H_bit_191,-3.9955672904673163
1,fingerprint_H_bit_174,-4.205417709517223
2,fingerprint_H_bit_12,15.147626042957487
2,fingerprint_H_bit_120,5.733148856198277
2,fingerprint_H_bit_177,5.221406623681373
2,fingerprint_H_bit_42,3.20222495625544
2,logd_at_WATER_PH_H,3.0592643433578
2,poly_balaban_j_index_sidechainfeaturizer_sum,3.0582781875073115
2,poly_slogp_vsa1_sum_fullpolymerfeaturizer,2.9799955493845105
2,fingerprint_H_bit_147,2.9717592243330437
2,poly_max_estate_index_sidechainfeaturizer_sum,2.4832492459454487
2,poly_num_hbond_donors_sum_backbonefeaturizer,2.324333088545426
2,poly_num_hbond_acceptors_sum_backbonefeaturizer,2.196175998666764
2,poly_heteroatom_count_sum_backbonefeaturizer,2.0301165646658186
2,poly_fp_density_morgan1_sidechainfeaturizer_sum,1.944301768123982
2,fingerprint_H_bit_214,1.9415994700147023
2,poly_heteroatom_density_sidechainfeaturizer_sum,1.7320793847309923
2,fingerprint_H_bit_182,1.672822763011705
2,fingerprint_H_bit_183,1.6065070797803556
2,fingerprint_H_bit_151,1.6022440664249802
2,fingerprint_H_bit_64,1.5109878284734388
2,poly_sp2_carbon_count_sum_backbonefeaturizer,1.4731655868499067
2,fingerprint_H_bit_33,1.4196573795027807
2,poly_sp2_carbon_count_sidechainfeaturizer_sum,1.40274223163367
2,poly_fp_density_morgan1_sum_backbonefeaturizer,1.3930420385487443
2,poly_molecular_weight_sum_backbonefeaturizer,1.3907747630777707
2,fingerprint_H_bit_58,1.3895437353956854
2,fingerprint_H_bit_133,1.3690864663196136
2,fingerprint_H_bit_217,1.277178554049432
2,fingerprint_H_bit_85,1.2434800927020557
2,fingerprint_H_bit_100,1.2396538388768685
2,poly_num_aromatic_rings_sum_backbonefeaturizer,1.2277394122075849
2,poly_heteroatom_count_sidechainfeaturizer_sum,1.2271994030086242
2,fingerprint_H_bit_155,1.1606940522644549
2,fingerprint_H_bit_159,1.155138261289896
2,poly_double_bonds_sum_backbonefeaturizer,1.1483043575173093
2,fingerprint_H_bit_48,1.1184408625323534
2,fingerprint_H_bit_119,1.1072417449229541
2,poly_num_atoms_sidechainfeaturizer_sum,1.0948366299382908
2,poly_num_rotatable_bonds_sum_backbonefeaturizer,1.0853439279210257
2,poly_fp_density_morgan1_sum_fullpolymerfeaturizer,1.0520192026667814
2,fingerprint_H_bit_236,0.930544181600489
2,poly_num_rings_sum_backbonefeaturizer,0.9094415712057794
2,poly_max_ring_size_sidechainfeaturizer_sum,0.8949884515278045
2,poly_smr_vsa5_sum_backbonefeaturizer,0.8836487499912409
2,fingerprint_H_bit_81,0.8799687689821996
2,poly_num_hbond_donors_sidechainfeaturizer_sum,0.8759908082181294
2,fingerprint_H_bit_113,0.8685694897656798
2,fingerprint_H_bit_213,0.8578075071116708
2,fingerprint_H_bit_118,0.8233612682709667
2,fingerprint_H_bit_53,0.803149372978007
2,poly_topological_surface_area_sidechainfeaturizer_sum,0.792959000552231
2,poly_num_hbond_acceptors_sidechainfeaturizer_sum,0.7433540091928291
2,drug_fingerprint_bit_167,0.7257566517051869
2,poly_num_atoms_sum_backbonefeaturizer,0.7247496142415485
2,fingerprint_H_bit_41,0.714395669916569
2,poly_single_bonds_sum_backbonefeaturizer,0.7142558213286238
2,drug_num_rotatable_bonds_sum_fullmolecularfeaturizer,0.6891177539115543
2,poly_max_ring_size_sum_fullpolymerfeaturizer,0.6705785710364731
2,lumo_eV_H,0.6408019728425208
2,drug_fingerprint_bit_42,0.6345418657753122
2,drug_balaban_j_index_sum_fullmolecularfeaturizer,0.6318340525841267
2,fingerprint_H_bit_232,0.6292020982120733
2,fingerprint_H_bit_167,0.6289937486978455
2,drug_fingerprint_bit_99,0.601321687622748
2,drug_lumo_eV,0.5982221274213744
2,drug_fingerprint_bit_128,0.587439140605264
2,fingerprint_H_bit_56,0.5750642849645374
2,poly_num_aromatic_rings_sidechainfeaturizer_sum,0.5376251646016643
2,fingerprint_H_bit_197,0.5280536978627312
2,drug_fingerprint_bit_125,0.5224938495414017
2,drug_fingerprint_bit_110,0.5213982938134788
2,fingerprint_H_bit_84,0.4926233253958937
2,drug_fingerprint_bit_24,0.481425983177652
2,logp_H,0.4512102836035869
2,poly_max_ring_size_sum_backbonefeaturizer,0.4443456293404366
2,fingerprint_H_bit_204,0.4335901087223238
2,fingerprint_H_bit_69,0.4292056697444064
2,drug_bridging_rings_count_sum_fullmolecularfeaturizer,0.42285100844883233
2,fingerprint_H_bit_45,0.42046796681521986
2,fingerprint_H_bit_251,0.3976550413253813
2,poly_sp3_carbon_count_sidechainfeaturizer_sum,0.39442889721259355
2,drug_fingerprint_bit_22,0.39080300858328954
2,drug_logp,0.39056221658339957
2,drug_fingerprint_bit_15,0.3902755830828736
2,drug_heteroatom_count_sum_fullmolecularfeaturizer,0.37962717501562776
2,poly_smr_vsa5_sidechainfeaturizer_sum,0.3765301061162316
2,drug_fingerprint_bit_159,0.37257943119176756
2,drug_num_aromatic_rings_sum_fullmolecularfeaturizer,0.3694847366472352
2,drug_fingerprint_bit_206,0.3692487165574688
2,drug_homo_eV,0.3689930546565832
2,homo_eV_H,0.3671521826676751
2,drug_fingerprint_bit_39,0.35615445955105324
2,drug_fingerprint_bit_63,0.35543246101179965
2,fingerprint_H_bit_145,0.3461885690471064
2,fingerprint_H_bit_139,0.3443753632169774
2,drug_fingerprint_bit_246,0.3425973734376425
2,drug_fingerprint_bit_160,0.34024812086644773
2,fingerprint_H_bit_186,0.3399854718003482
2,poly_molecular_weight_sidechainfeaturizer_sum,0.3378676265767665
2,drug_fingerprint_bit_126,0.3368968955726291
2,drug_sp2_carbon_count_sum_fullmolecularfeaturizer,0.33564077705725665
2,drug_fingerprint_bit_218,0.33101345179310787
2,drug_fingerprint_bit_106,0.32693177676268304
2,drug_fingerprint_bit_180,0.3210224929090849
2,poly_heteroatom_density_sum_fullpolymerfeaturizer,0.3197048996124754
2,fingerprint_H_bit_1,0.316280077744583
2,drug_fingerprint_bit_177,0.2929396567874392
2,drug_fingerprint_bit_164,0.29186521293946377
2,drug_fingerprint_bit_115,0.29113795345732785
2,drug_slogp_vsa1_sum_fullmolecularfeaturizer,0.29071493338495463
2,drug_fingerprint_bit_201,0.28869095609003803
2,drug_fingerprint_bit_165,0.2859624959089733
2,drug_fingerprint_bit_142,0.28533944412933016
2,poly_topological_surface_area_sum_backbonefeaturizer,0.28497722401857306
2,fingerprint_H_bit_27,0.2831547473222341
2,fingerprint_H_bit_128,0.2808189341546881
2,drug_fingerprint_bit_49,0.2790674488564195
2,drug_num_hbond_acceptors_sum_fullmolecularfeaturizer,0.2785783152558112
2,drug_fingerprint_bit_253,0.2736003426510531
2,drug_total_halogens_sum_fullmolecularfeaturizer,0.2727402053997818
2,poly_num_rings_sidechainfeaturizer_sum,0.27191687672659076
2,drug_fingerprint_bit_203,0.2716164610119508
2,drug_fingerprint_bit_226,0.26788055239669895
2,poly_sp3_carbon_count_sum_fullpolymerfeaturizer,0.2647890701229075
2,poly_single_bonds_sidechainfeaturizer_sum,0.2646895352240414
2,drug_fingerprint_bit_151,0.26238936526830053
2,drug_fingerprint_bit_36,0.26032905085758123
2,drug_fraction_bicyclic_rings_sum_fullmolecularfeaturizer,0.2572347202601853
2,drug_fingerprint_bit_250,0.25568084471053143
2,fingerprint_H_bit_28,0.25517650234947703
2,drug_fingerprint_bit_35,0.25361343376098044
2,poly_num_aromatic_rings_sum_fullpolymerfeaturizer,0.24546276407890266
2,poly_balaban_j_index_sum_backbonefeaturizer,0.23998156923249367
2,fingerprint_H_bit_226,0.23445650351919098
2,drug_fingerprint_bit_81,0.232824364440337
2,drug_fingerprint_bit_108,0.22977278200314163
2,fingerprint_H_bit_121,0.22557404752714166
2,fingerprint_H_bit_245,0.22482797593669618
2,drug_fingerprint_bit_184,0.22109583949659653
2,fingerprint_H_bit_89,0.21984310305436017
2,fingerprint_H_bit_237,0.2183084277607085
2,drug_fingerprint_bit_75,0.21496140367302066
2,drug_fluorine_count_sum_fullmolecularfeaturizer,0.21267056874241239
2,drug_fingerprint_bit_45,0.21030903328964426
2,drug_fingerprint_bit_18,0.20554110520010077
2,drug_fingerprint_bit_6,0.20370493398281742
2,poly_double_bonds_sidechainfeaturizer_sum,0.20231348525590345
2,drug_logd_at_WATER_PH,0.1990958755707514
2,drug_fingerprint_bit_46,0.19618597454631642
2,drug_fingerprint_bit_242,0.19503647723674072
2,drug_fingerprint_bit_155,0.19495818741686705
2,drug_fingerprint_bit_97,0.19179763083733123
2,fingerprint_H_bit_67,0.18980166376538607
2,fingerprint_H_bit_37,0.18752950195261597
2,drug_fingerprint_bit_146,0.17960642350248165
2,poly_max_estate_index_sum_backbonefeaturizer,0.17836688960557265
2,drug_topological_surface_area_sum_fullmolecularfeaturizer,0.17423584114720195
2,drug_fingerprint_bit_144,0.17415061906382784
2,drug_num_rings_sum_fullmolecularfeaturizer,0.17112879673249148
2,drug_fingerprint_bit_236,0.16975521797145615
2,drug_fingerprint_bit_120,0.16848699873982875
2,drug_fingerprint_bit_185,0.16745432651638506
2,drug_fingerprint_bit_247,0.16681282191861438
2,drug_fingerprint_bit_83,0.16444801553309008
2,drug_fingerprint_bit_116,0.16411336717701538
2,drug_fingerprint_bit_0,0.1619833310206955
2,fingerprint_H_bit_13,0.15470885379788837
2,fingerprint_H_bit_18,0.15274177159386898
2,fingerprint_H_bit_52,0.1517392421585293
2,drug_fingerprint_bit_181,0.15143571826334407
2,drug_heteroatom_density_sum_fullmolecularfeaturizer,0.1499457338685056
2,drug_fingerprint_bit_213,0.14803882872445806
2,drug_fingerprint_bit_145,0.1476248680289483
2,drug_fingerprint_bit_93,0.14678990327972846
2,drug_fingerprint_bit_10,0.14458512286304318
2,poly_sp3_carbon_count_sum_backbonefeaturizer,0.14435316182883476
2,poly_sp2_carbon_count_sum_fullpolymerfeaturizer,0.13914355907063794
2,drug_fingerprint_bit_122,0.13830926335509147
2,poly_num_hbond_donors_sum_fullpolymerfeaturizer,0.13473426095240215
2,fingerprint_H_bit_70,0.1304129859534379
2,drug_fingerprint_bit_37,0.13014835018029808
2,drug_fingerprint_bit_84,0.12787946433796457
2,drug_fingerprint_bit_156,0.1275656229790547
2,drug_fingerprint_bit_178,0.12716516458530383
2,drug_fingerprint_bit_4,0.12593204267403574
2,drug_fingerprint_bit_12,0.12541047928077975
2,fingerprint_H_bit_227,0.12077202813452115
2,drug_fingerprint_bit_69,0.12008629789476977
2,drug_fingerprint_bit_202,0.11906948767266676
2,drug_fingerprint_bit_205,0.11878820525354934
2,drug_fingerprint_bit_196,0.11710233326772666
2,drug_fingerprint_bit_76,0.11451283088547416
2,drug_fingerprint_bit_237,0.11339899452874144
2,drug_fingerprint_bit_212,0.11056772951192344
2,drug_fingerprint_bit_13,0.10842093712596113
2,drug_fingerprint_bit_5,0.10750053332378688
2,drug_fingerprint_bit_139,0.10713871232260305
2,fingerprint_H_bit_78,0.10707154902576617
2,drug_fingerprint_bit_33,0.10385753942039079
2,drug_single_bonds_sum_fullmolecularfeaturizer,0.10332125893508946
2,drug_fingerprint_bit_170,0.10265378920472583
2,drug_fingerprint_bit_197,0.10247237880517136
2,drug_fingerprint_bit_105,0.1023198177984903
2,drug_fingerprint_bit_255,0.10191531051000305
2,poly_num_rotatable_bonds_sidechainfeaturizer_sum,0.10189910034259873
2,drug_fingerprint_bit_57,0.09703510033722573
2,drug_fingerprint_bit_193,0.09472968529035855
2,drug_fingerprint_bit_127,0.09302561597643647
2,drug_fingerprint_bit_172,0.09201984556073042
2,drug_fingerprint_bit_169,0.08960030381262223
2,fingerprint_H_bit_212,0.0893337836748758
2,drug_fingerprint_bit_136,0.08785799011922053
2,drug_fingerprint_bit_109,0.08496453587247346
2,drug_fingerprint_bit_50,0.08462795718786006
2,fingerprint_H_bit_174,0.08441917519019174
2,drug_fingerprint_bit_77,0.08357387151314376
2,drug_fingerprint_bit_28,0.08277893922547784
2,fingerprint_H_bit_63,0.07926516484646186
2,drug_fingerprint_bit_114,0.07914981132181698
2,drug_fingerprint_bit_208,0.07775206341504248
2,drug_fingerprint_bit_148,0.07504554290332908
2,drug_fingerprint_bit_44,0.07504086461203133
2,drug_fingerprint_bit_74,0.07502657902343239
2,drug_fingerprint_bit_94,0.07150059592348447
2,drug_fingerprint_bit_95,0.06957162042555674
2,fingerprint_H_bit_164,0.06859793622128617
2,drug_fingerprint_bit_26,0.0678273105743225
2,fingerprint_H_bit_32,0.06703666519972083
2,drug_fingerprint_bit_204,0.06626672831345244
2,drug_fingerprint_bit_2,0.0662002617206079
2,fingerprint_H_bit_162,0.06558265745327053
2,drug_fingerprint_bit_1,0.06430113813888058
2,fingerprint_H_bit_68,0.06415664183932139
2,drug_fp_density_morgan1_sum_fullmolecularfeaturizer,0.06405703179793173
2,drug_fingerprint_bit_194,0.06381885939959332
2,drug_fingerprint_bit_27,0.06353499269279235
2,fingerprint_H_bit_219,0.06345457792938211
2,drug_sp3_carbon_count_sum_fullmolecularfeaturizer,0.060045033998701584
2,drug_fingerprint_bit_245,0.05885111896011637
2,drug_fingerprint_bit_150,0.058278407027336096
2,drug_fingerprint_bit_73,0.057381323676900596
2,drug_fingerprint_bit_153,0.056656734939993195
2,drug_fingerprint_bit_41,0.05647706494782194
2,poly_slogp_vsa1_sidechainfeaturizer_sum,0.05462383622837387
2,drug_fingerprint_bit_29,0.05384118798632258
2,poly_smr_vsa5_sum_fullpolymerfeaturizer,0.05379868387016738
2,fingerprint_H_bit_224,0.052355390625262004
2,drug_fingerprint_bit_240,0.051267533884094954
2,fingerprint_H_bit_98,0.051239649496308846
2,drug_fingerprint_bit_58,0.050571446563920576
2,drug_fingerprint_bit_118,0.04979800821897223
2,drug_fingerprint_bit_137,0.049412304053738754
2,drug_fingerprint_bit_248,0.04936378176157018
2,drug_fingerprint_bit_130,0.04927839375975074
2,drug_fingerprint_bit_189,0.04892487853414746
2,poly_num_non_aromatic_rings_sum_fullpolymerfeaturizer,0.04876659616408946
2,fingerprint_H_bit_34,0.04758573713549944
2,drug_fingerprint_bit_43,0.04673437895589687
2,drug_smr_vsa5_sum_fullmolecularfeaturizer,0.04660978853412
2,drug_fingerprint_bit_14,0.04639413337141694
2,drug_fingerprint_bit_187,0.04514386128277037
2,drug_fingerprint_bit_90,0.04455101130017097
2,drug_fingerprint_bit_135,0.04433675209190715
2,drug_fingerprint_bit_117,0.04207775303986773
2,fingerprint_H_bit_134,0.041674611779752624
2,drug_fingerprint_bit_119,0.04154258085153373
2,drug_fingerprint_bit_235,0.04097514801933957
2,drug_fingerprint_bit_191,0.04095858799339248
2,drug_fingerprint_bit_70,0.04069874034820239
2,drug_fingerprint_bit_222,0.04061445653873506
2,fingerprint_H_bit_112,0.040442170293155215
2,fingerprint_H_bit_57,0.03817036506313091
2,drug_fingerprint_bit_71,0.03756940485847516
2,drug_fingerprint_bit_140,0.03615187575667584
2,drug_fingerprint_bit_85,0.03573349835238737
2,drug_fingerprint_bit_224,0.03550635642596398
2,drug_fingerprint_bit_132,0.03521154683140876
2,fingerprint_H_bit_205,0.03444007061197929
2,drug_fingerprint_bit_173,0.0336893120370085
2,drug_fingerprint_bit_134,0.03316752872520204
2,drug_fingerprint_bit_131,0.032506741653204
2,drug_fingerprint_bit_104,0.032243899283635545
2,drug_fingerprint_bit_82,0.031135312393439172
2,poly_num_non_aromatic_rings_sum_backbonefeaturizer,0.02996458949353766
2,drug_fingerprint_bit_7,0.02883833738526956
2,drug_fingerprint_bit_34,0.028751084710214037
2,fingerprint_H_bit_116,0.028531004222962616
2,drug_fingerprint_bit_171,0.026285407475459162
2,drug_fingerprint_bit_61,0.026279981017114706
2,drug_fingerprint_bit_238,0.024272006351480795
2,drug_fingerprint_bit_32,0.024256741405335198
2,drug_fingerprint_bit_16,0.02372839861698352
2,fingerprint_H_bit_106,0.023557649650212165
2,drug_fingerprint_bit_100,0.02339789329570286
2,fingerprint_H_bit_233,0.022898810975490687
2,drug_fingerprint_bit_30,0.022506568691039747
2,fingerprint_H_bit_61,0.021695800323083696
2,drug_fingerprint_bit_154,0.021691735086833277
2,fingerprint_H_bit_66,0.020529406867820375
2,drug_fingerprint_bit_96,0.02006726355736744
2,drug_fingerprint_bit_161,0.019875065900070488
2,fingerprint_H_bit_26,0.01976603453449339
2,fingerprint_H_bit_123,0.018519640540010797
2,drug_fingerprint_bit_252,0.018255197820232168
2,poly_heteroatom_density_sum_backbonefeaturizer,0.017732290790262256
2,drug_fingerprint_bit_179,0.017568805285074048
2,drug_fingerprint_bit_67,0.01677897904686495
2,fingerprint_H_bit_185,0.016147526335778258
2,drug_fingerprint_bit_62,0.015440367507464279
2,drug_fingerprint_bit_60,0.01501746686073248
2,fingerprint_H_bit_114,0.01472949309494079
2,drug_chlorine_count_sum_fullmolecularfeaturizer,0.014385653479704821
2,drug_fingerprint_bit_219,0.014348981794414573
2,fingerprint_H_bit_46,0.014330962326859027
2,drug_fingerprint_bit_229,0.01253322294814468
2,drug_fingerprint_bit_47,0.012467480765893444
2,drug_fingerprint_bit_103,0.010443487206133981
2,fingerprint_H_bit_65,0.010262528317589281
2,drug_fingerprint_bit_52,0.009952581994175489
2,drug_fingerprint_bit_78,0.008810499538894487
2,drug_fingerprint_bit_31,0.00782828079202529
2,drug_fingerprint_bit_113,0.006669420240648911
2,drug_fingerprint_bit_231,0.006169989432756239
2,drug_fingerprint_bit_56,0.006111991705393901
2,fingerprint_H_bit_30,0.005544231081619137
2,drug_fingerprint_bit_20,0.005418613320041098
2,drug_fingerprint_bit_152,0.004891299617657893
2,drug_fingerprint_bit_225,0.0047450484984725705
2,drug_max_estate_index_sum_fullmolecularfeaturizer,0.004121996921669908
2,drug_fingerprint_bit_101,0.0035346679293623245
2,fingerprint_H_bit_131,0.0035126948007288827
2,fingerprint_H_bit_216,0.003476155854155251
2,drug_double_bonds_sum_fullmolecularfeaturizer,0.0029123135197403538
2,drug_fingerprint_bit_149,0.002524779386738309
2,drug_fingerprint_bit_227,0.002095641339895284
2,drug_fingerprint_bit_210,0.0018931010744553073
2,poly_slogp_vsa1_sum_backbonefeaturizer,0.0012546494548149045
2,poly_num_rotatable_bonds_sum_fullpolymerfeaturizer,0.0008450890009338852
2,fingerprint_H_bit_0,0.0
2,fingerprint_H_bit_107,0.0
2,fingerprint_H_bit_99,0.0
2,drug_fingerprint_bit_54,0.0
2,drug_fingerprint_bit_190,0.0
2,fingerprint_H_bit_101,0.0
2,drug_fingerprint_bit_234,0.0
2,drug_fingerprint_bit_198,0.0
2,fingerprint_H_bit_108,0.0
2,fingerprint_H_bit_102,0.0
2,fingerprint_H_bit_103,0.0
2,fingerprint_H_bit_132,0.0
2,fingerprint_H_bit_135,0.0
2,fingerprint_H_bit_130,0.0
2,fingerprint_H_bit_104,0.0
2,fingerprint_H_bit_161,0.0
2,fingerprint_H_bit_160,0.0
2,drug_fingerprint_bit_195,0.0
2,fingerprint_H_bit_156,0.0
2,fingerprint_H_bit_105,0.0
2,fingerprint_H_bit_154,0.0
2,fingerprint_H_bit_153,0.0
2,fingerprint_H_bit_152,0.0
2,fingerprint_H_bit_150,0.0
2,fingerprint_H_bit_149,0.0
2,fingerprint_H_bit_148,0.0
2,fingerprint_H_bit_157,0.0
2,fingerprint_H_bit_136,0.0
2,fingerprint_H_bit_200,0.0
2,fingerprint_H_bit_201,0.0
2,drug_fingerprint_bit_176,0.0
2,drug_fingerprint_bit_102,0.0
2,drug_fingerprint_bit_98,0.0
2,drug_fingerprint_bit_123,0.0
2,drug_fingerprint_bit_112,0.0
2,fingerprint_H_bit_97,0.0
2,fingerprint_H_bit_111,0.0
2,fingerprint_H_bit_225,0.0
2,fingerprint_H_bit_82,0.0
2,fingerprint_H_bit_126,0.0
2,fingerprint_H_bit_124,0.0
2,fingerprint_H_bit_92,0.0
2,fingerprint_H_bit_91,0.0
2,fingerprint_H_bit_90,0.0
2,fingerprint_H_bit_88,0.0
2,fingerprint_H_bit_87,0.0
2,fingerprint_H_bit_86,0.0
2,fingerprint_H_bit_83,0.0
2,fingerprint_H_bit_129,0.0
2,drug_fingerprint_bit_51,0.0
2,fingerprint_H_bit_243,0.0
2,fingerprint_H_bit_215,0.0
2,fingerprint_H_bit_220,0.0
2,fingerprint_H_bit_221,0.0
2,drug_fingerprint_bit_68,0.0
2,fingerprint_H_bit_223,0.0
2,drug_fingerprint_bit_89,0.0
2,drug_fingerprint_bit_88,0.0
2,drug_fingerprint_bit_87,0.0
2,fingerprint_H_bit_137,0.0
2,fingerprint_H_bit_110,0.0
2,fingerprint_H_bit_109,0.0
2,fingerprint_H_bit_122,0.0
2,fingerprint_H_bit_117,0.0
2,fingerprint_H_bit_198,0.0
2,fingerprint_H_bit_115,0.0
2,fingerprint_H_bit_142,0.0
2,fingerprint_H_bit_141,0.0
2,fingerprint_H_bit_199,0.0
2,fingerprint_H_bit_140,0.0
2,fingerprint_H_bit_196,0.0
2,fingerprint_H_bit_254,0.0
2,fingerprint_H_bit_202,0.0
2,fingerprint_H_bit_203,0.0
2,fingerprint_H_bit_206,0.0
2,fingerprint_H_bit_208,0.0
2,fingerprint_H_bit_209,0.0
2,fingerprint_H_bit_210,0.0
2,fingerprint_H_bit_31,0.0
2,fingerprint_H_bit_180,0.0
2,fingerprint_H_bit_181,0.0
2,fingerprint_H_bit_184,0.0
2,fingerprint_H_bit_187,0.0
2,fingerprint_H_bit_188,0.0
2,fingerprint_H_bit_189,0.0
2,fingerprint_H_bit_93,0.0
2,fingerprint_H_bit_94,0.0
2,fingerprint_H_bit_211,0.0
2,drug_fingerprint_bit_220,0.0
2,drug_fingerprint_bit_221,0.0
2,poly_num_non_aromatic_rings_sidechainfeaturizer_sum,0.0
2,drug_fingerprint_bit_209,0.0
2,drug_fingerprint_bit_215,0.0
2,drug_fingerprint_bit_217,0.0
2,poly_fraction_bicyclic_rings_sum_fullpolymerfeaturizer,0.0
2,poly_total_halogens_sum_fullpolymerfeaturizer,0.0
2,fingerprint_H_bit_253,0.0
2,poly_chlorine_count_sum_fullpolymerfeaturizer,0.0
2,fingerprint_H_bit_244,0.0
2,fingerprint_H_bit_246,0.0
2,fingerprint_H_bit_247,0.0
2,fingerprint_H_bit_248,0.0
2,fingerprint_H_bit_249,0.0
2,fingerprint_H_bit_250,0.0
2,fingerprint_H_bit_252,0.0
2,poly_fluorine_count_sum_fullpolymerfeaturizer,0.0
2,fingerprint_H_bit_2,0.0
2,fingerprint_H_bit_3,0.0
2,fingerprint_H_bit_4,0.0
2,fingerprint_H_bit_5,0.0
2,fingerprint_H_bit_6,0.0
2,fingerprint_H_bit_8,0.0
2,drug_bromine_count_sum_fullmolecularfeaturizer,0.0
2,fingerprint_H_bit_95,0.0
2,drug_triple_bonds_sum_fullmolecularfeaturizer,0.0
2,fingerprint_H_bit_25,0.0
2,drug_fingerprint_bit_244,0.0
2,fingerprint_H_bit_29,0.0
2,fingerprint_H_bit_242,0.0
2,drug_fingerprint_bit_157,0.0
2,drug_fingerprint_bit_166,0.0
2,drug_fingerprint_bit_254,0.0
2,drug_iodine_count_sum_fullmolecularfeaturizer,0.0
2,fingerprint_H_bit_96,0.0
2,fingerprint_H_bit_71,0.0
2,fingerprint_H_bit_72,0.0
2,fingerprint_H_bit_73,0.0
2,fingerprint_H_bit_74,0.0
2,fingerprint_H_bit_76,0.0
2,fingerprint_H_bit_77,0.0
2,fingerprint_H_bit_255,0.0
2,fingerprint_H_bit_241,0.0
2,fingerprint_H_bit_229,0.0
2,fingerprint_H_bit_230,0.0
2,fingerprint_H_bit_231,0.0
2,fingerprint_H_bit_234,0.0
2,fingerprint_H_bit_235,0.0
2,fingerprint_H_bit_238,0.0
2,fingerprint_H_bit_239,0.0
2,fingerprint_H_bit_240,0.0
2,fingerprint_H_bit_228,0.0
2,poly_fluorine_count_sum_backbonefeaturizer,0.0
2,poly_chlorine_count_sum_backbonefeaturizer,0.0
2,poly_bromine_count_sum_backbonefeaturizer,0.0
2,poly_iodine_count_sum_backbonefeaturizer,0.0
2,poly_triple_bonds_sum_backbonefeaturizer,0.0
2,fingerprint_H_bit_35,0.0
2,fingerprint_H_bit_36,0.0
2,fingerprint_H_bit_195,0.0
2,fingerprint_H_bit_43,0.0
2,fingerprint_H_bit_44,0.0
2,fingerprint_H_bit_47,0.0
2,poly_bridging_rings_count_sum_backbonefeaturizer,0.0
2,fingerprint_H_bit_24,0.0
2,poly_fraction_bicyclic_rings_sum_backbonefeaturizer,0.0
2,poly_triple_bonds_sidechainfeaturizer_sum,0.0
2,poly_bridging_rings_count_sidechainfeaturizer_sum,0.0
2,fingerprint_H_bit_40,0.0
2,drug_fingerprint_bit_17,0.0
2,drug_fingerprint_bit_21,0.0
2,drug_fingerprint_bit_232,0.0
2,fingerprint_H_bit_163,0.0
2,fingerprint_H_bit_165,0.0
2,fingerprint_H_bit_166,0.0
2,fingerprint_H_bit_168,0.0
2,fingerprint_H_bit_169,0.0
2,poly_total_halogens_sum_backbonefeaturizer,0.0
2,fingerprint_H_bit_171,0.0
2,fingerprint_H_bit_172,0.0
2,fingerprint_H_bit_173,0.0
2,fingerprint_H_bit_176,0.0
2,fingerprint_H_bit_178,0.0
2,fingerprint_H_bit_179,0.0
2,fingerprint_H_bit_146,0.0
2,drug_fingerprint_bit_9,0.0
2,fingerprint_H_bit_170,0.0
2,fingerprint_H_bit_23,0.0
2,poly_fraction_bicyclic_rings_sidechainfeaturizer_sum,0.0
2,poly_num_aliphatic_heterocycles_sidechainfeaturizer_sum,0.0
2,poly_total_halogens_sidechainfeaturizer_sum,0.0
2,poly_fluorine_count_sidechainfeaturizer_sum,0.0
2,poly_chlorine_count_sidechainfeaturizer_sum,0.0
2,poly_bromine_count_sidechainfeaturizer_sum,0.0
2,fingerprint_H_bit_9,0.0
2,poly_bromine_count_sum_fullpolymerfeaturizer,0.0
2,poly_iodine_count_sum_fullpolymerfeaturizer,0.0
2,poly_triple_bonds_sum_fullpolymerfeaturizer,0.0
2,poly_bridging_rings_count_sum_fullpolymerfeaturizer,0.0
2,fingerprint_H_bit_190,0.0
2,fingerprint_H_bit_192,0.0
2,fingerprint_H_bit_193,0.0
2,fingerprint_H_bit_194,0.0
2,poly_iodine_count_sidechainfeaturizer_sum,0.0
2,fingerprint_H_bit_10,0.0
2,fingerprint_H_bit_11,0.0
2,fingerprint_H_bit_14,0.0
2,fingerprint_H_bit_15,0.0
2,fingerprint_H_bit_16,0.0
2,fingerprint_H_bit_17,0.0
2,fingerprint_H_bit_19,0.0
2,fingerprint_H_bit_20,0.0
2,fingerprint_H_bit_22,0.0
2,fingerprint_H_bit_79,0.0
2,fingerprint_H_bit_49,0.0
2,fingerprint_H_bit_50,0.0
2,fingerprint_H_bit_51,0.0
2,fingerprint_H_bit_55,0.0
2,fingerprint_H_bit_59,0.0
2,fingerprint_H_bit_60,0.0
2,fingerprint_H_bit_62,0.0
2,fingerprint_H_bit_21,0.0
2,poly_single_bonds_sum_fullpolymerfeaturizer,-0.0006438513810616395
2,drug_fingerprint_bit_92,-0.0009975179493070569
2,drug_fingerprint_bit_19,-0.0011854752335735566
2,drug_fingerprint_bit_38,-0.0018652929520852149
2,drug_fingerprint_bit_59,-0.005525342885851674
2,fingerprint_H_bit_143,-0.005656128978077843
2,drug_fingerprint_bit_72,-0.006697722828613663
2,drug_fingerprint_bit_79,-0.008004169689635568
2,poly_num_hbond_acceptors_sum_fullpolymerfeaturizer,-0.008306523468523468
2,drug_fingerprint_bit_65,-0.011206198982744744
2,fingerprint_H_bit_54,-0.012038738671925802
2,fingerprint_H_bit_222,-0.012684648027439285
2,drug_fingerprint_bit_162,-0.013252017890170205
2,drug_fingerprint_bit_223,-0.014962774305743342
2,poly_balaban_j_index_sum_fullpolymerfeaturizer,-0.015108327938933939
2,drug_fingerprint_bit_211,-0.01682656266249979
2,drug_fingerprint_bit_243,-0.019035094212738683
2,drug_max_ring_size_sum_fullmolecularfeaturizer,-0.019099147081020135
2,drug_fingerprint_bit_8,-0.022845155937267627
2,drug_fingerprint_bit_55,-0.02551848970389542
2,drug_fingerprint_bit_182,-0.029205476501127283
2,drug_fingerprint_bit_53,-0.03169899864355959
2,drug_fingerprint_bit_25,-0.031726304130857294
2,drug_fingerprint_bit_121,-0.03553411893753345
2,drug_fingerprint_bit_80,-0.035776713357837775
2,drug_fingerprint_bit_3,-0.03834019593912299
2,drug_fingerprint_bit_183,-0.03890492933122707
2,drug_fingerprint_bit_124,-0.040618838185761286
2,drug_fingerprint_bit_241,-0.048172280566243134
2,drug_fingerprint_bit_251,-0.04896647534503922
2,drug_fingerprint_bit_129,-0.05124865320694968
2,poly_topological_surface_area_sum_fullpolymerfeaturizer,-0.05654522891646506
2,drug_fingerprint_bit_158,-0.05889896061535487
2,drug_fingerprint_bit_91,-0.06408293220073315
2,drug_fingerprint_bit_192,-0.06450208118334656
2,drug_fingerprint_bit_199,-0.06625875297209792
2,charge_at_WATER_PH_H,-0.07401275708597381
2,drug_fingerprint_bit_40,-0.08023422789704715
2,fingerprint_H_bit_80,-0.0830707342817291
2,fingerprint_H_bit_218,-0.0907946891044902
2,fingerprint_H_bit_207,-0.09156554371313774
2,drug_fingerprint_bit_48,-0.09808752307657011
2,fingerprint_H_bit_7,-0.10104409196166311
2,drug_charge_at_WATER_PH,-0.1013568226329394
2,drug_num_non_aromatic_rings_sum_fullmolecularfeaturizer,-0.10229611424805536
2,drug_fingerprint_bit_207,-0.10295150290658374
2,fingerprint_H_bit_38,-0.10685925556975444
2,drug_num_hbond_donors_sum_fullmolecularfeaturizer,-0.10696701121439701
2,drug_fingerprint_bit_228,-0.1173809985725244
2,drug_fingerprint_bit_216,-0.11951433855321288
2,drug_fingerprint_bit_86,-0.12010438730733528
2,drug_fingerprint_bit_143,-0.12014453940337667
2,drug_fingerprint_bit_230,-0.12203508968564622
2,fingerprint_H_bit_39,-0.12601512924658392
2,drug_fingerprint_bit_168,-0.15224036065406635
2,drug_fingerprint_bit_174,-0.15539529159462026
2,drug_fingerprint_bit_239,-0.15570799962191337
2,drug_fingerprint_bit_66,-0.16041992960683846
2,drug_molecular_weight_sum_fullmolecularfeaturizer,-0.18191485153455075
2,drug_fingerprint_bit_138,-0.19154102420641803
2,drug_num_atoms_sum_fullmolecularfeaturizer,-0.20953966226766454
2,fingerprint_H_bit_175,-0.2341095924033975
2,fingerprint_H_bit_125,-0.24972059726454754
2,drug_fingerprint_bit_111,-0.2607622141812845
2,poly_double_bonds_sum_fullpolymerfeaturizer,-0.2659395574603531
2,drug_fingerprint_bit_64,-0.2720946556614957
2,drug_fingerprint_bit_163,-0.29507002938999893
2,drug_num_aliphatic_heterocycles_sum_fullmolecularfeaturizer,-0.31895833359004594
2,drug_fingerprint_bit_23,-0.34056274457414004
2,poly_heteroatom_count_sum_fullpolymerfeaturizer,-0.36304231588014224
2,WATER_PH,-0.36714275248563844
2,poly_num_atoms_sum_fullpolymerfeaturizer,-0.39811480972752705
2,drug_fingerprint_bit_186,-0.42890843614261115
2,drug_fingerprint_bit_214,-0.44242418062212263
2,poly_max_estate_index_sum_fullpolymerfeaturizer,-0.4846537442712912
2,drug_fingerprint_bit_147,-0.4987636109217753
2,drug_fingerprint_bit_175,-0.5361049181622705
2,drug_fingerprint_bit_107,-0.5460381188715447
2,drug_fingerprint_bit_188,-0.5652698332098193
2,fingerprint_H_bit_138,-0.5707485615862378
2,drug_fingerprint_bit_233,-0.5840143849175916
2,poly_num_rings_sum_fullpolymerfeaturizer,-0.6304398514380866
2,poly_molecular_weight_sum_fullpolymerfeaturizer,-0.64243702968431
2,drug_fingerprint_bit_249,-0.8139182761098241
2,drug_fingerprint_bit_200,-0.8194547862038044
2,drug_fingerprint_bit_133,-0.9618584123501591
2,drug_fingerprint_bit_11,-1.1902052574592048
2,fingerprint_H_bit_144,-1.407441666406324
2,drug_fingerprint_bit_141,-1.7433554319015105
2,CONCENTRATION,-2.0684352527735683
2,poly_num_aliphatic_heterocycles_sum_backbonefeaturizer,-2.406386126516297
2,fingerprint_H_bit_158,-3.218887304649456
2,fingerprint_H_bit_191,-4.378941290105201
2,poly_num_aliphatic_heterocycles_sum_fullpolymerfeaturizer,-4.567447003011784
2,fingerprint_H_bit_127,-6.368544682833722
2,fingerprint_H_bit_75,-7.1100489263958115
3,fingerprint_H_bit_177,9.12102585034418
3,fingerprint_H_bit_201,5.980697785818408
3,fingerprint_H_bit_48,2.3123031460937544
3,poly_num_hbond_acceptors_sum_backbonefeaturizer,2.2862059593197857
3,poly_balaban_j_index_sum_backbonefeaturizer,2.2290098340693767
3,poly_max_estate_index_sidechainfeaturizer_sum,1.7766148578610224
3,lumo_eV_H,1.6607161971600903
3,fingerprint_H_bit_68,1.5751526630827715
3,fingerprint_H_bit_118,1.5695665145369853
3,fingerprint_H_bit_182,1.535491374675961
3,fingerprint_H_bit_155,1.5175870996432086
3,fingerprint_H_bit_128,1.4024445350358612
3,poly_balaban_j_index_sidechainfeaturizer_sum,1.2741680307225505
3,fingerprint_H_bit_237,1.228434176192071
3,poly_fp_density_morgan1_sidechainfeaturizer_sum,1.1913213843008104
3,fingerprint_H_bit_236,1.0056097552900556
3,poly_heteroatom_count_sum_backbonefeaturizer,0.9994880285347947
3,poly_num_hbond_donors_sum_backbonefeaturizer,0.946949764020385
3,fingerprint_H_bit_33,0.8657585586411941
3,fingerprint_H_bit_133,0.8533316390994408
3,fingerprint_H_bit_213,0.827583125243768
3,poly_num_rotatable_bonds_sum_backbonefeaturizer,0.7919023282038735
3,fingerprint_H_bit_222,0.7914378359407025
3,drug_fingerprint_bit_206,0.7622154370881259
3,poly_topological_surface_area_sum_backbonefeaturizer,0.7616592521513293
3,fingerprint_H_bit_41,0.7587826496497276
3,fingerprint_H_bit_80,0.7129209526557831
3,poly_num_atoms_sum_backbonefeaturizer,0.6855166463070025
3,poly_heteroatom_count_sidechainfeaturizer_sum,0.6759096760366325
3,fingerprint_H_bit_28,0.6522715150202935
3,poly_heteroatom_density_sidechainfeaturizer_sum,0.6521197465399043
3,poly_num_aromatic_rings_sidechainfeaturizer_sum,0.6458864991099197
3,poly_sp2_carbon_count_sidechainfeaturizer_sum,0.6267878712576952
3,poly_sp3_carbon_count_sum_backbonefeaturizer,0.5825619102220407
3,fingerprint_H_bit_204,0.5782140825669649
3,fingerprint_H_bit_85,0.5649340890896106
3,poly_max_ring_size_sidechainfeaturizer_sum,0.5649162475170942
3,drug_sp2_carbon_count_sum_fullmolecularfeaturizer,0.5583776139712557
3,poly_num_atoms_sidechainfeaturizer_sum,0.5572328821617553
3,fingerprint_H_bit_151,0.5555382484751851
3,fingerprint_H_bit_139,0.5508935373131633
3,drug_homo_eV,0.5305022974733368
3,fingerprint_H_bit_167,0.518363300113739
3,poly_molecular_weight_sum_backbonefeaturizer,0.517243417718595
3,poly_single_bonds_sum_fullpolymerfeaturizer,0.5165346262159293
3,drug_topological_surface_area_sum_fullmolecularfeaturizer,0.5157771951472319
3,poly_smr_vsa5_sum_backbonefeaturizer,0.49952433070564484
3,poly_sp2_carbon_count_sum_backbonefeaturizer,0.4937498340039141
3,fingerprint_H_bit_232,0.49001636617082295
3,fingerprint_H_bit_217,0.47647459669108694
3,drug_fingerprint_bit_22,0.474163126949284
3,drug_fingerprint_bit_63,0.4648002483388343
3,fingerprint_H_bit_183,0.45278924954359207
3,poly_topological_surface_area_sidechainfeaturizer_sum,0.44688245383610253
3,drug_fingerprint_bit_178,0.43743344490109565
3,fingerprint_H_bit_58,0.4310451506111768
3,poly_num_rings_sum_fullpolymerfeaturizer,0.43037559268126574
3,drug_fingerprint_bit_201,0.42710756514241155
3,drug_total_halogens_sum_fullmolecularfeaturizer,0.42450418558675634
3,fingerprint_H_bit_69,0.4108709627520457
3,fingerprint_H_bit_78,0.4070755123303794
3,drug_fingerprint_bit_128,0.4055655435508565
3,drug_fingerprint_bit_177,0.39616663967322685
3,poly_molecular_weight_sidechainfeaturizer_sum,0.39235071983909997
3,drug_num_rings_sum_fullmolecularfeaturizer,0.376497908480372
3,fingerprint_H_bit_113,0.37462498645434794
3,fingerprint_H_bit_197,0.3719311312148796
3,drug_fingerprint_bit_147,0.3663019449592805
3,fingerprint_H_bit_45,0.3600740044725582
3,drug_fingerprint_bit_160,0.3588227825806504
3,fingerprint_H_bit_245,0.3534330437781102
3,drug_num_aromatic_rings_sum_fullmolecularfeaturizer,0.34089797305040065
3,fingerprint_H_bit_84,0.3189834551942635
3,drug_fingerprint_bit_155,0.31505514200344464
3,drug_fingerprint_bit_6,0.31101279668107723
3,fingerprint_H_bit_119,0.30887642508044405
3,logp_H,0.30691001935282464
3,drug_fingerprint_bit_45,0.30477296766964646
3,drug_heteroatom_count_sum_fullmolecularfeaturizer,0.30229801831978614
3,drug_fingerprint_bit_159,0.2997484908604463
3,poly_num_rotatable_bonds_sum_fullpolymerfeaturizer,0.2989117352545391
3,poly_slogp_vsa1_sum_fullpolymerfeaturizer,0.29104769157784915
3,fingerprint_H_bit_53,0.2898395391148242
3,poly_fp_density_morgan1_sum_backbonefeaturizer,0.28599779328209385
3,drug_fingerprint_bit_110,0.27585891501696524
3,fingerprint_H_bit_123,0.2740881094995416
3,drug_fingerprint_bit_167,0.2723157131479141
3,drug_fingerprint_bit_33,0.26982531640963353
3,poly_single_bonds_sum_backbonefeaturizer,0.2694703605576216
3,drug_bridging_rings_count_sum_fullmolecularfeaturizer,0.2646679077265702
3,drug_logp,0.26021091309382754
3,drug_fingerprint_bit_39,0.26011141988780434
3,drug_fingerprint_bit_253,0.25004762189164653
3,poly_smr_vsa5_sidechainfeaturizer_sum,0.24389822780483095
3,drug_fingerprint_bit_189,0.24077993296623887
3,drug_fingerprint_bit_42,0.2320816860332902
3,drug_fingerprint_bit_164,0.23073070112059021
3,drug_fingerprint_bit_18,0.2259377615974055
3,drug_fingerprint_bit_203,0.22453363038668325
3,drug_balaban_j_index_sum_fullmolecularfeaturizer,0.2232287394014813
3,drug_fingerprint_bit_185,0.22167716301640736
3,drug_fingerprint_bit_180,0.21857742389782994
3,drug_fingerprint_bit_93,0.21392585901657185
3,fingerprint_H_bit_13,0.2105237449917712
3,drug_fingerprint_bit_142,0.20853085533385096
3,drug_fingerprint_bit_15,0.19591572385317502
3,fingerprint_H_bit_159,0.1951230988611455
3,drug_fingerprint_bit_36,0.19162995739633953
3,drug_fingerprint_bit_139,0.19113379081004367
3,poly_num_rotatable_bonds_sidechainfeaturizer_sum,0.1890760474643598
3,poly_num_hbond_donors_sidechainfeaturizer_sum,0.18213317204137308
3,fingerprint_H_bit_37,0.17177588612754952
3,poly_double_bonds_sidechainfeaturizer_sum,0.17014196053783248
3,poly_num_aromatic_rings_sum_fullpolymerfeaturizer,0.16629752280870205
3,drug_fingerprint_bit_240,0.16594420396799472
3,poly_num_hbond_acceptors_sidechainfeaturizer_sum,0.16585199503545825
3,drug_fingerprint_bit_136,0.164776267516935
3,drug_fingerprint_bit_83,0.16381961208089524
3,drug_fingerprint_bit_197,0.15931957288081358
3,drug_fingerprint_bit_0,0.15923152761104079
3,drug_fingerprint_bit_150,0.1589042531363709
3,drug_fingerprint_bit_237,0.15887008805377487
3,drug_fingerprint_bit_218,0.156511417564233
3,drug_fingerprint_bit_26,0.1560308944464759
3,fingerprint_H_bit_67,0.15460209429665075
3,drug_fraction_bicyclic_rings_sum_fullmolecularfeaturizer,0.14216272821018194
3,drug_num_hbond_acceptors_sum_fullmolecularfeaturizer,0.141379895510299
3,drug_fingerprint_bit_212,0.1404291584152805
3,poly_num_aromatic_rings_sum_backbonefeaturizer,0.13988802354264546
3,drug_fingerprint_bit_247,0.1395913918162416
3,drug_fingerprint_bit_4,0.13901519997505657
3,poly_single_bonds_sidechainfeaturizer_sum,0.13618782959156603
3,drug_fingerprint_bit_116,0.13508322086839114
3,drug_fingerprint_bit_94,0.13367970029577686
3,drug_heteroatom_density_sum_fullmolecularfeaturizer,0.13279123300366977
3,poly_sp3_carbon_count_sidechainfeaturizer_sum,0.13005778565995288
3,drug_fingerprint_bit_44,0.12802428967910695
3,fingerprint_H_bit_89,0.1270466744388808
3,poly_num_atoms_sum_fullpolymerfeaturizer,0.12550424196386326
3,drug_fingerprint_bit_35,0.123539754965614
3,drug_fingerprint_bit_5,0.1221291831775552
3,poly_max_estate_index_sum_backbonefeaturizer,0.12126564178646042
3,drug_fingerprint_bit_140,0.12114562577406914
3,drug_fingerprint_bit_151,0.12107798260155297
3,drug_fingerprint_bit_120,0.12069531810109492
3,poly_slogp_vsa1_sum_backbonefeaturizer,0.11883283061142617
3,poly_sp2_carbon_count_sum_fullpolymerfeaturizer,0.11734581884595834
3,drug_fingerprint_bit_165,0.11685798849579777
3,drug_fingerprint_bit_69,0.11656076195545594
3,drug_fingerprint_bit_246,0.11448894282373744
3,drug_logd_at_WATER_PH,0.11394031723902644
3,drug_fingerprint_bit_118,0.11331548529447584
3,poly_num_rings_sidechainfeaturizer_sum,0.11323106274552715
3,drug_fingerprint_bit_137,0.11200494135516821
3,fingerprint_H_bit_251,0.11082082418913909
3,drug_fingerprint_bit_226,0.10543809303138492
3,drug_fingerprint_bit_119,0.10335629510554083
3,poly_num_rings_sum_backbonefeaturizer,0.10295766424683683
3,poly_molecular_weight_sum_fullpolymerfeaturizer,0.10181510452855132
3,fingerprint_H_bit_52,0.10087418912593306
3,drug_fingerprint_bit_236,0.1003983398974534
3,drug_fingerprint_bit_126,0.09880334071061923
3,drug_fingerprint_bit_71,0.09756463758086333
3,drug_fingerprint_bit_173,0.09401562154522917
3,drug_fingerprint_bit_74,0.09280794952825876
3,drug_fingerprint_bit_81,0.09161937127686708
3,drug_fingerprint_bit_50,0.08744100737445912
3,drug_fingerprint_bit_99,0.0857802326859972
3,drug_fingerprint_bit_92,0.08425141336954042
3,drug_slogp_vsa1_sum_fullmolecularfeaturizer,0.08375716812843371
3,drug_single_bonds_sum_fullmolecularfeaturizer,0.08249248690493853
3,drug_fingerprint_bit_7,0.08145957081694465
3,drug_fingerprint_bit_105,0.08066782427646654
3,drug_fingerprint_bit_108,0.08012374215142495
3,drug_fingerprint_bit_24,0.07723358848351279
3,drug_fingerprint_bit_145,0.07626029076356296
3,drug_fingerprint_bit_75,0.07536621803332118
3,drug_fingerprint_bit_170,0.07224509433582647
3,drug_fingerprint_bit_28,0.07146187542669488
3,drug_fingerprint_bit_72,0.0710050217572462
3,drug_fingerprint_bit_49,0.07013948118937227
3,fingerprint_H_bit_226,0.07004513759825597
3,drug_fingerprint_bit_46,0.06947662820419534
3,drug_max_estate_index_sum_fullmolecularfeaturizer,0.0693810131027106
3,drug_fingerprint_bit_242,0.06853622248300546
3,drug_fingerprint_bit_13,0.06845929549126141
3,drug_fingerprint_bit_106,0.06755174569738491
3,fingerprint_H_bit_219,0.0668604505011778
3,drug_fingerprint_bit_208,0.06616381549475595
3,drug_fingerprint_bit_193,0.0634708679046805
3,fingerprint_H_bit_66,0.06343209369281823
3,drug_fluorine_count_sum_fullmolecularfeaturizer,0.062303799110757174
3,drug_fingerprint_bit_67,0.06185725852654954
3,drug_fingerprint_bit_125,0.05978983655104548
3,drug_fingerprint_bit_43,0.05813119391423639
3,drug_fingerprint_bit_77,0.05747611859756428
3,fingerprint_H_bit_18,0.05670470872541263
3,drug_fingerprint_bit_152,0.05640968980722436
3,drug_fingerprint_bit_154,0.055234076371510774
3,drug_fingerprint_bit_146,0.05367147160468015
3,drug_fingerprint_bit_114,0.053392107056668824
3,drug_fingerprint_bit_109,0.05260012923501723
3,drug_fingerprint_bit_202,0.051137172696144116
3,drug_fingerprint_bit_194,0.05049886237922247
3,fingerprint_H_bit_106,0.04824317886874165
3,drug_fingerprint_bit_100,0.046848191293012466
3,drug_fingerprint_bit_103,0.04568884568110897
3,drug_fingerprint_bit_187,0.045634349796569794
3,fingerprint_H_bit_34,0.044830763115095915
3,drug_fingerprint_bit_80,0.044087071573652624
3,fingerprint_H_bit_56,0.04318303741234623
3,drug_fingerprint_bit_224,0.04283015563818382
3,drug_fingerprint_bit_205,0.03946852985312182
3,drug_fingerprint_bit_219,0.03872937325801976
3,fingerprint_H_bit_61,0.03767333218575406
3,drug_fingerprint_bit_41,0.036941268031916316
3,fingerprint_H_bit_143,0.03676466147878638
3,drug_fingerprint_bit_34,0.03673097407282135
3,drug_fingerprint_bit_37,0.036726810027073245
3,drug_fingerprint_bit_245,0.03632424931534264
3,drug_fingerprint_bit_196,0.035954478609507026
3,drug_fingerprint_bit_156,0.0351678170302727
3,drug_fingerprint_bit_130,0.034850209194498605
3,poly_slogp_vsa1_sidechainfeaturizer_sum,0.03478123552490691
3,drug_fingerprint_bit_222,0.034385243007709496
3,drug_fingerprint_bit_204,0.034087265055949584
3,drug_fingerprint_bit_122,0.03355876134956639
3,drug_fingerprint_bit_171,0.03214645452959128
3,fingerprint_H_bit_65,0.031826793476325145
3,drug_fingerprint_bit_117,0.031586543631577445
3,poly_double_bonds_sum_fullpolymerfeaturizer,0.031575450466613246
3,drug_chlorine_count_sum_fullmolecularfeaturizer,0.0315361259852087
3,fingerprint_H_bit_205,0.03135663468607257
3,drug_fingerprint_bit_199,0.031161757175538825
3,fingerprint_H_bit_116,0.030367779303532936
3,poly_num_non_aromatic_rings_sum_fullpolymerfeaturizer,0.02999082501699115
3,drug_fingerprint_bit_70,0.029256122849367315
3,fingerprint_H_bit_227,0.02914687973978685
3,drug_fingerprint_bit_183,0.027693719605534683
3,fingerprint_H_bit_30,0.027359052759418818
3,drug_fingerprint_bit_1,0.02733754607820754
3,drug_fingerprint_bit_144,0.026842943994176714
3,drug_fingerprint_bit_90,0.026762694646626728
3,fingerprint_H_bit_70,0.02630598888975278
3,fingerprint_H_bit_54,0.025714222132458275
3,drug_fingerprint_bit_235,0.025661259051392875
3,drug_fingerprint_bit_60,0.025254519989907454
3,drug_fingerprint_bit_57,0.0251647960051631
3,drug_fingerprint_bit_223,0.024576795751408788
3,drug_fingerprint_bit_127,0.024566656234953986
3,fingerprint_H_bit_57,0.024509237972215738
3,drug_fingerprint_bit_27,0.024088417797690546
3,drug_fp_density_morgan1_sum_fullmolecularfeaturizer,0.02350803770966691
3,drug_fingerprint_bit_61,0.022394965049978826
3,drug_fingerprint_bit_181,0.021923706925971724
3,logd_at_WATER_PH_H,0.02085155839424892
3,drug_fingerprint_bit_76,0.02050675792745409
3,fingerprint_H_bit_164,0.02048287096163388
3,drug_fingerprint_bit_191,0.019890527052298036
3,poly_max_ring_size_sum_backbonefeaturizer,0.019608227565390466
3,fingerprint_H_bit_131,0.01960639684114323
3,drug_fingerprint_bit_172,0.01959626941959685
3,poly_num_non_aromatic_rings_sum_backbonefeaturizer,0.018842832872987936
3,poly_num_aliphatic_heterocycles_sum_fullpolymerfeaturizer,0.018415041966045487
3,fingerprint_H_bit_216,0.017777310487002346
3,drug_fingerprint_bit_250,0.017752863555991177
3,drug_fingerprint_bit_227,0.017185863223192693
3,drug_fingerprint_bit_19,0.01651163372735664
3,drug_fingerprint_bit_97,0.016261598204164892
3,drug_fingerprint_bit_52,0.015909830024284703
3,fingerprint_H_bit_174,0.015643032665664882
3,fingerprint_H_bit_46,0.015546016420640395
3,drug_fingerprint_bit_134,0.015318549246788922
3,drug_fingerprint_bit_2,0.015077080066485038
3,fingerprint_H_bit_162,0.013832050107623253
3,drug_fingerprint_bit_20,0.013664972310986526
3,drug_fingerprint_bit_16,0.013366973767017315
3,fingerprint_H_bit_185,0.013334827798020425
3,fingerprint_H_bit_114,0.012488905155049074
3,drug_fingerprint_bit_248,0.012246753615232722
3,drug_fingerprint_bit_14,0.01185571096661353
3,drug_double_bonds_sum_fullmolecularfeaturizer,0.01059844198701365
3,poly_num_aliphatic_heterocycles_sum_backbonefeaturizer,0.009703172606294903
3,drug_fingerprint_bit_182,0.009653324637610428
3,drug_fingerprint_bit_56,0.009637548431493698
3,drug_fingerprint_bit_62,0.009568204204065085
3,fingerprint_H_bit_98,0.009316970036365916
3,fingerprint_H_bit_212,0.008980141692995169
3,drug_fingerprint_bit_153,0.008844874452834167
3,drug_fingerprint_bit_31,0.008531152906001191
3,poly_double_bonds_sum_backbonefeaturizer,0.008359124787865673
3,fingerprint_H_bit_158,0.008098826446754677
3,drug_fingerprint_bit_211,0.007791910253996365
3,drug_fingerprint_bit_231,0.007671543061266471
3,fingerprint_H_bit_233,0.0075900905678067
3,fingerprint_H_bit_224,0.006459849088998508
3,drug_fingerprint_bit_104,0.006263981686456822
3,drug_fingerprint_bit_135,0.005746515065804933
3,drug_fingerprint_bit_10,0.005716319019076286
3,drug_fingerprint_bit_47,0.005515130815420706
3,drug_fingerprint_bit_64,0.005463806074549826
3,drug_fingerprint_bit_255,0.0054041728935546535
3,drug_fingerprint_bit_169,0.004390939452847373
3,fingerprint_H_bit_26,0.004022117258317435
3,drug_fingerprint_bit_78,0.003751372433474183
3,fingerprint_H_bit_144,0.0036825879861602548
3,drug_fingerprint_bit_96,0.0035791368283766773
3,drug_fingerprint_bit_58,0.0023284378175512732
3,drug_fingerprint_bit_162,0.0012439178294270342
3,drug_fingerprint_bit_161,0.0012389740999286703
3,drug_fingerprint_bit_184,0.0008330520263270177
3,drug_fingerprint_bit_192,0.000635021453566874
3,fingerprint_H_bit_112,4.5192573975900985e-05
3,fingerprint_H_bit_210,1.8327767874788085e-11
3,fingerprint_H_bit_25,0.0
3,fingerprint_H_bit_189,0.0
3,fingerprint_H_bit_190,0.0
3,drug_fingerprint_bit_254,0.0
3,fingerprint_H_bit_16,0.0
3,fingerprint_H_bit_211,0.0
3,fingerprint_H_bit_3,0.0
3,fingerprint_H_bit_2,0.0
3,fingerprint_H_bit_0,0.0
3,fingerprint_H_bit_17,0.0
3,drug_fingerprint_bit_157,0.0
3,poly_triple_bonds_sum_fullpolymerfeaturizer,0.0
3,drug_fingerprint_bit_176,0.0
3,fingerprint_H_bit_4,0.0
3,fingerprint_H_bit_5,0.0
3,fingerprint_H_bit_15,0.0
3,fingerprint_H_bit_14,0.0
3,fingerprint_H_bit_12,0.0
3,fingerprint_H_bit_11,0.0
3,fingerprint_H_bit_191,0.0
3,fingerprint_H_bit_192,0.0
3,drug_fingerprint_bit_220,0.0
3,drug_fingerprint_bit_221,0.0
3,fingerprint_H_bit_141,0.0
3,fingerprint_H_bit_142,0.0
3,poly_bridging_rings_count_sidechainfeaturizer_sum,0.0
3,poly_bromine_count_sum_backbonefeaturizer,0.0
3,poly_chlorine_count_sum_backbonefeaturizer,0.0
3,fingerprint_H_bit_140,0.0
3,poly_total_halogens_sum_backbonefeaturizer,0.0
3,poly_fraction_bicyclic_rings_sum_backbonefeaturizer,0.0
3,poly_fluorine_count_sum_fullpolymerfeaturizer,0.0
3,poly_total_halogens_sum_fullpolymerfeaturizer,0.0
3,fingerprint_H_bit_184,0.0
3,fingerprint_H_bit_165,0.0
3,fingerprint_H_bit_242,0.0
3,poly_fluorine_count_sum_backbonefeaturizer,0.0
3,fingerprint_H_bit_132,0.0
3,fingerprint_H_bit_130,0.0
3,fingerprint_H_bit_129,0.0
3,fingerprint_H_bit_127,0.0
3,fingerprint_H_bit_126,0.0
3,fingerprint_H_bit_124,0.0
3,poly_iodine_count_sidechainfeaturizer_sum,0.0
3,poly_bromine_count_sidechainfeaturizer_sum,0.0
3,poly_chlorine_count_sidechainfeaturizer_sum,0.0
3,poly_fluorine_count_sidechainfeaturizer_sum,0.0
3,poly_total_halogens_sidechainfeaturizer_sum,0.0
3,fingerprint_H_bit_170,0.0
3,fingerprint_H_bit_169,0.0
3,fingerprint_H_bit_168,0.0
3,fingerprint_H_bit_166,0.0
3,fingerprint_H_bit_241,0.0
3,poly_iodine_count_sum_backbonefeaturizer,0.0
3,drug_fingerprint_bit_17,0.0
3,fingerprint_H_bit_154,0.0
3,drug_fingerprint_bit_9,0.0
3,fingerprint_H_bit_152,0.0
3,fingerprint_H_bit_150,0.0
3,fingerprint_H_bit_149,0.0
3,fingerprint_H_bit_153,0.0
3,fingerprint_H_bit_148,0.0
3,fingerprint_H_bit_146,0.0
3,fingerprint_H_bit_136,0.0
3,fingerprint_H_bit_135,0.0
3,fingerprint_H_bit_117,0.0
3,fingerprint_H_bit_115,0.0
3,fingerprint_H_bit_111,0.0
3,fingerprint_H_bit_110,0.0
3,fingerprint_H_bit_109,0.0
3,fingerprint_H_bit_108,0.0
3,fingerprint_H_bit_107,0.0
3,drug_fingerprint_bit_21,0.0
3,poly_bridging_rings_count_sum_backbonefeaturizer,0.0
3,poly_triple_bonds_sum_backbonefeaturizer,0.0
3,fingerprint_H_bit_44,0.0
3,fingerprint_H_bit_239,0.0
3,fingerprint_H_bit_238,0.0
3,fingerprint_H_bit_181,0.0
3,fingerprint_H_bit_180,0.0
3,fingerprint_H_bit_179,0.0
3,fingerprint_H_bit_178,0.0
3,fingerprint_H_bit_176,0.0
3,fingerprint_H_bit_24,0.0
3,drug_fingerprint_bit_244,0.0
3,drug_fingerprint_bit_234,0.0
3,poly_num_non_aromatic_rings_sidechainfeaturizer_sum,0.0
3,poly_fraction_bicyclic_rings_sidechainfeaturizer_sum,0.0
3,poly_num_aliphatic_heterocycles_sidechainfeaturizer_sum,0.0
3,fingerprint_H_bit_156,0.0
3,fingerprint_H_bit_157,0.0
3,fingerprint_H_bit_160,0.0
3,fingerprint_H_bit_161,0.0
3,fingerprint_H_bit_163,0.0
3,drug_fingerprint_bit_190,0.0
3,drug_fingerprint_bit_166,0.0
3,fingerprint_H_bit_122,0.0
3,drug_fingerprint_bit_217,0.0
3,poly_bridging_rings_count_sum_fullpolymerfeaturizer,0.0
3,drug_fingerprint_bit_51,0.0
3,fingerprint_H_bit_240,0.0
3,fingerprint_H_bit_200,0.0
3,fingerprint_H_bit_199,0.0
3,fingerprint_H_bit_254,0.0
3,fingerprint_H_bit_255,0.0
3,fingerprint_H_bit_252,0.0
3,fingerprint_H_bit_250,0.0
3,fingerprint_H_bit_249,0.0
3,fingerprint_H_bit_253,0.0
3,fingerprint_H_bit_248,0.0
3,fingerprint_H_bit_51,0.0
3,fingerprint_H_bit_50,0.0
3,fingerprint_H_bit_49,0.0
3,fingerprint_H_bit_47,0.0
3,drug_fingerprint_bit_215,0.0
3,fingerprint_H_bit_43,0.0
3,drug_fingerprint_bit_232,0.0
3,fingerprint_H_bit_93,0.0
3,fingerprint_H_bit_94,0.0
3,fingerprint_H_bit_95,0.0
3,fingerprint_H_bit_40,0.0
3,drug_fingerprint_bit_68,0.0
3,fingerprint_H_bit_173,0.0
3,fingerprint_H_bit_172,0.0
3,fingerprint_H_bit_92,0.0
3,fingerprint_H_bit_171,0.0
3,fingerprint_H_bit_221,0.0
3,fingerprint_H_bit_202,0.0
3,fingerprint_H_bit_220,0.0
3,drug_fingerprint_bit_87,0.0
3,fingerprint_H_bit_36,0.0
3,fingerprint_H_bit_35,0.0
3,drug_fingerprint_bit_209,0.0
3,drug_fingerprint_bit_54,0.0
3,fingerprint_H_bit_105,0.0
3,fingerprint_H_bit_103,0.0
3,fingerprint_H_bit_104,0.0
3,fingerprint_H_bit_101,0.0
3,fingerprint_H_bit_99,0.0
3,fingerprint_H_bit_97,0.0
3,fingerprint_H_bit_102,0.0
3,fingerprint_H_bit_96,0.0
3,fingerprint_H_bit_231,0.0
3,fingerprint_H_bit_229,0.0
3,fingerprint_H_bit_230,0.0
3,fingerprint_H_bit_228,0.0
3,drug_fingerprint_bit_198,0.0
3,fingerprint_H_bit_137,0.0
3,poly_fraction_bicyclic_rings_sum_fullpolymerfeaturizer,0.0
3,fingerprint_H_bit_83,0.0
3,drug_fingerprint_bit_195,0.0
3,fingerprint_H_bit_77,0.0
3,fingerprint_H_bit_82,0.0
3,fingerprint_H_bit_76,0.0
3,fingerprint_H_bit_91,0.0
3,drug_fingerprint_bit_89,0.0
3,fingerprint_H_bit_79,0.0
3,drug_fingerprint_bit_123,0.0
3,fingerprint_H_bit_31,0.0
3,fingerprint_H_bit_29,0.0
3,fingerprint_H_bit_247,0.0
3,fingerprint_H_bit_246,0.0
3,fingerprint_H_bit_244,0.0
3,fingerprint_H_bit_243,0.0
3,drug_fingerprint_bit_88,0.0
3,fingerprint_H_bit_187,0.0
3,fingerprint_H_bit_215,0.0
3,fingerprint_H_bit_235,0.0
3,fingerprint_H_bit_234,0.0
3,fingerprint_H_bit_193,0.0
3,fingerprint_H_bit_74,0.0
3,fingerprint_H_bit_73,0.0
3,fingerprint_H_bit_72,0.0
3,fingerprint_H_bit_225,0.0
3,fingerprint_H_bit_223,0.0
3,fingerprint_H_bit_203,0.0
3,drug_triple_bonds_sum_fullmolecularfeaturizer,0.0
3,drug_iodine_count_sum_fullmolecularfeaturizer,0.0
3,drug_bromine_count_sum_fullmolecularfeaturizer,0.0
3,fingerprint_H_bit_198,0.0
3,fingerprint_H_bit_188,0.0
3,fingerprint_H_bit_196,0.0
3,fingerprint_H_bit_195,0.0
3,poly_triple_bonds_sidechainfeaturizer_sum,0.0
3,fingerprint_H_bit_194,0.0
3,fingerprint_H_bit_55,0.0
3,drug_fingerprint_bit_112,0.0
3,fingerprint_H_bit_90,0.0
3,fingerprint_H_bit_71,0.0
3,fingerprint_H_bit_87,0.0
3,fingerprint_H_bit_86,0.0
3,fingerprint_H_bit_62,0.0
3,fingerprint_H_bit_60,0.0
3,fingerprint_H_bit_59,0.0
3,fingerprint_H_bit_75,0.0
3,drug_fingerprint_bit_102,0.0
3,fingerprint_H_bit_88,0.0
3,drug_fingerprint_bit_98,0.0
3,fingerprint_H_bit_6,0.0
3,poly_bromine_count_sum_fullpolymerfeaturizer,0.0
3,poly_iodine_count_sum_fullpolymerfeaturizer,0.0
3,poly_chlorine_count_sum_fullpolymerfeaturizer,0.0
3,fingerprint_H_bit_209,0.0
3,fingerprint_H_bit_208,0.0
3,fingerprint_H_bit_206,0.0
3,fingerprint_H_bit_23,0.0
3,fingerprint_H_bit_22,0.0
3,fingerprint_H_bit_21,0.0
3,fingerprint_H_bit_20,0.0
3,fingerprint_H_bit_19,0.0
3,fingerprint_H_bit_10,0.0
3,fingerprint_H_bit_9,0.0
3,fingerprint_H_bit_8,0.0
3,drug_fingerprint_bit_65,-0.0005770378737475272
3,drug_lumo_eV,-0.0007518649125792096
3,drug_fingerprint_bit_32,-0.001223113842803119
3,poly_num_hbond_acceptors_sum_fullpolymerfeaturizer,-0.0014090720993378467
3,fingerprint_H_bit_175,-0.0015141717770388982
3,poly_topological_surface_area_sum_fullpolymerfeaturizer,-0.0019675963375300845
3,fingerprint_H_bit_134,-0.002025248259264883
3,drug_fingerprint_bit_82,-0.0024308027986966185
3,drug_fingerprint_bit_8,-0.0027916791411387995
3,drug_fingerprint_bit_207,-0.0033301695406195183
3,drug_fingerprint_bit_3,-0.00533201356834319
3,drug_fingerprint_bit_79,-0.005560845825337867
3,fingerprint_H_bit_121,-0.005600531852726132
3,drug_fingerprint_bit_113,-0.006489427412645942
3,drug_fingerprint_bit_115,-0.008253445854116448
3,drug_fingerprint_bit_59,-0.00828516090281617
3,drug_fingerprint_bit_143,-0.009218364165322132
3,drug_num_rotatable_bonds_sum_fullmolecularfeaturizer,-0.01066211968446861
3,drug_fingerprint_bit_213,-0.012071298420528977
3,drug_fingerprint_bit_101,-0.013307301894435223
3,drug_fingerprint_bit_229,-0.014384600059535032
3,charge_at_WATER_PH_H,-0.014709201967187316
3,drug_fingerprint_bit_238,-0.016021628506725664
3,drug_fingerprint_bit_132,-0.017124035891526675
3,fingerprint_H_bit_64,-0.021439161431793724
3,drug_fingerprint_bit_243,-0.02182573856268802
3,drug_fingerprint_bit_95,-0.022046675105498716
3,drug_fingerprint_bit_12,-0.02214501068076958
3,drug_fingerprint_bit_30,-0.022988307734293945
3,drug_fingerprint_bit_179,-0.02321149938036874
3,drug_num_atoms_sum_fullmolecularfeaturizer,-0.02350955782646295
3,drug_fingerprint_bit_85,-0.0259477293386959
3,drug_fingerprint_bit_225,-0.026780986217855414
3,drug_fingerprint_bit_121,-0.028572999313370314
3,poly_max_estate_index_sum_fullpolymerfeaturizer,-0.028836456194937528
3,drug_fingerprint_bit_124,-0.02954791373015761
3,drug_fingerprint_bit_53,-0.03127799140813625
3,drug_fingerprint_bit_23,-0.03713460891065366
3,drug_fingerprint_bit_149,-0.03774618545584553
3,drug_fingerprint_bit_148,-0.03922477174860994
3,fingerprint_H_bit_145,-0.04056900446600827
3,drug_fingerprint_bit_25,-0.04764409687756232
3,poly_sp3_carbon_count_sum_fullpolymerfeaturizer,-0.04855604516537791
3,drug_num_aliphatic_heterocycles_sum_fullmolecularfeaturizer,-0.05767561429362849
3,drug_fingerprint_bit_131,-0.05838124052225719
3,drug_fingerprint_bit_48,-0.05952657081894071
3,drug_fingerprint_bit_73,-0.06057727662965887
3,fingerprint_H_bit_32,-0.06201028710991494
3,drug_smr_vsa5_sum_fullmolecularfeaturizer,-0.062466250940978525
3,poly_smr_vsa5_sum_fullpolymerfeaturizer,-0.0634554009144386
3,drug_fingerprint_bit_55,-0.06662778101628125
3,drug_fingerprint_bit_241,-0.06693707792814495
3,drug_fingerprint_bit_216,-0.06918753243960839
3,poly_balaban_j_index_sum_fullpolymerfeaturizer,-0.07038792002653392
3,fingerprint_H_bit_214,-0.07241201774900355
3,fingerprint_H_bit_138,-0.07427110440864966
3,drug_fingerprint_bit_252,-0.07430479721243123
3,drug_fingerprint_bit_91,-0.0761674958808423
3,drug_fingerprint_bit_214,-0.07801382607818996
3,drug_fingerprint_bit_84,-0.08389506254063109
3,fingerprint_H_bit_1,-0.0846258731210248
3,drug_num_non_aromatic_rings_sum_fullmolecularfeaturizer,-0.08550382426708285
3,poly_heteroatom_count_sum_fullpolymerfeaturizer,-0.08670896660874959
3,drug_max_ring_size_sum_fullmolecularfeaturizer,-0.09363165089958034
3,drug_fingerprint_bit_86,-0.09693618334901281
3,drug_fingerprint_bit_29,-0.10450421767251941
3,fingerprint_H_bit_63,-0.11018139616360866
3,drug_fingerprint_bit_138,-0.11044673096866194
3,fingerprint_H_bit_120,-0.11260199127169972
3,fingerprint_H_bit_218,-0.11605718265997801
3,drug_fingerprint_bit_239,-0.12886771156152985
3,fingerprint_H_bit_7,-0.13266644206943703
3,drug_num_hbond_donors_sum_fullmolecularfeaturizer,-0.14484803293117052
3,drug_fingerprint_bit_230,-0.14596528074778128
3,drug_fingerprint_bit_38,-0.14696185476738763
3,drug_fingerprint_bit_168,-0.15102304599111305
3,poly_fp_density_morgan1_sum_fullpolymerfeaturizer,-0.15200846600372522
3,fingerprint_H_bit_39,-0.15328147475628193
3,drug_fingerprint_bit_40,-0.1662261414277118
3,drug_sp3_carbon_count_sum_fullmolecularfeaturizer,-0.1670934912275129
3,drug_fingerprint_bit_66,-0.16875203453410764
3,drug_fingerprint_bit_175,-0.1821655604971466
3,poly_max_ring_size_sum_fullpolymerfeaturizer,-0.18353839475943887
3,drug_molecular_weight_sum_fullmolecularfeaturizer,-0.18769100432223335
3,drug_fingerprint_bit_210,-0.19413641943908613
3,drug_fingerprint_bit_186,-0.19587004703850658
3,WATER_PH,-0.20313251624642495
3,fingerprint_H_bit_207,-0.20492846386032829
3,drug_fingerprint_bit_228,-0.2059469789527246
3,drug_fingerprint_bit_163,-0.21507947931058038
3,homo_eV_H,-0.21545530341620048
3,fingerprint_H_bit_125,-0.2237762508929789
3,drug_fingerprint_bit_188,-0.23573722738362118
3,drug_fingerprint_bit_174,-0.27079554945091394
3,drug_charge_at_WATER_PH,-0.27570494656470607
3,drug_fingerprint_bit_251,-0.2870492896988051
3,fingerprint_H_bit_147,-0.2953839514367203
3,drug_fingerprint_bit_129,-0.2958257628125958
3,fingerprint_H_bit_38,-0.3115276644658894
3,drug_fingerprint_bit_158,-0.3270476915120661
3,fingerprint_H_bit_81,-0.33725680934414654
3,fingerprint_H_bit_42,-0.3437443391227162
3,drug_fingerprint_bit_111,-0.3563398822634434
3,fingerprint_H_bit_100,-0.43750014966529954
3,poly_num_hbond_donors_sum_fullpolymerfeaturizer,-0.45139032386317895
3,drug_fingerprint_bit_133,-0.48091284941284895
3,drug_fingerprint_bit_107,-0.4868164092916459
3,drug_fingerprint_bit_233,-0.5592874135476251
3,poly_heteroatom_density_sum_backbonefeaturizer,-0.5843583837170065
3,fingerprint_H_bit_186,-0.6344927539260393
3,fingerprint_H_bit_27,-0.8529923585062279
3,drug_fingerprint_bit_249,-0.864056140004177
3,CONCENTRATION,-0.8961527998050522
3,drug_fingerprint_bit_200,-0.9362826481008089
3,drug_fingerprint_bit_141,-1.3312630734538509
3,drug_fingerprint_bit_11,-1.5433375413920025
3,poly_heteroatom_density_sum_fullpolymerfeaturizer,-1.6775666929444601
4,fingerprint_H_bit_12,13.91109335469003
4,fingerprint_H_bit_177,7.418581914152655
4,fingerprint_H_bit_120,5.2871506159692405
4,fingerprint_H_bit_85,2.0341261494932623
4,logd_at_WATER_PH_H,1.9495579845703168
4,poly_slogp_vsa1_sum_fullpolymerfeaturizer,1.8509505269479778
4,poly_max_ring_size_sum_fullpolymerfeaturizer,1.8440007822352769
4,poly_num_hbond_donors_sum_backbonefeaturizer,1.7656238263601072
4,poly_num_aromatic_rings_sum_backbonefeaturizer,1.7393605927976121
4,fingerprint_H_bit_28,1.6715994108669716
4,fingerprint_H_bit_119,1.484047903294982
4,fingerprint_H_bit_151,1.3387081815228004
4,poly_balaban_j_index_sidechainfeaturizer_sum,1.3230210121969124
4,fingerprint_H_bit_81,1.254414214139755
4,fingerprint_H_bit_182,1.1886110834536383
4,poly_balaban_j_index_sum_backbonefeaturizer,1.0963416487859519
4,poly_slogp_vsa1_sum_backbonefeaturizer,1.0934846594848175
4,fingerprint_H_bit_183,1.0781692393058542
4,drug_fingerprint_bit_167,0.9537063016118329
4,poly_fp_density_morgan1_sidechainfeaturizer_sum,0.9010359067334142
4,fingerprint_H_bit_232,0.8955688332745904
4,fingerprint_H_bit_58,0.8828352398573458
4,poly_num_atoms_sidechainfeaturizer_sum,0.8663676976951533
4,poly_sp2_carbon_count_sum_backbonefeaturizer,0.8359923816657859
4,poly_num_aromatic_rings_sum_fullpolymerfeaturizer,0.8118356134372561
4,poly_balaban_j_index_sum_fullpolymerfeaturizer,0.7382547858411982
4,poly_num_rings_sum_backbonefeaturizer,0.7033979970564598
4,drug_heteroatom_count_sum_fullmolecularfeaturizer,0.6670389760583942
4,fingerprint_H_bit_214,0.6530555633794987
4,fingerprint_H_bit_186,0.650049436669755
4,drug_fingerprint_bit_73,0.6451461960051172
4,fingerprint_H_bit_159,0.629209038810101
4,poly_num_rings_sidechainfeaturizer_sum,0.6274759974501892
4,poly_heteroatom_density_sum_fullpolymerfeaturizer,0.6011837362895581
4,fingerprint_H_bit_118,0.5981611275551908
4,poly_single_bonds_sum_backbonefeaturizer,0.5707109351217429
4,poly_num_aromatic_rings_sidechainfeaturizer_sum,0.5625750942335445
4,fingerprint_H_bit_217,0.5612154722710911
4,poly_num_hbond_acceptors_sidechainfeaturizer_sum,0.5608248233206468
4,poly_fp_density_morgan1_sum_backbonefeaturizer,0.5607505394245316
4,drug_fingerprint_bit_201,0.5494265557654411
4,poly_max_ring_size_sidechainfeaturizer_sum,0.5383794725800534
4,fingerprint_H_bit_48,0.5304388393681637
4,fingerprint_H_bit_237,0.5251064825558157
4,fingerprint_H_bit_147,0.5225337544217423
4,fingerprint_H_bit_56,0.5224286445529719
4,poly_double_bonds_sum_backbonefeaturizer,0.5038941418471298
4,fingerprint_H_bit_78,0.5018574017025146
4,drug_fingerprint_bit_239,0.5012650498555785
4,fingerprint_H_bit_167,0.49736038768607665
4,poly_max_ring_size_sum_backbonefeaturizer,0.4916283740890209
4,drug_fingerprint_bit_128,0.4764772506151127
4,fingerprint_H_bit_33,0.4666524674389727
4,homo_eV_H,0.44748492018657965
4,fingerprint_H_bit_222,0.4286031636669105
4,poly_num_rings_sum_fullpolymerfeaturizer,0.42653711451370413
4,fingerprint_H_bit_128,0.4264614245784042
4,drug_fingerprint_bit_0,0.42368471117307177
4,poly_heteroatom_density_sum_backbonefeaturizer,0.4172640636437583
4,drug_fingerprint_bit_64,0.4152197815400836
4,fingerprint_H_bit_155,0.4145513515104407
4,poly_sp2_carbon_count_sum_fullpolymerfeaturizer,0.40553975143438137
4,poly_heteroatom_density_sidechainfeaturizer_sum,0.40421627300839663
4,drug_total_halogens_sum_fullmolecularfeaturizer,0.40145848114928023
4,fingerprint_H_bit_1,0.3950445122854275
4,drug_fingerprint_bit_206,0.3856778090234192
4,logp_H,0.38252354756526546
4,drug_balaban_j_index_sum_fullmolecularfeaturizer,0.3802225785227789
4,fingerprint_H_bit_53,0.3761656380961768
4,drug_num_hbond_acceptors_sum_fullmolecularfeaturizer,0.35255650194008015
4,drug_logp,0.34134262063095694
4,drug_lumo_eV,0.3381617681449794
4,drug_fingerprint_bit_160,0.325160621706353
4,fingerprint_H_bit_69,0.3246207712041116
4,drug_num_rotatable_bonds_sum_fullmolecularfeaturizer,0.3195931025759049
4,drug_topological_surface_area_sum_fullmolecularfeaturizer,0.31724158854011675
4,drug_fingerprint_bit_15,0.29855368425288215
4,lumo_eV_H,0.296745929067704
4,drug_fingerprint_bit_125,0.2868620775402458
4,drug_fingerprint_bit_159,0.28410820348484217
4,drug_sp2_carbon_count_sum_fullmolecularfeaturizer,0.2824992710501568
4,drug_fingerprint_bit_250,0.2779891509789666
4,drug_fingerprint_bit_63,0.2638575687821846
4,poly_fp_density_morgan1_sum_fullpolymerfeaturizer,0.25276057391644446
4,drug_fingerprint_bit_45,0.2518633088541697
4,poly_num_hbond_donors_sum_fullpolymerfeaturizer,0.2505864564263031
4,drug_fingerprint_bit_24,0.23543244266628113
4,drug_num_rings_sum_fullmolecularfeaturizer,0.2249055145942526
4,drug_homo_eV,0.22475513056860455
4,fingerprint_H_bit_41,0.2190411879525693
4,fingerprint_H_bit_213,0.21851193623404025
4,drug_slogp_vsa1_sum_fullmolecularfeaturizer,0.2144349672828489
4,drug_fingerprint_bit_144,0.21142704345526372
4,poly_num_rotatable_bonds_sum_backbonefeaturizer,0.21123365542666292
4,drug_fingerprint_bit_115,0.21074089759365294
4,drug_fingerprint_bit_177,0.20894445565712536
4,drug_fingerprint_bit_131,0.20646783187909643
4,fingerprint_H_bit_13,0.20300887972950793
4,fingerprint_H_bit_27,0.2019024404771688
4,drug_fingerprint_bit_139,0.19929615734793776
4,poly_topological_surface_area_sidechainfeaturizer_sum,0.197955515095324
4,charge_at_WATER_PH_H,0.19463503244270103
4,drug_fingerprint_bit_120,0.19433663914532934
4,fingerprint_H_bit_45,0.19423712270874877
4,drug_fp_density_morgan1_sum_fullmolecularfeaturizer,0.1877892990140981
4,drug_fingerprint_bit_212,0.18450576250309084
4,drug_fluorine_count_sum_fullmolecularfeaturizer,0.1839393776404378
4,drug_fingerprint_bit_146,0.17693798166807215
4,drug_fingerprint_bit_185,0.17534291115638861
4,drug_fingerprint_bit_203,0.17509888769628482
4,drug_bridging_rings_count_sum_fullmolecularfeaturizer,0.1700118215704678
4,fingerprint_H_bit_84,0.16749988918929945
4,drug_fingerprint_bit_161,0.15804539493213485
4,drug_fingerprint_bit_36,0.1572352019409183
4,drug_fingerprint_bit_155,0.15634971510038495
4,fingerprint_H_bit_227,0.15354637896557768
4,drug_fingerprint_bit_110,0.1518716784126373
4,drug_fingerprint_bit_39,0.14953501782663903
4,drug_fingerprint_bit_106,0.14798691945176112
4,drug_fingerprint_bit_145,0.14757085304988982
4,drug_fingerprint_bit_237,0.14755685683961198
4,fingerprint_H_bit_162,0.14138590558422173
4,drug_fingerprint_bit_35,0.13960693704592028
4,drug_fingerprint_bit_175,0.13875683052841076
4,drug_fingerprint_bit_99,0.13520132217914108
4,drug_fingerprint_bit_184,0.13455062243786142
4,fingerprint_H_bit_204,0.13268210488421003
4,fingerprint_H_bit_143,0.13208169078969884
4,fingerprint_H_bit_89,0.13102956960045686
4,drug_fingerprint_bit_28,0.12907459322549952
4,drug_fingerprint_bit_247,0.12866601935832142
4,drug_fingerprint_bit_197,0.1278719929447163
4,drug_fingerprint_bit_140,0.12742117047917928
4,drug_fingerprint_bit_253,0.12429426401933714
4,drug_fingerprint_bit_242,0.12232722290885281
4,drug_fingerprint_bit_108,0.12198232984516162
4,drug_num_aromatic_rings_sum_fullmolecularfeaturizer,0.12113715635639187
4,drug_fingerprint_bit_77,0.1203094586003719
4,drug_fingerprint_bit_236,0.11690879411708428
4,drug_fingerprint_bit_165,0.11555933486164253
4,fingerprint_H_bit_70,0.11459754019235464
4,drug_fingerprint_bit_178,0.1140990180901773
4,drug_fingerprint_bit_188,0.11022353071416813
4,fingerprint_H_bit_219,0.10753560998252087
4,drug_fingerprint_bit_75,0.10426486815589746
4,poly_slogp_vsa1_sidechainfeaturizer_sum,0.103577828552693
4,drug_fingerprint_bit_61,0.1034790410883449
4,drug_fingerprint_bit_246,0.10239175670428143
4,drug_fingerprint_bit_142,0.10160883796647235
4,drug_fingerprint_bit_255,0.09824704929892483
4,drug_fingerprint_bit_33,0.0966075059283881
4,drug_fingerprint_bit_151,0.09658869313804341
4,drug_fingerprint_bit_136,0.09590046755617966
4,drug_fingerprint_bit_218,0.09259365461239726
4,fingerprint_H_bit_37,0.09202861700287793
4,drug_fingerprint_bit_119,0.09157952411458516
4,drug_fingerprint_bit_169,0.09066057586157865
4,drug_fingerprint_bit_118,0.08978297038081375
4,drug_fingerprint_bit_12,0.08752405727437913
4,drug_fingerprint_bit_181,0.085588851338003
4,drug_fingerprint_bit_5,0.0838528162952692
4,drug_heteroatom_density_sum_fullmolecularfeaturizer,0.08326737156581891
4,fingerprint_H_bit_54,0.08137379545282415
4,drug_fingerprint_bit_122,0.07992289495411731
4,drug_fingerprint_bit_130,0.07968212492818103
4,drug_sp3_carbon_count_sum_fullmolecularfeaturizer,0.07881542018675292
4,drug_fingerprint_bit_196,0.07741613937391442
4,poly_double_bonds_sidechainfeaturizer_sum,0.07714483046621946
4,drug_fingerprint_bit_7,0.07709774854914953
4,drug_fingerprint_bit_26,0.07632953055194629
4,drug_fingerprint_bit_44,0.07599494764505318
4,drug_fingerprint_bit_74,0.07266910261139699
4,drug_fingerprint_bit_191,0.06967423535386007
4,fingerprint_H_bit_100,0.0694179142760954
4,fingerprint_H_bit_57,0.06831974278655616
4,drug_fingerprint_bit_132,0.06766694272069998
4,drug_fingerprint_bit_6,0.06693653116726626
4,fingerprint_H_bit_216,0.06444229330154026
4,drug_fingerprint_bit_52,0.06277022002456967
4,drug_fingerprint_bit_1,0.06183544889334429
4,fingerprint_H_bit_121,0.059721719248562746
4,drug_fingerprint_bit_205,0.057864651112968575
4,drug_fingerprint_bit_41,0.05766420272538122
4,fingerprint_H_bit_67,0.05576448756108281
4,drug_fingerprint_bit_150,0.054882739063259814
4,drug_fingerprint_bit_50,0.05474882788599806
4,drug_fingerprint_bit_46,0.054444560558178555
4,poly_num_hbond_acceptors_sum_fullpolymerfeaturizer,0.054412824188467844
4,drug_fingerprint_bit_78,0.053234918324415646
4,fingerprint_H_bit_34,0.05232902833805069
4,drug_fingerprint_bit_60,0.05177529932244583
4,drug_fingerprint_bit_245,0.05133924297939087
4,fingerprint_H_bit_251,0.04927285472022368
4,drug_fingerprint_bit_252,0.048407499768777104
4,drug_fingerprint_bit_148,0.04795516290508906
4,drug_fingerprint_bit_170,0.047834629353833084
4,drug_fingerprint_bit_2,0.04756102371687466
4,drug_fingerprint_bit_114,0.04731973311936993
4,fingerprint_H_bit_224,0.044678538117788484
4,drug_fingerprint_bit_30,0.04396590738172965
4,drug_fingerprint_bit_171,0.043719873584620914
4,drug_fingerprint_bit_180,0.04252395557874261
4,drug_fingerprint_bit_117,0.041865588049803275
4,drug_fingerprint_bit_202,0.04124982932795799
4,drug_fingerprint_bit_210,0.040940503368879465
4,drug_fingerprint_bit_70,0.04061766873578031
4,poly_num_non_aromatic_rings_sum_backbonefeaturizer,0.03947974140075764
4,drug_fingerprint_bit_69,0.03881867615260698
4,drug_fingerprint_bit_105,0.03843349999135568
4,drug_fingerprint_bit_126,0.03816464823337377
4,drug_fingerprint_bit_229,0.03770337087718357
4,drug_fingerprint_bit_219,0.036519647116025386
4,drug_fingerprint_bit_43,0.03639989140082744
4,drug_fingerprint_bit_152,0.036046874918645826
4,drug_fingerprint_bit_83,0.03596570292520292
4,drug_fingerprint_bit_226,0.035635666234918616
4,drug_fingerprint_bit_4,0.03300539703402582
4,poly_smr_vsa5_sidechainfeaturizer_sum,0.03180998938426723
4,poly_sp3_carbon_count_sum_fullpolymerfeaturizer,0.031248339522763895
4,drug_fingerprint_bit_248,0.030982546754566947
4,drug_logd_at_WATER_PH,0.030651172387602083
4,drug_fingerprint_bit_18,0.030479958213907397
4,drug_molecular_weight_sum_fullmolecularfeaturizer,0.029427225632991525
4,drug_fingerprint_bit_153,0.028434183023472875
4,drug_fingerprint_bit_193,0.02784939778533413
4,drug_fingerprint_bit_95,0.024194247688655825
4,fingerprint_H_bit_245,0.02391309412826765
4,drug_fingerprint_bit_137,0.023866776999076626
4,fingerprint_H_bit_65,0.023725388269085053
4,drug_fingerprint_bit_97,0.023688778466380282
4,poly_molecular_weight_sum_fullpolymerfeaturizer,0.023159504993564506
4,poly_num_aliphatic_heterocycles_sum_backbonefeaturizer,0.02249534345228769
4,poly_max_estate_index_sidechainfeaturizer_sum,0.022178147522074285
4,fingerprint_H_bit_174,0.02129664323833654
4,drug_fingerprint_bit_72,0.020128273506712972
4,fingerprint_H_bit_158,0.01953206339613009
4,drug_fingerprint_bit_100,0.019171375212417078
4,drug_fingerprint_bit_222,0.01843268946105192
4,drug_fingerprint_bit_127,0.01804866280185784
4,drug_fingerprint_bit_81,0.01708175292637401
4,drug_fingerprint_bit_84,0.016956576092211628
4,drug_fingerprint_bit_85,0.01694851890001273
4,fingerprint_H_bit_106,0.01645716380165683
4,drug_fingerprint_bit_235,0.01624291900240212
4,fingerprint_H_bit_164,0.013671025685681567
4,drug_fingerprint_bit_38,0.012646828811727509
4,drug_fingerprint_bit_104,0.012447626126882286
4,drug_fingerprint_bit_62,0.012229696823808407
4,drug_fingerprint_bit_134,0.011654339067019417
4,drug_num_atoms_sum_fullmolecularfeaturizer,0.011344886105662191
4,drug_fingerprint_bit_103,0.011128657884191626
4,drug_fingerprint_bit_94,0.011069162813152468
4,drug_fingerprint_bit_96,0.011048743927064524
4,drug_fingerprint_bit_14,0.010407803405121988
4,drug_fingerprint_bit_172,0.00980238870343904
4,drug_fingerprint_bit_20,0.008973938372345497
4,fingerprint_H_bit_233,0.008503673953325979
4,drug_fingerprint_bit_19,0.008500088609783624
4,fingerprint_H_bit_26,0.008243377322744383
4,drug_fingerprint_bit_13,0.008234076309124986
4,drug_fingerprint_bit_56,0.007911346520216142
4,drug_fingerprint_bit_240,0.007526395150576299
4,fingerprint_H_bit_131,0.0070046469384995435
4,fingerprint_H_bit_98,0.006956284460117616
4,fingerprint_H_bit_112,0.006550035013340614
4,drug_fingerprint_bit_67,0.005878575220297456
4,drug_fingerprint_bit_231,0.0055773802188239475
4,drug_fingerprint_bit_8,0.005264102832187264
4,drug_fingerprint_bit_16,0.004540528717525606
4,drug_fingerprint_bit_135,0.003840120196543506
4,drug_fingerprint_bit_204,0.003210989315350426
4,drug_fingerprint_bit_42,0.002970226238527448
4,drug_fingerprint_bit_22,0.0028278891488316394
4,drug_num_non_aromatic_rings_sum_fullmolecularfeaturizer,0.0026538754900060474
4,fingerprint_H_bit_46,0.0025594327100740394
4,drug_fingerprint_bit_58,0.0023962122490507926
4,poly_heteroatom_count_sidechainfeaturizer_sum,0.0022670950683227886
4,fingerprint_H_bit_205,0.002096515008761457
4,poly_num_aliphatic_heterocycles_sum_fullpolymerfeaturizer,0.0018524436719745963
4,drug_fingerprint_bit_10,0.001773737504380731
4,drug_fingerprint_bit_47,0.0014225297854023283
4,fingerprint_H_bit_185,0.0013446234953880057
4,poly_num_non_aromatic_rings_sum_fullpolymerfeaturizer,0.0010939578887821278
4,drug_fingerprint_bit_109,0.0007881215750888672
4,fingerprint_H_bit_116,0.00048520637657744177
4,fingerprint_H_bit_66,7.864780497715948e-05
4,drug_fingerprint_bit_254,0.0
4,fingerprint_H_bit_187,0.0
4,fingerprint_H_bit_184,0.0
4,fingerprint_H_bit_211,0.0
4,fingerprint_H_bit_210,0.0
4,drug_bromine_count_sum_fullmolecularfeaturizer,0.0
4,fingerprint_H_bit_50,0.0
4,fingerprint_H_bit_49,0.0
4,fingerprint_H_bit_47,0.0
4,drug_fingerprint_bit_102,0.0
4,drug_fingerprint_bit_98,0.0
4,fingerprint_H_bit_2,0.0
4,drug_fingerprint_bit_217,0.0
4,drug_fingerprint_bit_215,0.0
4,fingerprint_H_bit_189,0.0
4,fingerprint_H_bit_188,0.0
4,fingerprint_H_bit_0,0.0
4,fingerprint_H_bit_161,0.0
4,fingerprint_H_bit_160,0.0
4,poly_num_aliphatic_heterocycles_sidechainfeaturizer_sum,0.0
4,poly_fraction_bicyclic_rings_sum_fullpolymerfeaturizer,0.0
4,poly_num_non_aromatic_rings_sidechainfeaturizer_sum,0.0
4,poly_bridging_rings_count_sum_fullpolymerfeaturizer,0.0
4,poly_triple_bonds_sum_fullpolymerfeaturizer,0.0
4,poly_fraction_bicyclic_rings_sidechainfeaturizer_sum,0.0
4,poly_triple_bonds_sidechainfeaturizer_sum,0.0
4,poly_iodine_count_sidechainfeaturizer_sum,0.0
4,poly_bromine_count_sidechainfeaturizer_sum,0.0
4,poly_chlorine_count_sidechainfeaturizer_sum,0.0
4,poly_fluorine_count_sidechainfeaturizer_sum,0.0
4,poly_total_halogens_sidechainfeaturizer_sum,0.0
4,fingerprint_H_bit_24,0.0
4,drug_fingerprint_bit_176,0.0
4,fingerprint_H_bit_23,0.0
4,fingerprint_H_bit_22,0.0
4,fingerprint_H_bit_20,0.0
4,fingerprint_H_bit_21,0.0
4,fingerprint_H_bit_17,0.0
4,fingerprint_H_bit_16,0.0
4,fingerprint_H_bit_126,0.0
4,fingerprint_H_bit_19,0.0
4,fingerprint_H_bit_124,0.0
4,fingerprint_H_bit_122,0.0
4,fingerprint_H_bit_117,0.0
4,fingerprint_H_bit_148,0.0
4,fingerprint_H_bit_146,0.0
4,fingerprint_H_bit_142,0.0
4,fingerprint_H_bit_141,0.0
4,fingerprint_H_bit_140,0.0
4,fingerprint_H_bit_176,0.0
4,fingerprint_H_bit_255,0.0
4,fingerprint_H_bit_254,0.0
4,fingerprint_H_bit_253,0.0
4,fingerprint_H_bit_252,0.0
4,fingerprint_H_bit_249,0.0
4,fingerprint_H_bit_248,0.0
4,fingerprint_H_bit_247,0.0
4,fingerprint_H_bit_246,0.0
4,poly_iodine_count_sum_fullpolymerfeaturizer,0.0
4,poly_bromine_count_sum_fullpolymerfeaturizer,0.0
4,poly_chlorine_count_sum_fullpolymerfeaturizer,0.0
4,poly_fluorine_count_sum_fullpolymerfeaturizer,0.0
4,poly_total_halogens_sum_fullpolymerfeaturizer,0.0
4,fingerprint_H_bit_135,0.0
4,fingerprint_H_bit_15,0.0
4,fingerprint_H_bit_14,0.0
4,fingerprint_H_bit_11,0.0
4,fingerprint_H_bit_10,0.0
4,fingerprint_H_bit_9,0.0
4,poly_bridging_rings_count_sidechainfeaturizer_sum,0.0
4,poly_fraction_bicyclic_rings_sum_backbonefeaturizer,0.0
4,fingerprint_H_bit_109,0.0
4,fingerprint_H_bit_108,0.0
4,fingerprint_H_bit_107,0.0
4,fingerprint_H_bit_105,0.0
4,fingerprint_H_bit_104,0.0
4,fingerprint_H_bit_103,0.0
4,fingerprint_H_bit_102,0.0
4,drug_fingerprint_bit_209,0.0
4,fingerprint_H_bit_163,0.0
4,drug_fingerprint_bit_244,0.0
4,fingerprint_H_bit_130,0.0
4,fingerprint_H_bit_132,0.0
4,fingerprint_H_bit_101,0.0
4,fingerprint_H_bit_129,0.0
4,poly_bridging_rings_count_sum_backbonefeaturizer,0.0
4,poly_triple_bonds_sum_backbonefeaturizer,0.0
4,drug_fingerprint_bit_166,0.0
4,fingerprint_H_bit_127,0.0
4,poly_chlorine_count_sum_backbonefeaturizer,0.0
4,poly_fluorine_count_sum_backbonefeaturizer,0.0
4,poly_total_halogens_sum_backbonefeaturizer,0.0
4,drug_fingerprint_bit_9,0.0
4,fingerprint_H_bit_95,0.0
4,fingerprint_H_bit_94,0.0
4,poly_iodine_count_sum_backbonefeaturizer,0.0
4,drug_fingerprint_bit_157,0.0
4,fingerprint_H_bit_92,0.0
4,fingerprint_H_bit_91,0.0
4,fingerprint_H_bit_88,0.0
4,fingerprint_H_bit_90,0.0
4,fingerprint_H_bit_87,0.0
4,fingerprint_H_bit_86,0.0
4,fingerprint_H_bit_231,0.0
4,fingerprint_H_bit_230,0.0
4,fingerprint_H_bit_157,0.0
4,fingerprint_H_bit_156,0.0
4,fingerprint_H_bit_154,0.0
4,fingerprint_H_bit_153,0.0
4,fingerprint_H_bit_152,0.0
4,fingerprint_H_bit_150,0.0
4,fingerprint_H_bit_93,0.0
4,poly_bromine_count_sum_backbonefeaturizer,0.0
4,fingerprint_H_bit_180,0.0
4,fingerprint_H_bit_179,0.0
4,fingerprint_H_bit_178,0.0
4,fingerprint_H_bit_83,0.0
4,fingerprint_H_bit_115,0.0
4,fingerprint_H_bit_111,0.0
4,fingerprint_H_bit_110,0.0
4,drug_fingerprint_bit_21,0.0
4,drug_fingerprint_bit_17,0.0
4,fingerprint_H_bit_79,0.0
4,fingerprint_H_bit_77,0.0
4,fingerprint_H_bit_76,0.0
4,fingerprint_H_bit_75,0.0
4,fingerprint_H_bit_74,0.0
4,fingerprint_H_bit_73,0.0
4,fingerprint_H_bit_72,0.0
4,fingerprint_H_bit_71,0.0
4,fingerprint_H_bit_99,0.0
4,fingerprint_H_bit_97,0.0
4,fingerprint_H_bit_96,0.0
4,fingerprint_H_bit_215,0.0
4,drug_fingerprint_bit_198,0.0
4,drug_fingerprint_bit_195,0.0
4,drug_fingerprint_bit_190,0.0
4,fingerprint_H_bit_244,0.0
4,fingerprint_H_bit_243,0.0
4,fingerprint_H_bit_242,0.0
4,fingerprint_H_bit_241,0.0
4,fingerprint_H_bit_240,0.0
4,fingerprint_H_bit_239,0.0
4,fingerprint_H_bit_149,0.0
4,fingerprint_H_bit_181,0.0
4,fingerprint_H_bit_235,0.0
4,fingerprint_H_bit_238,0.0
4,fingerprint_H_bit_234,0.0
4,drug_fingerprint_bit_54,0.0
4,fingerprint_H_bit_51,0.0
4,drug_fingerprint_bit_234,0.0
4,drug_fingerprint_bit_51,0.0
4,fingerprint_H_bit_55,0.0
4,fingerprint_H_bit_192,0.0
4,fingerprint_H_bit_191,0.0
4,fingerprint_H_bit_190,0.0
4,fingerprint_H_bit_203,0.0
4,fingerprint_H_bit_202,0.0
4,fingerprint_H_bit_201,0.0
4,drug_fingerprint_bit_232,0.0
4,drug_fingerprint_bit_221,0.0
4,fingerprint_H_bit_198,0.0
4,fingerprint_H_bit_229,0.0
4,fingerprint_H_bit_228,0.0
4,fingerprint_H_bit_225,0.0
4,fingerprint_H_bit_223,0.0
4,fingerprint_H_bit_221,0.0
4,fingerprint_H_bit_220,0.0
4,drug_fingerprint_bit_220,0.0
4,fingerprint_H_bit_82,0.0
4,drug_fingerprint_bit_123,0.0
4,drug_fingerprint_bit_68,0.0
4,drug_fingerprint_bit_89,0.0
4,drug_fingerprint_bit_88,0.0
4,drug_fingerprint_bit_87,0.0
4,fingerprint_H_bit_200,0.0
4,fingerprint_H_bit_199,0.0
4,fingerprint_H_bit_43,0.0
4,fingerprint_H_bit_44,0.0
4,fingerprint_H_bit_36,0.0
4,fingerprint_H_bit_40,0.0
4,fingerprint_H_bit_62,0.0
4,fingerprint_H_bit_60,0.0
4,fingerprint_H_bit_209,0.0
4,fingerprint_H_bit_35,0.0
4,fingerprint_H_bit_206,0.0
4,fingerprint_H_bit_173,0.0
4,fingerprint_H_bit_172,0.0
4,fingerprint_H_bit_171,0.0
4,fingerprint_H_bit_170,0.0
4,fingerprint_H_bit_169,0.0
4,fingerprint_H_bit_168,0.0
4,fingerprint_H_bit_208,0.0
4,fingerprint_H_bit_166,0.0
4,fingerprint_H_bit_165,0.0
4,fingerprint_H_bit_195,0.0
4,fingerprint_H_bit_196,0.0
4,fingerprint_H_bit_194,0.0
4,fingerprint_H_bit_193,0.0
4,fingerprint_H_bit_59,0.0
4,drug_fingerprint_bit_112,0.0
4,fingerprint_H_bit_31,0.0
4,fingerprint_H_bit_29,0.0
4,fingerprint_H_bit_25,0.0
4,drug_triple_bonds_sum_fullmolecularfeaturizer,0.0
4,drug_iodine_count_sum_fullmolecularfeaturizer,0.0
4,fingerprint_H_bit_6,0.0
4,fingerprint_H_bit_5,0.0
4,fingerprint_H_bit_3,0.0
4,fingerprint_H_bit_137,-8.088767750840427e-15
4,fingerprint_H_bit_250,-3.281026244345802e-13
4,fingerprint_H_bit_136,-4.2608773652221184e-13
4,fingerprint_H_bit_8,-6.116861531576692e-08
4,drug_fingerprint_bit_34,-0.0018737547226125822
4,drug_fingerprint_bit_79,-0.001963822621403953
4,drug_fingerprint_bit_113,-0.002900851955460304
4,drug_double_bonds_sum_fullmolecularfeaturizer,-0.0030340164083603005
4,drug_fingerprint_bit_29,-0.0037309389805173627
4,drug_fingerprint_bit_86,-0.00505645394950358
4,fingerprint_H_bit_30,-0.006167482578696991
4,drug_fingerprint_bit_199,-0.006250612395010789
4,drug_fingerprint_bit_227,-0.006278885791858805
4,drug_fingerprint_bit_116,-0.0075903179909016915
4,drug_single_bonds_sum_fullmolecularfeaturizer,-0.009065565087456928
4,drug_max_ring_size_sum_fullmolecularfeaturizer,-0.009231870703269736
4,drug_fingerprint_bit_32,-0.009686030287840078
4,drug_fingerprint_bit_31,-0.010435949005781856
4,drug_fingerprint_bit_25,-0.011187220903246212
4,drug_fingerprint_bit_80,-0.011193330039984486
4,drug_fingerprint_bit_76,-0.011733551674459898
4,drug_chlorine_count_sum_fullmolecularfeaturizer,-0.012380085757631307
4,drug_fingerprint_bit_208,-0.012984379752940641
4,drug_fingerprint_bit_179,-0.013823082605117267
4,drug_fingerprint_bit_101,-0.013967591776349653
4,fingerprint_H_bit_134,-0.014123574919982626
4,drug_fingerprint_bit_173,-0.014861234748381842
4,drug_fingerprint_bit_238,-0.015789078541505668
4,drug_fingerprint_bit_141,-0.016706869808366647
4,drug_fingerprint_bit_241,-0.01699940340228025
4,drug_fingerprint_bit_224,-0.019101262273388375
4,drug_fingerprint_bit_93,-0.019191488680582486
4,drug_fingerprint_bit_243,-0.0232202590917654
4,drug_fingerprint_bit_174,-0.023775198183538248
4,drug_fingerprint_bit_154,-0.025867551487330356
4,fingerprint_H_bit_18,-0.02617131252826294
4,drug_fingerprint_bit_121,-0.027708359414633694
4,drug_fingerprint_bit_57,-0.028151219639376102
4,drug_fingerprint_bit_65,-0.028933351481261433
4,drug_smr_vsa5_sum_fullmolecularfeaturizer,-0.029103607182859932
4,drug_fingerprint_bit_194,-0.029407505662762255
4,drug_fingerprint_bit_211,-0.029584224534398813
4,drug_fingerprint_bit_149,-0.03130050495217422
4,drug_fingerprint_bit_162,-0.032660411144556215
4,drug_fingerprint_bit_189,-0.03466387317171275
4,drug_fingerprint_bit_182,-0.036849943629264734
4,drug_fingerprint_bit_200,-0.041157639508623944
4,drug_charge_at_WATER_PH,-0.04147043979462533
4,drug_fingerprint_bit_156,-0.04692752722881166
4,drug_fingerprint_bit_3,-0.04818252712900994
4,drug_fingerprint_bit_207,-0.048214352476774074
4,drug_fingerprint_bit_138,-0.04890652857225525
4,fingerprint_H_bit_123,-0.050280212279066275
4,drug_fingerprint_bit_82,-0.050677004777885344
4,fingerprint_H_bit_212,-0.05111390625376385
4,drug_fingerprint_bit_124,-0.05310967289660703
4,drug_fingerprint_bit_91,-0.055346337751585206
4,drug_fingerprint_bit_129,-0.05856740915650843
4,fingerprint_H_bit_80,-0.05931725471528598
4,drug_fingerprint_bit_192,-0.05966932681699061
4,drug_fingerprint_bit_59,-0.0632677943748383
4,drug_fingerprint_bit_53,-0.063516090533442
4,poly_num_rotatable_bonds_sidechainfeaturizer_sum,-0.06516385325518881
4,fingerprint_H_bit_32,-0.06544842041189651
4,drug_fingerprint_bit_225,-0.07270623300705202
4,drug_max_estate_index_sum_fullmolecularfeaturizer,-0.07756825946725225
4,drug_num_hbond_donors_sum_fullmolecularfeaturizer,-0.07956038021666224
4,drug_fingerprint_bit_55,-0.08587438471696027
4,drug_fingerprint_bit_90,-0.08716022733043167
4,poly_smr_vsa5_sum_fullpolymerfeaturizer,-0.08775293923268926
4,drug_fingerprint_bit_133,-0.08796073426076154
4,drug_fingerprint_bit_187,-0.09132219315215799
4,drug_fingerprint_bit_92,-0.09239494029035615
4,drug_num_aliphatic_heterocycles_sum_fullmolecularfeaturizer,-0.09411641152248082
4,drug_fingerprint_bit_48,-0.09506770506658625
4,poly_num_atoms_sum_fullpolymerfeaturizer,-0.09935782021141461
4,drug_fingerprint_bit_27,-0.10156311649365278
4,fingerprint_H_bit_207,-0.10181459024900297
4,fingerprint_H_bit_226,-0.1040133270210776
4,drug_fingerprint_bit_164,-0.10615911859091243
4,poly_num_hbond_donors_sidechainfeaturizer_sum,-0.10797545886984704
4,drug_fingerprint_bit_37,-0.11139138148720215
4,drug_fingerprint_bit_251,-0.11388986574079725
4,drug_fingerprint_bit_23,-0.11933071029477858
4,drug_fingerprint_bit_158,-0.12188629574004828
4,fingerprint_H_bit_61,-0.12352063354267903
4,drug_fingerprint_bit_71,-0.12947157189864955
4,poly_molecular_weight_sidechainfeaturizer_sum,-0.1314382252450182
4,drug_fingerprint_bit_143,-0.13215286781912194
4,drug_fingerprint_bit_214,-0.13327783924531458
4,fingerprint_H_bit_218,-0.1409937874781122
4,drug_fingerprint_bit_168,-0.1528898243329591
4,fingerprint_H_bit_39,-0.15537664273478605
4,drug_fraction_bicyclic_rings_sum_fullmolecularfeaturizer,-0.15903360106281367
4,poly_single_bonds_sidechainfeaturizer_sum,-0.15968493753981278
4,poly_topological_surface_area_sum_fullpolymerfeaturizer,-0.1650159486797603
4,drug_fingerprint_bit_228,-0.1651937787803889
4,drug_fingerprint_bit_183,-0.16758577742819086
4,poly_smr_vsa5_sum_backbonefeaturizer,-0.16941312110457843
4,drug_fingerprint_bit_233,-0.1697294780053979
4,fingerprint_H_bit_7,-0.17028999022967242
4,fingerprint_H_bit_63,-0.17339407293028744
4,drug_fingerprint_bit_213,-0.18688934756641715
4,fingerprint_H_bit_68,-0.19067346179917802
4,drug_fingerprint_bit_111,-0.19164453395848677
4,drug_fingerprint_bit_223,-0.20877102434194966
4,fingerprint_H_bit_42,-0.2099928447525977
4,drug_fingerprint_bit_40,-0.21055370739763749
4,poly_num_rotatable_bonds_sum_fullpolymerfeaturizer,-0.2205867214312271
4,drug_fingerprint_bit_11,-0.22180646730905124
4,drug_fingerprint_bit_230,-0.2219892168727304
4,drug_fingerprint_bit_49,-0.23171055843612104
4,fingerprint_H_bit_197,-0.2566253362706707
4,fingerprint_H_bit_139,-0.2778122127859983
4,drug_fingerprint_bit_163,-0.30765197449698867
4,fingerprint_H_bit_38,-0.3084398518514022
4,fingerprint_H_bit_125,-0.3340234862658355
4,fingerprint_H_bit_175,-0.33894405582537745
4,drug_fingerprint_bit_66,-0.34575377035489013
4,poly_heteroatom_count_sum_fullpolymerfeaturizer,-0.3529531905135048
4,fingerprint_H_bit_138,-0.358957873205523
4,fingerprint_H_bit_64,-0.3926807825736855
4,WATER_PH,-0.3974508862991208
4,poly_single_bonds_sum_fullpolymerfeaturizer,-0.3999656672360583
4,drug_fingerprint_bit_147,-0.40475795081874316
4,poly_sp3_carbon_count_sidechainfeaturizer_sum,-0.4341765628204289
4,fingerprint_H_bit_145,-0.43870451312164416
4,drug_fingerprint_bit_107,-0.4394455376136454
4,poly_max_estate_index_sum_fullpolymerfeaturizer,-0.4407412223494706
4,poly_max_estate_index_sum_backbonefeaturizer,-0.45321977943216396
4,drug_fingerprint_bit_186,-0.4585246920410583
4,drug_fingerprint_bit_216,-0.5407268976408651
4,poly_sp2_carbon_count_sidechainfeaturizer_sum,-0.5741652972188163
4,poly_sp3_carbon_count_sum_backbonefeaturizer,-0.5939762843500652
4,drug_fingerprint_bit_249,-0.648581643083074
4,poly_heteroatom_count_sum_backbonefeaturizer,-0.6600369165881099
4,poly_num_atoms_sum_backbonefeaturizer,-0.6635806428932388
4,fingerprint_H_bit_113,-0.7231308121916504
4,poly_topological_surface_area_sum_backbonefeaturizer,-0.7528297372514817
4,poly_molecular_weight_sum_backbonefeaturizer,-0.8272247364862194
4,poly_num_hbond_acceptors_sum_backbonefeaturizer,-0.8844460439279658
4,fingerprint_H_bit_133,-1.078195604308069
4,poly_double_bonds_sum_fullpolymerfeaturizer,-1.1098977958720042
4,fingerprint_H_bit_236,-1.1502210658639918
4,CONCENTRATION,-1.7733202279137867
4,fingerprint_H_bit_52,-2.120059741108388
4,fingerprint_H_bit_144,-2.38491890820213
4,fingerprint_H_bit_4,-4.696161691642311
4,fingerprint_H_bit_114,-5.401907810074995
5,fingerprint_H_bit_2,5.661592329616021
5,fingerprint_H_bit_1,3.1348242055227025
5,poly_heteroatom_density_sidechainfeaturizer_sum,2.0706658689276485
5,poly_sp2_carbon_count_sidechainfeaturizer_sum,1.9343754111525546
5,poly_slogp_vsa1_sum_fullpolymerfeaturizer,1.7553567778016212
5,poly_fp_density_morgan1_sidechainfeaturizer_sum,1.7243928929201275
5,poly_num_hbond_donors_sum_backbonefeaturizer,1.7071657152493651
5,charge_at_WATER_PH_H,1.6779430387314798
5,fingerprint_H_bit_236,1.610469080754681
5,fingerprint_H_bit_147,1.5649330504615016
5,fingerprint_H_bit_33,1.5457368731326204
5,poly_num_atoms_sidechainfeaturizer_sum,1.5064217542009697
5,poly_balaban_j_index_sidechainfeaturizer_sum,1.4512871384767414
5,poly_num_rings_sum_backbonefeaturizer,1.367390630119407
5,poly_heteroatom_count_sum_backbonefeaturizer,1.318646653937569
5,poly_num_aromatic_rings_sum_backbonefeaturizer,1.1419160095119842
5,drug_fingerprint_bit_110,1.137591626158026
5,poly_max_estate_index_sidechainfeaturizer_sum,1.0354126138234716
5,drug_fingerprint_bit_128,0.9534025171685482
5,fingerprint_H_bit_41,0.9493542186015057
5,fingerprint_H_bit_58,0.9254134987611601
5,poly_num_rings_sidechainfeaturizer_sum,0.9009374214653124
5,fingerprint_H_bit_28,0.8963292119672742
5,fingerprint_H_bit_213,0.8644649679751639
5,fingerprint_H_bit_123,0.8623627667500077
5,poly_max_ring_size_sidechainfeaturizer_sum,0.8604047469409414
5,poly_num_atoms_sum_backbonefeaturizer,0.8579800016815115
5,poly_single_bonds_sum_backbonefeaturizer,0.7818960064008721
5,fingerprint_H_bit_48,0.7595286423117237
5,fingerprint_H_bit_237,0.7496044723481873
5,drug_fingerprint_bit_125,0.6987689338091917
5,fingerprint_H_bit_222,0.6877247873607907
5,poly_num_rotatable_bonds_sum_backbonefeaturizer,0.6875250634911411
5,drug_num_aromatic_rings_sum_fullmolecularfeaturizer,0.6764483737793531
5,poly_balaban_j_index_sum_backbonefeaturizer,0.6553867462932548
5,drug_fingerprint_bit_167,0.6309279355154244
5,fingerprint_H_bit_128,0.6099879575197377
5,lumo_eV_H,0.5696083372333943
5,fingerprint_H_bit_56,0.5653604239758274
5,fingerprint_H_bit_204,0.5586099346349713
5,fingerprint_H_bit_167,0.5317967657040312
5,drug_sp2_carbon_count_sum_fullmolecularfeaturizer,0.522611908959368
5,fingerprint_H_bit_232,0.5134448213483472
5,poly_max_ring_size_sum_fullpolymerfeaturizer,0.5093325617828117
5,drug_num_rotatable_bonds_sum_fullmolecularfeaturizer,0.5040941976248685
5,drug_fingerprint_bit_177,0.49399513536468337
5,fingerprint_H_bit_217,0.4798184761875488
5,fingerprint_H_bit_69,0.4655489620078264
5,fingerprint_H_bit_53,0.4536085375944286
5,fingerprint_H_bit_84,0.4475387897208477
5,poly_topological_surface_area_sum_backbonefeaturizer,0.4411942842560042
5,fingerprint_H_bit_81,0.43708907949085446
5,poly_smr_vsa5_sum_backbonefeaturizer,0.4369809762592153
5,fingerprint_H_bit_155,0.4281524724375556
5,fingerprint_H_bit_139,0.41524864022932956
5,drug_homo_eV,0.3988726558305896
5,poly_heteroatom_count_sidechainfeaturizer_sum,0.39872794357084446
5,poly_num_hbond_donors_sum_fullpolymerfeaturizer,0.3983760384886907
5,fingerprint_H_bit_245,0.3846736278089404
5,poly_smr_vsa5_sum_fullpolymerfeaturizer,0.35013947969335557
5,poly_topological_surface_area_sidechainfeaturizer_sum,0.3420423701527504
5,poly_sp2_carbon_count_sum_backbonefeaturizer,0.3392147258526985
5,drug_fingerprint_bit_39,0.3391847474940576
5,drug_fingerprint_bit_108,0.3346915057910496
5,poly_num_rings_sum_fullpolymerfeaturizer,0.32678172479194273
5,logp_H,0.3251481102378202
5,fingerprint_H_bit_85,0.3227574871804439
5,drug_fingerprint_bit_115,0.32211250731890395
5,drug_fingerprint_bit_160,0.3156999402911431
5,drug_heteroatom_count_sum_fullmolecularfeaturizer,0.3152815967543872
5,fingerprint_H_bit_118,0.3133860383238523
5,fingerprint_H_bit_159,0.3081491625622058
5,poly_sp3_carbon_count_sum_backbonefeaturizer,0.3068844459844272
5,drug_fingerprint_bit_178,0.29227713986866377
5,fingerprint_H_bit_37,0.2793787273126855
5,drug_fingerprint_bit_118,0.2733367982243513
5,drug_total_halogens_sum_fullmolecularfeaturizer,0.2728070618977893
5,fingerprint_H_bit_182,0.27142045123119135
5,poly_slogp_vsa1_sum_backbonefeaturizer,0.27036590608550665
5,drug_fingerprint_bit_24,0.2647668615875682
5,drug_num_hbond_acceptors_sum_fullmolecularfeaturizer,0.26409153008091746
5,drug_fingerprint_bit_206,0.26034046516233394
5,drug_fingerprint_bit_216,0.2530220366692545
5,fingerprint_H_bit_197,0.25155900021608846
5,poly_num_rotatable_bonds_sum_fullpolymerfeaturizer,0.2492048892953839
5,poly_num_aromatic_rings_sum_fullpolymerfeaturizer,0.24789548264920547
5,drug_fingerprint_bit_164,0.24701249045103707
5,drug_fingerprint_bit_142,0.24671768208365544
5,drug_topological_surface_area_sum_fullmolecularfeaturizer,0.24330607509251778
5,drug_fingerprint_bit_42,0.2323923356076287
5,drug_fingerprint_bit_246,0.22395922384355393
5,fingerprint_H_bit_186,0.22364240401564334
5,drug_fingerprint_bit_226,0.22342766513314882
5,drug_fingerprint_bit_10,0.22145167526824666
5,drug_fingerprint_bit_189,0.21762299088668333
5,fingerprint_H_bit_78,0.20919499801987287
5,fingerprint_H_bit_100,0.20635012777861686
5,poly_double_bonds_sidechainfeaturizer_sum,0.20522161603334915
5,fingerprint_H_bit_151,0.20192203939751494
5,drug_fingerprint_bit_33,0.20020941201315035
5,drug_fingerprint_bit_122,0.19242370773939993
5,fingerprint_H_bit_162,0.1911835639396573
5,drug_fingerprint_bit_184,0.19053779287523523
5,drug_fingerprint_bit_35,0.1890427703720938
5,drug_fingerprint_bit_203,0.1874934815328448
5,drug_fingerprint_bit_63,0.18562209553353307
5,drug_num_rings_sum_fullmolecularfeaturizer,0.18458606077593873
5,drug_fingerprint_bit_130,0.18244001031096221
5,drug_fingerprint_bit_146,0.18110256784843323
5,drug_fingerprint_bit_18,0.1790876757049865
5,poly_fp_density_morgan1_sum_backbonefeaturizer,0.17612408515551795
5,fingerprint_H_bit_183,0.17588252253679834
5,drug_lumo_eV,0.1739072791114691
5,poly_molecular_weight_sidechainfeaturizer_sum,0.17311161338066183
5,fingerprint_H_bit_89,0.1624767563711946
5,fingerprint_H_bit_119,0.1621607629427023
5,poly_num_aromatic_rings_sidechainfeaturizer_sum,0.16099158266904912
5,drug_fingerprint_bit_242,0.16095908831107333
5,drug_fingerprint_bit_120,0.15992446012320014
5,fingerprint_H_bit_121,0.1565993029579811
5,drug_fingerprint_bit_155,0.1532232749716913
5,drug_fingerprint_bit_6,0.15146684686945736
5,drug_fingerprint_bit_197,0.14960782429697989
5,fingerprint_H_bit_13,0.14676556428529305
5,drug_fingerprint_bit_4,0.1461275326815717
5,drug_fingerprint_bit_180,0.14600526673793843
5,drug_fingerprint_bit_165,0.14474229652870108
5,fingerprint_H_bit_52,0.14437233625874904
5,drug_fingerprint_bit_45,0.14317723149502817
5,drug_fingerprint_bit_185,0.14108144666932734
5,fingerprint_H_bit_45,0.14060968698088513
5,drug_fingerprint_bit_28,0.13977586560378166
5,drug_fluorine_count_sum_fullmolecularfeaturizer,0.13921141250575123
5,drug_logp,0.13900375051740835
5,drug_heteroatom_density_sum_fullmolecularfeaturizer,0.13705696099758796
5,poly_heteroatom_density_sum_backbonefeaturizer,0.1365358050634213
5,drug_fingerprint_bit_181,0.13621474082217563
5,poly_single_bonds_sum_fullpolymerfeaturizer,0.13453242774162796
5,drug_fingerprint_bit_145,0.13391362901502865
5,drug_fingerprint_bit_83,0.12829780447150246
5,poly_fp_density_morgan1_sum_fullpolymerfeaturizer,0.12740493690439256
5,drug_fp_density_morgan1_sum_fullmolecularfeaturizer,0.12590967314711585
5,drug_fingerprint_bit_247,0.12563102818554214
5,drug_fingerprint_bit_12,0.12524364976431493
5,drug_fingerprint_bit_105,0.12302939798809187
5,drug_num_hbond_donors_sum_fullmolecularfeaturizer,0.12064634749093117
5,drug_fingerprint_bit_15,0.12062748337979635
5,drug_fingerprint_bit_76,0.11691605642042113
5,drug_fingerprint_bit_250,0.11632189826461656
5,drug_fingerprint_bit_126,0.11610622877469219
5,drug_fingerprint_bit_255,0.11333614468655155
5,drug_fingerprint_bit_139,0.11262170916283243
5,drug_fingerprint_bit_159,0.10956373436000108
5,fingerprint_H_bit_113,0.10860937705228708
5,drug_slogp_vsa1_sum_fullmolecularfeaturizer,0.10851755248943616
5,drug_fingerprint_bit_95,0.10836749464616681
5,drug_fingerprint_bit_36,0.10756927851297172
5,fingerprint_H_bit_61,0.10578895390412454
5,drug_fingerprint_bit_236,0.10496573517425174
5,drug_fingerprint_bit_151,0.10362588641690819
5,poly_max_ring_size_sum_backbonefeaturizer,0.10151408651851498
5,drug_fingerprint_bit_94,0.10047172345259008
5,drug_fingerprint_bit_116,0.10002193794355864
5,drug_fingerprint_bit_205,0.09875641134182864
5,poly_sp2_carbon_count_sum_fullpolymerfeaturizer,0.09866274680733159
5,drug_fingerprint_bit_30,0.09723871893143622
5,drug_fingerprint_bit_119,0.09539908555444006
5,drug_fingerprint_bit_37,0.0948309742699661
5,drug_balaban_j_index_sum_fullmolecularfeaturizer,0.09418510047068294
5,drug_fingerprint_bit_106,0.09417223757541485
5,fingerprint_H_bit_27,0.09331556687292705
5,drug_fingerprint_bit_13,0.09170242233635342
5,drug_fingerprint_bit_201,0.09146293405378621
5,drug_fingerprint_bit_61,0.08757054562940118
5,drug_fingerprint_bit_114,0.0870493918726867
5,drug_fingerprint_bit_245,0.08566828606272246
5,fingerprint_H_bit_70,0.08562766005242237
5,drug_fingerprint_bit_46,0.08454442539903283
5,drug_fingerprint_bit_148,0.08286606392382191
5,poly_balaban_j_index_sum_fullpolymerfeaturizer,0.07975082253696393
5,poly_sp3_carbon_count_sidechainfeaturizer_sum,0.07900639170302433
5,drug_fingerprint_bit_74,0.07815257566454682
5,poly_num_hbond_donors_sidechainfeaturizer_sum,0.07711344605656358
5,drug_fingerprint_bit_196,0.07475825576666237
5,drug_fingerprint_bit_212,0.07295504178476124
5,poly_sp3_carbon_count_sum_fullpolymerfeaturizer,0.07195673315371295
5,fingerprint_H_bit_214,0.07110486313417981
5,drug_fingerprint_bit_152,0.06872942033554676
5,fingerprint_H_bit_57,0.06699844670753889
5,drug_fingerprint_bit_223,0.06297238026360027
5,drug_fingerprint_bit_75,0.0628179447190562
5,drug_fingerprint_bit_144,0.06211632245391472
5,drug_fingerprint_bit_72,0.061900597402419745
5,drug_fingerprint_bit_73,0.06129568717499218
5,drug_fingerprint_bit_202,0.06054980683663393
5,drug_fingerprint_bit_204,0.059909436091594236
5,drug_fingerprint_bit_140,0.05368744923875597
5,fingerprint_H_bit_18,0.0532665695950606
5,drug_fingerprint_bit_26,0.050357127608807895
5,drug_fingerprint_bit_69,0.049750690918200946
5,drug_fingerprint_bit_0,0.04968489425631127
5,drug_fingerprint_bit_50,0.04917944946349019
5,poly_slogp_vsa1_sidechainfeaturizer_sum,0.04568480728056089
5,drug_fingerprint_bit_173,0.04474059689339547
5,drug_fingerprint_bit_199,0.043794551661962826
5,fingerprint_H_bit_98,0.04324154409440265
5,fingerprint_H_bit_164,0.04216280834624116
5,fingerprint_H_bit_224,0.04208995023909877
5,drug_fraction_bicyclic_rings_sum_fullmolecularfeaturizer,0.041949737555776134
5,drug_fingerprint_bit_191,0.04022090966180526
5,drug_fingerprint_bit_193,0.0397387647803617
5,drug_fingerprint_bit_109,0.039497616223594594
5,drug_fingerprint_bit_240,0.03944849782337672
5,drug_fingerprint_bit_41,0.0374288488926
5,poly_num_non_aromatic_rings_sum_fullpolymerfeaturizer,0.03738321084429184
5,drug_fingerprint_bit_224,0.036964958825931725
5,drug_fingerprint_bit_150,0.03692524937208959
5,drug_fingerprint_bit_1,0.03619458047135991
5,drug_fingerprint_bit_135,0.03536541013677248
5,drug_fingerprint_bit_93,0.03525243463954309
5,drug_fingerprint_bit_235,0.03513656620301443
5,drug_fingerprint_bit_78,0.035040750436496786
5,drug_fingerprint_bit_27,0.03464916036229697
5,fingerprint_H_bit_34,0.03427109343719735
5,fingerprint_H_bit_219,0.03403532428500782
5,drug_fingerprint_bit_84,0.03375030354992461
5,fingerprint_H_bit_131,0.03221506802762415
5,drug_logd_at_WATER_PH,0.032031847438723685
5,drug_fingerprint_bit_253,0.03149730642215006
5,drug_fingerprint_bit_104,0.031475984512102255
5,drug_fingerprint_bit_103,0.03101958668354234
5,fingerprint_H_bit_205,0.030971768116334664
5,drug_fingerprint_bit_57,0.030250844103849244
5,drug_fingerprint_bit_153,0.03013784644720548
5,drug_fingerprint_bit_218,0.029704010454866363
5,drug_fingerprint_bit_252,0.02859026197188432
5,drug_fingerprint_bit_248,0.027945819554464995
5,poly_molecular_weight_sum_fullpolymerfeaturizer,0.027850504828811223
5,drug_fingerprint_bit_43,0.026873185536726373
5,drug_fingerprint_bit_97,0.025844295785181968
5,fingerprint_H_bit_216,0.025477023199396327
5,fingerprint_H_bit_158,0.025343178068939775
5,drug_fingerprint_bit_127,0.02447406443882827
5,drug_fingerprint_bit_2,0.02380442399980989
5,fingerprint_H_bit_65,0.023797162496349396
5,drug_fingerprint_bit_32,0.023776895663927437
5,poly_num_rotatable_bonds_sidechainfeaturizer_sum,0.023413396096902846
5,drug_fingerprint_bit_117,0.02256166150633912
5,drug_fingerprint_bit_113,0.02239171893478892
5,drug_fingerprint_bit_213,0.022338484925578668
5,drug_fingerprint_bit_96,0.0222785643589243
5,drug_fingerprint_bit_136,0.021991017063563236
5,drug_fingerprint_bit_62,0.020530990544455476
5,drug_fingerprint_bit_77,0.020205649639765094
5,fingerprint_H_bit_227,0.019057898224168864
5,drug_fingerprint_bit_194,0.016763589761439438
5,drug_fingerprint_bit_85,0.01670773496478903
5,fingerprint_H_bit_66,0.01549899085363275
5,fingerprint_H_bit_112,0.015093439940227724
5,drug_fingerprint_bit_154,0.013950055207495501
5,drug_fingerprint_bit_92,0.012992399331694604
5,drug_bridging_rings_count_sum_fullmolecularfeaturizer,0.012829093315195748
5,drug_fingerprint_bit_47,0.012048469049303257
5,poly_num_atoms_sum_fullpolymerfeaturizer,0.011757575889663807
5,drug_fingerprint_bit_101,0.011555399200360719
5,drug_fingerprint_bit_70,0.011520556909365579
5,fingerprint_H_bit_114,0.011259705315809372
5,drug_fingerprint_bit_31,0.010905628814679966
5,drug_fingerprint_bit_170,0.010710402383428245
5,drug_fingerprint_bit_44,0.01051639799951876
5,drug_fingerprint_bit_14,0.010245882410138159
5,drug_fingerprint_bit_90,0.009974697176471148
5,fingerprint_H_bit_174,0.009383837970623542
5,drug_fingerprint_bit_134,0.008917117476134415
5,drug_fingerprint_bit_227,0.00850080296303915
5,fingerprint_H_bit_251,0.00843921702892855
5,drug_fingerprint_bit_169,0.008115352548109066
5,drug_fingerprint_bit_219,0.008104294559307003
5,drug_fingerprint_bit_16,0.007473042826347157
5,drug_double_bonds_sum_fullmolecularfeaturizer,0.006797814075444977
5,drug_fingerprint_bit_8,0.006285296822799705
5,fingerprint_H_bit_144,0.005807013157976421
5,drug_fingerprint_bit_99,0.0057896271410397635
5,poly_num_aliphatic_heterocycles_sum_backbonefeaturizer,0.005439589220523404
5,fingerprint_H_bit_233,0.0046496262187845005
5,fingerprint_H_bit_185,0.0046353416419560355
5,drug_fingerprint_bit_7,0.004611059536386262
5,fingerprint_H_bit_106,0.004263213674510059
5,drug_fingerprint_bit_162,0.00373333743499766
5,fingerprint_H_bit_46,0.0036917271126074174
5,drug_fingerprint_bit_34,0.003666203771077764
5,poly_num_non_aromatic_rings_sum_backbonefeaturizer,0.0034775353057394575
5,drug_fingerprint_bit_171,0.0031010059214799934
5,drug_fingerprint_bit_20,0.0030187587112451364
5,drug_fingerprint_bit_100,0.002374980530715046
5,drug_fingerprint_bit_208,0.0021983128792188327
5,drug_fingerprint_bit_225,0.0019839597672749224
5,fingerprint_H_bit_116,0.001294456755771203
5,poly_num_aliphatic_heterocycles_sum_fullpolymerfeaturizer,0.0012350038000958352
5,drug_fingerprint_bit_67,0.001185940728306269
5,drug_fingerprint_bit_22,0.0009935225705229108
5,fingerprint_H_bit_134,0.0006984281866440177
5,fingerprint_H_bit_26,0.0004567206426934028
5,drug_fingerprint_bit_81,0.0004450929166401726
5,drug_fingerprint_bit_137,0.0004307636922799126
5,drug_fingerprint_bit_132,0.0002535897645252353
5,drug_bromine_count_sum_fullmolecularfeaturizer,0.0
5,fingerprint_H_bit_62,0.0
5,fingerprint_H_bit_60,0.0
5,drug_iodine_count_sum_fullmolecularfeaturizer,0.0
5,fingerprint_H_bit_55,0.0
5,fingerprint_H_bit_59,0.0
5,fingerprint_H_bit_51,0.0
5,fingerprint_H_bit_230,0.0
5,fingerprint_H_bit_234,0.0
5,fingerprint_H_bit_231,0.0
5,fingerprint_H_bit_238,0.0
5,fingerprint_H_bit_9,0.0
5,fingerprint_H_bit_10,0.0
5,drug_fingerprint_bit_254,0.0
5,fingerprint_H_bit_11,0.0
5,fingerprint_H_bit_76,0.0
5,fingerprint_H_bit_77,0.0
5,fingerprint_H_bit_79,0.0
5,fingerprint_H_bit_47,0.0
5,fingerprint_H_bit_49,0.0
5,fingerprint_H_bit_50,0.0
5,fingerprint_H_bit_43,0.0
5,fingerprint_H_bit_180,0.0
5,fingerprint_H_bit_35,0.0
5,fingerprint_H_bit_31,0.0
5,fingerprint_H_bit_181,0.0
5,fingerprint_H_bit_189,0.0
5,fingerprint_H_bit_190,0.0
5,fingerprint_H_bit_187,0.0
5,fingerprint_H_bit_184,0.0
5,poly_triple_bonds_sum_fullpolymerfeaturizer,0.0
5,poly_bridging_rings_count_sum_fullpolymerfeaturizer,0.0
5,poly_num_non_aromatic_rings_sidechainfeaturizer_sum,0.0
5,poly_fraction_bicyclic_rings_sidechainfeaturizer_sum,0.0
5,fingerprint_H_bit_223,0.0
5,poly_total_halogens_sidechainfeaturizer_sum,0.0
5,drug_fingerprint_bit_195,0.0
5,fingerprint_H_bit_188,0.0
5,poly_chlorine_count_sidechainfeaturizer_sum,0.0
5,poly_bromine_count_sidechainfeaturizer_sum,0.0
5,poly_triple_bonds_sidechainfeaturizer_sum,0.0
5,poly_iodine_count_sidechainfeaturizer_sum,0.0
5,poly_bridging_rings_count_sidechainfeaturizer_sum,0.0
5,poly_fraction_bicyclic_rings_sum_backbonefeaturizer,0.0
5,drug_fingerprint_bit_190,0.0
5,fingerprint_H_bit_206,0.0
5,fingerprint_H_bit_208,0.0
5,fingerprint_H_bit_209,0.0
5,fingerprint_H_bit_210,0.0
5,fingerprint_H_bit_179,0.0
5,fingerprint_H_bit_166,0.0
5,fingerprint_H_bit_168,0.0
5,poly_fluorine_count_sidechainfeaturizer_sum,0.0
5,drug_fingerprint_bit_198,0.0
5,fingerprint_H_bit_170,0.0
5,fingerprint_H_bit_169,0.0
5,fingerprint_H_bit_171,0.0
5,fingerprint_H_bit_172,0.0
5,poly_fluorine_count_sum_backbonefeaturizer,0.0
5,poly_chlorine_count_sum_backbonefeaturizer,0.0
5,fingerprint_H_bit_173,0.0
5,poly_total_halogens_sum_backbonefeaturizer,0.0
5,poly_iodine_count_sum_backbonefeaturizer,0.0
5,poly_bromine_count_sum_backbonefeaturizer,0.0
5,poly_triple_bonds_sum_backbonefeaturizer,0.0
5,fingerprint_H_bit_153,0.0
5,fingerprint_H_bit_156,0.0
5,fingerprint_H_bit_154,0.0
5,fingerprint_H_bit_157,0.0
5,drug_fingerprint_bit_21,0.0
5,poly_bridging_rings_count_sum_backbonefeaturizer,0.0
5,fingerprint_H_bit_191,0.0
5,fingerprint_H_bit_192,0.0
5,fingerprint_H_bit_193,0.0
5,fingerprint_H_bit_194,0.0
5,fingerprint_H_bit_200,0.0
5,fingerprint_H_bit_201,0.0
5,fingerprint_H_bit_235,0.0
5,fingerprint_H_bit_202,0.0
5,fingerprint_H_bit_203,0.0
5,poly_num_aliphatic_heterocycles_sidechainfeaturizer_sum,0.0
5,fingerprint_H_bit_25,0.0
5,fingerprint_H_bit_29,0.0
5,drug_triple_bonds_sum_fullmolecularfeaturizer,0.0
5,drug_fingerprint_bit_244,0.0
5,fingerprint_H_bit_44,0.0
5,fingerprint_H_bit_247,0.0
5,fingerprint_H_bit_246,0.0
5,poly_iodine_count_sum_fullpolymerfeaturizer,0.0
5,poly_bromine_count_sum_fullpolymerfeaturizer,0.0
5,poly_chlorine_count_sum_fullpolymerfeaturizer,0.0
5,poly_fluorine_count_sum_fullpolymerfeaturizer,0.0
5,drug_fingerprint_bit_9,0.0
5,drug_fingerprint_bit_176,0.0
5,fingerprint_H_bit_142,0.0
5,fingerprint_H_bit_165,0.0
5,fingerprint_H_bit_163,0.0
5,fingerprint_H_bit_177,0.0
5,drug_fingerprint_bit_17,0.0
5,fingerprint_H_bit_176,0.0
5,drug_fingerprint_bit_209,0.0
5,fingerprint_H_bit_248,0.0
5,fingerprint_H_bit_150,0.0
5,fingerprint_H_bit_149,0.0
5,fingerprint_H_bit_148,0.0
5,fingerprint_H_bit_146,0.0
5,drug_fingerprint_bit_54,0.0
5,fingerprint_H_bit_160,0.0
5,drug_fingerprint_bit_51,0.0
5,fingerprint_H_bit_152,0.0
5,fingerprint_H_bit_130,0.0
5,fingerprint_H_bit_161,0.0
5,fingerprint_H_bit_135,0.0
5,fingerprint_H_bit_178,0.0
5,fingerprint_H_bit_195,0.0
5,fingerprint_H_bit_196,0.0
5,fingerprint_H_bit_198,0.0
5,fingerprint_H_bit_225,0.0
5,fingerprint_H_bit_141,0.0
5,fingerprint_H_bit_117,0.0
5,fingerprint_H_bit_124,0.0
5,fingerprint_H_bit_122,0.0
5,fingerprint_H_bit_127,0.0
5,fingerprint_H_bit_129,0.0
5,fingerprint_H_bit_97,0.0
5,fingerprint_H_bit_126,0.0
5,drug_fingerprint_bit_166,0.0
5,fingerprint_H_bit_108,0.0
5,fingerprint_H_bit_109,0.0
5,fingerprint_H_bit_110,0.0
5,fingerprint_H_bit_111,0.0
5,fingerprint_H_bit_82,0.0
5,fingerprint_H_bit_83,0.0
5,fingerprint_H_bit_99,0.0
5,drug_fingerprint_bit_87,0.0
5,drug_fingerprint_bit_68,0.0
5,drug_fingerprint_bit_157,0.0
5,fingerprint_H_bit_115,0.0
5,fingerprint_H_bit_94,0.0
5,fingerprint_H_bit_95,0.0
5,fingerprint_H_bit_96,0.0
5,drug_fingerprint_bit_220,0.0
5,drug_fingerprint_bit_221,0.0
5,fingerprint_H_bit_221,0.0
5,fingerprint_H_bit_249,0.0
5,fingerprint_H_bit_132,0.0
5,fingerprint_H_bit_136,0.0
5,fingerprint_H_bit_137,0.0
5,fingerprint_H_bit_140,0.0
5,fingerprint_H_bit_199,0.0
5,fingerprint_H_bit_255,0.0
5,fingerprint_H_bit_254,0.0
5,fingerprint_H_bit_253,0.0
5,fingerprint_H_bit_252,0.0
5,fingerprint_H_bit_250,0.0
5,fingerprint_H_bit_40,0.0
5,poly_fraction_bicyclic_rings_sum_fullpolymerfeaturizer,0.0
5,fingerprint_H_bit_36,0.0
5,poly_total_halogens_sum_fullpolymerfeaturizer,0.0
5,fingerprint_H_bit_101,0.0
5,fingerprint_H_bit_103,0.0
5,fingerprint_H_bit_102,0.0
5,fingerprint_H_bit_104,0.0
5,fingerprint_H_bit_105,0.0
5,fingerprint_H_bit_107,0.0
5,fingerprint_H_bit_228,0.0
5,drug_fingerprint_bit_98,0.0
5,drug_fingerprint_bit_102,0.0
5,fingerprint_H_bit_87,0.0
5,fingerprint_H_bit_86,0.0
5,fingerprint_H_bit_90,0.0
5,fingerprint_H_bit_91,0.0
5,fingerprint_H_bit_92,0.0
5,fingerprint_H_bit_88,0.0
5,fingerprint_H_bit_93,0.0
5,drug_fingerprint_bit_232,0.0
5,drug_fingerprint_bit_234,0.0
5,fingerprint_H_bit_12,0.0
5,fingerprint_H_bit_14,0.0
5,fingerprint_H_bit_15,0.0
5,fingerprint_H_bit_16,0.0
5,fingerprint_H_bit_229,0.0
5,fingerprint_H_bit_17,0.0
5,fingerprint_H_bit_19,0.0
5,fingerprint_H_bit_21,0.0
5,fingerprint_H_bit_20,0.0
5,fingerprint_H_bit_23,0.0
5,drug_fingerprint_bit_215,0.0
5,drug_fingerprint_bit_217,0.0
5,fingerprint_H_bit_22,0.0
5,fingerprint_H_bit_215,0.0
5,fingerprint_H_bit_220,0.0
5,fingerprint_H_bit_71,0.0
5,fingerprint_H_bit_72,0.0
5,fingerprint_H_bit_73,0.0
5,fingerprint_H_bit_74,0.0
5,fingerprint_H_bit_75,0.0
5,fingerprint_H_bit_211,0.0
5,drug_fingerprint_bit_112,0.0
5,drug_fingerprint_bit_88,0.0
5,fingerprint_H_bit_8,0.0
5,drug_fingerprint_bit_89,0.0
5,fingerprint_H_bit_24,0.0
5,drug_fingerprint_bit_123,0.0
5,fingerprint_H_bit_239,0.0
5,fingerprint_H_bit_240,0.0
5,fingerprint_H_bit_241,0.0
5,fingerprint_H_bit_242,0.0
5,fingerprint_H_bit_243,0.0
5,fingerprint_H_bit_244,0.0
5,fingerprint_H_bit_0,0.0
5,fingerprint_H_bit_3,0.0
5,fingerprint_H_bit_5,0.0
5,fingerprint_H_bit_6,0.0
5,poly_topological_surface_area_sum_fullpolymerfeaturizer,-0.00014322024723584633
5,fingerprint_H_bit_30,-0.0004843359196545771
5,drug_fingerprint_bit_52,-0.0005324273267852715
5,drug_fingerprint_bit_79,-0.0014755764906497018
5,drug_max_estate_index_sum_fullmolecularfeaturizer,-0.0017252419515128331
5,drug_fingerprint_bit_161,-0.0017812373587446524
5,drug_fingerprint_bit_172,-0.0017957218171563705
5,poly_num_hbond_acceptors_sum_fullpolymerfeaturizer,-0.002529687655029874
5,drug_fingerprint_bit_19,-0.0025474772910910465
5,drug_fingerprint_bit_187,-0.003525898407557317
5,drug_fingerprint_bit_29,-0.0043397665648092455
5,poly_smr_vsa5_sidechainfeaturizer_sum,-0.004906080472310488
5,drug_fingerprint_bit_156,-0.005314125801073123
5,drug_fingerprint_bit_179,-0.006071377244446666
5,drug_fingerprint_bit_65,-0.0068720666942685815
5,drug_fingerprint_bit_58,-0.007986082734129554
5,drug_fingerprint_bit_56,-0.008610261992058891
5,drug_fingerprint_bit_60,-0.008802814652612016
5,drug_fingerprint_bit_229,-0.00917227457419602
5,poly_single_bonds_sidechainfeaturizer_sum,-0.009549310132424342
5,drug_fingerprint_bit_149,-0.009626711661179075
5,drug_max_ring_size_sum_fullmolecularfeaturizer,-0.011427950321108512
5,drug_fingerprint_bit_231,-0.014134492559311996
5,drug_fingerprint_bit_237,-0.014669736581983154
5,drug_fingerprint_bit_238,-0.01570299324447168
5,fingerprint_H_bit_226,-0.019207684257260303
5,drug_fingerprint_bit_71,-0.019950769907676
5,drug_fingerprint_bit_82,-0.02143871304784126
5,drug_fingerprint_bit_222,-0.022185621559070667
5,drug_fingerprint_bit_251,-0.022278957193474856
5,drug_fingerprint_bit_243,-0.02342329658143133
5,drug_fingerprint_bit_80,-0.02345961910908236
5,drug_fingerprint_bit_211,-0.02467648183449198
5,drug_fingerprint_bit_121,-0.025621391532318745
5,logd_at_WATER_PH_H,-0.027221831205721667
5,drug_fingerprint_bit_23,-0.03258952494458694
5,drug_fingerprint_bit_66,-0.03284926451381666
5,drug_fingerprint_bit_124,-0.03479601308720231
5,drug_fingerprint_bit_25,-0.03594159816933911
5,drug_fingerprint_bit_55,-0.036513280698895825
5,drug_fingerprint_bit_182,-0.03756497114770824
5,drug_fingerprint_bit_210,-0.03962356542546796
5,drug_fingerprint_bit_147,-0.04047848308375489
5,drug_fingerprint_bit_3,-0.04144648359811763
5,fingerprint_H_bit_218,-0.04194506659843388
5,drug_fingerprint_bit_5,-0.04325754617993723
5,fingerprint_H_bit_68,-0.044866004466615775
5,drug_charge_at_WATER_PH,-0.045782534000489074
5,drug_fingerprint_bit_59,-0.04613798112884788
5,drug_fingerprint_bit_241,-0.046605019884144984
5,drug_single_bonds_sum_fullmolecularfeaturizer,-0.0524041881491907
5,poly_num_hbond_acceptors_sidechainfeaturizer_sum,-0.05544962397364306
5,drug_chlorine_count_sum_fullmolecularfeaturizer,-0.05775126244766462
5,drug_fingerprint_bit_183,-0.05876454972708506
5,fingerprint_H_bit_7,-0.06022660120012777
5,fingerprint_H_bit_80,-0.06084224190691516
5,drug_fingerprint_bit_138,-0.061880771190248575
5,drug_fingerprint_bit_48,-0.06572890355292935
5,drug_sp3_carbon_count_sum_fullmolecularfeaturizer,-0.06661757590818358
5,drug_fingerprint_bit_129,-0.07705940447733876
5,drug_fingerprint_bit_91,-0.08325039207313933
5,drug_fingerprint_bit_174,-0.08365568147719162
5,drug_num_atoms_sum_fullmolecularfeaturizer,-0.08762287628497378
5,drug_fingerprint_bit_53,-0.09306554739884794
5,drug_smr_vsa5_sum_fullmolecularfeaturizer,-0.09392935080034515
5,drug_fingerprint_bit_131,-0.09676898828954032
5,drug_fingerprint_bit_192,-0.10461663083231716
5,drug_fingerprint_bit_239,-0.10599657623916306
5,drug_fingerprint_bit_233,-0.10636384924631291
5,drug_num_non_aromatic_rings_sum_fullmolecularfeaturizer,-0.10777407884342462
5,fingerprint_H_bit_63,-0.11156363485491479
5,drug_fingerprint_bit_38,-0.11341797396358233
5,fingerprint_H_bit_39,-0.11387714313235453
5,poly_max_estate_index_sum_fullpolymerfeaturizer,-0.11468513921192988
5,drug_molecular_weight_sum_fullmolecularfeaturizer,-0.11620821117688776
5,drug_fingerprint_bit_230,-0.11668308698419573
5,drug_fingerprint_bit_86,-0.12029375119711062
5,drug_fingerprint_bit_49,-0.12199664468358708
5,drug_fingerprint_bit_168,-0.12941127561141857
5,drug_num_aliphatic_heterocycles_sum_fullmolecularfeaturizer,-0.13750809082806487
5,poly_max_estate_index_sum_backbonefeaturizer,-0.1456601763937337
5,drug_fingerprint_bit_143,-0.16669166935640897
5,drug_fingerprint_bit_40,-0.17007000693697044
5,fingerprint_H_bit_212,-0.17898261166822374
5,fingerprint_H_bit_145,-0.18461939753097356
5,fingerprint_H_bit_207,-0.1855404483314196
5,drug_fingerprint_bit_188,-0.19195364363856285
5,drug_fingerprint_bit_111,-0.19767881491997824
5,fingerprint_H_bit_143,-0.20523553673840475
5,homo_eV_H,-0.2081849647500267
5,fingerprint_H_bit_38,-0.20873304063715975
5,drug_fingerprint_bit_158,-0.21435816394246104
5,poly_molecular_weight_sum_backbonefeaturizer,-0.21455351455104293
5,drug_fingerprint_bit_207,-0.21494792423208872
5,drug_fingerprint_bit_133,-0.22655331421665828
5,fingerprint_H_bit_175,-0.22954359967072774
5,fingerprint_H_bit_42,-0.23109152365703997
5,fingerprint_H_bit_32,-0.246505591274594
5,drug_fingerprint_bit_200,-0.2592579009699747
5,fingerprint_H_bit_54,-0.2592671053540205
5,drug_fingerprint_bit_175,-0.271264106523568
5,drug_fingerprint_bit_228,-0.2770007150166233
5,fingerprint_H_bit_133,-0.29266160298624083
5,drug_fingerprint_bit_107,-0.29591120066258175
5,drug_fingerprint_bit_214,-0.3398449267393349
5,drug_fingerprint_bit_163,-0.38445112342543813
5,poly_double_bonds_sum_fullpolymerfeaturizer,-0.3903889314156868
5,drug_fingerprint_bit_64,-0.3917167948705309
5,fingerprint_H_bit_64,-0.45419991379987906
5,poly_heteroatom_count_sum_fullpolymerfeaturizer,-0.495838089081423
5,drug_fingerprint_bit_186,-0.5068628115184852
5,drug_fingerprint_bit_249,-0.5112193311349119
5,fingerprint_H_bit_125,-0.5317921273645684
5,fingerprint_H_bit_138,-0.5496072700896609
5,poly_num_hbond_acceptors_sum_backbonefeaturizer,-0.5590600361550936
5,WATER_PH,-0.6400709826551475
5,drug_fingerprint_bit_141,-0.6507291203104797
5,poly_double_bonds_sum_backbonefeaturizer,-0.6546280386306759
5,fingerprint_H_bit_120,-0.8252100059331502
5,poly_heteroatom_density_sum_fullpolymerfeaturizer,-0.9585774152546438
5,CONCENTRATION,-1.1945533853387291
5,drug_fingerprint_bit_11,-1.3593187876106643
5,fingerprint_H_bit_67,-1.6503880163452234
5,fingerprint_H_bit_4,-7.633236410347473
6,fingerprint_H_bit_2,4.4826633682444035
6,fingerprint_H_bit_120,2.9546902183372232
6,fingerprint_H_bit_58,2.2674565104063356
6,fingerprint_H_bit_33,2.0595183423881642
6,poly_heteroatom_density_sidechainfeaturizer_sum,1.9925876466587713
6,poly_sp2_carbon_count_sum_backbonefeaturizer,1.9925101838762604
6,fingerprint_H_bit_222,1.8939002682879675
6,fingerprint_H_bit_1,1.6730252471813487
6,poly_smr_vsa5_sum_backbonefeaturizer,1.598882916661632
6,fingerprint_H_bit_84,1.4530627377785608
6,fingerprint_H_bit_145,1.4287612628204356
6,fingerprint_H_bit_214,1.4015716879728377
6,fingerprint_H_bit_54,1.2484104834391194
6,fingerprint_H_bit_232,1.179808367523352
6,fingerprint_H_bit_81,1.1789632546583557
6,fingerprint_H_bit_204,1.174817485864825
6,poly_fp_density_morgan1_sidechainfeaturizer_sum,1.167355109480879
6,fingerprint_H_bit_155,1.144877691712679
6,fingerprint_H_bit_100,1.1199461531266794
6,fingerprint_H_bit_151,1.111136895400287
6,drug_fingerprint_bit_110,1.06259461958151
6,fingerprint_H_bit_133,1.01187185269757
6,poly_max_ring_size_sum_fullpolymerfeaturizer,0.987219172366287
6,fingerprint_H_bit_128,0.9720559248178426
6,poly_balaban_j_index_sidechainfeaturizer_sum,0.9713439197170379
6,fingerprint_H_bit_78,0.9305356406816941
6,poly_num_hbond_donors_sidechainfeaturizer_sum,0.9208127380706254
6,fingerprint_H_bit_159,0.9206199569721342
6,lumo_eV_H,0.9004593060574667
6,poly_single_bonds_sum_backbonefeaturizer,0.8940898703050018
6,fingerprint_H_bit_28,0.8911935049672038
6,poly_num_atoms_sidechainfeaturizer_sum,0.8783090749914731
6,fingerprint_H_bit_147,0.8540613649633287
6,fingerprint_H_bit_85,0.8396566952663935
6,poly_num_rotatable_bonds_sum_backbonefeaturizer,0.7821090660065572
6,fingerprint_H_bit_236,0.7806201336049202
6,poly_num_aromatic_rings_sidechainfeaturizer_sum,0.7534633038858434
6,poly_num_rings_sum_backbonefeaturizer,0.7479230168772945
6,fingerprint_H_bit_56,0.7387543550374
6,poly_max_estate_index_sidechainfeaturizer_sum,0.7208955142720749
6,poly_heteroatom_count_sidechainfeaturizer_sum,0.715241390015415
6,poly_double_bonds_sum_backbonefeaturizer,0.7107273746078643
6,poly_sp3_carbon_count_sum_backbonefeaturizer,0.7053538670429893
6,drug_fingerprint_bit_167,0.6913079026306314
6,fingerprint_H_bit_217,0.6843789851919908
6,poly_molecular_weight_sidechainfeaturizer_sum,0.6171948715380927
6,fingerprint_H_bit_69,0.6164501312781028
6,fingerprint_H_bit_139,0.6126738339997493
6,fingerprint_H_bit_218,0.5840499439837173
6,poly_num_hbond_acceptors_sidechainfeaturizer_sum,0.5793871163620572
6,fingerprint_H_bit_118,0.5786253148980338
6,poly_smr_vsa5_sidechainfeaturizer_sum,0.5669051882573053
6,drug_fingerprint_bit_250,0.5600002522704605
6,poly_balaban_j_index_sum_backbonefeaturizer,0.5538714437874113
6,poly_single_bonds_sidechainfeaturizer_sum,0.5366718329291468
6,drug_topological_surface_area_sum_fullmolecularfeaturizer,0.5163125562715475
6,drug_fingerprint_bit_201,0.4969924999346783
6,fingerprint_H_bit_197,0.4912814784020235
6,drug_fingerprint_bit_50,0.488822008347732
6,fingerprint_H_bit_167,0.48481025075787443
6,drug_fingerprint_bit_180,0.48477671145770923
6,drug_num_rotatable_bonds_sum_fullmolecularfeaturizer,0.4488075171546001
6,poly_sp2_carbon_count_sidechainfeaturizer_sum,0.4434508890396073
6,fingerprint_H_bit_213,0.438603389297963
6,drug_fingerprint_bit_33,0.43841457444824894
6,poly_num_hbond_donors_sum_backbonefeaturizer,0.43801137483450603
6,poly_fp_density_morgan1_sum_fullpolymerfeaturizer,0.4234301408556477
6,poly_slogp_vsa1_sum_fullpolymerfeaturizer,0.4115871891948889
6,fingerprint_H_bit_27,0.3967789506493224
6,poly_sp3_carbon_count_sidechainfeaturizer_sum,0.39645389171644735
6,poly_topological_surface_area_sidechainfeaturizer_sum,0.39434997078482514
6,drug_fingerprint_bit_128,0.3920809800256308
6,drug_num_rings_sum_fullmolecularfeaturizer,0.3911162600933017
6,drug_fingerprint_bit_22,0.3898901921662961
6,fingerprint_H_bit_119,0.3889716127553203
6,poly_max_ring_size_sidechainfeaturizer_sum,0.38635595020192065
6,poly_fp_density_morgan1_sum_backbonefeaturizer,0.3860037563826154
6,drug_balaban_j_index_sum_fullmolecularfeaturizer,0.3824932487469321
6,fingerprint_H_bit_45,0.3786762171709141
6,fingerprint_H_bit_67,0.3619573379443627
6,drug_fingerprint_bit_12,0.3612315657010687
6,drug_fingerprint_bit_6,0.35327763504592385
6,poly_topological_surface_area_sum_backbonefeaturizer,0.3505966263876921
6,drug_fingerprint_bit_159,0.3456016554380765
6,poly_num_rings_sum_fullpolymerfeaturizer,0.3434573068312177
6,poly_balaban_j_index_sum_fullpolymerfeaturizer,0.3408409610435311
6,poly_molecular_weight_sum_backbonefeaturizer,0.3258481721234722
6,poly_double_bonds_sum_fullpolymerfeaturizer,0.3180434835404063
6,drug_fingerprint_bit_178,0.31742878297277105
6,fingerprint_H_bit_251,0.3151897923434181
6,drug_fingerprint_bit_139,0.3119462682003967
6,poly_num_aromatic_rings_sum_fullpolymerfeaturizer,0.31185439101527007
6,drug_fingerprint_bit_63,0.306038096421675
6,drug_fingerprint_bit_160,0.30243979210063593
6,drug_fingerprint_bit_74,0.29622417091827774
6,drug_fingerprint_bit_255,0.2950993677610117
6,drug_fingerprint_bit_0,0.29301763254529073
6,drug_fingerprint_bit_39,0.29055396763025904
6,drug_fingerprint_bit_45,0.28813540798979315
6,drug_slogp_vsa1_sum_fullmolecularfeaturizer,0.2878701323094548
6,poly_sp3_carbon_count_sum_fullpolymerfeaturizer,0.2824390991417602
6,drug_fingerprint_bit_24,0.27662854990413
6,drug_sp2_carbon_count_sum_fullmolecularfeaturizer,0.2669021591415463
6,drug_fraction_bicyclic_rings_sum_fullmolecularfeaturizer,0.2622746898279577
6,fingerprint_H_bit_48,0.25837114408076084
6,drug_heteroatom_count_sum_fullmolecularfeaturizer,0.25021047552734504
6,drug_bridging_rings_count_sum_fullmolecularfeaturizer,0.24562988469006747
6,fingerprint_H_bit_113,0.24261540868036585
6,poly_num_rotatable_bonds_sidechainfeaturizer_sum,0.2315802114222838
6,drug_fingerprint_bit_237,0.23151784199719555
6,drug_fingerprint_bit_253,0.2268969561180151
6,fingerprint_H_bit_70,0.22687266938464637
6,drug_fingerprint_bit_136,0.2212755303071662
6,drug_fingerprint_bit_197,0.22023016094924622
6,drug_fingerprint_bit_30,0.21829412525803976
6,drug_fingerprint_bit_206,0.2102922405054617
6,drug_fingerprint_bit_202,0.2087170182105393
6,drug_fingerprint_bit_203,0.19833039665950572
6,drug_lumo_eV,0.193744722406359
6,drug_logp,0.19366321589038682
6,drug_fingerprint_bit_115,0.1929988667848376
6,drug_fingerprint_bit_15,0.19239319167556776
6,drug_fingerprint_bit_177,0.191767694717581
6,poly_num_rotatable_bonds_sum_fullpolymerfeaturizer,0.18839468095929052
6,fingerprint_H_bit_89,0.18375133615782563
6,drug_fingerprint_bit_99,0.1824540669310563
6,fingerprint_H_bit_121,0.18047102271495885
6,drug_fingerprint_bit_218,0.18016931888419357
6,fingerprint_H_bit_226,0.17946204765104445
6,drug_fingerprint_bit_73,0.17695119602517023
6,drug_fingerprint_bit_109,0.17527749751770885
6,fingerprint_H_bit_52,0.17377452807861724
6,fingerprint_H_bit_162,0.1733995338114311
6,drug_num_hbond_donors_sum_fullmolecularfeaturizer,0.17334710044279106
6,drug_fingerprint_bit_26,0.16273184324587936
6,drug_total_halogens_sum_fullmolecularfeaturizer,0.16011002585440168
6,drug_fingerprint_bit_83,0.15981799647191128
6,drug_homo_eV,0.1597208406066353
6,drug_fingerprint_bit_94,0.15804302076964377
6,drug_fingerprint_bit_140,0.15616463055035373
6,drug_fingerprint_bit_242,0.15463811092639354
6,drug_fingerprint_bit_71,0.15279942764454213
6,drug_fingerprint_bit_61,0.1515272039750446
6,drug_fingerprint_bit_46,0.15034733108357065
6,drug_fingerprint_bit_252,0.14968261012102071
6,drug_fingerprint_bit_189,0.14943628468707268
6,drug_fingerprint_bit_184,0.14931766086886525
6,drug_fingerprint_bit_146,0.14911703336088694
6,drug_fingerprint_bit_4,0.14744343930944362
6,drug_fingerprint_bit_108,0.14703219255328134
6,drug_fingerprint_bit_145,0.14342892202220375
6,drug_fingerprint_bit_164,0.13608751131251767
6,drug_fingerprint_bit_120,0.13534700522021953
6,drug_fingerprint_bit_147,0.1320003755186047
6,logp_H,0.12686156225378023
6,drug_fingerprint_bit_236,0.12508994659565206
6,drug_fingerprint_bit_119,0.1250080010860044
6,drug_num_aromatic_rings_sum_fullmolecularfeaturizer,0.12429046948128905
6,drug_fingerprint_bit_205,0.12270683898233907
6,drug_fingerprint_bit_193,0.12023024989346413
6,drug_fingerprint_bit_77,0.12004567648736168
6,drug_fingerprint_bit_169,0.11761077039351854
6,drug_fingerprint_bit_122,0.11679533196062551
6,drug_fingerprint_bit_69,0.11544755375757085
6,drug_num_atoms_sum_fullmolecularfeaturizer,0.11533497311805042
6,poly_slogp_vsa1_sidechainfeaturizer_sum,0.11180225667815351
6,drug_fingerprint_bit_10,0.11171813528151482
6,drug_fingerprint_bit_150,0.1108950116825631
6,drug_fingerprint_bit_224,0.10904023231465174
6,drug_fingerprint_bit_142,0.10874534677877327
6,drug_max_estate_index_sum_fullmolecularfeaturizer,0.10766696540552242
6,drug_fingerprint_bit_27,0.10479198246947767
6,drug_fingerprint_bit_161,0.10412796889637578
6,drug_fingerprint_bit_240,0.10402191112991269
6,fingerprint_H_bit_68,0.10380691500293793
6,drug_fingerprint_bit_44,0.10085646112152077
6,drug_fingerprint_bit_151,0.09898959173060617
6,poly_num_hbond_acceptors_sum_backbonefeaturizer,0.09844170252967473
6,drug_fingerprint_bit_156,0.09836356339867482
6,drug_fingerprint_bit_84,0.09418713175269441
6,drug_fingerprint_bit_132,0.09360895449683326
6,drug_fingerprint_bit_118,0.09314220377576783
6,drug_fingerprint_bit_247,0.09180026793341847
6,drug_fingerprint_bit_226,0.08982471495515078
6,poly_double_bonds_sidechainfeaturizer_sum,0.08816356384542014
6,drug_heteroatom_density_sum_fullmolecularfeaturizer,0.08689521438656984
6,drug_fingerprint_bit_196,0.08627384443515271
6,drug_fingerprint_bit_42,0.08362829029387524
6,drug_fingerprint_bit_185,0.08163312083787211
6,drug_fingerprint_bit_229,0.08160335609143979
6,drug_fingerprint_bit_35,0.08129878059373741
6,fingerprint_H_bit_18,0.08067544877672132
6,fingerprint_H_bit_57,0.0803014791683397
6,drug_fingerprint_bit_222,0.07918336494149529
6,drug_charge_at_WATER_PH,0.07544164245258005
6,drug_fingerprint_bit_41,0.07507880100573618
6,fingerprint_H_bit_227,0.07379741813127016
6,drug_fingerprint_bit_114,0.07364141331548528
6,poly_sp2_carbon_count_sum_fullpolymerfeaturizer,0.07023149024969746
6,drug_fingerprint_bit_75,0.06982748409070473
6,drug_fingerprint_bit_155,0.06791450965979731
6,fingerprint_H_bit_174,0.06684082069009598
6,drug_fingerprint_bit_64,0.06652540466934033
6,drug_num_hbond_acceptors_sum_fullmolecularfeaturizer,0.06592483625392417
6,drug_fingerprint_bit_245,0.06530895275931012
6,drug_fingerprint_bit_179,0.06398772772349268
6,drug_fingerprint_bit_170,0.06385705470167721
6,drug_fingerprint_bit_181,0.06301389660614905
6,drug_fingerprint_bit_18,0.0626935819537678
6,drug_fingerprint_bit_246,0.062131857317048886
6,drug_fingerprint_bit_56,0.05741820759689203
6,drug_fingerprint_bit_113,0.05566441179343866
6,drug_fingerprint_bit_248,0.05471981035633481
6,drug_fingerprint_bit_100,0.0546973979133506
6,fingerprint_H_bit_123,0.053756006392536825
6,drug_fingerprint_bit_58,0.05330188094152195
6,drug_fingerprint_bit_28,0.052876820686887774
6,drug_fingerprint_bit_36,0.05263440111702501
6,drug_fluorine_count_sum_fullmolecularfeaturizer,0.05242926798063953
6,drug_fingerprint_bit_210,0.05177784113539414
6,drug_logd_at_WATER_PH,0.05033957884777862
6,poly_num_atoms_sum_fullpolymerfeaturizer,0.050110418975041614
6,drug_fingerprint_bit_76,0.04961376581817214
6,drug_fingerprint_bit_105,0.047638007228551375
6,drug_fingerprint_bit_152,0.04638615526286575
6,drug_fingerprint_bit_116,0.04473621181784
6,drug_fingerprint_bit_5,0.043215823821873334
6,fingerprint_H_bit_224,0.04223801762606161
6,drug_fingerprint_bit_1,0.041703249051346605
6,fingerprint_H_bit_26,0.04046342160299037
6,fingerprint_H_bit_66,0.037631538578684745
6,drug_fingerprint_bit_85,0.036834567454957494
6,drug_fingerprint_bit_95,0.036417775924761656
6,drug_fingerprint_bit_90,0.036122552902532516
6,drug_fingerprint_bit_171,0.03508448518203413
6,drug_fingerprint_bit_67,0.034414113699428796
6,drug_fingerprint_bit_194,0.03347294544295453
6,drug_fingerprint_bit_97,0.03312060509945124
6,poly_max_ring_size_sum_backbonefeaturizer,0.03283287506217546
6,drug_fingerprint_bit_57,0.032399222373985063
6,drug_fingerprint_bit_37,0.03184832067983385
6,drug_fingerprint_bit_72,0.031379463110801406
6,fingerprint_H_bit_53,0.030433156409468882
6,drug_fingerprint_bit_191,0.030168182656972454
6,drug_fingerprint_bit_130,0.027651317311769657
6,drug_fingerprint_bit_137,0.026840781190607284
6,drug_fingerprint_bit_227,0.026537630922844113
6,drug_fingerprint_bit_60,0.0258878452501125
6,fingerprint_H_bit_233,0.025818619497924553
6,drug_fingerprint_bit_238,0.025783711957405395
6,drug_fingerprint_bit_172,0.025437121546650756
6,drug_fingerprint_bit_62,0.02495064148307478
6,fingerprint_H_bit_205,0.024937178207182893
6,fingerprint_H_bit_30,0.024343817345605052
6,fingerprint_H_bit_185,0.024131188433746977
6,drug_fingerprint_bit_78,0.023871801922144487
6,drug_fingerprint_bit_16,0.023268614307793256
6,drug_fingerprint_bit_31,0.022857366513655948
6,drug_fingerprint_bit_93,0.022734327866631526
6,drug_fingerprint_bit_7,0.02239391862029114
6,drug_fingerprint_bit_153,0.022110346913845242
6,poly_num_aliphatic_heterocycles_sum_fullpolymerfeaturizer,0.022024278329121127
6,poly_num_aliphatic_heterocycles_sum_backbonefeaturizer,0.02169653146247308
6,fingerprint_H_bit_98,0.021262891172881337
6,drug_fingerprint_bit_103,0.020666220854645083
6,fingerprint_H_bit_245,0.020290421693817638
6,fingerprint_H_bit_114,0.019992565260376325
6,fingerprint_H_bit_131,0.019464926972622223
6,drug_fingerprint_bit_47,0.018771422472354474
6,drug_fingerprint_bit_135,0.01852376042705417
6,drug_fingerprint_bit_13,0.018408188925899942
6,fingerprint_H_bit_106,0.018213680728476473
6,fingerprint_H_bit_216,0.018098775618741153
6,drug_fingerprint_bit_14,0.017998247161338115
6,drug_fingerprint_bit_32,0.0175624828186074
6,drug_fingerprint_bit_59,0.017212551550569662
6,drug_fingerprint_bit_34,0.01615295867963759
6,drug_fingerprint_bit_127,0.01614491008092764
6,fingerprint_H_bit_164,0.0159859934466614
6,poly_num_non_aromatic_rings_sum_backbonefeaturizer,0.014836703501216634
6,drug_fingerprint_bit_154,0.014159855427652421
6,drug_fingerprint_bit_43,0.01265640764235028
6,drug_fingerprint_bit_104,0.012430336435926155
6,drug_fingerprint_bit_165,0.011560958371890414
6,drug_fingerprint_bit_20,0.011353255823389264
6,drug_fingerprint_bit_126,0.010875871223003685
6,drug_fingerprint_bit_241,0.010120992851690476
6,drug_fingerprint_bit_117,0.00997546381522207
6,fingerprint_H_bit_112,0.009617379997599382
6,drug_fingerprint_bit_134,0.009540346463882177
6,fingerprint_H_bit_34,0.009268929472316603
6,fingerprint_H_bit_116,0.00906377437525672
6,drug_fingerprint_bit_52,0.00870454377242072
6,fingerprint_H_bit_41,0.008155567390204201
6,drug_fingerprint_bit_235,0.006928879557484756
6,drug_fingerprint_bit_204,0.006570680206521846
6,drug_fingerprint_bit_96,0.006540475796588781
6,drug_fingerprint_bit_70,0.00456393828013542
6,drug_fingerprint_bit_81,0.0031873121379120454
6,poly_num_non_aromatic_rings_sum_fullpolymerfeaturizer,0.002992315598086432
6,fingerprint_H_bit_158,0.0029535489143158494
6,fingerprint_H_bit_182,0.0021779412769340318
6,drug_fingerprint_bit_212,0.0021289189752076243
6,drug_single_bonds_sum_fullmolecularfeaturizer,0.0015158197185583652
6,fingerprint_H_bit_65,0.0011605240365546205
6,drug_fingerprint_bit_106,0.00022007806089079988
6,fingerprint_H_bit_144,0.00021506369455998836
6,fingerprint_H_bit_255,1.3345879677574756e-07
6,fingerprint_H_bit_135,0.0
6,fingerprint_H_bit_5,0.0
6,fingerprint_H_bit_6,0.0
6,fingerprint_H_bit_3,0.0
6,fingerprint_H_bit_4,0.0
6,fingerprint_H_bit_132,0.0
6,fingerprint_H_bit_19,0.0
6,drug_fingerprint_bit_166,0.0
6,fingerprint_H_bit_130,0.0
6,fingerprint_H_bit_0,0.0
6,drug_triple_bonds_sum_fullmolecularfeaturizer,0.0
6,drug_bromine_count_sum_fullmolecularfeaturizer,0.0
6,drug_iodine_count_sum_fullmolecularfeaturizer,0.0
6,fingerprint_H_bit_20,0.0
6,fingerprint_H_bit_21,0.0
6,fingerprint_H_bit_22,0.0
6,fingerprint_H_bit_23,0.0
6,fingerprint_H_bit_24,0.0
6,fingerprint_H_bit_25,0.0
6,fingerprint_H_bit_8,0.0
6,fingerprint_H_bit_9,0.0
6,fingerprint_H_bit_10,0.0
6,fingerprint_H_bit_108,0.0
6,fingerprint_H_bit_109,0.0
6,fingerprint_H_bit_110,0.0
6,fingerprint_H_bit_111,0.0
6,fingerprint_H_bit_115,0.0
6,fingerprint_H_bit_117,0.0
6,poly_bridging_rings_count_sidechainfeaturizer_sum,0.0
6,fingerprint_H_bit_105,0.0
6,fingerprint_H_bit_75,0.0
6,fingerprint_H_bit_71,0.0
6,fingerprint_H_bit_72,0.0
6,fingerprint_H_bit_73,0.0
6,fingerprint_H_bit_74,0.0
6,fingerprint_H_bit_43,0.0
6,fingerprint_H_bit_44,0.0
6,poly_total_halogens_sidechainfeaturizer_sum,0.0
6,poly_fluorine_count_sidechainfeaturizer_sum,0.0
6,poly_chlorine_count_sidechainfeaturizer_sum,0.0
6,poly_bromine_count_sidechainfeaturizer_sum,0.0
6,poly_iodine_count_sidechainfeaturizer_sum,0.0
6,poly_triple_bonds_sidechainfeaturizer_sum,0.0
6,fingerprint_H_bit_172,0.0
6,fingerprint_H_bit_173,0.0
6,fingerprint_H_bit_136,0.0
6,poly_total_halogens_sum_backbonefeaturizer,0.0
6,poly_fluorine_count_sum_backbonefeaturizer,0.0
6,poly_chlorine_count_sum_backbonefeaturizer,0.0
6,poly_bromine_count_sum_backbonefeaturizer,0.0
6,poly_iodine_count_sum_backbonefeaturizer,0.0
6,poly_triple_bonds_sum_backbonefeaturizer,0.0
6,poly_bridging_rings_count_sum_backbonefeaturizer,0.0
6,poly_fraction_bicyclic_rings_sum_backbonefeaturizer,0.0
6,fingerprint_H_bit_90,0.0
6,fingerprint_H_bit_59,0.0
6,fingerprint_H_bit_60,0.0
6,fingerprint_H_bit_62,0.0
6,fingerprint_H_bit_101,0.0
6,fingerprint_H_bit_76,0.0
6,fingerprint_H_bit_77,0.0
6,fingerprint_H_bit_79,0.0
6,fingerprint_H_bit_82,0.0
6,fingerprint_H_bit_83,0.0
6,fingerprint_H_bit_86,0.0
6,fingerprint_H_bit_87,0.0
6,fingerprint_H_bit_88,0.0
6,poly_num_non_aromatic_rings_sidechainfeaturizer_sum,0.0
6,poly_fraction_bicyclic_rings_sidechainfeaturizer_sum,0.0
6,poly_num_aliphatic_heterocycles_sidechainfeaturizer_sum,0.0
6,drug_fingerprint_bit_220,0.0
6,drug_fingerprint_bit_221,0.0
6,drug_fingerprint_bit_232,0.0
6,fingerprint_H_bit_50,0.0
6,fingerprint_H_bit_51,0.0
6,fingerprint_H_bit_55,0.0
6,fingerprint_H_bit_29,0.0
6,drug_fingerprint_bit_9,0.0
6,drug_fingerprint_bit_209,0.0
6,drug_fingerprint_bit_215,0.0
6,drug_fingerprint_bit_217,0.0
6,fingerprint_H_bit_177,0.0
6,fingerprint_H_bit_178,0.0
6,drug_fingerprint_bit_234,0.0
6,fingerprint_H_bit_137,0.0
6,fingerprint_H_bit_107,0.0
6,fingerprint_H_bit_181,0.0
6,fingerprint_H_bit_180,0.0
6,fingerprint_H_bit_179,0.0
6,fingerprint_H_bit_157,0.0
6,fingerprint_H_bit_161,0.0
6,fingerprint_H_bit_163,0.0
6,fingerprint_H_bit_47,0.0
6,fingerprint_H_bit_184,0.0
6,poly_total_halogens_sum_fullpolymerfeaturizer,0.0
6,poly_fluorine_count_sum_fullpolymerfeaturizer,0.0
6,poly_chlorine_count_sum_fullpolymerfeaturizer,0.0
6,poly_bromine_count_sum_fullpolymerfeaturizer,0.0
6,fingerprint_H_bit_122,0.0
6,fingerprint_H_bit_91,0.0
6,fingerprint_H_bit_92,0.0
6,fingerprint_H_bit_156,0.0
6,fingerprint_H_bit_93,0.0
6,fingerprint_H_bit_94,0.0
6,fingerprint_H_bit_96,0.0
6,fingerprint_H_bit_95,0.0
6,fingerprint_H_bit_99,0.0
6,fingerprint_H_bit_49,0.0
6,drug_fingerprint_bit_190,0.0
6,fingerprint_H_bit_97,0.0
6,drug_fingerprint_bit_195,0.0
6,drug_fingerprint_bit_198,0.0
6,drug_fingerprint_bit_21,0.0
6,drug_fingerprint_bit_17,0.0
6,fingerprint_H_bit_176,0.0
6,fingerprint_H_bit_140,0.0
6,fingerprint_H_bit_141,0.0
6,fingerprint_H_bit_160,0.0
6,fingerprint_H_bit_142,0.0
6,fingerprint_H_bit_146,0.0
6,fingerprint_H_bit_149,0.0
6,fingerprint_H_bit_148,0.0
6,fingerprint_H_bit_152,0.0
6,fingerprint_H_bit_153,0.0
6,fingerprint_H_bit_102,0.0
6,fingerprint_H_bit_150,0.0
6,fingerprint_H_bit_103,0.0
6,fingerprint_H_bit_104,0.0
6,poly_triple_bonds_sum_fullpolymerfeaturizer,0.0
6,poly_iodine_count_sum_fullpolymerfeaturizer,0.0
6,poly_bridging_rings_count_sum_fullpolymerfeaturizer,0.0
6,fingerprint_H_bit_252,0.0
6,fingerprint_H_bit_253,0.0
6,fingerprint_H_bit_254,0.0
6,poly_fraction_bicyclic_rings_sum_fullpolymerfeaturizer,0.0
6,fingerprint_H_bit_235,0.0
6,drug_fingerprint_bit_68,0.0
6,drug_fingerprint_bit_51,0.0
6,drug_fingerprint_bit_54,0.0
6,fingerprint_H_bit_165,0.0
6,fingerprint_H_bit_166,0.0
6,fingerprint_H_bit_168,0.0
6,fingerprint_H_bit_169,0.0
6,fingerprint_H_bit_239,0.0
6,fingerprint_H_bit_240,0.0
6,fingerprint_H_bit_241,0.0
6,fingerprint_H_bit_242,0.0
6,fingerprint_H_bit_243,0.0
6,fingerprint_H_bit_244,0.0
6,fingerprint_H_bit_238,0.0
6,fingerprint_H_bit_246,0.0
6,fingerprint_H_bit_247,0.0
6,fingerprint_H_bit_249,0.0
6,fingerprint_H_bit_248,0.0
6,fingerprint_H_bit_220,0.0
6,fingerprint_H_bit_221,0.0
6,fingerprint_H_bit_223,0.0
6,fingerprint_H_bit_250,0.0
6,fingerprint_H_bit_170,0.0
6,drug_fingerprint_bit_176,0.0
6,drug_fingerprint_bit_87,0.0
6,drug_fingerprint_bit_88,0.0
6,drug_fingerprint_bit_89,0.0
6,drug_fingerprint_bit_244,0.0
6,fingerprint_H_bit_124,0.0
6,fingerprint_H_bit_126,0.0
6,fingerprint_H_bit_127,0.0
6,drug_fingerprint_bit_98,0.0
6,drug_fingerprint_bit_102,0.0
6,fingerprint_H_bit_171,0.0
6,fingerprint_H_bit_225,0.0
6,fingerprint_H_bit_228,0.0
6,fingerprint_H_bit_229,0.0
6,fingerprint_H_bit_230,0.0
6,fingerprint_H_bit_231,0.0
6,fingerprint_H_bit_234,0.0
6,fingerprint_H_bit_203,0.0
6,fingerprint_H_bit_206,0.0
6,fingerprint_H_bit_208,0.0
6,fingerprint_H_bit_209,0.0
6,fingerprint_H_bit_210,0.0
6,fingerprint_H_bit_211,0.0
6,fingerprint_H_bit_215,0.0
6,drug_fingerprint_bit_112,0.0
6,drug_fingerprint_bit_123,0.0
6,fingerprint_H_bit_154,0.0
6,fingerprint_H_bit_187,0.0
6,fingerprint_H_bit_188,0.0
6,fingerprint_H_bit_189,0.0
6,fingerprint_H_bit_190,0.0
6,fingerprint_H_bit_191,0.0
6,fingerprint_H_bit_192,0.0
6,fingerprint_H_bit_193,0.0
6,fingerprint_H_bit_194,0.0
6,fingerprint_H_bit_195,0.0
6,fingerprint_H_bit_196,0.0
6,fingerprint_H_bit_198,0.0
6,fingerprint_H_bit_199,0.0
6,fingerprint_H_bit_200,0.0
6,fingerprint_H_bit_201,0.0
6,fingerprint_H_bit_202,0.0
6,drug_fingerprint_bit_254,0.0
6,fingerprint_H_bit_31,0.0
6,fingerprint_H_bit_35,0.0
6,fingerprint_H_bit_36,0.0
6,fingerprint_H_bit_40,0.0
6,fingerprint_H_bit_11,0.0
6,fingerprint_H_bit_12,0.0
6,fingerprint_H_bit_14,0.0
6,fingerprint_H_bit_15,0.0
6,fingerprint_H_bit_16,0.0
6,fingerprint_H_bit_17,0.0
6,fingerprint_H_bit_129,0.0
6,drug_fingerprint_bit_157,0.0
6,drug_fingerprint_bit_231,-2.4030859771327828e-05
6,drug_fingerprint_bit_211,-9.008627835367853e-05
6,poly_num_aromatic_rings_sum_backbonefeaturizer,-0.0010012029959236954
6,drug_fingerprint_bit_101,-0.0012129613730832514
6,drug_fingerprint_bit_208,-0.001686937597919848
6,drug_fingerprint_bit_131,-0.0026315816963162603
6,charge_at_WATER_PH_H,-0.005395694397016053
6,drug_fingerprint_bit_143,-0.00653931642984394
6,drug_max_ring_size_sum_fullmolecularfeaturizer,-0.007172185370785543
6,drug_fingerprint_bit_80,-0.007623366270318536
6,drug_double_bonds_sum_fullmolecularfeaturizer,-0.007857328241486982
6,drug_fingerprint_bit_65,-0.009506250468487005
6,drug_fp_density_morgan1_sum_fullmolecularfeaturizer,-0.010235450139595639
6,drug_fingerprint_bit_219,-0.010318153923100102
6,drug_fingerprint_bit_173,-0.011808633999383814
6,poly_slogp_vsa1_sum_backbonefeaturizer,-0.011854850674671735
6,drug_fingerprint_bit_19,-0.014091418379073862
6,drug_fingerprint_bit_121,-0.01431690350765982
6,poly_num_atoms_sum_backbonefeaturizer,-0.014938087243685474
6,drug_fingerprint_bit_183,-0.015102482905224252
6,drug_fingerprint_bit_49,-0.015163216797121975
6,drug_fingerprint_bit_79,-0.015913115068290667
6,drug_fingerprint_bit_148,-0.016590086045510547
6,drug_fingerprint_bit_162,-0.017523368041855693
6,poly_single_bonds_sum_fullpolymerfeaturizer,-0.018292748344529024
6,drug_fingerprint_bit_82,-0.020380881951286723
6,poly_heteroatom_density_sum_backbonefeaturizer,-0.023080221648679598
6,drug_fingerprint_bit_199,-0.031644450414595786
6,drug_fingerprint_bit_225,-0.0354874737141679
6,drug_fingerprint_bit_2,-0.03576058557858543
6,drug_fingerprint_bit_187,-0.03684685755195501
6,poly_num_hbond_acceptors_sum_fullpolymerfeaturizer,-0.03805739201480389
6,drug_fingerprint_bit_29,-0.03843662209707156
6,fingerprint_H_bit_134,-0.03874024659916498
6,drug_fingerprint_bit_138,-0.04028026989979567
6,drug_fingerprint_bit_216,-0.040368628748551724
6,drug_fingerprint_bit_149,-0.0423743108085289
6,fingerprint_H_bit_212,-0.04281218307821403
6,drug_fingerprint_bit_125,-0.044046472961406215
6,drug_fingerprint_bit_124,-0.0482129170289333
6,drug_fingerprint_bit_92,-0.05364239661452443
6,fingerprint_H_bit_7,-0.05616435220009056
6,drug_fingerprint_bit_91,-0.05732979945681338
6,poly_max_estate_index_sum_fullpolymerfeaturizer,-0.057520131762967046
6,drug_fingerprint_bit_223,-0.05760776938410662
6,drug_fingerprint_bit_48,-0.05795074983603107
6,drug_sp3_carbon_count_sum_fullmolecularfeaturizer,-0.06172477571302474
6,drug_fingerprint_bit_174,-0.06419417302985791
6,drug_fingerprint_bit_25,-0.06655348462637721
6,drug_fingerprint_bit_213,-0.06787112655173341
6,drug_fingerprint_bit_66,-0.07360561582497853
6,fingerprint_H_bit_32,-0.07393556400942078
6,drug_fingerprint_bit_239,-0.07528442070797056
6,drug_fingerprint_bit_243,-0.07637262701124366
6,drug_fingerprint_bit_230,-0.08295377009013953
6,drug_fingerprint_bit_55,-0.08603629965739742
6,drug_fingerprint_bit_144,-0.08637612731039844
6,poly_molecular_weight_sum_fullpolymerfeaturizer,-0.08675353243804752
6,poly_topological_surface_area_sum_fullpolymerfeaturizer,-0.09029597051713667
6,drug_fingerprint_bit_129,-0.09035424797482954
6,drug_num_non_aromatic_rings_sum_fullmolecularfeaturizer,-0.09170958748513762
6,drug_fingerprint_bit_53,-0.09641357622879244
6,fingerprint_H_bit_183,-0.098338763601398
6,poly_num_rings_sidechainfeaturizer_sum,-0.10272608785888664
6,drug_fingerprint_bit_3,-0.10610124309883995
6,fingerprint_H_bit_80,-0.106468272778851
6,poly_max_estate_index_sum_backbonefeaturizer,-0.10778821354428689
6,fingerprint_H_bit_237,-0.12108100171296668
6,poly_smr_vsa5_sum_fullpolymerfeaturizer,-0.12346566087144621
6,drug_fingerprint_bit_192,-0.12371424892927299
6,fingerprint_H_bit_64,-0.12602492986252617
6,drug_fingerprint_bit_111,-0.12612962514463358
6,drug_smr_vsa5_sum_fullmolecularfeaturizer,-0.13162865225646173
6,drug_fingerprint_bit_86,-0.13436558268456575
6,fingerprint_H_bit_125,-0.14593648775711573
6,drug_chlorine_count_sum_fullmolecularfeaturizer,-0.15084538152848176
6,drug_fingerprint_bit_228,-0.16074734457032663
6,drug_fingerprint_bit_207,-0.16238227669167543
6,drug_fingerprint_bit_168,-0.16301152111804845
6,fingerprint_H_bit_39,-0.16476355295414186
6,drug_fingerprint_bit_40,-0.16534056357360072
6,drug_num_aliphatic_heterocycles_sum_fullmolecularfeaturizer,-0.1679549102456865
6,drug_fingerprint_bit_182,-0.17034445228757564
6,fingerprint_H_bit_61,-0.18691764675386954
6,drug_fingerprint_bit_38,-0.1952398579107262
6,fingerprint_H_bit_207,-0.2022874848308918
6,poly_num_hbond_donors_sum_fullpolymerfeaturizer,-0.20461879450917136
6,drug_molecular_weight_sum_fullmolecularfeaturizer,-0.21564203226220208
6,fingerprint_H_bit_63,-0.2332246023465057
6,fingerprint_H_bit_143,-0.23746227010727855
6,fingerprint_H_bit_42,-0.2502386952280653
6,drug_fingerprint_bit_158,-0.25222653917915644
6,drug_fingerprint_bit_8,-0.26220731991086016
6,drug_fingerprint_bit_23,-0.2708218312775698
6,drug_fingerprint_bit_188,-0.3133668080847315
6,drug_fingerprint_bit_251,-0.31680218750896455
6,homo_eV_H,-0.31711562858511855
6,fingerprint_H_bit_38,-0.3237359296315983
6,WATER_PH,-0.36597185473208854
6,logd_at_WATER_PH_H,-0.3720851829502682
6,drug_fingerprint_bit_107,-0.3786274403820923
6,drug_fingerprint_bit_233,-0.39705767551503407
6,drug_fingerprint_bit_175,-0.46614930190915327
6,drug_fingerprint_bit_214,-0.4692154023698788
6,drug_fingerprint_bit_186,-0.4762990400366614
6,poly_heteroatom_density_sum_fullpolymerfeaturizer,-0.4783322332626087
6,drug_fingerprint_bit_200,-0.571248456399269
6,drug_fingerprint_bit_163,-0.6239287225768705
6,fingerprint_H_bit_175,-0.6802391659947966
6,CONCENTRATION,-0.7794858127906105
6,fingerprint_H_bit_37,-0.8123971791340093
6,drug_fingerprint_bit_249,-0.8498784383919886
6,drug_fingerprint_bit_133,-0.8573229507678445
6,fingerprint_H_bit_138,-0.8856997370192007
6,poly_heteroatom_count_sum_fullpolymerfeaturizer,-0.8890195617547885
6,fingerprint_H_bit_219,-1.0455852764386158
6,fingerprint_H_bit_186,-1.063718382126252
6,fingerprint_H_bit_13,-1.279615428379669
6,fingerprint_H_bit_46,-1.8417703854087193
6,drug_fingerprint_bit_141,-1.8421644690896941
6,drug_fingerprint_bit_11,-1.9924432526742941
6,poly_heteroatom_count_sum_backbonefeaturizer,-2.029065937168803
