iteration,loss
1,6.394462
2,6.215643
3,6.079558
4,5.962653
5,5.885481
6,5.830261
7,5.785782
8,5.745070
9,5.687355
10,5.641149
11,5.584274
12,5.539422
13,5.488728
14,5.438519
15,5.383358
16,5.348148
17,5.302063
18,5.228007
19,5.187665
20,5.130494
21,5.119811
22,5.048552
23,4.989252
24,4.944535
25,4.895770
26,4.850577
27,4.803927
28,4.763392
29,4.710176
30,4.634380
31,4.598611
32,4.538367
33,4.487717
34,4.448508
35,4.386001
36,4.359896
37,4.292704
38,4.237509
39,4.181267
40,4.134107
41,4.088029
42,4.057844
43,3.994993
44,3.958755
45,3.912785
46,3.865835
47,3.837862
48,3.799466
49,3.741643
50,3.707240
51,3.657528
52,3.617085
53,3.563904
54,3.533396
55,3.475421
56,3.449571
57,3.404000
58,3.378739
59,3.295182
60,3.269093
61,3.230406
62,3.209850
63,3.185207
64,3.126751
65,3.082247
66,3.040054
67,3.013243
68,3.000268
69,2.996875
70,2.903461
71,2.897884
72,2.885543
73,2.826841
74,2.820806
75,2.777741
76,2.737114
77,2.725761
78,2.688221
79,2.639314
80,2.640524
81,2.608746
82,2.613853
83,2.568712
84,2.546667
85,2.529693
86,2.515610
87,2.498261
88,2.454410
89,2.423286
90,2.396103
91,2.440163
92,2.335576
93,2.367132
94,2.298167
95,2.329901
96,2.314163
97,2.352782
98,2.216996
99,2.264682
100,2.261899
101,2.208413
102,2.182909
103,2.168113
104,2.168753
105,2.164180
106,2.117876
107,2.094549
108,2.082707
109,2.067579
110,2.090840
111,2.094979
112,2.067245
113,2.073001
114,2.039971
115,2.000783
116,1.987718
117,1.936220
118,1.963840
119,1.926290
120,1.955561
121,1.990477
122,1.937272
123,1.922030
124,1.921851
125,1.892746
126,1.868805
127,1.892295
128,1.860560
129,1.813880
130,1.886883
131,1.813428
132,1.908516
133,1.772819
134,1.789830
135,1.816524
136,1.766735
137,1.788051
138,1.807918
139,1.761839
140,1.745812
141,1.775896
142,1.702451
143,1.741352
144,1.694898
145,1.739912
146,1.616117
147,1.751163
148,1.709448
149,1.640575
150,1.666606
151,1.677338
152,1.635746
153,1.670052
154,1.612625
155,1.625515
156,1.637106
157,1.606773
158,1.635079
159,1.629677
160,1.614958
161,1.598876
162,1.581716
163,1.595792
164,1.596625
165,1.574576
166,1.536455
167,1.581456
168,1.479962
169,1.562250
170,1.584799
171,1.540988
172,1.550220
173,1.522987
174,1.495770
175,1.520512
176,1.514023
177,1.499602
178,1.452682
179,1.492069
180,1.539248
181,1.461919
182,1.449473
183,1.486218
184,1.501705
185,1.481089
186,1.419022
187,1.460805
188,1.443829
189,1.424793
190,1.410801
191,1.433653
192,1.464849
193,1.432792
194,1.414135
195,1.426656
196,1.413578
197,1.398397
198,1.337670
199,1.383999
200,1.371318
201,1.379403
202,1.391374
203,1.374781
204,1.370037
205,1.379194
206,1.402825
207,1.395282
208,1.389593
209,1.342930
210,1.341250
211,1.392861
212,1.341312
213,1.355128
214,1.315768
215,1.369192
216,1.355912
217,1.368220
218,1.344869
219,1.345850
220,1.308897
221,1.314783
222,1.275661
223,1.303144
224,1.325374
225,1.315990
226,1.341156
227,1.336117
228,1.263901
229,1.327879
230,1.267992
231,1.294878
232,1.329620
233,1.240829
234,1.224725
235,1.260229
236,1.261359
237,1.254610
238,1.305741
239,1.258561
240,1.329353
241,1.231935
242,1.284398
243,1.280377
244,1.250472
245,1.299522
246,1.255309
247,1.278265
248,1.255288
249,1.222849
250,1.286907
251,1.265678
252,1.220999
253,1.276947
254,1.226716
255,1.266593
256,1.269073
257,1.328353
258,1.223908
259,1.167217
260,1.231748
261,1.224677
262,1.255359
263,1.167203
264,1.280127
265,1.259833
266,1.237618
267,1.232295
268,1.276453
269,1.255538
270,1.189582
271,1.219744
272,1.229958
273,1.190719
274,1.271551
275,1.210260
276,1.248592
277,1.241765
278,1.238439
279,1.249169
280,1.226749
281,1.192518
282,1.228705
283,1.248566
284,1.223648
285,1.189048
286,1.157062
287,1.193871
288,1.251302
289,1.205270
290,1.165850
291,1.182557
292,1.224613
293,1.187884
294,1.215086
295,1.140275
296,1.171813
297,1.165920
298,1.256367
299,1.178040
300,1.140407
301,1.229965
302,1.183724
303,1.152637
304,1.209239
305,1.113371
306,1.119380
307,1.135599
308,1.152539
309,1.173002
310,1.128607
311,1.112870
312,1.165935
313,1.193645
314,1.152116
315,1.155537
316,1.189215
317,1.116901
318,1.155158
319,1.190499
320,1.203614
321,1.148085
322,1.151060
323,1.142796
324,1.171327
325,1.182001
326,1.124930
327,1.124606
328,1.133531
329,1.135879
330,1.122719
331,1.067664
332,1.104895
333,1.174510
334,1.160902
335,1.169875
336,1.178409
337,1.125466
338,1.167406
339,1.139863
340,1.098918
341,1.117737
342,1.060771
343,1.161237
344,1.186489
345,1.153783
346,1.133346
347,1.138021
348,1.143386
349,1.144595
350,1.118828
351,1.142913
352,1.154558
353,1.166680
354,1.153688
355,1.110759
356,1.097925
357,1.133888
358,1.138551
359,1.171695
360,1.088596
361,1.139410
362,1.106004
363,1.172107
364,1.149350
365,1.125556
366,1.167131
367,1.148901
368,1.101259
369,1.137724
370,1.111933
371,1.153295
372,1.156139
373,1.111406
374,1.129278
375,1.110736
376,1.100446
377,1.123903
378,1.130055
379,1.099392
380,1.102336
381,1.136721
382,1.154553
383,1.150979
384,1.046881
385,1.094203
386,1.071245
387,1.138008
388,1.125338
389,1.093694
390,1.117190
391,1.147908
392,1.064339
393,1.086317
394,1.073767
395,1.075369
396,1.101151
397,1.086418
398,1.101963
399,1.093066
400,1.076092
401,1.115121
402,1.057108
403,1.061191
404,1.088002
405,1.123450
406,1.078707
407,1.137724
408,1.130437
409,1.067190
410,1.081054
411,1.074316
412,1.089183
413,1.107495
414,1.079158
415,1.040729
416,1.089419
417,1.080536
418,1.086569
419,1.008878
420,1.044951
421,1.084599
422,1.058298
423,1.032305
424,1.111959
425,1.069475
426,1.052883
427,1.044531
428,1.145830
429,1.101161
430,1.041710
431,1.065218
432,1.099177
433,1.099018
434,1.105642
435,1.058649
436,1.064946
437,1.056596
438,1.107602
439,1.097438
440,1.033580
441,1.074394
442,1.082187
443,1.084400
444,1.078166
445,1.125747
446,1.032826
447,1.079149
448,1.036843
449,1.100744
450,1.030299
451,1.116732
452,1.056034
453,1.075408
454,1.046098
455,1.012739
456,1.024206
457,1.024689
458,1.059463
459,1.058939
460,1.028077
461,1.085486
462,1.091795
463,1.025747
464,1.074867
465,1.041267
466,1.064664
467,1.106065
468,1.025828
469,1.018037
470,1.050131
471,1.029558
472,1.029533
473,1.059825
474,1.064356
475,1.010549
476,1.047737
477,1.018808
478,1.086202
479,1.002355
480,0.991811
481,1.041311
482,1.019277
483,1.069498
484,1.056299
485,1.075394
486,1.137248
487,1.017725
488,1.044831
489,1.109501
490,1.067031
491,1.038891
492,1.024391
493,1.055328
494,1.006116
495,1.063085
496,1.055771
497,1.046185
498,1.051233
499,1.080146
500,0.987448
501,1.008287
502,1.054817
503,1.000900
504,1.030324
505,0.989672
506,1.072099
507,1.023785
508,1.056234
509,1.019353
510,1.075029
511,1.018023
512,1.063760
513,1.046985
514,1.023950
515,1.027332
516,1.032138
517,1.053362
518,1.074930
519,1.038477
520,1.045972
521,1.039538
522,1.026117
523,1.073820
524,1.020798
525,1.014119
526,1.035827
527,0.988143
528,0.965687
529,1.010139
530,1.011292
531,1.104037
532,1.008436
533,0.981139
534,0.988991
535,1.014116
536,1.007277
537,1.047195
538,0.993146
539,1.001824
540,0.966200
541,1.071320
542,0.977375
543,1.010871
544,1.055496
545,1.028505
546,1.004055
547,1.016835
548,1.026255
549,0.968444
550,0.992296
551,0.997790
552,0.978193
553,0.975687
554,1.052096
555,1.011552
556,1.036902
557,1.021541
558,1.024683
559,1.022402
560,0.992142
561,0.928902
562,1.051315
563,1.041006
564,1.049129
565,1.055986
566,1.066905
567,0.978993
568,0.982786
569,0.995962
570,1.034526
571,1.055665
572,0.966256
573,1.001116
574,1.026379
575,1.009406
576,1.017979
577,1.033469
578,0.989876
579,0.988756
580,0.986839
581,1.059226
582,1.030653
583,1.023407
584,0.986247
585,0.986927
586,1.023774
587,1.030454
588,0.959623
589,1.001924
590,0.941696
591,0.977996
592,0.979347
593,1.100732
594,0.998489
595,0.952544
596,0.983928
597,1.023297
598,0.996394
599,1.012465
600,0.943443
601,0.926983
602,0.930919
603,0.990763
604,0.981631
605,0.999535
606,1.017071
607,0.990380
608,1.051764
609,1.004954
610,0.941491
611,0.951945
612,1.026309
613,0.993195
614,0.987510
615,1.017477
616,0.979071
617,0.977104
618,1.016761
619,1.039064
620,0.998818
621,1.008696
622,1.006192
623,0.971958
624,0.999475
625,0.954796
626,1.013232
627,0.964560
628,1.022002
629,0.998765
630,0.962814
631,0.951625
632,0.999148
633,0.966530
634,0.987848
635,1.014138
636,0.969963
637,0.971680
638,0.929143
639,0.966510
640,0.972768
641,0.957975
642,0.969201
643,1.051193
644,0.918178
645,1.024543
646,0.972773
647,0.941261
648,1.001081
649,0.990877
650,1.003061
651,0.962629
652,0.935367
653,0.999276
654,0.967783
655,0.966458
656,0.930465
657,0.969626
658,0.952241
659,1.023783
660,0.989958
661,0.905883
662,0.977035
663,0.980010
664,0.960880
665,1.029150
666,0.934510
667,1.002911
668,0.985590
669,0.998369
670,0.965324
671,1.002373
672,0.984666
673,0.914195
674,0.995779
675,0.927526
676,0.896231
677,0.991535
678,1.002604
679,0.996548
680,0.947762
681,0.973383
682,1.009469
683,0.917709
684,0.994260
685,0.932599
686,0.971997
687,0.970668
688,0.953559
689,0.934802
690,0.919122
691,0.920237
692,0.989795
693,1.019724
694,1.009162
695,0.929826
696,0.955125
697,0.908045
698,0.994079
699,0.914029
700,0.948964
701,0.919350
702,0.971122
703,0.884990
704,0.943546
705,0.963868
706,0.948211
707,0.964555
708,0.976813
709,0.963664
710,0.942676
711,0.978923
712,0.968469
713,0.983410
714,0.930088
715,0.994828
716,0.989261
717,0.935742
718,0.919390
719,0.985515
720,0.917851
721,0.941383
722,0.917197
723,0.957690
724,0.903695
725,1.039283
726,0.958884
727,0.921776
728,0.965927
729,0.978760
730,0.977642
731,0.949092
732,0.893566
733,0.907211
734,0.928338
735,0.947362
736,0.942899
737,0.984891
738,0.960318
739,0.938058
740,1.008459
741,0.938689
742,0.975484
743,0.987201
744,0.962738
745,0.946481
746,0.896325
747,0.930943
748,0.947533
749,0.945726
750,0.946119
751,0.937276
752,0.907327
753,0.932305
754,0.968768
755,0.930654
756,0.926885
757,0.972985
758,0.948925
759,0.952852
760,0.914024
761,0.929110
762,0.905545
763,0.909041
764,0.983956
765,0.896824
766,0.958393
767,0.903493
768,0.958413
769,0.966752
770,0.977894
771,0.885570
772,0.938276
773,0.937207
774,0.907119
775,0.935557
776,0.917742
777,0.949598
778,0.923277
779,0.936044
780,0.941285
781,0.949467
782,0.989561
783,0.887578
784,0.906559
785,0.946540
786,0.911398
787,0.969678
788,0.964915
789,0.871437
790,0.932861
791,0.916286
792,0.928485
793,0.928139
794,0.906588
795,0.924043
796,0.968513
797,0.909662
798,0.904774
799,0.934105
800,0.962450
801,0.947331
802,0.954977
803,0.983759
804,0.898008
805,0.927832
806,0.966098
807,0.855114
808,0.860978
809,0.940158
810,0.945528
811,0.888955
812,0.941348
813,0.950925
814,0.927853
815,0.926242
816,0.979754
817,0.914456
818,0.915527
819,0.990130
820,0.941136
821,0.951586
822,0.933864
823,1.013216
824,0.965178
825,0.949065
826,0.936050
827,0.895167
828,0.905840
829,0.941838
830,0.859735
831,0.935026
832,0.952727
833,0.890792
834,0.980542
835,0.895665
836,0.948922
837,0.860470
838,0.912579
839,0.925556
840,0.870615
841,0.915100
842,0.896446
843,0.950265
844,0.913319
845,0.911380
846,0.931144
847,0.894206
848,0.968421
849,0.887346
850,0.927867
851,0.894145
852,0.937291
853,0.947880
854,0.970036
855,0.944552
856,0.926417
857,0.916041
858,0.905569
859,0.934169
860,0.918200
861,0.949333
862,0.893843
863,1.023118
864,0.957069
865,0.856733
866,0.910902
867,0.895590
868,0.902664
869,0.917892
870,0.892468
871,0.930457
872,0.913161
873,0.904063
874,0.891333
875,0.888298
876,0.881957
877,0.920752
878,0.909886
879,0.892739
880,0.920706
881,0.950367
882,0.902103
883,0.865636
884,0.919349
885,0.957576
886,0.876902
887,0.891753
888,0.915261
889,0.859993
890,0.919510
891,0.919490
892,0.922506
893,0.913467
894,0.900973
895,0.838349
896,0.905000
897,0.918572
898,0.952533
899,0.926978
900,0.933348
901,0.925462
902,0.932763
903,0.925041
904,0.934840
905,0.900642
906,0.930768
907,0.879413
908,0.896228
909,0.947015
910,0.882691
911,0.903220
912,0.861518
913,0.917483
914,0.911384
915,0.844965
916,0.942298
917,0.901931
918,0.915472
919,0.898914
920,0.896850
921,0.880339
922,0.885934
923,0.883523
924,0.913777
925,0.885476
926,0.861550
927,0.890594
928,0.904064
929,0.863355
930,0.965522
931,0.907490
932,0.886121
933,0.862823
934,0.890944
935,0.912582
936,0.926217
937,0.958324
938,0.903423
939,0.913389
940,0.831162
941,0.922882
942,0.926940
943,0.925913
944,0.931331
945,0.949637
946,0.930149
947,0.862686
948,0.893076
949,0.855279
950,0.893701
951,0.873801
952,0.883553
953,0.910524
954,0.933385
955,0.823274
956,0.911068
957,0.927029
958,0.922597
959,0.962873
960,0.899925
961,0.877603
962,0.856827
963,0.868826
964,0.858996
965,0.946289
966,0.870790
967,0.872939
968,0.905273
969,0.864471
970,0.951304
971,0.873396
972,0.943332
973,0.863268
974,0.944824
975,0.947231
976,0.927361
977,0.933767
978,0.891032
979,0.846704
980,0.869746
981,0.868182
982,0.851659
983,0.911668
984,0.873440
985,0.878271
986,0.888804
987,0.859804
988,0.877095
989,0.916973
990,0.857182
991,0.894268
992,0.926420
993,0.867011
994,0.894772
995,0.943574
996,0.905742
997,0.853222
998,0.904941
999,0.870317
1000,0.870434
1001,0.913461
1002,0.865967
1003,0.856827
1004,0.896125
1005,0.884299
1006,0.915463
1007,0.898084
1008,0.939865
1009,0.898237
1010,0.836880
1011,0.892277
1012,0.920570
1013,0.920235
1014,0.874826
1015,0.892819
1016,0.847890
1017,0.920175
1018,0.878173
1019,0.878428
1020,0.886462
1021,0.874603
1022,0.882459
1023,0.882337
1024,0.907088
1025,0.932668
1026,0.941242
1027,0.863704
1028,0.881995
1029,0.905423
1030,0.882493
1031,0.922063
1032,0.883270
1033,0.833836
1034,0.870805
1035,0.828804
1036,0.936033
1037,0.888955
1038,0.882715
1039,0.937229
1040,0.918114
1041,0.881851
1042,0.904363
1043,0.868951
1044,0.898435
1045,0.895515
1046,0.933837
1047,0.818274
1048,0.852903
1049,0.862045
1050,0.926941
1051,0.853991
1052,0.862184
1053,0.864977
1054,0.872886
1055,0.856942
1056,0.923050
1057,0.901497
1058,0.872591
1059,0.886226
1060,0.821786
1061,0.869290
1062,0.859735
1063,0.858040
1064,0.894169
1065,0.881352
1066,0.827084
1067,0.849827
1068,0.820507
1069,0.842094
1070,0.845375
1071,0.811738
1072,0.869775
1073,0.858131
1074,0.884658
1075,0.919165
1076,0.906867
1077,0.930640
1078,0.889711
1079,0.883014
1080,0.883972
1081,0.821840
1082,0.908048
1083,0.853995
1084,0.921218
1085,0.871680
1086,0.970316
1087,0.892259
1088,0.852056
1089,0.822866
1090,0.836756
1091,0.863595
1092,0.875408
1093,0.832871
1094,0.852646
1095,0.868768
1096,0.858953
1097,0.901254
1098,0.880694
1099,0.836128
1100,0.856719
1101,0.904040
1102,0.901401
1103,0.860458
1104,0.962317
1105,0.912164
1106,0.829814
1107,0.863716
1108,0.927957
1109,0.864958
1110,0.901931
1111,0.949350
1112,0.900235
1113,0.832508
1114,0.895539
1115,0.917752
1116,0.930493
1117,0.876505
1118,0.898347
1119,0.830138
1120,0.941804
1121,0.904858
1122,0.842654
1123,0.895785
1124,0.945526
1125,0.809026
1126,0.861757
1127,0.880921
1128,0.841430
1129,0.877703
1130,0.864230
1131,0.872113
1132,0.908759
1133,0.865808
1134,0.918253
1135,0.890706
1136,0.885698
1137,0.850138
1138,0.892366
1139,0.865063
1140,0.909226
1141,0.896228
1142,0.870921
1143,0.927420
1144,0.879276
1145,0.958542
1146,0.929977
1147,0.866515
1148,0.810291
1149,0.865136
1150,0.877814
1151,0.894896
1152,0.901621
1153,0.823179
1154,0.829274
1155,0.883950
1156,0.824309
1157,0.868873
1158,0.773872
1159,0.842985
1160,0.835543
1161,0.829278
1162,0.865588
1163,0.896913
1164,0.843833
1165,0.867255
1166,0.888886
1167,0.858873
1168,0.907154
1169,0.837341
1170,0.890878
1171,0.856274
1172,0.857376
1173,0.874303
1174,0.855677
1175,0.893723
1176,0.882633
1177,0.918829
1178,0.880592
1179,0.885599
1180,0.883284
1181,0.848064
1182,0.863945
1183,0.845062
1184,0.865782
1185,0.851524
1186,0.871848
1187,0.820037
1188,0.838644
1189,0.927053
1190,0.900907
1191,0.860324
1192,0.892378
1193,0.819111
1194,0.874170
1195,0.824016
1196,0.836237
1197,0.796679
1198,0.923737
1199,0.842989
1200,0.799546
1201,0.882710
1202,0.863833
1203,0.828637
1204,0.847362
1205,0.883144
1206,0.927619
1207,0.917620
1208,0.855037
1209,0.869306
1210,0.841523
1211,0.884053
1212,0.827574
1213,0.895739
1214,0.866242
1215,0.874001
1216,0.879427
1217,0.864174
1218,0.854490
1219,0.870825
1220,0.846822
1221,0.859294
1222,0.863771
1223,0.838731
1224,0.884744
1225,0.840716
1226,0.896484
1227,0.838735
1228,0.908175
1229,0.859136
1230,0.827461
1231,0.889127
1232,0.838151
1233,0.935723
1234,0.854046
1235,0.805310
1236,0.834183
1237,0.818634
1238,0.839040
1239,0.915974
1240,0.919867
1241,0.867984
1242,0.884581
1243,0.881290
1244,0.824141
1245,0.878656
1246,0.879204
1247,0.873790
1248,0.792872
1249,0.881419
1250,0.899449
1251,0.848781
1252,0.887581
1253,0.836787
1254,0.868367
1255,0.856628
1256,0.872591
1257,0.864637
1258,0.846262
1259,0.849341
1260,0.835013
1261,0.856414
1262,0.914202
1263,0.872191
1264,0.839937
1265,0.838225
1266,0.799274
1267,0.812579
1268,0.843338
1269,0.879023
1270,0.855241
1271,0.881873
1272,0.871003
1273,0.892506
1274,0.837592
1275,0.813713
1276,0.766463
1277,0.855139
1278,0.829866
1279,0.841590
1280,0.836413
1281,0.845957
1282,0.845061
1283,0.860272
1284,0.863392
1285,0.860336
1286,0.861783
1287,0.868742
1288,0.870965
1289,0.909539
1290,0.847165
1291,0.843343
1292,0.818889
1293,0.853372
1294,0.801556
1295,0.844810
1296,0.804132
1297,0.823327
1298,0.829160
1299,0.881466
1300,0.809285
1301,0.922637
1302,0.835474
1303,0.883260
1304,0.896838
1305,0.855080
1306,0.830790
1307,0.886643
1308,0.826252
1309,0.920564
1310,0.818323
1311,0.863173
1312,0.922112
1313,0.885854
1314,0.836285
1315,0.867228
1316,0.793007
1317,0.831971
1318,0.861426
1319,0.886484
1320,0.804145
1321,0.796869
1322,0.841833
1323,0.854298
1324,0.851646
1325,0.870608
1326,0.863580
1327,0.853732
1328,0.854805
1329,0.822682
1330,0.845478
1331,0.800469
1332,0.799433
1333,0.847565
1334,0.862700
1335,0.820710
1336,0.846811
1337,0.859808
1338,0.853296
1339,0.868728
1340,0.821223
1341,0.854135
1342,0.823869
1343,0.862717
1344,0.860745
1345,0.885835
1346,0.836434
1347,0.836372
1348,0.841686
1349,0.817577
1350,0.851501
1351,0.908109
1352,0.859434
1353,0.822417
1354,0.820810
1355,0.810508
1356,0.856674
1357,0.858659
1358,0.855634
1359,0.817336
1360,0.885983
1361,0.839412
1362,0.891735
1363,0.886515
1364,0.847917
1365,0.802153
1366,0.831221
1367,0.770821
1368,0.787176
1369,0.843010
1370,0.886623
1371,0.884604
1372,0.842628
1373,0.899258
1374,0.876406
1375,0.826635
1376,0.801409
1377,0.911770
1378,0.855315
1379,0.808561
1380,0.840717
1381,0.848787
1382,0.846763
1383,0.854175
1384,0.848485
1385,0.806099
1386,0.866123
1387,0.857528
1388,0.816984
1389,0.869843
1390,0.856018
1391,0.833022
1392,0.887158
1393,0.875688
1394,0.815756
1395,0.797464
1396,0.844608
1397,0.873603
1398,0.777237
1399,0.878497
1400,0.845931
1401,0.813473
1402,0.833878
1403,0.872505
1404,0.805021
1405,0.868145
1406,0.827643
1407,0.785430
1408,0.896838
1409,0.836981
1410,0.821980
1411,0.803771
1412,0.852402
1413,0.918047
1414,0.782787
1415,0.827002
1416,0.847215
1417,0.778777
1418,0.852058
1419,0.805632
1420,0.835960
1421,0.814313
1422,0.824049
1423,0.864360
1424,0.870886
1425,0.903866
1426,0.797567
1427,0.822143
1428,0.804263
1429,0.857063
1430,0.859167
1431,0.872563
1432,0.797332
1433,0.865893
1434,0.841807
1435,0.852405
1436,0.857648
1437,0.791831
1438,0.800472
1439,0.775751
1440,0.806300
1441,0.864306
1442,0.848836
1443,0.852925
1444,0.783297
1445,0.820643
1446,0.805087
1447,0.804810
1448,0.865951
1449,0.799815
1450,0.790453
1451,0.798871
1452,0.851544
1453,0.896525
1454,0.826861
1455,0.820558
1456,0.842904
1457,0.875319
1458,0.854517
1459,0.871471
1460,0.880860
1461,0.875419
1462,0.802325
1463,0.839860
1464,0.836832
1465,0.773717
1466,0.804200
1467,0.784345
1468,0.805995
1469,0.906994
1470,0.844585
1471,0.815374
1472,0.852177
1473,0.859945
1474,0.826178
1475,0.845012
1476,0.807178
1477,0.862220
1478,0.859502
1479,0.811530
1480,0.845284
1481,0.807657
1482,0.817178
1483,0.825146
1484,0.844802
1485,0.863154
1486,0.869208
1487,0.797138
1488,0.819389
1489,0.814156
1490,0.841370
1491,0.808135
1492,0.835502
1493,0.890045
1494,0.788588
1495,0.813338
1496,0.877400
1497,0.820358
1498,0.806087
1499,0.826941
1500,0.832457
1501,0.907171
1502,0.787754
1503,0.754595
1504,0.832015
1505,0.804709
1506,0.788377
1507,0.890551
1508,0.812468
1509,0.821318
1510,0.817463
1511,0.837357
1512,0.846440
1513,0.808096
1514,0.809482
1515,0.811904
1516,0.805546
1517,0.863341
1518,0.836294
1519,0.830050
1520,0.838560
1521,0.855686
1522,0.866438
1523,0.777808
1524,0.813563
1525,0.797697
1526,0.861281
1527,0.832808
1528,0.915220
1529,0.908950
1530,0.807581
1531,0.775119
1532,0.799937
1533,0.753011
1534,0.836329
1535,0.838224
1536,0.828364
1537,0.816352
1538,0.767577
1539,0.823273
1540,0.806194
1541,0.832547
1542,0.872498
1543,0.799933
1544,0.790532
1545,0.799998
1546,0.843913
1547,0.856040
1548,0.864250
1549,0.775257
1550,0.797390
1551,0.800155
1552,0.814403
1553,0.816021
1554,0.824482
1555,0.799995
1556,0.798010
1557,0.803117
1558,0.846531
1559,0.874172
1560,0.868414
1561,0.846101
1562,0.827180
1563,0.886130
1564,0.826407
1565,0.856232
1566,0.806865
1567,0.837131
1568,0.870830
1569,0.779084
1570,0.819993
1571,0.782375
1572,0.794966
1573,0.788577
1574,0.907233
1575,0.898757
1576,0.802658
1577,0.827343
1578,0.863955
1579,0.816577
1580,0.815328
1581,0.831442
1582,0.807936
1583,0.791744
1584,0.820076
1585,0.881421
1586,0.783916
1587,0.809980
1588,0.858174
1589,0.813145
1590,0.802479
1591,0.848571
1592,0.876755
1593,0.832294
1594,0.874671
1595,0.847242
1596,0.860203
1597,0.818754
1598,0.890258
1599,0.820354
1600,0.819902
1601,0.833087
1602,0.799563
1603,0.830097
1604,0.797122
1605,0.806171
1606,0.825518
1607,0.812811
1608,0.844110
1609,0.769687
1610,0.814533
1611,0.843230
1612,0.835627
1613,0.771303
1614,0.808615
1615,0.835710
1616,0.787951
1617,0.853022
1618,0.798791
1619,0.825256
1620,0.760655
1621,0.814505
1622,0.837813
1623,0.855686
1624,0.795665
1625,0.875009
1626,0.845010
1627,0.816793
1628,0.828855
1629,0.862071
1630,0.847187
1631,0.817428
1632,0.856112
1633,0.810199
1634,0.765392
1635,0.834934
1636,0.778422
1637,0.835018
1638,0.846787
1639,0.819476
1640,0.837612
1641,0.824843
1642,0.773427
1643,0.791763
1644,0.856321
1645,0.816270
1646,0.824755
1647,0.774208
1648,0.779286
1649,0.788130
1650,0.831135
1651,0.847892
1652,0.806737
1653,0.808052
1654,0.786722
1655,0.763698
1656,0.870755
1657,0.805377
1658,0.820444
1659,0.768362
1660,0.827333
1661,0.797933
1662,0.911320
1663,0.798153
1664,0.801995
1665,0.813638
1666,0.841495
1667,0.806535
1668,0.824658
1669,0.815596
1670,0.825138
1671,0.769058
1672,0.823296
1673,0.807113
1674,0.810128
1675,0.749063
1676,0.808821
1677,0.819442
1678,0.808553
1679,0.801036
1680,0.850843
1681,0.832119
1682,0.850943
1683,0.766612
1684,0.786078
1685,0.795354
1686,0.841647
1687,0.867751
1688,0.843687
1689,0.770908
1690,0.835000
1691,0.798787
1692,0.815231
1693,0.867394
1694,0.821005
1695,0.801308
1696,0.823451
1697,0.793437
1698,0.806125
1699,0.787394
1700,0.813784
1701,0.803202
1702,0.804698
1703,0.781159
1704,0.857794
1705,0.808054
1706,0.821448
1707,0.788197
1708,0.844532
1709,0.905194
1710,0.790128
1711,0.835986
1712,0.821872
1713,0.815079
1714,0.836341
1715,0.829368
1716,0.773072
1717,0.788981
1718,0.827136
1719,0.820476
1720,0.821659
1721,0.817715
1722,0.823549
1723,0.825026
1724,0.780239
1725,0.824532
1726,0.761998
1727,0.872783
1728,0.795300
1729,0.840737
1730,0.808430
1731,0.835460
1732,0.795418
1733,0.850763
1734,0.773063
1735,0.783269
1736,0.799372
1737,0.832386
1738,0.765758
1739,0.803087
1740,0.852131
1741,0.826082
1742,0.824478
1743,0.797356
1744,0.852417
1745,0.759524
1746,0.770359
1747,0.824196
1748,0.849046
1749,0.820086
1750,0.796997
1751,0.779462
1752,0.836295
1753,0.776239
1754,0.784019
1755,0.759540
1756,0.742116
1757,0.860603
1758,0.827808
1759,0.844377
1760,0.815783
1761,0.798525
1762,0.758060
1763,0.783445
1764,0.838663
1765,0.789913
1766,0.852902
1767,0.767506
1768,0.852368
1769,0.759324
1770,0.867887
1771,0.814678
1772,0.812585
1773,0.837518
1774,0.783154
1775,0.865299
1776,0.764485
1777,0.840359
1778,0.817764
1779,0.755760
1780,0.815427
1781,0.865396
1782,0.787587
1783,0.782808
1784,0.788759
1785,0.794111
1786,0.817182
1787,0.843950
1788,0.816835
1789,0.797155
1790,0.842038
1791,0.798615
1792,0.776582
1793,0.774924
1794,0.797984
1795,0.790267
1796,0.746331
1797,0.848724
1798,0.823023
1799,0.790918
1800,0.761212
1801,0.845354
1802,0.861580
1803,0.815875
1804,0.830540
1805,0.779968
1806,0.808597
1807,0.839737
1808,0.766347
1809,0.804499
1810,0.837710
1811,0.779309
1812,0.857484
1813,0.786545
1814,0.801330
1815,0.853803
1816,0.854924
1817,0.882621
1818,0.807310
1819,0.844325
1820,0.782669
1821,0.772161
1822,0.814145
1823,0.799902
1824,0.768565
1825,0.777845
1826,0.808444
1827,0.774760
1828,0.789999
1829,0.808860
1830,0.778236
1831,0.818914
1832,0.810375
1833,0.786769
1834,0.838671
1835,0.780786
1836,0.786402
1837,0.744108
1838,0.813072
1839,0.818013
1840,0.794790
1841,0.839203
1842,0.777351
1843,0.826424
1844,0.818917
1845,0.847534
1846,0.807115
1847,0.785346
1848,0.870778
1849,0.732600
1850,0.809050
1851,0.849751
1852,0.794634
1853,0.834250
1854,0.880010
1855,0.830725
1856,0.798203
1857,0.827788
1858,0.806760
1859,0.791969
1860,0.813780
1861,0.837904
1862,0.772382
1863,0.788537
1864,0.772108
1865,0.812941
1866,0.830642
1867,0.783975
1868,0.769090
1869,0.785118
1870,0.815591
1871,0.809123
1872,0.833182
1873,0.783699
1874,0.749592
1875,0.794592
1876,0.766222
1877,0.793995
1878,0.801382
1879,0.749643
1880,0.879695
1881,0.839951
1882,0.779433
1883,0.813209
1884,0.810674
1885,0.819172
1886,0.790770
1887,0.763107
1888,0.852487
1889,0.820310
1890,0.791406
1891,0.810844
1892,0.761564
1893,0.841385
1894,0.794227
1895,0.795892
1896,0.777212
1897,0.802050
1898,0.814043
1899,0.818983
1900,0.811672
1901,0.743782
1902,0.805171
1903,0.792760
1904,0.746610
1905,0.824367
1906,0.816660
1907,0.824018
1908,0.814981
1909,0.858841
1910,0.793071
1911,0.773214
1912,0.825021
1913,0.812851
1914,0.754788
1915,0.791387
1916,0.821395
1917,0.818393
1918,0.762209
1919,0.750360
1920,0.900574
1921,0.845226
1922,0.842352
1923,0.863832
1924,0.843645
1925,0.821760
1926,0.820412
1927,0.789153
1928,0.840418
1929,0.794442
1930,0.757226
1931,0.779822
1932,0.860954
1933,0.812684
1934,0.808982
1935,0.693662
1936,0.813620
1937,0.798762
1938,0.739744
1939,0.752012
1940,0.766985
1941,0.821885
1942,0.762433
1943,0.811405
1944,0.825266
1945,0.824269
1946,0.814690
1947,0.797951
1948,0.754236
1949,0.795957
1950,0.830890
1951,0.793705
1952,0.846650
1953,0.808917
1954,0.811303
1955,0.735453
1956,0.816208
1957,0.789731
1958,0.818250
1959,0.832887
1960,0.786629
1961,0.782279
1962,0.784118
1963,0.782066
1964,0.789486
1965,0.734438
1966,0.769660
1967,0.764288
1968,0.788528
1969,0.792672
1970,0.799289
1971,0.804717
1972,0.759299
1973,0.800710
1974,0.761855
1975,0.813760
1976,0.822808
1977,0.776081
1978,0.787595
1979,0.772048
1980,0.809742
1981,0.739646
1982,0.770583
1983,0.813460
1984,0.847390
1985,0.799107
1986,0.772783
1987,0.801621
1988,0.745959
1989,0.775952
1990,0.790654
1991,0.798241
1992,0.826101
1993,0.798967
1994,0.803432
1995,0.835004
1996,0.759661
1997,0.802029
1998,0.836106
1999,0.737978
2000,0.798776
2001,0.754978
2002,0.821006
2003,0.811926
2004,0.831981
2005,0.777902
2006,0.785284
2007,0.738844
2008,0.799144
2009,0.798495
2010,0.821196
2011,0.789468
2012,0.774932
2013,0.837041
2014,0.744731
2015,0.800436
2016,0.835976
2017,0.744356
2018,0.810832
2019,0.830603
2020,0.812029
2021,0.820670
2022,0.778047
2023,0.781351
2024,0.787130
2025,0.758521
2026,0.770244
2027,0.749839
2028,0.743097
2029,0.810391
2030,0.794050
2031,0.797201
2032,0.801782
2033,0.820520
2034,0.847232
2035,0.781830
2036,0.806344
2037,0.796389
2038,0.814934
2039,0.767022
2040,0.816164
2041,0.806484
2042,0.883640
2043,0.765156
2044,0.737769
2045,0.809671
2046,0.772785
2047,0.773451
2048,0.793325
2049,0.792923
2050,0.776899
2051,0.756836
2052,0.748796
2053,0.779940
2054,0.819398
2055,0.789903
2056,0.790536
2057,0.809943
2058,0.777987
2059,0.790464
2060,0.757495
2061,0.799282
2062,0.806114
2063,0.784362
2064,0.783515
2065,0.812128
2066,0.819610
2067,0.729029
2068,0.762516
2069,0.787224
2070,0.785889
2071,0.773834
2072,0.756880
2073,0.750734
2074,0.743597
2075,0.821568
2076,0.806758
2077,0.795625
2078,0.797565
2079,0.734871
2080,0.801808
2081,0.810304
2082,0.781674
2083,0.780514
2084,0.761810
2085,0.769291
2086,0.843660
2087,0.736482
2088,0.870214
2089,0.776140
2090,0.800097
2091,0.812872
2092,0.796901
2093,0.758637
2094,0.779372
2095,0.794646
2096,0.800725
2097,0.769335
2098,0.749134
2099,0.785603
2100,0.797468
2101,0.806945
2102,0.766230
2103,0.837819
2104,0.786433
2105,0.757187
2106,0.761206
2107,0.819948
2108,0.799381
2109,0.753649
2110,0.820152
2111,0.791006
2112,0.791758
2113,0.710639
2114,0.784332
2115,0.818606
2116,0.778285
2117,0.792100
2118,0.755334
2119,0.802060
2120,0.810958
2121,0.788690
2122,0.797776
2123,0.789575
2124,0.774002
2125,0.762040
2126,0.830608
2127,0.783406
2128,0.837280
2129,0.755386
2130,0.751671
2131,0.744384
2132,0.775324
2133,0.689744
2134,0.852669
2135,0.804820
2136,0.794004
2137,0.775896
2138,0.777069
2139,0.762764
2140,0.699783
2141,0.840900
2142,0.748547
2143,0.796404
2144,0.740889
2145,0.776314
2146,0.777548
2147,0.806916
2148,0.739958
2149,0.789843
2150,0.806731
2151,0.769986
2152,0.776026
2153,0.788817
2154,0.787365
2155,0.817472
2156,0.804609
2157,0.808112
2158,0.856004
2159,0.807582
2160,0.808959
2161,0.767632
2162,0.800480
2163,0.798905
2164,0.755764
2165,0.753161
2166,0.807101
2167,0.805276
2168,0.838758
2169,0.764439
2170,0.729176
2171,0.758366
2172,0.725476
2173,0.763459
2174,0.745946
2175,0.731097
2176,0.774856
2177,0.802978
2178,0.797829
2179,0.810112
2180,0.894449
2181,0.873194
2182,0.778424
2183,0.768747
2184,0.778265
2185,0.818220
2186,0.753989
2187,0.791517
2188,0.764540
2189,0.770070
2190,0.731202
2191,0.800075
2192,0.762492
2193,0.797143
2194,0.749873
2195,0.774191
2196,0.776725
2197,0.775267
2198,0.718697
2199,0.782648
2200,0.792471
2201,0.744735
2202,0.779049
2203,0.815517
2204,0.792631
2205,0.819553
2206,0.815106
2207,0.784022
2208,0.792216
2209,0.791198
2210,0.773093
2211,0.799222
2212,0.778409
2213,0.776174
2214,0.761955
2215,0.766599
2216,0.763565
2217,0.774910
2218,0.806453
2219,0.708119
2220,0.798015
2221,0.849896
2222,0.782836
2223,0.751702
2224,0.804700
2225,0.793007
2226,0.792330
2227,0.737089
2228,0.739752
2229,0.742854
2230,0.706909
2231,0.773415
2232,0.764528
2233,0.765441
2234,0.766089
2235,0.772520
2236,0.826407
2237,0.773620
2238,0.765842
2239,0.753621
2240,0.773938
2241,0.757044
2242,0.744002
2243,0.782029
2244,0.746785
2245,0.742911
2246,0.767220
2247,0.754700
2248,0.774462
2249,0.799994
2250,0.787013
2251,0.747380
2252,0.801618
2253,0.785617
2254,0.705382
2255,0.784155
2256,0.836437
2257,0.804481
2258,0.767149
2259,0.776013
2260,0.840806
2261,0.799819
2262,0.797915
2263,0.757529
2264,0.757910
2265,0.815131
2266,0.781060
2267,0.753365
2268,0.778909
2269,0.728066
2270,0.807586
2271,0.726645
2272,0.721108
2273,0.746178
2274,0.777966
2275,0.739466
2276,0.767535
2277,0.800820
2278,0.691212
2279,0.751032
2280,0.744130
2281,0.795346
2282,0.795251
2283,0.794918
2284,0.755812
2285,0.831357
2286,0.732204
2287,0.812259
2288,0.772481
2289,0.777690
2290,0.763920
2291,0.777810
2292,0.759236
2293,0.764787
2294,0.752858
2295,0.751388
2296,0.772151
2297,0.757131
2298,0.753971
2299,0.695290
2300,0.770800
2301,0.778713
2302,0.789067
2303,0.810207
2304,0.827747
2305,0.775389
2306,0.759886
2307,0.769311
2308,0.771484
2309,0.781744
2310,0.709665
2311,0.796557
2312,0.776128
2313,0.784494
2314,0.826310
2315,0.796364
2316,0.711278
2317,0.785596
2318,0.769412
2319,0.801411
2320,0.786160
2321,0.764154
2322,0.755207
2323,0.766256
2324,0.734741
2325,0.732376
2326,0.799661
2327,0.803073
2328,0.772726
2329,0.790093
2330,0.793010
2331,0.815170
2332,0.815766
2333,0.776687
2334,0.783701
2335,0.772213
2336,0.775099
2337,0.739797
2338,0.784971
2339,0.798092
2340,0.772783
2341,0.725663
2342,0.798616
2343,0.796993
2344,0.745374
2345,0.783369
2346,0.777544
2347,0.753225
2348,0.794219
2349,0.785497
2350,0.779826
2351,0.707422
2352,0.726942
2353,0.788602
2354,0.775164
2355,0.796373
2356,0.760935
2357,0.742458
2358,0.837400
2359,0.764015
2360,0.734412
2361,0.743114
2362,0.818033
2363,0.768412
2364,0.760158
2365,0.795517
2366,0.759570
2367,0.754552
2368,0.722332
2369,0.806131
2370,0.740972
2371,0.763728
2372,0.799487
2373,0.793356
2374,0.751971
2375,0.816046
2376,0.753058
2377,0.741930
2378,0.780756
2379,0.766198
2380,0.734774
2381,0.781296
2382,0.808625
2383,0.774474
2384,0.733790
2385,0.758154
2386,0.757629
2387,0.761774
2388,0.779987
2389,0.723684
2390,0.726145
2391,0.764216
2392,0.762708
2393,0.754184
2394,0.794154
2395,0.848571
2396,0.805361
2397,0.762378
2398,0.787519
2399,0.815943
2400,0.795797
2401,0.703752
2402,0.812452
2403,0.722963
2404,0.755382
2405,0.766602
2406,0.773024
2407,0.784404
2408,0.773447
2409,0.812657
2410,0.777072
2411,0.750685
2412,0.830620
2413,0.763983
2414,0.742980
2415,0.760323
2416,0.780192
2417,0.764187
2418,0.794569
2419,0.818765
2420,0.819499
2421,0.743475
2422,0.787142
2423,0.796320
2424,0.794780
2425,0.733382
2426,0.778595
2427,0.770407
2428,0.740824
2429,0.780138
2430,0.810304
2431,0.749342
2432,0.798278
2433,0.727696
2434,0.758680
2435,0.724446
2436,0.767846
2437,0.771783
2438,0.788394
2439,0.709921
2440,0.749464
2441,0.764030
2442,0.788156
2443,0.787960
2444,0.725749
2445,0.779154
2446,0.701279
2447,0.770145
2448,0.793780
2449,0.774125
2450,0.753472
2451,0.751015
2452,0.796089
2453,0.798976
2454,0.782231
2455,0.792688
2456,0.746992
2457,0.839759
2458,0.727565
2459,0.692340
2460,0.759980
2461,0.707837
2462,0.779047
2463,0.762809
2464,0.787318
2465,0.770609
2466,0.756921
2467,0.800676
2468,0.782071
2469,0.742197
2470,0.752763
2471,0.741988
2472,0.739739
2473,0.699316
2474,0.794711
2475,0.811205
2476,0.732916
2477,0.800687
2478,0.762969
2479,0.723009
2480,0.791205
2481,0.721107
2482,0.754156
2483,0.773058
2484,0.739133
2485,0.772083
2486,0.785333
2487,0.777736
2488,0.776477
2489,0.769100
2490,0.817059
2491,0.724878
2492,0.742839
2493,0.736057
2494,0.801368
2495,0.720735
2496,0.760896
2497,0.797047
2498,0.745130
2499,0.770816
2500,0.757308
2501,0.774124
2502,0.809342
2503,0.795099
2504,0.803798
2505,0.742751
2506,0.807242
2507,0.827503
2508,0.766844
2509,0.754478
2510,0.760766
2511,0.759826
2512,0.715963
2513,0.723220
2514,0.764316
2515,0.753354
2516,0.763832
2517,0.770566
2518,0.807508
2519,0.765252
2520,0.759635
2521,0.754700
2522,0.772162
2523,0.742107
2524,0.750864
2525,0.761645
2526,0.758874
2527,0.754155
2528,0.770423
2529,0.764364
2530,0.763223
2531,0.790706
2532,0.783853
2533,0.747035
2534,0.765563
2535,0.735948
2536,0.756895
2537,0.741678
2538,0.770441
2539,0.773922
2540,0.741076
2541,0.723401
2542,0.760807
2543,0.748740
2544,0.774177
2545,0.741607
2546,0.783715
2547,0.790167
2548,0.753602
2549,0.768159
2550,0.753368
2551,0.794814
2552,0.750304
2553,0.743331
2554,0.756141
2555,0.752014
2556,0.785365
2557,0.769622
2558,0.795794
2559,0.754165
2560,0.766238
2561,0.763121
2562,0.738772
2563,0.744403
2564,0.764439
2565,0.769097
2566,0.798354
2567,0.757016
2568,0.795278
2569,0.754872
2570,0.768709
2571,0.754652
2572,0.802929
2573,0.736609
2574,0.761676
2575,0.774424
2576,0.809528
2577,0.846068
2578,0.777445
2579,0.787191
2580,0.758784
2581,0.772945
2582,0.784347
2583,0.749335
2584,0.784024
2585,0.735605
2586,0.733422
2587,0.720080
2588,0.784630
2589,0.783667
2590,0.796651
2591,0.759242
2592,0.738933
2593,0.760681
2594,0.724128
2595,0.742806
2596,0.769615
2597,0.688841
2598,0.742989
2599,0.731613
2600,0.719484
2601,0.772290
2602,0.731275
2603,0.714135
2604,0.747746
2605,0.770773
2606,0.745856
2607,0.751690
2608,0.787461
2609,0.807577
2610,0.819284
2611,0.785487
2612,0.721688
2613,0.717248
2614,0.739447
2615,0.756767
2616,0.774635
2617,0.783302
2618,0.725883
2619,0.776665
2620,0.703558
2621,0.777003
2622,0.734686
2623,0.746065
2624,0.735208
2625,0.721057
2626,0.740452
2627,0.740672
2628,0.815237
2629,0.747874
2630,0.803488
2631,0.730471
2632,0.735215
2633,0.745950
2634,0.746103
2635,0.735240
2636,0.730120
2637,0.743829
2638,0.746457
2639,0.741446
2640,0.763239
2641,0.789626
2642,0.741250
2643,0.765423
2644,0.774886
2645,0.746822
2646,0.734979
2647,0.739030
2648,0.800144
2649,0.741009
2650,0.781904
2651,0.758568
2652,0.731365
2653,0.761930
2654,0.751525
2655,0.729895
2656,0.751112
2657,0.734724
2658,0.818693
2659,0.722544
2660,0.738260
2661,0.773402
2662,0.734745
2663,0.727055
2664,0.761217
2665,0.753845
2666,0.790679
2667,0.737094
2668,0.780841
2669,0.738295
2670,0.769994
2671,0.767741
2672,0.730116
2673,0.720760
2674,0.735277
2675,0.763810
2676,0.806862
2677,0.733916
2678,0.780249
2679,0.729978
2680,0.724310
2681,0.744320
2682,0.743895
2683,0.730354
2684,0.746365
2685,0.787131
2686,0.769472
2687,0.716186
2688,0.719356
2689,0.798330
2690,0.760181
2691,0.810002
2692,0.782742
2693,0.800640
2694,0.770229
2695,0.694167
2696,0.732298
2697,0.794128
2698,0.770363
2699,0.718996
2700,0.785904
2701,0.751199
2702,0.740931
2703,0.771009
2704,0.729887
2705,0.724041
2706,0.790296
2707,0.770389
2708,0.733693
2709,0.779997
2710,0.737467
2711,0.739979
2712,0.704430
2713,0.757260
2714,0.758851
2715,0.774915
2716,0.802578
2717,0.772651
2718,0.761520
2719,0.788442
2720,0.762350
2721,0.775564
2722,0.753352
2723,0.731721
2724,0.710999
2725,0.787403
2726,0.745272
2727,0.777825
2728,0.749853
2729,0.852273
2730,0.760746
2731,0.786413
2732,0.684253
2733,0.753746
2734,0.755084
2735,0.774165
2736,0.731921
2737,0.746784
2738,0.725028
2739,0.770988
2740,0.750143
2741,0.748521
2742,0.752343
2743,0.787001
2744,0.748346
2745,0.801305
2746,0.830009
2747,0.761807
2748,0.780173
2749,0.697086
2750,0.669051
2751,0.703218
2752,0.762683
2753,0.813532
2754,0.753235
2755,0.788349
2756,0.734033
2757,0.779607
2758,0.721287
2759,0.787428
2760,0.706554
2761,0.747029
2762,0.703654
2763,0.732926
2764,0.735685
2765,0.715893
2766,0.756652
2767,0.701548
2768,0.820466
2769,0.731531
2770,0.750856
2771,0.743114
2772,0.738671
2773,0.705451
2774,0.778674
2775,0.741407
2776,0.733985
2777,0.742330
2778,0.765894
2779,0.708310
2780,0.755651
2781,0.729289
2782,0.780198
2783,0.714366
2784,0.780235
2785,0.732602
2786,0.769885
2787,0.748274
2788,0.740020
2789,0.741176
2790,0.726242
2791,0.710691
2792,0.717753
2793,0.770436
2794,0.741776
2795,0.804252
2796,0.740276
2797,0.736112
2798,0.761601
2799,0.709226
2800,0.725391
2801,0.735695
2802,0.747805
2803,0.754624
2804,0.801588
2805,0.718306
2806,0.729928
2807,0.751067
2808,0.734580
2809,0.795981
2810,0.771834
2811,0.769152
2812,0.726008
2813,0.772820
2814,0.754848
2815,0.763070
2816,0.787163
2817,0.740826
2818,0.758363
2819,0.766605
2820,0.706426
2821,0.681243
2822,0.741616
2823,0.776565
2824,0.708210
2825,0.735078
2826,0.763776
2827,0.721093
2828,0.706725
2829,0.740218
2830,0.773882
2831,0.760814
2832,0.721528
2833,0.780236
2834,0.746009
2835,0.698328
2836,0.830117
2837,0.741611
2838,0.738455
2839,0.734357
2840,0.741192
2841,0.733895
2842,0.775251
2843,0.765271
2844,0.741155
2845,0.801358
2846,0.690054
2847,0.739107
2848,0.742208
2849,0.772932
2850,0.770751
2851,0.770530
2852,0.708508
2853,0.746475
2854,0.740208
2855,0.712431
2856,0.734397
2857,0.728968
2858,0.761829
2859,0.745265
2860,0.731471
2861,0.766612
2862,0.710987
2863,0.719258
2864,0.717760
2865,0.751516
2866,0.696826
2867,0.721025
2868,0.720575
2869,0.770779
2870,0.713157
2871,0.761229
2872,0.721125
2873,0.756219
2874,0.733212
2875,0.719235
2876,0.772764
2877,0.748686
2878,0.792937
2879,0.729055
2880,0.655773
2881,0.735907
2882,0.775666
2883,0.759609
2884,0.743694
2885,0.754461
2886,0.797120
2887,0.757470
2888,0.739197
2889,0.715798
2890,0.774450
2891,0.763364
2892,0.737247
2893,0.742028
2894,0.724730
2895,0.768977
2896,0.726136
2897,0.764766
2898,0.761874
2899,0.737305
2900,0.715061
2901,0.752731
2902,0.757488
2903,0.776269
2904,0.759302
2905,0.772528
2906,0.750025
2907,0.749993
2908,0.733026
2909,0.723577
2910,0.716698
2911,0.709953
2912,0.699536
2913,0.708775
2914,0.722655
2915,0.733270
2916,0.731470
2917,0.761790
2918,0.740094
2919,0.748250
2920,0.733972
2921,0.736605
2922,0.701894
2923,0.789366
2924,0.729843
2925,0.730788
2926,0.724489
2927,0.731056
2928,0.766740
2929,0.774590
2930,0.722465
2931,0.785095
2932,0.679422
2933,0.737841
2934,0.778268
2935,0.763100
2936,0.758188
2937,0.776705
2938,0.709370
2939,0.673024
2940,0.725288
2941,0.723000
2942,0.787359
2943,0.734264
2944,0.718267
2945,0.719160
2946,0.760422
2947,0.771396
2948,0.697625
2949,0.725809
2950,0.704286
2951,0.727198
2952,0.712043
2953,0.724074
2954,0.752124
2955,0.750161
2956,0.798805
2957,0.756868
2958,0.727818
2959,0.791105
2960,0.737173
2961,0.705987
2962,0.720681
2963,0.811750
2964,0.697459
2965,0.781271
2966,0.765054
2967,0.766031
2968,0.690764
2969,0.796608
2970,0.755070
2971,0.707264
2972,0.724516
2973,0.733542
2974,0.759883
2975,0.725634
2976,0.765703
2977,0.774258
2978,0.735789
2979,0.751300
2980,0.782827
2981,0.670623
2982,0.732554
2983,0.727494
2984,0.730223
2985,0.708997
2986,0.722661
2987,0.711967
2988,0.717450
2989,0.773235
2990,0.781654
2991,0.748343
2992,0.769969
2993,0.685406
2994,0.740172
2995,0.729705
2996,0.780329
2997,0.804699
2998,0.752047
2999,0.791649
3000,0.700110
3001,0.686618
3002,0.726384
3003,0.773983
3004,0.750760
3005,0.784646
3006,0.772168
3007,0.759064
3008,0.761389
3009,0.774526
3010,0.764495
3011,0.744037
3012,0.749604
3013,0.789311
3014,0.767442
3015,0.752586
3016,0.725829
3017,0.705250
3018,0.738313
3019,0.779522
3020,0.731743
3021,0.742521
3022,0.742597
3023,0.725046
3024,0.759683
3025,0.781056
3026,0.707348
3027,0.742725
3028,0.791798
3029,0.717636
3030,0.704490
3031,0.727372
3032,0.723078
3033,0.764086
3034,0.774339
3035,0.774580
3036,0.708506
3037,0.689384
3038,0.758798
3039,0.710554
3040,0.821266
3041,0.779370
3042,0.761845
3043,0.756814
3044,0.708788
3045,0.771390
3046,0.705356
3047,0.727405
3048,0.707687
3049,0.726787
3050,0.708112
3051,0.758512
3052,0.764384
3053,0.751134
3054,0.757144
3055,0.702426
3056,0.742476
3057,0.731141
3058,0.742859
3059,0.734909
3060,0.734288
3061,0.788641
3062,0.710915
3063,0.705328
3064,0.702852
3065,0.733376
3066,0.733056
3067,0.749727
3068,0.814890
3069,0.748725
3070,0.746856
3071,0.717147
3072,0.752184
3073,0.749977
3074,0.725145
3075,0.707820
3076,0.724042
3077,0.759802
3078,0.751602
3079,0.780618
3080,0.701333
3081,0.720733
3082,0.806593
3083,0.757497
3084,0.795968
3085,0.745390
3086,0.713918
3087,0.744208
3088,0.711720
3089,0.780871
3090,0.763149
3091,0.716811
3092,0.749477
3093,0.726922
3094,0.717396
3095,0.697402
3096,0.710691
3097,0.809898
3098,0.805749
3099,0.790429
3100,0.766740
3101,0.736749
3102,0.756887
3103,0.722634
3104,0.732526
3105,0.731451
3106,0.816052
3107,0.754459
3108,0.742394
3109,0.712608
3110,0.695073
3111,0.721376
3112,0.793893
3113,0.781487
3114,0.707569
3115,0.759013
3116,0.729292
3117,0.770319
3118,0.738263
3119,0.743578
3120,0.729674
3121,0.736288
3122,0.742725
3123,0.749106
3124,0.726271
3125,0.721781
3126,0.750657
3127,0.750649
3128,0.695110
3129,0.748404
3130,0.732749
3131,0.753080
3132,0.700493
3133,0.735954
3134,0.721916
3135,0.651362
3136,0.696917
3137,0.743208
3138,0.789681
3139,0.695296
3140,0.705396
3141,0.775435
3142,0.766864
3143,0.734547
3144,0.697507
3145,0.714815
3146,0.709472
3147,0.737511
3148,0.706272
3149,0.726264
3150,0.757447
3151,0.733636
3152,0.765579
3153,0.743956
3154,0.718817
3155,0.710687
3156,0.721239
3157,0.690767
3158,0.698132
3159,0.737517
3160,0.742325
3161,0.718991
3162,0.701283
3163,0.762294
3164,0.719953
3165,0.726814
3166,0.753374
3167,0.747970
3168,0.687648
3169,0.688702
3170,0.721154
3171,0.695128
3172,0.716825
3173,0.707375
3174,0.743971
3175,0.724813
3176,0.758425
3177,0.742508
3178,0.741408
3179,0.726299
3180,0.698543
3181,0.671403
3182,0.733487
3183,0.707435
3184,0.742912
3185,0.749280
3186,0.704421
3187,0.745275
3188,0.776984
3189,0.694872
3190,0.772181
3191,0.718809
3192,0.760982
3193,0.668049
3194,0.768642
3195,0.741347
3196,0.801599
3197,0.726264
3198,0.759798
3199,0.741426
3200,0.761254
3201,0.647650
3202,0.702201
3203,0.698825
3204,0.699411
3205,0.721885
3206,0.727121
3207,0.680022
3208,0.679344
3209,0.771158
3210,0.693535
3211,0.691372
3212,0.757049
3213,0.731589
3214,0.706860
3215,0.730635
3216,0.686163
3217,0.715203
3218,0.682251
3219,0.682906
3220,0.694655
3221,0.769805
3222,0.800711
3223,0.719901
3224,0.741048
3225,0.720375
3226,0.725760
3227,0.768204
3228,0.737990
3229,0.751733
3230,0.748676
3231,0.743678
3232,0.726707
3233,0.814939
3234,0.744213
3235,0.695140
3236,0.736936
3237,0.719395
3238,0.721122
3239,0.679698
3240,0.719014
3241,0.718450
3242,0.752919
3243,0.714062
3244,0.705043
3245,0.735424
3246,0.730542
3247,0.712215
3248,0.772409
3249,0.781735
3250,0.729588
3251,0.725713
3252,0.746091
3253,0.681686
3254,0.743307
3255,0.724635
3256,0.770888
3257,0.772149
3258,0.737739
3259,0.718275
3260,0.695281
3261,0.715275
3262,0.734028
3263,0.726419
3264,0.718499
3265,0.756424
3266,0.721832
3267,0.776307
3268,0.711371
3269,0.728734
3270,0.731782
3271,0.695300
3272,0.759810
3273,0.747474
3274,0.751451
3275,0.736133
3276,0.725831
3277,0.705008
3278,0.718278
3279,0.723533
3280,0.691835
3281,0.781445
3282,0.734231
3283,0.723491
3284,0.749185
3285,0.689852
3286,0.761597
3287,0.755150
3288,0.695671
3289,0.755829
3290,0.746295
3291,0.733330
3292,0.809697
3293,0.738560
3294,0.732329
3295,0.740256
3296,0.722965
3297,0.715445
3298,0.718003
3299,0.718419
3300,0.773325
3301,0.782657
3302,0.704975
3303,0.736634
3304,0.736446
3305,0.699714
3306,0.716301
3307,0.734031
3308,0.764654
3309,0.780996
3310,0.746232
3311,0.730456
3312,0.732961
3313,0.762674
3314,0.770012
3315,0.712373
3316,0.711614
3317,0.674299
3318,0.740859
3319,0.720947
3320,0.706868
3321,0.717572
3322,0.748487
3323,0.716815
3324,0.718756
3325,0.719038
3326,0.710716
3327,0.755049
3328,0.683496
3329,0.750391
3330,0.709573
3331,0.808183
3332,0.707002
3333,0.749699
3334,0.722864
3335,0.736094
3336,0.724495
3337,0.751104
3338,0.689820
3339,0.717778
3340,0.796442
3341,0.731399
3342,0.786467
3343,0.735899
3344,0.691676
3345,0.720166
3346,0.736770
3347,0.719878
3348,0.727541
3349,0.771850
3350,0.725603
3351,0.711269
3352,0.719147
3353,0.694889
3354,0.704310
3355,0.718853
3356,0.755000
3357,0.722908
3358,0.742152
3359,0.688876
3360,0.721079
3361,0.691637
3362,0.692036
3363,0.752501
3364,0.761231
3365,0.731139
3366,0.719141
3367,0.731307
3368,0.832271
3369,0.779623
3370,0.706517
3371,0.744067
3372,0.735049
3373,0.721696
3374,0.741670
3375,0.702311
3376,0.768502
3377,0.725826
3378,0.679189
3379,0.713928
3380,0.716555
3381,0.724585
3382,0.723286
3383,0.711435
3384,0.741049
3385,0.715249
3386,0.778406
3387,0.706871
3388,0.718075
3389,0.779470
3390,0.756397
3391,0.674096
3392,0.779049
3393,0.797788
3394,0.723746
3395,0.782612
3396,0.739381
3397,0.722829
3398,0.719965
3399,0.758853
3400,0.741281
3401,0.713349
3402,0.701317
3403,0.710104
3404,0.732578
3405,0.719993
3406,0.708107
3407,0.730826
3408,0.708082
3409,0.726529
3410,0.716618
3411,0.715122
3412,0.679198
3413,0.733445
3414,0.697558
3415,0.736912
3416,0.760324
3417,0.732758
3418,0.694072
3419,0.832662
3420,0.752763
3421,0.763077
3422,0.730581
3423,0.738090
3424,0.737821
3425,0.728418
3426,0.703946
3427,0.703163
3428,0.705764
3429,0.726346
3430,0.726472
3431,0.760715
3432,0.764271
3433,0.737213
3434,0.752637
3435,0.760952
3436,0.687648
3437,0.709060
3438,0.698941
3439,0.741224
3440,0.765450
3441,0.724831
3442,0.711013
3443,0.746234
3444,0.770505
3445,0.692307
3446,0.721741
3447,0.785673
3448,0.718252
3449,0.717189
3450,0.721081
3451,0.704102
3452,0.728358
3453,0.767120
3454,0.723600
3455,0.734668
3456,0.730503
3457,0.713168
3458,0.730241
3459,0.710011
3460,0.708977
3461,0.722701
3462,0.713623
3463,0.710069
3464,0.663499
3465,0.699933
3466,0.774321
3467,0.696543
3468,0.716643
3469,0.729594
3470,0.769974
3471,0.725870
3472,0.696648
3473,0.708116
3474,0.678418
3475,0.705312
3476,0.722761
3477,0.763023
3478,0.683833
3479,0.713895
3480,0.700074
3481,0.714069
3482,0.720555
3483,0.762829
3484,0.704892
3485,0.706739
3486,0.780370
3487,0.723072
3488,0.716452
3489,0.693765
3490,0.741172
3491,0.673982
3492,0.703913
3493,0.719609
3494,0.701143
3495,0.765968
3496,0.749084
3497,0.728274
3498,0.689055
3499,0.760362
3500,0.762462
3501,0.774336
3502,0.708091
3503,0.693227
3504,0.786197
3505,0.743362
3506,0.705499
3507,0.710411
3508,0.691974
3509,0.774267
3510,0.724631
3511,0.675140
3512,0.686016
3513,0.688652
3514,0.761076
3515,0.713374
3516,0.724907
3517,0.726168
3518,0.671610
3519,0.714734
3520,0.722847
3521,0.723919
3522,0.657787
3523,0.707312
3524,0.723651
3525,0.685499
3526,0.723877
3527,0.729354
3528,0.778627
3529,0.746027
3530,0.675877
3531,0.687160
3532,0.724268
3533,0.688997
3534,0.718887
3535,0.764805
3536,0.744984
3537,0.759048
3538,0.725898
3539,0.725705
3540,0.716123
3541,0.717379
3542,0.699598
3543,0.751722
3544,0.756097
3545,0.711770
3546,0.743265
3547,0.693719
3548,0.670055
3549,0.742176
3550,0.682397
3551,0.750753
3552,0.724130
3553,0.704432
3554,0.693181
3555,0.705436
3556,0.670212
3557,0.699049
3558,0.689311
3559,0.738328
3560,0.732981
3561,0.666388
3562,0.686194
3563,0.760592
3564,0.720988
3565,0.708689
3566,0.674696
3567,0.801379
3568,0.747173
3569,0.763898
3570,0.713524
3571,0.772166
3572,0.690164
3573,0.722185
3574,0.763518
3575,0.697950
3576,0.717272
3577,0.658448
3578,0.734201
3579,0.751617
3580,0.704865
3581,0.720781
3582,0.717569
3583,0.727678
3584,0.779808
3585,0.775119
3586,0.718971
3587,0.759491
3588,0.716362
3589,0.731743
3590,0.705280
3591,0.738435
3592,0.761619
3593,0.696992
3594,0.703337
3595,0.777880
3596,0.704066
3597,0.715739
3598,0.760205
3599,0.720599
3600,0.690134
3601,0.753815
3602,0.720060
3603,0.736418
3604,0.704649
3605,0.695786
3606,0.756874
3607,0.708338
3608,0.732392
3609,0.763221
3610,0.716442
3611,0.734317
3612,0.715568
3613,0.701879
3614,0.676371
3615,0.734206
3616,0.708197
3617,0.729973
3618,0.689382
3619,0.741922
3620,0.736202
3621,0.782319
3622,0.693199
3623,0.689948
3624,0.747932
3625,0.706801
3626,0.696693
3627,0.669680
3628,0.744065
3629,0.778743
3630,0.682488
3631,0.713194
3632,0.740999
3633,0.718121
3634,0.724951
3635,0.704272
3636,0.707133
3637,0.759738
3638,0.691846
3639,0.750277
3640,0.727321
3641,0.704027
3642,0.750332
3643,0.735953
3644,0.726492
3645,0.748449
3646,0.687495
3647,0.685241
3648,0.693922
3649,0.710436
3650,0.729789
3651,0.753778
3652,0.721002
3653,0.700766
3654,0.705994
3655,0.704072
3656,0.736033
3657,0.756780
3658,0.737618
3659,0.728235
3660,0.676792
3661,0.753180
3662,0.689897
3663,0.710466
3664,0.695221
3665,0.700366
3666,0.719583
3667,0.753916
3668,0.694395
3669,0.687594
3670,0.715411
3671,0.740450
3672,0.684725
3673,0.719336
3674,0.709621
3675,0.714097
3676,0.755149
3677,0.694463
3678,0.725141
3679,0.709930
3680,0.743808
3681,0.680714
3682,0.803874
3683,0.651014
3684,0.698534
3685,0.723845
3686,0.771721
3687,0.675872
3688,0.720198
3689,0.682117
3690,0.733473
3691,0.735163
3692,0.732862
3693,0.710386
3694,0.742727
3695,0.723461
3696,0.783204
3697,0.718971
3698,0.768795
3699,0.785862
3700,0.680566
3701,0.727951
3702,0.634585
3703,0.689464
3704,0.683539
3705,0.728474
3706,0.701456
3707,0.750244
3708,0.696943
3709,0.716359
3710,0.763102
3711,0.698633
3712,0.766853
3713,0.754206
3714,0.716758
3715,0.702538
3716,0.704192
3717,0.733916
3718,0.749978
3719,0.711486
3720,0.750857
3721,0.705366
3722,0.708446
3723,0.705325
3724,0.748839
3725,0.726508
3726,0.727679
3727,0.737557
3728,0.727850
3729,0.707458
3730,0.683198
3731,0.725100
3732,0.696909
3733,0.703383
3734,0.705426
3735,0.705745
3736,0.696434
3737,0.706219
3738,0.722895
3739,0.725589
3740,0.689227
3741,0.722277
3742,0.673431
3743,0.712465
3744,0.736359
3745,0.694431
3746,0.695495
3747,0.753588
3748,0.678787
3749,0.711635
3750,0.740942
3751,0.668480
3752,0.682893
3753,0.748233
3754,0.766444
3755,0.724928
3756,0.711841
3757,0.773770
3758,0.697830
3759,0.722807
3760,0.711498
3761,0.712914
3762,0.691161
3763,0.677365
3764,0.694030
3765,0.728811
3766,0.691314
3767,0.699890
3768,0.741933
3769,0.758821
3770,0.736939
3771,0.735596
3772,0.761340
3773,0.684542
3774,0.731810
3775,0.680486
3776,0.755533
3777,0.722288
3778,0.704950
3779,0.715766
3780,0.771906
3781,0.722741
3782,0.741434
3783,0.742097
3784,0.655989
3785,0.792939
3786,0.699730
3787,0.760271
3788,0.767053
3789,0.653576
3790,0.685298
3791,0.757348
3792,0.679717
3793,0.738504
3794,0.759893
3795,0.706454
3796,0.709083
3797,0.734146
3798,0.693720
3799,0.733684
3800,0.717721
3801,0.687504
3802,0.701910
3803,0.708042
3804,0.734048
3805,0.700040
3806,0.721081
3807,0.718179
3808,0.660317
3809,0.703122
3810,0.693801
3811,0.662151
3812,0.733217
3813,0.723294
3814,0.685411
3815,0.703019
3816,0.673862
3817,0.711137
3818,0.759932
3819,0.717682
3820,0.763675
3821,0.695837
3822,0.764840
3823,0.700934
3824,0.785545
3825,0.746453
3826,0.714863
3827,0.730271
3828,0.716379
3829,0.730325
3830,0.703616
3831,0.666235
3832,0.783762
3833,0.718727
3834,0.723082
3835,0.713793
3836,0.731205
3837,0.720370
3838,0.715373
3839,0.694447
3840,0.693134
3841,0.646127
3842,0.701599
3843,0.731507
3844,0.706619
3845,0.672179
3846,0.697426
3847,0.717660
3848,0.734358
3849,0.690323
3850,0.688537
3851,0.761127
3852,0.749141
3853,0.723473
3854,0.706530
3855,0.728302
3856,0.676204
3857,0.663160
3858,0.699861
3859,0.717605
3860,0.689230
3861,0.698283
3862,0.683228
3863,0.707749
3864,0.693998
3865,0.675068
3866,0.694663
3867,0.712552
3868,0.727578
3869,0.696871
3870,0.710896
3871,0.696614
3872,0.726288
3873,0.706351
3874,0.763429
3875,0.719907
3876,0.689650
3877,0.770457
3878,0.726484
3879,0.759610
3880,0.687362
3881,0.745894
3882,0.672383
3883,0.746381
3884,0.715646
3885,0.715974
3886,0.675192
3887,0.678717
3888,0.723006
3889,0.692097
3890,0.741292
3891,0.700974
3892,0.643076
3893,0.671787
3894,0.689890
3895,0.700909
3896,0.710035
3897,0.738100
3898,0.749543
3899,0.700054
3900,0.701995
3901,0.653352
3902,0.750964
3903,0.717215
3904,0.691176
3905,0.735680
3906,0.749811
3907,0.693065
3908,0.696983
3909,0.687849
3910,0.707048
3911,0.737635
3912,0.674080
3913,0.734451
3914,0.708884
3915,0.674949
3916,0.721978
3917,0.690284
3918,0.736565
3919,0.715184
3920,0.707840
3921,0.725624
3922,0.687487
3923,0.679076
3924,0.719614
3925,0.721154
3926,0.735430
3927,0.703369
3928,0.707405
3929,0.746234
3930,0.694141
3931,0.702637
3932,0.739337
3933,0.708175
3934,0.655952
3935,0.669436
3936,0.733226
3937,0.683725
3938,0.705887
3939,0.659289
3940,0.705984
3941,0.723965
3942,0.716586
3943,0.699568
3944,0.732816
3945,0.641946
3946,0.746088
3947,0.700260
3948,0.722081
3949,0.706890
3950,0.702868
3951,0.723008
3952,0.749240
3953,0.698389
3954,0.693858
3955,0.702358
3956,0.706448
3957,0.715718
3958,0.670347
3959,0.737340
3960,0.727712
3961,0.690246
3962,0.726987
3963,0.698490
3964,0.731611
3965,0.705250
3966,0.719172
3967,0.742718
3968,0.696473
3969,0.701834
3970,0.749061
3971,0.769540
3972,0.746917
3973,0.724736
3974,0.743866
3975,0.694420
3976,0.711495
3977,0.648270
3978,0.703943
3979,0.709549
3980,0.745803
3981,0.742537
3982,0.677538
3983,0.758046
3984,0.682070
3985,0.758648
3986,0.682903
3987,0.686958
3988,0.717893
3989,0.712683
3990,0.699371
3991,0.654752
3992,0.660106
3993,0.729495
3994,0.698223
3995,0.705833
3996,0.683593
3997,0.696110
3998,0.688478
3999,0.701448
4000,0.759046
4001,0.692100
4002,0.756356
4003,0.692924
4004,0.712845
4005,0.677902
4006,0.693701
4007,0.744406
4008,0.755165
4009,0.686952
4010,0.769072
4011,0.712173
4012,0.776622
4013,0.673903
4014,0.712184
4015,0.719933
4016,0.674481
4017,0.731592
4018,0.679108
4019,0.753072
4020,0.722570
4021,0.738163
4022,0.717224
4023,0.702332
4024,0.740635
4025,0.726162
4026,0.706454
4027,0.738364
4028,0.691073
4029,0.699181
4030,0.718357
4031,0.733358
4032,0.736188
4033,0.690350
4034,0.701905
4035,0.767702
4036,0.715357
4037,0.696852
4038,0.724616
4039,0.703528
4040,0.667524
4041,0.702276
4042,0.743900
4043,0.661297
4044,0.727707
4045,0.707526
4046,0.733336
4047,0.725988
4048,0.687002
4049,0.669565
4050,0.693850
4051,0.686315
4052,0.695922
4053,0.667862
4054,0.722637
4055,0.707284
4056,0.738300
4057,0.729136
4058,0.671667
4059,0.683851
4060,0.718950
4061,0.758452
4062,0.681590
4063,0.696528
4064,0.706262
4065,0.679209
4066,0.732151
4067,0.694135
4068,0.677883
4069,0.681339
4070,0.689218
4071,0.712798
4072,0.723518
4073,0.736056
4074,0.684509
4075,0.703574
4076,0.684112
4077,0.650756
4078,0.688065
4079,0.745471
4080,0.685428
4081,0.713814
4082,0.661116
4083,0.673991
4084,0.638882
4085,0.715570
4086,0.706330
4087,0.717888
4088,0.697500
4089,0.694761
4090,0.677622
4091,0.715845
4092,0.680459
4093,0.720532
4094,0.715778
4095,0.653716
4096,0.720310
4097,0.769814
4098,0.694737
4099,0.674110
4100,0.692958
4101,0.712672
4102,0.701919
4103,0.727610
4104,0.729551
4105,0.688682
4106,0.727414
4107,0.698454
4108,0.683866
4109,0.718860
4110,0.695841
4111,0.701927
4112,0.728494
4113,0.702932
4114,0.702303
4115,0.715806
4116,0.694385
4117,0.697555
4118,0.704658
4119,0.716496
4120,0.697775
4121,0.673949
4122,0.730016
4123,0.696185
4124,0.745007
4125,0.680790
4126,0.673616
4127,0.720151
4128,0.712446
4129,0.695849
4130,0.686677
4131,0.710702
4132,0.772090
4133,0.746567
4134,0.663382
4135,0.652512
4136,0.711311
4137,0.669883
4138,0.706280
4139,0.757785
4140,0.730300
4141,0.689989
4142,0.669491
4143,0.732555
4144,0.681073
4145,0.725391
4146,0.678138
4147,0.698333
4148,0.738688
4149,0.696466
4150,0.705203
4151,0.726115
4152,0.687914
4153,0.707861
4154,0.701697
4155,0.644742
4156,0.716463
4157,0.751086
4158,0.739924
4159,0.782808
4160,0.678753
4161,0.692642
4162,0.715315
4163,0.660298
4164,0.715124
4165,0.697751
4166,0.733561
4167,0.729076
4168,0.693496
4169,0.719796
4170,0.714188
4171,0.722788
4172,0.719522
4173,0.678384
4174,0.643532
4175,0.683858
4176,0.669460
4177,0.706207
4178,0.759994
4179,0.726685
4180,0.693056
4181,0.752552
4182,0.666901
4183,0.750942
4184,0.712094
4185,0.711891
4186,0.693549
4187,0.719882
4188,0.671139
4189,0.707991
4190,0.721829
4191,0.695183
4192,0.719188
4193,0.689981
4194,0.677381
4195,0.724216
4196,0.668998
4197,0.695235
4198,0.684592
4199,0.749201
4200,0.694928
4201,0.703680
4202,0.722194
4203,0.746443
4204,0.690006
4205,0.726667
4206,0.631498
4207,0.700870
4208,0.656017
4209,0.712858
4210,0.662418
4211,0.717556
4212,0.672472
4213,0.700808
4214,0.707312
4215,0.725222
4216,0.742495
4217,0.736388
4218,0.712939
4219,0.721042
4220,0.689126
4221,0.705859
4222,0.695695
4223,0.691292
4224,0.694301
4225,0.699274
4226,0.682209
4227,0.709530
4228,0.693485
4229,0.698682
4230,0.683815
4231,0.697078
4232,0.729594
4233,0.714565
4234,0.678985
4235,0.706173
4236,0.726609
4237,0.697618
4238,0.700025
4239,0.708793
4240,0.731983
4241,0.694270
4242,0.698660
4243,0.697725
4244,0.688326
4245,0.701205
4246,0.669513
4247,0.649973
4248,0.716775
4249,0.782991
4250,0.732653
4251,0.712665
4252,0.724486
4253,0.747679
4254,0.658596
4255,0.710881
4256,0.686627
4257,0.672400
4258,0.770730
4259,0.693610
4260,0.724503
4261,0.740263
4262,0.696981
4263,0.736431
4264,0.698357
4265,0.695340
4266,0.706884
4267,0.727797
4268,0.683963
4269,0.731305
4270,0.724914
4271,0.689436
4272,0.744101
4273,0.696794
4274,0.734530
4275,0.659671
4276,0.739425
4277,0.743460
4278,0.700948
4279,0.724328
4280,0.712727
4281,0.664879
4282,0.660044
4283,0.674524
4284,0.691292
4285,0.693702
4286,0.742702
4287,0.704382
4288,0.705896
4289,0.717239
4290,0.709626
4291,0.677951
4292,0.685483
4293,0.690234
4294,0.681437
4295,0.708611
4296,0.717476
4297,0.702085
4298,0.709620
4299,0.700630
4300,0.719708
4301,0.711041
4302,0.636367
4303,0.674993
4304,0.679307
4305,0.656918
4306,0.727506
4307,0.686033
4308,0.709838
4309,0.703363
4310,0.713534
4311,0.709660
4312,0.657213
4313,0.658136
4314,0.653767
4315,0.680385
4316,0.704908
4317,0.686126
4318,0.679369
4319,0.729508
4320,0.697196
4321,0.678266
4322,0.672609
4323,0.675991
4324,0.691641
4325,0.722632
4326,0.690024
4327,0.709529
4328,0.722948
4329,0.703401
4330,0.744021
4331,0.736538
4332,0.714683
4333,0.734768
4334,0.701261
4335,0.767208
4336,0.759566
4337,0.726909
4338,0.734891
4339,0.654739
4340,0.758099
4341,0.694082
4342,0.718415
4343,0.674221
4344,0.682146
4345,0.705737
4346,0.717708
4347,0.703583
4348,0.769261
4349,0.718368
4350,0.719627
4351,0.756780
4352,0.749202
4353,0.696118
4354,0.717474
4355,0.682262
4356,0.665109
4357,0.727589
4358,0.755270
4359,0.649825
4360,0.714565
4361,0.679653
4362,0.673032
4363,0.676562
4364,0.737901
4365,0.728490
4366,0.686514
4367,0.676229
4368,0.720214
4369,0.718366
4370,0.736136
4371,0.702704
4372,0.736472
4373,0.721644
4374,0.706520
4375,0.697105
4376,0.689377
4377,0.739857
4378,0.674554
4379,0.638302
4380,0.666542
4381,0.706059
4382,0.680943
4383,0.680866
4384,0.694430
4385,0.802260
4386,0.676700
4387,0.686301
4388,0.716420
4389,0.695650
4390,0.714046
4391,0.699251
4392,0.642358
4393,0.659124
4394,0.661088
4395,0.689693
4396,0.709695
4397,0.718385
4398,0.661659
4399,0.665249
4400,0.704820
4401,0.707835
4402,0.687164
4403,0.665008
4404,0.667800
4405,0.663427
4406,0.713865
4407,0.714271
4408,0.666992
4409,0.691092
4410,0.668859
4411,0.694715
4412,0.695393
4413,0.702416
4414,0.702381
4415,0.724102
4416,0.678461
4417,0.732980
4418,0.703574
4419,0.711590
4420,0.634649
4421,0.721706
4422,0.706665
4423,0.654928
4424,0.682359
4425,0.761976
4426,0.732034
4427,0.662304
4428,0.698818
4429,0.682870
4430,0.677426
4431,0.720913
4432,0.703645
4433,0.728070
4434,0.639081
4435,0.713558
4436,0.717433
4437,0.680310
4438,0.676601
4439,0.704791
4440,0.781375
4441,0.704829
4442,0.703952
4443,0.703238
4444,0.678584
4445,0.699734
4446,0.710406
4447,0.746466
4448,0.701024
4449,0.714634
4450,0.659846
4451,0.701124
4452,0.695734
4453,0.682212
4454,0.690719
4455,0.723222
4456,0.698237
4457,0.679777
4458,0.687496
4459,0.741641
4460,0.667919
4461,0.712823
4462,0.649231
4463,0.654242
4464,0.698467
4465,0.714706
4466,0.759693
4467,0.672382
4468,0.658004
4469,0.669348
4470,0.769641
4471,0.707029
4472,0.689177
4473,0.674464
4474,0.668213
4475,0.712497
4476,0.705197
4477,0.705694
4478,0.701346
4479,0.715125
4480,0.705779
4481,0.733451
4482,0.723180
4483,0.655280
4484,0.677755
4485,0.721277
4486,0.728567
4487,0.703541
4488,0.710646
4489,0.688469
4490,0.632261
4491,0.755525
4492,0.694998
4493,0.695076
4494,0.731668
4495,0.681392
4496,0.694453
4497,0.687267
4498,0.699634
4499,0.672339
4500,0.715999
4501,0.732194
4502,0.697551
4503,0.714059
4504,0.679911
4505,0.702102
4506,0.663539
4507,0.686082
4508,0.680486
4509,0.710436
4510,0.684980
4511,0.665279
4512,0.691842
4513,0.661746
4514,0.703748
4515,0.688500
4516,0.666665
4517,0.667431
4518,0.778411
4519,0.695356
4520,0.753034
4521,0.722766
4522,0.684084
4523,0.680254
4524,0.715458
4525,0.717239
4526,0.682852
4527,0.669232
4528,0.656775
4529,0.719903
4530,0.672188
4531,0.664344
4532,0.667820
4533,0.679378
4534,0.722956
4535,0.676591
4536,0.719340
4537,0.712082
4538,0.728975
4539,0.776915
4540,0.699593
4541,0.724511
4542,0.704274
4543,0.693691
4544,0.747787
4545,0.680544
4546,0.686424
4547,0.654713
4548,0.680862
4549,0.737204
4550,0.734646
4551,0.686080
4552,0.719330
4553,0.684245
4554,0.670608
4555,0.706281
4556,0.722238
4557,0.696979
4558,0.708509
4559,0.707758
4560,0.705408
4561,0.692679
4562,0.687883
4563,0.679216
4564,0.721920
4565,0.707707
4566,0.722498
4567,0.709230
4568,0.681272
4569,0.738054
4570,0.686278
4571,0.678874
4572,0.705919
4573,0.645081
4574,0.679144
4575,0.705749
4576,0.710231
4577,0.794399
4578,0.660861
4579,0.674097
4580,0.674399
4581,0.724241
4582,0.743487
4583,0.689925
4584,0.753716
4585,0.706430
4586,0.676718
4587,0.714995
4588,0.741436
4589,0.726659
4590,0.650800
4591,0.685637
4592,0.774515
4593,0.696586
4594,0.711713
4595,0.732085
4596,0.658674
4597,0.691953
4598,0.755401
4599,0.693068
4600,0.720114
4601,0.669159
4602,0.694587
4603,0.639813
4604,0.664182
4605,0.711640
4606,0.686369
4607,0.694770
4608,0.661584
4609,0.640729
4610,0.687117
4611,0.666064
4612,0.699219
4613,0.709467
4614,0.702268
4615,0.689510
4616,0.673426
4617,0.717245
4618,0.702774
4619,0.741849
4620,0.742405
4621,0.694192
4622,0.631038
4623,0.722245
4624,0.691348
4625,0.720250
4626,0.738795
4627,0.652058
4628,0.683610
4629,0.698454
4630,0.663855
4631,0.710027
4632,0.675563
4633,0.667968
4634,0.664390
4635,0.691203
4636,0.684042
4637,0.680401
4638,0.636946
4639,0.700628
4640,0.701731
4641,0.722186
4642,0.651143
4643,0.673382
4644,0.644882
4645,0.644728
4646,0.666562
4647,0.697919
4648,0.719899
4649,0.668039
4650,0.740174
4651,0.684397
4652,0.653518
4653,0.695127
4654,0.687314
4655,0.675995
4656,0.726998
4657,0.680056
4658,0.673444
4659,0.698045
4660,0.657982
4661,0.642862
4662,0.659446
4663,0.678764
4664,0.736706
4665,0.698333
4666,0.676951
4667,0.638680
4668,0.794980
4669,0.702405
4670,0.699275
4671,0.690169
4672,0.661702
4673,0.692260
4674,0.695320
4675,0.686354
4676,0.704014
4677,0.691760
4678,0.665282
4679,0.700534
4680,0.682558
4681,0.683503
4682,0.719895
4683,0.635630
4684,0.718352
4685,0.726615
4686,0.709856
4687,0.657794
4688,0.746660
4689,0.686043
4690,0.653115
4691,0.662485
4692,0.747396
4693,0.719141
4694,0.666540
4695,0.660928
4696,0.663837
4697,0.702775
4698,0.702056
4699,0.640485
4700,0.660341
4701,0.645409
4702,0.718676
4703,0.734668
4704,0.714735
4705,0.707222
4706,0.697023
4707,0.655138
4708,0.693987
4709,0.694252
4710,0.686590
4711,0.733059
4712,0.706778
4713,0.713079
4714,0.733542
4715,0.712071
4716,0.719331
4717,0.734587
4718,0.662307
4719,0.720504
4720,0.657715
4721,0.687688
4722,0.688684
4723,0.691894
4724,0.683457
4725,0.669592
4726,0.717973
4727,0.665634
4728,0.719455
4729,0.690308
4730,0.690875
4731,0.652996
4732,0.703634
4733,0.631844
4734,0.724394
4735,0.702814
4736,0.712368
4737,0.693096
4738,0.727839
4739,0.709749
4740,0.713685
4741,0.652509
4742,0.699733
4743,0.686087
4744,0.700698
4745,0.694016
4746,0.706357
4747,0.653354
4748,0.680001
4749,0.643744
4750,0.705921
4751,0.716149
4752,0.668778
4753,0.712741
4754,0.729743
4755,0.691770
4756,0.680856
4757,0.721137
4758,0.694078
4759,0.700217
4760,0.692823
4761,0.723032
4762,0.701497
4763,0.655581
4764,0.697735
4765,0.709366
4766,0.696809
4767,0.726272
4768,0.666324
4769,0.660627
4770,0.707703
4771,0.714719
4772,0.636438
4773,0.709919
4774,0.667305
4775,0.692224
4776,0.723089
4777,0.696751
4778,0.709559
4779,0.696611
4780,0.709275
4781,0.685482
4782,0.728647
4783,0.678729
4784,0.757773
4785,0.693987
4786,0.687217
4787,0.708287
4788,0.715160
4789,0.689284
4790,0.672920
4791,0.647083
4792,0.677659
4793,0.679303
4794,0.709770
4795,0.658884
4796,0.688543
4797,0.703079
4798,0.763954
4799,0.658019
4800,0.697391
4801,0.694668
4802,0.722561
4803,0.686605
4804,0.732089
4805,0.674792
4806,0.695751
4807,0.659961
4808,0.692054
4809,0.696465
4810,0.665706
4811,0.651526
4812,0.662207
4813,0.745606
4814,0.681669
4815,0.682873
4816,0.705137
4817,0.734109
4818,0.678171
4819,0.651526
4820,0.686764
4821,0.696814
4822,0.670272
4823,0.730522
4824,0.674863
4825,0.704596
4826,0.655780
4827,0.660217
4828,0.685927
4829,0.671498
4830,0.693190
4831,0.705976
4832,0.670687
4833,0.710380
4834,0.673910
4835,0.683219
4836,0.690449
4837,0.684347
4838,0.711596
4839,0.661218
4840,0.648351
4841,0.675784
4842,0.722127
4843,0.751883
4844,0.690117
4845,0.668731
4846,0.680079
4847,0.658164
4848,0.700054
4849,0.668050
4850,0.665436
4851,0.722842
4852,0.712016
4853,0.725214
4854,0.675194
4855,0.700271
4856,0.758308
4857,0.747961
4858,0.653475
4859,0.644427
4860,0.750065
4861,0.722721
4862,0.663958
4863,0.733715
4864,0.711251
4865,0.726337
4866,0.670846
4867,0.692435
4868,0.650355
4869,0.664864
4870,0.670332
4871,0.685982
4872,0.726098
4873,0.669047
4874,0.679888
4875,0.682502
4876,0.681181
4877,0.671457
4878,0.706517
4879,0.760763
4880,0.690251
4881,0.710863
4882,0.709802
4883,0.664314
4884,0.669540
4885,0.660793
4886,0.640615
4887,0.683453
4888,0.747350
4889,0.612551
4890,0.672151
4891,0.650851
4892,0.744083
4893,0.687202
4894,0.726637
4895,0.672138
4896,0.652954
4897,0.667711
4898,0.672918
4899,0.679474
4900,0.732058
4901,0.714711
4902,0.682617
4903,0.682801
4904,0.696083
4905,0.656090
4906,0.697111
4907,0.691434
4908,0.656060
4909,0.668413
4910,0.640839
4911,0.712923
4912,0.714828
4913,0.692501
4914,0.685658
4915,0.628154
4916,0.687235
4917,0.697369
4918,0.695660
4919,0.625356
4920,0.653281
4921,0.685106
4922,0.693958
4923,0.675889
4924,0.703139
4925,0.716439
4926,0.713885
4927,0.691507
4928,0.667744
4929,0.689565
4930,0.716300
4931,0.684744
4932,0.720144
4933,0.702548
4934,0.656600
4935,0.707200
4936,0.679446
4937,0.679509
4938,0.663194
4939,0.750694
4940,0.691641
4941,0.715190
4942,0.703457
4943,0.701193
4944,0.683342
4945,0.686732
4946,0.746327
4947,0.674566
4948,0.707290
4949,0.676033
4950,0.715030
4951,0.686455
4952,0.668938
4953,0.644296
4954,0.672973
4955,0.762071
4956,0.686431
4957,0.718388
4958,0.686159
4959,0.724803
4960,0.660542
4961,0.692236
4962,0.726867
4963,0.674817
4964,0.676894
4965,0.674562
4966,0.673920
4967,0.727231
4968,0.679298
4969,0.725613
4970,0.671631
4971,0.745094
4972,0.671644
4973,0.699978
4974,0.735009
4975,0.682937
4976,0.695875
4977,0.734400
4978,0.652931
4979,0.666232
4980,0.697714
4981,0.678009
4982,0.735325
4983,0.696647
4984,0.711066
4985,0.686229
4986,0.678675
4987,0.719645
4988,0.660291
4989,0.696231
4990,0.674437
4991,0.733929
4992,0.645433
4993,0.701663
4994,0.697620
4995,0.705836
4996,0.691900
4997,0.665803
4998,0.667612
4999,0.655937
5000,0.673363
5001,0.758354
5002,0.665742
5003,0.717365
5004,0.695454
5005,0.697518
5006,0.710007
5007,0.690351
5008,0.691059
5009,0.697934
5010,0.721660
5011,0.704697
5012,0.670103
5013,0.670970
5014,0.722677
5015,0.693605
5016,0.656414
5017,0.701711
5018,0.679342
5019,0.691509
5020,0.690251
5021,0.692044
5022,0.704540
5023,0.712857
5024,0.747729
5025,0.676117
5026,0.704966
5027,0.688644
5028,0.654258
5029,0.663584
5030,0.705528
5031,0.686360
5032,0.762298
5033,0.701202
5034,0.660246
5035,0.701808
5036,0.688208
5037,0.686350
5038,0.690991
5039,0.667152
5040,0.678746
5041,0.733501
5042,0.707975
5043,0.703283
5044,0.692736
5045,0.707322
5046,0.698905
5047,0.710624
5048,0.663543
5049,0.673922
5050,0.644058
5051,0.707897
5052,0.677390
5053,0.703683
5054,0.710291
5055,0.679921
5056,0.691665
5057,0.686633
5058,0.685610
5059,0.671447
5060,0.650950
5061,0.704396
5062,0.745883
5063,0.699993
5064,0.715104
5065,0.719796
5066,0.698404
5067,0.657818
5068,0.688440
5069,0.707618
5070,0.674629
5071,0.675080
5072,0.663612
5073,0.692090
5074,0.667532
5075,0.732103
5076,0.692433
5077,0.710846
5078,0.658280
5079,0.686013
5080,0.676114
5081,0.703550
5082,0.720386
5083,0.675627
5084,0.695719
5085,0.681429
5086,0.696469
5087,0.729197
5088,0.694575
5089,0.752240
5090,0.697596
5091,0.675844
5092,0.677025
5093,0.658135
5094,0.682942
5095,0.708297
5096,0.720999
5097,0.697985
5098,0.698866
5099,0.700711
5100,0.711616
5101,0.692515
5102,0.663810
5103,0.664515
5104,0.734246
5105,0.686201
5106,0.659732
5107,0.695007
5108,0.682553
5109,0.661735
5110,0.665202
5111,0.632673
5112,0.731346
5113,0.679801
5114,0.700604
5115,0.721350
5116,0.697615
5117,0.680281
5118,0.727882
5119,0.701625
5120,0.692043
5121,0.690685
5122,0.704402
5123,0.673017
5124,0.680991
5125,0.687279
5126,0.672339
5127,0.679227
5128,0.677789
5129,0.662049
5130,0.674088
5131,0.693914
5132,0.683507
5133,0.723680
5134,0.705030
5135,0.631952
5136,0.695925
5137,0.679956
5138,0.735640
5139,0.666491
5140,0.673641
5141,0.700999
5142,0.675502
5143,0.715864
5144,0.655520
5145,0.656952
5146,0.708480
5147,0.688715
5148,0.742972
5149,0.713123
5150,0.730484
5151,0.703710
5152,0.671683
5153,0.689899
5154,0.688530
5155,0.706542
5156,0.696104
5157,0.662814
5158,0.674661
5159,0.665165
5160,0.692401
5161,0.696471
5162,0.670152
5163,0.699667
5164,0.738494
5165,0.704345
5166,0.658004
5167,0.655572
5168,0.680443
5169,0.662477
5170,0.740796
5171,0.636322
5172,0.710210
5173,0.688561
5174,0.706550
5175,0.651504
5176,0.701604
5177,0.692863
5178,0.748876
5179,0.709608
5180,0.725025
5181,0.685697
5182,0.727199
5183,0.637852
5184,0.698356
5185,0.679794
5186,0.655779
5187,0.658016
5188,0.733272
5189,0.713799
5190,0.668884
5191,0.683715
5192,0.681300
5193,0.675317
5194,0.626317
5195,0.670118
5196,0.693843
5197,0.672982
5198,0.740035
5199,0.650665
5200,0.672546
5201,0.701284
5202,0.665084
5203,0.686546
5204,0.712096
5205,0.638101
5206,0.699104
5207,0.687760
5208,0.681739
5209,0.665593
5210,0.717016
5211,0.668329
5212,0.685969
5213,0.666072
5214,0.631778
5215,0.678682
5216,0.670569
5217,0.664740
5218,0.678312
5219,0.667885
5220,0.678411
5221,0.663118
5222,0.639435
5223,0.686638
5224,0.690747
5225,0.663450
5226,0.706920
5227,0.683378
5228,0.661769
5229,0.635830
5230,0.685711
5231,0.719279
5232,0.660102
5233,0.706816
5234,0.665084
5235,0.696909
5236,0.700760
5237,0.701883
5238,0.673577
5239,0.703791
5240,0.691836
5241,0.725029
5242,0.699024
5243,0.724531
5244,0.703588
5245,0.722665
5246,0.658653
5247,0.644671
5248,0.684819
5249,0.696335
5250,0.696005
5251,0.689725
5252,0.624286
5253,0.676773
5254,0.710759
5255,0.697874
5256,0.659726
5257,0.676678
5258,0.679658
5259,0.664574
5260,0.716673
5261,0.688689
5262,0.750823
5263,0.692266
5264,0.706410
5265,0.679708
5266,0.714784
5267,0.736117
5268,0.673043
5269,0.681365
5270,0.718030
5271,0.703987
5272,0.752752
5273,0.704384
5274,0.688023
5275,0.680923
5276,0.705789
5277,0.680738
5278,0.677023
5279,0.703917
5280,0.683370
5281,0.725176
5282,0.652749
5283,0.644281
5284,0.722502
5285,0.677203
5286,0.691497
5287,0.687077
5288,0.708437
5289,0.595843
5290,0.705350
5291,0.662132
5292,0.669621
5293,0.699474
5294,0.685933
5295,0.666752
5296,0.717549
5297,0.648736
5298,0.714760
5299,0.692673
5300,0.733519
5301,0.661467
5302,0.646845
5303,0.663386
5304,0.652419
5305,0.711606
5306,0.637486
5307,0.678547
5308,0.679888
5309,0.665435
5310,0.703811
5311,0.708674
5312,0.683698
5313,0.685430
5314,0.648694
5315,0.675067
5316,0.676335
5317,0.671425
5318,0.670875
5319,0.703538
5320,0.657182
5321,0.705245
5322,0.668979
5323,0.675626
5324,0.697081
5325,0.721400
5326,0.692122
5327,0.738812
5328,0.660217
5329,0.703225
5330,0.701423
5331,0.655059
5332,0.670720
5333,0.703594
5334,0.662668
5335,0.698776
5336,0.677785
5337,0.682309
5338,0.651032
5339,0.672678
5340,0.679758
5341,0.664006
5342,0.641685
5343,0.678367
5344,0.674008
5345,0.666383
5346,0.679573
5347,0.654763
5348,0.710863
5349,0.703649
5350,0.666781
5351,0.684858
5352,0.728798
5353,0.686408
5354,0.685509
5355,0.683873
5356,0.680919
5357,0.679155
5358,0.675181
5359,0.675187
5360,0.640427
5361,0.704454
5362,0.664122
5363,0.655572
5364,0.694113
5365,0.693447
5366,0.664416
5367,0.662838
5368,0.652533
5369,0.701509
5370,0.657845
5371,0.680945
5372,0.656593
5373,0.717993
5374,0.661108
5375,0.675737
5376,0.646084
5377,0.748002
5378,0.721554
5379,0.690444
5380,0.673788
5381,0.714983
5382,0.694538
5383,0.657250
5384,0.743318
5385,0.725165
5386,0.730404
5387,0.685373
5388,0.670020
5389,0.696853
5390,0.695367
5391,0.665044
5392,0.663562
5393,0.657669
5394,0.718304
5395,0.662231
5396,0.705749
5397,0.658798
5398,0.685681
5399,0.672279
5400,0.701632
5401,0.673724
5402,0.658697
5403,0.696195
5404,0.642207
5405,0.669323
5406,0.660454
5407,0.721313
5408,0.665537
5409,0.686699
5410,0.716635
5411,0.678447
5412,0.734329
5413,0.664829
5414,0.721154
5415,0.718928
5416,0.675359
5417,0.730978
5418,0.652862
5419,0.713085
5420,0.689470
5421,0.693910
5422,0.625517
5423,0.676128
5424,0.689797
5425,0.721433
5426,0.721847
5427,0.689802
5428,0.686161
5429,0.698785
5430,0.680157
5431,0.661436
5432,0.698736
5433,0.677132
5434,0.701234
5435,0.681551
5436,0.744232
5437,0.687825
5438,0.693847
5439,0.642955
5440,0.688446
5441,0.655418
5442,0.634952
5443,0.650733
5444,0.665740
5445,0.677436
5446,0.689549
5447,0.692944
5448,0.682766
5449,0.676481
5450,0.649272
5451,0.687373
5452,0.664913
5453,0.693707
5454,0.719613
5455,0.682417
5456,0.677785
5457,0.736485
5458,0.655449
5459,0.649194
5460,0.679348
5461,0.706570
5462,0.718159
5463,0.650024
5464,0.695978
5465,0.688878
5466,0.691235
5467,0.690838
5468,0.677794
5469,0.674706
5470,0.650572
5471,0.661660
5472,0.733773
5473,0.644690
5474,0.655170
5475,0.671118
5476,0.701181
5477,0.723779
5478,0.712304
5479,0.670124
5480,0.675769
5481,0.648986
5482,0.653569
5483,0.681111
5484,0.691284
5485,0.640408
5486,0.663201
5487,0.681472
5488,0.688785
5489,0.687190
5490,0.675387
5491,0.720377
5492,0.720076
5493,0.629738
5494,0.684681
5495,0.730666
5496,0.711318
5497,0.633167
5498,0.678462
5499,0.659139
5500,0.689718
5501,0.706752
5502,0.671257
5503,0.678613
5504,0.668523
5505,0.710095
5506,0.719813
5507,0.674288
5508,0.671844
5509,0.595883
5510,0.680661
5511,0.672510
5512,0.753837
5513,0.690301
5514,0.647796
5515,0.670421
5516,0.693472
5517,0.655479
5518,0.665478
5519,0.633839
5520,0.632202
5521,0.642665
5522,0.721437
5523,0.662040
5524,0.674776
5525,0.655679
5526,0.681518
5527,0.670794
5528,0.734780
5529,0.646892
5530,0.650581
5531,0.669767
5532,0.652964
5533,0.663616
5534,0.702741
5535,0.687267
5536,0.770567
5537,0.625111
5538,0.669708
5539,0.739152
5540,0.714199
5541,0.691801
5542,0.724731
5543,0.695095
5544,0.654536
5545,0.713948
5546,0.690240
5547,0.658317
5548,0.640600
5549,0.655548
5550,0.703076
5551,0.644272
5552,0.673214
5553,0.662721
5554,0.686962
5555,0.696515
5556,0.729905
5557,0.751658
5558,0.645397
5559,0.715875
5560,0.704549
5561,0.728279
5562,0.665614
5563,0.648963
5564,0.728483
5565,0.693914
5566,0.705723
5567,0.632667
5568,0.699761
5569,0.684848
5570,0.677230
5571,0.706093
5572,0.637140
5573,0.711620
5574,0.664440
5575,0.665221
5576,0.729095
5577,0.708890
5578,0.696665
5579,0.712645
5580,0.656935
5581,0.690493
5582,0.740350
5583,0.717661
5584,0.715329
5585,0.674929
5586,0.691521
5587,0.747285
5588,0.682682
5589,0.686001
5590,0.697617
5591,0.679615
5592,0.650380
5593,0.678755
5594,0.696112
5595,0.671031
5596,0.706333
5597,0.653248
5598,0.690416
5599,0.663044
5600,0.750846
5601,0.703581
5602,0.682499
5603,0.735273
5604,0.678101
5605,0.665658
5606,0.651061
5607,0.669443
5608,0.643192
5609,0.681465
5610,0.711530
5611,0.662189
5612,0.742018
5613,0.674391
5614,0.734616
5615,0.682327
5616,0.691263
5617,0.685454
5618,0.663420
5619,0.688099
5620,0.711442
5621,0.598902
5622,0.656592
5623,0.756698
5624,0.690233
5625,0.644214
5626,0.648882
5627,0.776116
5628,0.681784
5629,0.610628
5630,0.646193
5631,0.680207
5632,0.693880
5633,0.676225
5634,0.681906
5635,0.655745
5636,0.657335
5637,0.680787
5638,0.708811
5639,0.689585
5640,0.686902
5641,0.681071
5642,0.721248
5643,0.673901
5644,0.683621
5645,0.704682
5646,0.691428
5647,0.697739
5648,0.656664
5649,0.703277
5650,0.658053
5651,0.684804
5652,0.671578
5653,0.677689
5654,0.630966
5655,0.701269
5656,0.701606
5657,0.667901
5658,0.647536
5659,0.695423
5660,0.702772
5661,0.737852
5662,0.698213
5663,0.663676
5664,0.662016
5665,0.678909
5666,0.698602
5667,0.677508
5668,0.674148
5669,0.713382
5670,0.676134
5671,0.642611
5672,0.648629
5673,0.667355
5674,0.695051
5675,0.681403
5676,0.678720
5677,0.680748
5678,0.677647
5679,0.659282
5680,0.643298
5681,0.684725
5682,0.652653
5683,0.647089
5684,0.680215
5685,0.689260
5686,0.721081
5687,0.682423
5688,0.712733
5689,0.630105
5690,0.654236
5691,0.675487
5692,0.632410
5693,0.681541
5694,0.657547
5695,0.662191
5696,0.673280
5697,0.677110
5698,0.637969
5699,0.663855
5700,0.668483
5701,0.637615
5702,0.701348
5703,0.700768
5704,0.640484
5705,0.667716
5706,0.686665
5707,0.669588
5708,0.696363
5709,0.669770
5710,0.656244
5711,0.708161
5712,0.646279
5713,0.675909
5714,0.689763
5715,0.689224
5716,0.619441
5717,0.667500
5718,0.681627
5719,0.688689
5720,0.596010
5721,0.712705
5722,0.660442
5723,0.647865
5724,0.641713
5725,0.624243
5726,0.677622
5727,0.687379
5728,0.678967
5729,0.683073
5730,0.673441
5731,0.688373
5732,0.674517
5733,0.640104
5734,0.630934
5735,0.663163
5736,0.699387
5737,0.689584
5738,0.689780
5739,0.668442
5740,0.655062
5741,0.695869
5742,0.721908
5743,0.688350
5744,0.690997
5745,0.685132
5746,0.675743
5747,0.690229
5748,0.681991
5749,0.646578
5750,0.645904
5751,0.671479
5752,0.682650
5753,0.653559
5754,0.646559
5755,0.734699
5756,0.682595
5757,0.673394
5758,0.720174
5759,0.676279
5760,0.633943
5761,0.661354
5762,0.658155
5763,0.655576
5764,0.673426
5765,0.676442
5766,0.662172
5767,0.673064
5768,0.724923
5769,0.655567
5770,0.672209
5771,0.683529
5772,0.723001
5773,0.700379
5774,0.665918
5775,0.626732
5776,0.658333
5777,0.676870
5778,0.706310
5779,0.704631
5780,0.718095
5781,0.674657
5782,0.672113
5783,0.674832
5784,0.695230
5785,0.698053
5786,0.657791
5787,0.691549
5788,0.698562
5789,0.614564
5790,0.683085
5791,0.699336
5792,0.691368
5793,0.644484
5794,0.755426
5795,0.675066
5796,0.686295
5797,0.666704
5798,0.665383
5799,0.681613
5800,0.675876
5801,0.699518
5802,0.718229
5803,0.691897
5804,0.704425
5805,0.668655
5806,0.645681
5807,0.695590
5808,0.640636
5809,0.667129
5810,0.648408
5811,0.718860
5812,0.670129
5813,0.657610
5814,0.701429
5815,0.664272
5816,0.613599
5817,0.712137
5818,0.709363
5819,0.710378
5820,0.714734
5821,0.640576
5822,0.679029
5823,0.666977
5824,0.712274
5825,0.672049
5826,0.662212
5827,0.642419
5828,0.684459
5829,0.634589
5830,0.656625
5831,0.658676
5832,0.688564
5833,0.683102
5834,0.688084
5835,0.702803
5836,0.661851
5837,0.707973
5838,0.699536
5839,0.643436
5840,0.654326
5841,0.678753
5842,0.640472
5843,0.662003
5844,0.665138
5845,0.707582
5846,0.631322
5847,0.658046
5848,0.652284
5849,0.687687
5850,0.656005
5851,0.687134
5852,0.712057
5853,0.664981
5854,0.657611
5855,0.650632
5856,0.679631
5857,0.685212
5858,0.680460
5859,0.669410
5860,0.632715
5861,0.646800
5862,0.657793
5863,0.694469
5864,0.693834
5865,0.657333
5866,0.646742
5867,0.682967
5868,0.679617
5869,0.698830
5870,0.667378
5871,0.674347
5872,0.617466
5873,0.680251
5874,0.694442
5875,0.688452
5876,0.662273
5877,0.670306
5878,0.711812
5879,0.658082
5880,0.654992
5881,0.666251
5882,0.698429
5883,0.693726
5884,0.687309
5885,0.638257
5886,0.717666
5887,0.651750
5888,0.678394
5889,0.651372
5890,0.651896
5891,0.696954
5892,0.719806
5893,0.687267
5894,0.659425
5895,0.709139
5896,0.678298
5897,0.690024
5898,0.690593
5899,0.640564
5900,0.665821
5901,0.706424
5902,0.655505
5903,0.671167
5904,0.691419
5905,0.697334
5906,0.620535
5907,0.713620
5908,0.659792
5909,0.669319
5910,0.686869
5911,0.615490
5912,0.681894
5913,0.692938
5914,0.662200
5915,0.704987
5916,0.647474
5917,0.664233
5918,0.608620
5919,0.671866
5920,0.682097
5921,0.699355
5922,0.676909
5923,0.665325
5924,0.713702
5925,0.719041
5926,0.688502
5927,0.654896
5928,0.682094
5929,0.649774
5930,0.639777
5931,0.661996
5932,0.633274
5933,0.651205
5934,0.690870
5935,0.698765
5936,0.657159
5937,0.670372
5938,0.661903
5939,0.664846
5940,0.658216
5941,0.673543
5942,0.621267
5943,0.687808
5944,0.655308
5945,0.724184
5946,0.727037
5947,0.664580
5948,0.713976
5949,0.626680
5950,0.735561
5951,0.686522
5952,0.695434
5953,0.648522
5954,0.716967
5955,0.693607
5956,0.650456
5957,0.683795
5958,0.682650
5959,0.643737
5960,0.660833
5961,0.710849
5962,0.660348
5963,0.640123
5964,0.697680
5965,0.675232
5966,0.641619
5967,0.676007
5968,0.667845
5969,0.644549
5970,0.672823
5971,0.651338
5972,0.692192
5973,0.699932
5974,0.656933
5975,0.701129
5976,0.653449
5977,0.622628
5978,0.695591
5979,0.637943
5980,0.710905
5981,0.646299
5982,0.644370
5983,0.765233
5984,0.681853
5985,0.664016
5986,0.681581
5987,0.686592
5988,0.637200
5989,0.632729
5990,0.678801
5991,0.631492
5992,0.685753
5993,0.665653
5994,0.626836
5995,0.645446
5996,0.618394
5997,0.674479
5998,0.679947
5999,0.630068
6000,0.682338
6001,0.650900
6002,0.703656
6003,0.678148
6004,0.652836
6005,0.675854
6006,0.674293
6007,0.697472
6008,0.673759
6009,0.707705
6010,0.691104
6011,0.730337
6012,0.694007
6013,0.655721
6014,0.677232
6015,0.647023
6016,0.649838
6017,0.697262
6018,0.668469
6019,0.691786
6020,0.670907
6021,0.695392
6022,0.725310
6023,0.649396
6024,0.674118
6025,0.598838
6026,0.712876
6027,0.635758
6028,0.686078
6029,0.654309
6030,0.696190
6031,0.692483
6032,0.704820
6033,0.633704
6034,0.635549
6035,0.661045
6036,0.645865
6037,0.643793
6038,0.681535
6039,0.669827
6040,0.679068
6041,0.628630
6042,0.629057
6043,0.656027
6044,0.681800
6045,0.677299
6046,0.708427
6047,0.656345
6048,0.652601
6049,0.671839
6050,0.662334
6051,0.650186
6052,0.662327
6053,0.710240
6054,0.627343
6055,0.667600
6056,0.658938
6057,0.650943
6058,0.677833
6059,0.681566
6060,0.660040
6061,0.662805
6062,0.690484
6063,0.673031
6064,0.716747
6065,0.731350
6066,0.678869
6067,0.610982
6068,0.652011
6069,0.663915
6070,0.757834
6071,0.642762
6072,0.651784
6073,0.716016
6074,0.704086
6075,0.710496
6076,0.690904
6077,0.784155
6078,0.722613
6079,0.696908
6080,0.673428
6081,0.657540
6082,0.629375
6083,0.673178
6084,0.697200
6085,0.679178
6086,0.673662
6087,0.654724
6088,0.693647
6089,0.685900
6090,0.682370
6091,0.674901
6092,0.704184
6093,0.674659
6094,0.673603
6095,0.673851
6096,0.686572
6097,0.680281
6098,0.670491
6099,0.675160
6100,0.681400
6101,0.677244
6102,0.655928
6103,0.701155
6104,0.603813
6105,0.703817
6106,0.668222
6107,0.672160
6108,0.664680
6109,0.648321
6110,0.624734
6111,0.663388
6112,0.645452
6113,0.663938
6114,0.634210
6115,0.683027
6116,0.666337
6117,0.628083
6118,0.645744
6119,0.739338
6120,0.635818
6121,0.622888
6122,0.663246
6123,0.641284
6124,0.694881
6125,0.676426
6126,0.634304
6127,0.628446
6128,0.617538
6129,0.725055
6130,0.661049
6131,0.686765
6132,0.700619
6133,0.677927
6134,0.611210
6135,0.630042
6136,0.726960
6137,0.633493
6138,0.639214
6139,0.711426
6140,0.700738
6141,0.695352
6142,0.696459
6143,0.694325
6144,0.663268
6145,0.666209
6146,0.699225
6147,0.684847
6148,0.710053
6149,0.684341
6150,0.703773
6151,0.654725
6152,0.657313
6153,0.654640
6154,0.640764
6155,0.687551
6156,0.674158
6157,0.667481
6158,0.726991
6159,0.653817
6160,0.669667
6161,0.654025
6162,0.672117
6163,0.643294
6164,0.692355
6165,0.658266
6166,0.631162
6167,0.687633
6168,0.680705
6169,0.674409
6170,0.644704
6171,0.667131
6172,0.719466
6173,0.683484
6174,0.675692
6175,0.657637
6176,0.667092
6177,0.657722
6178,0.715063
6179,0.679717
6180,0.668402
6181,0.663359
6182,0.651295
6183,0.629230
6184,0.676911
6185,0.674733
6186,0.695471
6187,0.643848
6188,0.652847
6189,0.657149
6190,0.649191
6191,0.679868
6192,0.635366
6193,0.663162
6194,0.678947
6195,0.687696
6196,0.658749
6197,0.628905
6198,0.645216
6199,0.682184
6200,0.682030
6201,0.685156
6202,0.653649
6203,0.689393
6204,0.669003
6205,0.648938
6206,0.650971
6207,0.692612
6208,0.676898
6209,0.656590
6210,0.666747
6211,0.694522
6212,0.665730
6213,0.713316
6214,0.663780
6215,0.692316
6216,0.691601
6217,0.663977
6218,0.669115
6219,0.731836
6220,0.618297
6221,0.697550
6222,0.660796
6223,0.667533
6224,0.668196
6225,0.617285
6226,0.659738
6227,0.642267
6228,0.665172
6229,0.681344
6230,0.638130
6231,0.745655
6232,0.670707
6233,0.678601
6234,0.689230
6235,0.685863
6236,0.623029
6237,0.671104
6238,0.681316
6239,0.700662
6240,0.659541
6241,0.622755
6242,0.679043
6243,0.670305
6244,0.681453
6245,0.694458
6246,0.733368
6247,0.733504
6248,0.659396
6249,0.649210
6250,0.680100
6251,0.708682
6252,0.680636
6253,0.700687
6254,0.679868
6255,0.688846
6256,0.674036
6257,0.634648
6258,0.678827
6259,0.681610
6260,0.658940
6261,0.653623
6262,0.645395
6263,0.695998
6264,0.631531
6265,0.672730
6266,0.663499
6267,0.642745
6268,0.669533
6269,0.613563
6270,0.705487
6271,0.675416
6272,0.656913
6273,0.689844
6274,0.696436
6275,0.694524
6276,0.687487
6277,0.679089
6278,0.637525
6279,0.674141
6280,0.684135
6281,0.685769
6282,0.684730
6283,0.660004
6284,0.675420
6285,0.672952
6286,0.634605
6287,0.692133
6288,0.680740
6289,0.682340
6290,0.662183
6291,0.717314
6292,0.649872
6293,0.664408
6294,0.687173
6295,0.698278
6296,0.696986
6297,0.686222
6298,0.697171
6299,0.704128
6300,0.677954
6301,0.647499
6302,0.660873
6303,0.691465
6304,0.703370
6305,0.657809
6306,0.650164
6307,0.625765
6308,0.680895
6309,0.647939
6310,0.655956
6311,0.706549
6312,0.664654
6313,0.672861
6314,0.671972
6315,0.704763
6316,0.662091
6317,0.634290
6318,0.642561
6319,0.689052
6320,0.640120
6321,0.658175
6322,0.686725
6323,0.711126
6324,0.676811
6325,0.699772
6326,0.723189
6327,0.657081
6328,0.684453
6329,0.681181
6330,0.689549
6331,0.668895
6332,0.674931
6333,0.666846
6334,0.668735
6335,0.697347
6336,0.657608
6337,0.667795
6338,0.743282
6339,0.661465
6340,0.664009
6341,0.710679
6342,0.685985
6343,0.720694
6344,0.651672
6345,0.636374
6346,0.670314
6347,0.692806
6348,0.658472
6349,0.670229
6350,0.690245
6351,0.697521
6352,0.708293
6353,0.641649
6354,0.690830
6355,0.662920
6356,0.688267
6357,0.659315
6358,0.667227
6359,0.636329
6360,0.645557
6361,0.673530
6362,0.686239
6363,0.697156
6364,0.641057
6365,0.662860
6366,0.671648
6367,0.699359
6368,0.675858
6369,0.670976
6370,0.709898
6371,0.650292
6372,0.674614
6373,0.668684
6374,0.651033
6375,0.693875
6376,0.671887
6377,0.677397
6378,0.651033
6379,0.650573
6380,0.706530
6381,0.701040
6382,0.677677
6383,0.683414
6384,0.701029
6385,0.687607
6386,0.697998
6387,0.667043
6388,0.658325
6389,0.700578
6390,0.636287
6391,0.646511
6392,0.666958
6393,0.638371
6394,0.680667
6395,0.697910
6396,0.650980
6397,0.649606
6398,0.686941
6399,0.697571
6400,0.649155
6401,0.675270
6402,0.687208
6403,0.676659
6404,0.692304
6405,0.639036
6406,0.664575
6407,0.698966
6408,0.636320
6409,0.702512
6410,0.722845
6411,0.654444
6412,0.609100
6413,0.694132
6414,0.644801
6415,0.691984
6416,0.675043
6417,0.689827
6418,0.643519
6419,0.659595
6420,0.639357
6421,0.709129
6422,0.696060
6423,0.667013
6424,0.698409
6425,0.710800
6426,0.694145
6427,0.699869
6428,0.680792
6429,0.643455
6430,0.639652
6431,0.626951
6432,0.696181
6433,0.658510
6434,0.614789
6435,0.643828
6436,0.685387
6437,0.661944
6438,0.658169
6439,0.670250
6440,0.725156
6441,0.659271
6442,0.649061
6443,0.670459
6444,0.667362
6445,0.690580
6446,0.663012
6447,0.665403
6448,0.662904
6449,0.670121
6450,0.682944
6451,0.656067
6452,0.654723
6453,0.724629
6454,0.641260
6455,0.666704
6456,0.626871
6457,0.639404
6458,0.620463
6459,0.673975
6460,0.626035
6461,0.703526
6462,0.695212
6463,0.663205
6464,0.625603
6465,0.716386
6466,0.707308
6467,0.704978
6468,0.697254
6469,0.627598
6470,0.647996
6471,0.649675
6472,0.687323
6473,0.715571
6474,0.673159
6475,0.690616
6476,0.644766
6477,0.660642
6478,0.687628
6479,0.647962
6480,0.658643
6481,0.623115
6482,0.674699
6483,0.645646
6484,0.666518
6485,0.650708
6486,0.695924
6487,0.706830
6488,0.665678
6489,0.709626
6490,0.678179
6491,0.663971
6492,0.673125
6493,0.684217
6494,0.689563
6495,0.679583
6496,0.678930
6497,0.668652
6498,0.700261
6499,0.692823
6500,0.689362
6501,0.671535
6502,0.669820
6503,0.695683
6504,0.644836
6505,0.685848
6506,0.631181
6507,0.597628
6508,0.645193
6509,0.674841
6510,0.631798
6511,0.678088
6512,0.675887
6513,0.639663
6514,0.633746
6515,0.649233
6516,0.707340
6517,0.666772
6518,0.688623
6519,0.699081
6520,0.684123
6521,0.682320
6522,0.695347
6523,0.713234
6524,0.668099
6525,0.691996
6526,0.628695
6527,0.673257
6528,0.608919
6529,0.672844
6530,0.680508
6531,0.650975
6532,0.677468
6533,0.685239
6534,0.682200
6535,0.629261
6536,0.682470
6537,0.718944
6538,0.676261
6539,0.621335
6540,0.680483
6541,0.694634
6542,0.723525
6543,0.614909
6544,0.688875
6545,0.663759
6546,0.713247
6547,0.686151
6548,0.606860
6549,0.667364
6550,0.632906
6551,0.660130
6552,0.665675
6553,0.652688
6554,0.639538
6555,0.707920
6556,0.686739
6557,0.699180
6558,0.697549
6559,0.677115
6560,0.630177
6561,0.689206
6562,0.638161
6563,0.685889
6564,0.716165
6565,0.717387
6566,0.650534
6567,0.629476
6568,0.687880
6569,0.651445
6570,0.582771
6571,0.656430
6572,0.640856
6573,0.668786
6574,0.636656
6575,0.626127
6576,0.672362
6577,0.643223
6578,0.697903
6579,0.663389
6580,0.627791
6581,0.690213
6582,0.662806
6583,0.648188
6584,0.701144
6585,0.685767
6586,0.702724
6587,0.650526
6588,0.646258
6589,0.626260
6590,0.694073
6591,0.676115
6592,0.670911
6593,0.637036
6594,0.643827
6595,0.720142
6596,0.617112
6597,0.602001
6598,0.700899
6599,0.658057
6600,0.654586
6601,0.659176
6602,0.728020
6603,0.661676
6604,0.633700
6605,0.649940
6606,0.668778
6607,0.638802
6608,0.656196
6609,0.654630
6610,0.662546
6611,0.662730
6612,0.671519
6613,0.703292
6614,0.656271
6615,0.667733
6616,0.651243
6617,0.673135
6618,0.713803
6619,0.633220
6620,0.648320
6621,0.665498
6622,0.612464
6623,0.654124
6624,0.680631
6625,0.620699
6626,0.716873
6627,0.664151
6628,0.657027
6629,0.660465
6630,0.643380
6631,0.691359
6632,0.661822
6633,0.646760
6634,0.681632
6635,0.677125
6636,0.658996
6637,0.663610
6638,0.656494
6639,0.672636
6640,0.635824
6641,0.673284
6642,0.691871
6643,0.654700
6644,0.648740
6645,0.680825
6646,0.672584
6647,0.661236
6648,0.686842
6649,0.676131
6650,0.686510
6651,0.662922
6652,0.637161
6653,0.680137
6654,0.660681
6655,0.667818
6656,0.669221
6657,0.691686
6658,0.664562
6659,0.679385
6660,0.645118
6661,0.662526
6662,0.688408
6663,0.706079
6664,0.615179
6665,0.673541
6666,0.662435
6667,0.637155
6668,0.638125
6669,0.706745
6670,0.690349
6671,0.646560
6672,0.656568
6673,0.716228
6674,0.676130
6675,0.689714
6676,0.617090
6677,0.691013
6678,0.665483
6679,0.674677
6680,0.690356
6681,0.645562
6682,0.671106
6683,0.667442
6684,0.651131
6685,0.648396
6686,0.683805
6687,0.659696
6688,0.639565
6689,0.688852
6690,0.703327
6691,0.703071
6692,0.669583
6693,0.682310
6694,0.657279
6695,0.683829
6696,0.633631
6697,0.643855
6698,0.653431
6699,0.655779
6700,0.635804
6701,0.657668
6702,0.663762
6703,0.607043
6704,0.669780
6705,0.621453
6706,0.737354
6707,0.647745
6708,0.669018
6709,0.646144
6710,0.659202
6711,0.630160
6712,0.675677
6713,0.677087
6714,0.673234
6715,0.644898
6716,0.677234
6717,0.685569
6718,0.701043
6719,0.644916
6720,0.681278
6721,0.640937
6722,0.649019
6723,0.666228
6724,0.667809
6725,0.670483
6726,0.628760
6727,0.677557
6728,0.664427
6729,0.659384
6730,0.648931
6731,0.615202
6732,0.721975
6733,0.663833
6734,0.642755
6735,0.668613
6736,0.614873
6737,0.733181
6738,0.670167
6739,0.655838
6740,0.687653
6741,0.624220
6742,0.670721
6743,0.660156
6744,0.655893
6745,0.627959
6746,0.694292
6747,0.632245
6748,0.624407
6749,0.687831
6750,0.651434
6751,0.617908
6752,0.611980
6753,0.684224
6754,0.620591
6755,0.648973
6756,0.686712
6757,0.634806
6758,0.668866
6759,0.667578
6760,0.665184
6761,0.695489
6762,0.680785
6763,0.683007
6764,0.689429
6765,0.620466
6766,0.638233
6767,0.620692
6768,0.658633
6769,0.680641
6770,0.669721
6771,0.629640
6772,0.636520
6773,0.625692
6774,0.686249
6775,0.664200
6776,0.683937
6777,0.618648
6778,0.655205
6779,0.657050
6780,0.710334
6781,0.629344
6782,0.629226
6783,0.649883
6784,0.629701
6785,0.659875
6786,0.638780
6787,0.739476
6788,0.668531
6789,0.627942
6790,0.681779
6791,0.662941
6792,0.651462
6793,0.685782
6794,0.675930
6795,0.727021
6796,0.618939
6797,0.641785
6798,0.636909
6799,0.707383
6800,0.655293
6801,0.679755
6802,0.675985
6803,0.664793
6804,0.697132
6805,0.643924
6806,0.691469
6807,0.656272
6808,0.657043
6809,0.665780
6810,0.670407
6811,0.737823
6812,0.661217
6813,0.654015
6814,0.686365
6815,0.684343
6816,0.675286
6817,0.676319
6818,0.693677
6819,0.640999
6820,0.630272
6821,0.616322
6822,0.654376
6823,0.701565
6824,0.699663
6825,0.631009
6826,0.648324
6827,0.668380
6828,0.638550
6829,0.631320
6830,0.633608
6831,0.669061
6832,0.677591
6833,0.615587
6834,0.696073
6835,0.630316
6836,0.689389
6837,0.675379
6838,0.670132
6839,0.647596
6840,0.659383
6841,0.663246
6842,0.638264
6843,0.701073
6844,0.611778
6845,0.634816
6846,0.661180
6847,0.666025
6848,0.637579
6849,0.628228
6850,0.626121
6851,0.687505
6852,0.732183
6853,0.681755
6854,0.643189
6855,0.630603
6856,0.637369
6857,0.651603
6858,0.682314
6859,0.713082
6860,0.637214
6861,0.616833
6862,0.688909
6863,0.655678
6864,0.703900
6865,0.702859
6866,0.658055
6867,0.682125
6868,0.680744
6869,0.659726
6870,0.622436
6871,0.677873
6872,0.673273
6873,0.642166
6874,0.648580
6875,0.685493
6876,0.672131
6877,0.662362
6878,0.675196
6879,0.687403
6880,0.636802
6881,0.711823
6882,0.652264
6883,0.682264
6884,0.631101
6885,0.643016
6886,0.691690
6887,0.679009
6888,0.679065
6889,0.660927
6890,0.693541
6891,0.683877
6892,0.625136
6893,0.643082
6894,0.679289
6895,0.633617
6896,0.620395
6897,0.659637
6898,0.642035
6899,0.623689
6900,0.659251
6901,0.633139
6902,0.665329
6903,0.625842
6904,0.668126
6905,0.674864
6906,0.720668
6907,0.658724
6908,0.679192
6909,0.645736
6910,0.636260
6911,0.628072
6912,0.710996
6913,0.643919
6914,0.664949
6915,0.636445
6916,0.659310
6917,0.633830
6918,0.676122
6919,0.721719
6920,0.689694
6921,0.663451
6922,0.679143
6923,0.688076
6924,0.637420
6925,0.653323
6926,0.641607
6927,0.688352
6928,0.650950
6929,0.627357
6930,0.613732
6931,0.642669
6932,0.647726
6933,0.654260
6934,0.648597
6935,0.704318
6936,0.659870
6937,0.668046
6938,0.669834
6939,0.633874
6940,0.636891
6941,0.662197
6942,0.638601
6943,0.655003
6944,0.658076
6945,0.705529
6946,0.614875
6947,0.646115
6948,0.719227
6949,0.667706
6950,0.645842
6951,0.672652
6952,0.639218
6953,0.671986
6954,0.685187
6955,0.624009
6956,0.653181
6957,0.673158
6958,0.647982
6959,0.670495
6960,0.660455
6961,0.640014
6962,0.649114
6963,0.704811
6964,0.657650
6965,0.651413
6966,0.677631
6967,0.603937
6968,0.694055
6969,0.609544
6970,0.649535
6971,0.697473
6972,0.634070
6973,0.700381
6974,0.671979
6975,0.669677
6976,0.656217
6977,0.664553
6978,0.612436
6979,0.690855
6980,0.683785
6981,0.715695
6982,0.614471
6983,0.654490
6984,0.678049
6985,0.646162
6986,0.715825
6987,0.631226
6988,0.632798
6989,0.676652
6990,0.642578
6991,0.666838
6992,0.650090
6993,0.686266
6994,0.672118
6995,0.684827
6996,0.663548
6997,0.668067
6998,0.634136
6999,0.707250
7000,0.700936
7001,0.687832
7002,0.647953
7003,0.664655
7004,0.695787
7005,0.675823
7006,0.641161
7007,0.691028
7008,0.588498
7009,0.666393
7010,0.683713
7011,0.655265
7012,0.656465
7013,0.654564
7014,0.639706
7015,0.653374
7016,0.700844
7017,0.629277
7018,0.664947
7019,0.716770
7020,0.630573
7021,0.663762
7022,0.685726
7023,0.648871
7024,0.681490
7025,0.681024
7026,0.735567
7027,0.665042
7028,0.610804
7029,0.674088
7030,0.666801
7031,0.661439
7032,0.658119
7033,0.632321
7034,0.621205
7035,0.640861
7036,0.668205
7037,0.607440
7038,0.728357
7039,0.655863
7040,0.662311
7041,0.642613
7042,0.623372
7043,0.674238
7044,0.640884
7045,0.602191
7046,0.634871
7047,0.634744
7048,0.672763
7049,0.672075
7050,0.699124
7051,0.644874
7052,0.632953
7053,0.681674
7054,0.645413
7055,0.638265
7056,0.662192
7057,0.679405
7058,0.693285
7059,0.694204
7060,0.672666
7061,0.690111
7062,0.696618
7063,0.665290
7064,0.668911
7065,0.658163
7066,0.663606
7067,0.646930
7068,0.617192
7069,0.661433
7070,0.699266
7071,0.651763
7072,0.676108
7073,0.617159
7074,0.673113
7075,0.663058
7076,0.704044
7077,0.676362
7078,0.692372
7079,0.664946
7080,0.646597
7081,0.669899
7082,0.678421
7083,0.687908
7084,0.670189
7085,0.642522
7086,0.643477
7087,0.666914
7088,0.647123
7089,0.673032
7090,0.649896
7091,0.644280
7092,0.703672
7093,0.640361
7094,0.666620
7095,0.636003
7096,0.660655
7097,0.680772
7098,0.687130
7099,0.638164
7100,0.639018
7101,0.702220
7102,0.711481
7103,0.660044
7104,0.658852
7105,0.618481
7106,0.659615
7107,0.668172
7108,0.713465
7109,0.640150
7110,0.700092
7111,0.657363
7112,0.638968
7113,0.612877
7114,0.647201
7115,0.649829
7116,0.677320
7117,0.647478
7118,0.654409
7119,0.609494
7120,0.644039
7121,0.671632
7122,0.627524
7123,0.662375
7124,0.698939
7125,0.696597
7126,0.636519
7127,0.690452
7128,0.640459
7129,0.636606
7130,0.661717
7131,0.681227
7132,0.682082
7133,0.645893
7134,0.692617
7135,0.667231
7136,0.663741
7137,0.634484
7138,0.669519
7139,0.659084
7140,0.703186
7141,0.693038
7142,0.663401
7143,0.648080
7144,0.635086
7145,0.672200
7146,0.659208
7147,0.647524
7148,0.660992
7149,0.657156
7150,0.651765
7151,0.605412
7152,0.619198
7153,0.715004
7154,0.694929
7155,0.655195
7156,0.654384
7157,0.604205
7158,0.651608
7159,0.647348
7160,0.691998
7161,0.669164
7162,0.659669
7163,0.682017
7164,0.653861
7165,0.704126
7166,0.706923
7167,0.638154
7168,0.658614
7169,0.658868
7170,0.681109
7171,0.688715
7172,0.633789
7173,0.635714
7174,0.691103
7175,0.650673
7176,0.657868
7177,0.701178
7178,0.673782
7179,0.650213
7180,0.640489
7181,0.677085
7182,0.659440
7183,0.618942
7184,0.696130
7185,0.627619
7186,0.708339
7187,0.691644
7188,0.649954
7189,0.663170
7190,0.647745
7191,0.641514
7192,0.674555
7193,0.615438
7194,0.665990
7195,0.643695
7196,0.644458
7197,0.685420
7198,0.690818
7199,0.664283
7200,0.668146
7201,0.671923
7202,0.671256
7203,0.670286
7204,0.611141
7205,0.717518
7206,0.666018
7207,0.686734
7208,0.655921
7209,0.655186
7210,0.681690
7211,0.662534
7212,0.660369
7213,0.651694
7214,0.647229
7215,0.637171
7216,0.643849
7217,0.650399
7218,0.668445
7219,0.661107
7220,0.686593
7221,0.664795
7222,0.648712
7223,0.664172
7224,0.616068
7225,0.639067
7226,0.625652
7227,0.652023
7228,0.667869
7229,0.652697
7230,0.614713
7231,0.623967
7232,0.669550
7233,0.675980
7234,0.686777
7235,0.697843
7236,0.694339
7237,0.652539
7238,0.753493
7239,0.635972
7240,0.631609
7241,0.678097
7242,0.640030
7243,0.679607
7244,0.643914
7245,0.640538
7246,0.617235
7247,0.644773
7248,0.675353
7249,0.616606
7250,0.632980
7251,0.643484
7252,0.647211
7253,0.651370
7254,0.693921
7255,0.641855
7256,0.648176
7257,0.649830
7258,0.598893
7259,0.646585
7260,0.638384
7261,0.655475
7262,0.682818
7263,0.639890
7264,0.669095
7265,0.667966
7266,0.682628
7267,0.634612
7268,0.689048
7269,0.673385
7270,0.655596
7271,0.658175
7272,0.720552
7273,0.654785
7274,0.635699
7275,0.698641
7276,0.618556
7277,0.668740
7278,0.689399
7279,0.623384
7280,0.703292
7281,0.665503
7282,0.659273
7283,0.632737
7284,0.671243
7285,0.625516
7286,0.642647
7287,0.671511
7288,0.611189
7289,0.629750
7290,0.687893
7291,0.645279
7292,0.641107
7293,0.669636
7294,0.651713
7295,0.598113
7296,0.680755
7297,0.648576
7298,0.622839
7299,0.647847
7300,0.651625
7301,0.644721
7302,0.663067
7303,0.630503
7304,0.605556
7305,0.656434
7306,0.670667
7307,0.643251
7308,0.652035
7309,0.658236
7310,0.651497
7311,0.740436
7312,0.668399
7313,0.637363
7314,0.654095
7315,0.645176
7316,0.655864
7317,0.649282
7318,0.675351
7319,0.664049
7320,0.685194
7321,0.646354
7322,0.598219
7323,0.657213
7324,0.682649
7325,0.659920
7326,0.616350
7327,0.626067
7328,0.642710
7329,0.630194
7330,0.672114
7331,0.593411
7332,0.668172
7333,0.616476
7334,0.632827
7335,0.686845
7336,0.592770
7337,0.667065
7338,0.649891
7339,0.618692
7340,0.650770
7341,0.671722
7342,0.682931
7343,0.663575
7344,0.627759
7345,0.696207
7346,0.641962
7347,0.696638
7348,0.671099
7349,0.601537
7350,0.674363
7351,0.680197
7352,0.671754
7353,0.620449
7354,0.639329
7355,0.676285
7356,0.654297
7357,0.598609
7358,0.646604
7359,0.684420
7360,0.659634
7361,0.623575
7362,0.673363
7363,0.635399
7364,0.610447
7365,0.619969
7366,0.648232
7367,0.627352
7368,0.703299
7369,0.668313
7370,0.718708
7371,0.647336
7372,0.621699
7373,0.679472
7374,0.650977
7375,0.629888
7376,0.668403
7377,0.727307
7378,0.654109
7379,0.642824
7380,0.670451
7381,0.663687
7382,0.665341
7383,0.657039
7384,0.647625
7385,0.626081
7386,0.647188
7387,0.666861
7388,0.623399
7389,0.713198
7390,0.637564
7391,0.645708
7392,0.675808
7393,0.604401
7394,0.646607
7395,0.612814
7396,0.617017
7397,0.652631
7398,0.641175
7399,0.656353
7400,0.638358
7401,0.682758
7402,0.649705
7403,0.728054
7404,0.700077
7405,0.683751
7406,0.671885
7407,0.679544
7408,0.593260
7409,0.621776
7410,0.662461
7411,0.716240
7412,0.664806
7413,0.679882
7414,0.647492
7415,0.673996
7416,0.678301
7417,0.647330
7418,0.704288
7419,0.698891
7420,0.682936
7421,0.593486
7422,0.632414
7423,0.698614
7424,0.656426
7425,0.674030
7426,0.653278
7427,0.651341
7428,0.645186
7429,0.651637
7430,0.655968
7431,0.637582
7432,0.674319
7433,0.665522
7434,0.643088
7435,0.625672
7436,0.656088
7437,0.672137
7438,0.679820
7439,0.644191
7440,0.667951
7441,0.647403
7442,0.627527
7443,0.634499
7444,0.668970
7445,0.649579
7446,0.691256
7447,0.645796
7448,0.666523
7449,0.657184
7450,0.613680
7451,0.642987
7452,0.628927
7453,0.654548
7454,0.656813
7455,0.634528
7456,0.678981
7457,0.674824
7458,0.676973
7459,0.689017
7460,0.633351
7461,0.624338
7462,0.631164
7463,0.633822
7464,0.682929
7465,0.665786
7466,0.640526
7467,0.694587
7468,0.650359
7469,0.683801
7470,0.686664
7471,0.639125
7472,0.659762
7473,0.657552
7474,0.644423
7475,0.659970
7476,0.649832
7477,0.670468
7478,0.626806
7479,0.629414
7480,0.667517
7481,0.677996
7482,0.677446
7483,0.637996
7484,0.704339
7485,0.614948
7486,0.641479
7487,0.634192
7488,0.699862
7489,0.697862
7490,0.596727
7491,0.657351
7492,0.645741
7493,0.645604
7494,0.668645
7495,0.636270
7496,0.650657
7497,0.674260
7498,0.668089
7499,0.631958
7500,0.723218
7501,0.692585
7502,0.634804
7503,0.633611
7504,0.677002
7505,0.675105
7506,0.691292
7507,0.672206
7508,0.652150
7509,0.674047
7510,0.629019
7511,0.639538
7512,0.644323
7513,0.593479
7514,0.718150
7515,0.683255
7516,0.653888
7517,0.676215
7518,0.651283
7519,0.623205
7520,0.662583
7521,0.623205
7522,0.686531
7523,0.694463
7524,0.627318
7525,0.646715
7526,0.680556
7527,0.629057
7528,0.656865
7529,0.635187
7530,0.691831
7531,0.628996
7532,0.679726
7533,0.628935
7534,0.644008
7535,0.664433
7536,0.659764
7537,0.707966
7538,0.703659
7539,0.660909
7540,0.697206
7541,0.651499
7542,0.675274
7543,0.593799
7544,0.660409
7545,0.677957
7546,0.663415
7547,0.679032
7548,0.679733
7549,0.690422
7550,0.712693
7551,0.626250
7552,0.683067
7553,0.653375
7554,0.668592
7555,0.661239
7556,0.650622
7557,0.588948
7558,0.701184
7559,0.655642
7560,0.699096
7561,0.667805
7562,0.686436
7563,0.676932
7564,0.655145
7565,0.705592
7566,0.681719
7567,0.648287
7568,0.637797
7569,0.698925
7570,0.648722
7571,0.696869
7572,0.689094
7573,0.685418
7574,0.645242
7575,0.638694
7576,0.644283
7577,0.652722
7578,0.609855
7579,0.718319
7580,0.655338
7581,0.694974
7582,0.644350
7583,0.637322
7584,0.700167
7585,0.692330
7586,0.657337
7587,0.626219
7588,0.610788
7589,0.687577
7590,0.644189
7591,0.658784
7592,0.678187
7593,0.636179
7594,0.637321
7595,0.701057
7596,0.651967
7597,0.679570
7598,0.684561
7599,0.660052
7600,0.675727
7601,0.678358
7602,0.647715
7603,0.671932
7604,0.680768
7605,0.632836
7606,0.701916
7607,0.657037
7608,0.693809
7609,0.672242
7610,0.689263
7611,0.646768
7612,0.641420
7613,0.618794
7614,0.702100
7615,0.642528
7616,0.695363
7617,0.712318
7618,0.719947
7619,0.674354
7620,0.702732
7621,0.639957
7622,0.664687
7623,0.683259
7624,0.685951
7625,0.626736
7626,0.651012
7627,0.664714
7628,0.664233
7629,0.619828
7630,0.666608
7631,0.682572
7632,0.640284
7633,0.638358
7634,0.702125
7635,0.677691
7636,0.639440
7637,0.644890
7638,0.673267
7639,0.676236
7640,0.668005
7641,0.692125
7642,0.628158
7643,0.681457
7644,0.679079
7645,0.672770
7646,0.704090
7647,0.633323
7648,0.687983
7649,0.584071
7650,0.640436
7651,0.663524
7652,0.614171
7653,0.672580
7654,0.617459
7655,0.680258
7656,0.650676
7657,0.691558
7658,0.646773
7659,0.631069
7660,0.642233
7661,0.634082
7662,0.641257
7663,0.651645
7664,0.644337
7665,0.712634
7666,0.614657
7667,0.628008
7668,0.662575
7669,0.637582
7670,0.648996
7671,0.657959
7672,0.671956
7673,0.676420
7674,0.646001
7675,0.633171
7676,0.625937
7677,0.670570
7678,0.706450
7679,0.668891
7680,0.630589
7681,0.673809
7682,0.632387
7683,0.671755
7684,0.617830
7685,0.666388
7686,0.632620
7687,0.639004
7688,0.689836
7689,0.641924
7690,0.652180
7691,0.659268
7692,0.653725
7693,0.646796
7694,0.636330
7695,0.670309
7696,0.687061
7697,0.668224
7698,0.661029
7699,0.688682
7700,0.670576
7701,0.643014
7702,0.674921
7703,0.637037
7704,0.626919
7705,0.644879
7706,0.694927
7707,0.667903
7708,0.629839
7709,0.621952
7710,0.634865
7711,0.641743
7712,0.637229
7713,0.658087
7714,0.738005
7715,0.648165
7716,0.691064
7717,0.637258
7718,0.668565
7719,0.648864
7720,0.657888
7721,0.643723
7722,0.630641
7723,0.667523
7724,0.665933
7725,0.602232
7726,0.654800
7727,0.687869
7728,0.673762
7729,0.667389
7730,0.642705
7731,0.630337
7732,0.647555
7733,0.616781
7734,0.645080
7735,0.613674
7736,0.597281
7737,0.648169
7738,0.695420
7739,0.604338
7740,0.668471
7741,0.670089
7742,0.657080
7743,0.586645
7744,0.646094
7745,0.675908
7746,0.704711
7747,0.660173
7748,0.684430
7749,0.691915
7750,0.708607
7751,0.714274
7752,0.658854
7753,0.686387
7754,0.630373
7755,0.627254
7756,0.590637
7757,0.654060
7758,0.750037
7759,0.648841
7760,0.620567
7761,0.677175
7762,0.669664
7763,0.640764
7764,0.632801
7765,0.659504
7766,0.673136
7767,0.700568
7768,0.676763
7769,0.643721
7770,0.662499
7771,0.687129
7772,0.712081
7773,0.664314
7774,0.653480
7775,0.639881
7776,0.650967
7777,0.657689
7778,0.635446
7779,0.634300
7780,0.629826
7781,0.644367
7782,0.673107
7783,0.683056
7784,0.670760
7785,0.675392
7786,0.663885
7787,0.613647
7788,0.625242
7789,0.654580
7790,0.642740
7791,0.660622
7792,0.653549
7793,0.631618
7794,0.597538
7795,0.678917
7796,0.680627
7797,0.647839
7798,0.650452
7799,0.651229
7800,0.629479
7801,0.646591
7802,0.664775
7803,0.666105
7804,0.634967
7805,0.635257
7806,0.664780
7807,0.692843
7808,0.630036
7809,0.607196
7810,0.623830
7811,0.658963
7812,0.703144
7813,0.674736
7814,0.665942
7815,0.644702
7816,0.683801
7817,0.593293
7818,0.717689
7819,0.644765
7820,0.636727
7821,0.628475
7822,0.704745
7823,0.663045
7824,0.643942
7825,0.631017
7826,0.720653
7827,0.586312
7828,0.629989
7829,0.727186
7830,0.692060
7831,0.690817
7832,0.642072
7833,0.646889
7834,0.676087
7835,0.597000
7836,0.593770
7837,0.655379
7838,0.635676
7839,0.629049
7840,0.687408
7841,0.636634
7842,0.636369
7843,0.642072
7844,0.681254
7845,0.631691
7846,0.680528
7847,0.655786
7848,0.612902
7849,0.668122
7850,0.645888
7851,0.680824
7852,0.605511
7853,0.681188
7854,0.690848
7855,0.638833
7856,0.672141
7857,0.657348
7858,0.638948
7859,0.620581
7860,0.639562
7861,0.596711
7862,0.662484
7863,0.631068
7864,0.684515
7865,0.637319
7866,0.668922
7867,0.685016
7868,0.677228
7869,0.674989
7870,0.689209
7871,0.642171
7872,0.675416
7873,0.683987
7874,0.575619
7875,0.710097
7876,0.648545
7877,0.637061
7878,0.666655
7879,0.686831
7880,0.631393
7881,0.680630
7882,0.674823
7883,0.611075
7884,0.597147
7885,0.610424
7886,0.672639
7887,0.635051
7888,0.667360
7889,0.631148
7890,0.644113
7891,0.609488
7892,0.595010
7893,0.622055
7894,0.648749
7895,0.709131
7896,0.637660
7897,0.627649
7898,0.625371
7899,0.626207
7900,0.660113
7901,0.643643
7902,0.687560
7903,0.669829
7904,0.633909
7905,0.632750
7906,0.659879
7907,0.651727
7908,0.651218
7909,0.693484
7910,0.654838
7911,0.628718
7912,0.643251
7913,0.632243
7914,0.657583
7915,0.643347
7916,0.624865
7917,0.605491
7918,0.646814
7919,0.653970
7920,0.639583
7921,0.632419
7922,0.623175
7923,0.685665
7924,0.650147
7925,0.614987
7926,0.615933
7927,0.644910
7928,0.626642
7929,0.700164
7930,0.630489
7931,0.666786
7932,0.627011
7933,0.631638
7934,0.655687
7935,0.676137
7936,0.668125
7937,0.678567
7938,0.635914
7939,0.655640
7940,0.615967
7941,0.637088
7942,0.683629
7943,0.693313
7944,0.624160
7945,0.593370
7946,0.642256
7947,0.637154
7948,0.655143
7949,0.672324
7950,0.640611
7951,0.652853
7952,0.672015
7953,0.666907
7954,0.623598
7955,0.642994
7956,0.607794
7957,0.745711
7958,0.621109
7959,0.669312
7960,0.678765
7961,0.657498
7962,0.677629
7963,0.599954
7964,0.622062
7965,0.643053
7966,0.604871
7967,0.673230
7968,0.688239
7969,0.652142
7970,0.650083
7971,0.636565
7972,0.646675
7973,0.653719
7974,0.645262
7975,0.648093
7976,0.693695
7977,0.626179
7978,0.639855
7979,0.695499
7980,0.601571
7981,0.620156
7982,0.647306
7983,0.606281
7984,0.645951
7985,0.674955
7986,0.610893
7987,0.626231
7988,0.632465
7989,0.630982
7990,0.638741
7991,0.682093
7992,0.653193
7993,0.632515
7994,0.661281
7995,0.652436
7996,0.626692
7997,0.622592
7998,0.630976
7999,0.633495
8000,0.639014
8001,0.681605
8002,0.660711
8003,0.637145
8004,0.597390
8005,0.703494
8006,0.669659
8007,0.727662
8008,0.682951
8009,0.651568
8010,0.676100
8011,0.668216
8012,0.680779
8013,0.657505
8014,0.670373
8015,0.683439
8016,0.662109
8017,0.660356
8018,0.632992
8019,0.663788
8020,0.617658
8021,0.619075
8022,0.707310
8023,0.682665
8024,0.701334
8025,0.623152
8026,0.620211
8027,0.695856
8028,0.669834
8029,0.640967
8030,0.635535
8031,0.646530
8032,0.673995
8033,0.674404
8034,0.681145
8035,0.706431
8036,0.639098
8037,0.612210
8038,0.639731
8039,0.670875
8040,0.629090
8041,0.636242
8042,0.658597
8043,0.608516
8044,0.660696
8045,0.658230
8046,0.647009
8047,0.669917
8048,0.633741
8049,0.655403
8050,0.651442
8051,0.676254
8052,0.664161
8053,0.716837
8054,0.630065
8055,0.683869
8056,0.639525
8057,0.635047
8058,0.613348
8059,0.679278
8060,0.610978
8061,0.640728
8062,0.649988
8063,0.626515
8064,0.645724
8065,0.648501
8066,0.613061
8067,0.661182
8068,0.664918
8069,0.595232
8070,0.653457
8071,0.667022
8072,0.653903
8073,0.667907
8074,0.647719
8075,0.646295
8076,0.674796
8077,0.644775
8078,0.602271
8079,0.643857
8080,0.628410
8081,0.642872
8082,0.609172
8083,0.616128
8084,0.610227
8085,0.636795
8086,0.651506
8087,0.633215
8088,0.666642
8089,0.607452
8090,0.630414
8091,0.684644
8092,0.667776
8093,0.653058
8094,0.636391
8095,0.659843
8096,0.651063
8097,0.640892
8098,0.625153
8099,0.666359
8100,0.651731
8101,0.653443
8102,0.644745
8103,0.676629
8104,0.622332
8105,0.685704
8106,0.616146
8107,0.601805
8108,0.634705
8109,0.689672
8110,0.676254
8111,0.660717
8112,0.666074
8113,0.668534
8114,0.662390
8115,0.619029
8116,0.676411
8117,0.636962
8118,0.622965
8119,0.697934
8120,0.659510
8121,0.724477
8122,0.657594
8123,0.681789
8124,0.617308
8125,0.603836
8126,0.662170
8127,0.626499
8128,0.673685
8129,0.605115
8130,0.698372
8131,0.677485
8132,0.686633
8133,0.615024
8134,0.674058
8135,0.633769
8136,0.694004
8137,0.625371
8138,0.652355
8139,0.671011
8140,0.649677
8141,0.648860
8142,0.659299
8143,0.632257
8144,0.613711
8145,0.656674
8146,0.633476
8147,0.647283
8148,0.670165
8149,0.648473
8150,0.623845
8151,0.629905
8152,0.616740
8153,0.692403
8154,0.650522
8155,0.629835
8156,0.676881
8157,0.661905
8158,0.629515
8159,0.687018
8160,0.644226
8161,0.669189
8162,0.636010
8163,0.653914
8164,0.646951
8165,0.670084
8166,0.616654
8167,0.643410
8168,0.643590
8169,0.623026
8170,0.672928
8171,0.659256
8172,0.667757
8173,0.649154
8174,0.641169
8175,0.603368
8176,0.644737
8177,0.646317
8178,0.595205
8179,0.673596
8180,0.699778
8181,0.622131
8182,0.668056
8183,0.650743
8184,0.678246
8185,0.625508
8186,0.662878
8187,0.653387
8188,0.623162
8189,0.680702
8190,0.606560
8191,0.684153
8192,0.656523
8193,0.674232
8194,0.704650
8195,0.639198
8196,0.666487
8197,0.649599
8198,0.676892
8199,0.698309
8200,0.609093
8201,0.715728
8202,0.581868
8203,0.647684
8204,0.617404
8205,0.656668
8206,0.652602
8207,0.679419
8208,0.688203
8209,0.646291
8210,0.628002
8211,0.635764
8212,0.641967
8213,0.628514
8214,0.641689
8215,0.667475
8216,0.658141
8217,0.685490
8218,0.631869
8219,0.683599
8220,0.631962
8221,0.659602
8222,0.605215
8223,0.648528
8224,0.671783
8225,0.670654
8226,0.635030
8227,0.660051
8228,0.677629
8229,0.672661
8230,0.624377
8231,0.653431
8232,0.654909
8233,0.690989
8234,0.719802
8235,0.670704
8236,0.679940
8237,0.671122
8238,0.700079
8239,0.603277
8240,0.642609
8241,0.659147
8242,0.649246
8243,0.629123
8244,0.670679
8245,0.677413
8246,0.682815
8247,0.684570
8248,0.589604
8249,0.605096
8250,0.645613
8251,0.659073
8252,0.622906
8253,0.672041
8254,0.612132
8255,0.636367
8256,0.629228
8257,0.625806
8258,0.647623
8259,0.655830
8260,0.643277
8261,0.642012
8262,0.669722
8263,0.672965
8264,0.683231
8265,0.646267
8266,0.677474
8267,0.640540
8268,0.656545
8269,0.641307
8270,0.666054
8271,0.643778
8272,0.626640
8273,0.678167
8274,0.654800
8275,0.633409
8276,0.640147
8277,0.609801
8278,0.633128
8279,0.614697
8280,0.676723
8281,0.714942
8282,0.628271
8283,0.649608
8284,0.667914
8285,0.655985
8286,0.629365
8287,0.606354
8288,0.649983
8289,0.596744
8290,0.677277
8291,0.660520
8292,0.591740
8293,0.678018
8294,0.688293
8295,0.656005
8296,0.664723
8297,0.642523
8298,0.669504
8299,0.648417
8300,0.650785
8301,0.616595
8302,0.647356
8303,0.635874
8304,0.758329
8305,0.641954
8306,0.667525
8307,0.665712
8308,0.704487
8309,0.607532
8310,0.711934
8311,0.670559
8312,0.650835
8313,0.622157
8314,0.647119
8315,0.654828
8316,0.667594
8317,0.653901
8318,0.631494
8319,0.647782
8320,0.618091
8321,0.633610
8322,0.602656
8323,0.632184
8324,0.614659
8325,0.621924
8326,0.617487
8327,0.633613
8328,0.629671
8329,0.583079
8330,0.622038
8331,0.717470
8332,0.679263
8333,0.678117
8334,0.686672
8335,0.653830
8336,0.680768
8337,0.706582
8338,0.666376
8339,0.677099
8340,0.628779
8341,0.666462
8342,0.621451
8343,0.632257
8344,0.693328
8345,0.620039
8346,0.693584
8347,0.670536
8348,0.677285
8349,0.666677
8350,0.655170
8351,0.659216
8352,0.668095
8353,0.621063
8354,0.689280
8355,0.716017
8356,0.670717
8357,0.648208
8358,0.728141
8359,0.629869
8360,0.634553
8361,0.646438
8362,0.647760
8363,0.628820
8364,0.630423
8365,0.681831
8366,0.607205
8367,0.649703
8368,0.661398
8369,0.652152
8370,0.686556
8371,0.672445
8372,0.679161
8373,0.646213
8374,0.635600
8375,0.657697
8376,0.671167
8377,0.611851
8378,0.670509
8379,0.659280
8380,0.675121
8381,0.667441
8382,0.608752
8383,0.667333
8384,0.647351
8385,0.668317
8386,0.631831
8387,0.654583
8388,0.666557
8389,0.728475
8390,0.651733
8391,0.672887
8392,0.620882
8393,0.628039
8394,0.668267
8395,0.670768
8396,0.623681
8397,0.638629
8398,0.649632
8399,0.689824
8400,0.683654
8401,0.700956
8402,0.646277
8403,0.658978
8404,0.652989
8405,0.654602
8406,0.624917
8407,0.620200
8408,0.586773
8409,0.639545
8410,0.619438
8411,0.630385
8412,0.648359
8413,0.621783
8414,0.635218
8415,0.693714
8416,0.623101
8417,0.649361
8418,0.636406
8419,0.644174
8420,0.646766
8421,0.682231
8422,0.656146
8423,0.646420
8424,0.653438
8425,0.679197
8426,0.630406
8427,0.624735
8428,0.646877
8429,0.696494
8430,0.616387
8431,0.645262
8432,0.679187
8433,0.654921
8434,0.604292
8435,0.650684
8436,0.674743
8437,0.617114
8438,0.617683
8439,0.671265
8440,0.690926
8441,0.646783
8442,0.661712
8443,0.610659
8444,0.657781
8445,0.663637
8446,0.649469
8447,0.652652
8448,0.641456
8449,0.642079
8450,0.604463
8451,0.651512
8452,0.661495
8453,0.618688
8454,0.645130
8455,0.618153
8456,0.619572
8457,0.681837
8458,0.622863
8459,0.645282
8460,0.633208
8461,0.648630
8462,0.655962
8463,0.686155
8464,0.660029
8465,0.671496
8466,0.641374
8467,0.643626
8468,0.665354
8469,0.617553
8470,0.665029
8471,0.654015
8472,0.621264
8473,0.702870
8474,0.664463
8475,0.687446
8476,0.636788
8477,0.634918
8478,0.691939
8479,0.655160
8480,0.649474
8481,0.644840
8482,0.646690
8483,0.655953
8484,0.650714
8485,0.661440
8486,0.594821
8487,0.625243
8488,0.705043
8489,0.708637
8490,0.616261
8491,0.619521
8492,0.646910
8493,0.622196
8494,0.655585
8495,0.662486
8496,0.666592
8497,0.650686
8498,0.623855
8499,0.655702
8500,0.642197
8501,0.663365
8502,0.705065
8503,0.689432
8504,0.650249
8505,0.637831
8506,0.610546
8507,0.670540
8508,0.646926
8509,0.615228
8510,0.611860
8511,0.632631
8512,0.704549
8513,0.623583
8514,0.600689
8515,0.627107
8516,0.660592
8517,0.634454
8518,0.670096
8519,0.644865
8520,0.588431
8521,0.690207
8522,0.629941
8523,0.641400
8524,0.646215
8525,0.634441
8526,0.605138
8527,0.665052
8528,0.663257
8529,0.639055
8530,0.639419
8531,0.689479
8532,0.632755
8533,0.620839
8534,0.668295
8535,0.653425
8536,0.641932
8537,0.635991
8538,0.652758
8539,0.637247
8540,0.621487
8541,0.634270
8542,0.622245
8543,0.682743
8544,0.657887
8545,0.704085
8546,0.665569
8547,0.649658
8548,0.676406
8549,0.650222
8550,0.587650
8551,0.633941
8552,0.638405
8553,0.591094
8554,0.669357
8555,0.651938
8556,0.658032
8557,0.641396
8558,0.630503
8559,0.639178
8560,0.654408
8561,0.655831
8562,0.609439
8563,0.615638
8564,0.649922
8565,0.656803
8566,0.651281
8567,0.660694
8568,0.619046
8569,0.641561
8570,0.643333
8571,0.621439
8572,0.651620
8573,0.633511
8574,0.623294
8575,0.578529
8576,0.631112
8577,0.664142
8578,0.634620
8579,0.601779
8580,0.567612
8581,0.656371
8582,0.674657
8583,0.651235
8584,0.651632
8585,0.699434
8586,0.687586
8587,0.647843
8588,0.625498
8589,0.650854
8590,0.616009
8591,0.652005
8592,0.657928
8593,0.703378
8594,0.631012
8595,0.649857
8596,0.613440
8597,0.630803
8598,0.683059
8599,0.619836
8600,0.645223
8601,0.665137
8602,0.698494
8603,0.660722
8604,0.619210
8605,0.702405
8606,0.623705
8607,0.620354
8608,0.612435
8609,0.648844
8610,0.632680
8611,0.643317
8612,0.672151
8613,0.656747
8614,0.611976
8615,0.663839
8616,0.657334
8617,0.604767
8618,0.637586
8619,0.654473
8620,0.628706
8621,0.690586
8622,0.642943
8623,0.663120
8624,0.676728
8625,0.666907
8626,0.639262
8627,0.653607
8628,0.657354
8629,0.639675
8630,0.632397
8631,0.636221
8632,0.666684
8633,0.638090
8634,0.643631
8635,0.686896
8636,0.639592
8637,0.622275
8638,0.651416
8639,0.685017
8640,0.654039
8641,0.617708
8642,0.634012
8643,0.619672
8644,0.645252
8645,0.699954
8646,0.642356
8647,0.676720
8648,0.659653
8649,0.631189
8650,0.651374
8651,0.610288
8652,0.637663
8653,0.646779
8654,0.621222
8655,0.660775
8656,0.638262
8657,0.666411
8658,0.651765
8659,0.623353
8660,0.698796
8661,0.639171
8662,0.658472
8663,0.689683
8664,0.648414
8665,0.690802
8666,0.703127
8667,0.637684
8668,0.631617
8669,0.659981
8670,0.696003
8671,0.653122
8672,0.670512
8673,0.631550
8674,0.678870
8675,0.664055
8676,0.637015
8677,0.639655
8678,0.653575
8679,0.626154
8680,0.675490
8681,0.656022
8682,0.671021
8683,0.638105
8684,0.595212
8685,0.670848
8686,0.671926
8687,0.612042
8688,0.648144
8689,0.625848
8690,0.688194
8691,0.638921
8692,0.624404
8693,0.666160
8694,0.681398
8695,0.643683
8696,0.657135
8697,0.687950
8698,0.628902
8699,0.633591
8700,0.634518
8701,0.686534
8702,0.606148
8703,0.653475
8704,0.611888
8705,0.684436
8706,0.651390
8707,0.644307
8708,0.674762
8709,0.683139
8710,0.653312
8711,0.622966
8712,0.636981
8713,0.654417
8714,0.622820
8715,0.646587
8716,0.654469
8717,0.659346
8718,0.670080
8719,0.631130
8720,0.644910
8721,0.647214
8722,0.642937
8723,0.647368
8724,0.632792
8725,0.633644
8726,0.631975
8727,0.670586
8728,0.609023
8729,0.646232
8730,0.663555
8731,0.675438
8732,0.673435
8733,0.680551
8734,0.621660
8735,0.681025
8736,0.677154
8737,0.664084
8738,0.643131
8739,0.674446
8740,0.594812
8741,0.665648
8742,0.664488
8743,0.660016
8744,0.639151
8745,0.671168
8746,0.647190
8747,0.618292
8748,0.694452
8749,0.631265
8750,0.662768
8751,0.608736
8752,0.671603
8753,0.647386
8754,0.721894
8755,0.695851
8756,0.625326
8757,0.648434
8758,0.687126
8759,0.632673
8760,0.655358
8761,0.657164
8762,0.625463
8763,0.639154
8764,0.653795
8765,0.636273
8766,0.662741
8767,0.663721
8768,0.688924
8769,0.641908
8770,0.670096
8771,0.693485
8772,0.691968
8773,0.644943
8774,0.678677
8775,0.649299
8776,0.707754
8777,0.640993
8778,0.656413
8779,0.665129
8780,0.676900
8781,0.626891
8782,0.667563
8783,0.634668
8784,0.641510
8785,0.630051
8786,0.682625
8787,0.665443
8788,0.638586
8789,0.650878
8790,0.685229
8791,0.623819
8792,0.626747
8793,0.614729
8794,0.645525
8795,0.623936
8796,0.657402
8797,0.630431
8798,0.706780
8799,0.639151
8800,0.613158
8801,0.707805
8802,0.641988
8803,0.654504
8804,0.640019
8805,0.656231
8806,0.642252
8807,0.643263
8808,0.675420
8809,0.627742
8810,0.627771
8811,0.607289
8812,0.686899
8813,0.635054
8814,0.624685
8815,0.671985
8816,0.682851
8817,0.669226
8818,0.639241
8819,0.656288
8820,0.617796
8821,0.641015
8822,0.655804
8823,0.697419
8824,0.676934
8825,0.620414
8826,0.681407
8827,0.671941
8828,0.652831
8829,0.711089
8830,0.637641
8831,0.659317
8832,0.618368
8833,0.637554
8834,0.704817
8835,0.657269
8836,0.635334
8837,0.639677
8838,0.633853
8839,0.646192
8840,0.631991
8841,0.634854
8842,0.627799
8843,0.604815
8844,0.624172
8845,0.649692
8846,0.644920
8847,0.612859
8848,0.651784
8849,0.656385
8850,0.647164
8851,0.666033
8852,0.637146
8853,0.654087
8854,0.629881
8855,0.653049
8856,0.651883
8857,0.656556
8858,0.624502
8859,0.643100
8860,0.651158
8861,0.707273
8862,0.643635
8863,0.692845
8864,0.664520
8865,0.715802
8866,0.631070
8867,0.628495
8868,0.607207
8869,0.609512
8870,0.646821
8871,0.664976
8872,0.681790
8873,0.677791
8874,0.652583
8875,0.646370
8876,0.649703
8877,0.644896
8878,0.629228
8879,0.665462
8880,0.583175
8881,0.644888
8882,0.620651
8883,0.643661
8884,0.651425
8885,0.648423
8886,0.623253
8887,0.591189
8888,0.611302
8889,0.644549
8890,0.634090
8891,0.664793
8892,0.712758
8893,0.649415
8894,0.689450
8895,0.649528
8896,0.679223
8897,0.623688
8898,0.591217
8899,0.608681
8900,0.738135
8901,0.647027
8902,0.621838
8903,0.608146
8904,0.627564
8905,0.664111
8906,0.609161
8907,0.672225
8908,0.665511
8909,0.633560
8910,0.632328
8911,0.657452
8912,0.671611
8913,0.628714
8914,0.644153
8915,0.603662
8916,0.641944
8917,0.624406
8918,0.704332
8919,0.666185
8920,0.647385
8921,0.672084
8922,0.636648
8923,0.720678
8924,0.644260
8925,0.660337
8926,0.646677
8927,0.615997
8928,0.657339
8929,0.655350
8930,0.662154
8931,0.635466
8932,0.642904
8933,0.605058
8934,0.661740
8935,0.629370
8936,0.659543
8937,0.639836
8938,0.608349
8939,0.634390
8940,0.706394
8941,0.644469
8942,0.627082
8943,0.612767
8944,0.651010
8945,0.639966
8946,0.655097
8947,0.656938
8948,0.653237
8949,0.655762
8950,0.668722
8951,0.707555
8952,0.631018
8953,0.634373
8954,0.644928
8955,0.595142
8956,0.719961
8957,0.649313
8958,0.650336
8959,0.642010
8960,0.614253
8961,0.617013
8962,0.620136
8963,0.641725
8964,0.650879
8965,0.660639
8966,0.624413
8967,0.691320
8968,0.626703
8969,0.683677
8970,0.681377
8971,0.647809
8972,0.603327
8973,0.594314
8974,0.635399
8975,0.620093
8976,0.662820
8977,0.651921
8978,0.640870
8979,0.619396
8980,0.598531
8981,0.651940
8982,0.653940
8983,0.665242
8984,0.663611
8985,0.621387
8986,0.661855
8987,0.650372
8988,0.606966
8989,0.598787
8990,0.608719
8991,0.646866
8992,0.679844
8993,0.658619
8994,0.695728
8995,0.652308
8996,0.662186
8997,0.596157
8998,0.648132
8999,0.631805
9000,0.624951
9001,0.675887
9002,0.673781
9003,0.667575
9004,0.687695
9005,0.645426
9006,0.687729
9007,0.636122
9008,0.663547
9009,0.671749
9010,0.635981
9011,0.660991
9012,0.629913
9013,0.676702
9014,0.645271
9015,0.599364
9016,0.683893
9017,0.647899
9018,0.680037
9019,0.581970
9020,0.653144
9021,0.632166
9022,0.638762
9023,0.692662
9024,0.631152
9025,0.608193
9026,0.615752
9027,0.621252
9028,0.634088
9029,0.664107
9030,0.675852
9031,0.677667
9032,0.654017
9033,0.641559
9034,0.612621
9035,0.676082
9036,0.623805
9037,0.640880
9038,0.649948
9039,0.659265
9040,0.645540
9041,0.660867
9042,0.598800
9043,0.646065
9044,0.667530
9045,0.635076
9046,0.658687
9047,0.615539
9048,0.691013
9049,0.645026
9050,0.658797
9051,0.645835
9052,0.644498
9053,0.639640
9054,0.702351
9055,0.652853
9056,0.644238
9057,0.672250
9058,0.701350
9059,0.612754
9060,0.655473
9061,0.633905
9062,0.599366
9063,0.659516
9064,0.639148
9065,0.683402
9066,0.612252
9067,0.643481
9068,0.642523
9069,0.620826
9070,0.619073
9071,0.629778
9072,0.666558
9073,0.593708
9074,0.664689
9075,0.621867
9076,0.653654
9077,0.646279
9078,0.620885
9079,0.679024
9080,0.609217
9081,0.630577
9082,0.620693
9083,0.622980
9084,0.631954
9085,0.656780
9086,0.588648
9087,0.668131
9088,0.635833
9089,0.615163
9090,0.656664
9091,0.640560
9092,0.660037
9093,0.648216
9094,0.641815
9095,0.650887
9096,0.593093
9097,0.627312
9098,0.664341
9099,0.598441
9100,0.686084
9101,0.661292
9102,0.652080
9103,0.672785
9104,0.654417
9105,0.646372
9106,0.622029
9107,0.631480
9108,0.670112
9109,0.611810
9110,0.632568
9111,0.653863
9112,0.642370
9113,0.630432
9114,0.648335
9115,0.685028
9116,0.645393
9117,0.667703
9118,0.665202
9119,0.639113
9120,0.646696
9121,0.633151
9122,0.625634
9123,0.688190
9124,0.678418
9125,0.644515
9126,0.633667
9127,0.652743
9128,0.669324
9129,0.630499
9130,0.642859
9131,0.669058
9132,0.621899
9133,0.636942
9134,0.654605
9135,0.668007
9136,0.620457
9137,0.702421
9138,0.631928
9139,0.618530
9140,0.603429
9141,0.624546
9142,0.611448
9143,0.568240
9144,0.638589
9145,0.630222
9146,0.627490
9147,0.676295
9148,0.612684
9149,0.616978
9150,0.653439
9151,0.646191
9152,0.614898
9153,0.634391
9154,0.646476
9155,0.681240
9156,0.656736
9157,0.614704
9158,0.634312
9159,0.670791
9160,0.647985
9161,0.687963
9162,0.633102
9163,0.614658
9164,0.600267
9165,0.644709
9166,0.636181
9167,0.640093
9168,0.652932
9169,0.619864
9170,0.644595
9171,0.603462
9172,0.647544
9173,0.660474
9174,0.627841
9175,0.670727
9176,0.650336
9177,0.622890
9178,0.685749
9179,0.628479
9180,0.633403
9181,0.661713
9182,0.672345
9183,0.631364
9184,0.625247
9185,0.651667
9186,0.630173
9187,0.693176
9188,0.596834
9189,0.660736
9190,0.608861
9191,0.641637
9192,0.656277
9193,0.586056
9194,0.670647
9195,0.642196
9196,0.625758
9197,0.681918
9198,0.593187
9199,0.650496
9200,0.608170
9201,0.652187
9202,0.632579
9203,0.649710
9204,0.632394
9205,0.638090
9206,0.626830
9207,0.604265
9208,0.626746
9209,0.637273
9210,0.628882
9211,0.607367
9212,0.625791
9213,0.668162
9214,0.658721
9215,0.649528
9216,0.641055
9217,0.680606
9218,0.630951
9219,0.687554
9220,0.656675
9221,0.614535
9222,0.672727
9223,0.635581
9224,0.642316
9225,0.666409
9226,0.657824
9227,0.647414
9228,0.654552
9229,0.602368
9230,0.611670
9231,0.658705
9232,0.666350
9233,0.717080
9234,0.651447
9235,0.614318
9236,0.596714
9237,0.685257
9238,0.608160
9239,0.672564
9240,0.633295
9241,0.636315
9242,0.588807
9243,0.674593
9244,0.717488
9245,0.637823
9246,0.628903
9247,0.695625
9248,0.678843
9249,0.650305
9250,0.624618
9251,0.622059
9252,0.612748
9253,0.618218
9254,0.653187
9255,0.615209
9256,0.616357
9257,0.654454
9258,0.643363
9259,0.638712
9260,0.693009
9261,0.646112
9262,0.639022
9263,0.650939
9264,0.618031
9265,0.623024
9266,0.634124
9267,0.585012
9268,0.647152
9269,0.649060
9270,0.615695
9271,0.643171
9272,0.653819
9273,0.605820
9274,0.644001
9275,0.624921
9276,0.646771
9277,0.679682
9278,0.653033
9279,0.658117
9280,0.574268
9281,0.628082
9282,0.601897
9283,0.623438
9284,0.589356
9285,0.634475
9286,0.686170
9287,0.667543
9288,0.631259
9289,0.621466
9290,0.629709
9291,0.614072
9292,0.633353
9293,0.683809
9294,0.579600
9295,0.607934
9296,0.679619
9297,0.662050
9298,0.674606
9299,0.644657
9300,0.655856
9301,0.656492
9302,0.616689
9303,0.652173
9304,0.645725
9305,0.613148
9306,0.667968
9307,0.622360
9308,0.662726
9309,0.633823
9310,0.642788
9311,0.616669
9312,0.664898
9313,0.648225
9314,0.654375
9315,0.684164
9316,0.650630
9317,0.647723
9318,0.646262
9319,0.677556
9320,0.696939
9321,0.644900
9322,0.621468
9323,0.628932
9324,0.675176
9325,0.681817
9326,0.659986
9327,0.622897
9328,0.600989
9329,0.659865
9330,0.648330
9331,0.666706
9332,0.641611
9333,0.642519
9334,0.596917
9335,0.692851
9336,0.623493
9337,0.641458
9338,0.647345
9339,0.643861
9340,0.617132
9341,0.645780
9342,0.660766
9343,0.660536
9344,0.674835
9345,0.620790
9346,0.693225
9347,0.584800
9348,0.624975
9349,0.636752
9350,0.685592
9351,0.614624
9352,0.642223
9353,0.651212
9354,0.635618
9355,0.667540
9356,0.599957
9357,0.695729
9358,0.652036
9359,0.602765
9360,0.658770
9361,0.667830
9362,0.660217
9363,0.622308
9364,0.608694
9365,0.676304
9366,0.625967
9367,0.664899
9368,0.624102
9369,0.611947
9370,0.660655
9371,0.596037
9372,0.640803
9373,0.617219
9374,0.589253
9375,0.653486
9376,0.633398
9377,0.582273
9378,0.660607
9379,0.633327
9380,0.669088
9381,0.628139
9382,0.669773
9383,0.630542
9384,0.618413
9385,0.639396
9386,0.623561
9387,0.654064
9388,0.614186
9389,0.630960
9390,0.648601
9391,0.676629
9392,0.615229
9393,0.652474
9394,0.645444
9395,0.620405
9396,0.649753
9397,0.633999
9398,0.612346
9399,0.679495
9400,0.619962
9401,0.644246
9402,0.616820
9403,0.645847
9404,0.637216
9405,0.633213
9406,0.654865
9407,0.605020
9408,0.658144
9409,0.658016
9410,0.633521
9411,0.666639
9412,0.618585
9413,0.620094
9414,0.661236
9415,0.649156
9416,0.642168
9417,0.621444
9418,0.692385
9419,0.654570
9420,0.621989
9421,0.647451
9422,0.622683
9423,0.614305
9424,0.639107
9425,0.653923
9426,0.668899
9427,0.639678
9428,0.641778
9429,0.636423
9430,0.650517
9431,0.603431
9432,0.609255
9433,0.645489
9434,0.658326
9435,0.630299
9436,0.633439
9437,0.629296
9438,0.656114
9439,0.646301
9440,0.675245
9441,0.633240
9442,0.694406
9443,0.659337
9444,0.629310
9445,0.602200
9446,0.635513
9447,0.650905
9448,0.618124
9449,0.677665
9450,0.660934
9451,0.592194
9452,0.661360
9453,0.632889
9454,0.635190
9455,0.649978
9456,0.674978
9457,0.613393
9458,0.684461
9459,0.656534
9460,0.637722
9461,0.660994
9462,0.627073
9463,0.683289
9464,0.626585
9465,0.606919
9466,0.612334
9467,0.637203
9468,0.625525
9469,0.639338
9470,0.669102
9471,0.679721
9472,0.619882
9473,0.640875
9474,0.643387
9475,0.677509
9476,0.649198
9477,0.667978
9478,0.598094
9479,0.649567
9480,0.619603
9481,0.616255
9482,0.629226
9483,0.639480
9484,0.663029
9485,0.613866
9486,0.632043
9487,0.644390
9488,0.682835
9489,0.667204
9490,0.625568
9491,0.656830
9492,0.630628
9493,0.646987
9494,0.631652
9495,0.617219
9496,0.661480
9497,0.651070
9498,0.646807
9499,0.641833
9500,0.626474
9501,0.617492
9502,0.632305
9503,0.689989
9504,0.615364
9505,0.629225
9506,0.656085
9507,0.605386
9508,0.581593
9509,0.633501
9510,0.615989
9511,0.613785
9512,0.625000
9513,0.625731
9514,0.642076
9515,0.635910
9516,0.656688
9517,0.622051
9518,0.648415
9519,0.674174
9520,0.620380
9521,0.611319
9522,0.639825
9523,0.656314
9524,0.642244
9525,0.561922
9526,0.656438
9527,0.636344
9528,0.682420
9529,0.651169
9530,0.647618
9531,0.623978
9532,0.662147
9533,0.598013
9534,0.664722
9535,0.712243
9536,0.657292
9537,0.649912
9538,0.637544
9539,0.637303
9540,0.600959
9541,0.599245
9542,0.658693
9543,0.670362
9544,0.657107
9545,0.646102
9546,0.700345
9547,0.639758
9548,0.591710
9549,0.625596
9550,0.625696
9551,0.650003
9552,0.637658
9553,0.627452
9554,0.610674
9555,0.665663
9556,0.656141
9557,0.598970
9558,0.636252
9559,0.651546
9560,0.645407
9561,0.641652
9562,0.633967
9563,0.624870
9564,0.619759
9565,0.636487
9566,0.656899
9567,0.613428
9568,0.649439
9569,0.667419
9570,0.623331
9571,0.614747
9572,0.614322
9573,0.643388
9574,0.628369
9575,0.648444
9576,0.596080
9577,0.623491
9578,0.628199
9579,0.619985
9580,0.592776
9581,0.675103
9582,0.626465
9583,0.690415
9584,0.638352
9585,0.625785
9586,0.626289
9587,0.646819
9588,0.636368
9589,0.572029
9590,0.646447
9591,0.655140
9592,0.609386
9593,0.624800
9594,0.633295
9595,0.665142
9596,0.641299
9597,0.609444
9598,0.635143
9599,0.618654
9600,0.586979
9601,0.643748
9602,0.590682
9603,0.656404
9604,0.607761
9605,0.587178
9606,0.610628
9607,0.639970
9608,0.609493
9609,0.667082
9610,0.637094
9611,0.629318
9612,0.647710
9613,0.647616
9614,0.658947
9615,0.618623
9616,0.655296
9617,0.652485
9618,0.669798
9619,0.667045
9620,0.645427
9621,0.591538
9622,0.603372
9623,0.652766
9624,0.641926
9625,0.615369
9626,0.588203
9627,0.594306
9628,0.612988
9629,0.658225
9630,0.629950
9631,0.623879
9632,0.677475
9633,0.633546
9634,0.634096
9635,0.658320
9636,0.637770
9637,0.606899
9638,0.626943
9639,0.685318
9640,0.613463
9641,0.690462
9642,0.632310
9643,0.635155
9644,0.640242
9645,0.673676
9646,0.640493
9647,0.669084
9648,0.640260
9649,0.617753
9650,0.623079
9651,0.710487
9652,0.640283
9653,0.601271
9654,0.625347
9655,0.614417
9656,0.641819
9657,0.669313
9658,0.655305
9659,0.671188
9660,0.613343
9661,0.638401
9662,0.647110
9663,0.638213
9664,0.631190
9665,0.656287
9666,0.598144
9667,0.610429
9668,0.595449
9669,0.644625
9670,0.625869
9671,0.683589
9672,0.615317
9673,0.630176
9674,0.614186
9675,0.678633
9676,0.671122
9677,0.640978
9678,0.672268
9679,0.630264
9680,0.635084
9681,0.671179
9682,0.649293
9683,0.590404
9684,0.645946
9685,0.678566
9686,0.654658
9687,0.662478
9688,0.619379
9689,0.632655
9690,0.619425
9691,0.625516
9692,0.681906
9693,0.661320
9694,0.676946
9695,0.635282
9696,0.648765
9697,0.607539
9698,0.637833
9699,0.595035
9700,0.675572
9701,0.623698
9702,0.630473
9703,0.633108
9704,0.627962
9705,0.609292
9706,0.635001
9707,0.618326
9708,0.656397
9709,0.628260
9710,0.657460
9711,0.654170
9712,0.670318
9713,0.673270
9714,0.622192
9715,0.639045
9716,0.617025
9717,0.662839
9718,0.617855
9719,0.637069
9720,0.652715
9721,0.659598
9722,0.642537
9723,0.644870
9724,0.617077
9725,0.631404
9726,0.611567
9727,0.609457
9728,0.663434
9729,0.688250
9730,0.622223
9731,0.643145
9732,0.643861
9733,0.700836
9734,0.574237
9735,0.646801
9736,0.626379
9737,0.647092
9738,0.640924
9739,0.621956
9740,0.700226
9741,0.662097
9742,0.673717
9743,0.634100
9744,0.667935
9745,0.585400
9746,0.606294
9747,0.673722
9748,0.624862
9749,0.590637
9750,0.681351
9751,0.652680
9752,0.640033
9753,0.621443
9754,0.638990
9755,0.640679
9756,0.569282
9757,0.648392
9758,0.682097
9759,0.657282
9760,0.637469
9761,0.635631
9762,0.625813
9763,0.622311
9764,0.652536
9765,0.612514
9766,0.644808
9767,0.588538
9768,0.644069
9769,0.663506
9770,0.621125
9771,0.604566
9772,0.646554
9773,0.647812
9774,0.605793
9775,0.658157
9776,0.622768
9777,0.671925
9778,0.708706
9779,0.622285
9780,0.651141
9781,0.608944
9782,0.621345
9783,0.669105
9784,0.611782
9785,0.647892
9786,0.661636
9787,0.642353
9788,0.658621
9789,0.630892
9790,0.677481
9791,0.641891
9792,0.677849
9793,0.618910
9794,0.661661
9795,0.677234
9796,0.665515
9797,0.666745
9798,0.626035
9799,0.650257
9800,0.639837
9801,0.605832
9802,0.636806
9803,0.634190
9804,0.590363
9805,0.616432
9806,0.598149
9807,0.646972
9808,0.637646
9809,0.632062
9810,0.653287
9811,0.607709
9812,0.665645
9813,0.634115
9814,0.658262
9815,0.614007
9816,0.667720
9817,0.655251
9818,0.630135
9819,0.693265
9820,0.621153
9821,0.594034
9822,0.683428
9823,0.614381
9824,0.690560
9825,0.649263
9826,0.648397
9827,0.659470
9828,0.613842
9829,0.628430
9830,0.623960
9831,0.656030
9832,0.604005
9833,0.639303
9834,0.677243
9835,0.646207
9836,0.643698
9837,0.656502
9838,0.644616
9839,0.596552
9840,0.627704
9841,0.649201
9842,0.633595
9843,0.690039
9844,0.608288
9845,0.605324
9846,0.610136
9847,0.623594
9848,0.697501
9849,0.663583
9850,0.624454
9851,0.635491
9852,0.657658
9853,0.681140
9854,0.673018
9855,0.656752
9856,0.639443
9857,0.652029
9858,0.638069
9859,0.697390
9860,0.713391
9861,0.650062
9862,0.606800
9863,0.687282
9864,0.648395
9865,0.659420
9866,0.630602
9867,0.603208
9868,0.619944
9869,0.625709
9870,0.646545
9871,0.619613
9872,0.653056
9873,0.680891
9874,0.619100
9875,0.623483
9876,0.648614
9877,0.662782
9878,0.628224
9879,0.614054
9880,0.579182
9881,0.620519
9882,0.612052
9883,0.617352
9884,0.653221
9885,0.628800
9886,0.583195
9887,0.663541
9888,0.647357
9889,0.641096
9890,0.665470
9891,0.637429
9892,0.629423
9893,0.611257
9894,0.626725
9895,0.617250
9896,0.623601
9897,0.631666
9898,0.613649
9899,0.651559
9900,0.609523
9901,0.667463
9902,0.701998
9903,0.616926
9904,0.665096
9905,0.656011
9906,0.660786
9907,0.635832
9908,0.674361
9909,0.655280
9910,0.617061
9911,0.589868
9912,0.639685
9913,0.603431
9914,0.645044
9915,0.654593
9916,0.608190
9917,0.647820
9918,0.669307
9919,0.639168
9920,0.621382
9921,0.625934
9922,0.624004
9923,0.622749
9924,0.647014
9925,0.620286
9926,0.688699
9927,0.570154
9928,0.652240
9929,0.614408
9930,0.653274
9931,0.655363
9932,0.603359
9933,0.640535
9934,0.635173
9935,0.622456
9936,0.693543
9937,0.721825
9938,0.601558
9939,0.609995
9940,0.613872
9941,0.617712
9942,0.637944
9943,0.643495
9944,0.621223
9945,0.620902
9946,0.655255
9947,0.675386
9948,0.637766
9949,0.623567
9950,0.631959
9951,0.619635
9952,0.605817
9953,0.648570
9954,0.663933
9955,0.608580
9956,0.621239
9957,0.621600
9958,0.614929
9959,0.613667
9960,0.650471
9961,0.610203
9962,0.649286
9963,0.639027
9964,0.615374
9965,0.616680
9966,0.626901
9967,0.628790
9968,0.629902
9969,0.630468
9970,0.590031
9971,0.656038
9972,0.646802
9973,0.639912
9974,0.636474
9975,0.593407
9976,0.625689
9977,0.707831
9978,0.642730
9979,0.651408
9980,0.645479
9981,0.618919
9982,0.626193
9983,0.655654
9984,0.669776
9985,0.621600
9986,0.623172
9987,0.653571
9988,0.652852
9989,0.584512
9990,0.647494
9991,0.653694
9992,0.595260
9993,0.615231
9994,0.597311
9995,0.666338
9996,0.643720
9997,0.689869
9998,0.665977
9999,0.606613
10000,0.657821
10001,0.608530
10002,0.658938
10003,0.684661
10004,0.648905
10005,0.644153
10006,0.625455
10007,0.632986
10008,0.626366
10009,0.670826
10010,0.653812
10011,0.660855
10012,0.640661
10013,0.638463
10014,0.660872
10015,0.577433
10016,0.644330
10017,0.619366
10018,0.633141
10019,0.633243
10020,0.662745
10021,0.631433
10022,0.631713
10023,0.680087
10024,0.646321
10025,0.687082
10026,0.633435
10027,0.609457
10028,0.620069
10029,0.623495
10030,0.655819
10031,0.629689
10032,0.613378
10033,0.654125
10034,0.628549
10035,0.630938
10036,0.656750
10037,0.621395
10038,0.615353
10039,0.616808
10040,0.624744
10041,0.609146
10042,0.631794
10043,0.662792
10044,0.661719
10045,0.619656
10046,0.664557
10047,0.651301
10048,0.656278
10049,0.638928
10050,0.607973
10051,0.650287
10052,0.655798
10053,0.656108
10054,0.681848
10055,0.628002
10056,0.660347
10057,0.638043
10058,0.642183
10059,0.581304
10060,0.642140
10061,0.602518
10062,0.659972
10063,0.640880
10064,0.634227
10065,0.628667
10066,0.609723
10067,0.617951
10068,0.639084
10069,0.644082
10070,0.671837
10071,0.650743
10072,0.621044
10073,0.656553
10074,0.640142
10075,0.630390
10076,0.710263
10077,0.663658
10078,0.725140
10079,0.628730
10080,0.628570
10081,0.598846
10082,0.633691
10083,0.615674
10084,0.661989
10085,0.617358
10086,0.631497
10087,0.621195
10088,0.630126
10089,0.625460
10090,0.661961
10091,0.648861
10092,0.642838
10093,0.645904
10094,0.646763
10095,0.625533
10096,0.658072
10097,0.627103
10098,0.649190
10099,0.636533
10100,0.618649
10101,0.629993
10102,0.635761
10103,0.575493
10104,0.658624
10105,0.590465
10106,0.658478
10107,0.614835
10108,0.624216
10109,0.660241
10110,0.654078
10111,0.637306
10112,0.649954
10113,0.640444
10114,0.652032
10115,0.587698
10116,0.662637
10117,0.666854
10118,0.636625
10119,0.690321
10120,0.629984
10121,0.653728
10122,0.639371
10123,0.637856
10124,0.660636
10125,0.609545
10126,0.670973
10127,0.638788
10128,0.648333
10129,0.638781
10130,0.648616
10131,0.612724
10132,0.621716
10133,0.630457
10134,0.666737
10135,0.698912
10136,0.683054
10137,0.661621
10138,0.644051
10139,0.643762
10140,0.627495
10141,0.627111
10142,0.691237
10143,0.619104
10144,0.570119
10145,0.641894
10146,0.636402
10147,0.690397
10148,0.701335
10149,0.675896
10150,0.678457
10151,0.615674
10152,0.671074
10153,0.636713
10154,0.674402
10155,0.621996
10156,0.615632
10157,0.655987
10158,0.688740
10159,0.660138
10160,0.647797
10161,0.595707
10162,0.639661
10163,0.651439
10164,0.669223
10165,0.643727
10166,0.658356
10167,0.659882
10168,0.637107
10169,0.654512
10170,0.642172
10171,0.612630
10172,0.665640
10173,0.725761
10174,0.589188
10175,0.618103
10176,0.648705
10177,0.612230
10178,0.646327
10179,0.639670
10180,0.658909
10181,0.633596
10182,0.645861
10183,0.620243
10184,0.665315
10185,0.656728
10186,0.623104
10187,0.649011
10188,0.609652
10189,0.614247
10190,0.679263
10191,0.605760
10192,0.630141
10193,0.655532
10194,0.607955
10195,0.658511
10196,0.670211
10197,0.617024
10198,0.654362
10199,0.607131
10200,0.649913
10201,0.616353
10202,0.641388
10203,0.612257
10204,0.612653
10205,0.646538
10206,0.718650
10207,0.676155
10208,0.646072
10209,0.594148
10210,0.660663
10211,0.621431
10212,0.627038
10213,0.641293
10214,0.642095
10215,0.650643
10216,0.623320
10217,0.649622
10218,0.675024
10219,0.628970
10220,0.665315
10221,0.698540
10222,0.644117
10223,0.632372
10224,0.640240
10225,0.684597
10226,0.596830
10227,0.626146
10228,0.611339
10229,0.668963
10230,0.665267
10231,0.666314
10232,0.664748
10233,0.610235
10234,0.606629
10235,0.642305
10236,0.689561
10237,0.630327
10238,0.644025
10239,0.610528
10240,0.657573
10241,0.660353
10242,0.583903
10243,0.596505
10244,0.678322
10245,0.638874
10246,0.666803
10247,0.619653
10248,0.667481
10249,0.607717
10250,0.684212
10251,0.668343
10252,0.672633
10253,0.636633
10254,0.655671
10255,0.644940
10256,0.633678
10257,0.614260
10258,0.657323
10259,0.665753
10260,0.632574
10261,0.667260
10262,0.698568
10263,0.595058
10264,0.699436
10265,0.734792
10266,0.605845
10267,0.602349
10268,0.658105
10269,0.585667
10270,0.619635
10271,0.655011
10272,0.646034
10273,0.610050
10274,0.609909
10275,0.623918
10276,0.606953
10277,0.609637
10278,0.649657
10279,0.631464
10280,0.673503
10281,0.614532
10282,0.612681
10283,0.609911
10284,0.626338
10285,0.560880
10286,0.672478
10287,0.637365
10288,0.634351
10289,0.598407
10290,0.610650
10291,0.676744
10292,0.611123
10293,0.638825
10294,0.637721
10295,0.623436
10296,0.636244
10297,0.620600
10298,0.642778
10299,0.640721
10300,0.584956
10301,0.685500
10302,0.647428
10303,0.621937
10304,0.614963
10305,0.699314
10306,0.624825
10307,0.714865
10308,0.639644
10309,0.650635
10310,0.630056
10311,0.599994
10312,0.633968
10313,0.571485
10314,0.635065
10315,0.676192
10316,0.676202
10317,0.656820
10318,0.655710
10319,0.590075
10320,0.668618
10321,0.623481
10322,0.655900
10323,0.664619
10324,0.673011
10325,0.611236
10326,0.602137
10327,0.676154
10328,0.666124
10329,0.632548
10330,0.614476
10331,0.652658
10332,0.650620
10333,0.592607
10334,0.618164
10335,0.641631
10336,0.626409
10337,0.635237
10338,0.615793
10339,0.631537
10340,0.694760
10341,0.615714
10342,0.651327
10343,0.605683
10344,0.616060
10345,0.635364
10346,0.646680
10347,0.609891
10348,0.638042
10349,0.649897
10350,0.666051
10351,0.625020
10352,0.649689
10353,0.597051
10354,0.636747
10355,0.623328
10356,0.623956
10357,0.645435
10358,0.660135
10359,0.687315
10360,0.652564
10361,0.622833
10362,0.643781
10363,0.632066
10364,0.651088
10365,0.672685
10366,0.665955
10367,0.639451
10368,0.671812
10369,0.598245
10370,0.666176
10371,0.627903
10372,0.606986
10373,0.653939
10374,0.650922
10375,0.658178
10376,0.580879
10377,0.670571
10378,0.638915
10379,0.661650
10380,0.626419
10381,0.636865
10382,0.596505
10383,0.627476
10384,0.639783
10385,0.680072
10386,0.721507
10387,0.643356
10388,0.598529
10389,0.605636
10390,0.645456
10391,0.655796
10392,0.645779
10393,0.657846
10394,0.658542
10395,0.663335
10396,0.613235
10397,0.626268
10398,0.621334
10399,0.632914
10400,0.617502
10401,0.692556
10402,0.671482
10403,0.594334
10404,0.605401
10405,0.622967
10406,0.619197
10407,0.649871
10408,0.665496
10409,0.636861
10410,0.639534
10411,0.638279
10412,0.672739
10413,0.643021
10414,0.646934
10415,0.678387
10416,0.672161
10417,0.657805
10418,0.639722
10419,0.623863
10420,0.655227
10421,0.630403
10422,0.652210
10423,0.630586
10424,0.642559
10425,0.648328
10426,0.598591
10427,0.625988
10428,0.617286
10429,0.619326
10430,0.649475
10431,0.640660
10432,0.592890
10433,0.654446
10434,0.595711
10435,0.650038
10436,0.601230
10437,0.615777
10438,0.673798
10439,0.656120
10440,0.633852
10441,0.634312
10442,0.603014
10443,0.621285
10444,0.616275
10445,0.684011
10446,0.624802
10447,0.627980
10448,0.632020
10449,0.654292
10450,0.624025
10451,0.652163
10452,0.610261
10453,0.602013
10454,0.669776
10455,0.589109
10456,0.634454
10457,0.670436
10458,0.659542
10459,0.611712
10460,0.616757
10461,0.602152
10462,0.663834
10463,0.622487
10464,0.622247
10465,0.692003
10466,0.671016
10467,0.634751
10468,0.571977
10469,0.656388
10470,0.652807
10471,0.664971
10472,0.604214
10473,0.587786
10474,0.641061
10475,0.560198
10476,0.632374
10477,0.595168
10478,0.625040
10479,0.573400
10480,0.630301
10481,0.608356
10482,0.660866
10483,0.658614
10484,0.637852
10485,0.630369
10486,0.606641
10487,0.642175
10488,0.672718
10489,0.679694
10490,0.654432
10491,0.644531
10492,0.664874
10493,0.652448
10494,0.638725
10495,0.614701
10496,0.645227
10497,0.622376
10498,0.641442
10499,0.606311
10500,0.654507
10501,0.640794
10502,0.626697
10503,0.687887
10504,0.596880
10505,0.675545
10506,0.663979
10507,0.685210
10508,0.581847
10509,0.601007
10510,0.599006
10511,0.644087
10512,0.652908
10513,0.651948
10514,0.615726
10515,0.601408
10516,0.616127
10517,0.666934
10518,0.578146
10519,0.670196
10520,0.621942
10521,0.643518
10522,0.634219
10523,0.602350
10524,0.605014
10525,0.661576
10526,0.608045
10527,0.630779
10528,0.640964
10529,0.618894
10530,0.622335
10531,0.634337
10532,0.638344
10533,0.602481
10534,0.617903
10535,0.636247
10536,0.673696
10537,0.635492
10538,0.634500
10539,0.670860
10540,0.620322
10541,0.592775
10542,0.652989
10543,0.676205
10544,0.646477
10545,0.623512
10546,0.632383
10547,0.656723
10548,0.598966
10549,0.612393
10550,0.642346
10551,0.649509
10552,0.604257
10553,0.628750
10554,0.638099
10555,0.624326
10556,0.644666
10557,0.622273
10558,0.628323
10559,0.654320
10560,0.608806
10561,0.609749
10562,0.594655
10563,0.605138
10564,0.664967
10565,0.622461
10566,0.680753
10567,0.617186
10568,0.599987
10569,0.641505
10570,0.623132
10571,0.675453
10572,0.621192
10573,0.705957
10574,0.621063
10575,0.649430
10576,0.643142
10577,0.568306
10578,0.644327
10579,0.661576
10580,0.683950
10581,0.671824
10582,0.632589
10583,0.695079
10584,0.637677
10585,0.619029
10586,0.641653
10587,0.646549
10588,0.607582
10589,0.649272
10590,0.658133
10591,0.622003
10592,0.630381
10593,0.621110
10594,0.631430
10595,0.600439
10596,0.649847
10597,0.589392
10598,0.628353
10599,0.618780
10600,0.599188
10601,0.647541
10602,0.622896
10603,0.639476
10604,0.682518
10605,0.651067
10606,0.612586
10607,0.715975
10608,0.622537
10609,0.605196
10610,0.631651
10611,0.593528
10612,0.650931
10613,0.640670
10614,0.636452
10615,0.616091
10616,0.617703
10617,0.557519
10618,0.678553
10619,0.625607
10620,0.642082
10621,0.654567
10622,0.642049
10623,0.580526
10624,0.626819
10625,0.610083
10626,0.671413
10627,0.629244
10628,0.649203
10629,0.666356
10630,0.613527
10631,0.605479
10632,0.647679
10633,0.613300
10634,0.619114
10635,0.648389
10636,0.620691
10637,0.615692
10638,0.651220
10639,0.573398
10640,0.634111
10641,0.570544
10642,0.631859
10643,0.654266
10644,0.600642
10645,0.673374
10646,0.599772
10647,0.613729
10648,0.623793
10649,0.665898
10650,0.641718
10651,0.644330
10652,0.612754
10653,0.635425
10654,0.623766
10655,0.650271
10656,0.659130
10657,0.605911
10658,0.643013
10659,0.638391
10660,0.629065
10661,0.643978
10662,0.645018
10663,0.648038
10664,0.682946
10665,0.608263
10666,0.620434
10667,0.632447
10668,0.625052
10669,0.652639
10670,0.659289
10671,0.663718
10672,0.607457
10673,0.660532
10674,0.611456
10675,0.605350
10676,0.617256
10677,0.651538
10678,0.686255
10679,0.608447
10680,0.651294
10681,0.624372
10682,0.658201
10683,0.658452
10684,0.604354
10685,0.693687
10686,0.629982
10687,0.667835
10688,0.650136
10689,0.611794
10690,0.661202
10691,0.594197
10692,0.639843
10693,0.649293
10694,0.627190
10695,0.654123
10696,0.632192
10697,0.601696
10698,0.666939
10699,0.622308
10700,0.620031
10701,0.633333
10702,0.651252
10703,0.615664
10704,0.641196
10705,0.679038
10706,0.624044
10707,0.631507
10708,0.637108
10709,0.648718
10710,0.631073
10711,0.632519
10712,0.624220
10713,0.619421
10714,0.635093
10715,0.643884
10716,0.635984
10717,0.636400
10718,0.616683
10719,0.569120
10720,0.651464
10721,0.639798
10722,0.596078
10723,0.658666
10724,0.632840
10725,0.621302
10726,0.663891
10727,0.678557
10728,0.619112
10729,0.639431
10730,0.627668
10731,0.575140
10732,0.644868
10733,0.634018
10734,0.621006
10735,0.662859
10736,0.663934
10737,0.644893
10738,0.631942
10739,0.639858
10740,0.589880
10741,0.624447
10742,0.676511
10743,0.628098
10744,0.634916
10745,0.645656
10746,0.659498
10747,0.659444
10748,0.601861
10749,0.602450
10750,0.621251
10751,0.619966
10752,0.580547
10753,0.640434
10754,0.656997
10755,0.633045
10756,0.668340
10757,0.633212
10758,0.662816
10759,0.667583
10760,0.626749
10761,0.651659
10762,0.671139
10763,0.649275
10764,0.594459
10765,0.619851
10766,0.673273
10767,0.661727
10768,0.684262
10769,0.610852
10770,0.648812
10771,0.646418
10772,0.651902
10773,0.641571
10774,0.674644
10775,0.649588
10776,0.646739
10777,0.600332
10778,0.671526
10779,0.667347
10780,0.611990
10781,0.620529
10782,0.634736
10783,0.657711
10784,0.603148
10785,0.588864
10786,0.623222
10787,0.642957
10788,0.635333
10789,0.607152
10790,0.598803
10791,0.681558
10792,0.670955
10793,0.690388
10794,0.626587
10795,0.618308
10796,0.618944
10797,0.628632
10798,0.634652
10799,0.598290
10800,0.649172
10801,0.619848
10802,0.654368
10803,0.606381
10804,0.628426
10805,0.633573
10806,0.670031
10807,0.608836
10808,0.565520
10809,0.672644
10810,0.613490
10811,0.667145
10812,0.646992
10813,0.612752
10814,0.623365
10815,0.592595
10816,0.643984
10817,0.597752
10818,0.638538
10819,0.614463
10820,0.668215
10821,0.636817
10822,0.654366
10823,0.615794
10824,0.613429
10825,0.649364
10826,0.635777
10827,0.656658
10828,0.638309
10829,0.663748
10830,0.644413
10831,0.650240
10832,0.651808
10833,0.637017
10834,0.622754
10835,0.620035
10836,0.649090
10837,0.594908
10838,0.616653
10839,0.606405
10840,0.657250
10841,0.600167
10842,0.679805
10843,0.627543
10844,0.661136
10845,0.633227
10846,0.614878
10847,0.618027
10848,0.586788
10849,0.604887
10850,0.616955
10851,0.616829
10852,0.628226
10853,0.645012
10854,0.661791
10855,0.642633
10856,0.626577
10857,0.588132
10858,0.644593
10859,0.688588
10860,0.623228
10861,0.618807
10862,0.624230
10863,0.638208
10864,0.602964
10865,0.649985
10866,0.626698
10867,0.583114
10868,0.665667
10869,0.643061
10870,0.647301
10871,0.630589
10872,0.689067
10873,0.623782
10874,0.642601
10875,0.659186
10876,0.675581
10877,0.611519
10878,0.656979
10879,0.653183
10880,0.640948
10881,0.638244
10882,0.626256
10883,0.596608
10884,0.605095
10885,0.666224
10886,0.635643
10887,0.615827
10888,0.587933
10889,0.624658
10890,0.637305
10891,0.636463
10892,0.645929
10893,0.631275
10894,0.667112
10895,0.637797
10896,0.624859
10897,0.661150
10898,0.624555
10899,0.646126
10900,0.613074
10901,0.636526
10902,0.628886
10903,0.641741
10904,0.638870
10905,0.650963
10906,0.647194
10907,0.640867
10908,0.662666
10909,0.632495
10910,0.657547
10911,0.628103
10912,0.637431
10913,0.574880
10914,0.617255
10915,0.627124
10916,0.654185
10917,0.670506
10918,0.646798
10919,0.616878
10920,0.676185
10921,0.672764
10922,0.616101
10923,0.593757
10924,0.660185
10925,0.606026
10926,0.642087
10927,0.644216
10928,0.617346
10929,0.627559
10930,0.615713
10931,0.606775
10932,0.642431
10933,0.622511
10934,0.641978
10935,0.667431
10936,0.673594
10937,0.591054
10938,0.609886
10939,0.641563
10940,0.632782
10941,0.575363
10942,0.657764
10943,0.616975
10944,0.661345
10945,0.648426
10946,0.662378
10947,0.586706
10948,0.611282
10949,0.611738
10950,0.599836
10951,0.650401
10952,0.650191
10953,0.583338
10954,0.619193
10955,0.607374
10956,0.653563
10957,0.639183
10958,0.601683
10959,0.653689
10960,0.611424
10961,0.598663
10962,0.606975
10963,0.619371
10964,0.635472
10965,0.617042
10966,0.616094
10967,0.595833
10968,0.654468
10969,0.616123
10970,0.627136
10971,0.666580
10972,0.611506
10973,0.627720
10974,0.666123
10975,0.575853
10976,0.647990
10977,0.672285
10978,0.682183
10979,0.594730
10980,0.691211
10981,0.633343
10982,0.642454
10983,0.679919
10984,0.679855
10985,0.651738
10986,0.599332
10987,0.650893
10988,0.625393
10989,0.643424
10990,0.649144
10991,0.630723
10992,0.646948
10993,0.676272
10994,0.600259
10995,0.596996
10996,0.645585
10997,0.669749
10998,0.644052
10999,0.680171
11000,0.641655
11001,0.604254
11002,0.637321
11003,0.613005
11004,0.640236
11005,0.607621
11006,0.632996
11007,0.655134
11008,0.656440
11009,0.638614
11010,0.639496
11011,0.630666
11012,0.620170
11013,0.705190
11014,0.622389
11015,0.677610
11016,0.590170
11017,0.630259
11018,0.609989
11019,0.630063
11020,0.659642
11021,0.587369
11022,0.637719
11023,0.573369
11024,0.650720
11025,0.627466
11026,0.648944
11027,0.625480
11028,0.650094
11029,0.620670
11030,0.643055
11031,0.616344
11032,0.632502
11033,0.657220
11034,0.651692
11035,0.645642
11036,0.572496
11037,0.628303
11038,0.622547
11039,0.659694
11040,0.677844
11041,0.645362
11042,0.620032
11043,0.643278
11044,0.595328
11045,0.632157
11046,0.619430
11047,0.669203
11048,0.659331
11049,0.598622
11050,0.650806
11051,0.610159
11052,0.644327
11053,0.646618
11054,0.622904
11055,0.648260
11056,0.613442
11057,0.620341
11058,0.657937
11059,0.606986
11060,0.679767
11061,0.671371
11062,0.619048
11063,0.642946
11064,0.639079
11065,0.622899
11066,0.594708
11067,0.598520
11068,0.658195
11069,0.655370
11070,0.626944
11071,0.648685
11072,0.634959
11073,0.599971
11074,0.645659
11075,0.658884
11076,0.608783
11077,0.582916
11078,0.618065
11079,0.641512
11080,0.635464
11081,0.628972
11082,0.638483
11083,0.663321
11084,0.645516
11085,0.619984
11086,0.672420
11087,0.618114
11088,0.635805
11089,0.600265
11090,0.657420
11091,0.604957
11092,0.630413
11093,0.614152
11094,0.659789
11095,0.630951
11096,0.647251
11097,0.667687
11098,0.662626
11099,0.652900
11100,0.618275
11101,0.587991
11102,0.632050
11103,0.622398
11104,0.683884
11105,0.680364
11106,0.606438
11107,0.631421
11108,0.619018
11109,0.662194
11110,0.665657
11111,0.631391
11112,0.657351
11113,0.680331
11114,0.636824
11115,0.592032
11116,0.614743
11117,0.669476
11118,0.641975
11119,0.629355
11120,0.614418
11121,0.616182
11122,0.656047
11123,0.659302
11124,0.701543
11125,0.632976
11126,0.631563
11127,0.633516
11128,0.598204
11129,0.657791
11130,0.580178
11131,0.666564
11132,0.662711
11133,0.645929
11134,0.681624
11135,0.665718
11136,0.619540
11137,0.605242
11138,0.643390
11139,0.629922
11140,0.645504
11141,0.631504
11142,0.636049
11143,0.692252
11144,0.590038
11145,0.637864
11146,0.627238
11147,0.645726
11148,0.602345
11149,0.644536
11150,0.589448
11151,0.653270
11152,0.594097
11153,0.634902
11154,0.632902
11155,0.626847
11156,0.635516
11157,0.628102
11158,0.602930
11159,0.606772
11160,0.637796
11161,0.663177
11162,0.601969
11163,0.629872
11164,0.653213
11165,0.672545
11166,0.588475
11167,0.625254
11168,0.557589
11169,0.596805
11170,0.578443
11171,0.632794
11172,0.603062
11173,0.616985
11174,0.617436
11175,0.691906
11176,0.622072
11177,0.613323
11178,0.681852
11179,0.709967
11180,0.612109
11181,0.620963
11182,0.646816
11183,0.612190
11184,0.664704
11185,0.621240
11186,0.614336
11187,0.597685
11188,0.590368
11189,0.664314
11190,0.613547
11191,0.632058
11192,0.613690
11193,0.611207
11194,0.649432
11195,0.629832
11196,0.634496
11197,0.665505
11198,0.631501
11199,0.640122
11200,0.617263
11201,0.608710
11202,0.657983
11203,0.643564
11204,0.617840
11205,0.611835
11206,0.629814
11207,0.624307
11208,0.590274
11209,0.640653
11210,0.697868
11211,0.625557
11212,0.672534
11213,0.652782
11214,0.634112
11215,0.643789
11216,0.664846
11217,0.615597
11218,0.624479
11219,0.611569
11220,0.639397
11221,0.634042
11222,0.643889
11223,0.635107
11224,0.630633
11225,0.624609
11226,0.644387
11227,0.659151
11228,0.603616
11229,0.632354
11230,0.627195
11231,0.630965
11232,0.672242
11233,0.609676
11234,0.633412
11235,0.647489
11236,0.679471
11237,0.619462
11238,0.613964
11239,0.624618
11240,0.657833
11241,0.638006
11242,0.634694
11243,0.637446
11244,0.633221
11245,0.631643
11246,0.639662
11247,0.620483
11248,0.629980
11249,0.634144
11250,0.616961
11251,0.577794
11252,0.594046
11253,0.597441
11254,0.619620
11255,0.613966
11256,0.622576
11257,0.649650
11258,0.615725
11259,0.589500
11260,0.635733
11261,0.629879
11262,0.602161
11263,0.626491
11264,0.602346
11265,0.633263
11266,0.658100
11267,0.587693
11268,0.612284
11269,0.638131
11270,0.625416
11271,0.623657
11272,0.676725
11273,0.647295
11274,0.685565
11275,0.620614
11276,0.655765
11277,0.571271
11278,0.634723
11279,0.595740
11280,0.610925
11281,0.595540
11282,0.636094
11283,0.627807
11284,0.626979
11285,0.681416
11286,0.573372
11287,0.618525
11288,0.640960
11289,0.630127
11290,0.630944
11291,0.676764
11292,0.625437
11293,0.669319
11294,0.660955
11295,0.648741
11296,0.601556
11297,0.609757
11298,0.638761
11299,0.619113
11300,0.628353
11301,0.646206
11302,0.645781
11303,0.613208
11304,0.592321
11305,0.614689
11306,0.598369
11307,0.657614
11308,0.626642
11309,0.617183
11310,0.684290
11311,0.697783
11312,0.661873
11313,0.666201
11314,0.585329
11315,0.636074
11316,0.600050
11317,0.644121
11318,0.569316
11319,0.633359
11320,0.631111
11321,0.618008
11322,0.676818
11323,0.620548
11324,0.609090
11325,0.652487
11326,0.625987
11327,0.630862
11328,0.668581
11329,0.597628
11330,0.655821
11331,0.624110
11332,0.652672
11333,0.642325
11334,0.638540
11335,0.651163
11336,0.635210
11337,0.635320
11338,0.622082
11339,0.660484
11340,0.650993
11341,0.577788
11342,0.592864
11343,0.646883
11344,0.637909
11345,0.712590
11346,0.632371
11347,0.624603
11348,0.681088
11349,0.675657
11350,0.636260
11351,0.613586
11352,0.620783
11353,0.634433
11354,0.614900
11355,0.623851
11356,0.580131
11357,0.609354
11358,0.650445
11359,0.630161
11360,0.630532
11361,0.537089
11362,0.666535
11363,0.665506
11364,0.610507
11365,0.631086
11366,0.624979
11367,0.640745
11368,0.597272
11369,0.649542
11370,0.645257
11371,0.667675
11372,0.645524
11373,0.634107
11374,0.577707
11375,0.653107
11376,0.642776
11377,0.634969
11378,0.640561
11379,0.597399
11380,0.630464
11381,0.619144
11382,0.610092
11383,0.609644
11384,0.591741
11385,0.665747
11386,0.623364
11387,0.613901
11388,0.636634
11389,0.606917
11390,0.625994
11391,0.615542
11392,0.621361
11393,0.624266
11394,0.582495
11395,0.638828
11396,0.619996
11397,0.598555
11398,0.615728
11399,0.633071
11400,0.643239
11401,0.640761
11402,0.618267
11403,0.612231
11404,0.619934
11405,0.594150
11406,0.613260
11407,0.627558
11408,0.645328
11409,0.640441
11410,0.614655
11411,0.603708
11412,0.623376
11413,0.635012
11414,0.626350
11415,0.608642
11416,0.621217
11417,0.661544
11418,0.635583
11419,0.625448
11420,0.593360
11421,0.625659
11422,0.672671
11423,0.581380
11424,0.631183
11425,0.676054
11426,0.655321
11427,0.692841
11428,0.670467
11429,0.608288
11430,0.609224
11431,0.582884
11432,0.622683
11433,0.616173
11434,0.673126
11435,0.641920
11436,0.601881
11437,0.591058
11438,0.649902
11439,0.663945
11440,0.649807
11441,0.633404
11442,0.665760
11443,0.594893
11444,0.649050
11445,0.605018
11446,0.587640
11447,0.642869
11448,0.673695
11449,0.631678
11450,0.673235
11451,0.648950
11452,0.603684
11453,0.618724
11454,0.637499
11455,0.667971
11456,0.628981
11457,0.609064
11458,0.629386
11459,0.640495
11460,0.579161
11461,0.630055
11462,0.650050
11463,0.661347
11464,0.638570
11465,0.629833
11466,0.654951
11467,0.639991
11468,0.631076
11469,0.622080
11470,0.637157
11471,0.639607
11472,0.591590
11473,0.654235
11474,0.617221
11475,0.619641
11476,0.653724
11477,0.632230
11478,0.623587
11479,0.614801
11480,0.659000
11481,0.660018
11482,0.585622
11483,0.630286
11484,0.615274
11485,0.592388
11486,0.633947
11487,0.670208
11488,0.607752
11489,0.649877
11490,0.615586
11491,0.637376
11492,0.606347
11493,0.596329
11494,0.568327
11495,0.640025
11496,0.612200
11497,0.616222
11498,0.601395
11499,0.588802
11500,0.593137
11501,0.653723
11502,0.623756
11503,0.596832
11504,0.679234
11505,0.614966
11506,0.645453
11507,0.641960
11508,0.637444
11509,0.620821
11510,0.646375
11511,0.602978
11512,0.653725
11513,0.672354
11514,0.621949
11515,0.596059
11516,0.625673
11517,0.597216
11518,0.649464
11519,0.611376
11520,0.596884
11521,0.631744
11522,0.625917
11523,0.637402
11524,0.611296
11525,0.586054
11526,0.633618
11527,0.645805
11528,0.650315
11529,0.604918
11530,0.614811
11531,0.596965
11532,0.636266
11533,0.634589
11534,0.634183
11535,0.572727
11536,0.616836
11537,0.631183
11538,0.640407
11539,0.613999
11540,0.622905
11541,0.656120
11542,0.683155
11543,0.656786
11544,0.620039
11545,0.650016
11546,0.658045
11547,0.624908
11548,0.620108
11549,0.599665
11550,0.612647
11551,0.580647
11552,0.611427
11553,0.651210
11554,0.645591
11555,0.651029
11556,0.639549
11557,0.599579
11558,0.610902
11559,0.646678
11560,0.655773
11561,0.673580
11562,0.620006
11563,0.624533
11564,0.647556
11565,0.611539
11566,0.644362
11567,0.605419
11568,0.628319
11569,0.615954
11570,0.596755
11571,0.615503
11572,0.630580
11573,0.686961
11574,0.620785
11575,0.624538
11576,0.626240
11577,0.623457
11578,0.678018
11579,0.568180
11580,0.647547
11581,0.643141
11582,0.603385
11583,0.575699
11584,0.637980
11585,0.627011
11586,0.626050
11587,0.608534
11588,0.652085
11589,0.628061
11590,0.634119
11591,0.626414
11592,0.626993
11593,0.670270
11594,0.647583
11595,0.605769
11596,0.640305
11597,0.636947
11598,0.652986
11599,0.600836
11600,0.549041
11601,0.591566
11602,0.632014
11603,0.627900
11604,0.636239
11605,0.619737
11606,0.658529
11607,0.610274
11608,0.607921
11609,0.672042
11610,0.632358
11611,0.657194
11612,0.633776
11613,0.645245
11614,0.661753
11615,0.652567
11616,0.606798
11617,0.709511
11618,0.651833
11619,0.616015
11620,0.568041
11621,0.652210
11622,0.653694
11623,0.619943
11624,0.631909
11625,0.657045
11626,0.617675
11627,0.621307
11628,0.638598
11629,0.578959
11630,0.618588
11631,0.618499
11632,0.667380
11633,0.644441
11634,0.571312
11635,0.597322
11636,0.604531
11637,0.596722
11638,0.614234
11639,0.614695
11640,0.634960
11641,0.709708
11642,0.630340
11643,0.640645
11644,0.639823
11645,0.640250
11646,0.598608
11647,0.643271
11648,0.622686
11649,0.577973
11650,0.623695
11651,0.654389
11652,0.696677
11653,0.597815
11654,0.643781
11655,0.619288
11656,0.633268
11657,0.597161
11658,0.677429
11659,0.582047
11660,0.647469
11661,0.635445
11662,0.666776
11663,0.620015
11664,0.613175
11665,0.599698
11666,0.618758
11667,0.587480
11668,0.670704
11669,0.653942
11670,0.661186
11671,0.637280
11672,0.623276
11673,0.650001
11674,0.661764
11675,0.617303
11676,0.630489
11677,0.645885
11678,0.609772
11679,0.619555
11680,0.633802
11681,0.647700
11682,0.612976
11683,0.673549
11684,0.595024
11685,0.618873
11686,0.605539
11687,0.600439
11688,0.608571
11689,0.650673
11690,0.633684
11691,0.652581
11692,0.623553
11693,0.571943
11694,0.640847
11695,0.577877
11696,0.603854
11697,0.621835
11698,0.565391
11699,0.595527
11700,0.574299
11701,0.666819
11702,0.600386
11703,0.606972
11704,0.655635
11705,0.620075
11706,0.633273
11707,0.635103
11708,0.613524
11709,0.622136
11710,0.637716
11711,0.588908
11712,0.636381
11713,0.617591
11714,0.588688
11715,0.661639
11716,0.588757
11717,0.656743
11718,0.619157
11719,0.668443
11720,0.614659
11721,0.616500
11722,0.593905
11723,0.624672
11724,0.656408
11725,0.601646
11726,0.656117
11727,0.589661
11728,0.650220
11729,0.629658
11730,0.628854
11731,0.605827
11732,0.620623
11733,0.631383
11734,0.659374
11735,0.608890
11736,0.680621
11737,0.641032
11738,0.634634
11739,0.667569
11740,0.596888
11741,0.616331
11742,0.577180
11743,0.640309
11744,0.624927
11745,0.602254
11746,0.599910
11747,0.585003
11748,0.635652
11749,0.615544
11750,0.653062
11751,0.609668
11752,0.597643
11753,0.621947
11754,0.622912
11755,0.582817
11756,0.674025
11757,0.617184
11758,0.659722
11759,0.677791
11760,0.579666
11761,0.676745
11762,0.620157
11763,0.650611
11764,0.651118
11765,0.605397
11766,0.626620
11767,0.681364
11768,0.645846
11769,0.654669
11770,0.650442
11771,0.628526
11772,0.659141
11773,0.643996
11774,0.598805
11775,0.658374
11776,0.650954
11777,0.605928
11778,0.594766
11779,0.597503
11780,0.601363
11781,0.658738
11782,0.643521
11783,0.623877
11784,0.634565
11785,0.618698
11786,0.600394
11787,0.581817
11788,0.564712
11789,0.612590
11790,0.607138
11791,0.643113
11792,0.640705
11793,0.637634
11794,0.628212
11795,0.653481
11796,0.622785
11797,0.661325
11798,0.619801
11799,0.606860
11800,0.667815
11801,0.632778
11802,0.601458
11803,0.599316
11804,0.626088
11805,0.616210
11806,0.630789
11807,0.587734
11808,0.637448
11809,0.605591
11810,0.626182
11811,0.641019
11812,0.674237
11813,0.635299
11814,0.630956
11815,0.661496
11816,0.612303
11817,0.660280
11818,0.613248
11819,0.617917
11820,0.659137
11821,0.660213
11822,0.638809
11823,0.634508
11824,0.647461
11825,0.707453
11826,0.670960
11827,0.594623
11828,0.617478
11829,0.665378
11830,0.633662
11831,0.568857
11832,0.607595
11833,0.579527
11834,0.605771
11835,0.548724
11836,0.640484
11837,0.604085
11838,0.654614
11839,0.634054
11840,0.682525
11841,0.553741
11842,0.621405
11843,0.616671
11844,0.634237
11845,0.649378
11846,0.683990
11847,0.634452
11848,0.622882
11849,0.585335
11850,0.633595
11851,0.636121
11852,0.590889
11853,0.655303
11854,0.633162
11855,0.597715
11856,0.605842
11857,0.565268
11858,0.627768
11859,0.615397
11860,0.647289
11861,0.648506
11862,0.620622
11863,0.695094
11864,0.640732
11865,0.628932
11866,0.625324
11867,0.652801
11868,0.650854
11869,0.612766
11870,0.631218
11871,0.626119
11872,0.642048
11873,0.630927
11874,0.651304
11875,0.621434
11876,0.611812
11877,0.648472
11878,0.651124
11879,0.620997
11880,0.689700
11881,0.690224
11882,0.639146
11883,0.623620
11884,0.644893
11885,0.633518
11886,0.601479
11887,0.653556
11888,0.624754
11889,0.615122
11890,0.687412
11891,0.625540
11892,0.664360
11893,0.608052
11894,0.623071
11895,0.654682
11896,0.651394
11897,0.639262
11898,0.674906
11899,0.611986
11900,0.612539
11901,0.621043
11902,0.626665
11903,0.610230
11904,0.624012
11905,0.621048
11906,0.669953
11907,0.554081
11908,0.618959
11909,0.595098
11910,0.596133
11911,0.611294
11912,0.626296
11913,0.613661
11914,0.662970
11915,0.631348
11916,0.551262
11917,0.615119
11918,0.667628
11919,0.611346
11920,0.636896
11921,0.653442
11922,0.550871
11923,0.690625
11924,0.604051
11925,0.653615
11926,0.625432
11927,0.679539
11928,0.616820
11929,0.597505
11930,0.593606
11931,0.609554
11932,0.625144
11933,0.623670
11934,0.646324
11935,0.652407
11936,0.603770
11937,0.607121
11938,0.646023
11939,0.641068
11940,0.622521
11941,0.664235
11942,0.630491
11943,0.607130
11944,0.669324
11945,0.603466
11946,0.643867
11947,0.621315
11948,0.684299
11949,0.697511
11950,0.672541
11951,0.629031
11952,0.644175
11953,0.598618
11954,0.661022
11955,0.602599
11956,0.643054
11957,0.656401
11958,0.615516
11959,0.607653
11960,0.661897
11961,0.620168
11962,0.594823
11963,0.616021
11964,0.690626
11965,0.590444
11966,0.653723
11967,0.602337
11968,0.632507
11969,0.604853
11970,0.619457
11971,0.620114
11972,0.658042
11973,0.601292
11974,0.633206
11975,0.611656
11976,0.648652
11977,0.642979
11978,0.611857
11979,0.625196
11980,0.616078
11981,0.604402
11982,0.634614
11983,0.612448
11984,0.629188
11985,0.589165
11986,0.600703
11987,0.653039
11988,0.598157
11989,0.611513
11990,0.590774
11991,0.582429
11992,0.678605
11993,0.618796
11994,0.628952
11995,0.627839
11996,0.624932
11997,0.654846
11998,0.591244
11999,0.653484
12000,0.655574
12001,0.597372
12002,0.622317
12003,0.622095
12004,0.613757
12005,0.647538
12006,0.628233
12007,0.644625
12008,0.621449
12009,0.631070
12010,0.651493
12011,0.614004
12012,0.598757
12013,0.604629
12014,0.553894
12015,0.643498
12016,0.580454
12017,0.607841
12018,0.615254
12019,0.607140
12020,0.603755
12021,0.626339
12022,0.588458
12023,0.622143
12024,0.588924
12025,0.606195
12026,0.643821
12027,0.664584
12028,0.653862
12029,0.629535
12030,0.652050
12031,0.662164
12032,0.660506
12033,0.645045
12034,0.638630
12035,0.589822
12036,0.647324
12037,0.586455
12038,0.607296
12039,0.641322
12040,0.626608
12041,0.596222
12042,0.581868
12043,0.643657
12044,0.665767
12045,0.588553
12046,0.657407
12047,0.616934
12048,0.612889
12049,0.604402
12050,0.599754
12051,0.614338
12052,0.649458
12053,0.644192
12054,0.621033
12055,0.612175
12056,0.644189
12057,0.570685
12058,0.623547
12059,0.587721
12060,0.654644
12061,0.628433
12062,0.621658
12063,0.644023
12064,0.601038
12065,0.706901
12066,0.606457
12067,0.627959
12068,0.545806
12069,0.600166
12070,0.591556
12071,0.671351
12072,0.672049
12073,0.638234
12074,0.647159
12075,0.593879
12076,0.661080
12077,0.665370
12078,0.609632
12079,0.622793
12080,0.601029
12081,0.642512
12082,0.631514
12083,0.626514
12084,0.629677
12085,0.622738
12086,0.642527
12087,0.644819
12088,0.599211
12089,0.601096
12090,0.675610
12091,0.650098
12092,0.642930
12093,0.643592
12094,0.621677
12095,0.614004
12096,0.679269
12097,0.585752
12098,0.618356
12099,0.711072
12100,0.624604
12101,0.588295
12102,0.648673
12103,0.696065
12104,0.617056
12105,0.683927
12106,0.626472
12107,0.621843
12108,0.691748
12109,0.642024
12110,0.653915
12111,0.664621
12112,0.580274
12113,0.604890
12114,0.635118
12115,0.627033
12116,0.663568
12117,0.666783
12118,0.647008
12119,0.666530
12120,0.612016
12121,0.640478
12122,0.607975
12123,0.601012
12124,0.676321
12125,0.663686
12126,0.590786
12127,0.620358
12128,0.621413
12129,0.625168
12130,0.680515
12131,0.654278
12132,0.620482
12133,0.640074
12134,0.609364
12135,0.658170
12136,0.642778
12137,0.593051
12138,0.622978
12139,0.623935
12140,0.587322
12141,0.571608
12142,0.650168
12143,0.606269
12144,0.605098
12145,0.637650
12146,0.598533
12147,0.593133
12148,0.613402
12149,0.620080
12150,0.625156
12151,0.639560
12152,0.622545
12153,0.675153
12154,0.646867
12155,0.654788
12156,0.651278
12157,0.628789
12158,0.638054
12159,0.567339
12160,0.627392
12161,0.606716
12162,0.614381
12163,0.629940
12164,0.641523
12165,0.643844
12166,0.589627
12167,0.684396
12168,0.635979
12169,0.643256
12170,0.667354
12171,0.574492
12172,0.673032
12173,0.643795
12174,0.645379
12175,0.653630
12176,0.600673
12177,0.586193
12178,0.621789
12179,0.651975
12180,0.618221
12181,0.600071
12182,0.636477
12183,0.625009
12184,0.639833
12185,0.587853
12186,0.604973
12187,0.664626
12188,0.634877
12189,0.617950
12190,0.638357
12191,0.597749
12192,0.594405
12193,0.580654
12194,0.649056
12195,0.617380
12196,0.584052
12197,0.623879
12198,0.616477
12199,0.667117
12200,0.708450
12201,0.577710
12202,0.637708
12203,0.622568
12204,0.628964
12205,0.619197
12206,0.590308
12207,0.649433
12208,0.611524
12209,0.600051
12210,0.660997
12211,0.604258
12212,0.651564
12213,0.661614
12214,0.666732
12215,0.619831
12216,0.615101
12217,0.644225
12218,0.626760
12219,0.606798
12220,0.616198
12221,0.616724
12222,0.637855
12223,0.633420
12224,0.630823
12225,0.639636
12226,0.611807
12227,0.599914
12228,0.613674
12229,0.617863
12230,0.575048
12231,0.673425
12232,0.650275
12233,0.641479
12234,0.625068
12235,0.604140
12236,0.648619
12237,0.626709
12238,0.603068
12239,0.633119
12240,0.640166
12241,0.658049
12242,0.647619
12243,0.613431
12244,0.592284
12245,0.636096
12246,0.598919
12247,0.629459
12248,0.638083
12249,0.654974
12250,0.621917
12251,0.663517
12252,0.665784
12253,0.595508
12254,0.656999
12255,0.615823
12256,0.670219
12257,0.668787
12258,0.645653
12259,0.569273
12260,0.631088
12261,0.616251
12262,0.604760
12263,0.601840
12264,0.636189
12265,0.679244
12266,0.632813
12267,0.624792
12268,0.614130
12269,0.623000
12270,0.592418
12271,0.604194
12272,0.626368
12273,0.618180
12274,0.593805
12275,0.638295
12276,0.632651
12277,0.570386
12278,0.629583
12279,0.630380
12280,0.642287
12281,0.645629
12282,0.642430
12283,0.632720
12284,0.573676
12285,0.611817
12286,0.617984
12287,0.627228
12288,0.618768
12289,0.619073
12290,0.620754
12291,0.576499
12292,0.611759
12293,0.632171
12294,0.621615
12295,0.621722
12296,0.646304
12297,0.633501
12298,0.658098
12299,0.621269
12300,0.641534
12301,0.653256
12302,0.666059
12303,0.613011
12304,0.661762
12305,0.678346
12306,0.602382
12307,0.641125
12308,0.661727
12309,0.607371
12310,0.602506
12311,0.604812
12312,0.672537
12313,0.629004
12314,0.624461
12315,0.580913
12316,0.665410
12317,0.697272
12318,0.644255
12319,0.606016
12320,0.633373
12321,0.611321
12322,0.642847
12323,0.608438
12324,0.676074
12325,0.635034
12326,0.594774
12327,0.658518
12328,0.600613
12329,0.624811
12330,0.710108
12331,0.593827
12332,0.663664
12333,0.677926
12334,0.602307
12335,0.617797
12336,0.658700
12337,0.668091
12338,0.540389
12339,0.659225
12340,0.576902
12341,0.620132
12342,0.601946
12343,0.618109
12344,0.641507
12345,0.644120
12346,0.657590
12347,0.671504
12348,0.648950
12349,0.627830
12350,0.612935
12351,0.630062
12352,0.615256
12353,0.608837
12354,0.586003
12355,0.625122
12356,0.645220
12357,0.586582
12358,0.646107
12359,0.598882
12360,0.689342
12361,0.627379
12362,0.610947
12363,0.619805
12364,0.635674
12365,0.622812
12366,0.631397
12367,0.614199
12368,0.603254
12369,0.588602
12370,0.641366
12371,0.631104
12372,0.609546
12373,0.666036
12374,0.621057
12375,0.589621
12376,0.608996
12377,0.641204
12378,0.588311
12379,0.613494
12380,0.659341
12381,0.643092
12382,0.642271
12383,0.592087
12384,0.634869
12385,0.592124
12386,0.644011
12387,0.581020
12388,0.628820
12389,0.611383
12390,0.597439
12391,0.638846
12392,0.608716
12393,0.570575
12394,0.613058
12395,0.603720
12396,0.657001
12397,0.692908
12398,0.654786
12399,0.601075
12400,0.625875
12401,0.634470
12402,0.624466
12403,0.635201
12404,0.659782
12405,0.571328
12406,0.596306
12407,0.606270
12408,0.605013
12409,0.582618
12410,0.596034
12411,0.635685
12412,0.637461
12413,0.671059
12414,0.618492
12415,0.594095
12416,0.578710
12417,0.633328
12418,0.576881
12419,0.581949
12420,0.600819
12421,0.639875
12422,0.655077
12423,0.630467
12424,0.617071
12425,0.612132
12426,0.589995
12427,0.648806
12428,0.586340
12429,0.592079
12430,0.649804
12431,0.637862
12432,0.647518
12433,0.615413
12434,0.615914
12435,0.633654
12436,0.599581
12437,0.588401
12438,0.643839
12439,0.598526
12440,0.609842
12441,0.611514
12442,0.657853
12443,0.637915
12444,0.653763
12445,0.636012
12446,0.581084
12447,0.595076
12448,0.637428
12449,0.642082
12450,0.636796
12451,0.653932
12452,0.651789
12453,0.645078
12454,0.599257
12455,0.631350
12456,0.623769
12457,0.600966
12458,0.652313
12459,0.630805
12460,0.637470
12461,0.609775
12462,0.633259
12463,0.614882
12464,0.603304
12465,0.633424
12466,0.661889
12467,0.595581
12468,0.598199
12469,0.642607
12470,0.659016
12471,0.658840
12472,0.631643
12473,0.603502
12474,0.602756
12475,0.658606
12476,0.637169
12477,0.659592
12478,0.605121
12479,0.658002
12480,0.624298
12481,0.623277
12482,0.600181
12483,0.631874
12484,0.655890
12485,0.632089
12486,0.637707
12487,0.622601
12488,0.601022
12489,0.623006
12490,0.584249
12491,0.600099
12492,0.591728
12493,0.673043
12494,0.630317
12495,0.614546
12496,0.637150
12497,0.651198
12498,0.601002
12499,0.621225
12500,0.594421
12501,0.619357
12502,0.583988
12503,0.596582
12504,0.653948
12505,0.623335
12506,0.593122
12507,0.625886
12508,0.648109
12509,0.606900
12510,0.644401
12511,0.620598
12512,0.587952
12513,0.671194
12514,0.603581
12515,0.604647
12516,0.648674
12517,0.638544
12518,0.658495
12519,0.615428
12520,0.609910
12521,0.667431
12522,0.613505
12523,0.655383
12524,0.614448
12525,0.629187
12526,0.640613
12527,0.673099
12528,0.631749
12529,0.664409
12530,0.651705
12531,0.626887
12532,0.626310
12533,0.620475
12534,0.588091
12535,0.650847
12536,0.657241
12537,0.677602
12538,0.633778
12539,0.621488
12540,0.636913
12541,0.634987
12542,0.642793
12543,0.638224
12544,0.610178
12545,0.637533
12546,0.630573
12547,0.610834
12548,0.670031
12549,0.599172
12550,0.627872
12551,0.614270
12552,0.588899
12553,0.616023
12554,0.597918
12555,0.686438
12556,0.663002
12557,0.602789
12558,0.607164
12559,0.645583
12560,0.632152
12561,0.612262
12562,0.599863
12563,0.631307
12564,0.633336
12565,0.646890
12566,0.635534
12567,0.623387
12568,0.600545
12569,0.619757
12570,0.621384
12571,0.653167
12572,0.577827
12573,0.620849
12574,0.653179
12575,0.627885
12576,0.638487
12577,0.660557
12578,0.588065
12579,0.614201
12580,0.606343
12581,0.600880
12582,0.632199
12583,0.610975
12584,0.647113
12585,0.633089
12586,0.589883
12587,0.557204
12588,0.564552
12589,0.611268
12590,0.632676
12591,0.641784
12592,0.649029
12593,0.594780
12594,0.605851
12595,0.673956
12596,0.607373
12597,0.602339
12598,0.605981
12599,0.565497
12600,0.596208
12601,0.635386
12602,0.627950
12603,0.629309
12604,0.631846
12605,0.604939
12606,0.637143
12607,0.632098
12608,0.595541
12609,0.653838
12610,0.614217
12611,0.677171
12612,0.654411
12613,0.605164
12614,0.605144
12615,0.614831
12616,0.632037
12617,0.622876
12618,0.634544
12619,0.645982
12620,0.598538
12621,0.623438
12622,0.603065
12623,0.679619
12624,0.669928
12625,0.643376
12626,0.672748
12627,0.660118
12628,0.604045
12629,0.656335
12630,0.626258
12631,0.619579
12632,0.667133
12633,0.609889
12634,0.573782
12635,0.654331
12636,0.575419
12637,0.584168
12638,0.608415
12639,0.645700
12640,0.669546
12641,0.627382
12642,0.631175
12643,0.589794
12644,0.638799
12645,0.626950
12646,0.606445
12647,0.615457
12648,0.643015
12649,0.589009
12650,0.622198
12651,0.672582
12652,0.651866
12653,0.604854
12654,0.633730
12655,0.639213
12656,0.602239
12657,0.626895
12658,0.626033
12659,0.635418
12660,0.640927
12661,0.696761
12662,0.590271
12663,0.598125
12664,0.620708
12665,0.639489
12666,0.589249
12667,0.619272
12668,0.606334
12669,0.599732
12670,0.597614
12671,0.621093
12672,0.602098
12673,0.625316
12674,0.601922
12675,0.616178
12676,0.654033
12677,0.594609
12678,0.641320
12679,0.620710
12680,0.642228
12681,0.637557
12682,0.638534
12683,0.636833
12684,0.603996
12685,0.627665
12686,0.648547
12687,0.689594
12688,0.574053
12689,0.646242
12690,0.601558
12691,0.610358
12692,0.648729
12693,0.592850
12694,0.599971
12695,0.585981
12696,0.592067
12697,0.602862
12698,0.667632
12699,0.607565
12700,0.630468
12701,0.641260
12702,0.617264
12703,0.566231
12704,0.652216
12705,0.640372
12706,0.620269
12707,0.601659
12708,0.604607
12709,0.580238
12710,0.653094
12711,0.609136
12712,0.611096
12713,0.623165
12714,0.602501
12715,0.651525
12716,0.672087
12717,0.627531
12718,0.638038
12719,0.604294
12720,0.587246
12721,0.604719
12722,0.646855
12723,0.652943
12724,0.628851
12725,0.617144
12726,0.614802
12727,0.623692
12728,0.610301
12729,0.636242
12730,0.662987
12731,0.650809
12732,0.601366
12733,0.649167
12734,0.591154
12735,0.655918
12736,0.598677
12737,0.659340
12738,0.633645
12739,0.626999
12740,0.588755
12741,0.589954
12742,0.526334
12743,0.633158
12744,0.629990
12745,0.652129
12746,0.637951
12747,0.620604
12748,0.615475
12749,0.609287
12750,0.624879
12751,0.609398
12752,0.649583
12753,0.601706
12754,0.613176
12755,0.631526
12756,0.610058
12757,0.603502
12758,0.624479
12759,0.640372
12760,0.599865
12761,0.638291
12762,0.618276
12763,0.659809
12764,0.604852
12765,0.603626
12766,0.602660
12767,0.640686
12768,0.637323
12769,0.620011
12770,0.629140
12771,0.624040
12772,0.600208
12773,0.649737
12774,0.662875
12775,0.641505
12776,0.564542
12777,0.619621
12778,0.665256
12779,0.619666
12780,0.597706
12781,0.599990
12782,0.633361
12783,0.635170
12784,0.613494
12785,0.662005
12786,0.648626
12787,0.621756
12788,0.615284
12789,0.589693
12790,0.624077
12791,0.585369
12792,0.634280
12793,0.663000
12794,0.596492
12795,0.674714
12796,0.623092
12797,0.599373
12798,0.613797
12799,0.606189
12800,0.665866
12801,0.669734
12802,0.629982
12803,0.580379
12804,0.667661
12805,0.615822
12806,0.641464
12807,0.650199
12808,0.660021
12809,0.623662
12810,0.642894
12811,0.650438
12812,0.633962
12813,0.582707
12814,0.602612
12815,0.643677
12816,0.581096
12817,0.613323
12818,0.610720
12819,0.595663
12820,0.627965
12821,0.669066
12822,0.674081
12823,0.602472
12824,0.617851
12825,0.639852
12826,0.591135
12827,0.584801
12828,0.638582
12829,0.592960
12830,0.600492
12831,0.651799
12832,0.606929
12833,0.578963
12834,0.603940
12835,0.614606
12836,0.622668
12837,0.626822
12838,0.613118
12839,0.590405
12840,0.625584
12841,0.607718
12842,0.609592
12843,0.603151
12844,0.691382
12845,0.642374
12846,0.630156
12847,0.601067
12848,0.607255
12849,0.623838
12850,0.622739
12851,0.600589
12852,0.657824
12853,0.581670
12854,0.598976
12855,0.639329
12856,0.586382
12857,0.623437
12858,0.637439
12859,0.659912
12860,0.608313
12861,0.651515
12862,0.600608
12863,0.607924
12864,0.668978
12865,0.641591
12866,0.625153
12867,0.634081
12868,0.634537
12869,0.617519
12870,0.564067
12871,0.584992
12872,0.634343
12873,0.610102
12874,0.617923
12875,0.604884
12876,0.613594
12877,0.635363
12878,0.594041
12879,0.588945
12880,0.576732
12881,0.618947
12882,0.619299
12883,0.654433
12884,0.600624
12885,0.616924
12886,0.653766
12887,0.583886
12888,0.601415
12889,0.612115
12890,0.649458
12891,0.578283
12892,0.642939
12893,0.635244
12894,0.654127
12895,0.620165
12896,0.587969
12897,0.674310
12898,0.658831
12899,0.649995
12900,0.622162
12901,0.652085
12902,0.621930
12903,0.642438
12904,0.626530
12905,0.652705
12906,0.601543
12907,0.662591
12908,0.632188
12909,0.632921
12910,0.624967
12911,0.661786
12912,0.623028
12913,0.619789
12914,0.712217
12915,0.642616
12916,0.598268
12917,0.673170
12918,0.587210
12919,0.679206
12920,0.630073
12921,0.605881
12922,0.617844
12923,0.578156
12924,0.592259
12925,0.659918
12926,0.604712
12927,0.589231
12928,0.606730
12929,0.590369
12930,0.619504
12931,0.563088
12932,0.631318
12933,0.607878
12934,0.632111
12935,0.577368
12936,0.590423
12937,0.557351
12938,0.601039
12939,0.587788
12940,0.632994
12941,0.627426
12942,0.582379
12943,0.649237
12944,0.669779
12945,0.700499
12946,0.598115
12947,0.638033
12948,0.651968
12949,0.624912
12950,0.610106
12951,0.608212
12952,0.635074
12953,0.656761
12954,0.557739
12955,0.618771
12956,0.610975
12957,0.610479
12958,0.630996
12959,0.648627
12960,0.609737
12961,0.657444
12962,0.645359
12963,0.603112
12964,0.662244
12965,0.655704
12966,0.626260
12967,0.658258
12968,0.660497
12969,0.578196
12970,0.627312
12971,0.606016
12972,0.620337
12973,0.639493
12974,0.590001
12975,0.614555
12976,0.670923
12977,0.615718
12978,0.650974
12979,0.638449
12980,0.625195
12981,0.634546
12982,0.616937
12983,0.570304
12984,0.652475
12985,0.614438
12986,0.631577
12987,0.602257
12988,0.643504
12989,0.585364
12990,0.611684
12991,0.614418
12992,0.604335
12993,0.612022
12994,0.657085
12995,0.598640
12996,0.645375
12997,0.649812
12998,0.642965
12999,0.589842
13000,0.639354
13001,0.611905
13002,0.607722
13003,0.629013
13004,0.650109
13005,0.634058
13006,0.649984
13007,0.615329
13008,0.611413
13009,0.540250
13010,0.644838
13011,0.615132
13012,0.634967
13013,0.614156
13014,0.608411
13015,0.680015
13016,0.666610
13017,0.588024
13018,0.616555
13019,0.632055
13020,0.645797
13021,0.644032
13022,0.649251
13023,0.654705
13024,0.655225
13025,0.570956
13026,0.670464
13027,0.598689
13028,0.685648
13029,0.601912
13030,0.618075
13031,0.616787
13032,0.618667
13033,0.625843
13034,0.602031
13035,0.625157
13036,0.632759
13037,0.673198
13038,0.652439
13039,0.677221
13040,0.645407
13041,0.637936
13042,0.588861
13043,0.611031
13044,0.649496
13045,0.611837
13046,0.598019
13047,0.630824
13048,0.651223
13049,0.659645
13050,0.641314
13051,0.594482
13052,0.574642
13053,0.635011
13054,0.596780
13055,0.640887
13056,0.625995
13057,0.599774
13058,0.610068
13059,0.619538
13060,0.614466
13061,0.643013
13062,0.638713
13063,0.565356
13064,0.637076
13065,0.589920
13066,0.609165
13067,0.612974
13068,0.638297
13069,0.597031
13070,0.551864
13071,0.622776
13072,0.599278
13073,0.600376
13074,0.605409
13075,0.598574
13076,0.674100
13077,0.609693
13078,0.618316
13079,0.640338
13080,0.620273
13081,0.645074
13082,0.631393
13083,0.626093
13084,0.596392
13085,0.627767
13086,0.644976
13087,0.640266
13088,0.624860
13089,0.578896
13090,0.589292
13091,0.635352
13092,0.629921
13093,0.585390
13094,0.620010
13095,0.671477
13096,0.630638
13097,0.558014
13098,0.596102
13099,0.639526
13100,0.649308
13101,0.611232
13102,0.622308
13103,0.652066
13104,0.632182
13105,0.586008
13106,0.607418
13107,0.629988
13108,0.602152
13109,0.645879
13110,0.635923
13111,0.660372
13112,0.641952
13113,0.664337
13114,0.596305
13115,0.639364
13116,0.604451
13117,0.601305
13118,0.600213
13119,0.624646
13120,0.617324
13121,0.638962
13122,0.617214
13123,0.605320
13124,0.574320
13125,0.608098
13126,0.655091
13127,0.654331
13128,0.554446
13129,0.582487
13130,0.607708
13131,0.594156
13132,0.621697
13133,0.637061
13134,0.590235
13135,0.635784
13136,0.587774
13137,0.645497
13138,0.649652
13139,0.679200
13140,0.599537
13141,0.647926
13142,0.626556
13143,0.652499
13144,0.594067
13145,0.659285
13146,0.611915
13147,0.636084
13148,0.641583
13149,0.617934
13150,0.601959
13151,0.618863
13152,0.664136
13153,0.618738
13154,0.591343
13155,0.623374
13156,0.652023
13157,0.618940
13158,0.663460
13159,0.618468
13160,0.621359
13161,0.582826
13162,0.621840
13163,0.612020
13164,0.600560
13165,0.615892
13166,0.610129
13167,0.625998
13168,0.599233
13169,0.593147
13170,0.615284
13171,0.631322
13172,0.593293
13173,0.646293
13174,0.608468
13175,0.633256
13176,0.620075
13177,0.617787
13178,0.610244
13179,0.631927
13180,0.596155
13181,0.634201
13182,0.622860
13183,0.635101
13184,0.635930
13185,0.601928
13186,0.649571
13187,0.612494
13188,0.593009
13189,0.613209
13190,0.658274
13191,0.580989
13192,0.621675
13193,0.658187
13194,0.642789
13195,0.629201
13196,0.639744
13197,0.678238
13198,0.597079
13199,0.625553
13200,0.625245
13201,0.637828
13202,0.633181
13203,0.635065
13204,0.627636
13205,0.626991
13206,0.628256
13207,0.628952
13208,0.621276
13209,0.583119
13210,0.606719
13211,0.650216
13212,0.608710
13213,0.650000
13214,0.631142
13215,0.635597
13216,0.607366
13217,0.616537
13218,0.590122
13219,0.593016
13220,0.635724
13221,0.659799
13222,0.654070
13223,0.593086
13224,0.655914
13225,0.625040
13226,0.620294
13227,0.651325
13228,0.664579
13229,0.641864
13230,0.627849
13231,0.640333
13232,0.661061
13233,0.633744
13234,0.654185
13235,0.623660
13236,0.595026
13237,0.615343
13238,0.628227
13239,0.632671
13240,0.642933
13241,0.613794
13242,0.623065
13243,0.622191
13244,0.662266
13245,0.626377
13246,0.636300
13247,0.631425
13248,0.618701
13249,0.611636
13250,0.631512
13251,0.624830
13252,0.634189
13253,0.626901
13254,0.611079
13255,0.611786
13256,0.636198
13257,0.634182
13258,0.574821
13259,0.591349
13260,0.585616
13261,0.653888
13262,0.653677
13263,0.619768
13264,0.573961
13265,0.663514
13266,0.587937
13267,0.610848
13268,0.637588
13269,0.578651
13270,0.643730
13271,0.636873
13272,0.680646
13273,0.598049
13274,0.604189
13275,0.591954
13276,0.613781
13277,0.634400
13278,0.639111
13279,0.608940
13280,0.589276
13281,0.621451
13282,0.616908
13283,0.615114
13284,0.623540
13285,0.606584
13286,0.611510
13287,0.600624
13288,0.611660
13289,0.581987
13290,0.629494
13291,0.664757
13292,0.610359
13293,0.605429
13294,0.621946
13295,0.576394
13296,0.626432
13297,0.633195
13298,0.631214
13299,0.696597
13300,0.627850
13301,0.629272
13302,0.633709
13303,0.616359
13304,0.665850
13305,0.674371
13306,0.671352
13307,0.618569
13308,0.621208
13309,0.575166
13310,0.669259
13311,0.615060
13312,0.615984
13313,0.640574
13314,0.617765
13315,0.616406
13316,0.641555
13317,0.605896
13318,0.635549
13319,0.649143
13320,0.638787
13321,0.595324
13322,0.630361
13323,0.609502
13324,0.610639
13325,0.618396
13326,0.604652
13327,0.643869
13328,0.625354
13329,0.619094
13330,0.603194
13331,0.649918
13332,0.629106
13333,0.595143
13334,0.602425
13335,0.650252
13336,0.660427
13337,0.597146
13338,0.593979
13339,0.592688
13340,0.618379
13341,0.608657
13342,0.624600
13343,0.616452
13344,0.621266
13345,0.650961
13346,0.600000
13347,0.595285
13348,0.628058
13349,0.601429
13350,0.631335
13351,0.587840
13352,0.616845
13353,0.609307
13354,0.664234
13355,0.666899
13356,0.551718
13357,0.618576
13358,0.605506
13359,0.652618
13360,0.621792
13361,0.629069
13362,0.620860
13363,0.595218
13364,0.583082
13365,0.631546
13366,0.590410
13367,0.617935
13368,0.590386
13369,0.607648
13370,0.700413
13371,0.611414
13372,0.641301
13373,0.632705
13374,0.594472
13375,0.614151
13376,0.569309
13377,0.641277
13378,0.601337
13379,0.535137
13380,0.618338
13381,0.600649
13382,0.608653
13383,0.633367
13384,0.570589
13385,0.612088
13386,0.579882
13387,0.636903
13388,0.576001
13389,0.584098
13390,0.612788
13391,0.618938
13392,0.629301
13393,0.647725
13394,0.672066
13395,0.632645
13396,0.635907
13397,0.648484
13398,0.610263
13399,0.626344
13400,0.679229
13401,0.574373
13402,0.613230
13403,0.612811
13404,0.577806
13405,0.645353
13406,0.603500
13407,0.590533
13408,0.607218
13409,0.609440
13410,0.574756
13411,0.627652
13412,0.589113
13413,0.614455
13414,0.639461
13415,0.624006
13416,0.603623
13417,0.639046
13418,0.617738
13419,0.629890
13420,0.576064
13421,0.644875
13422,0.665938
13423,0.665021
13424,0.681707
13425,0.570221
13426,0.656052
13427,0.646702
13428,0.639156
13429,0.640723
13430,0.613695
13431,0.660602
13432,0.598772
13433,0.599031
13434,0.641929
13435,0.668259
13436,0.700914
13437,0.585809
13438,0.597180
13439,0.605731
13440,0.611272
13441,0.652178
13442,0.599861
13443,0.614306
13444,0.638389
13445,0.620672
13446,0.588461
13447,0.588944
13448,0.653994
13449,0.592348
13450,0.610850
13451,0.647242
13452,0.567753
13453,0.633610
13454,0.643409
13455,0.636427
13456,0.661482
13457,0.602948
13458,0.604426
13459,0.648865
13460,0.623409
13461,0.649781
13462,0.607249
13463,0.649292
13464,0.598218
13465,0.635827
13466,0.606194
13467,0.673773
13468,0.701957
13469,0.646853
13470,0.618353
13471,0.602024
13472,0.672478
13473,0.668601
13474,0.573127
13475,0.645883
13476,0.596318
13477,0.618545
13478,0.622584
13479,0.592914
13480,0.626411
13481,0.582447
13482,0.642695
13483,0.622199
13484,0.651717
13485,0.618890
13486,0.653654
13487,0.640621
13488,0.638023
13489,0.638909
13490,0.642220
13491,0.632982
13492,0.641194
13493,0.653156
13494,0.611703
13495,0.668574
13496,0.628086
13497,0.611012
13498,0.586754
13499,0.644089
13500,0.616875
