polymer_idx,feature,shap_value
1,fingerprint_H_bit_12,10.097529329521494
1,fingerprint_H_bit_177,9.942246615438917
1,drug_fingerprint_bit_98,7.122378021590181
1,drug_fingerprint_bit_190,5.226541423968875
1,poly_slogp_vsa1_sum_fullpolymerfeaturizer,5.158352798223886
1,poly_num_hbond_donors_sum_backbonefeaturizer,4.805591413929887
1,fingerprint_H_bit_53,2.993917470053147
1,fingerprint_H_bit_120,2.532601404199589
1,homo_eV_H,2.020798266574531
1,poly_num_hbond_acceptors_sum_backbonefeaturizer,1.9806088099412371
1,poly_smr_vsa5_sum_backbonefeaturizer,1.8811450184708336
1,fingerprint_H_bit_84,1.8144423135219918
1,fingerprint_H_bit_85,1.8143375404981377
1,poly_heteroatom_density_sidechainfeaturizer_sum,1.805035983387457
1,fingerprint_H_bit_175,1.8038945526132986
1,poly_slogp_vsa1_sum_backbonefeaturizer,1.6509063155532548
1,poly_max_estate_index_sidechainfeaturizer_sum,1.6172831313017357
1,fingerprint_H_bit_33,1.5501209382604233
1,fingerprint_H_bit_100,1.545776257182739
1,poly_balaban_j_index_sidechainfeaturizer_sum,1.5135823061003975
1,fingerprint_H_bit_147,1.5069742031013422
1,poly_num_aromatic_rings_sum_fullpolymerfeaturizer,1.4964806930017616
1,fingerprint_H_bit_80,1.4655012381484132
1,fingerprint_H_bit_155,1.4625532998947486
1,poly_num_rings_sum_backbonefeaturizer,1.425801383747285
1,poly_sp2_carbon_count_sum_backbonefeaturizer,1.423275342668931
1,fingerprint_H_bit_237,1.3578402378021412
1,fingerprint_H_bit_45,1.3294867802197032
1,fingerprint_H_bit_1,1.218995357253595
1,poly_fp_density_morgan1_sidechainfeaturizer_sum,1.1912337983779604
1,fingerprint_H_bit_145,1.183725199727687
1,fingerprint_H_bit_214,1.1648923656398116
1,fingerprint_H_bit_213,1.1466082251470353
1,poly_heteroatom_count_sum_backbonefeaturizer,1.144043234744393
1,poly_max_ring_size_sum_backbonefeaturizer,1.1221622687163115
1,fingerprint_H_bit_58,1.1047886273311998
1,fingerprint_H_bit_81,1.104653230922652
1,poly_num_aromatic_rings_sum_backbonefeaturizer,1.1043480401416397
1,drug_fingerprint_bit_218,1.0741313745442143
1,fingerprint_H_bit_133,1.0571581928080582
1,fingerprint_H_bit_236,1.041939896740413
1,poly_sp2_carbon_count_sidechainfeaturizer_sum,1.027249976397211
1,fingerprint_H_bit_232,1.0133947797067786
1,fingerprint_H_bit_204,1.0090456183114949
1,logd_at_WATER_PH_H,1.0053808096079175
1,fingerprint_H_bit_182,0.9650303914749561
1,drug_logd_at_WATER_PH,0.9396498155179919
1,poly_num_rotatable_bonds_sum_backbonefeaturizer,0.9119250807558466
1,poly_molecular_weight_sidechainfeaturizer_sum,0.9009307048476504
1,fingerprint_H_bit_56,0.8797380119732628
1,poly_fp_density_morgan1_sum_backbonefeaturizer,0.8728352918876824
1,fingerprint_H_bit_41,0.8624232597281346
1,fingerprint_H_bit_64,0.8574209564289808
1,fingerprint_H_bit_119,0.8545989849002106
1,fingerprint_H_bit_128,0.832450595353265
1,poly_fp_density_morgan1_sum_fullpolymerfeaturizer,0.809315882562313
1,poly_num_hbond_donors_sidechainfeaturizer_sum,0.8045191155629308
1,drug_fingerprint_bit_52,0.8042741026494472
1,drug_fingerprint_bit_42,0.7846061525949214
1,fingerprint_H_bit_113,0.7798127753222083
1,poly_max_ring_size_sidechainfeaturizer_sum,0.7257669689976327
1,drug_fingerprint_bit_110,0.7202049764629933
1,poly_num_hbond_acceptors_sidechainfeaturizer_sum,0.71894771382627
1,fingerprint_H_bit_151,0.7131323917201605
1,fingerprint_H_bit_222,0.7074344418017711
1,poly_num_rings_sidechainfeaturizer_sum,0.7001797410511698
1,fingerprint_H_bit_183,0.6935579496775146
1,fingerprint_H_bit_197,0.6855793731146426
1,fingerprint_H_bit_167,0.6700736488051167
1,poly_sp3_carbon_count_sidechainfeaturizer_sum,0.6681956549804642
1,poly_topological_surface_area_sum_backbonefeaturizer,0.652438845320877
1,poly_num_aromatic_rings_sidechainfeaturizer_sum,0.6406187853645325
1,drug_fingerprint_bit_147,0.6225788567045824
1,fingerprint_H_bit_217,0.6162127882934101
1,fingerprint_H_bit_159,0.6088740770735398
1,drug_fingerprint_bit_213,0.6002222397692183
1,poly_max_ring_size_sum_fullpolymerfeaturizer,0.5582026836949533
1,poly_smr_vsa5_sidechainfeaturizer_sum,0.553258102900703
1,poly_single_bonds_sum_backbonefeaturizer,0.5450347248731559
1,fingerprint_H_bit_245,0.5447259680000947
1,drug_logp,0.5409091952534371
1,drug_fingerprint_bit_11,0.5374480947475614
1,poly_topological_surface_area_sidechainfeaturizer_sum,0.5317207141212625
1,poly_heteroatom_density_sum_fullpolymerfeaturizer,0.5275293685195864
1,fingerprint_H_bit_28,0.5193057439122403
1,drug_fingerprint_bit_22,0.5073394930619382
1,drug_fingerprint_bit_206,0.4773020037435631
1,drug_fingerprint_bit_71,0.47179792634787837
1,poly_single_bonds_sidechainfeaturizer_sum,0.4659826817173866
1,logp_H,0.4604851310951557
1,fingerprint_H_bit_78,0.46000307127563494
1,poly_smr_vsa5_sum_fullpolymerfeaturizer,0.44798722621204107
1,poly_sp3_carbon_count_sum_fullpolymerfeaturizer,0.44663195695445446
1,poly_balaban_j_index_sum_fullpolymerfeaturizer,0.4318352128405664
1,poly_num_hbond_donors_sum_fullpolymerfeaturizer,0.42917615593774466
1,drug_num_hbond_donors_sum_fullmolecularfeaturizer,0.4253717217205238
1,drug_fingerprint_bit_99,0.4096030533618583
1,drug_heteroatom_count_sum_fullmolecularfeaturizer,0.40741299683732696
1,drug_num_hbond_acceptors_sum_fullmolecularfeaturizer,0.39989591537854086
1,drug_fingerprint_bit_115,0.3972828018132836
1,fingerprint_H_bit_139,0.38669892342166673
1,drug_total_halogens_sum_fullmolecularfeaturizer,0.37131206248177157
1,lumo_eV_H,0.37023964983112084
1,drug_fingerprint_bit_250,0.3700438082677958
1,fingerprint_H_bit_27,0.3681918622125223
1,poly_num_rotatable_bonds_sidechainfeaturizer_sum,0.35372579692988776
1,drug_fluorine_count_sum_fullmolecularfeaturizer,0.35237352528743576
1,poly_sp3_carbon_count_sum_backbonefeaturizer,0.3373500954078952
1,drug_fingerprint_bit_3,0.33618285080544885
1,fingerprint_H_bit_67,0.3344170615999512
1,drug_fingerprint_bit_0,0.3286693581503291
1,fingerprint_H_bit_251,0.3282842353295846
1,drug_fingerprint_bit_167,0.3094692791650932
1,drug_fingerprint_bit_203,0.30862159477499523
1,poly_heteroatom_count_sidechainfeaturizer_sum,0.3073803700923417
1,drug_fingerprint_bit_137,0.2961586280997608
1,drug_fingerprint_bit_6,0.2882873359856398
1,drug_num_aliphatic_heterocycles_sum_fullmolecularfeaturizer,0.28655382391030015
1,drug_fingerprint_bit_36,0.28452946403843493
1,drug_fingerprint_bit_164,0.2833369329322966
1,fingerprint_H_bit_48,0.2722631589157488
1,drug_fingerprint_bit_227,0.2710317032416661
1,drug_fingerprint_bit_249,0.26902332328739215
1,poly_num_atoms_sidechainfeaturizer_sum,0.26612831974654766
1,drug_fingerprint_bit_212,0.2629600404301024
1,drug_fingerprint_bit_188,0.2577803028965864
1,drug_fingerprint_bit_211,0.2576093983047952
1,drug_fingerprint_bit_35,0.2561780336493598
1,drug_fingerprint_bit_223,0.2540709677829279
1,drug_balaban_j_index_sum_fullmolecularfeaturizer,0.2525687696434999
1,drug_fingerprint_bit_252,0.25063625769817494
1,drug_fingerprint_bit_184,0.24412378837880538
1,drug_fingerprint_bit_61,0.23453625889805974
1,drug_fingerprint_bit_125,0.23402060222811621
1,poly_num_rotatable_bonds_sum_fullpolymerfeaturizer,0.2313866763206908
1,drug_fingerprint_bit_95,0.23124359764384309
1,drug_homo_eV,0.2262034942668862
1,drug_num_aromatic_rings_sum_fullmolecularfeaturizer,0.2250345458759449
1,fingerprint_H_bit_69,0.2249605285929698
1,drug_fingerprint_bit_219,0.22207879692920976
1,drug_chlorine_count_sum_fullmolecularfeaturizer,0.2195060966112937
1,drug_fingerprint_bit_130,0.2190877943057577
1,drug_fingerprint_bit_10,0.21425629818809563
1,drug_fingerprint_bit_160,0.2125739753162321
1,drug_fingerprint_bit_141,0.212147277405886
1,drug_fingerprint_bit_93,0.2095032412517531
1,drug_fingerprint_bit_201,0.2064641668061431
1,fingerprint_H_bit_13,0.20348189428277297
1,drug_fingerprint_bit_229,0.20316438319927993
1,drug_smr_vsa5_sum_fullmolecularfeaturizer,0.20132447879835397
1,drug_fingerprint_bit_63,0.1972331154381321
1,drug_fingerprint_bit_216,0.19571540545553542
1,fingerprint_H_bit_37,0.19538200506714665
1,drug_topological_surface_area_sum_fullmolecularfeaturizer,0.19439327261114575
1,fingerprint_H_bit_70,0.19353783114529927
1,drug_fingerprint_bit_140,0.18874608242381216
1,drug_fingerprint_bit_46,0.18299635569729666
1,drug_fingerprint_bit_50,0.18290306062539302
1,drug_fingerprint_bit_181,0.18154047109928745
1,drug_fingerprint_bit_77,0.18105960774329977
1,drug_fingerprint_bit_165,0.17796539722149898
1,drug_fingerprint_bit_26,0.17747713839803783
1,fingerprint_H_bit_61,0.1760124494384417
1,drug_fingerprint_bit_177,0.1746921577710093
1,drug_fingerprint_bit_5,0.17081831310152507
1,drug_fingerprint_bit_246,0.1689753939821276
1,drug_fingerprint_bit_49,0.16701624993063874
1,drug_fingerprint_bit_189,0.16519687341973638
1,drug_fingerprint_bit_120,0.16451408116151903
1,drug_fingerprint_bit_183,0.16298559205933452
1,drug_fingerprint_bit_158,0.1604844479977244
1,drug_fingerprint_bit_145,0.1564522686538153
1,poly_num_rings_sum_fullpolymerfeaturizer,0.1563284791460948
1,drug_fingerprint_bit_170,0.1559650203576078
1,drug_lumo_eV,0.15501010199597184
1,drug_fingerprint_bit_139,0.1542747080067791
1,drug_fingerprint_bit_39,0.15389826421037808
1,drug_fingerprint_bit_194,0.15339682110956346
1,drug_fingerprint_bit_24,0.15317500505888856
1,drug_fingerprint_bit_197,0.14532534522005178
1,fingerprint_H_bit_52,0.14443894399238477
1,fingerprint_H_bit_143,0.14311584988237697
1,drug_fingerprint_bit_185,0.14233280705364415
1,drug_fingerprint_bit_27,0.14148615747651813
1,drug_num_atoms_sum_fullmolecularfeaturizer,0.14123938532318223
1,drug_fingerprint_bit_126,0.13979066711747212
1,drug_fingerprint_bit_2,0.13971099426153635
1,drug_fingerprint_bit_196,0.13691203058995358
1,drug_fingerprint_bit_159,0.13313075519401313
1,fingerprint_H_bit_162,0.1329686266041611
1,drug_fingerprint_bit_74,0.13252447697412326
1,fingerprint_H_bit_227,0.13232351812528476
1,drug_fingerprint_bit_12,0.13173722595501597
1,poly_double_bonds_sidechainfeaturizer_sum,0.12998030798642005
1,drug_fingerprint_bit_253,0.12927638426870539
1,drug_fingerprint_bit_81,0.127910431438484
1,drug_molecular_weight_sum_fullmolecularfeaturizer,0.1254457602976871
1,fingerprint_H_bit_118,0.12404725770404483
1,drug_fingerprint_bit_236,0.1224470552179857
1,drug_fingerprint_bit_208,0.12195940463452128
1,drug_single_bonds_sum_fullmolecularfeaturizer,0.12175841084477824
1,drug_fingerprint_bit_75,0.1211348433714076
1,drug_fingerprint_bit_116,0.12090891621714547
1,drug_fingerprint_bit_155,0.11921918284290949
1,drug_fingerprint_bit_18,0.11439536624087654
1,drug_fingerprint_bit_146,0.11280590364801235
1,drug_bridging_rings_count_sum_fullmolecularfeaturizer,0.11231835171173313
1,drug_heteroatom_density_sum_fullmolecularfeaturizer,0.10803638960307313
1,drug_fingerprint_bit_84,0.10743588414213472
1,drug_fingerprint_bit_173,0.10712554457280864
1,drug_fingerprint_bit_142,0.10562269126179644
1,drug_fingerprint_bit_210,0.10488567234667727
1,drug_fingerprint_bit_105,0.1022900628137473
1,drug_fingerprint_bit_202,0.10221054204308604
1,drug_num_rings_sum_fullmolecularfeaturizer,0.09938192179021509
1,fingerprint_H_bit_121,0.09909415125903832
1,drug_fingerprint_bit_72,0.09732385678861195
1,drug_fingerprint_bit_240,0.09556313937677886
1,drug_fingerprint_bit_69,0.09303873120390525
1,drug_fingerprint_bit_70,0.0911503346355202
1,drug_fingerprint_bit_153,0.09112614252961096
1,drug_fingerprint_bit_214,0.09111267205378089
1,drug_fingerprint_bit_103,0.08480661791498205
1,drug_sp3_carbon_count_sum_fullmolecularfeaturizer,0.08379953147985401
1,drug_fingerprint_bit_132,0.08377133429063878
1,fingerprint_H_bit_89,0.07988798370244259
1,poly_sp2_carbon_count_sum_fullpolymerfeaturizer,0.0796641784776612
1,drug_fingerprint_bit_238,0.07943982633056958
1,drug_fingerprint_bit_44,0.07883189450229358
1,drug_fingerprint_bit_231,0.07844023636625859
1,drug_fraction_bicyclic_rings_sum_fullmolecularfeaturizer,0.07759401130870522
1,fingerprint_H_bit_54,0.07678998420077364
1,fingerprint_H_bit_112,0.07604688988332085
1,poly_max_estate_index_sum_backbonefeaturizer,0.0743799801940043
1,drug_fingerprint_bit_187,0.07330928205397336
1,fingerprint_H_bit_98,0.07288924982246678
1,drug_max_ring_size_sum_fullmolecularfeaturizer,0.07224971981096981
1,drug_fingerprint_bit_136,0.07175643098118592
1,drug_fingerprint_bit_15,0.07115159991148233
1,drug_fingerprint_bit_127,0.06901607507633752
1,drug_fingerprint_bit_179,0.0680282166535917
1,drug_fingerprint_bit_28,0.06780647691017548
1,drug_fingerprint_bit_76,0.06704564441725733
1,drug_fingerprint_bit_60,0.06661194485658309
1,drug_fingerprint_bit_121,0.06640021848847248
1,poly_molecular_weight_sum_backbonefeaturizer,0.06616361265171508
1,drug_fingerprint_bit_205,0.06456099470189512
1,fingerprint_H_bit_30,0.06368192178741057
1,drug_fingerprint_bit_251,0.06330375609948259
1,drug_fingerprint_bit_7,0.0619814568119807
1,poly_slogp_vsa1_sidechainfeaturizer_sum,0.06041861631513142
1,drug_fingerprint_bit_150,0.060378685237965864
1,drug_fingerprint_bit_235,0.05825627591858377
1,fingerprint_H_bit_68,0.057269726783345014
1,fingerprint_H_bit_123,0.056967972224295345
1,drug_fingerprint_bit_226,0.056388515768683777
1,drug_fingerprint_bit_8,0.05623985835291161
1,drug_fingerprint_bit_191,0.05516995080150911
1,fingerprint_H_bit_65,0.05340562347944284
1,drug_fingerprint_bit_109,0.05201599442066666
1,drug_fingerprint_bit_101,0.05078000634065899
1,drug_fingerprint_bit_169,0.05057638394012317
1,drug_fingerprint_bit_23,0.04923816893298356
1,drug_fingerprint_bit_64,0.04887253495162269
1,fingerprint_H_bit_106,0.048854130489425475
1,poly_heteroatom_density_sum_backbonefeaturizer,0.04766616143698484
1,drug_num_non_aromatic_rings_sum_fullmolecularfeaturizer,0.046213399045641916
1,poly_single_bonds_sum_fullpolymerfeaturizer,0.04605167012988711
1,drug_fingerprint_bit_100,0.04591865814445858
1,drug_fingerprint_bit_14,0.0447621859338661
1,drug_fingerprint_bit_199,0.04294404685600471
1,drug_fingerprint_bit_37,0.0426218870673689
1,drug_fingerprint_bit_247,0.041434731560748984
1,fingerprint_H_bit_26,0.04128077402689623
1,fingerprint_H_bit_66,0.04127621350610682
1,drug_fingerprint_bit_47,0.040920163067312956
1,fingerprint_H_bit_205,0.040444642851687425
1,fingerprint_H_bit_134,0.04038164486262026
1,drug_fingerprint_bit_131,0.039261487069700104
1,drug_fingerprint_bit_114,0.03837462946918651
1,drug_fingerprint_bit_30,0.03725349497068659
1,drug_fingerprint_bit_82,0.03721756232736141
1,drug_fingerprint_bit_156,0.0368582645543179
1,drug_fingerprint_bit_192,0.03449700873865212
1,fingerprint_H_bit_131,0.03372933917348948
1,fingerprint_H_bit_185,0.03272059911821882
1,fingerprint_H_bit_226,0.03212278381001086
1,drug_fingerprint_bit_144,0.030761529766389257
1,drug_fingerprint_bit_92,0.03058606449254658
1,drug_fingerprint_bit_245,0.029983154126065375
1,poly_num_non_aromatic_rings_sum_backbonefeaturizer,0.029913818465026516
1,drug_fingerprint_bit_204,0.029759422312278423
1,drug_fingerprint_bit_29,0.028512111718473503
1,fingerprint_H_bit_216,0.028139701095955667
1,drug_fingerprint_bit_90,0.027465784121519215
1,drug_fingerprint_bit_135,0.0272039267263503
1,drug_fingerprint_bit_180,0.026664142989222515
1,drug_fingerprint_bit_56,0.025456817367039537
1,poly_num_non_aromatic_rings_sum_fullpolymerfeaturizer,0.02536859299935456
1,fingerprint_H_bit_219,0.024611945469758034
1,drug_fingerprint_bit_48,0.02443260092455542
1,drug_fingerprint_bit_161,0.023996764654530062
1,fingerprint_H_bit_18,0.02355459566372661
1,fingerprint_H_bit_114,0.023144161982821005
1,drug_fingerprint_bit_57,0.022391605403107424
1,drug_fingerprint_bit_13,0.02092337340024029
1,drug_fingerprint_bit_83,0.020914056641906757
1,poly_num_aliphatic_heterocycles_sum_fullpolymerfeaturizer,0.020851760241868744
1,drug_fingerprint_bit_85,0.020706430275880452
1,fingerprint_H_bit_158,0.020654947659304073
1,poly_num_aliphatic_heterocycles_sum_backbonefeaturizer,0.020258383749533235
1,drug_fingerprint_bit_239,0.019631476752467625
1,drug_fingerprint_bit_152,0.018611250277318858
1,fingerprint_H_bit_116,0.01845988693632706
1,drug_fingerprint_bit_78,0.018449196756500474
1,drug_fingerprint_bit_97,0.018348614441333892
1,fingerprint_H_bit_224,0.018331144573329246
1,drug_fingerprint_bit_255,0.018253331027306124
1,drug_fingerprint_bit_122,0.017804923273407634
1,drug_fingerprint_bit_171,0.017548320941647804
1,drug_fingerprint_bit_222,0.016014988662703105
1,fingerprint_H_bit_32,0.015776103150841412
1,drug_fingerprint_bit_118,0.015732582917497483
1,drug_fingerprint_bit_31,0.015681135603591283
1,fingerprint_H_bit_46,0.015602773548294821
1,drug_fingerprint_bit_16,0.015354466397941925
1,drug_fingerprint_bit_67,0.015276166258809834
1,drug_fingerprint_bit_104,0.012367779364035459
1,drug_fingerprint_bit_225,0.012261367549958309
1,fingerprint_H_bit_57,0.012073293385489705
1,drug_fingerprint_bit_32,0.011330216208521704
1,drug_fingerprint_bit_96,0.010021447991936263
1,fingerprint_H_bit_34,0.009950233213574513
1,drug_fingerprint_bit_41,0.009883640736496788
1,drug_fingerprint_bit_154,0.00972630478926552
1,drug_fingerprint_bit_34,0.00669293593053809
1,drug_fingerprint_bit_106,0.005684131819951961
1,drug_fingerprint_bit_248,0.005562903715692601
1,drug_fingerprint_bit_148,0.005435365709013909
1,drug_fingerprint_bit_134,0.00505579398754142
1,drug_sp2_carbon_count_sum_fullmolecularfeaturizer,0.0033821450802836717
1,drug_fingerprint_bit_62,0.0032660394706310325
1,fingerprint_H_bit_164,0.00319870074389707
1,drug_fingerprint_bit_117,0.0030093799819722778
1,drug_fingerprint_bit_172,0.002639350949264065
1,drug_fingerprint_bit_162,0.0024723375982307816
1,fingerprint_H_bit_212,0.0019119083487843822
1,drug_fingerprint_bit_20,0.001300966616199122
1,fingerprint_H_bit_156,0.0
1,drug_fingerprint_bit_89,0.0
1,drug_fingerprint_bit_87,0.0
1,fingerprint_H_bit_137,0.0
1,drug_fingerprint_bit_68,0.0
1,fingerprint_H_bit_132,0.0
1,drug_fingerprint_bit_51,0.0
1,fingerprint_H_bit_223,0.0
1,fingerprint_H_bit_221,0.0
1,fingerprint_H_bit_220,0.0
1,drug_fingerprint_bit_54,0.0
1,fingerprint_H_bit_141,0.0
1,fingerprint_H_bit_136,0.0
1,fingerprint_H_bit_92,0.0
1,fingerprint_H_bit_93,0.0
1,fingerprint_H_bit_91,0.0
1,fingerprint_H_bit_90,0.0
1,fingerprint_H_bit_94,0.0
1,fingerprint_H_bit_88,0.0
1,fingerprint_H_bit_87,0.0
1,fingerprint_H_bit_86,0.0
1,fingerprint_H_bit_83,0.0
1,fingerprint_H_bit_127,0.0
1,fingerprint_H_bit_95,0.0
1,fingerprint_H_bit_96,0.0
1,fingerprint_H_bit_97,0.0
1,fingerprint_H_bit_99,0.0
1,fingerprint_H_bit_122,0.0
1,fingerprint_H_bit_124,0.0
1,fingerprint_H_bit_126,0.0
1,fingerprint_H_bit_129,0.0
1,fingerprint_H_bit_130,0.0
1,drug_fingerprint_bit_102,0.0
1,drug_fingerprint_bit_166,0.0
1,drug_fingerprint_bit_232,0.0
1,drug_fingerprint_bit_221,0.0
1,drug_fingerprint_bit_220,0.0
1,fingerprint_H_bit_82,0.0
1,fingerprint_H_bit_62,0.0
1,fingerprint_H_bit_60,0.0
1,fingerprint_H_bit_59,0.0
1,drug_triple_bonds_sum_fullmolecularfeaturizer,0.0
1,fingerprint_H_bit_231,0.0
1,fingerprint_H_bit_230,0.0
1,fingerprint_H_bit_235,0.0
1,fingerprint_H_bit_234,0.0
1,fingerprint_H_bit_140,0.0
1,fingerprint_H_bit_252,0.0
1,fingerprint_H_bit_250,0.0
1,fingerprint_H_bit_249,0.0
1,fingerprint_H_bit_248,0.0
1,fingerprint_H_bit_247,0.0
1,fingerprint_H_bit_246,0.0
1,fingerprint_H_bit_244,0.0
1,fingerprint_H_bit_243,0.0
1,fingerprint_H_bit_242,0.0
1,fingerprint_H_bit_241,0.0
1,fingerprint_H_bit_240,0.0
1,fingerprint_H_bit_239,0.0
1,fingerprint_H_bit_8,0.0
1,fingerprint_H_bit_253,0.0
1,fingerprint_H_bit_215,0.0
1,fingerprint_H_bit_211,0.0
1,fingerprint_H_bit_210,0.0
1,fingerprint_H_bit_209,0.0
1,fingerprint_H_bit_208,0.0
1,fingerprint_H_bit_255,0.0
1,fingerprint_H_bit_254,0.0
1,poly_triple_bonds_sum_fullpolymerfeaturizer,0.0
1,fingerprint_H_bit_135,0.0
1,fingerprint_H_bit_44,0.0
1,fingerprint_H_bit_43,0.0
1,drug_fingerprint_bit_112,0.0
1,drug_fingerprint_bit_123,0.0
1,drug_fingerprint_bit_176,0.0
1,fingerprint_H_bit_51,0.0
1,fingerprint_H_bit_50,0.0
1,fingerprint_H_bit_49,0.0
1,fingerprint_H_bit_47,0.0
1,fingerprint_H_bit_109,0.0
1,fingerprint_H_bit_108,0.0
1,fingerprint_H_bit_107,0.0
1,fingerprint_H_bit_105,0.0
1,fingerprint_H_bit_104,0.0
1,fingerprint_H_bit_103,0.0
1,fingerprint_H_bit_102,0.0
1,drug_fingerprint_bit_198,0.0
1,drug_fingerprint_bit_195,0.0
1,fingerprint_H_bit_55,0.0
1,poly_num_aliphatic_heterocycles_sidechainfeaturizer_sum,0.0
1,fingerprint_H_bit_206,0.0
1,fingerprint_H_bit_79,0.0
1,fingerprint_H_bit_77,0.0
1,fingerprint_H_bit_76,0.0
1,fingerprint_H_bit_74,0.0
1,fingerprint_H_bit_73,0.0
1,fingerprint_H_bit_72,0.0
1,fingerprint_H_bit_71,0.0
1,fingerprint_H_bit_24,0.0
1,fingerprint_H_bit_23,0.0
1,fingerprint_H_bit_22,0.0
1,fingerprint_H_bit_21,0.0
1,fingerprint_H_bit_20,0.0
1,fingerprint_H_bit_238,0.0
1,poly_total_halogens_sum_backbonefeaturizer,0.0
1,poly_fraction_bicyclic_rings_sum_backbonefeaturizer,0.0
1,poly_bridging_rings_count_sidechainfeaturizer_sum,0.0
1,poly_triple_bonds_sidechainfeaturizer_sum,0.0
1,poly_iodine_count_sidechainfeaturizer_sum,0.0
1,poly_bromine_count_sidechainfeaturizer_sum,0.0
1,poly_chlorine_count_sidechainfeaturizer_sum,0.0
1,poly_fluorine_count_sidechainfeaturizer_sum,0.0
1,poly_total_halogens_sidechainfeaturizer_sum,0.0
1,fingerprint_H_bit_40,0.0
1,fingerprint_H_bit_189,0.0
1,fingerprint_H_bit_188,0.0
1,fingerprint_H_bit_187,0.0
1,fingerprint_H_bit_184,0.0
1,poly_fluorine_count_sum_backbonefeaturizer,0.0
1,fingerprint_H_bit_0,0.0
1,fingerprint_H_bit_2,0.0
1,fingerprint_H_bit_3,0.0
1,fingerprint_H_bit_4,0.0
1,fingerprint_H_bit_5,0.0
1,drug_iodine_count_sum_fullmolecularfeaturizer,0.0
1,drug_bromine_count_sum_fullmolecularfeaturizer,0.0
1,drug_fingerprint_bit_234,0.0
1,drug_fingerprint_bit_157,0.0
1,fingerprint_H_bit_117,0.0
1,fingerprint_H_bit_115,0.0
1,fingerprint_H_bit_111,0.0
1,fingerprint_H_bit_110,0.0
1,fingerprint_H_bit_6,0.0
1,fingerprint_H_bit_25,0.0
1,fingerprint_H_bit_229,0.0
1,fingerprint_H_bit_228,0.0
1,drug_fingerprint_bit_254,0.0
1,fingerprint_H_bit_195,0.0
1,fingerprint_H_bit_194,0.0
1,fingerprint_H_bit_193,0.0
1,fingerprint_H_bit_192,0.0
1,poly_fraction_bicyclic_rings_sidechainfeaturizer_sum,0.0
1,poly_num_non_aromatic_rings_sidechainfeaturizer_sum,0.0
1,poly_bridging_rings_count_sum_fullpolymerfeaturizer,0.0
1,fingerprint_H_bit_36,0.0
1,fingerprint_H_bit_35,0.0
1,fingerprint_H_bit_31,0.0
1,fingerprint_H_bit_29,0.0
1,drug_fingerprint_bit_244,0.0
1,poly_fraction_bicyclic_rings_sum_fullpolymerfeaturizer,0.0
1,fingerprint_H_bit_225,0.0
1,fingerprint_H_bit_203,0.0
1,fingerprint_H_bit_202,0.0
1,fingerprint_H_bit_201,0.0
1,fingerprint_H_bit_200,0.0
1,fingerprint_H_bit_199,0.0
1,fingerprint_H_bit_198,0.0
1,fingerprint_H_bit_196,0.0
1,fingerprint_H_bit_19,0.0
1,fingerprint_H_bit_17,0.0
1,fingerprint_H_bit_16,0.0
1,fingerprint_H_bit_15,0.0
1,fingerprint_H_bit_14,0.0
1,fingerprint_H_bit_181,0.0
1,fingerprint_H_bit_10,0.0
1,fingerprint_H_bit_9,0.0
1,drug_fingerprint_bit_217,0.0
1,drug_fingerprint_bit_215,0.0
1,drug_fingerprint_bit_209,0.0
1,fingerprint_H_bit_101,0.0
1,fingerprint_H_bit_154,0.0
1,fingerprint_H_bit_153,0.0
1,fingerprint_H_bit_152,0.0
1,fingerprint_H_bit_150,0.0
1,fingerprint_H_bit_149,0.0
1,fingerprint_H_bit_148,0.0
1,fingerprint_H_bit_146,0.0
1,fingerprint_H_bit_142,0.0
1,fingerprint_H_bit_11,0.0
1,fingerprint_H_bit_180,0.0
1,fingerprint_H_bit_179,0.0
1,fingerprint_H_bit_178,0.0
1,fingerprint_H_bit_176,0.0
1,fingerprint_H_bit_173,0.0
1,poly_iodine_count_sum_backbonefeaturizer,0.0
1,poly_bromine_count_sum_backbonefeaturizer,0.0
1,poly_chlorine_count_sum_backbonefeaturizer,0.0
1,fingerprint_H_bit_166,0.0
1,fingerprint_H_bit_165,0.0
1,fingerprint_H_bit_163,0.0
1,fingerprint_H_bit_161,0.0
1,fingerprint_H_bit_160,0.0
1,fingerprint_H_bit_157,0.0
1,poly_total_halogens_sum_fullpolymerfeaturizer,0.0
1,poly_triple_bonds_sum_backbonefeaturizer,0.0
1,fingerprint_H_bit_190,0.0
1,drug_fingerprint_bit_21,0.0
1,drug_fingerprint_bit_17,0.0
1,drug_fingerprint_bit_9,0.0
1,fingerprint_H_bit_172,0.0
1,fingerprint_H_bit_171,0.0
1,fingerprint_H_bit_170,0.0
1,fingerprint_H_bit_169,0.0
1,fingerprint_H_bit_168,0.0
1,poly_iodine_count_sum_fullpolymerfeaturizer,0.0
1,poly_bromine_count_sum_fullpolymerfeaturizer,0.0
1,poly_chlorine_count_sum_fullpolymerfeaturizer,0.0
1,poly_fluorine_count_sum_fullpolymerfeaturizer,0.0
1,poly_bridging_rings_count_sum_backbonefeaturizer,0.0
1,drug_fingerprint_bit_59,-0.0008544120353955464
1,drug_fp_density_morgan1_sum_fullmolecularfeaturizer,-0.0013239731644681554
1,drug_fingerprint_bit_178,-0.0017599153046967844
1,drug_fingerprint_bit_65,-0.00207768672386599
1,drug_fingerprint_bit_79,-0.002609634909749099
1,fingerprint_H_bit_63,-0.005280400786088693
1,drug_fingerprint_bit_174,-0.0054830666472797124
1,drug_fingerprint_bit_149,-0.010480669476605626
1,drug_max_estate_index_sum_fullmolecularfeaturizer,-0.011290970247040464
1,drug_fingerprint_bit_25,-0.014335490733292686
1,drug_fingerprint_bit_53,-0.015170348964471154
1,drug_fingerprint_bit_124,-0.017925385252229167
1,drug_fingerprint_bit_138,-0.020288905327046042
1,drug_fingerprint_bit_129,-0.022830232463163094
1,drug_fingerprint_bit_55,-0.0236968136894453
1,drug_fingerprint_bit_58,-0.024985356011435367
1,drug_fingerprint_bit_182,-0.032047036237992196
1,drug_fingerprint_bit_94,-0.0342220101467025
1,fingerprint_H_bit_7,-0.03432937748407529
1,fingerprint_H_bit_218,-0.03478329262149894
1,drug_fingerprint_bit_241,-0.03661910342555548
1,drug_fingerprint_bit_91,-0.03832305232862204
1,drug_fingerprint_bit_207,-0.04536049053180443
1,fingerprint_H_bit_207,-0.04703853267701299
1,drug_fingerprint_bit_80,-0.05201197832201796
1,poly_num_hbond_acceptors_sum_fullpolymerfeaturizer,-0.05300618147796516
1,drug_fingerprint_bit_73,-0.05356034741525001
1,poly_double_bonds_sum_backbonefeaturizer,-0.05391866254933405
1,drug_fingerprint_bit_86,-0.05636147833213478
1,drug_fingerprint_bit_168,-0.057216628930791956
1,drug_fingerprint_bit_243,-0.06256189573410972
1,drug_fingerprint_bit_193,-0.07024713376677327
1,drug_fingerprint_bit_230,-0.0708509684592659
1,drug_fingerprint_bit_242,-0.07135418507947487
1,drug_fingerprint_bit_113,-0.07547532762682521
1,charge_at_WATER_PH_H,-0.08384287529895804
1,fingerprint_H_bit_39,-0.08917806453480596
1,drug_double_bonds_sum_fullmolecularfeaturizer,-0.08988592362504763
1,drug_charge_at_WATER_PH,-0.12302168656147841
1,drug_fingerprint_bit_66,-0.1243102666425677
1,drug_fingerprint_bit_228,-0.12499154760955723
1,drug_fingerprint_bit_1,-0.12510864093422483
1,drug_fingerprint_bit_38,-0.12553095122962496
1,drug_fingerprint_bit_111,-0.1273477279886561
1,fingerprint_H_bit_38,-0.13050308658060625
1,drug_fingerprint_bit_133,-0.13358447044364913
1,drug_fingerprint_bit_40,-0.1424220487463549
1,poly_balaban_j_index_sum_backbonefeaturizer,-0.1620869078413867
1,poly_molecular_weight_sum_fullpolymerfeaturizer,-0.1753128923570419
1,fingerprint_H_bit_125,-0.1829748246987368
1,poly_max_estate_index_sum_fullpolymerfeaturizer,-0.18618059640527054
1,drug_fingerprint_bit_143,-0.18676203784480103
1,poly_topological_surface_area_sum_fullpolymerfeaturizer,-0.19288512310097014
1,drug_fingerprint_bit_43,-0.2010483459482124
1,drug_fingerprint_bit_163,-0.20206286834654236
1,fingerprint_H_bit_138,-0.22090415625091114
1,fingerprint_H_bit_42,-0.23716138207703907
1,drug_fingerprint_bit_233,-0.2467622791899982
1,CONCENTRATION,-0.2801707393755567
1,drug_fingerprint_bit_4,-0.2851981043082754
1,drug_fingerprint_bit_19,-0.2871577234231425
1,fingerprint_H_bit_186,-0.29909386660978765
1,WATER_PH,-0.31520745930949196
1,drug_fingerprint_bit_45,-0.32163101934528754
1,drug_fingerprint_bit_237,-0.3519957497316413
1,drug_fingerprint_bit_186,-0.36173694674514945
1,drug_fingerprint_bit_175,-0.39030290190171624
1,drug_slogp_vsa1_sum_fullmolecularfeaturizer,-0.41405312186419035
1,drug_fingerprint_bit_200,-0.45459993293752
1,drug_fingerprint_bit_108,-0.5169585704440578
1,poly_num_atoms_sum_backbonefeaturizer,-0.5204259133763214
1,drug_fingerprint_bit_107,-0.5609431076890613
1,drug_fingerprint_bit_224,-0.641222478102531
1,drug_num_rotatable_bonds_sum_fullmolecularfeaturizer,-0.6577748074909414
1,poly_double_bonds_sum_fullpolymerfeaturizer,-0.681322354044784
1,poly_num_atoms_sum_fullpolymerfeaturizer,-0.682095820878659
1,drug_fingerprint_bit_151,-0.7918925107204628
1,drug_fingerprint_bit_88,-0.81398028754447
1,drug_fingerprint_bit_128,-0.8845795582059083
1,poly_heteroatom_count_sum_fullpolymerfeaturizer,-0.9402553931566479
1,drug_fingerprint_bit_119,-1.4224794403781928
1,drug_fingerprint_bit_33,-1.4330697323648263
1,fingerprint_H_bit_144,-1.7428430840173412
1,fingerprint_H_bit_174,-2.227153973407156
1,fingerprint_H_bit_233,-2.4292791471669455
1,fingerprint_H_bit_191,-2.772737865482498
1,fingerprint_H_bit_75,-4.413772820521348
2,fingerprint_H_bit_12,11.306110441146629
2,drug_fingerprint_bit_98,9.081715773657494
2,fingerprint_H_bit_177,8.244879056180562
2,drug_fingerprint_bit_190,4.74155837662162
2,poly_slogp_vsa1_sum_backbonefeaturizer,2.82696381652766
2,logd_at_WATER_PH_H,2.6564794768651003
2,fingerprint_H_bit_120,2.595790770339265
2,poly_max_estate_index_sidechainfeaturizer_sum,2.51373538256717
2,poly_fp_density_morgan1_sidechainfeaturizer_sum,2.4818569186290893
2,homo_eV_H,2.457146104840622
2,fingerprint_H_bit_182,2.2577467932175943
2,poly_fp_density_morgan1_sum_backbonefeaturizer,2.1033695552054272
2,poly_molecular_weight_sum_backbonefeaturizer,2.067968850182108
2,poly_heteroatom_density_sidechainfeaturizer_sum,2.0038663342694223
2,fingerprint_H_bit_197,1.9952897678886263
2,fingerprint_H_bit_147,1.9334278438098609
2,fingerprint_H_bit_53,1.9313418572554757
2,drug_fingerprint_bit_147,1.8964851861980736
2,fingerprint_H_bit_128,1.8420894552896159
2,poly_num_rotatable_bonds_sum_backbonefeaturizer,1.7071924145132924
2,poly_sp2_carbon_count_sum_backbonefeaturizer,1.661099026767996
2,drug_fingerprint_bit_218,1.6293277988348558
2,fingerprint_H_bit_119,1.6232068302456264
2,fingerprint_H_bit_167,1.567229708757047
2,poly_balaban_j_index_sidechainfeaturizer_sum,1.5423807449376017
2,poly_heteroatom_count_sidechainfeaturizer_sum,1.4015492167086487
2,poly_max_ring_size_sidechainfeaturizer_sum,1.3849588175740841
2,poly_sp2_carbon_count_sidechainfeaturizer_sum,1.3837054368185089
2,drug_fingerprint_bit_153,1.3652973867820875
2,drug_fingerprint_bit_42,1.323032475483075
2,poly_slogp_vsa1_sum_fullpolymerfeaturizer,1.2714595236923405
2,poly_num_aromatic_rings_sidechainfeaturizer_sum,1.2456376183057374
2,poly_heteroatom_count_sum_backbonefeaturizer,1.234136231487522
2,fingerprint_H_bit_64,1.2302428669309915
2,fingerprint_H_bit_139,1.1989930924435008
2,poly_double_bonds_sum_backbonefeaturizer,1.1652037994405628
2,fingerprint_H_bit_222,1.1606108864394113
2,poly_sp3_carbon_count_sum_backbonefeaturizer,1.1171927749675201
2,poly_num_hbond_donors_sum_backbonefeaturizer,1.1104838335430973
2,fingerprint_H_bit_155,1.099989097795554
2,fingerprint_H_bit_159,1.072309442819823
2,poly_num_atoms_sidechainfeaturizer_sum,1.0637117909918452
2,poly_single_bonds_sum_backbonefeaturizer,0.9858144528646607
2,poly_num_hbond_acceptors_sum_backbonefeaturizer,0.974714555972786
2,poly_topological_surface_area_sum_backbonefeaturizer,0.9727735422639997
2,fingerprint_H_bit_78,0.968665190662855
2,fingerprint_H_bit_48,0.9405388922429391
2,poly_fp_density_morgan1_sum_fullpolymerfeaturizer,0.9405184471220165
2,poly_max_ring_size_sum_fullpolymerfeaturizer,0.9371313633586819
2,fingerprint_H_bit_118,0.9282641814619156
2,poly_smr_vsa5_sum_backbonefeaturizer,0.9258302006848097
2,drug_fingerprint_bit_158,0.9191884094751296
2,fingerprint_H_bit_133,0.8973100527434681
2,poly_num_rings_sidechainfeaturizer_sum,0.8788865909336875
2,fingerprint_H_bit_204,0.842311864325673
2,drug_fingerprint_bit_201,0.7839403315518906
2,poly_topological_surface_area_sidechainfeaturizer_sum,0.7590184005887586
2,fingerprint_H_bit_232,0.7267296270250714
2,fingerprint_H_bit_145,0.7224362618514986
2,poly_molecular_weight_sidechainfeaturizer_sum,0.7110361970794035
2,drug_num_hbond_donors_sum_fullmolecularfeaturizer,0.7054806229176299
2,fingerprint_H_bit_217,0.7050554122926375
2,fingerprint_H_bit_45,0.6962030495665763
2,fingerprint_H_bit_100,0.654631853106875
2,fingerprint_H_bit_41,0.6485570789564384
2,drug_fingerprint_bit_120,0.6456645861033261
2,poly_sp3_carbon_count_sidechainfeaturizer_sum,0.6444648649615546
2,drug_bridging_rings_count_sum_fullmolecularfeaturizer,0.6223608147481711
2,poly_max_ring_size_sum_backbonefeaturizer,0.6177953297389296
2,fingerprint_H_bit_28,0.6109573592467422
2,drug_fingerprint_bit_223,0.6036845805210744
2,poly_heteroatom_density_sum_fullpolymerfeaturizer,0.6031811556111938
2,drug_fingerprint_bit_180,0.602592332296817
2,drug_fingerprint_bit_99,0.5982260861696654
2,fingerprint_H_bit_151,0.596032015329535
2,poly_smr_vsa5_sidechainfeaturizer_sum,0.5668065114350525
2,drug_fingerprint_bit_253,0.5631723798809093
2,fingerprint_H_bit_214,0.5596640232214803
2,drug_fingerprint_bit_188,0.5559671586627478
2,poly_smr_vsa5_sum_fullpolymerfeaturizer,0.5373173340539762
2,drug_fingerprint_bit_3,0.5346603463223115
2,poly_num_hbond_acceptors_sidechainfeaturizer_sum,0.5316914351027109
2,fingerprint_H_bit_69,0.5309797669607049
2,poly_num_hbond_donors_sidechainfeaturizer_sum,0.5285042929950045
2,drug_fingerprint_bit_159,0.5223695353703687
2,poly_double_bonds_sum_fullpolymerfeaturizer,0.49649198518314513
2,drug_fingerprint_bit_52,0.4958858292557559
2,drug_fingerprint_bit_71,0.49127289943478125
2,drug_fingerprint_bit_160,0.49002743007695276
2,fingerprint_H_bit_245,0.4833433688408643
2,drug_fingerprint_bit_251,0.4779066184736433
2,drug_num_hbond_acceptors_sum_fullmolecularfeaturizer,0.4718365560876518
2,drug_fingerprint_bit_49,0.46845594168989846
2,fingerprint_H_bit_56,0.46378083473280834
2,drug_fingerprint_bit_15,0.4579549069928956
2,drug_fingerprint_bit_211,0.45410162894945333
2,drug_fingerprint_bit_140,0.44989879768385554
2,drug_fingerprint_bit_216,0.43606118048371706
2,fingerprint_H_bit_183,0.4333865567467551
2,lumo_eV_H,0.4332762718259624
2,drug_single_bonds_sum_fullmolecularfeaturizer,0.4130069675756393
2,drug_fingerprint_bit_213,0.4118244918671184
2,drug_fingerprint_bit_206,0.4083536786546986
2,fingerprint_H_bit_218,0.4082507504047802
2,drug_smr_vsa5_sum_fullmolecularfeaturizer,0.4057543850055027
2,poly_single_bonds_sidechainfeaturizer_sum,0.38432680170117794
2,fingerprint_H_bit_236,0.380631660382928
2,drug_fingerprint_bit_167,0.37347127208161857
2,drug_fingerprint_bit_164,0.37203980947580667
2,fingerprint_H_bit_1,0.3654311493287751
2,drug_fingerprint_bit_165,0.365115960769725
2,drug_heteroatom_count_sum_fullmolecularfeaturizer,0.3551311563321061
2,drug_balaban_j_index_sum_fullmolecularfeaturizer,0.3546134668757594
2,drug_num_atoms_sum_fullmolecularfeaturizer,0.3428733237358787
2,fingerprint_H_bit_175,0.34137173273123506
2,drug_fingerprint_bit_73,0.33977913936452114
2,fingerprint_H_bit_37,0.33241193763022003
2,fingerprint_H_bit_121,0.33169984107089473
2,drug_fingerprint_bit_11,0.33119134663369776
2,poly_num_rotatable_bonds_sidechainfeaturizer_sum,0.3305583063472253
2,drug_total_halogens_sum_fullmolecularfeaturizer,0.32804249170654914
2,fingerprint_H_bit_237,0.3189808104989972
2,fingerprint_H_bit_67,0.31582377870345646
2,drug_logd_at_WATER_PH,0.3086237255795705
2,drug_fingerprint_bit_249,0.30581345802259857
2,drug_fingerprint_bit_74,0.30558005387614073
2,drug_fingerprint_bit_155,0.2971690739240297
2,drug_fingerprint_bit_183,0.28993641625976213
2,drug_fingerprint_bit_139,0.28800275015885113
2,drug_fingerprint_bit_203,0.2849170622433165
2,fingerprint_H_bit_113,0.2745392581577176
2,drug_fingerprint_bit_137,0.2734005656315267
2,drug_fingerprint_bit_0,0.27261600788227675
2,drug_fingerprint_bit_12,0.269101553048476
2,drug_fingerprint_bit_196,0.2667996802778002
2,drug_fingerprint_bit_141,0.2629179348359465
2,drug_fraction_bicyclic_rings_sum_fullmolecularfeaturizer,0.25989970197009005
2,drug_fingerprint_bit_10,0.2500928984446947
2,drug_fingerprint_bit_122,0.24919025562470015
2,fingerprint_H_bit_52,0.24812597644068418
2,drug_fingerprint_bit_170,0.23819204450321832
2,drug_fingerprint_bit_110,0.23466649155585945
2,drug_fingerprint_bit_46,0.2217039531076088
2,poly_num_rotatable_bonds_sum_fullpolymerfeaturizer,0.22024854439311722
2,drug_fingerprint_bit_142,0.21543208988222848
2,drug_fingerprint_bit_6,0.21299531407306974
2,drug_fingerprint_bit_130,0.20958638147583938
2,drug_fingerprint_bit_118,0.20865641153931427
2,drug_fingerprint_bit_177,0.20747753336298252
2,drug_fingerprint_bit_84,0.20664582956850544
2,drug_fingerprint_bit_250,0.20408074395503398
2,drug_fingerprint_bit_246,0.20075358208040525
2,fingerprint_H_bit_33,0.20009237187432033
2,fingerprint_H_bit_70,0.19938037892107355
2,drug_fingerprint_bit_205,0.19507918098057114
2,drug_fingerprint_bit_77,0.19356799686300796
2,fingerprint_H_bit_58,0.1889093101813742
2,fingerprint_H_bit_251,0.18713223972471454
2,drug_fingerprint_bit_136,0.1849728341395427
2,drug_fingerprint_bit_63,0.18104564100044923
2,drug_fingerprint_bit_148,0.17795897363179844
2,drug_fingerprint_bit_83,0.17786324893651254
2,drug_fingerprint_bit_146,0.17551128297918625
2,drug_fingerprint_bit_93,0.17381715691626898
2,drug_fingerprint_bit_27,0.17203836348086346
2,drug_num_non_aromatic_rings_sum_fullmolecularfeaturizer,0.1710462908117733
2,drug_fingerprint_bit_24,0.1693924402727895
2,drug_num_rings_sum_fullmolecularfeaturizer,0.16871981186980597
2,drug_fingerprint_bit_35,0.167664144808501
2,drug_fingerprint_bit_116,0.16741465655607077
2,drug_fingerprint_bit_212,0.1671733026921905
2,drug_fingerprint_bit_207,0.16617518873488502
2,drug_num_aromatic_rings_sum_fullmolecularfeaturizer,0.16491347292229386
2,drug_fingerprint_bit_75,0.16285425482072363
2,poly_max_estate_index_sum_backbonefeaturizer,0.16135383291182764
2,fingerprint_H_bit_61,0.16130787511344466
2,poly_num_atoms_sum_backbonefeaturizer,0.16109626896376664
2,drug_molecular_weight_sum_fullmolecularfeaturizer,0.1596346010018094
2,fingerprint_H_bit_226,0.15822077802777107
2,fingerprint_H_bit_84,0.15496713577485893
2,poly_double_bonds_sidechainfeaturizer_sum,0.15287215873142518
2,drug_fingerprint_bit_181,0.1522682171561644
2,fingerprint_H_bit_13,0.15088822336675903
2,drug_fingerprint_bit_26,0.14812722294311945
2,drug_lumo_eV,0.14630896959473924
2,poly_num_rings_sum_backbonefeaturizer,0.14586609067711306
2,drug_fingerprint_bit_127,0.14542143535754098
2,drug_fingerprint_bit_4,0.14171790706670764
2,drug_fingerprint_bit_50,0.14151303636440504
2,drug_fingerprint_bit_36,0.1407846815814595
2,drug_fingerprint_bit_174,0.14031779987045562
2,drug_fingerprint_bit_106,0.13978766195152403
2,drug_fingerprint_bit_23,0.1391682167684365
2,drug_fingerprint_bit_126,0.1374968232328288
2,drug_fingerprint_bit_97,0.13489508083880844
2,drug_fingerprint_bit_41,0.1343255221109005
2,drug_fingerprint_bit_185,0.13370903457293035
2,fingerprint_H_bit_85,0.13225556210764225
2,drug_topological_surface_area_sum_fullmolecularfeaturizer,0.13180284415099117
2,drug_fluorine_count_sum_fullmolecularfeaturizer,0.12996414498095774
2,drug_fingerprint_bit_39,0.12992915441068253
2,fingerprint_H_bit_68,0.1295592860223077
2,fingerprint_H_bit_212,0.12744460589027967
2,drug_fingerprint_bit_189,0.12718860151683456
2,drug_fingerprint_bit_194,0.12591949270099465
2,drug_fingerprint_bit_115,0.12415426649237617
2,drug_fp_density_morgan1_sum_fullmolecularfeaturizer,0.12313369103111849
2,fingerprint_H_bit_81,0.12300701166541458
2,drug_fingerprint_bit_69,0.1225350231283183
2,drug_fingerprint_bit_2,0.12001522886466943
2,drug_fingerprint_bit_76,0.11900554623170954
2,drug_fingerprint_bit_37,0.11734466025528101
2,drug_fingerprint_bit_197,0.11443992310508545
2,fingerprint_H_bit_18,0.11399175449481973
2,drug_fingerprint_bit_95,0.11260588962094677
2,drug_fingerprint_bit_236,0.1116874872909908
2,drug_fingerprint_bit_92,0.11162362936330239
2,drug_fingerprint_bit_184,0.111294760191631
2,drug_fingerprint_bit_61,0.10884467570815644
2,drug_fingerprint_bit_150,0.1087500861625285
2,fingerprint_H_bit_63,0.1077367712584206
2,fingerprint_H_bit_134,0.10556205926556929
2,drug_fingerprint_bit_28,0.10507119471115099
2,fingerprint_H_bit_57,0.10348637945108961
2,drug_fingerprint_bit_13,0.10181425818650539
2,drug_fingerprint_bit_252,0.10170339536833886
2,poly_num_hbond_donors_sum_fullpolymerfeaturizer,0.1006195003783754
2,drug_fingerprint_bit_22,0.09996849816665399
2,fingerprint_H_bit_216,0.09980185480100641
2,drug_fingerprint_bit_94,0.09870665256996206
2,drug_fingerprint_bit_109,0.09718070294203651
2,drug_chlorine_count_sum_fullmolecularfeaturizer,0.09661175716423108
2,fingerprint_H_bit_162,0.09515507752510423
2,drug_max_ring_size_sum_fullmolecularfeaturizer,0.09147469221869721
2,fingerprint_H_bit_123,0.09041596673291644
2,drug_fingerprint_bit_103,0.08916744313746051
2,drug_fingerprint_bit_231,0.08594642123530867
2,drug_fingerprint_bit_199,0.08509922791033254
2,drug_fingerprint_bit_156,0.08307214810721386
2,drug_fingerprint_bit_67,0.081173626189845
2,drug_fingerprint_bit_187,0.08031425071842868
2,drug_fingerprint_bit_30,0.07998409670013787
2,drug_fingerprint_bit_202,0.07998115747910875
2,fingerprint_H_bit_32,0.07829153607282278
2,fingerprint_H_bit_143,0.07783775159990904
2,drug_fingerprint_bit_235,0.0759859752994141
2,drug_fingerprint_bit_60,0.07555029213713339
2,drug_num_aliphatic_heterocycles_sum_fullmolecularfeaturizer,0.07463515950547324
2,drug_fingerprint_bit_38,0.07365535352246598
2,drug_heteroatom_density_sum_fullmolecularfeaturizer,0.07290383413480828
2,drug_fingerprint_bit_191,0.07185995364514765
2,drug_fingerprint_bit_149,0.07167033981215629
2,drug_fingerprint_bit_7,0.06817398961539665
2,drug_fingerprint_bit_229,0.06746226798752346
2,drug_fingerprint_bit_114,0.06631772961274641
2,drug_fingerprint_bit_62,0.0653860199904389
2,poly_slogp_vsa1_sidechainfeaturizer_sum,0.06431477145136351
2,drug_fingerprint_bit_226,0.06368535072548277
2,drug_fingerprint_bit_145,0.06312245331005925
2,poly_balaban_j_index_sum_fullpolymerfeaturizer,0.06283321723703839
2,drug_fingerprint_bit_172,0.06256966530446693
2,drug_fingerprint_bit_57,0.06244087060694888
2,drug_fingerprint_bit_70,0.060382127012833
2,fingerprint_H_bit_66,0.06008382080893317
2,fingerprint_H_bit_174,0.05856385802593557
2,fingerprint_H_bit_26,0.05737336016960205
2,drug_fingerprint_bit_222,0.05622318639141298
2,drug_fingerprint_bit_82,0.05606774976037916
2,fingerprint_H_bit_227,0.05468051999389786
2,drug_fingerprint_bit_171,0.0544904888469341
2,poly_sp3_carbon_count_sum_fullpolymerfeaturizer,0.05246876583354259
2,drug_fingerprint_bit_240,0.052361080264311397
2,drug_fingerprint_bit_193,0.05207453409705835
2,drug_fingerprint_bit_18,0.05164252737574655
2,drug_fingerprint_bit_208,0.04816586209136116
2,drug_fingerprint_bit_80,0.047249889017399856
2,fingerprint_H_bit_98,0.046828293141277455
2,fingerprint_H_bit_116,0.04536388937913525
2,fingerprint_H_bit_46,0.04319007971933164
2,drug_fingerprint_bit_241,0.041887060711064183
2,fingerprint_H_bit_131,0.040913790733618845
2,poly_heteroatom_density_sum_backbonefeaturizer,0.040880806405160675
2,drug_fingerprint_bit_14,0.03908872711595742
2,drug_fingerprint_bit_152,0.03830527605213999
2,drug_fingerprint_bit_86,0.03807463324840197
2,drug_fingerprint_bit_105,0.037895901419952915
2,drug_fingerprint_bit_78,0.03609161626773182
2,fingerprint_H_bit_112,0.03555960872407648
2,drug_fingerprint_bit_32,0.034589365971564125
2,drug_charge_at_WATER_PH,0.03436349363293815
2,drug_fingerprint_bit_204,0.033830803606211594
2,drug_logp,0.033464303966222006
2,fingerprint_H_bit_30,0.03197604742761009
2,drug_fingerprint_bit_135,0.031306925757437716
2,fingerprint_H_bit_219,0.030870827906467002
2,fingerprint_H_bit_224,0.02971314904445683
2,drug_sp2_carbon_count_sum_fullmolecularfeaturizer,0.028285441726019076
2,fingerprint_H_bit_158,0.026230611232014867
2,drug_fingerprint_bit_227,0.02575074289109355
2,poly_num_non_aromatic_rings_sum_fullpolymerfeaturizer,0.025323086496344707
2,poly_num_aliphatic_heterocycles_sum_fullpolymerfeaturizer,0.025018215285405074
2,drug_fingerprint_bit_134,0.02458271475983282
2,drug_fingerprint_bit_100,0.024497543701161712
2,drug_fingerprint_bit_121,0.02390298047192078
2,poly_num_hbond_acceptors_sum_fullpolymerfeaturizer,0.023353795278314955
2,drug_fingerprint_bit_248,0.022404866109183845
2,drug_fingerprint_bit_8,0.022325780829069747
2,drug_fingerprint_bit_34,0.022034901729827302
2,fingerprint_H_bit_233,0.0215471765712728
2,drug_fingerprint_bit_210,0.019759456205330348
2,poly_num_non_aromatic_rings_sum_backbonefeaturizer,0.019396985002141733
2,drug_fingerprint_bit_162,0.018414092401164373
2,drug_fingerprint_bit_238,0.018296041403553627
2,drug_fingerprint_bit_44,0.017241624799158244
2,drug_fingerprint_bit_5,0.016908543845685377
2,drug_fingerprint_bit_20,0.016875849911801084
2,drug_fingerprint_bit_192,0.016401543768432773
2,fingerprint_H_bit_80,0.016078462748759664
2,drug_fingerprint_bit_56,0.01595484142151193
2,drug_sp3_carbon_count_sum_fullmolecularfeaturizer,0.015186319049887051
2,drug_fingerprint_bit_16,0.015114288681899827
2,drug_fingerprint_bit_239,0.015104142131096591
2,drug_fingerprint_bit_154,0.014388683939481135
2,fingerprint_H_bit_106,0.014325104627343408
2,drug_fingerprint_bit_104,0.012966787343138482
2,drug_fingerprint_bit_85,0.012617616676766943
2,fingerprint_H_bit_205,0.012132839584432894
2,drug_fingerprint_bit_173,0.011682464961684628
2,fingerprint_H_bit_185,0.01128326036440681
2,drug_fingerprint_bit_169,0.011117362618638835
2,fingerprint_H_bit_34,0.010929825859771699
2,fingerprint_H_bit_65,0.010126453892600302
2,drug_fingerprint_bit_161,0.01012448529458975
2,drug_fingerprint_bit_245,0.009799993062362797
2,fingerprint_H_bit_164,0.008278676247633756
2,drug_fingerprint_bit_90,0.006815078966036167
2,fingerprint_H_bit_114,0.006351441435963445
2,drug_fingerprint_bit_59,0.006143623504925985
2,drug_fingerprint_bit_179,0.005248882853843113
2,poly_num_aliphatic_heterocycles_sum_backbonefeaturizer,0.005031964741422312
2,drug_fingerprint_bit_117,0.005017983870645433
2,drug_fingerprint_bit_31,0.004549028472587737
2,drug_fingerprint_bit_65,0.0034637029703597838
2,drug_num_rotatable_bonds_sum_fullmolecularfeaturizer,0.0031962667749312495
2,drug_fingerprint_bit_143,0.0024356954852157004
2,drug_fingerprint_bit_225,0.0019735991830625655
2,drug_fingerprint_bit_96,0.0008601611176166567
2,drug_fingerprint_bit_48,0.0004591603420975949
2,fingerprint_H_bit_2,0.0
2,fingerprint_H_bit_255,0.0
2,fingerprint_H_bit_71,0.0
2,fingerprint_H_bit_99,0.0
2,fingerprint_H_bit_97,0.0
2,fingerprint_H_bit_249,0.0
2,drug_fingerprint_bit_157,0.0
2,fingerprint_H_bit_3,0.0
2,fingerprint_H_bit_5,0.0
2,fingerprint_H_bit_6,0.0
2,fingerprint_H_bit_142,0.0
2,fingerprint_H_bit_195,0.0
2,fingerprint_H_bit_83,0.0
2,fingerprint_H_bit_194,0.0
2,fingerprint_H_bit_193,0.0
2,drug_bromine_count_sum_fullmolecularfeaturizer,0.0
2,poly_total_halogens_sum_fullpolymerfeaturizer,0.0
2,poly_fluorine_count_sum_fullpolymerfeaturizer,0.0
2,poly_chlorine_count_sum_fullpolymerfeaturizer,0.0
2,poly_bromine_count_sum_fullpolymerfeaturizer,0.0
2,poly_iodine_count_sum_fullpolymerfeaturizer,0.0
2,poly_triple_bonds_sum_fullpolymerfeaturizer,0.0
2,poly_chlorine_count_sidechainfeaturizer_sum,0.0
2,poly_iodine_count_sidechainfeaturizer_sum,0.0
2,poly_num_non_aromatic_rings_sidechainfeaturizer_sum,0.0
2,fingerprint_H_bit_36,0.0
2,fingerprint_H_bit_35,0.0
2,fingerprint_H_bit_31,0.0
2,poly_total_halogens_sidechainfeaturizer_sum,0.0
2,poly_num_aliphatic_heterocycles_sidechainfeaturizer_sum,0.0
2,poly_fraction_bicyclic_rings_sidechainfeaturizer_sum,0.0
2,poly_bromine_count_sidechainfeaturizer_sum,0.0
2,poly_triple_bonds_sidechainfeaturizer_sum,0.0
2,fingerprint_H_bit_23,0.0
2,fingerprint_H_bit_21,0.0
2,fingerprint_H_bit_22,0.0
2,fingerprint_H_bit_19,0.0
2,fingerprint_H_bit_17,0.0
2,fingerprint_H_bit_16,0.0
2,fingerprint_H_bit_20,0.0
2,fingerprint_H_bit_15,0.0
2,fingerprint_H_bit_14,0.0
2,fingerprint_H_bit_10,0.0
2,fingerprint_H_bit_11,0.0
2,fingerprint_H_bit_29,0.0
2,fingerprint_H_bit_25,0.0
2,poly_bridging_rings_count_sidechainfeaturizer_sum,0.0
2,poly_fluorine_count_sidechainfeaturizer_sum,0.0
2,poly_total_halogens_sum_backbonefeaturizer,0.0
2,poly_fluorine_count_sum_backbonefeaturizer,0.0
2,drug_fingerprint_bit_217,0.0
2,fingerprint_H_bit_9,0.0
2,poly_triple_bonds_sum_backbonefeaturizer,0.0
2,poly_fraction_bicyclic_rings_sum_backbonefeaturizer,0.0
2,fingerprint_H_bit_248,0.0
2,fingerprint_H_bit_247,0.0
2,fingerprint_H_bit_246,0.0
2,fingerprint_H_bit_244,0.0
2,fingerprint_H_bit_243,0.0
2,fingerprint_H_bit_242,0.0
2,fingerprint_H_bit_241,0.0
2,fingerprint_H_bit_240,0.0
2,poly_fraction_bicyclic_rings_sum_fullpolymerfeaturizer,0.0
2,fingerprint_H_bit_132,0.0
2,fingerprint_H_bit_130,0.0
2,fingerprint_H_bit_129,0.0
2,fingerprint_H_bit_127,0.0
2,fingerprint_H_bit_126,0.0
2,fingerprint_H_bit_124,0.0
2,fingerprint_H_bit_122,0.0
2,fingerprint_H_bit_154,0.0
2,drug_triple_bonds_sum_fullmolecularfeaturizer,0.0
2,drug_iodine_count_sum_fullmolecularfeaturizer,0.0
2,poly_bridging_rings_count_sum_fullpolymerfeaturizer,0.0
2,fingerprint_H_bit_8,0.0
2,fingerprint_H_bit_4,0.0
2,fingerprint_H_bit_148,0.0
2,fingerprint_H_bit_149,0.0
2,drug_fingerprint_bit_254,0.0
2,drug_fingerprint_bit_244,0.0
2,fingerprint_H_bit_231,0.0
2,fingerprint_H_bit_234,0.0
2,fingerprint_H_bit_235,0.0
2,fingerprint_H_bit_238,0.0
2,fingerprint_H_bit_24,0.0
2,fingerprint_H_bit_239,0.0
2,drug_fingerprint_bit_220,0.0
2,drug_fingerprint_bit_221,0.0
2,fingerprint_H_bit_117,0.0
2,drug_fingerprint_bit_17,0.0
2,fingerprint_H_bit_136,0.0
2,fingerprint_H_bit_135,0.0
2,fingerprint_H_bit_43,0.0
2,fingerprint_H_bit_49,0.0
2,fingerprint_H_bit_47,0.0
2,fingerprint_H_bit_44,0.0
2,poly_chlorine_count_sum_backbonefeaturizer,0.0
2,poly_bromine_count_sum_backbonefeaturizer,0.0
2,poly_iodine_count_sum_backbonefeaturizer,0.0
2,fingerprint_H_bit_50,0.0
2,fingerprint_H_bit_51,0.0
2,fingerprint_H_bit_55,0.0
2,fingerprint_H_bit_101,0.0
2,fingerprint_H_bit_102,0.0
2,poly_bridging_rings_count_sum_backbonefeaturizer,0.0
2,fingerprint_H_bit_40,0.0
2,fingerprint_H_bit_201,0.0
2,fingerprint_H_bit_202,0.0
2,fingerprint_H_bit_199,0.0
2,fingerprint_H_bit_200,0.0
2,drug_fingerprint_bit_9,0.0
2,fingerprint_H_bit_230,0.0
2,fingerprint_H_bit_86,0.0
2,drug_fingerprint_bit_209,0.0
2,drug_fingerprint_bit_215,0.0
2,drug_fingerprint_bit_54,0.0
2,fingerprint_H_bit_109,0.0
2,fingerprint_H_bit_108,0.0
2,fingerprint_H_bit_111,0.0
2,fingerprint_H_bit_115,0.0
2,fingerprint_H_bit_166,0.0
2,fingerprint_H_bit_165,0.0
2,fingerprint_H_bit_163,0.0
2,fingerprint_H_bit_160,0.0
2,fingerprint_H_bit_157,0.0
2,fingerprint_H_bit_156,0.0
2,fingerprint_H_bit_168,0.0
2,fingerprint_H_bit_110,0.0
2,fingerprint_H_bit_188,0.0
2,fingerprint_H_bit_189,0.0
2,fingerprint_H_bit_184,0.0
2,fingerprint_H_bit_187,0.0
2,fingerprint_H_bit_203,0.0
2,fingerprint_H_bit_206,0.0
2,fingerprint_H_bit_172,0.0
2,fingerprint_H_bit_173,0.0
2,drug_fingerprint_bit_51,0.0
2,fingerprint_H_bit_198,0.0
2,fingerprint_H_bit_196,0.0
2,drug_fingerprint_bit_21,0.0
2,fingerprint_H_bit_179,0.0
2,fingerprint_H_bit_178,0.0
2,fingerprint_H_bit_176,0.0
2,fingerprint_H_bit_180,0.0
2,fingerprint_H_bit_221,0.0
2,fingerprint_H_bit_223,0.0
2,fingerprint_H_bit_190,0.0
2,fingerprint_H_bit_192,0.0
2,fingerprint_H_bit_150,0.0
2,fingerprint_H_bit_152,0.0
2,fingerprint_H_bit_153,0.0
2,fingerprint_H_bit_103,0.0
2,fingerprint_H_bit_104,0.0
2,fingerprint_H_bit_105,0.0
2,fingerprint_H_bit_107,0.0
2,fingerprint_H_bit_181,0.0
2,drug_fingerprint_bit_68,0.0
2,drug_fingerprint_bit_232,0.0
2,fingerprint_H_bit_208,0.0
2,fingerprint_H_bit_220,0.0
2,drug_fingerprint_bit_102,0.0
2,drug_fingerprint_bit_112,0.0
2,drug_fingerprint_bit_89,0.0
2,drug_fingerprint_bit_123,0.0
2,fingerprint_H_bit_141,0.0
2,fingerprint_H_bit_140,0.0
2,drug_fingerprint_bit_198,0.0
2,drug_fingerprint_bit_195,0.0
2,fingerprint_H_bit_82,0.0
2,fingerprint_H_bit_137,0.0
2,fingerprint_H_bit_77,0.0
2,fingerprint_H_bit_209,0.0
2,drug_fingerprint_bit_87,0.0
2,fingerprint_H_bit_215,0.0
2,fingerprint_H_bit_211,0.0
2,fingerprint_H_bit_210,0.0
2,fingerprint_H_bit_72,0.0
2,fingerprint_H_bit_73,0.0
2,fingerprint_H_bit_74,0.0
2,fingerprint_H_bit_76,0.0
2,fingerprint_H_bit_79,0.0
2,fingerprint_H_bit_146,0.0
2,fingerprint_H_bit_254,0.0
2,fingerprint_H_bit_0,0.0
2,fingerprint_H_bit_170,0.0
2,fingerprint_H_bit_169,0.0
2,fingerprint_H_bit_62,0.0
2,fingerprint_H_bit_60,0.0
2,fingerprint_H_bit_252,0.0
2,fingerprint_H_bit_250,0.0
2,fingerprint_H_bit_171,0.0
2,fingerprint_H_bit_253,0.0
2,fingerprint_H_bit_225,0.0
2,fingerprint_H_bit_228,0.0
2,fingerprint_H_bit_229,0.0
2,fingerprint_H_bit_59,0.0
2,drug_fingerprint_bit_234,0.0
2,fingerprint_H_bit_96,0.0
2,fingerprint_H_bit_95,0.0
2,drug_fingerprint_bit_166,0.0
2,fingerprint_H_bit_94,0.0
2,fingerprint_H_bit_93,0.0
2,fingerprint_H_bit_91,0.0
2,fingerprint_H_bit_92,0.0
2,fingerprint_H_bit_90,0.0
2,fingerprint_H_bit_88,0.0
2,fingerprint_H_bit_87,0.0
2,drug_fingerprint_bit_176,0.0
2,fingerprint_H_bit_161,-1.1122669198369652e-08
2,drug_fingerprint_bit_79,-0.00032575564087013165
2,drug_fingerprint_bit_182,-0.0010637480327664317
2,drug_fingerprint_bit_124,-0.0015824984521321933
2,drug_fingerprint_bit_29,-0.0021359427807090864
2,drug_fingerprint_bit_178,-0.002449191163455235
2,drug_fingerprint_bit_144,-0.003151780740953363
2,drug_fingerprint_bit_55,-0.0032074080355677043
2,drug_fingerprint_bit_53,-0.0047221825147518975
2,drug_fingerprint_bit_81,-0.006038142853411929
2,drug_fingerprint_bit_25,-0.006667841930508129
2,drug_fingerprint_bit_101,-0.009421839236088006
2,drug_fingerprint_bit_132,-0.010459107870080272
2,drug_fingerprint_bit_247,-0.01811273662085597
2,drug_homo_eV,-0.018508799438716812
2,drug_fingerprint_bit_242,-0.028920660405575695
2,drug_fingerprint_bit_129,-0.032060818030944946
2,drug_fingerprint_bit_45,-0.0322399707641367
2,poly_single_bonds_sum_fullpolymerfeaturizer,-0.03347114276065451
2,fingerprint_H_bit_213,-0.03410704800190374
2,poly_heteroatom_count_sum_fullpolymerfeaturizer,-0.038985945823060156
2,drug_max_estate_index_sum_fullmolecularfeaturizer,-0.03964186269873201
2,drug_fingerprint_bit_43,-0.042376589255800776
2,drug_fingerprint_bit_91,-0.042556242223669646
2,drug_double_bonds_sum_fullmolecularfeaturizer,-0.04507328269620059
2,fingerprint_H_bit_7,-0.04588578504211059
2,fingerprint_H_bit_207,-0.04600971732296533
2,poly_num_atoms_sum_fullpolymerfeaturizer,-0.050551751477876196
2,poly_topological_surface_area_sum_fullpolymerfeaturizer,-0.05413216170531275
2,drug_fingerprint_bit_40,-0.05740234149630057
2,drug_fingerprint_bit_58,-0.06193913367084088
2,drug_fingerprint_bit_1,-0.06744054479465976
2,drug_fingerprint_bit_243,-0.06776322361984986
2,drug_fingerprint_bit_230,-0.07934330336378034
2,drug_fingerprint_bit_138,-0.07981994504655636
2,poly_molecular_weight_sum_fullpolymerfeaturizer,-0.07990761779317901
2,charge_at_WATER_PH_H,-0.08207126410428692
2,drug_fingerprint_bit_255,-0.09159643679301552
2,drug_fingerprint_bit_131,-0.0989342050081067
2,drug_fingerprint_bit_66,-0.100479115804245
2,drug_fingerprint_bit_125,-0.1020587801068041
2,drug_fingerprint_bit_113,-0.11716161670870731
2,fingerprint_H_bit_54,-0.11774283091887774
2,fingerprint_H_bit_39,-0.1186104152699444
2,drug_slogp_vsa1_sum_fullmolecularfeaturizer,-0.15731528078711707
2,drug_fingerprint_bit_111,-0.1675435373542775
2,fingerprint_H_bit_125,-0.16931471783730126
2,drug_fingerprint_bit_168,-0.17374662440460037
2,drug_fingerprint_bit_228,-0.17874283111130135
2,fingerprint_H_bit_138,-0.1954065516244991
2,fingerprint_H_bit_42,-0.2015599683144346
2,WATER_PH,-0.20493625067433013
2,poly_num_aromatic_rings_sum_backbonefeaturizer,-0.24564303672752746
2,fingerprint_H_bit_38,-0.27148836434349943
2,drug_fingerprint_bit_47,-0.29574381521922294
2,drug_fingerprint_bit_233,-0.30340074474137335
2,poly_max_estate_index_sum_fullpolymerfeaturizer,-0.31993943746524284
2,poly_sp2_carbon_count_sum_fullpolymerfeaturizer,-0.3219808086614838
2,drug_fingerprint_bit_19,-0.37397377681598176
2,drug_fingerprint_bit_175,-0.3810145292733718
2,drug_fingerprint_bit_219,-0.38553173427674353
2,drug_fingerprint_bit_186,-0.3968847983592619
2,fingerprint_H_bit_186,-0.4126268500405063
2,logp_H,-0.4150181441142207
2,drug_fingerprint_bit_214,-0.4169381634566397
2,CONCENTRATION,-0.525642612678143
2,drug_fingerprint_bit_163,-0.527075082290761
2,drug_fingerprint_bit_133,-0.5415794649844813
2,poly_balaban_j_index_sum_backbonefeaturizer,-0.564550867728837
2,drug_fingerprint_bit_64,-0.6201224047520757
2,drug_fingerprint_bit_128,-0.6309469305992655
2,drug_fingerprint_bit_107,-0.6424558011713052
2,drug_fingerprint_bit_200,-0.6467900518591432
2,poly_num_aromatic_rings_sum_fullpolymerfeaturizer,-0.6526209448175576
2,poly_num_rings_sum_fullpolymerfeaturizer,-0.7619683717506833
2,drug_fingerprint_bit_72,-1.011948964908571
2,fingerprint_H_bit_27,-1.045999193620586
2,drug_fingerprint_bit_224,-1.058121760611213
2,drug_fingerprint_bit_237,-1.2018433078988167
2,fingerprint_H_bit_144,-1.2478840661654516
2,drug_fingerprint_bit_119,-1.278725050810826
2,fingerprint_H_bit_89,-1.4857613248506272
2,drug_fingerprint_bit_151,-1.6176106106156332
2,drug_fingerprint_bit_88,-2.0484424303528415
2,drug_fingerprint_bit_108,-2.4422420026631246
2,drug_fingerprint_bit_33,-2.508337768246375
2,fingerprint_H_bit_75,-5.798622219268196
2,fingerprint_H_bit_191,-5.951339192242033
3,fingerprint_H_bit_12,11.770223396253021
3,drug_fingerprint_bit_98,9.496104558494201
3,drug_fingerprint_bit_190,7.534711771609898
3,fingerprint_H_bit_177,7.0333653507687615
3,fingerprint_H_bit_42,6.005040725064858
3,poly_slogp_vsa1_sum_fullpolymerfeaturizer,3.1482413536390554
3,poly_heteroatom_density_sidechainfeaturizer_sum,2.5313322747592752
3,poly_fp_density_morgan1_sidechainfeaturizer_sum,2.445824897544809
3,fingerprint_H_bit_197,2.177320338695335
3,fingerprint_H_bit_1,2.1661871085369158
3,poly_num_rings_sum_backbonefeaturizer,2.1605021177735875
3,poly_num_hbond_donors_sum_backbonefeaturizer,2.1018027960622314
3,poly_num_atoms_sidechainfeaturizer_sum,2.1003539017795805
3,poly_sp2_carbon_count_sum_backbonefeaturizer,2.0826644952573248
3,fingerprint_H_bit_222,1.8865870606340172
3,poly_num_aromatic_rings_sum_fullpolymerfeaturizer,1.822535679259397
3,poly_sp2_carbon_count_sidechainfeaturizer_sum,1.7677146310894287
3,poly_slogp_vsa1_sum_backbonefeaturizer,1.7244940282839103
3,poly_num_aromatic_rings_sum_backbonefeaturizer,1.681746052468966
3,fingerprint_H_bit_182,1.6521191075153467
3,fingerprint_H_bit_119,1.5840869930387416
3,poly_balaban_j_index_sidechainfeaturizer_sum,1.523458537933921
3,fingerprint_H_bit_217,1.4633089764746245
3,poly_num_hbond_acceptors_sum_backbonefeaturizer,1.4113904994688633
3,fingerprint_H_bit_213,1.39848253826282
3,poly_fp_density_morgan1_sum_backbonefeaturizer,1.3841815406778621
3,fingerprint_H_bit_120,1.3279534339302295
3,fingerprint_H_bit_232,1.2126463391385005
3,fingerprint_H_bit_139,1.1814620933210929
3,drug_fingerprint_bit_188,1.1781093545651375
3,fingerprint_H_bit_159,1.1576832276171476
3,poly_max_ring_size_sidechainfeaturizer_sum,1.1345631911465865
3,fingerprint_H_bit_58,1.1172514043781956
3,fingerprint_H_bit_183,1.1104154786583578
3,drug_fingerprint_bit_147,1.1064513525654451
3,fingerprint_H_bit_33,1.1046295767728795
3,fingerprint_H_bit_64,1.1035163615259813
3,drug_fingerprint_bit_218,1.0791338488699707
3,poly_num_hbond_acceptors_sidechainfeaturizer_sum,1.069834480494712
3,homo_eV_H,1.068099744786836
3,fingerprint_H_bit_48,1.067743574485281
3,fingerprint_H_bit_128,1.06362174890995
3,fingerprint_H_bit_84,1.0327531454015746
3,fingerprint_H_bit_100,0.9961897932919744
3,fingerprint_H_bit_56,0.9880339027443394
3,fingerprint_H_bit_237,0.9837100827049478
3,fingerprint_H_bit_53,0.9716716048244178
3,logd_at_WATER_PH_H,0.900675877856805
3,poly_molecular_weight_sidechainfeaturizer_sum,0.8756149202331632
3,fingerprint_H_bit_204,0.8726408418049759
3,poly_heteroatom_count_sidechainfeaturizer_sum,0.8707620415200842
3,fingerprint_H_bit_118,0.8383166952974841
3,fingerprint_H_bit_155,0.8215268630901801
3,fingerprint_H_bit_167,0.8048456774960101
3,fingerprint_H_bit_113,0.7909238459776101
3,poly_num_atoms_sum_backbonefeaturizer,0.7726528061559892
3,poly_smr_vsa5_sum_backbonefeaturizer,0.7667972267413248
3,poly_sp3_carbon_count_sum_backbonefeaturizer,0.755445360388224
3,poly_heteroatom_count_sum_backbonefeaturizer,0.754877785204772
3,fingerprint_H_bit_45,0.7523355797818538
3,poly_num_aromatic_rings_sidechainfeaturizer_sum,0.751318593807496
3,fingerprint_H_bit_81,0.6983056007604477
3,drug_fingerprint_bit_201,0.696332489891795
3,poly_double_bonds_sum_backbonefeaturizer,0.6909301595235495
3,fingerprint_H_bit_186,0.6821054254642019
3,poly_molecular_weight_sum_backbonefeaturizer,0.6666545234497175
3,poly_topological_surface_area_sidechainfeaturizer_sum,0.664299807266615
3,fingerprint_H_bit_151,0.6496665615548494
3,fingerprint_H_bit_245,0.6455443540951087
3,fingerprint_H_bit_69,0.6114708253315755
3,drug_fingerprint_bit_158,0.5842985682201732
3,poly_fp_density_morgan1_sum_fullpolymerfeaturizer,0.5812161881174512
3,fingerprint_H_bit_214,0.5660173492907584
3,drug_bridging_rings_count_sum_fullmolecularfeaturizer,0.5641372405201835
3,drug_num_aromatic_rings_sum_fullmolecularfeaturizer,0.5598669314375944
3,drug_fingerprint_bit_99,0.5570267078951121
3,drug_fingerprint_bit_155,0.5489087462908259
3,fingerprint_H_bit_147,0.5483583076071535
3,poly_num_rings_sidechainfeaturizer_sum,0.5309614811364044
3,drug_fingerprint_bit_164,0.5299367135841189
3,poly_num_hbond_donors_sidechainfeaturizer_sum,0.5255922840376356
3,poly_sp2_carbon_count_sum_fullpolymerfeaturizer,0.5190017615953452
3,drug_fingerprint_bit_125,0.5145090156752091
3,fingerprint_H_bit_236,0.5043372496901615
3,drug_fingerprint_bit_10,0.5006241108498335
3,drug_fingerprint_bit_184,0.4803385273793405
3,drug_num_aliphatic_heterocycles_sum_fullmolecularfeaturizer,0.46656273984258584
3,drug_fingerprint_bit_3,0.4615626573783437
3,drug_fingerprint_bit_249,0.4574066237555557
3,poly_max_ring_size_sum_fullpolymerfeaturizer,0.4553447834803306
3,drug_fingerprint_bit_71,0.45407020176265867
3,poly_double_bonds_sum_fullpolymerfeaturizer,0.4413944867017667
3,drug_fingerprint_bit_223,0.4241838003150467
3,drug_fingerprint_bit_159,0.41819346793465983
3,drug_fingerprint_bit_73,0.4082257682558876
3,poly_heteroatom_density_sum_backbonefeaturizer,0.3998571455151909
3,drug_num_hbond_acceptors_sum_fullmolecularfeaturizer,0.3899523913076899
3,poly_balaban_j_index_sum_fullpolymerfeaturizer,0.3802005800259022
3,poly_max_ring_size_sum_backbonefeaturizer,0.37568429587993624
3,drug_fingerprint_bit_22,0.37058469939502864
3,fingerprint_H_bit_13,0.3701183510701392
3,fingerprint_H_bit_78,0.3673372551909376
3,drug_fingerprint_bit_253,0.3579496898023805
3,drug_balaban_j_index_sum_fullmolecularfeaturizer,0.3559323519571535
3,drug_topological_surface_area_sum_fullmolecularfeaturizer,0.35506099493024645
3,fingerprint_H_bit_226,0.35481112964894107
3,poly_smr_vsa5_sidechainfeaturizer_sum,0.3427597063657757
3,drug_num_hbond_donors_sum_fullmolecularfeaturizer,0.3421355981374126
3,poly_topological_surface_area_sum_backbonefeaturizer,0.32901423546021824
3,poly_single_bonds_sidechainfeaturizer_sum,0.3205657603891127
3,drug_fluorine_count_sum_fullmolecularfeaturizer,0.32031446667432667
3,drug_fingerprint_bit_118,0.3139711831571233
3,drug_fingerprint_bit_160,0.3091717966956177
3,fingerprint_H_bit_145,0.3081981138502541
3,drug_fingerprint_bit_189,0.3068444875631768
3,poly_double_bonds_sidechainfeaturizer_sum,0.30488433054415726
3,drug_fingerprint_bit_15,0.30425675533582197
3,poly_num_rotatable_bonds_sidechainfeaturizer_sum,0.3027730515584505
3,drug_fingerprint_bit_63,0.29528654119678166
3,drug_fingerprint_bit_36,0.29444122251064936
3,drug_fingerprint_bit_203,0.29360196081244705
3,drug_fingerprint_bit_180,0.2926434181534958
3,drug_logp,0.2923799248724977
3,poly_max_estate_index_sum_backbonefeaturizer,0.2921287155768769
3,drug_fingerprint_bit_183,0.2882264669443611
3,drug_heteroatom_count_sum_fullmolecularfeaturizer,0.28394561797208934
3,fingerprint_H_bit_133,0.28367355324647175
3,drug_fingerprint_bit_120,0.2827337506849929
3,drug_fingerprint_bit_141,0.2739460446536012
3,drug_fingerprint_bit_250,0.26155205087712985
3,drug_fingerprint_bit_110,0.2598134520263621
3,drug_fingerprint_bit_126,0.2560945933090722
3,drug_logd_at_WATER_PH,0.25523473872361724
3,drug_fingerprint_bit_50,0.2527688917555516
3,drug_fingerprint_bit_18,0.25160381571837365
3,drug_single_bonds_sum_fullmolecularfeaturizer,0.2504374162319485
3,drug_fingerprint_bit_169,0.2503456792572747
3,drug_fingerprint_bit_81,0.24853101605393743
3,drug_fingerprint_bit_44,0.24287975212650367
3,drug_fingerprint_bit_227,0.23922195132418872
3,drug_fingerprint_bit_130,0.23333349527061037
3,lumo_eV_H,0.2329543272450509
3,drug_fingerprint_bit_49,0.23110396225961116
3,fingerprint_H_bit_41,0.2307727866019588
3,drug_fingerprint_bit_42,0.22689805768061683
3,drug_fingerprint_bit_95,0.2254503771700445
3,fingerprint_H_bit_28,0.2222958389443698
3,poly_num_rotatable_bonds_sum_backbonefeaturizer,0.2208110862783673
3,fingerprint_H_bit_227,0.21959039297233462
3,poly_smr_vsa5_sum_fullpolymerfeaturizer,0.21953901074656718
3,drug_fingerprint_bit_177,0.21418522001214388
3,poly_sp3_carbon_count_sum_fullpolymerfeaturizer,0.20742334408809324
3,drug_fingerprint_bit_167,0.20542066769324577
3,drug_molecular_weight_sum_fullmolecularfeaturizer,0.2033615260605756
3,drug_fingerprint_bit_0,0.20013034191196585
3,drug_fingerprint_bit_246,0.1992447614496888
3,fingerprint_H_bit_162,0.19180818640817046
3,fingerprint_H_bit_27,0.17205597223058808
3,drug_fingerprint_bit_236,0.16901467797846711
3,drug_fingerprint_bit_173,0.16694805594131276
3,drug_fingerprint_bit_105,0.16555463229521558
3,drug_fingerprint_bit_75,0.16484010129980817
3,drug_fraction_bicyclic_rings_sum_fullmolecularfeaturizer,0.16452663261286377
3,drug_homo_eV,0.16159723816657193
3,drug_smr_vsa5_sum_fullmolecularfeaturizer,0.1615827854365606
3,drug_fingerprint_bit_12,0.1603285690302044
3,poly_single_bonds_sum_backbonefeaturizer,0.15561538365241878
3,drug_fingerprint_bit_60,0.1526167777562384
3,drug_fingerprint_bit_212,0.15215544700505942
3,poly_sp3_carbon_count_sidechainfeaturizer_sum,0.15150886834098234
3,drug_fingerprint_bit_211,0.15126134616929887
3,drug_fingerprint_bit_206,0.15001470023305696
3,drug_fingerprint_bit_153,0.14897205969593733
3,fingerprint_H_bit_89,0.1469378159062116
3,drug_fingerprint_bit_30,0.14574298321049664
3,drug_fingerprint_bit_115,0.14463401090518596
3,fingerprint_H_bit_37,0.14327642457504375
3,fingerprint_H_bit_70,0.14326041701885714
3,drug_fingerprint_bit_11,0.1428371316643471
3,drug_fingerprint_bit_194,0.14281415127820343
3,drug_fingerprint_bit_26,0.14258393796340516
3,drug_fingerprint_bit_179,0.14092118056043845
3,drug_lumo_eV,0.13584075492024753
3,drug_fingerprint_bit_213,0.13578724605531203
3,drug_fingerprint_bit_185,0.13411150685330583
3,drug_fingerprint_bit_122,0.1302795958116982
3,drug_fingerprint_bit_84,0.1273912391973769
3,fingerprint_H_bit_67,0.12711565594931182
3,drug_fingerprint_bit_216,0.12675454761822577
3,fingerprint_H_bit_18,0.12271745821655976
3,poly_balaban_j_index_sum_backbonefeaturizer,0.12234446365932915
3,drug_fingerprint_bit_197,0.1222761369433313
3,drug_fingerprint_bit_170,0.12094158100449602
3,drug_fingerprint_bit_6,0.1201305765767481
3,fingerprint_H_bit_121,0.119674731016106
3,drug_fingerprint_bit_94,0.11788338887450023
3,drug_fingerprint_bit_146,0.11490315843544478
3,logp_H,0.11448374856074402
3,drug_fingerprint_bit_199,0.11436023825112465
3,drug_fingerprint_bit_106,0.11412963008609137
3,drug_fingerprint_bit_93,0.11343200751786396
3,drug_fingerprint_bit_27,0.1132945662573838
3,drug_fingerprint_bit_97,0.11285613549894692
3,drug_fingerprint_bit_76,0.10920773171545371
3,poly_heteroatom_density_sum_fullpolymerfeaturizer,0.10731398849832728
3,drug_fingerprint_bit_238,0.10696367407276254
3,drug_fingerprint_bit_92,0.10618459579115037
3,drug_fingerprint_bit_145,0.10399334260585667
3,drug_fingerprint_bit_39,0.10383216048091129
3,drug_fingerprint_bit_77,0.10171180339937429
3,fingerprint_H_bit_251,0.10080425659333883
3,drug_sp3_carbon_count_sum_fullmolecularfeaturizer,0.09717876961358754
3,drug_fingerprint_bit_150,0.09674768598926385
3,drug_fingerprint_bit_109,0.09650927926347551
3,drug_fingerprint_bit_165,0.09384600886861018
3,drug_fingerprint_bit_196,0.09237071440007907
3,drug_fingerprint_bit_132,0.09124193003857609
3,drug_fingerprint_bit_202,0.09122965795547804
3,drug_fingerprint_bit_41,0.08859858960066834
3,poly_num_hbond_donors_sum_fullpolymerfeaturizer,0.08822057760164756
3,drug_fingerprint_bit_245,0.08686553593891519
3,drug_heteroatom_density_sum_fullmolecularfeaturizer,0.08571695165068398
3,drug_fingerprint_bit_5,0.08489074567710937
3,drug_fingerprint_bit_255,0.08381494756900239
3,drug_fingerprint_bit_181,0.08347944726121603
3,poly_num_rotatable_bonds_sum_fullpolymerfeaturizer,0.07751755767608606
3,fingerprint_H_bit_85,0.07691707478891455
3,fingerprint_H_bit_52,0.07536052771198945
3,drug_fingerprint_bit_127,0.07229902249421273
3,drug_fingerprint_bit_35,0.07117476406354616
3,drug_fingerprint_bit_222,0.06920239127641141
3,drug_fingerprint_bit_252,0.0679711915646763
3,drug_fingerprint_bit_13,0.06724520770336348
3,drug_fingerprint_bit_241,0.06669923010150296
3,fingerprint_H_bit_32,0.06609957478456414
3,drug_fingerprint_bit_103,0.0658244564838962
3,drug_fingerprint_bit_210,0.06466886203982837
3,drug_fingerprint_bit_131,0.06402784813478606
3,drug_fingerprint_bit_192,0.06235849438709847
3,drug_fingerprint_bit_37,0.05974656218181561
3,drug_fingerprint_bit_28,0.05959646567378057
3,drug_fingerprint_bit_205,0.05937331050671416
3,fingerprint_H_bit_216,0.05920570829648756
3,fingerprint_H_bit_57,0.05868008051250227
3,drug_num_rings_sum_fullmolecularfeaturizer,0.05861631099748347
3,fingerprint_H_bit_106,0.05834187060263374
3,fingerprint_H_bit_63,0.056561213940759206
3,poly_num_non_aromatic_rings_sum_fullpolymerfeaturizer,0.056187002586795036
3,drug_fingerprint_bit_101,0.05549615899084199
3,drug_fingerprint_bit_204,0.054977961960508616
3,drug_num_atoms_sum_fullmolecularfeaturizer,0.05462028923185525
3,drug_charge_at_WATER_PH,0.05445945623425289
3,fingerprint_H_bit_66,0.05357030120581877
3,drug_fingerprint_bit_229,0.05073039517728669
3,fingerprint_H_bit_131,0.049056233240898535
3,drug_fingerprint_bit_140,0.04902606441064702
3,fingerprint_H_bit_112,0.047111218216736715
3,drug_fingerprint_bit_240,0.046135838022298196
3,drug_fingerprint_bit_235,0.0431240007998542
3,fingerprint_H_bit_54,0.04276972621567003
3,drug_fingerprint_bit_114,0.042121223512908576
3,drug_fingerprint_bit_239,0.041715253881285184
3,drug_chlorine_count_sum_fullmolecularfeaturizer,0.04142413925572147
3,poly_num_non_aromatic_rings_sum_backbonefeaturizer,0.04117453363564589
3,fingerprint_H_bit_205,0.04080201546187334
3,drug_fingerprint_bit_48,0.04060425114310654
3,drug_fingerprint_bit_116,0.04049319071841922
3,drug_fingerprint_bit_142,0.040193129583779554
3,drug_fingerprint_bit_247,0.03891964298502247
3,drug_fingerprint_bit_191,0.03750439663272572
3,drug_fingerprint_bit_74,0.03725430688253222
3,drug_fingerprint_bit_226,0.03709178068642425
3,drug_fingerprint_bit_248,0.03672774628005615
3,drug_fingerprint_bit_154,0.036630234269728716
3,drug_fingerprint_bit_149,0.0364658561290751
3,drug_fingerprint_bit_62,0.036415338681711075
3,drug_fingerprint_bit_121,0.03550074791109904
3,fingerprint_H_bit_65,0.03489977585909067
3,fingerprint_H_bit_98,0.03439502029402546
3,poly_max_estate_index_sidechainfeaturizer_sum,0.0342048865210564
3,fingerprint_H_bit_26,0.03322264955268086
3,drug_fingerprint_bit_83,0.03294541793720572
3,drug_fingerprint_bit_135,0.03258543647818336
3,drug_fingerprint_bit_78,0.032494147480523185
3,drug_fingerprint_bit_24,0.031685144476331466
3,fingerprint_H_bit_164,0.031544997332767735
3,fingerprint_H_bit_34,0.03127340573874972
3,drug_fingerprint_bit_161,0.03094764441805547
3,drug_fingerprint_bit_152,0.03088517103302561
3,drug_fingerprint_bit_8,0.03029791985059419
3,drug_fingerprint_bit_136,0.030113219595604535
3,fingerprint_H_bit_30,0.02775192265821377
3,drug_fingerprint_bit_231,0.02761974369717059
3,drug_fingerprint_bit_20,0.02690449421452432
3,poly_molecular_weight_sum_fullpolymerfeaturizer,0.02658756948450664
3,drug_fingerprint_bit_104,0.026368553241449377
3,drug_fingerprint_bit_100,0.02555646494052956
3,fingerprint_H_bit_46,0.02530831860805147
3,drug_fingerprint_bit_82,0.02418400000297118
3,fingerprint_H_bit_174,0.023054434924846212
3,fingerprint_H_bit_233,0.0230341319867756
3,drug_fingerprint_bit_67,0.023012990714450177
3,drug_fingerprint_bit_219,0.022850350428163208
3,drug_fingerprint_bit_171,0.021544329321021818
3,drug_fingerprint_bit_70,0.02135476373493785
3,drug_fingerprint_bit_187,0.01797981915038526
3,fingerprint_H_bit_224,0.017930653850122515
3,drug_fingerprint_bit_172,0.017687912870509883
3,drug_fingerprint_bit_57,0.017422304799194512
3,drug_fingerprint_bit_32,0.01722242325083947
3,fingerprint_H_bit_185,0.016846887799436345
3,drug_fingerprint_bit_134,0.016055728066531164
3,fingerprint_H_bit_116,0.015865627819694687
3,drug_fingerprint_bit_14,0.014509641648500557
3,poly_slogp_vsa1_sidechainfeaturizer_sum,0.01424443663988533
3,fingerprint_H_bit_68,0.013402119482248438
3,drug_fingerprint_bit_23,0.01328427266165835
3,drug_num_non_aromatic_rings_sum_fullmolecularfeaturizer,0.012246870702680197
3,fingerprint_H_bit_114,0.012236764590340395
3,drug_fingerprint_bit_90,0.011748184782245723
3,drug_fingerprint_bit_31,0.010948072599154257
3,fingerprint_H_bit_219,0.010041791373687468
3,drug_fingerprint_bit_117,0.009374398465489582
3,drug_fingerprint_bit_59,0.008996497470143586
3,drug_fingerprint_bit_69,0.00897868165680402
3,fingerprint_H_bit_212,0.007087739741637011
3,fingerprint_H_bit_123,0.0063566652580236095
3,drug_fingerprint_bit_162,0.006276400722264799
3,drug_fingerprint_bit_34,0.006251789548586724
3,drug_fingerprint_bit_85,0.0060461602920072344
3,drug_fingerprint_bit_96,0.0053173517665135684
3,fingerprint_H_bit_80,0.003238119434053547
3,drug_fingerprint_bit_144,0.0032322271636256133
3,fingerprint_H_bit_61,0.0028636210574303845
3,drug_fingerprint_bit_178,0.0015550708698134352
3,drug_fingerprint_bit_7,0.001326647930577875
3,drug_fingerprint_bit_16,0.0010662394710308737
3,drug_fingerprint_bit_56,0.0008882403061926827
3,drug_fingerprint_bit_208,0.0008326456318985463
3,drug_fingerprint_bit_2,4.615291344547174e-05
3,fingerprint_H_bit_6,0.0
3,fingerprint_H_bit_3,0.0
3,fingerprint_H_bit_4,0.0
3,drug_iodine_count_sum_fullmolecularfeaturizer,0.0
3,fingerprint_H_bit_215,0.0
3,fingerprint_H_bit_211,0.0
3,fingerprint_H_bit_210,0.0
3,fingerprint_H_bit_252,0.0
3,fingerprint_H_bit_250,0.0
3,fingerprint_H_bit_249,0.0
3,fingerprint_H_bit_248,0.0
3,fingerprint_H_bit_247,0.0
3,fingerprint_H_bit_246,0.0
3,fingerprint_H_bit_2,0.0
3,fingerprint_H_bit_0,0.0
3,fingerprint_H_bit_83,0.0
3,drug_fingerprint_bit_254,0.0
3,fingerprint_H_bit_8,0.0
3,fingerprint_H_bit_231,0.0
3,drug_fingerprint_bit_232,0.0
3,fingerprint_H_bit_229,0.0
3,fingerprint_H_bit_228,0.0
3,fingerprint_H_bit_225,0.0
3,fingerprint_H_bit_230,0.0
3,fingerprint_H_bit_60,0.0
3,poly_bromine_count_sidechainfeaturizer_sum,0.0
3,poly_chlorine_count_sidechainfeaturizer_sum,0.0
3,poly_fluorine_count_sidechainfeaturizer_sum,0.0
3,poly_total_halogens_sidechainfeaturizer_sum,0.0
3,fingerprint_H_bit_40,0.0
3,fingerprint_H_bit_188,0.0
3,drug_fingerprint_bit_244,0.0
3,fingerprint_H_bit_184,0.0
3,fingerprint_H_bit_166,0.0
3,fingerprint_H_bit_165,0.0
3,fingerprint_H_bit_163,0.0
3,fingerprint_H_bit_161,0.0
3,fingerprint_H_bit_160,0.0
3,fingerprint_H_bit_157,0.0
3,fingerprint_H_bit_156,0.0
3,fingerprint_H_bit_154,0.0
3,fingerprint_H_bit_153,0.0
3,poly_iodine_count_sum_backbonefeaturizer,0.0
3,poly_bromine_count_sum_backbonefeaturizer,0.0
3,poly_chlorine_count_sum_backbonefeaturizer,0.0
3,poly_fluorine_count_sum_backbonefeaturizer,0.0
3,poly_total_halogens_sum_backbonefeaturizer,0.0
3,fingerprint_H_bit_187,0.0
3,fingerprint_H_bit_49,0.0
3,fingerprint_H_bit_47,0.0
3,fingerprint_H_bit_43,0.0
3,fingerprint_H_bit_44,0.0
3,fingerprint_H_bit_152,0.0
3,fingerprint_H_bit_150,0.0
3,fingerprint_H_bit_149,0.0
3,poly_bridging_rings_count_sum_backbonefeaturizer,0.0
3,poly_triple_bonds_sum_backbonefeaturizer,0.0
3,fingerprint_H_bit_169,0.0
3,fingerprint_H_bit_168,0.0
3,drug_fingerprint_bit_21,0.0
3,drug_fingerprint_bit_17,0.0
3,drug_fingerprint_bit_9,0.0
3,fingerprint_H_bit_55,0.0
3,fingerprint_H_bit_51,0.0
3,fingerprint_H_bit_180,0.0
3,fingerprint_H_bit_179,0.0
3,fingerprint_H_bit_178,0.0
3,fingerprint_H_bit_176,0.0
3,fingerprint_H_bit_173,0.0
3,fingerprint_H_bit_172,0.0
3,fingerprint_H_bit_171,0.0
3,fingerprint_H_bit_170,0.0
3,fingerprint_H_bit_36,0.0
3,fingerprint_H_bit_35,0.0
3,poly_fraction_bicyclic_rings_sum_backbonefeaturizer,0.0
3,poly_bridging_rings_count_sidechainfeaturizer_sum,0.0
3,poly_triple_bonds_sidechainfeaturizer_sum,0.0
3,poly_iodine_count_sidechainfeaturizer_sum,0.0
3,fingerprint_H_bit_50,0.0
3,fingerprint_H_bit_10,0.0
3,fingerprint_H_bit_9,0.0
3,drug_fingerprint_bit_217,0.0
3,drug_fingerprint_bit_215,0.0
3,drug_fingerprint_bit_209,0.0
3,fingerprint_H_bit_77,0.0
3,fingerprint_H_bit_76,0.0
3,fingerprint_H_bit_74,0.0
3,fingerprint_H_bit_142,0.0
3,fingerprint_H_bit_141,0.0
3,fingerprint_H_bit_140,0.0
3,fingerprint_H_bit_137,0.0
3,fingerprint_H_bit_136,0.0
3,fingerprint_H_bit_135,0.0
3,fingerprint_H_bit_132,0.0
3,drug_fingerprint_bit_51,0.0
3,drug_fingerprint_bit_68,0.0
3,drug_fingerprint_bit_54,0.0
3,fingerprint_H_bit_148,0.0
3,fingerprint_H_bit_146,0.0
3,fingerprint_H_bit_73,0.0
3,fingerprint_H_bit_243,0.0
3,fingerprint_H_bit_242,0.0
3,fingerprint_H_bit_241,0.0
3,fingerprint_H_bit_240,0.0
3,fingerprint_H_bit_239,0.0
3,fingerprint_H_bit_238,0.0
3,fingerprint_H_bit_235,0.0
3,fingerprint_H_bit_234,0.0
3,fingerprint_H_bit_199,0.0
3,fingerprint_H_bit_198,0.0
3,fingerprint_H_bit_196,0.0
3,fingerprint_H_bit_195,0.0
3,fingerprint_H_bit_194,0.0
3,fingerprint_H_bit_193,0.0
3,fingerprint_H_bit_202,0.0
3,fingerprint_H_bit_11,0.0
3,fingerprint_H_bit_31,0.0
3,fingerprint_H_bit_29,0.0
3,fingerprint_H_bit_25,0.0
3,poly_num_aliphatic_heterocycles_sidechainfeaturizer_sum,0.0
3,poly_fraction_bicyclic_rings_sidechainfeaturizer_sum,0.0
3,poly_num_non_aromatic_rings_sidechainfeaturizer_sum,0.0
3,poly_bridging_rings_count_sum_fullpolymerfeaturizer,0.0
3,poly_triple_bonds_sum_fullpolymerfeaturizer,0.0
3,poly_iodine_count_sum_fullpolymerfeaturizer,0.0
3,poly_bromine_count_sum_fullpolymerfeaturizer,0.0
3,fingerprint_H_bit_181,0.0
3,fingerprint_H_bit_192,0.0
3,fingerprint_H_bit_72,0.0
3,fingerprint_H_bit_71,0.0
3,fingerprint_H_bit_62,0.0
3,drug_fingerprint_bit_198,0.0
3,drug_fingerprint_bit_195,0.0
3,fingerprint_H_bit_124,0.0
3,fingerprint_H_bit_122,0.0
3,fingerprint_H_bit_117,0.0
3,fingerprint_H_bit_115,0.0
3,drug_fingerprint_bit_89,0.0
3,drug_fingerprint_bit_87,0.0
3,fingerprint_H_bit_130,0.0
3,fingerprint_H_bit_129,0.0
3,fingerprint_H_bit_126,0.0
3,fingerprint_H_bit_19,0.0
3,fingerprint_H_bit_17,0.0
3,fingerprint_H_bit_16,0.0
3,fingerprint_H_bit_15,0.0
3,fingerprint_H_bit_14,0.0
3,fingerprint_H_bit_190,0.0
3,fingerprint_H_bit_189,0.0
3,fingerprint_H_bit_255,0.0
3,fingerprint_H_bit_254,0.0
3,fingerprint_H_bit_253,0.0
3,poly_chlorine_count_sum_fullpolymerfeaturizer,0.0
3,poly_fluorine_count_sum_fullpolymerfeaturizer,0.0
3,poly_total_halogens_sum_fullpolymerfeaturizer,0.0
3,poly_fraction_bicyclic_rings_sum_fullpolymerfeaturizer,0.0
3,fingerprint_H_bit_203,0.0
3,drug_fingerprint_bit_123,0.0
3,drug_fingerprint_bit_112,0.0
3,drug_fingerprint_bit_102,0.0
3,drug_fingerprint_bit_176,0.0
3,fingerprint_H_bit_95,0.0
3,fingerprint_H_bit_94,0.0
3,fingerprint_H_bit_93,0.0
3,fingerprint_H_bit_92,0.0
3,fingerprint_H_bit_91,0.0
3,fingerprint_H_bit_90,0.0
3,fingerprint_H_bit_88,0.0
3,fingerprint_H_bit_108,0.0
3,fingerprint_H_bit_107,0.0
3,fingerprint_H_bit_105,0.0
3,fingerprint_H_bit_104,0.0
3,fingerprint_H_bit_103,0.0
3,fingerprint_H_bit_102,0.0
3,fingerprint_H_bit_101,0.0
3,fingerprint_H_bit_99,0.0
3,fingerprint_H_bit_97,0.0
3,fingerprint_H_bit_96,0.0
3,fingerprint_H_bit_244,0.0
3,fingerprint_H_bit_110,0.0
3,fingerprint_H_bit_109,0.0
3,fingerprint_H_bit_87,0.0
3,fingerprint_H_bit_86,0.0
3,drug_fingerprint_bit_234,0.0
3,fingerprint_H_bit_201,0.0
3,fingerprint_H_bit_200,0.0
3,drug_fingerprint_bit_221,0.0
3,drug_fingerprint_bit_220,0.0
3,fingerprint_H_bit_24,0.0
3,fingerprint_H_bit_23,0.0
3,fingerprint_H_bit_22,0.0
3,fingerprint_H_bit_21,0.0
3,fingerprint_H_bit_20,0.0
3,fingerprint_H_bit_111,0.0
3,fingerprint_H_bit_223,0.0
3,fingerprint_H_bit_221,0.0
3,fingerprint_H_bit_220,0.0
3,drug_bromine_count_sum_fullmolecularfeaturizer,0.0
3,fingerprint_H_bit_79,0.0
3,drug_fingerprint_bit_166,0.0
3,drug_fingerprint_bit_157,0.0
3,fingerprint_H_bit_5,0.0
3,fingerprint_H_bit_59,0.0
3,drug_triple_bonds_sum_fullmolecularfeaturizer,0.0
3,fingerprint_H_bit_209,0.0
3,fingerprint_H_bit_208,0.0
3,fingerprint_H_bit_206,0.0
3,fingerprint_H_bit_82,0.0
3,drug_max_ring_size_sum_fullmolecularfeaturizer,-0.0012124640599004263
3,drug_fingerprint_bit_225,-0.0014738847237078048
3,drug_fingerprint_bit_156,-0.0025725681286896595
3,drug_fingerprint_bit_58,-0.004084746209738889
3,drug_fingerprint_bit_79,-0.004163712040052474
3,drug_fingerprint_bit_129,-0.00465190344590343
3,drug_fingerprint_bit_137,-0.005662084417721853
3,drug_fingerprint_bit_53,-0.0069706597103031875
3,drug_fingerprint_bit_65,-0.007005607830856774
3,drug_fingerprint_bit_251,-0.008031275932515571
3,drug_fingerprint_bit_61,-0.008380698750629023
3,drug_fp_density_morgan1_sum_fullmolecularfeaturizer,-0.012335686512090716
3,drug_fingerprint_bit_86,-0.01449019249707457
3,poly_single_bonds_sum_fullpolymerfeaturizer,-0.015681860031841688
3,fingerprint_H_bit_134,-0.017490621515702836
3,drug_fingerprint_bit_29,-0.019740813429517525
3,drug_fingerprint_bit_124,-0.0206254961093628
3,drug_fingerprint_bit_174,-0.021818313166060095
3,drug_fingerprint_bit_25,-0.02208601901209897
3,drug_fingerprint_bit_46,-0.02376010751359109
3,drug_fingerprint_bit_55,-0.02404666256080107
3,drug_fingerprint_bit_148,-0.024117164403551432
3,fingerprint_H_bit_175,-0.024207458708438656
3,drug_sp2_carbon_count_sum_fullmolecularfeaturizer,-0.026227704560053765
3,drug_fingerprint_bit_91,-0.02773931063007459
3,drug_fingerprint_bit_138,-0.02841531978979061
3,fingerprint_H_bit_143,-0.029771839495776744
3,drug_fingerprint_bit_139,-0.03011623019913547
3,drug_fingerprint_bit_243,-0.03399325573306984
3,drug_fingerprint_bit_80,-0.03801394450501786
3,drug_fingerprint_bit_182,-0.04064993849726807
3,fingerprint_H_bit_207,-0.046780093249762476
3,poly_num_hbond_acceptors_sum_fullpolymerfeaturizer,-0.048287585882004214
3,drug_fingerprint_bit_1,-0.052578905360626794
3,poly_topological_surface_area_sum_fullpolymerfeaturizer,-0.05914513960468461
3,fingerprint_H_bit_218,-0.06029657945229041
3,drug_fingerprint_bit_207,-0.06430009718435879
3,fingerprint_H_bit_7,-0.06592951828218123
3,fingerprint_H_bit_39,-0.06721484944400516
3,drug_fingerprint_bit_38,-0.07556686421216541
3,fingerprint_H_bit_38,-0.07955496320089865
3,drug_fingerprint_bit_214,-0.08628951376063017
3,drug_total_halogens_sum_fullmolecularfeaturizer,-0.08790499404035493
3,drug_fingerprint_bit_113,-0.08853436787889095
3,drug_double_bonds_sum_fullmolecularfeaturizer,-0.09285224069046845
3,drug_max_estate_index_sum_fullmolecularfeaturizer,-0.10141617872390299
3,drug_fingerprint_bit_66,-0.10226407663333699
3,drug_fingerprint_bit_168,-0.10480060373863687
3,drug_fingerprint_bit_175,-0.1065609714835343
3,drug_fingerprint_bit_230,-0.12382007985893276
3,drug_fingerprint_bit_228,-0.12444412186958916
3,drug_fingerprint_bit_40,-0.12978830004556746
3,drug_fingerprint_bit_143,-0.14811080723234657
3,drug_fingerprint_bit_64,-0.1535689351616419
3,drug_fingerprint_bit_242,-0.1591926318705493
3,drug_fingerprint_bit_233,-0.19110618558284287
3,fingerprint_H_bit_138,-0.19404643090687929
3,drug_fingerprint_bit_193,-0.19508306303583822
3,drug_fingerprint_bit_43,-0.21292436038748216
3,drug_fingerprint_bit_4,-0.22378449878388457
3,drug_slogp_vsa1_sum_fullmolecularfeaturizer,-0.254217168305114
3,drug_fingerprint_bit_111,-0.267360066878269
3,drug_fingerprint_bit_133,-0.28185158738203564
3,poly_max_estate_index_sum_fullpolymerfeaturizer,-0.2983212970214412
3,drug_fingerprint_bit_163,-0.3126968091532508
3,WATER_PH,-0.31824544508746627
3,drug_fingerprint_bit_47,-0.3227018623051238
3,drug_num_rotatable_bonds_sum_fullmolecularfeaturizer,-0.3236365938792778
3,drug_fingerprint_bit_186,-0.330438105754995
3,drug_fingerprint_bit_107,-0.3512826764329346
3,drug_fingerprint_bit_72,-0.35584534981414395
3,poly_num_rings_sum_fullpolymerfeaturizer,-0.35801561958899814
3,fingerprint_H_bit_125,-0.369328838766312
3,drug_fingerprint_bit_19,-0.370600658310854
3,drug_fingerprint_bit_128,-0.44813797213160667
3,charge_at_WATER_PH_H,-0.4962920490101386
3,poly_heteroatom_count_sum_fullpolymerfeaturizer,-0.5267576690729917
3,drug_fingerprint_bit_224,-0.5991661709149582
3,poly_num_atoms_sum_fullpolymerfeaturizer,-0.6508932210655519
3,drug_fingerprint_bit_200,-0.7617687867816857
3,drug_fingerprint_bit_237,-0.8867514672467787
3,drug_fingerprint_bit_151,-0.8941593873060226
3,drug_fingerprint_bit_52,-0.9246803111987599
3,drug_fingerprint_bit_33,-1.0993590302531253
3,CONCENTRATION,-1.1128262933039352
3,drug_fingerprint_bit_45,-1.115977037025881
3,drug_fingerprint_bit_119,-1.2543176397056635
3,drug_fingerprint_bit_108,-1.310822967596642
3,fingerprint_H_bit_144,-1.439588349111929
3,poly_num_aliphatic_heterocycles_sum_backbonefeaturizer,-1.9713573704813994
3,fingerprint_H_bit_158,-2.037822177768462
3,drug_fingerprint_bit_88,-2.161104006024942
3,poly_num_aliphatic_heterocycles_sum_fullpolymerfeaturizer,-3.171118720996016
3,fingerprint_H_bit_75,-4.463201075486837
3,fingerprint_H_bit_127,-4.496600992708393
3,fingerprint_H_bit_191,-5.699645807781349
4,fingerprint_H_bit_2,10.340169670522434
4,drug_fingerprint_bit_190,7.217755621735246
4,drug_fingerprint_bit_98,6.72593361333873
4,fingerprint_H_bit_130,4.297757693627619
4,poly_sp2_carbon_count_sum_backbonefeaturizer,2.833680028205461
4,fingerprint_H_bit_1,2.6036794171770583
4,poly_fp_density_morgan1_sum_backbonefeaturizer,2.368584301533072
4,fingerprint_H_bit_213,2.062012452936115
4,poly_slogp_vsa1_sum_fullpolymerfeaturizer,2.029323255503131
4,poly_balaban_j_index_sidechainfeaturizer_sum,1.9326242187521452
4,poly_max_estate_index_sidechainfeaturizer_sum,1.8703536516044477
4,poly_heteroatom_density_sidechainfeaturizer_sum,1.8609999296558617
4,logd_at_WATER_PH_H,1.8595434259692338
4,fingerprint_H_bit_118,1.811700910838578
4,fingerprint_H_bit_182,1.784632428562778
4,poly_sp2_carbon_count_sidechainfeaturizer_sum,1.735648448456303
4,fingerprint_H_bit_113,1.7348416802247222
4,poly_num_aromatic_rings_sum_backbonefeaturizer,1.6956395903892074
4,fingerprint_H_bit_128,1.6815905821356603
4,poly_slogp_vsa1_sum_backbonefeaturizer,1.64021060560936
4,poly_num_rings_sidechainfeaturizer_sum,1.6067508946471185
4,poly_molecular_weight_sum_backbonefeaturizer,1.5790437694105355
4,fingerprint_H_bit_53,1.4736507195876971
4,poly_fp_density_morgan1_sidechainfeaturizer_sum,1.395116783955989
4,poly_num_atoms_sum_backbonefeaturizer,1.3696980208747054
4,fingerprint_H_bit_167,1.3280970590325951
4,poly_topological_surface_area_sidechainfeaturizer_sum,1.29631894130536
4,poly_balaban_j_index_sum_backbonefeaturizer,1.2757883318158438
4,poly_num_hbond_acceptors_sum_backbonefeaturizer,1.269484637333597
4,poly_num_atoms_sidechainfeaturizer_sum,1.2409861614690438
4,poly_sp3_carbon_count_sum_backbonefeaturizer,1.23193391386102
4,poly_smr_vsa5_sum_backbonefeaturizer,1.215799684451433
4,fingerprint_H_bit_81,1.194958744219987
4,drug_fingerprint_bit_218,1.1709475722904368
4,fingerprint_H_bit_56,1.1485618998668505
4,fingerprint_H_bit_222,1.113211100898508
4,fingerprint_H_bit_155,1.100520372521944
4,poly_max_ring_size_sidechainfeaturizer_sum,1.0894812285149633
4,drug_fingerprint_bit_213,1.08828168330533
4,fingerprint_H_bit_183,1.0672064585310987
4,poly_num_hbond_donors_sidechainfeaturizer_sum,1.0399495733673296
4,fingerprint_H_bit_145,1.0355679630854842
4,poly_num_aromatic_rings_sum_fullpolymerfeaturizer,1.0227099948250589
4,poly_heteroatom_count_sum_backbonefeaturizer,1.0220054253203756
4,fingerprint_H_bit_45,1.0079433600974668
4,poly_sp3_carbon_count_sidechainfeaturizer_sum,0.9895317383966209
4,fingerprint_H_bit_237,0.9840820052543368
4,fingerprint_H_bit_204,0.9694896335058992
4,poly_num_hbond_acceptors_sidechainfeaturizer_sum,0.9636930361174293
4,fingerprint_H_bit_41,0.9439183795796591
4,poly_topological_surface_area_sum_backbonefeaturizer,0.9293691464061207
4,drug_fingerprint_bit_110,0.891960642955547
4,poly_num_hbond_donors_sum_backbonefeaturizer,0.8784704810095266
4,fingerprint_H_bit_245,0.8727014622346829
4,fingerprint_H_bit_64,0.8715648760440767
4,fingerprint_H_bit_151,0.8585287529326235
4,poly_num_rotatable_bonds_sum_backbonefeaturizer,0.8565825194111333
4,poly_molecular_weight_sidechainfeaturizer_sum,0.8009705073989114
4,poly_num_aromatic_rings_sidechainfeaturizer_sum,0.7984539742509104
4,poly_double_bonds_sum_backbonefeaturizer,0.7897121447762491
4,fingerprint_H_bit_85,0.7734819273414939
4,fingerprint_H_bit_175,0.764584614243927
4,homo_eV_H,0.7643833809392413
4,poly_single_bonds_sum_backbonefeaturizer,0.7408986796461853
4,poly_max_ring_size_sum_fullpolymerfeaturizer,0.7374701316498047
4,fingerprint_H_bit_139,0.7368985142113372
4,drug_fingerprint_bit_22,0.7346284693347321
4,drug_fingerprint_bit_223,0.7181530374721703
4,poly_heteroatom_count_sidechainfeaturizer_sum,0.6449978313367295
4,fingerprint_H_bit_33,0.6334145846263767
4,fingerprint_H_bit_80,0.6310339219628551
4,drug_fingerprint_bit_42,0.6262890235197045
4,fingerprint_H_bit_214,0.6062210169476928
4,poly_fp_density_morgan1_sum_fullpolymerfeaturizer,0.6058536444611471
4,drug_fingerprint_bit_227,0.6036794748956622
4,drug_fingerprint_bit_180,0.602731265628048
4,drug_bridging_rings_count_sum_fullmolecularfeaturizer,0.5970693365387368
4,drug_heteroatom_count_sum_fullmolecularfeaturizer,0.5925446562059246
4,drug_fingerprint_bit_159,0.5914444686784168
4,drug_fingerprint_bit_24,0.5834184212027009
4,drug_fingerprint_bit_206,0.5809216341641283
4,fingerprint_H_bit_48,0.5766299198971675
4,drug_num_aromatic_rings_sum_fullmolecularfeaturizer,0.5649683382596917
4,drug_fingerprint_bit_153,0.5631137123594182
4,drug_fingerprint_bit_99,0.562948063109445
4,fingerprint_H_bit_133,0.556653501274867
4,drug_total_halogens_sum_fullmolecularfeaturizer,0.550289807250469
4,drug_fingerprint_bit_147,0.5374288648405522
4,fingerprint_H_bit_84,0.5336486329255649
4,fingerprint_H_bit_232,0.5269560131455545
4,fingerprint_H_bit_100,0.5237899343121297
4,drug_fingerprint_bit_158,0.5138352761521082
4,drug_fingerprint_bit_142,0.512165574072197
4,drug_num_hbond_donors_sum_fullmolecularfeaturizer,0.5115000442434848
4,fingerprint_H_bit_78,0.5091771874444629
4,poly_single_bonds_sidechainfeaturizer_sum,0.508023303039235
4,drug_topological_surface_area_sum_fullmolecularfeaturizer,0.5069895689541968
4,drug_fingerprint_bit_184,0.5055956383357632
4,fingerprint_H_bit_197,0.48238361630581456
4,fingerprint_H_bit_27,0.4567176137751495
4,drug_fingerprint_bit_189,0.45345236547977225
4,drug_fingerprint_bit_250,0.4490609872050247
4,drug_fingerprint_bit_61,0.4484095959707871
4,fingerprint_H_bit_217,0.44533650123274715
4,drug_fingerprint_bit_253,0.443190416270599
4,drug_fingerprint_bit_3,0.4380461859944632
4,fingerprint_H_bit_159,0.4376726647206967
4,poly_smr_vsa5_sum_fullpolymerfeaturizer,0.43239709032470236
4,drug_fingerprint_bit_71,0.4220592177954228
4,poly_heteroatom_density_sum_fullpolymerfeaturizer,0.4114878425460143
4,poly_double_bonds_sidechainfeaturizer_sum,0.40188353336562604
4,poly_max_ring_size_sum_backbonefeaturizer,0.3831302281177066
4,drug_fingerprint_bit_226,0.3695781456708149
4,drug_fingerprint_bit_49,0.35752212510737197
4,drug_num_hbond_acceptors_sum_fullmolecularfeaturizer,0.3536178620204951
4,fingerprint_H_bit_236,0.35230509222518236
4,drug_fingerprint_bit_201,0.34815092439592155
4,drug_fingerprint_bit_160,0.34238943050503984
4,drug_fingerprint_bit_81,0.3351912752223297
4,drug_chlorine_count_sum_fullmolecularfeaturizer,0.3300937861215485
4,lumo_eV_H,0.3284413123495083
4,drug_fingerprint_bit_12,0.3263573777590137
4,drug_fingerprint_bit_126,0.3232717910219134
4,drug_fingerprint_bit_249,0.3186112787333465
4,poly_sp3_carbon_count_sum_fullpolymerfeaturizer,0.31496186258419356
4,fingerprint_H_bit_226,0.31491261764765505
4,drug_fingerprint_bit_36,0.31473907434163256
4,fingerprint_H_bit_69,0.3124525656949192
4,drug_fingerprint_bit_0,0.30275059246776015
4,drug_fraction_bicyclic_rings_sum_fullmolecularfeaturizer,0.3004713943907556
4,drug_fingerprint_bit_211,0.28640166248442245
4,poly_num_rotatable_bonds_sum_fullpolymerfeaturizer,0.2852834148675118
4,drug_fingerprint_bit_155,0.28460035676400525
4,drug_fingerprint_bit_196,0.28133266121332806
4,drug_fingerprint_bit_35,0.277953567076519
4,drug_fluorine_count_sum_fullmolecularfeaturizer,0.2740561227223738
4,drug_fingerprint_bit_167,0.27291937211228123
4,drug_fingerprint_bit_105,0.272494769142361
4,drug_fingerprint_bit_177,0.2699270511048208
4,drug_fingerprint_bit_216,0.26949763095123164
4,drug_fingerprint_bit_188,0.26337576619027364
4,drug_fingerprint_bit_203,0.2511887826063665
4,drug_num_atoms_sum_fullmolecularfeaturizer,0.24629676900784017
4,drug_fingerprint_bit_252,0.2449858526128829
4,drug_fingerprint_bit_251,0.24468906658999767
4,drug_fingerprint_bit_63,0.24456240073316154
4,fingerprint_H_bit_251,0.24117857825790517
4,drug_fingerprint_bit_246,0.2400267482592757
4,drug_fingerprint_bit_97,0.23470858032570277
4,poly_num_rotatable_bonds_sidechainfeaturizer_sum,0.23427000311196863
4,fingerprint_H_bit_147,0.23016167811249913
4,drug_fingerprint_bit_50,0.22980274359283287
4,drug_fingerprint_bit_144,0.2289067967003541
4,poly_smr_vsa5_sidechainfeaturizer_sum,0.22607327331620142
4,drug_fingerprint_bit_115,0.22534552576333663
4,drug_molecular_weight_sum_fullmolecularfeaturizer,0.22477544807046396
4,fingerprint_H_bit_162,0.22307966602144683
4,drug_sp3_carbon_count_sum_fullmolecularfeaturizer,0.22126504034056876
4,drug_logp,0.22014912106209983
4,poly_num_rings_sum_fullpolymerfeaturizer,0.2148591951178734
4,drug_fingerprint_bit_165,0.21372042804046107
4,drug_balaban_j_index_sum_fullmolecularfeaturizer,0.2133551354014329
4,drug_fingerprint_bit_15,0.20773220219057623
4,fingerprint_H_bit_121,0.20604773271751517
4,drug_single_bonds_sum_fullmolecularfeaturizer,0.20450205990443363
4,drug_fingerprint_bit_120,0.19764482837609787
4,drug_smr_vsa5_sum_fullmolecularfeaturizer,0.1968111151275632
4,drug_fingerprint_bit_130,0.1767812451838344
4,drug_fingerprint_bit_181,0.1745684002463078
4,fingerprint_H_bit_37,0.1736001209130243
4,poly_heteroatom_density_sum_backbonefeaturizer,0.1734394562780118
4,drug_lumo_eV,0.17221174263555547
4,drug_fingerprint_bit_185,0.1721671811384253
4,drug_fingerprint_bit_28,0.1705735536638084
4,drug_fingerprint_bit_77,0.1700008039566143
4,drug_num_aliphatic_heterocycles_sum_fullmolecularfeaturizer,0.16707585679859496
4,drug_fingerprint_bit_106,0.16251165916368063
4,poly_slogp_vsa1_sidechainfeaturizer_sum,0.1592399754936178
4,drug_fingerprint_bit_145,0.159093821312527
4,drug_fingerprint_bit_141,0.15849648697464527
4,fingerprint_H_bit_227,0.1574930194041164
4,drug_fingerprint_bit_164,0.15511480193837132
4,drug_fingerprint_bit_229,0.15376187946558093
4,drug_fingerprint_bit_156,0.15119961354577954
4,drug_fingerprint_bit_146,0.14873828791591942
4,fingerprint_H_bit_70,0.14666970373904067
4,drug_fingerprint_bit_194,0.14538843346775207
4,drug_fingerprint_bit_219,0.14134559448387998
4,fingerprint_H_bit_123,0.14080865679983862
4,drug_fingerprint_bit_202,0.14057493496910906
4,drug_fingerprint_bit_183,0.1400020083529566
4,fingerprint_H_bit_61,0.1385005129501472
4,drug_fingerprint_bit_60,0.1383290838565143
4,drug_num_rings_sum_fullmolecularfeaturizer,0.13818734596773735
4,drug_fingerprint_bit_136,0.1380371612033347
4,drug_fingerprint_bit_212,0.13776082787411617
4,drug_fingerprint_bit_74,0.1321874777252789
4,drug_logd_at_WATER_PH,0.13156147652164854
4,fingerprint_H_bit_28,0.13128524859801763
4,drug_fingerprint_bit_93,0.13122652980440588
4,drug_fingerprint_bit_83,0.1308299955011068
4,drug_fingerprint_bit_247,0.12851133669339632
4,drug_fingerprint_bit_125,0.1274103464086938
4,drug_homo_eV,0.1250181182795508
4,drug_fingerprint_bit_199,0.1247258495278879
4,fingerprint_H_bit_89,0.12343102013497234
4,poly_balaban_j_index_sum_fullpolymerfeaturizer,0.12248232372437216
4,drug_fingerprint_bit_118,0.1223387775481719
4,drug_fingerprint_bit_30,0.12190738516668799
4,drug_fingerprint_bit_11,0.12147609435443836
4,fingerprint_H_bit_13,0.11966228153659302
4,drug_fingerprint_bit_13,0.1196511817297843
4,drug_fingerprint_bit_236,0.11735942579768144
4,drug_fingerprint_bit_10,0.11721279333737424
4,drug_fingerprint_bit_46,0.11472416198228864
4,drug_fingerprint_bit_132,0.11217780583238549
4,drug_fingerprint_bit_23,0.11198715522986703
4,drug_fingerprint_bit_75,0.11145649473256276
4,drug_num_non_aromatic_rings_sum_fullmolecularfeaturizer,0.11082942050346481
4,fingerprint_H_bit_216,0.11034022613138174
4,drug_fingerprint_bit_240,0.10836177737223127
4,drug_fingerprint_bit_69,0.10767044033633454
4,drug_fingerprint_bit_242,0.1050618062813877
4,drug_fp_density_morgan1_sum_fullmolecularfeaturizer,0.10466257585932288
4,drug_fingerprint_bit_67,0.10367258241539719
4,drug_fingerprint_bit_197,0.10226803169541444
4,drug_fingerprint_bit_169,0.10210368322187048
4,drug_fingerprint_bit_41,0.09955274869249937
4,drug_fingerprint_bit_170,0.09737300336193933
4,drug_fingerprint_bit_57,0.09575463732631843
4,drug_fingerprint_bit_27,0.09572311370721105
4,fingerprint_H_bit_54,0.09540305409014925
4,drug_fingerprint_bit_26,0.09301482020110055
4,fingerprint_H_bit_30,0.09129282858843353
4,drug_fingerprint_bit_205,0.09034177467845848
4,drug_fingerprint_bit_95,0.08915218869986526
4,drug_fingerprint_bit_6,0.08814009137873267
4,drug_heteroatom_density_sum_fullmolecularfeaturizer,0.08724410121138106
4,poly_max_estate_index_sum_backbonefeaturizer,0.08629805811529909
4,drug_fingerprint_bit_114,0.08594724408657095
4,fingerprint_H_bit_186,0.08055854608726747
4,drug_fingerprint_bit_39,0.07965611786945581
4,drug_fingerprint_bit_172,0.07954754290482159
4,drug_fingerprint_bit_139,0.07934785349969886
4,drug_fingerprint_bit_150,0.07730492607857666
4,drug_fingerprint_bit_239,0.07687947609093179
4,drug_fingerprint_bit_116,0.07605191346172548
4,fingerprint_H_bit_58,0.07553492341946212
4,drug_fingerprint_bit_148,0.0752700734334046
4,drug_fingerprint_bit_44,0.0717277086818854
4,drug_fingerprint_bit_2,0.06908110353196753
4,fingerprint_H_bit_164,0.06860317839841275
4,drug_fingerprint_bit_235,0.06825821836938586
4,drug_fingerprint_bit_92,0.06775219764207438
4,drug_fingerprint_bit_208,0.06764419661675544
4,drug_fingerprint_bit_171,0.06670976402197289
4,drug_fingerprint_bit_245,0.0654115033335506
4,drug_fingerprint_bit_127,0.0652264118822042
4,fingerprint_H_bit_18,0.06467419917369323
4,drug_fingerprint_bit_82,0.06459185730529338
4,fingerprint_H_bit_119,0.06412463383700441
4,fingerprint_H_bit_212,0.06370505405981967
4,fingerprint_H_bit_34,0.06303025202345477
4,drug_fingerprint_bit_7,0.06228600697789293
4,drug_fingerprint_bit_187,0.05947509584448461
4,drug_fingerprint_bit_101,0.059293992079003065
4,drug_fingerprint_bit_84,0.059201607139647054
4,drug_fingerprint_bit_109,0.05880581458177113
4,drug_fingerprint_bit_48,0.0575657881795697
4,fingerprint_H_bit_52,0.05756402431315715
4,drug_fingerprint_bit_122,0.056571186516023844
4,fingerprint_H_bit_205,0.056374666218795645
4,poly_single_bonds_sum_fullpolymerfeaturizer,0.05575548929040104
4,fingerprint_H_bit_32,0.05502131658944947
4,drug_fingerprint_bit_90,0.05460789300408149
4,fingerprint_H_bit_63,0.05384277054831404
4,poly_num_aliphatic_heterocycles_sum_fullpolymerfeaturizer,0.05276309300638677
4,drug_fingerprint_bit_62,0.05182443035907967
4,fingerprint_H_bit_131,0.05120414227061692
4,drug_fingerprint_bit_135,0.05092842789327672
4,drug_fingerprint_bit_191,0.050528624119888454
4,drug_fingerprint_bit_204,0.05039662433461156
4,fingerprint_H_bit_134,0.04961026907433845
4,drug_fingerprint_bit_78,0.04851907019546737
4,fingerprint_H_bit_68,0.047199523488152706
4,drug_fingerprint_bit_103,0.04709716289123943
4,poly_num_non_aromatic_rings_sum_fullpolymerfeaturizer,0.04676521759535617
4,drug_fingerprint_bit_37,0.04451796908204111
4,drug_fingerprint_bit_100,0.04358281766245732
4,drug_fingerprint_bit_117,0.04297154102961953
4,fingerprint_H_bit_143,0.04261729864218452
4,drug_fingerprint_bit_76,0.041644998903316334
4,poly_num_non_aromatic_rings_sum_backbonefeaturizer,0.03973162296802047
4,fingerprint_H_bit_158,0.03933347644458434
4,fingerprint_H_bit_114,0.03888000889022412
4,drug_fingerprint_bit_18,0.03858089296245869
4,drug_max_ring_size_sum_fullmolecularfeaturizer,0.03786319631597496
4,drug_fingerprint_bit_34,0.0364978901153414
4,drug_fingerprint_bit_32,0.03648929930722139
4,fingerprint_H_bit_219,0.03639685433559049
4,drug_fingerprint_bit_29,0.03634650463490173
4,drug_fingerprint_bit_173,0.03621144441153136
4,drug_fingerprint_bit_137,0.035945488722586336
4,drug_fingerprint_bit_56,0.034841239897834705
4,fingerprint_H_bit_116,0.03475316370961395
4,fingerprint_H_bit_65,0.0342337811103537
4,drug_fingerprint_bit_222,0.03369789296432583
4,drug_fingerprint_bit_73,0.03309031453499234
4,fingerprint_H_bit_174,0.03253012728024501
4,drug_fingerprint_bit_210,0.02951420006792138
4,drug_fingerprint_bit_154,0.029023334307135617
4,drug_fingerprint_bit_14,0.028130503128390265
4,drug_fingerprint_bit_8,0.02748898919531376
4,drug_fingerprint_bit_104,0.027057129343216895
4,poly_num_aliphatic_heterocycles_sum_backbonefeaturizer,0.026627080373973773
4,drug_fingerprint_bit_121,0.026102512036747995
4,drug_fingerprint_bit_231,0.02524811092303786
4,drug_fingerprint_bit_248,0.02522906904385771
4,drug_fingerprint_bit_238,0.023657974788416462
4,drug_fingerprint_bit_59,0.022943387994024896
4,drug_fingerprint_bit_129,0.021535434684705805
4,drug_fingerprint_bit_31,0.02147284606527475
4,drug_fingerprint_bit_134,0.020536033384631416
4,fingerprint_H_bit_98,0.020094450735067913
4,fingerprint_H_bit_26,0.018542872439700226
4,drug_fingerprint_bit_149,0.017660182269729527
4,fingerprint_H_bit_106,0.017586497808615237
4,drug_fingerprint_bit_96,0.01731374979419331
4,drug_fingerprint_bit_140,0.01660163206379925
4,drug_fingerprint_bit_225,0.016056290063523194
4,drug_fingerprint_bit_70,0.015930965875169702
4,drug_fingerprint_bit_20,0.015763508880776628
4,drug_fingerprint_bit_152,0.015749283672654994
4,fingerprint_H_bit_144,0.014736113787298558
4,fingerprint_H_bit_185,0.01449578665414436
4,drug_fingerprint_bit_16,0.01344781797671822
4,drug_fingerprint_bit_94,0.013085931793376677
4,fingerprint_H_bit_46,0.012750391448040006
4,drug_fingerprint_bit_162,0.01091526683572636
4,drug_fingerprint_bit_182,0.007838064282084525
4,drug_fingerprint_bit_161,0.00601878649905995
4,drug_sp2_carbon_count_sum_fullmolecularfeaturizer,0.004173675957381618
4,drug_fingerprint_bit_241,0.0035463193630170847
4,drug_fingerprint_bit_79,0.0014755319848565433
4,fingerprint_H_bit_96,4.48012103605931e-11
4,fingerprint_H_bit_104,0.0
4,fingerprint_H_bit_117,0.0
4,poly_total_halogens_sum_fullpolymerfeaturizer,0.0
4,fingerprint_H_bit_115,0.0
4,poly_fluorine_count_sum_fullpolymerfeaturizer,0.0
4,poly_chlorine_count_sum_fullpolymerfeaturizer,0.0
4,drug_fingerprint_bit_89,0.0
4,drug_fingerprint_bit_87,0.0
4,fingerprint_H_bit_137,0.0
4,fingerprint_H_bit_136,0.0
4,fingerprint_H_bit_135,0.0
4,fingerprint_H_bit_132,0.0
4,fingerprint_H_bit_127,0.0
4,fingerprint_H_bit_126,0.0
4,fingerprint_H_bit_107,0.0
4,fingerprint_H_bit_5,0.0
4,fingerprint_H_bit_105,0.0
4,fingerprint_H_bit_72,0.0
4,drug_fingerprint_bit_157,0.0
4,poly_iodine_count_sum_fullpolymerfeaturizer,0.0
4,drug_fingerprint_bit_123,0.0
4,poly_triple_bonds_sum_fullpolymerfeaturizer,0.0
4,fingerprint_H_bit_92,0.0
4,fingerprint_H_bit_91,0.0
4,fingerprint_H_bit_129,0.0
4,fingerprint_H_bit_43,0.0
4,fingerprint_H_bit_231,0.0
4,fingerprint_H_bit_230,0.0
4,fingerprint_H_bit_229,0.0
4,fingerprint_H_bit_228,0.0
4,drug_fingerprint_bit_221,0.0
4,drug_fingerprint_bit_220,0.0
4,fingerprint_H_bit_24,0.0
4,poly_fraction_bicyclic_rings_sum_fullpolymerfeaturizer,0.0
4,fingerprint_H_bit_124,0.0
4,fingerprint_H_bit_122,0.0
4,fingerprint_H_bit_55,0.0
4,drug_fingerprint_bit_195,0.0
4,fingerprint_H_bit_141,0.0
4,fingerprint_H_bit_140,0.0
4,fingerprint_H_bit_234,0.0
4,fingerprint_H_bit_173,0.0
4,fingerprint_H_bit_235,0.0
4,fingerprint_H_bit_238,0.0
4,fingerprint_H_bit_239,0.0
4,fingerprint_H_bit_240,0.0
4,fingerprint_H_bit_192,0.0
4,fingerprint_H_bit_190,0.0
4,poly_bromine_count_sidechainfeaturizer_sum,0.0
4,poly_iodine_count_sidechainfeaturizer_sum,0.0
4,fingerprint_H_bit_142,0.0
4,fingerprint_H_bit_86,0.0
4,fingerprint_H_bit_83,0.0
4,fingerprint_H_bit_82,0.0
4,fingerprint_H_bit_79,0.0
4,fingerprint_H_bit_77,0.0
4,drug_fingerprint_bit_176,0.0
4,fingerprint_H_bit_88,0.0
4,fingerprint_H_bit_6,0.0
4,drug_fingerprint_bit_244,0.0
4,fingerprint_H_bit_94,0.0
4,fingerprint_H_bit_3,0.0
4,fingerprint_H_bit_93,0.0
4,fingerprint_H_bit_157,0.0
4,drug_fingerprint_bit_234,0.0
4,fingerprint_H_bit_87,0.0
4,fingerprint_H_bit_74,0.0
4,fingerprint_H_bit_73,0.0
4,drug_triple_bonds_sum_fullmolecularfeaturizer,0.0
4,fingerprint_H_bit_103,0.0
4,fingerprint_H_bit_102,0.0
4,fingerprint_H_bit_101,0.0
4,fingerprint_H_bit_99,0.0
4,fingerprint_H_bit_8,0.0
4,fingerprint_H_bit_97,0.0
4,fingerprint_H_bit_90,0.0
4,fingerprint_H_bit_0,0.0
4,fingerprint_H_bit_156,0.0
4,drug_fingerprint_bit_112,0.0
4,poly_bridging_rings_count_sum_fullpolymerfeaturizer,0.0
4,drug_fingerprint_bit_102,0.0
4,drug_fingerprint_bit_198,0.0
4,fingerprint_H_bit_249,0.0
4,fingerprint_H_bit_76,0.0
4,fingerprint_H_bit_75,0.0
4,fingerprint_H_bit_62,0.0
4,fingerprint_H_bit_60,0.0
4,fingerprint_H_bit_59,0.0
4,fingerprint_H_bit_250,0.0
4,fingerprint_H_bit_241,0.0
4,fingerprint_H_bit_253,0.0
4,drug_fingerprint_bit_166,0.0
4,fingerprint_H_bit_254,0.0
4,fingerprint_H_bit_255,0.0
4,fingerprint_H_bit_111,0.0
4,fingerprint_H_bit_110,0.0
4,fingerprint_H_bit_109,0.0
4,fingerprint_H_bit_108,0.0
4,fingerprint_H_bit_4,0.0
4,drug_fingerprint_bit_254,0.0
4,drug_iodine_count_sum_fullmolecularfeaturizer,0.0
4,drug_bromine_count_sum_fullmolecularfeaturizer,0.0
4,fingerprint_H_bit_71,0.0
4,fingerprint_H_bit_252,0.0
4,fingerprint_H_bit_221,0.0
4,fingerprint_H_bit_220,0.0
4,fingerprint_H_bit_36,0.0
4,fingerprint_H_bit_215,0.0
4,fingerprint_H_bit_211,0.0
4,fingerprint_H_bit_210,0.0
4,fingerprint_H_bit_51,0.0
4,fingerprint_H_bit_50,0.0
4,drug_fingerprint_bit_9,0.0
4,poly_num_non_aromatic_rings_sidechainfeaturizer_sum,0.0
4,poly_fraction_bicyclic_rings_sidechainfeaturizer_sum,0.0
4,poly_num_aliphatic_heterocycles_sidechainfeaturizer_sum,0.0
4,fingerprint_H_bit_44,0.0
4,fingerprint_H_bit_14,0.0
4,fingerprint_H_bit_12,0.0
4,fingerprint_H_bit_11,0.0
4,fingerprint_H_bit_10,0.0
4,fingerprint_H_bit_9,0.0
4,drug_fingerprint_bit_217,0.0
4,fingerprint_H_bit_203,0.0
4,fingerprint_H_bit_202,0.0
4,fingerprint_H_bit_201,0.0
4,fingerprint_H_bit_200,0.0
4,fingerprint_H_bit_199,0.0
4,fingerprint_H_bit_177,0.0
4,poly_total_halogens_sidechainfeaturizer_sum,0.0
4,fingerprint_H_bit_29,0.0
4,poly_bromine_count_sum_fullpolymerfeaturizer,0.0
4,fingerprint_H_bit_49,0.0
4,fingerprint_H_bit_15,0.0
4,fingerprint_H_bit_31,0.0
4,fingerprint_H_bit_25,0.0
4,poly_bridging_rings_count_sidechainfeaturizer_sum,0.0
4,poly_triple_bonds_sidechainfeaturizer_sum,0.0
4,poly_iodine_count_sum_backbonefeaturizer,0.0
4,poly_bromine_count_sum_backbonefeaturizer,0.0
4,poly_chlorine_count_sum_backbonefeaturizer,0.0
4,poly_fluorine_count_sum_backbonefeaturizer,0.0
4,fingerprint_H_bit_16,0.0
4,fingerprint_H_bit_35,0.0
4,poly_fraction_bicyclic_rings_sum_backbonefeaturizer,0.0
4,fingerprint_H_bit_40,0.0
4,fingerprint_H_bit_23,0.0
4,fingerprint_H_bit_22,0.0
4,fingerprint_H_bit_198,0.0
4,fingerprint_H_bit_196,0.0
4,fingerprint_H_bit_195,0.0
4,fingerprint_H_bit_194,0.0
4,fingerprint_H_bit_20,0.0
4,fingerprint_H_bit_19,0.0
4,fingerprint_H_bit_17,0.0
4,poly_total_halogens_sum_backbonefeaturizer,0.0
4,fingerprint_H_bit_180,0.0
4,fingerprint_H_bit_179,0.0
4,fingerprint_H_bit_178,0.0
4,fingerprint_H_bit_95,0.0
4,drug_fingerprint_bit_209,0.0
4,fingerprint_H_bit_154,0.0
4,fingerprint_H_bit_153,0.0
4,fingerprint_H_bit_152,0.0
4,fingerprint_H_bit_150,0.0
4,fingerprint_H_bit_149,0.0
4,fingerprint_H_bit_148,0.0
4,fingerprint_H_bit_146,0.0
4,fingerprint_H_bit_176,0.0
4,drug_fingerprint_bit_68,0.0
4,fingerprint_H_bit_172,0.0
4,fingerprint_H_bit_171,0.0
4,fingerprint_H_bit_170,0.0
4,fingerprint_H_bit_169,0.0
4,fingerprint_H_bit_168,0.0
4,drug_fingerprint_bit_54,0.0
4,drug_fingerprint_bit_215,0.0
4,poly_chlorine_count_sidechainfeaturizer_sum,0.0
4,poly_fluorine_count_sidechainfeaturizer_sum,0.0
4,fingerprint_H_bit_47,0.0
4,drug_fingerprint_bit_232,0.0
4,drug_fingerprint_bit_51,0.0
4,fingerprint_H_bit_209,0.0
4,fingerprint_H_bit_208,0.0
4,fingerprint_H_bit_206,0.0
4,drug_fingerprint_bit_21,0.0
4,fingerprint_H_bit_193,0.0
4,fingerprint_H_bit_225,0.0
4,fingerprint_H_bit_223,0.0
4,poly_bridging_rings_count_sum_backbonefeaturizer,0.0
4,poly_triple_bonds_sum_backbonefeaturizer,0.0
4,fingerprint_H_bit_242,0.0
4,fingerprint_H_bit_243,0.0
4,drug_fingerprint_bit_17,0.0
4,fingerprint_H_bit_181,0.0
4,fingerprint_H_bit_246,0.0
4,fingerprint_H_bit_166,0.0
4,fingerprint_H_bit_165,0.0
4,fingerprint_H_bit_163,0.0
4,fingerprint_H_bit_161,0.0
4,fingerprint_H_bit_160,0.0
4,fingerprint_H_bit_247,0.0
4,fingerprint_H_bit_248,0.0
4,fingerprint_H_bit_189,0.0
4,fingerprint_H_bit_188,0.0
4,fingerprint_H_bit_187,0.0
4,fingerprint_H_bit_21,0.0
4,fingerprint_H_bit_184,0.0
4,fingerprint_H_bit_244,0.0
4,drug_fingerprint_bit_55,-0.000657416139086068
4,drug_fingerprint_bit_193,-0.0016228815142383232
4,drug_fingerprint_bit_5,-0.002397283057509514
4,drug_fingerprint_bit_65,-0.0027453058711406075
4,drug_fingerprint_bit_25,-0.004228563266498693
4,drug_fingerprint_bit_178,-0.006524717225709821
4,poly_topological_surface_area_sum_fullpolymerfeaturizer,-0.011296957060164387
4,drug_fingerprint_bit_53,-0.014479684571321188
4,drug_fingerprint_bit_85,-0.01818025537164166
4,drug_fingerprint_bit_1,-0.021812831212399773
4,drug_fingerprint_bit_192,-0.024061537885726045
4,drug_fingerprint_bit_131,-0.024388636059815002
4,fingerprint_H_bit_207,-0.024531228605162003
4,drug_fingerprint_bit_66,-0.030254753727120973
4,fingerprint_H_bit_218,-0.03175443830204332
4,drug_fingerprint_bit_86,-0.03299102688077483
4,drug_fingerprint_bit_255,-0.033995638138389225
4,drug_fingerprint_bit_124,-0.03464215034098135
4,drug_fingerprint_bit_179,-0.035555963447761345
4,poly_num_hbond_acceptors_sum_fullpolymerfeaturizer,-0.036340783657263356
4,fingerprint_H_bit_7,-0.03782273869174901
4,drug_fingerprint_bit_174,-0.038081318068257465
4,drug_fingerprint_bit_143,-0.042507655192109826
4,drug_fingerprint_bit_91,-0.04373662426053439
4,drug_max_estate_index_sum_fullmolecularfeaturizer,-0.04803120852164459
4,drug_fingerprint_bit_38,-0.05441895980634752
4,drug_fingerprint_bit_58,-0.05453088527613768
4,drug_fingerprint_bit_43,-0.0687609300553137
4,drug_double_bonds_sum_fullmolecularfeaturizer,-0.07178492049939725
4,drug_fingerprint_bit_80,-0.08302269947874925
4,drug_fingerprint_bit_40,-0.08539799341993808
4,fingerprint_H_bit_38,-0.09171792242986983
4,drug_fingerprint_bit_243,-0.10758134237722942
4,drug_fingerprint_bit_47,-0.12153541515175069
4,poly_num_hbond_donors_sum_fullpolymerfeaturizer,-0.12472856341482505
4,drug_charge_at_WATER_PH,-0.12710954464318505
4,drug_fingerprint_bit_52,-0.1330224537785746
4,drug_fingerprint_bit_230,-0.13504820603116932
4,fingerprint_H_bit_39,-0.13790458069090078
4,drug_fingerprint_bit_228,-0.13873129335853787
4,drug_fingerprint_bit_138,-0.14114590480433023
4,drug_fingerprint_bit_207,-0.14219651798798844
4,drug_fingerprint_bit_168,-0.15354277659671403
4,drug_fingerprint_bit_113,-0.1748885202735194
4,drug_slogp_vsa1_sum_fullmolecularfeaturizer,-0.19633539325508087
4,fingerprint_H_bit_125,-0.2208027605692919
4,WATER_PH,-0.22997739866922065
4,drug_num_rotatable_bonds_sum_fullmolecularfeaturizer,-0.23917468244798817
4,poly_heteroatom_count_sum_fullpolymerfeaturizer,-0.25096300711339725
4,drug_fingerprint_bit_111,-0.2770133727506426
4,fingerprint_H_bit_138,-0.28041480632061144
4,charge_at_WATER_PH_H,-0.28471979588479407
4,drug_fingerprint_bit_4,-0.30488026162785165
4,fingerprint_H_bit_42,-0.32550001161786585
4,drug_fingerprint_bit_64,-0.34475679875412296
4,logp_H,-0.38183557768753457
4,drug_fingerprint_bit_237,-0.3836916710340634
4,drug_fingerprint_bit_233,-0.3854700437364043
4,poly_molecular_weight_sum_fullpolymerfeaturizer,-0.40704409377553785
4,drug_fingerprint_bit_214,-0.4189845725082687
4,drug_fingerprint_bit_107,-0.4268692901898956
4,poly_max_estate_index_sum_fullpolymerfeaturizer,-0.42972474805109856
4,drug_fingerprint_bit_163,-0.4597421022587819
4,drug_fingerprint_bit_133,-0.46344188719173784
4,drug_fingerprint_bit_72,-0.5006687761822849
4,fingerprint_H_bit_120,-0.5179784366948136
4,poly_num_atoms_sum_fullpolymerfeaturizer,-0.5370182376873373
4,drug_fingerprint_bit_186,-0.5488363225433645
4,drug_fingerprint_bit_175,-0.5773336641513581
4,poly_sp2_carbon_count_sum_fullpolymerfeaturizer,-0.6027976200155312
4,drug_fingerprint_bit_19,-0.6141166561865055
4,poly_num_rings_sum_backbonefeaturizer,-0.6274094509209023
4,drug_fingerprint_bit_128,-0.6702428183220605
4,poly_double_bonds_sum_fullpolymerfeaturizer,-0.8184531162797425
4,drug_fingerprint_bit_45,-0.9335016336040832
4,fingerprint_H_bit_67,-0.9385761765322048
4,drug_fingerprint_bit_119,-0.9824244599418829
4,drug_fingerprint_bit_200,-1.3040159157205635
4,drug_fingerprint_bit_33,-1.3245451083400084
4,fingerprint_H_bit_57,-1.3292573560639485
4,drug_fingerprint_bit_88,-1.4670590160284596
4,fingerprint_H_bit_224,-1.4843996254258567
4,CONCENTRATION,-1.5094624940729748
4,drug_fingerprint_bit_108,-1.5915076464384772
4,drug_fingerprint_bit_224,-1.666385984406783
4,drug_fingerprint_bit_151,-1.7699238926366516
4,fingerprint_H_bit_233,-2.073860678221728
4,fingerprint_H_bit_112,-2.3247530868478044
4,fingerprint_H_bit_66,-3.5220059641492876
4,fingerprint_H_bit_191,-5.509171618939111
5,fingerprint_H_bit_201,13.659347052232759
5,drug_fingerprint_bit_98,8.013919505098388
5,drug_fingerprint_bit_190,6.455288878238151
5,poly_num_hbond_acceptors_sum_backbonefeaturizer,3.7992791973031443
5,fingerprint_H_bit_130,3.7657814735461943
5,fingerprint_H_bit_33,3.360917193168439
5,poly_heteroatom_density_sidechainfeaturizer_sum,3.0339747646430895
5,fingerprint_H_bit_81,2.1672578735035377
5,poly_max_estate_index_sidechainfeaturizer_sum,2.0632500081322287
5,poly_smr_vsa5_sum_backbonefeaturizer,1.9400850833223606
5,fingerprint_H_bit_155,1.8547818762859574
5,fingerprint_H_bit_213,1.8244193942043303
5,poly_double_bonds_sum_backbonefeaturizer,1.747885506776648
5,fingerprint_H_bit_1,1.6801557656437798
5,poly_num_aromatic_rings_sidechainfeaturizer_sum,1.6291605705308092
5,poly_fp_density_morgan1_sidechainfeaturizer_sum,1.5099947349778333
5,fingerprint_H_bit_204,1.396624438454116
5,drug_fingerprint_bit_147,1.3713861310800226
5,poly_molecular_weight_sidechainfeaturizer_sum,1.3582440750272184
5,poly_sp2_carbon_count_sidechainfeaturizer_sum,1.294160609763466
5,fingerprint_H_bit_41,1.2834736328942173
5,fingerprint_H_bit_145,1.2685256961913562
5,fingerprint_H_bit_119,1.2055171933974103
5,poly_heteroatom_count_sidechainfeaturizer_sum,1.188049909961444
5,fingerprint_H_bit_197,1.1801726125446554
5,poly_num_atoms_sidechainfeaturizer_sum,1.1696860085550693
5,fingerprint_H_bit_118,1.1224365418965414
5,poly_slogp_vsa1_sum_fullpolymerfeaturizer,1.0363649207826844
5,poly_num_rings_sum_backbonefeaturizer,0.9793953235307649
5,fingerprint_H_bit_58,0.9091555742945469
5,fingerprint_H_bit_56,0.9077135333389764
5,poly_num_rings_sidechainfeaturizer_sum,0.9076646517697713
5,fingerprint_H_bit_236,0.8697742760743188
5,poly_topological_surface_area_sum_backbonefeaturizer,0.8502264568604776
5,fingerprint_H_bit_151,0.8428082809048281
5,fingerprint_H_bit_53,0.8408094112225009
5,drug_fingerprint_bit_22,0.8279357237739944
5,poly_balaban_j_index_sidechainfeaturizer_sum,0.8263947663968105
5,drug_topological_surface_area_sum_fullmolecularfeaturizer,0.8163922158423034
5,poly_num_hbond_acceptors_sidechainfeaturizer_sum,0.737680927042339
5,fingerprint_H_bit_133,0.7339687976912265
5,fingerprint_H_bit_113,0.7206772618102093
5,drug_fingerprint_bit_218,0.7194237845047143
5,fingerprint_H_bit_64,0.6895419814284978
5,poly_max_ring_size_sidechainfeaturizer_sum,0.6885064703844976
5,fingerprint_H_bit_182,0.6876777481931955
5,homo_eV_H,0.6873166074050505
5,poly_balaban_j_index_sum_backbonefeaturizer,0.6837361658468846
5,poly_num_atoms_sum_backbonefeaturizer,0.6762266163820602
5,poly_max_ring_size_sum_fullpolymerfeaturizer,0.6739699332272079
5,poly_single_bonds_sum_backbonefeaturizer,0.6723138263489579
5,lumo_eV_H,0.664228446642656
5,poly_max_ring_size_sum_backbonefeaturizer,0.6549702864291632
5,drug_fingerprint_bit_153,0.6523374144444283
5,fingerprint_H_bit_175,0.6431252061891211
5,drug_num_hbond_donors_sum_fullmolecularfeaturizer,0.6402010722311522
5,fingerprint_H_bit_245,0.6311477057426558
5,drug_logp,0.6123195045576774
5,poly_sp3_carbon_count_sidechainfeaturizer_sum,0.6110109860437397
5,drug_fingerprint_bit_110,0.6085455434603863
5,poly_fp_density_morgan1_sum_backbonefeaturizer,0.6065243606883625
5,drug_sp3_carbon_count_sum_fullmolecularfeaturizer,0.6005931217361529
5,poly_num_rotatable_bonds_sum_fullpolymerfeaturizer,0.594291788103929
5,poly_heteroatom_count_sum_backbonefeaturizer,0.5700076340040584
5,poly_num_hbond_donors_sum_backbonefeaturizer,0.5643711699063245
5,poly_sp2_carbon_count_sum_backbonefeaturizer,0.557534262314595
5,fingerprint_H_bit_78,0.5570884068221281
5,drug_fingerprint_bit_184,0.5551253743395062
5,fingerprint_H_bit_100,0.5511638455412792
5,poly_num_rings_sum_fullpolymerfeaturizer,0.5505127176407191
5,fingerprint_H_bit_186,0.5494152866743902
5,fingerprint_H_bit_167,0.5443521821863077
5,drug_fingerprint_bit_177,0.5422934935266194
5,fingerprint_H_bit_85,0.5403916468856896
5,fingerprint_H_bit_217,0.5380265867560418
5,fingerprint_H_bit_222,0.5067291182831721
5,poly_slogp_vsa1_sum_backbonefeaturizer,0.5054387846216163
5,drug_fingerprint_bit_188,0.5023848449544278
5,drug_fingerprint_bit_164,0.49310572940724956
5,poly_sp3_carbon_count_sum_backbonefeaturizer,0.4856916293226971
5,fingerprint_H_bit_67,0.4781663321800767
5,drug_fingerprint_bit_167,0.47334489982220845
5,drug_fingerprint_bit_99,0.44894417179772356
5,poly_num_rotatable_bonds_sum_backbonefeaturizer,0.42595164264059177
5,drug_fingerprint_bit_0,0.4245685995861343
5,drug_fingerprint_bit_115,0.42182609204138605
5,fingerprint_H_bit_214,0.40962816382199296
5,drug_fingerprint_bit_155,0.4007295883181795
5,drug_fingerprint_bit_201,0.39853567306963633
5,poly_sp2_carbon_count_sum_fullpolymerfeaturizer,0.39139526144497544
5,drug_logd_at_WATER_PH,0.38749344594234775
5,fingerprint_H_bit_7,0.38476696770280017
5,drug_fingerprint_bit_39,0.3815510299824622
5,drug_fraction_bicyclic_rings_sum_fullmolecularfeaturizer,0.377731641591791
5,drug_fingerprint_bit_213,0.37647265541674013
5,drug_fingerprint_bit_158,0.37211202760117784
5,drug_homo_eV,0.37091092703598566
5,poly_single_bonds_sidechainfeaturizer_sum,0.36617654103135333
5,drug_fingerprint_bit_206,0.3627671911046447
5,drug_num_aromatic_rings_sum_fullmolecularfeaturizer,0.3468462642101862
5,drug_num_hbond_acceptors_sum_fullmolecularfeaturizer,0.345378343766176
5,drug_fingerprint_bit_81,0.34220902995938157
5,drug_fingerprint_bit_63,0.33587436921483815
5,drug_fluorine_count_sum_fullmolecularfeaturizer,0.33012930683323516
5,drug_fingerprint_bit_24,0.32777633728250255
5,poly_smr_vsa5_sidechainfeaturizer_sum,0.3272598123745077
5,drug_fingerprint_bit_216,0.30808936432782524
5,drug_single_bonds_sum_fullmolecularfeaturizer,0.30705552489089133
5,drug_fingerprint_bit_160,0.3043143389332082
5,drug_fingerprint_bit_170,0.30190564170842393
5,fingerprint_H_bit_45,0.2974797241198833
5,drug_smr_vsa5_sum_fullmolecularfeaturizer,0.2905156392719065
5,drug_fingerprint_bit_253,0.2900637922120259
5,drug_fingerprint_bit_15,0.28966705578753776
5,poly_num_aromatic_rings_sum_fullpolymerfeaturizer,0.2766433560298736
5,drug_fingerprint_bit_46,0.26728910797820643
5,poly_molecular_weight_sum_backbonefeaturizer,0.2610382750951428
5,fingerprint_H_bit_27,0.25859609840722464
5,drug_chlorine_count_sum_fullmolecularfeaturizer,0.25271943860563
5,fingerprint_H_bit_147,0.2501908332687503
5,drug_fingerprint_bit_189,0.2500232937045835
5,drug_fingerprint_bit_83,0.24213379600259674
5,poly_topological_surface_area_sidechainfeaturizer_sum,0.24073539941515382
5,fingerprint_H_bit_89,0.23995892736127386
5,poly_num_rotatable_bonds_sidechainfeaturizer_sum,0.23924753339998364
5,drug_num_atoms_sum_fullmolecularfeaturizer,0.236389681054635
5,fingerprint_H_bit_48,0.2352430474416635
5,drug_fingerprint_bit_3,0.23374985713833527
5,fingerprint_H_bit_139,0.22918928755039536
5,drug_fingerprint_bit_44,0.21853610837775414
5,drug_fingerprint_bit_181,0.21806555539069658
5,poly_double_bonds_sidechainfeaturizer_sum,0.21555566171234525
5,fingerprint_H_bit_212,0.21068833456183347
5,poly_fp_density_morgan1_sum_fullpolymerfeaturizer,0.2076915767044048
5,drug_fingerprint_bit_211,0.20631808578732147
5,drug_lumo_eV,0.20127785991854216
5,drug_fingerprint_bit_203,0.20049585316230653
5,drug_fingerprint_bit_50,0.2001422192000133
5,drug_heteroatom_density_sum_fullmolecularfeaturizer,0.19690142790757378
5,drug_fingerprint_bit_246,0.19419099333629136
5,drug_fingerprint_bit_125,0.19398528079829375
5,drug_fingerprint_bit_71,0.18820103589219553
5,drug_fingerprint_bit_159,0.18688678773517534
5,fingerprint_H_bit_28,0.1834950596850005
5,fingerprint_H_bit_37,0.18114407931635193
5,fingerprint_H_bit_69,0.17879563594034792
5,drug_bridging_rings_count_sum_fullmolecularfeaturizer,0.1777322369362681
5,drug_fingerprint_bit_141,0.17711572627049915
5,drug_fingerprint_bit_240,0.1767741739670303
5,poly_slogp_vsa1_sidechainfeaturizer_sum,0.17597676746412955
5,fingerprint_H_bit_128,0.1759581027814134
5,drug_fingerprint_bit_223,0.17108158386017674
5,drug_fingerprint_bit_42,0.17070172114145069
5,drug_fingerprint_bit_74,0.16464543263375722
5,drug_total_halogens_sum_fullmolecularfeaturizer,0.16331027339955093
5,drug_fingerprint_bit_255,0.1629538239074402
5,drug_fingerprint_bit_251,0.16017303974485403
5,drug_fingerprint_bit_183,0.15893711426361076
5,drug_fingerprint_bit_130,0.15873173475291344
5,fingerprint_H_bit_52,0.1548740414832037
5,drug_num_aliphatic_heterocycles_sum_fullmolecularfeaturizer,0.1534284908067056
5,drug_fingerprint_bit_11,0.15287031549442198
5,drug_fingerprint_bit_92,0.15255342746927328
5,drug_fingerprint_bit_35,0.15240615798707324
5,fingerprint_H_bit_54,0.15236014639760317
5,drug_fingerprint_bit_120,0.1519042958187535
5,drug_fingerprint_bit_126,0.15110347525012133
5,drug_fingerprint_bit_36,0.14936242744128883
5,drug_fingerprint_bit_26,0.14427104987894376
5,poly_num_atoms_sum_fullpolymerfeaturizer,0.1405561697434279
5,fingerprint_H_bit_237,0.13876007152188766
5,drug_fingerprint_bit_18,0.13830497947894402
5,drug_fingerprint_bit_169,0.13657381513255787
5,drug_molecular_weight_sum_fullmolecularfeaturizer,0.13460260141866068
5,drug_fingerprint_bit_101,0.13381693387706414
5,drug_fingerprint_bit_148,0.1318014784401213
5,poly_num_hbond_donors_sidechainfeaturizer_sum,0.1314709579512648
5,poly_sp3_carbon_count_sum_fullpolymerfeaturizer,0.12926525804059397
5,drug_fingerprint_bit_10,0.1287775141565458
5,poly_num_aromatic_rings_sum_backbonefeaturizer,0.12852237799899902
5,drug_charge_at_WATER_PH,0.1245786569391769
5,drug_fingerprint_bit_236,0.12018287187370302
5,drug_fingerprint_bit_122,0.11999910128955202
5,drug_fingerprint_bit_73,0.11880720853429473
5,fingerprint_H_bit_162,0.11824767139860193
5,drug_fingerprint_bit_127,0.1177462323496787
5,fingerprint_H_bit_84,0.11697137181380186
5,drug_fingerprint_bit_61,0.11570493132307015
5,drug_fingerprint_bit_95,0.11531335249385456
5,drug_fingerprint_bit_205,0.11468152570035005
5,poly_max_estate_index_sum_backbonefeaturizer,0.11436021272172003
5,drug_heteroatom_count_sum_fullmolecularfeaturizer,0.11276838934429358
5,fingerprint_H_bit_226,0.11175480498553143
5,drug_fingerprint_bit_136,0.10797064579618236
5,drug_fingerprint_bit_249,0.10747737642223829
5,drug_fingerprint_bit_140,0.10474310583701794
5,drug_fingerprint_bit_231,0.10393467496161811
5,fingerprint_H_bit_123,0.1023533401489493
5,logp_H,0.10090560178804069
5,drug_fingerprint_bit_27,0.09964052048294966
5,drug_fingerprint_bit_77,0.09841522251118251
5,drug_fingerprint_bit_197,0.09793906605332005
5,drug_fingerprint_bit_28,0.09737345291275665
5,drug_fingerprint_bit_76,0.09715603285948284
5,drug_fingerprint_bit_227,0.09700108843824387
5,drug_fingerprint_bit_84,0.09610450041081935
5,drug_fingerprint_bit_118,0.09588016006304276
5,drug_fingerprint_bit_212,0.09289685068975363
5,drug_fingerprint_bit_172,0.09147543032977752
5,drug_fingerprint_bit_191,0.09129867843356324
5,drug_fingerprint_bit_199,0.09079544748928552
5,fingerprint_H_bit_68,0.08951611141942824
5,fingerprint_H_bit_219,0.0893412489610275
5,drug_fingerprint_bit_238,0.08905649040663947
5,fingerprint_H_bit_134,0.08830074765994991
5,drug_fingerprint_bit_146,0.08770739962413329
5,drug_fingerprint_bit_250,0.08726452583774766
5,fingerprint_H_bit_32,0.0867865726691284
5,drug_fingerprint_bit_156,0.08319086181999873
5,drug_fingerprint_bit_30,0.08048514964787723
5,drug_fingerprint_bit_226,0.08004638485147589
5,drug_fingerprint_bit_12,0.07905542642589279
5,drug_fingerprint_bit_242,0.07888510016401015
5,drug_num_rings_sum_fullmolecularfeaturizer,0.0761670744410071
5,drug_fingerprint_bit_75,0.07557308059676619
5,fingerprint_H_bit_143,0.07465491635899843
5,drug_fingerprint_bit_196,0.0746264895868475
5,drug_fingerprint_bit_185,0.0733554060133266
5,drug_fingerprint_bit_202,0.07313836026732957
5,drug_fingerprint_bit_37,0.07186485098499687
5,fingerprint_H_bit_57,0.07162268932961605
5,drug_fingerprint_bit_82,0.07120919751551301
5,drug_fingerprint_bit_132,0.07025413015464889
5,drug_balaban_j_index_sum_fullmolecularfeaturizer,0.06984608128228974
5,drug_fingerprint_bit_23,0.06921388532190005
5,drug_fingerprint_bit_210,0.06871243477446543
5,fingerprint_H_bit_61,0.06727509570742365
5,drug_fingerprint_bit_41,0.06536655103135351
5,poly_num_aliphatic_heterocycles_sum_fullpolymerfeaturizer,0.06433738503755358
5,drug_fingerprint_bit_235,0.06289495683575448
5,drug_fingerprint_bit_93,0.05882596920409387
5,drug_fingerprint_bit_60,0.05806747318550202
5,drug_fingerprint_bit_152,0.057962308360125135
5,drug_fingerprint_bit_149,0.05746231900856692
5,poly_single_bonds_sum_fullpolymerfeaturizer,0.05492174011472841
5,drug_fingerprint_bit_161,0.05464713120466774
5,poly_smr_vsa5_sum_fullpolymerfeaturizer,0.053953465690926974
5,drug_fingerprint_bit_67,0.05202703109959152
5,drug_fingerprint_bit_34,0.05196850706657452
5,drug_fingerprint_bit_114,0.05137764277098743
5,fingerprint_H_bit_112,0.049791422718305486
5,drug_fingerprint_bit_100,0.04944792312514073
5,drug_fingerprint_bit_13,0.049356601320297115
5,drug_fingerprint_bit_6,0.04748691349504302
5,drug_fingerprint_bit_135,0.04730142837660162
5,drug_fingerprint_bit_116,0.045762310123107566
5,poly_molecular_weight_sum_fullpolymerfeaturizer,0.044600411600723644
5,drug_fingerprint_bit_145,0.043574231946282106
5,drug_fingerprint_bit_119,0.041837465196361716
5,fingerprint_H_bit_233,0.04099349359526765
5,drug_fingerprint_bit_103,0.04077016314733149
5,fingerprint_H_bit_114,0.04073411313694654
5,fingerprint_H_bit_227,0.04044955234737104
5,drug_fingerprint_bit_97,0.0395395592411984
5,drug_fingerprint_bit_117,0.039150433888541634
5,drug_fingerprint_bit_14,0.03910038885288438
5,drug_fingerprint_bit_229,0.03636026677694203
5,drug_fingerprint_bit_94,0.03591641052583217
5,fingerprint_H_bit_164,0.035883752175467264
5,drug_fingerprint_bit_150,0.03565600419911973
5,drug_fingerprint_bit_222,0.035568681107756225
5,fingerprint_H_bit_232,0.03529714689907949
5,drug_fingerprint_bit_131,0.034342634420887606
5,drug_fingerprint_bit_57,0.03384314223516681
5,drug_fingerprint_bit_70,0.03363985075877663
5,fingerprint_H_bit_205,0.03303132906385607
5,drug_fingerprint_bit_225,0.03222272216040909
5,fingerprint_H_bit_80,0.032193542567235715
5,drug_fingerprint_bit_56,0.03202661121747812
5,drug_fingerprint_bit_106,0.03197364726116969
5,drug_fingerprint_bit_208,0.031252235840913876
5,drug_fingerprint_bit_2,0.031010257362445587
5,fingerprint_H_bit_34,0.030986157073037306
5,fingerprint_H_bit_121,0.029838737531165175
5,fingerprint_H_bit_216,0.029092324151934936
5,drug_fingerprint_bit_121,0.028910840151170347
5,fingerprint_H_bit_63,0.02866380080431152
5,drug_fingerprint_bit_192,0.0269252228890349
5,drug_fingerprint_bit_96,0.026731833599251804
5,drug_fingerprint_bit_154,0.024243395610122648
5,poly_double_bonds_sum_fullpolymerfeaturizer,0.02414206782737982
5,drug_fingerprint_bit_59,0.023647121171438742
5,drug_fingerprint_bit_187,0.023546876827961076
5,fingerprint_H_bit_144,0.023219428714667267
5,drug_fingerprint_bit_137,0.02297010281096282
5,fingerprint_H_bit_26,0.02295726268862267
5,drug_fingerprint_bit_171,0.02295300502292547
5,fingerprint_H_bit_65,0.0227645665280573
5,drug_fingerprint_bit_7,0.022141013504725606
5,drug_fingerprint_bit_69,0.0221150848622902
5,drug_fingerprint_bit_29,0.021479052161848724
5,drug_fingerprint_bit_78,0.021016591667199935
5,fingerprint_H_bit_30,0.02036990906265296
5,fingerprint_H_bit_224,0.02027836221293459
5,drug_fingerprint_bit_49,0.019350972480778304
5,drug_fingerprint_bit_165,0.019217075271499993
5,drug_num_non_aromatic_rings_sum_fullmolecularfeaturizer,0.019181834046617784
5,fingerprint_H_bit_106,0.01888321448755378
5,fingerprint_H_bit_116,0.018590865754965175
5,fingerprint_H_bit_46,0.01766162141346087
5,drug_fingerprint_bit_194,0.01699600177873406
5,drug_fingerprint_bit_32,0.0169417325416523
5,fingerprint_H_bit_18,0.01677864210144244
5,poly_heteroatom_density_sum_backbonefeaturizer,0.016388203126520236
5,drug_fingerprint_bit_20,0.016243367515261124
5,drug_fingerprint_bit_239,0.016064964757578674
5,fingerprint_H_bit_131,0.015891860143335174
5,drug_fingerprint_bit_162,0.015838999381732544
5,drug_fingerprint_bit_90,0.015724590093394625
5,drug_fingerprint_bit_62,0.015517090978128922
5,drug_fingerprint_bit_182,0.014897056898659463
5,drug_fingerprint_bit_247,0.014843839573188074
5,drug_fingerprint_bit_104,0.01475764911807945
5,drug_fingerprint_bit_16,0.01469365028315317
5,drug_fingerprint_bit_204,0.012608369488175055
5,drug_fingerprint_bit_142,0.01217369134433218
5,drug_fingerprint_bit_143,0.01209091012543557
5,drug_fingerprint_bit_8,0.011857782153765364
5,poly_topological_surface_area_sum_fullpolymerfeaturizer,0.011772414962553532
5,drug_fingerprint_bit_180,0.010740136847468131
5,fingerprint_H_bit_98,0.010658716135076575
5,drug_fingerprint_bit_124,0.010607132446619236
5,drug_fp_density_morgan1_sum_fullmolecularfeaturizer,0.010463425001627264
5,drug_fingerprint_bit_48,0.010224169114724489
5,drug_fingerprint_bit_105,0.010010517559781171
5,fingerprint_H_bit_185,0.009567911907082132
5,drug_fingerprint_bit_109,0.008579939532660773
5,poly_num_non_aromatic_rings_sum_fullpolymerfeaturizer,0.008535936702436362
5,drug_fingerprint_bit_134,0.007979992895975844
5,drug_fingerprint_bit_245,0.007934437662162277
5,poly_num_aliphatic_heterocycles_sum_backbonefeaturizer,0.00624262227419103
5,drug_fingerprint_bit_80,0.006211207299257587
5,drug_fingerprint_bit_252,0.005227627287914273
5,drug_fingerprint_bit_248,0.0043749767602301115
5,drug_fingerprint_bit_65,0.004204125184995895
5,drug_fingerprint_bit_178,0.00410768328540657
5,fingerprint_H_bit_174,0.003761345390456933
5,drug_fingerprint_bit_25,0.0035705564955908673
5,drug_fingerprint_bit_31,0.0029822245759774774
5,drug_fingerprint_bit_241,0.0026280476912640205
5,fingerprint_H_bit_158,0.0022511565927375876
5,fingerprint_H_bit_66,0.0018798268975426119
5,poly_num_non_aromatic_rings_sum_backbonefeaturizer,0.0010453016605820509
5,fingerprint_H_bit_196,0.0
5,fingerprint_H_bit_173,0.0
5,fingerprint_H_bit_195,0.0
5,fingerprint_H_bit_194,0.0
5,fingerprint_H_bit_193,0.0
5,fingerprint_H_bit_192,0.0
5,drug_fingerprint_bit_215,0.0
5,drug_fingerprint_bit_209,0.0
5,fingerprint_H_bit_129,0.0
5,fingerprint_H_bit_176,0.0
5,fingerprint_H_bit_127,0.0
5,fingerprint_H_bit_177,0.0
5,fingerprint_H_bit_178,0.0
5,fingerprint_H_bit_126,0.0
5,fingerprint_H_bit_198,0.0
5,drug_fingerprint_bit_195,0.0
5,fingerprint_H_bit_40,0.0
5,drug_fingerprint_bit_112,0.0
5,drug_fingerprint_bit_198,0.0
5,fingerprint_H_bit_179,0.0
5,drug_fingerprint_bit_102,0.0
5,fingerprint_H_bit_51,0.0
5,drug_fingerprint_bit_68,0.0
5,fingerprint_H_bit_124,0.0
5,drug_fingerprint_bit_87,0.0
5,fingerprint_H_bit_203,0.0
5,fingerprint_H_bit_132,0.0
5,fingerprint_H_bit_202,0.0
5,fingerprint_H_bit_200,0.0
5,fingerprint_H_bit_199,0.0
5,fingerprint_H_bit_135,0.0
5,fingerprint_H_bit_191,0.0
5,fingerprint_H_bit_172,0.0
5,drug_fingerprint_bit_89,0.0
5,fingerprint_H_bit_161,0.0
5,fingerprint_H_bit_163,0.0
5,fingerprint_H_bit_165,0.0
5,fingerprint_H_bit_166,0.0
5,fingerprint_H_bit_0,0.0
5,drug_iodine_count_sum_fullmolecularfeaturizer,0.0
5,drug_triple_bonds_sum_fullmolecularfeaturizer,0.0
5,fingerprint_H_bit_140,0.0
5,fingerprint_H_bit_141,0.0
5,fingerprint_H_bit_142,0.0
5,fingerprint_H_bit_146,0.0
5,fingerprint_H_bit_148,0.0
5,fingerprint_H_bit_149,0.0
5,fingerprint_H_bit_168,0.0
5,fingerprint_H_bit_152,0.0
5,fingerprint_H_bit_153,0.0
5,fingerprint_H_bit_15,0.0
5,fingerprint_H_bit_16,0.0
5,fingerprint_H_bit_2,0.0
5,fingerprint_H_bit_3,0.0
5,fingerprint_H_bit_4,0.0
5,fingerprint_H_bit_5,0.0
5,fingerprint_H_bit_6,0.0
5,drug_fingerprint_bit_254,0.0
5,drug_fingerprint_bit_157,0.0
5,drug_fingerprint_bit_166,0.0
5,drug_fingerprint_bit_176,0.0
5,fingerprint_H_bit_150,0.0
5,fingerprint_H_bit_180,0.0
5,fingerprint_H_bit_181,0.0
5,fingerprint_H_bit_184,0.0
5,fingerprint_H_bit_187,0.0
5,fingerprint_H_bit_188,0.0
5,fingerprint_H_bit_47,0.0
5,fingerprint_H_bit_49,0.0
5,fingerprint_H_bit_50,0.0
5,fingerprint_H_bit_122,0.0
5,fingerprint_H_bit_169,0.0
5,fingerprint_H_bit_170,0.0
5,fingerprint_H_bit_55,0.0
5,drug_fingerprint_bit_123,0.0
5,fingerprint_H_bit_160,0.0
5,fingerprint_H_bit_44,0.0
5,fingerprint_H_bit_206,0.0
5,fingerprint_H_bit_208,0.0
5,fingerprint_H_bit_209,0.0
5,fingerprint_H_bit_29,0.0
5,fingerprint_H_bit_31,0.0
5,fingerprint_H_bit_35,0.0
5,fingerprint_H_bit_36,0.0
5,fingerprint_H_bit_189,0.0
5,fingerprint_H_bit_190,0.0
5,fingerprint_H_bit_154,0.0
5,fingerprint_H_bit_156,0.0
5,fingerprint_H_bit_157,0.0
5,fingerprint_H_bit_43,0.0
5,fingerprint_H_bit_92,0.0
5,fingerprint_H_bit_93,0.0
5,fingerprint_H_bit_94,0.0
5,fingerprint_H_bit_95,0.0
5,fingerprint_H_bit_96,0.0
5,fingerprint_H_bit_97,0.0
5,fingerprint_H_bit_74,0.0
5,fingerprint_H_bit_75,0.0
5,fingerprint_H_bit_76,0.0
5,fingerprint_H_bit_77,0.0
5,fingerprint_H_bit_79,0.0
5,fingerprint_H_bit_117,0.0
5,poly_bridging_rings_count_sum_fullpolymerfeaturizer,0.0
5,poly_num_non_aromatic_rings_sidechainfeaturizer_sum,0.0
5,fingerprint_H_bit_250,0.0
5,poly_num_aliphatic_heterocycles_sidechainfeaturizer_sum,0.0
5,poly_total_halogens_sidechainfeaturizer_sum,0.0
5,poly_fluorine_count_sidechainfeaturizer_sum,0.0
5,poly_total_halogens_sum_fullpolymerfeaturizer,0.0
5,poly_fluorine_count_sum_fullpolymerfeaturizer,0.0
5,poly_chlorine_count_sum_fullpolymerfeaturizer,0.0
5,fingerprint_H_bit_88,0.0
5,poly_total_halogens_sum_backbonefeaturizer,0.0
5,poly_fluorine_count_sum_backbonefeaturizer,0.0
5,poly_chlorine_count_sum_backbonefeaturizer,0.0
5,poly_bromine_count_sum_backbonefeaturizer,0.0
5,poly_iodine_count_sum_backbonefeaturizer,0.0
5,poly_triple_bonds_sum_backbonefeaturizer,0.0
5,poly_bridging_rings_count_sum_backbonefeaturizer,0.0
5,poly_fraction_bicyclic_rings_sidechainfeaturizer_sum,0.0
5,fingerprint_H_bit_11,0.0
5,fingerprint_H_bit_10,0.0
5,drug_fingerprint_bit_244,0.0
5,fingerprint_H_bit_25,0.0
5,fingerprint_H_bit_24,0.0
5,fingerprint_H_bit_23,0.0
5,fingerprint_H_bit_171,0.0
5,fingerprint_H_bit_22,0.0
5,fingerprint_H_bit_14,0.0
5,fingerprint_H_bit_99,0.0
5,fingerprint_H_bit_101,0.0
5,drug_fingerprint_bit_234,0.0
5,fingerprint_H_bit_115,0.0
5,fingerprint_H_bit_8,0.0
5,fingerprint_H_bit_91,0.0
5,drug_bromine_count_sum_fullmolecularfeaturizer,0.0
5,fingerprint_H_bit_19,0.0
5,fingerprint_H_bit_20,0.0
5,fingerprint_H_bit_21,0.0
5,fingerprint_H_bit_17,0.0
5,poly_bromine_count_sum_fullpolymerfeaturizer,0.0
5,fingerprint_H_bit_82,0.0
5,fingerprint_H_bit_83,0.0
5,poly_chlorine_count_sidechainfeaturizer_sum,0.0
5,poly_bromine_count_sidechainfeaturizer_sum,0.0
5,poly_iodine_count_sidechainfeaturizer_sum,0.0
5,poly_triple_bonds_sidechainfeaturizer_sum,0.0
5,poly_bridging_rings_count_sidechainfeaturizer_sum,0.0
5,fingerprint_H_bit_90,0.0
5,fingerprint_H_bit_9,0.0
5,fingerprint_H_bit_235,0.0
5,fingerprint_H_bit_238,0.0
5,fingerprint_H_bit_239,0.0
5,fingerprint_H_bit_240,0.0
5,fingerprint_H_bit_241,0.0
5,fingerprint_H_bit_242,0.0
5,fingerprint_H_bit_243,0.0
5,drug_fingerprint_bit_217,0.0
5,drug_fingerprint_bit_220,0.0
5,drug_fingerprint_bit_221,0.0
5,fingerprint_H_bit_244,0.0
5,fingerprint_H_bit_246,0.0
5,fingerprint_H_bit_247,0.0
5,fingerprint_H_bit_248,0.0
5,fingerprint_H_bit_102,0.0
5,fingerprint_H_bit_12,0.0
5,fingerprint_H_bit_136,0.0
5,fingerprint_H_bit_137,0.0
5,fingerprint_H_bit_220,0.0
5,fingerprint_H_bit_221,0.0
5,fingerprint_H_bit_223,0.0
5,fingerprint_H_bit_225,0.0
5,fingerprint_H_bit_228,0.0
5,fingerprint_H_bit_229,0.0
5,fingerprint_H_bit_230,0.0
5,fingerprint_H_bit_231,0.0
5,fingerprint_H_bit_210,0.0
5,fingerprint_H_bit_211,0.0
5,fingerprint_H_bit_215,0.0
5,fingerprint_H_bit_249,0.0
5,fingerprint_H_bit_103,0.0
5,fingerprint_H_bit_104,0.0
5,fingerprint_H_bit_105,0.0
5,poly_fraction_bicyclic_rings_sum_backbonefeaturizer,0.0
5,fingerprint_H_bit_255,0.0
5,drug_fingerprint_bit_17,0.0
5,drug_fingerprint_bit_21,0.0
5,drug_fingerprint_bit_9,0.0
5,fingerprint_H_bit_59,0.0
5,fingerprint_H_bit_60,0.0
5,fingerprint_H_bit_62,0.0
5,fingerprint_H_bit_86,0.0
5,fingerprint_H_bit_87,0.0
5,fingerprint_H_bit_71,0.0
5,fingerprint_H_bit_234,0.0
5,fingerprint_H_bit_73,0.0
5,poly_iodine_count_sum_fullpolymerfeaturizer,0.0
5,poly_triple_bonds_sum_fullpolymerfeaturizer,0.0
5,fingerprint_H_bit_107,0.0
5,fingerprint_H_bit_108,0.0
5,fingerprint_H_bit_109,0.0
5,fingerprint_H_bit_110,0.0
5,fingerprint_H_bit_111,0.0
5,fingerprint_H_bit_252,0.0
5,fingerprint_H_bit_253,0.0
5,fingerprint_H_bit_254,0.0
5,drug_fingerprint_bit_51,0.0
5,drug_fingerprint_bit_54,0.0
5,poly_fraction_bicyclic_rings_sum_fullpolymerfeaturizer,0.0
5,fingerprint_H_bit_72,0.0
5,drug_fingerprint_bit_232,-2.6880738904618996e-10
5,drug_fingerprint_bit_5,-0.0027215790858086835
5,drug_max_ring_size_sum_fullmolecularfeaturizer,-0.003193274835489405
5,poly_balaban_j_index_sum_fullpolymerfeaturizer,-0.0036101530281202254
5,drug_fingerprint_bit_173,-0.005169836621443721
5,drug_fingerprint_bit_55,-0.0053585936458432305
5,drug_fingerprint_bit_144,-0.007476751204183721
5,drug_fingerprint_bit_79,-0.007904640119956277
5,drug_fingerprint_bit_52,-0.008278502740223844
5,drug_fingerprint_bit_66,-0.0107030899285393
5,drug_fingerprint_bit_85,-0.01588730396968175
5,drug_fingerprint_bit_53,-0.018972505286335834
5,drug_fingerprint_bit_129,-0.02069784077810895
5,poly_heteroatom_density_sum_fullpolymerfeaturizer,-0.0245595365886019
5,drug_fingerprint_bit_174,-0.026136592070604394
5,fingerprint_H_bit_207,-0.028924685841030934
5,drug_fingerprint_bit_139,-0.030146125373013984
5,drug_fingerprint_bit_214,-0.03400243414161477
5,fingerprint_H_bit_218,-0.036418685733849133
5,drug_fingerprint_bit_91,-0.03758827519622737
5,drug_fingerprint_bit_179,-0.04330032657599172
5,drug_fingerprint_bit_243,-0.04423362065794706
5,drug_fingerprint_bit_193,-0.04678840896217545
5,drug_fingerprint_bit_38,-0.04970264762644537
5,drug_fingerprint_bit_207,-0.0608185513564299
5,drug_fingerprint_bit_1,-0.06153104769768737
5,drug_fingerprint_bit_230,-0.06371253126150614
5,fingerprint_H_bit_38,-0.06777260974311504
5,drug_fingerprint_bit_138,-0.07361316321059061
5,drug_fingerprint_bit_86,-0.08303875361108053
5,drug_fingerprint_bit_168,-0.0970877399124096
5,fingerprint_H_bit_39,-0.09762508731083633
5,drug_fingerprint_bit_58,-0.0977065182942505
5,drug_double_bonds_sum_fullmolecularfeaturizer,-0.09942644982649099
5,drug_fingerprint_bit_200,-0.09982576778898919
5,drug_sp2_carbon_count_sum_fullmolecularfeaturizer,-0.10055978917791844
5,poly_heteroatom_count_sum_fullpolymerfeaturizer,-0.10060178147359779
5,poly_num_hbond_acceptors_sum_fullpolymerfeaturizer,-0.10886183109020454
5,fingerprint_H_bit_159,-0.1164680817791848
5,drug_fingerprint_bit_40,-0.1425011448356875
5,drug_slogp_vsa1_sum_fullmolecularfeaturizer,-0.14498204770582407
5,drug_max_estate_index_sum_fullmolecularfeaturizer,-0.1464662798587765
5,fingerprint_H_bit_120,-0.14783713775745902
5,fingerprint_H_bit_125,-0.15346871777087154
5,poly_max_estate_index_sum_fullpolymerfeaturizer,-0.1626040285820487
5,drug_fingerprint_bit_219,-0.16426492306871912
5,drug_fingerprint_bit_111,-0.16579965322465093
5,drug_fingerprint_bit_113,-0.16719140222675657
5,drug_fingerprint_bit_228,-0.1709364106981806
5,drug_fingerprint_bit_43,-0.17925357207072973
5,fingerprint_H_bit_138,-0.1930614582143099
5,drug_fingerprint_bit_64,-0.22976312574399418
5,WATER_PH,-0.2400284621102568
5,drug_fingerprint_bit_186,-0.24633560927620543
5,logd_at_WATER_PH_H,-0.271790714438707
5,fingerprint_H_bit_42,-0.30455827365463684
5,drug_fingerprint_bit_19,-0.30879253848275223
5,drug_fingerprint_bit_107,-0.3159333093554998
5,drug_fingerprint_bit_233,-0.3239612556838184
5,drug_fingerprint_bit_163,-0.3333692741959925
5,poly_num_hbond_donors_sum_fullpolymerfeaturizer,-0.3602253660240086
5,drug_fingerprint_bit_237,-0.36524024017414897
5,drug_fingerprint_bit_133,-0.39256598053231595
5,drug_fingerprint_bit_72,-0.4168228083077672
5,drug_num_rotatable_bonds_sum_fullmolecularfeaturizer,-0.4467346078092015
5,fingerprint_H_bit_13,-0.5546003900873739
5,drug_fingerprint_bit_128,-0.5590923004166514
5,drug_fingerprint_bit_175,-0.6037183326314721
5,drug_fingerprint_bit_47,-0.6119662229683696
5,charge_at_WATER_PH_H,-0.7074993212887524
5,fingerprint_H_bit_251,-0.772509412493528
5,drug_fingerprint_bit_4,-0.8380501548816861
5,drug_fingerprint_bit_151,-0.8986947870952406
5,drug_fingerprint_bit_108,-0.9265978203345248
5,fingerprint_H_bit_183,-0.9302262922142968
5,fingerprint_H_bit_70,-0.9430744629742793
5,drug_fingerprint_bit_45,-1.0484862328427078
5,CONCENTRATION,-1.0575797346748648
5,drug_fingerprint_bit_33,-1.2270883350120525
5,drug_fingerprint_bit_224,-1.5476621251755829
5,drug_fingerprint_bit_88,-4.0248345820625335
6,drug_fingerprint_bit_98,15.200546978564104
6,drug_fingerprint_bit_190,8.793140904654186
6,poly_num_aromatic_rings_sum_backbonefeaturizer,4.023033118355535
6,logd_at_WATER_PH_H,3.8982130794892145
6,fingerprint_H_bit_130,3.1354278585631414
6,poly_sp2_carbon_count_sum_backbonefeaturizer,2.989824398189115
6,fingerprint_H_bit_1,2.9114728550639364
6,poly_num_atoms_sum_backbonefeaturizer,2.8479192167091005
6,poly_num_hbond_acceptors_sum_backbonefeaturizer,2.6684047694163873
6,poly_max_estate_index_sidechainfeaturizer_sum,2.51877150152688
6,poly_fp_density_morgan1_sum_backbonefeaturizer,2.0903360698815
6,poly_single_bonds_sum_backbonefeaturizer,2.0769334455542343
6,poly_fp_density_morgan1_sidechainfeaturizer_sum,1.920795063155468
6,homo_eV_H,1.8226658299135878
6,poly_topological_surface_area_sum_backbonefeaturizer,1.8132819196369299
6,poly_heteroatom_density_sidechainfeaturizer_sum,1.8075229915729132
6,fingerprint_H_bit_100,1.6630270272658667
6,poly_balaban_j_index_sidechainfeaturizer_sum,1.583121739709942
6,fingerprint_H_bit_119,1.5662224013618518
6,poly_molecular_weight_sum_backbonefeaturizer,1.4659072049511495
6,fingerprint_H_bit_28,1.413390311905711
6,fingerprint_H_bit_182,1.3509526451179343
6,fingerprint_H_bit_186,1.3079168936911043
6,fingerprint_H_bit_113,1.280315176042979
6,poly_num_aromatic_rings_sidechainfeaturizer_sum,1.168160346436872
6,fingerprint_H_bit_84,1.1666558516111327
6,fingerprint_H_bit_133,1.1508513294719247
6,fingerprint_H_bit_217,1.1318220372702956
6,poly_sp2_carbon_count_sidechainfeaturizer_sum,1.1245474303819996
6,fingerprint_H_bit_236,1.11678641953192
6,fingerprint_H_bit_41,1.0884949413137093
6,poly_slogp_vsa1_sum_fullpolymerfeaturizer,1.0820603678125218
6,poly_max_ring_size_sum_fullpolymerfeaturizer,1.0701999110052736
6,poly_slogp_vsa1_sum_backbonefeaturizer,1.069607527553191
6,fingerprint_H_bit_151,1.0532387150015474
6,poly_molecular_weight_sidechainfeaturizer_sum,1.032431383252261
6,fingerprint_H_bit_139,1.0207221597676563
6,fingerprint_H_bit_78,1.0055761622163142
6,fingerprint_H_bit_222,1.0030614588875857
6,fingerprint_H_bit_81,0.9693037279151594
6,fingerprint_H_bit_214,0.949098193543797
6,poly_num_rotatable_bonds_sum_backbonefeaturizer,0.9360901403427625
6,fingerprint_H_bit_128,0.9100907566940346
6,poly_smr_vsa5_sidechainfeaturizer_sum,0.8370888201757126
6,drug_fingerprint_bit_213,0.8242297919775912
6,poly_double_bonds_sum_fullpolymerfeaturizer,0.8066308152860301
6,poly_num_rings_sidechainfeaturizer_sum,0.7971654155517999
6,poly_sp3_carbon_count_sum_backbonefeaturizer,0.7935802015510981
6,drug_fingerprint_bit_42,0.776331432540907
6,drug_fingerprint_bit_158,0.7569005792891321
6,fingerprint_H_bit_197,0.7512314008919105
6,poly_fp_density_morgan1_sum_fullpolymerfeaturizer,0.7317533095957616
6,fingerprint_H_bit_53,0.7124577719201927
6,fingerprint_H_bit_56,0.7038805158364994
6,drug_fingerprint_bit_218,0.6891073761854454
6,fingerprint_H_bit_232,0.6877105412544535
6,lumo_eV_H,0.6730378518372305
6,poly_heteroatom_count_sum_backbonefeaturizer,0.6552052995570891
6,poly_max_ring_size_sidechainfeaturizer_sum,0.6540575790291321
6,drug_fingerprint_bit_110,0.6408022940677328
6,fingerprint_H_bit_167,0.619641701096658
6,fingerprint_H_bit_69,0.6155051232475373
6,fingerprint_H_bit_64,0.60415262160677
6,poly_num_atoms_sidechainfeaturizer_sum,0.598673459712317
6,fingerprint_H_bit_213,0.5930210261245727
6,fingerprint_H_bit_48,0.5785875830658364
6,poly_sp3_carbon_count_sidechainfeaturizer_sum,0.578024814013126
6,fingerprint_H_bit_204,0.5767900150717928
6,drug_fingerprint_bit_189,0.5766439832561201
6,poly_num_rings_sum_backbonefeaturizer,0.5765332538423601
6,drug_heteroatom_count_sum_fullmolecularfeaturizer,0.5744993962015552
6,drug_fingerprint_bit_167,0.562483152190949
6,drug_fingerprint_bit_147,0.562356006662761
6,poly_num_hbond_donors_sum_backbonefeaturizer,0.5425162922263379
6,drug_logd_at_WATER_PH,0.530769804961385
6,poly_num_aromatic_rings_sum_fullpolymerfeaturizer,0.5257062426753009
6,fingerprint_H_bit_85,0.5244256660762421
6,drug_fingerprint_bit_22,0.516624068442438
6,fingerprint_H_bit_245,0.49588186318617505
6,fingerprint_H_bit_155,0.4915107197255046
6,drug_fingerprint_bit_188,0.4774176754075804
6,drug_fingerprint_bit_99,0.46049918453537064
6,poly_num_hbond_acceptors_sidechainfeaturizer_sum,0.44190789418952064
6,poly_smr_vsa5_sum_backbonefeaturizer,0.4291781433944607
6,poly_topological_surface_area_sidechainfeaturizer_sum,0.4153534146619232
6,drug_fingerprint_bit_250,0.41391064199427846
6,drug_molecular_weight_sum_fullmolecularfeaturizer,0.4069065478367885
6,drug_fingerprint_bit_24,0.4050412212531575
6,drug_fingerprint_bit_15,0.40022814714731336
6,fingerprint_H_bit_58,0.39968692794288563
6,drug_fingerprint_bit_216,0.3948326855188941
6,fingerprint_H_bit_175,0.39126438722406837
6,drug_fingerprint_bit_201,0.3907903887756935
6,poly_num_hbond_donors_sidechainfeaturizer_sum,0.38630029909645264
6,drug_fingerprint_bit_183,0.3857003990157142
6,fingerprint_H_bit_27,0.38216371639732394
6,drug_num_hbond_acceptors_sum_fullmolecularfeaturizer,0.37221020797099424
6,poly_sp3_carbon_count_sum_fullpolymerfeaturizer,0.3617710989597996
6,drug_fingerprint_bit_3,0.36001448850174667
6,drug_fingerprint_bit_180,0.34809141157338624
6,drug_fingerprint_bit_223,0.3467391991433196
6,drug_fingerprint_bit_160,0.34172021578110245
6,drug_fingerprint_bit_71,0.3393349922723371
6,fingerprint_H_bit_121,0.3392297102728585
6,poly_heteroatom_count_sidechainfeaturizer_sum,0.3384715773366853
6,drug_fingerprint_bit_184,0.33657326311659075
6,fingerprint_H_bit_145,0.3361066863156911
6,drug_heteroatom_density_sum_fullmolecularfeaturizer,0.32986542102318733
6,fingerprint_H_bit_67,0.324291153105479
6,drug_fingerprint_bit_0,0.3214047480908423
6,drug_fingerprint_bit_251,0.32139801559605985
6,poly_single_bonds_sidechainfeaturizer_sum,0.31923837907223035
6,drug_fingerprint_bit_226,0.3102416946565354
6,drug_fingerprint_bit_164,0.30551719665559024
6,fingerprint_H_bit_251,0.3042112766997467
6,drug_fingerprint_bit_165,0.30381219435320944
6,drug_topological_surface_area_sum_fullmolecularfeaturizer,0.3026456331483241
6,fingerprint_H_bit_45,0.2898570800552772
6,poly_smr_vsa5_sum_fullpolymerfeaturizer,0.28683959610181153
6,fingerprint_H_bit_118,0.28219914855757794
6,drug_fingerprint_bit_74,0.2813929660959474
6,drug_fingerprint_bit_105,0.28121193689452006
6,drug_fingerprint_bit_115,0.27711984531113626
6,drug_fingerprint_bit_11,0.27698118863525745
6,drug_fingerprint_bit_50,0.27654060762650495
6,drug_bridging_rings_count_sum_fullmolecularfeaturizer,0.2754466699650139
6,fingerprint_H_bit_70,0.2745506728376256
6,poly_heteroatom_density_sum_fullpolymerfeaturizer,0.27452466867201913
6,drug_num_hbond_donors_sum_fullmolecularfeaturizer,0.2712322836252203
6,drug_fingerprint_bit_177,0.2674239362096543
6,poly_balaban_j_index_sum_backbonefeaturizer,0.264536688543852
6,drug_fingerprint_bit_5,0.2544004280692352
6,drug_homo_eV,0.25339055834546137
6,drug_fingerprint_bit_126,0.2526096265052737
6,drug_fingerprint_bit_63,0.24414686273008462
6,fingerprint_H_bit_159,0.24077004022495854
6,drug_fingerprint_bit_142,0.23957641962634751
6,drug_fingerprint_bit_37,0.2362326377286652
6,fingerprint_H_bit_33,0.23501795526762756
6,drug_fingerprint_bit_36,0.23333055457229288
6,drug_fingerprint_bit_246,0.23187960356971718
6,drug_fingerprint_bit_211,0.23075196781536952
6,drug_fingerprint_bit_130,0.22482193362005404
6,drug_fingerprint_bit_206,0.22415175684483307
6,drug_fingerprint_bit_75,0.22149664799712152
6,drug_fingerprint_bit_146,0.2203078406831817
6,fingerprint_H_bit_89,0.218268950479029
6,fingerprint_H_bit_227,0.21825429689349488
6,drug_fluorine_count_sum_fullmolecularfeaturizer,0.21382463087894488
6,drug_fingerprint_bit_106,0.2116575428014887
6,drug_fraction_bicyclic_rings_sum_fullmolecularfeaturizer,0.2115214148777735
6,drug_fingerprint_bit_49,0.21023455833868204
6,poly_num_rotatable_bonds_sidechainfeaturizer_sum,0.20721916590878667
6,drug_num_aromatic_rings_sum_fullmolecularfeaturizer,0.2053097169625884
6,fingerprint_H_bit_37,0.20412300559985752
6,drug_fingerprint_bit_185,0.2029906646412141
6,drug_fingerprint_bit_249,0.2024796406594048
6,drug_logp,0.20160233308312275
6,drug_balaban_j_index_sum_fullmolecularfeaturizer,0.19650513361365227
6,poly_max_ring_size_sum_backbonefeaturizer,0.1815674810247915
6,fingerprint_H_bit_134,0.17519534731595782
6,drug_fingerprint_bit_253,0.17394691537754334
6,drug_fingerprint_bit_227,0.17183947327361643
6,fingerprint_H_bit_216,0.16947166026562233
6,drug_fingerprint_bit_203,0.16730180739828684
6,poly_double_bonds_sidechainfeaturizer_sum,0.1630930239680283
6,drug_smr_vsa5_sum_fullmolecularfeaturizer,0.16079709799175093
6,drug_fingerprint_bit_69,0.1597153977347364
6,drug_fingerprint_bit_116,0.15850911100662105
6,fingerprint_H_bit_237,0.15759149925218052
6,drug_fingerprint_bit_197,0.1565963631588923
6,drug_lumo_eV,0.14944988957084254
6,fingerprint_H_bit_162,0.14728421591363988
6,drug_single_bonds_sum_fullmolecularfeaturizer,0.14637038461725965
6,drug_fingerprint_bit_10,0.1458354060560508
6,drug_fingerprint_bit_101,0.14556750140265645
6,drug_fingerprint_bit_52,0.14269542591714182
6,fingerprint_H_bit_52,0.1409336980955385
6,drug_fingerprint_bit_140,0.13913839140194567
6,drug_num_rings_sum_fullmolecularfeaturizer,0.13857653290233893
6,drug_sp3_carbon_count_sum_fullmolecularfeaturizer,0.13634469570504001
6,drug_fingerprint_bit_120,0.13548470989947206
6,fingerprint_H_bit_123,0.13491343549625423
6,drug_fingerprint_bit_205,0.1348168713378737
6,drug_fingerprint_bit_161,0.13248478159009253
6,fingerprint_H_bit_61,0.1307258961272286
6,drug_fingerprint_bit_46,0.1301637619338057
6,drug_fingerprint_bit_136,0.12691456634192563
6,drug_num_atoms_sum_fullmolecularfeaturizer,0.12686556678833075
6,drug_fingerprint_bit_76,0.12491699975115587
6,drug_fingerprint_bit_28,0.12455404107576452
6,drug_fingerprint_bit_26,0.12411123407133105
6,drug_fingerprint_bit_155,0.12361306392691813
6,drug_fingerprint_bit_118,0.12285306782360224
6,drug_fingerprint_bit_141,0.1191972802141428
6,drug_fingerprint_bit_6,0.11879291362924117
6,drug_fingerprint_bit_199,0.11607746770172393
6,drug_fingerprint_bit_181,0.11361581051118637
6,drug_fingerprint_bit_194,0.11319076402393716
6,fingerprint_H_bit_68,0.11178197980428761
6,drug_fingerprint_bit_145,0.11064634534491001
6,drug_fingerprint_bit_169,0.10665199567290738
6,drug_chlorine_count_sum_fullmolecularfeaturizer,0.10526655736160857
6,drug_fingerprint_bit_212,0.1026027606369672
6,drug_fingerprint_bit_23,0.10127747749951047
6,drug_fingerprint_bit_60,0.09775211100895184
6,drug_fingerprint_bit_84,0.09735801677624645
6,fingerprint_H_bit_131,0.09652089672969291
6,drug_fingerprint_bit_236,0.09637102354436422
6,drug_fingerprint_bit_97,0.09456598842601385
6,drug_fingerprint_bit_77,0.0938453854851968
6,drug_total_halogens_sum_fullmolecularfeaturizer,0.0896501210913919
6,fingerprint_H_bit_219,0.08869409891202466
6,drug_fingerprint_bit_109,0.08847400560225216
6,drug_fingerprint_bit_238,0.08795934711185739
6,drug_num_non_aromatic_rings_sum_fullmolecularfeaturizer,0.0841449671629861
6,drug_fingerprint_bit_114,0.0841206103490616
6,drug_fingerprint_bit_247,0.08266682421309393
6,drug_fingerprint_bit_58,0.0821972070204723
6,drug_fingerprint_bit_83,0.08209121666009368
6,poly_num_non_aromatic_rings_sum_fullpolymerfeaturizer,0.0804912453639725
6,drug_fingerprint_bit_30,0.0802921735526131
6,fingerprint_H_bit_32,0.07686767260648976
6,drug_fingerprint_bit_173,0.07561669352753939
6,fingerprint_H_bit_18,0.07555488999900042
6,fingerprint_H_bit_212,0.07444097894031354
6,drug_fingerprint_bit_127,0.07433530369006733
6,drug_fingerprint_bit_35,0.074323338829259
6,drug_fp_density_morgan1_sum_fullmolecularfeaturizer,0.07395612818478135
6,drug_fingerprint_bit_179,0.07305297937899005
6,drug_fingerprint_bit_150,0.07157756159808923
6,drug_fingerprint_bit_81,0.07049115959435513
6,drug_fingerprint_bit_240,0.0703127452623932
6,drug_fingerprint_bit_132,0.06941788511248809
6,drug_fingerprint_bit_156,0.06898882912972117
6,drug_fingerprint_bit_92,0.06887178535967994
6,drug_fingerprint_bit_39,0.06880508658401525
6,poly_slogp_vsa1_sidechainfeaturizer_sum,0.06630244889359585
6,drug_fingerprint_bit_235,0.06618208844594967
6,drug_fingerprint_bit_41,0.06483815722956196
6,fingerprint_H_bit_158,0.06438566936839145
6,drug_fingerprint_bit_191,0.06431142132575253
6,drug_fingerprint_bit_34,0.06354030395385837
6,fingerprint_H_bit_143,0.06302354421471393
6,drug_fingerprint_bit_48,0.06078224041027842
6,drug_fingerprint_bit_172,0.05861686594075039
6,fingerprint_H_bit_112,0.05858711550380659
6,drug_fingerprint_bit_148,0.05852450645424468
6,drug_fingerprint_bit_208,0.05693954464046918
6,fingerprint_H_bit_30,0.05664150235562081
6,drug_fingerprint_bit_94,0.054845890836636206
6,drug_num_aliphatic_heterocycles_sum_fullmolecularfeaturizer,0.05458059368683515
6,drug_fingerprint_bit_103,0.0533215742741464
6,fingerprint_H_bit_26,0.053170316552679196
6,drug_fingerprint_bit_248,0.05278123405128631
6,drug_fingerprint_bit_27,0.05241113017474862
6,fingerprint_H_bit_54,0.05134790879068769
6,drug_fingerprint_bit_44,0.050821450364057295
6,fingerprint_H_bit_174,0.049454906559132976
6,fingerprint_H_bit_226,0.04918689545192197
6,drug_fingerprint_bit_239,0.049022386926474405
6,drug_fingerprint_bit_73,0.048785738739319635
6,drug_fingerprint_bit_255,0.04842352688882052
6,drug_charge_at_WATER_PH,0.04613777837235903
6,drug_fingerprint_bit_7,0.045458022174064104
6,drug_fingerprint_bit_95,0.044417388916834104
6,drug_fingerprint_bit_178,0.04375881148528859
6,poly_heteroatom_density_sum_backbonefeaturizer,0.04295558844219456
6,drug_fingerprint_bit_245,0.04185345048640914
6,fingerprint_H_bit_205,0.04082967216309678
6,drug_fingerprint_bit_171,0.0405868114318791
6,drug_fingerprint_bit_122,0.04025293942593768
6,drug_fingerprint_bit_57,0.03941691809060001
6,drug_fingerprint_bit_18,0.03841303319187746
6,drug_fingerprint_bit_32,0.03805679243261858
6,drug_fingerprint_bit_78,0.03455779334009345
6,drug_fingerprint_bit_149,0.034464927535980815
6,drug_fingerprint_bit_82,0.03290179265088027
6,drug_fingerprint_bit_14,0.03287963301698037
6,drug_fingerprint_bit_129,0.032781617529936795
6,drug_fingerprint_bit_62,0.03275602275096035
6,fingerprint_H_bit_57,0.03271588735963328
6,drug_fingerprint_bit_231,0.03169088440809333
6,drug_fingerprint_bit_204,0.031682765486182374
6,drug_fingerprint_bit_96,0.031038109773637104
6,drug_fingerprint_bit_90,0.03099637027511732
6,drug_fingerprint_bit_210,0.03080921103339975
6,fingerprint_H_bit_63,0.030229976683943092
6,charge_at_WATER_PH_H,0.030201378155057603
6,drug_fingerprint_bit_67,0.029202575951188837
6,fingerprint_H_bit_98,0.028403410487084096
6,drug_fingerprint_bit_59,0.02760217158321458
6,drug_fingerprint_bit_152,0.027554976366173847
6,drug_fingerprint_bit_139,0.027487212809485344
6,poly_num_non_aromatic_rings_sum_backbonefeaturizer,0.027150071636909124
6,drug_fingerprint_bit_135,0.0267873635917216
6,drug_fingerprint_bit_154,0.02651462326357178
6,drug_fingerprint_bit_61,0.026227650099522517
6,drug_fingerprint_bit_137,0.025944614616438242
6,fingerprint_H_bit_106,0.02554114735894804
6,drug_fingerprint_bit_159,0.02455326022648405
6,fingerprint_H_bit_224,0.02419797832229543
6,drug_fingerprint_bit_162,0.02402625926216274
6,drug_fingerprint_bit_125,0.02351767769313849
6,fingerprint_H_bit_46,0.023260486029159203
6,drug_fingerprint_bit_70,0.023148307091181097
6,fingerprint_H_bit_114,0.02255727149218469
6,drug_fingerprint_bit_121,0.020838170942104186
6,fingerprint_H_bit_65,0.020750913110210063
6,poly_num_aliphatic_heterocycles_sum_backbonefeaturizer,0.020685324421156743
6,drug_fingerprint_bit_104,0.02028955016984551
6,fingerprint_H_bit_185,0.018838492935193164
6,drug_fingerprint_bit_229,0.017225655990577616
6,drug_fingerprint_bit_252,0.017182863334918728
6,drug_fingerprint_bit_117,0.01700834269930715
6,drug_fingerprint_bit_100,0.01695857631834276
6,drug_fingerprint_bit_196,0.016327441048891493
6,drug_fingerprint_bit_86,0.016132877169583663
6,drug_fingerprint_bit_8,0.015722327289716145
6,drug_fingerprint_bit_2,0.015441454198538231
6,drug_fingerprint_bit_16,0.015181216463521536
6,drug_fingerprint_bit_170,0.015169029188268833
6,drug_fingerprint_bit_12,0.01506440368162787
6,drug_fingerprint_bit_56,0.01481472808413423
6,fingerprint_H_bit_144,0.014695683524266038
6,drug_fingerprint_bit_202,0.014473777019877787
6,fingerprint_H_bit_116,0.014124425352496204
6,fingerprint_H_bit_34,0.012881049498374939
6,drug_fingerprint_bit_31,0.011556423725427858
6,drug_fingerprint_bit_222,0.009682999440899436
6,drug_fingerprint_bit_134,0.009638160135775023
6,drug_fingerprint_bit_20,0.006392454306358597
6,drug_fingerprint_bit_225,0.004704796513735018
6,drug_fingerprint_bit_13,0.003962457675146328
6,drug_fingerprint_bit_25,0.0038165473806140437
6,poly_num_aliphatic_heterocycles_sum_fullpolymerfeaturizer,0.0004177322792442389
6,fingerprint_H_bit_25,0.0
6,fingerprint_H_bit_24,0.0
6,fingerprint_H_bit_22,0.0
6,fingerprint_H_bit_44,0.0
6,poly_iodine_count_sidechainfeaturizer_sum,0.0
6,poly_bromine_count_sidechainfeaturizer_sum,0.0
6,poly_fluorine_count_sidechainfeaturizer_sum,0.0
6,fingerprint_H_bit_23,0.0
6,fingerprint_H_bit_50,0.0
6,fingerprint_H_bit_49,0.0
6,fingerprint_H_bit_47,0.0
6,fingerprint_H_bit_51,0.0
6,fingerprint_H_bit_43,0.0
6,poly_num_aliphatic_heterocycles_sidechainfeaturizer_sum,0.0
6,poly_fraction_bicyclic_rings_sidechainfeaturizer_sum,0.0
6,poly_num_non_aromatic_rings_sidechainfeaturizer_sum,0.0
6,fingerprint_H_bit_29,0.0
6,poly_bridging_rings_count_sidechainfeaturizer_sum,0.0
6,poly_triple_bonds_sidechainfeaturizer_sum,0.0
6,drug_fingerprint_bit_244,0.0
6,poly_total_halogens_sidechainfeaturizer_sum,0.0
6,fingerprint_H_bit_252,0.0
6,fingerprint_H_bit_253,0.0
6,fingerprint_H_bit_254,0.0
6,fingerprint_H_bit_255,0.0
6,poly_fraction_bicyclic_rings_sum_fullpolymerfeaturizer,0.0
6,fingerprint_H_bit_234,0.0
6,fingerprint_H_bit_235,0.0
6,fingerprint_H_bit_241,0.0
6,fingerprint_H_bit_238,0.0
6,fingerprint_H_bit_239,0.0
6,fingerprint_H_bit_240,0.0
6,poly_chlorine_count_sidechainfeaturizer_sum,0.0
6,poly_bridging_rings_count_sum_backbonefeaturizer,0.0
6,fingerprint_H_bit_31,0.0
6,poly_fraction_bicyclic_rings_sum_backbonefeaturizer,0.0
6,poly_total_halogens_sum_backbonefeaturizer,0.0
6,poly_fluorine_count_sum_backbonefeaturizer,0.0
6,poly_chlorine_count_sum_backbonefeaturizer,0.0
6,poly_bromine_count_sum_backbonefeaturizer,0.0
6,fingerprint_H_bit_250,0.0
6,drug_fingerprint_bit_221,0.0
6,drug_fingerprint_bit_220,0.0
6,drug_fingerprint_bit_217,0.0
6,fingerprint_H_bit_247,0.0
6,fingerprint_H_bit_248,0.0
6,poly_iodine_count_sum_backbonefeaturizer,0.0
6,poly_triple_bonds_sum_backbonefeaturizer,0.0
6,fingerprint_H_bit_40,0.0
6,fingerprint_H_bit_36,0.0
6,fingerprint_H_bit_35,0.0
6,fingerprint_H_bit_55,0.0
6,drug_fingerprint_bit_9,0.0
6,fingerprint_H_bit_244,0.0
6,fingerprint_H_bit_243,0.0
6,fingerprint_H_bit_242,0.0
6,fingerprint_H_bit_246,0.0
6,fingerprint_H_bit_249,0.0
6,fingerprint_H_bit_229,0.0
6,fingerprint_H_bit_230,0.0
6,fingerprint_H_bit_220,0.0
6,fingerprint_H_bit_221,0.0
6,fingerprint_H_bit_223,0.0
6,fingerprint_H_bit_225,0.0
6,fingerprint_H_bit_215,0.0
6,drug_fingerprint_bit_232,0.0
6,drug_fingerprint_bit_21,0.0
6,fingerprint_H_bit_228,0.0
6,drug_fingerprint_bit_17,0.0
6,fingerprint_H_bit_211,0.0
6,fingerprint_H_bit_209,0.0
6,fingerprint_H_bit_0,0.0
6,drug_fingerprint_bit_157,0.0
6,fingerprint_H_bit_2,0.0
6,poly_bridging_rings_count_sum_fullpolymerfeaturizer,0.0
6,drug_fingerprint_bit_234,0.0
6,poly_iodine_count_sum_fullpolymerfeaturizer,0.0
6,poly_bromine_count_sum_fullpolymerfeaturizer,0.0
6,poly_chlorine_count_sum_fullpolymerfeaturizer,0.0
6,poly_fluorine_count_sum_fullpolymerfeaturizer,0.0
6,poly_total_halogens_sum_fullpolymerfeaturizer,0.0
6,drug_fingerprint_bit_215,0.0
6,drug_fingerprint_bit_209,0.0
6,poly_triple_bonds_sum_fullpolymerfeaturizer,0.0
6,fingerprint_H_bit_17,0.0
6,fingerprint_H_bit_19,0.0
6,fingerprint_H_bit_20,0.0
6,fingerprint_H_bit_21,0.0
6,fingerprint_H_bit_231,0.0
6,fingerprint_H_bit_71,0.0
6,fingerprint_H_bit_72,0.0
6,fingerprint_H_bit_73,0.0
6,fingerprint_H_bit_208,0.0
6,fingerprint_H_bit_202,0.0
6,fingerprint_H_bit_203,0.0
6,fingerprint_H_bit_206,0.0
6,fingerprint_H_bit_210,0.0
6,fingerprint_H_bit_176,0.0
6,fingerprint_H_bit_12,0.0
6,fingerprint_H_bit_16,0.0
6,fingerprint_H_bit_198,0.0
6,fingerprint_H_bit_199,0.0
6,fingerprint_H_bit_194,0.0
6,fingerprint_H_bit_196,0.0
6,fingerprint_H_bit_193,0.0
6,drug_fingerprint_bit_54,0.0
6,drug_fingerprint_bit_51,0.0
6,fingerprint_H_bit_195,0.0
6,fingerprint_H_bit_161,0.0
6,fingerprint_H_bit_62,0.0
6,fingerprint_H_bit_60,0.0
6,fingerprint_H_bit_59,0.0
6,fingerprint_H_bit_201,0.0
6,fingerprint_H_bit_11,0.0
6,fingerprint_H_bit_14,0.0
6,fingerprint_H_bit_15,0.0
6,fingerprint_H_bit_187,0.0
6,fingerprint_H_bit_188,0.0
6,fingerprint_H_bit_189,0.0
6,fingerprint_H_bit_184,0.0
6,fingerprint_H_bit_178,0.0
6,drug_fingerprint_bit_68,0.0
6,fingerprint_H_bit_180,0.0
6,fingerprint_H_bit_181,0.0
6,drug_fingerprint_bit_87,0.0
6,drug_fingerprint_bit_89,0.0
6,fingerprint_H_bit_142,0.0
6,fingerprint_H_bit_141,0.0
6,fingerprint_H_bit_173,0.0
6,fingerprint_H_bit_172,0.0
6,fingerprint_H_bit_171,0.0
6,fingerprint_H_bit_179,0.0
6,fingerprint_H_bit_170,0.0
6,fingerprint_H_bit_169,0.0
6,fingerprint_H_bit_166,0.0
6,fingerprint_H_bit_168,0.0
6,fingerprint_H_bit_165,0.0
6,fingerprint_H_bit_163,0.0
6,drug_fingerprint_bit_198,0.0
6,drug_fingerprint_bit_195,0.0
6,drug_fingerprint_bit_112,0.0
6,fingerprint_H_bit_160,0.0
6,fingerprint_H_bit_191,0.0
6,fingerprint_H_bit_192,0.0
6,fingerprint_H_bit_190,0.0
6,fingerprint_H_bit_200,0.0
6,fingerprint_H_bit_10,0.0
6,fingerprint_H_bit_177,0.0
6,fingerprint_H_bit_91,0.0
6,fingerprint_H_bit_92,0.0
6,fingerprint_H_bit_93,0.0
6,fingerprint_H_bit_94,0.0
6,fingerprint_H_bit_95,0.0
6,fingerprint_H_bit_96,0.0
6,fingerprint_H_bit_97,0.0
6,fingerprint_H_bit_90,0.0
6,fingerprint_H_bit_124,0.0
6,fingerprint_H_bit_122,0.0
6,fingerprint_H_bit_157,0.0
6,drug_triple_bonds_sum_fullmolecularfeaturizer,0.0
6,fingerprint_H_bit_86,0.0
6,fingerprint_H_bit_129,0.0
6,drug_iodine_count_sum_fullmolecularfeaturizer,0.0
6,drug_bromine_count_sum_fullmolecularfeaturizer,0.0
6,fingerprint_H_bit_150,0.0
6,fingerprint_H_bit_152,0.0
6,fingerprint_H_bit_148,0.0
6,fingerprint_H_bit_149,0.0
6,fingerprint_H_bit_146,0.0
6,drug_fingerprint_bit_102,0.0
6,drug_fingerprint_bit_123,0.0
6,fingerprint_H_bit_111,0.0
6,fingerprint_H_bit_110,0.0
6,fingerprint_H_bit_109,0.0
6,fingerprint_H_bit_108,0.0
6,fingerprint_H_bit_156,0.0
6,fingerprint_H_bit_154,0.0
6,fingerprint_H_bit_153,0.0
6,fingerprint_H_bit_127,0.0
6,fingerprint_H_bit_126,0.0
6,fingerprint_H_bit_137,0.0
6,fingerprint_H_bit_140,0.0
6,fingerprint_H_bit_87,0.0
6,fingerprint_H_bit_88,0.0
6,fingerprint_H_bit_107,0.0
6,fingerprint_H_bit_132,0.0
6,fingerprint_H_bit_135,0.0
6,fingerprint_H_bit_136,0.0
6,fingerprint_H_bit_74,0.0
6,fingerprint_H_bit_105,0.0
6,fingerprint_H_bit_104,0.0
6,fingerprint_H_bit_103,0.0
6,fingerprint_H_bit_102,0.0
6,fingerprint_H_bit_77,0.0
6,fingerprint_H_bit_76,0.0
6,fingerprint_H_bit_75,0.0
6,fingerprint_H_bit_117,0.0
6,fingerprint_H_bit_99,0.0
6,fingerprint_H_bit_101,0.0
6,fingerprint_H_bit_115,0.0
6,fingerprint_H_bit_83,0.0
6,fingerprint_H_bit_82,0.0
6,fingerprint_H_bit_79,0.0
6,drug_fingerprint_bit_254,0.0
6,drug_fingerprint_bit_176,0.0
6,drug_fingerprint_bit_166,0.0
6,fingerprint_H_bit_9,0.0
6,fingerprint_H_bit_8,0.0
6,fingerprint_H_bit_6,0.0
6,fingerprint_H_bit_5,0.0
6,fingerprint_H_bit_4,0.0
6,fingerprint_H_bit_3,0.0
6,drug_fingerprint_bit_43,-0.0010829082675543988
6,drug_fingerprint_bit_55,-0.0012132005109371394
6,drug_fingerprint_bit_65,-0.0012898400556106454
6,drug_fingerprint_bit_79,-0.0018587417704574488
6,drug_max_ring_size_sum_fullmolecularfeaturizer,-0.006550837593791583
6,drug_fingerprint_bit_93,-0.006595453265419445
6,drug_fingerprint_bit_66,-0.0076333776975215295
6,drug_fingerprint_bit_187,-0.008399202656310072
6,drug_fingerprint_bit_85,-0.010428287925129056
6,drug_fingerprint_bit_53,-0.0120124015902502
6,drug_fingerprint_bit_124,-0.02039878018749516
6,drug_fingerprint_bit_19,-0.02243815790636177
6,drug_fingerprint_bit_131,-0.024958431746742248
6,drug_fingerprint_bit_193,-0.032183331975206
6,fingerprint_H_bit_80,-0.03268587683281277
6,drug_fingerprint_bit_241,-0.03378069448439282
6,poly_double_bonds_sum_backbonefeaturizer,-0.035084241238602557
6,drug_fingerprint_bit_144,-0.03659798570373039
6,fingerprint_H_bit_7,-0.03763539051777006
6,drug_fingerprint_bit_182,-0.0393440316581903
6,drug_fingerprint_bit_91,-0.03980991818991244
6,drug_fingerprint_bit_242,-0.042682375560192894
6,drug_max_estate_index_sum_fullmolecularfeaturizer,-0.05127455855186042
6,fingerprint_H_bit_38,-0.054455258241949904
6,drug_fingerprint_bit_29,-0.06200949373300663
6,drug_fingerprint_bit_192,-0.06636284166473372
6,drug_fingerprint_bit_207,-0.06745846728135374
6,drug_fingerprint_bit_230,-0.07057822370488025
6,drug_slogp_vsa1_sum_fullmolecularfeaturizer,-0.07368600332188328
6,fingerprint_H_bit_207,-0.07865647847031321
6,drug_fingerprint_bit_80,-0.08269348257686109
6,fingerprint_H_bit_147,-0.08342556790593748
6,drug_fingerprint_bit_40,-0.08518843516987765
6,fingerprint_H_bit_218,-0.08616089294953433
6,drug_double_bonds_sum_fullmolecularfeaturizer,-0.09065716958954657
6,drug_fingerprint_bit_168,-0.09118196948191329
6,drug_fingerprint_bit_153,-0.09832996397003509
6,drug_fingerprint_bit_143,-0.0999812295094187
6,drug_fingerprint_bit_219,-0.10762700837035599
6,fingerprint_H_bit_39,-0.11203762491451287
6,drug_fingerprint_bit_38,-0.11781663454697565
6,drug_fingerprint_bit_174,-0.13075604188519754
6,poly_max_estate_index_sum_backbonefeaturizer,-0.138268281622948
6,drug_fingerprint_bit_214,-0.15435863661565577
6,drug_sp2_carbon_count_sum_fullmolecularfeaturizer,-0.15943455922373673
6,drug_fingerprint_bit_138,-0.16677515511011798
6,drug_fingerprint_bit_113,-0.17174945185209595
6,drug_fingerprint_bit_228,-0.17264781887955336
6,fingerprint_H_bit_42,-0.20445692991028513
6,poly_balaban_j_index_sum_fullpolymerfeaturizer,-0.21046011713549867
6,drug_fingerprint_bit_1,-0.21887728162121906
6,drug_fingerprint_bit_243,-0.23238067372243473
6,fingerprint_H_bit_183,-0.2612920778852291
6,fingerprint_H_bit_120,-0.29145437276270414
6,drug_fingerprint_bit_72,-0.2993551181688785
6,drug_fingerprint_bit_186,-0.3080437963523011
6,drug_fingerprint_bit_111,-0.31685334114675084
6,fingerprint_H_bit_138,-0.3276793456208781
6,WATER_PH,-0.3363079275772232
6,drug_fingerprint_bit_163,-0.345789900451783
6,drug_fingerprint_bit_233,-0.3784155197517184
6,poly_num_rotatable_bonds_sum_fullpolymerfeaturizer,-0.39946761622053156
6,fingerprint_H_bit_125,-0.40200762042552085
6,drug_fingerprint_bit_107,-0.42126759838379657
6,poly_topological_surface_area_sum_fullpolymerfeaturizer,-0.42839567210546087
6,drug_fingerprint_bit_4,-0.4531067702339685
6,drug_fingerprint_bit_175,-0.4568448937345107
6,drug_fingerprint_bit_64,-0.45936435908520984
6,drug_fingerprint_bit_133,-0.46771199938837127
6,poly_num_hbond_acceptors_sum_fullpolymerfeaturizer,-0.46789685446554335
6,poly_num_hbond_donors_sum_fullpolymerfeaturizer,-0.48524774279475275
6,drug_fingerprint_bit_237,-0.5152369109712475
6,logp_H,-0.5258980226578686
6,poly_single_bonds_sum_fullpolymerfeaturizer,-0.5988782683414955
6,drug_fingerprint_bit_47,-0.600040616462224
6,drug_num_rotatable_bonds_sum_fullmolecularfeaturizer,-0.6630855302775865
6,drug_fingerprint_bit_45,-0.7618286457732305
6,poly_max_estate_index_sum_fullpolymerfeaturizer,-0.7773774982428162
6,drug_fingerprint_bit_128,-0.8333795338052699
6,poly_sp2_carbon_count_sum_fullpolymerfeaturizer,-0.8351451360758805
6,poly_num_rings_sum_fullpolymerfeaturizer,-0.9092246371974105
6,poly_heteroatom_count_sum_fullpolymerfeaturizer,-0.910077314107218
6,drug_fingerprint_bit_200,-0.9241855705966626
6,drug_fingerprint_bit_119,-0.9802586333394421
6,fingerprint_H_bit_13,-1.0244187562049054
6,CONCENTRATION,-1.172643125824208
6,drug_fingerprint_bit_151,-1.2749679031682442
6,poly_molecular_weight_sum_fullpolymerfeaturizer,-1.58801426825611
6,poly_num_atoms_sum_fullpolymerfeaturizer,-1.6213960185172065
6,drug_fingerprint_bit_33,-1.660497124225356
6,drug_fingerprint_bit_108,-2.158153100325777
6,fingerprint_H_bit_233,-2.219729594028416
6,fingerprint_H_bit_164,-2.275494249412746
6,drug_fingerprint_bit_224,-2.3918594245377185
6,fingerprint_H_bit_66,-2.4603684660209275
6,drug_fingerprint_bit_88,-2.5767210368184057
7,drug_fingerprint_bit_190,6.890596780552114
7,fingerprint_H_bit_130,5.884074228366683
7,drug_fingerprint_bit_98,4.470022549786368
7,fingerprint_H_bit_182,2.9859229140693
7,poly_heteroatom_count_sum_backbonefeaturizer,2.8477494775802166
7,fingerprint_H_bit_84,2.396771711813564
7,homo_eV_H,2.3007718969172757
7,poly_molecular_weight_sidechainfeaturizer_sum,2.0263429749957615
7,poly_heteroatom_density_sidechainfeaturizer_sum,1.9909671021409376
7,poly_num_atoms_sum_backbonefeaturizer,1.914620208743376
7,poly_num_rotatable_bonds_sum_backbonefeaturizer,1.9121595561358347
7,fingerprint_H_bit_217,1.8707461469832392
7,poly_num_rings_sum_backbonefeaturizer,1.7712819023290916
7,poly_balaban_j_index_sidechainfeaturizer_sum,1.7690207199973087
7,drug_fingerprint_bit_147,1.6574631157798911
7,drug_fingerprint_bit_218,1.6194424747487344
7,fingerprint_H_bit_138,1.6095950982298988
7,drug_num_hbond_donors_sum_fullmolecularfeaturizer,1.5568174995380868
7,poly_molecular_weight_sum_backbonefeaturizer,1.4582931141702187
7,poly_topological_surface_area_sum_backbonefeaturizer,1.4152894734823371
7,fingerprint_H_bit_125,1.3947919854304716
7,fingerprint_H_bit_222,1.3934587896700594
7,poly_num_hbond_donors_sum_backbonefeaturizer,1.3732485343958756
7,fingerprint_H_bit_33,1.3619872890926865
7,fingerprint_H_bit_41,1.353735128815991
7,drug_fingerprint_bit_42,1.3468312476349706
7,poly_slogp_vsa1_sum_fullpolymerfeaturizer,1.3438666179195908
7,fingerprint_H_bit_204,1.3159494820168764
7,fingerprint_H_bit_151,1.3129544871602845
7,fingerprint_H_bit_118,1.256048144749364
7,poly_double_bonds_sum_fullpolymerfeaturizer,1.2079747319126715
7,fingerprint_H_bit_232,1.1953102239710744
7,poly_num_hbond_acceptors_sidechainfeaturizer_sum,1.1561179273930053
7,poly_sp2_carbon_count_sum_backbonefeaturizer,1.0679748101650122
7,poly_single_bonds_sum_backbonefeaturizer,1.0596162975137462
7,poly_single_bonds_sidechainfeaturizer_sum,1.0581037442578327
7,poly_num_hbond_acceptors_sum_backbonefeaturizer,1.037355926660766
7,poly_sp3_carbon_count_sidechainfeaturizer_sum,1.0369154808354197
7,fingerprint_H_bit_113,1.0103892829886971
7,poly_fp_density_morgan1_sum_backbonefeaturizer,0.9916327881986143
7,poly_num_rings_sidechainfeaturizer_sum,0.9886778435626977
7,poly_smr_vsa5_sum_backbonefeaturizer,0.9879672478997439
7,fingerprint_H_bit_100,0.9360976929373092
7,poly_double_bonds_sum_backbonefeaturizer,0.9350621408411737
7,fingerprint_H_bit_159,0.9139746128266785
7,poly_max_estate_index_sum_fullpolymerfeaturizer,0.8801520426715318
7,poly_max_ring_size_sidechainfeaturizer_sum,0.8756984498879093
7,fingerprint_H_bit_251,0.8480709838698325
7,poly_heteroatom_count_sidechainfeaturizer_sum,0.8434288206737683
7,drug_fingerprint_bit_158,0.815056276140308
7,poly_max_estate_index_sidechainfeaturizer_sum,0.7935270221802588
7,fingerprint_H_bit_48,0.7931799035159256
7,drug_fingerprint_bit_110,0.7870544779248551
7,fingerprint_H_bit_145,0.7722044780620658
7,drug_fingerprint_bit_99,0.7685687990132372
7,fingerprint_H_bit_69,0.7625575585965105
7,poly_sp2_carbon_count_sidechainfeaturizer_sum,0.7148897159135618
7,poly_slogp_vsa1_sum_backbonefeaturizer,0.6736694867157783
7,poly_num_atoms_sidechainfeaturizer_sum,0.6663610277659033
7,fingerprint_H_bit_128,0.6514563655743848
7,drug_fingerprint_bit_24,0.6361806369000844
7,drug_fingerprint_bit_213,0.6343308181324547
7,fingerprint_H_bit_27,0.6322788853904985
7,poly_num_aromatic_rings_sum_backbonefeaturizer,0.6265909959246001
7,drug_single_bonds_sum_fullmolecularfeaturizer,0.6239009942331171
7,poly_num_aromatic_rings_sidechainfeaturizer_sum,0.6031061258229903
7,drug_fingerprint_bit_141,0.5968026659406502
7,drug_fingerprint_bit_189,0.5949071037902177
7,poly_sp3_carbon_count_sum_backbonefeaturizer,0.5813026848042918
7,poly_fp_density_morgan1_sidechainfeaturizer_sum,0.5785538973895521
7,drug_fingerprint_bit_165,0.5772958490935071
7,poly_num_hbond_donors_sidechainfeaturizer_sum,0.5738859127873821
7,drug_fingerprint_bit_142,0.5297649616380206
7,drug_fingerprint_bit_11,0.5256794854818516
7,fingerprint_H_bit_52,0.5089407005726719
7,fingerprint_H_bit_58,0.49461353647590156
7,poly_fp_density_morgan1_sum_fullpolymerfeaturizer,0.4940901188019205
7,drug_fingerprint_bit_206,0.4901220398358636
7,drug_fingerprint_bit_63,0.48892634181563277
7,fingerprint_H_bit_68,0.48891313503872025
7,drug_fingerprint_bit_3,0.47879584191282365
7,drug_balaban_j_index_sum_fullmolecularfeaturizer,0.47310965247122533
7,fingerprint_H_bit_1,0.4633640738815947
7,drug_bridging_rings_count_sum_fullmolecularfeaturizer,0.45321387489448534
7,drug_fingerprint_bit_167,0.4455704887168189
7,drug_total_halogens_sum_fullmolecularfeaturizer,0.4360156345518442
7,drug_fraction_bicyclic_rings_sum_fullmolecularfeaturizer,0.43533415334933745
7,drug_num_aromatic_rings_sum_fullmolecularfeaturizer,0.43223459293352295
7,fingerprint_H_bit_245,0.4288962466572576
7,fingerprint_H_bit_155,0.42882238950556
7,fingerprint_H_bit_237,0.42844451569773007
7,fingerprint_H_bit_67,0.425465539652968
7,drug_fingerprint_bit_250,0.4187377267019016
7,poly_max_ring_size_sum_fullpolymerfeaturizer,0.4036587952722513
7,drug_fingerprint_bit_0,0.3962206198512788
7,drug_fingerprint_bit_153,0.3939524063016849
7,poly_max_ring_size_sum_backbonefeaturizer,0.3888685394706387
7,fingerprint_H_bit_213,0.38871147791522553
7,fingerprint_H_bit_147,0.38846603885182407
7,poly_max_estate_index_sum_backbonefeaturizer,0.3862645811214763
7,fingerprint_H_bit_78,0.38430534239737735
7,drug_num_hbond_acceptors_sum_fullmolecularfeaturizer,0.38193746816288376
7,fingerprint_H_bit_119,0.3663409557737603
7,fingerprint_H_bit_37,0.3654083763712096
7,lumo_eV_H,0.36163559826883734
7,poly_num_rotatable_bonds_sum_fullpolymerfeaturizer,0.3524722330992101
7,fingerprint_H_bit_186,0.3497435910490455
7,drug_fingerprint_bit_252,0.346611664828722
7,drug_fingerprint_bit_83,0.3453921029694605
7,fingerprint_H_bit_70,0.33455735440449347
7,drug_fingerprint_bit_126,0.33401111612237144
7,drug_fingerprint_bit_188,0.33257468626165043
7,drug_fingerprint_bit_39,0.32817080006424704
7,fingerprint_H_bit_139,0.32344483694045995
7,drug_fingerprint_bit_71,0.3138032374372223
7,drug_heteroatom_count_sum_fullmolecularfeaturizer,0.3119364545200776
7,drug_fingerprint_bit_61,0.3105748512172775
7,drug_topological_surface_area_sum_fullmolecularfeaturizer,0.2988675721656087
7,drug_fingerprint_bit_12,0.29847771637656983
7,drug_fingerprint_bit_160,0.29593258166152575
7,drug_fingerprint_bit_249,0.2944737910412339
7,drug_lumo_eV,0.29439301733065865
7,fingerprint_H_bit_236,0.2926104786384491
7,fingerprint_H_bit_197,0.29027261409626387
7,poly_topological_surface_area_sidechainfeaturizer_sum,0.2875179837641927
7,poly_num_aromatic_rings_sum_fullpolymerfeaturizer,0.2855609359055028
7,drug_fingerprint_bit_253,0.28504891677206773
7,drug_molecular_weight_sum_fullmolecularfeaturizer,0.27862733434341674
7,fingerprint_H_bit_214,0.27618859171215454
7,fingerprint_H_bit_13,0.2755751797867327
7,drug_fingerprint_bit_46,0.2750761889697845
7,drug_fingerprint_bit_205,0.27190537524526626
7,drug_fingerprint_bit_184,0.26941534513253595
7,poly_num_rings_sum_fullpolymerfeaturizer,0.2685575361127949
7,drug_fingerprint_bit_183,0.2684318855689443
7,drug_fingerprint_bit_146,0.2669650769038589
7,drug_sp3_carbon_count_sum_fullmolecularfeaturizer,0.2665490382735944
7,drug_fingerprint_bit_203,0.2662122671951371
7,fingerprint_H_bit_63,0.2630611491352758
7,fingerprint_H_bit_85,0.2612444062122185
7,drug_fingerprint_bit_226,0.26046544109867603
7,drug_fingerprint_bit_50,0.2602919018472777
7,fingerprint_H_bit_53,0.2587822133997424
7,drug_fingerprint_bit_22,0.24358734079428354
7,drug_fingerprint_bit_197,0.23799339969678426
7,fingerprint_H_bit_89,0.2345738778779578
7,drug_fingerprint_bit_81,0.23227679519492808
7,drug_fingerprint_bit_10,0.23053376248518112
7,drug_fingerprint_bit_115,0.22917038602680748
7,drug_fingerprint_bit_216,0.2289780745824135
7,drug_fingerprint_bit_26,0.22354989134070488
7,drug_num_aliphatic_heterocycles_sum_fullmolecularfeaturizer,0.22226484910917213
7,drug_fingerprint_bit_145,0.21567370726884225
7,fingerprint_H_bit_134,0.21552099773428393
7,drug_fingerprint_bit_212,0.21488897877282107
7,drug_fingerprint_bit_181,0.21331482420621026
7,drug_fingerprint_bit_159,0.20825239349777974
7,drug_fingerprint_bit_169,0.2068275235647304
7,drug_smr_vsa5_sum_fullmolecularfeaturizer,0.19941562200193805
7,drug_fingerprint_bit_74,0.19129124803913022
7,drug_fingerprint_bit_58,0.1897607024989856
7,drug_logp,0.1894454704971624
7,poly_heteroatom_density_sum_fullpolymerfeaturizer,0.18685425968211852
7,fingerprint_H_bit_121,0.18612639104182985
7,drug_num_atoms_sum_fullmolecularfeaturizer,0.1814508128682047
7,drug_fingerprint_bit_201,0.17804632297967843
7,fingerprint_H_bit_81,0.17665765440930659
7,fingerprint_H_bit_226,0.17631481878015368
7,drug_fingerprint_bit_77,0.17617753028631564
7,drug_fingerprint_bit_35,0.17138736022413928
7,drug_fingerprint_bit_177,0.17102737507886534
7,drug_fingerprint_bit_185,0.16855172964167586
7,drug_fingerprint_bit_156,0.16650547617028993
7,fingerprint_H_bit_54,0.1629043022582685
7,drug_fingerprint_bit_36,0.15810678200244016
7,poly_balaban_j_index_sum_fullpolymerfeaturizer,0.15799212249792655
7,poly_double_bonds_sidechainfeaturizer_sum,0.15296296658541308
7,drug_fingerprint_bit_223,0.1512377799922431
7,drug_fingerprint_bit_73,0.15118203019429835
7,drug_fingerprint_bit_75,0.1499895638771904
7,drug_fingerprint_bit_136,0.1493941387073199
7,drug_fingerprint_bit_8,0.1481565748450485
7,drug_homo_eV,0.1454897910959135
7,drug_fingerprint_bit_196,0.1417445361189105
7,drug_fingerprint_bit_49,0.139278422423917
7,drug_fingerprint_bit_28,0.13858785534476767
7,drug_fingerprint_bit_44,0.13772125864313076
7,drug_fingerprint_bit_251,0.13440042592727489
7,drug_fingerprint_bit_97,0.13335293712798338
7,drug_fingerprint_bit_60,0.1308810773146396
7,drug_fingerprint_bit_211,0.12330289491373228
7,logd_at_WATER_PH_H,0.12267999017762199
7,drug_fingerprint_bit_231,0.11939400791927082
7,drug_fingerprint_bit_194,0.11917008070043009
7,poly_sp3_carbon_count_sum_fullpolymerfeaturizer,0.1189978075369901
7,drug_logd_at_WATER_PH,0.11733239636871799
7,drug_fingerprint_bit_15,0.11560358984517616
7,poly_heteroatom_density_sum_backbonefeaturizer,0.11507924086204575
7,drug_fingerprint_bit_69,0.11368122960613979
7,drug_fingerprint_bit_246,0.11327785873342469
7,drug_num_rings_sum_fullmolecularfeaturizer,0.11218133473905498
7,drug_fingerprint_bit_6,0.11176022759403421
7,drug_fingerprint_bit_37,0.09883698088204682
7,fingerprint_H_bit_56,0.09738262163105964
7,drug_fingerprint_bit_172,0.09714620866802082
7,drug_fingerprint_bit_67,0.09492193743207678
7,drug_fingerprint_bit_227,0.09278054544416718
7,poly_sp2_carbon_count_sum_fullpolymerfeaturizer,0.09228533513685093
7,drug_fingerprint_bit_84,0.09131727122432236
7,drug_fingerprint_bit_202,0.09014311861683698
7,poly_single_bonds_sum_fullpolymerfeaturizer,0.08847064030238906
7,drug_fingerprint_bit_236,0.08699923476613781
7,poly_slogp_vsa1_sidechainfeaturizer_sum,0.08598590557785646
7,drug_fingerprint_bit_210,0.08557537791054792
7,drug_fingerprint_bit_204,0.08512178641959663
7,drug_fluorine_count_sum_fullmolecularfeaturizer,0.08400635937045796
7,drug_fingerprint_bit_41,0.08392255743863337
7,drug_fingerprint_bit_155,0.08383019620800337
7,drug_heteroatom_density_sum_fullmolecularfeaturizer,0.08275361565274737
7,drug_fingerprint_bit_109,0.0821371809946014
7,drug_fingerprint_bit_48,0.07989922060699396
7,fingerprint_H_bit_219,0.07974620500568518
7,drug_fingerprint_bit_116,0.07865350105011681
7,drug_fingerprint_bit_92,0.0784450967152875
7,drug_fingerprint_bit_148,0.07766212651588503
7,drug_fingerprint_bit_103,0.07495463569425433
7,drug_fingerprint_bit_105,0.07281268259654004
7,drug_fingerprint_bit_127,0.072640984474872
7,drug_fingerprint_bit_30,0.06978992555999172
7,fingerprint_H_bit_123,0.06866317120323218
7,poly_smr_vsa5_sidechainfeaturizer_sum,0.06804436572392467
7,drug_fp_density_morgan1_sum_fullmolecularfeaturizer,0.06712186270944345
7,fingerprint_H_bit_28,0.06205079537275371
7,drug_fingerprint_bit_178,0.06156823463977754
7,fingerprint_H_bit_32,0.05894084720047459
7,drug_fingerprint_bit_255,0.05837018900629005
7,fingerprint_H_bit_64,0.05661087959506467
7,drug_fingerprint_bit_240,0.05638739786934433
7,drug_fingerprint_bit_180,0.05539381565723036
7,fingerprint_H_bit_158,0.05524451509053287
7,drug_fingerprint_bit_179,0.05329705849761969
7,fingerprint_H_bit_162,0.051545413986401875
7,drug_fingerprint_bit_149,0.050390813658850515
7,poly_num_aliphatic_heterocycles_sum_backbonefeaturizer,0.050142274200470606
7,drug_fingerprint_bit_120,0.04675724994421872
7,drug_num_non_aromatic_rings_sum_fullmolecularfeaturizer,0.04538063344569592
7,drug_fingerprint_bit_242,0.04416226457651092
7,fingerprint_H_bit_216,0.042424544732078476
7,drug_fingerprint_bit_173,0.04117836566148403
7,drug_fingerprint_bit_248,0.040502176654935516
7,drug_fingerprint_bit_191,0.040379307130583984
7,drug_fingerprint_bit_170,0.03877049247442112
7,fingerprint_H_bit_26,0.03846839966787085
7,drug_fingerprint_bit_150,0.037441041438471614
7,fingerprint_H_bit_212,0.0355460921748145
7,fingerprint_H_bit_175,0.03494004540371599
7,poly_num_aliphatic_heterocycles_sum_fullpolymerfeaturizer,0.03468905783740321
7,drug_fingerprint_bit_137,0.03450432139566168
7,fingerprint_H_bit_30,0.0339611951611511
7,fingerprint_H_bit_46,0.03382737023007649
7,drug_fingerprint_bit_235,0.032968037230148205
7,drug_fingerprint_bit_101,0.03291397535688468
7,drug_fingerprint_bit_94,0.031798141919473215
7,fingerprint_H_bit_114,0.03166216046486221
7,drug_fingerprint_bit_14,0.03162666584793212
7,drug_fingerprint_bit_222,0.03136684588738588
7,poly_num_rotatable_bonds_sidechainfeaturizer_sum,0.03131271368139505
7,drug_fingerprint_bit_245,0.030623650978665574
7,fingerprint_H_bit_34,0.030039551957323298
7,drug_fingerprint_bit_34,0.029918087028572356
7,drug_fingerprint_bit_117,0.02842408137499754
7,drug_fingerprint_bit_90,0.028064499446046522
7,drug_fingerprint_bit_70,0.027757350252057295
7,drug_fingerprint_bit_174,0.027194667646635744
7,drug_fingerprint_bit_106,0.02718765788332157
7,poly_num_non_aromatic_rings_sum_backbonefeaturizer,0.02642944407649726
7,fingerprint_H_bit_164,0.025957974909975614
7,drug_fingerprint_bit_114,0.025751808717464058
7,drug_fingerprint_bit_96,0.025635499126261563
7,drug_fingerprint_bit_171,0.02541116204307294
7,drug_fingerprint_bit_78,0.025188803809535944
7,drug_fingerprint_bit_122,0.024940027768273254
7,drug_fingerprint_bit_152,0.024802891312230506
7,poly_num_non_aromatic_rings_sum_fullpolymerfeaturizer,0.02476530391838178
7,fingerprint_H_bit_106,0.02377753542730966
7,drug_fingerprint_bit_82,0.023142595855744637
7,drug_fingerprint_bit_134,0.022771164950192286
7,drug_fingerprint_bit_135,0.022673012427283246
7,drug_fingerprint_bit_23,0.022348139781361187
7,fingerprint_H_bit_98,0.022150099411791153
7,drug_fingerprint_bit_162,0.021802278388900236
7,drug_fingerprint_bit_32,0.021792744242944178
7,fingerprint_H_bit_57,0.021268235302642463
7,fingerprint_H_bit_61,0.02001091897659906
7,drug_chlorine_count_sum_fullmolecularfeaturizer,0.01913854929578304
7,drug_fingerprint_bit_118,0.019031663851240357
7,drug_fingerprint_bit_27,0.019027596832859938
7,drug_fingerprint_bit_104,0.018889935953258555
7,drug_fingerprint_bit_187,0.018467502428894073
7,fingerprint_H_bit_185,0.01814358961330977
7,drug_fingerprint_bit_239,0.018139098098871587
7,drug_fingerprint_bit_56,0.018095078333573544
7,fingerprint_H_bit_143,0.016970303970598753
7,fingerprint_H_bit_205,0.016708641915727625
7,fingerprint_H_bit_80,0.016451776322330365
7,drug_fingerprint_bit_62,0.016337212743412082
7,drug_fingerprint_bit_13,0.015143133487208348
7,drug_fingerprint_bit_7,0.01503184438270486
7,drug_fingerprint_bit_31,0.014694793872493382
7,drug_fingerprint_bit_225,0.014136344118629919
7,fingerprint_H_bit_144,0.013137932394185783
7,drug_fingerprint_bit_100,0.012367226670316858
7,drug_fingerprint_bit_76,0.012337605196056565
7,drug_fingerprint_bit_38,0.011660516423119383
7,drug_fingerprint_bit_229,0.011626891252201621
7,drug_fingerprint_bit_121,0.011291821236988742
7,drug_fingerprint_bit_59,0.011073253278978703
7,fingerprint_H_bit_131,0.010733273231481513
7,drug_fingerprint_bit_208,0.010709395324906465
7,fingerprint_H_bit_174,0.01039082778831542
7,drug_fingerprint_bit_140,0.010121160255334145
7,drug_fingerprint_bit_238,0.008369226165252994
7,drug_fingerprint_bit_16,0.008261549458433557
7,drug_fingerprint_bit_161,0.0081358315333578
7,drug_fingerprint_bit_20,0.007733039545719342
7,drug_fingerprint_bit_65,0.007283305867448876
7,fingerprint_H_bit_18,0.006832723127676424
7,drug_fingerprint_bit_154,0.006436929691145383
7,drug_fingerprint_bit_93,0.005547366027842449
7,fingerprint_H_bit_65,0.005193232218419279
7,drug_fingerprint_bit_164,0.004450213851115318
7,drug_fingerprint_bit_57,0.0029253113807442177
7,drug_fingerprint_bit_199,0.0026491336384231357
7,drug_fingerprint_bit_79,0.0013978260105951823
7,drug_fingerprint_bit_85,0.0013436808697355196
7,fingerprint_H_bit_116,0.0009605125335772545
7,fingerprint_H_bit_224,0.00037914594635747513
7,fingerprint_H_bit_211,0.0
7,fingerprint_H_bit_209,0.0
7,fingerprint_H_bit_154,0.0
7,poly_num_aliphatic_heterocycles_sidechainfeaturizer_sum,0.0
7,drug_fingerprint_bit_157,0.0
7,fingerprint_H_bit_73,0.0
7,drug_fingerprint_bit_254,0.0
7,fingerprint_H_bit_5,0.0
7,fingerprint_H_bit_157,0.0
7,fingerprint_H_bit_191,0.0
7,fingerprint_H_bit_192,0.0
7,fingerprint_H_bit_193,0.0
7,fingerprint_H_bit_21,0.0
7,fingerprint_H_bit_22,0.0
7,fingerprint_H_bit_23,0.0
7,fingerprint_H_bit_24,0.0
7,fingerprint_H_bit_190,0.0
7,fingerprint_H_bit_12,0.0
7,fingerprint_H_bit_10,0.0
7,fingerprint_H_bit_11,0.0
7,poly_bromine_count_sidechainfeaturizer_sum,0.0
7,poly_chlorine_count_sidechainfeaturizer_sum,0.0
7,poly_fluorine_count_sidechainfeaturizer_sum,0.0
7,poly_total_halogens_sidechainfeaturizer_sum,0.0
7,poly_fraction_bicyclic_rings_sidechainfeaturizer_sum,0.0
7,poly_num_non_aromatic_rings_sidechainfeaturizer_sum,0.0
7,fingerprint_H_bit_141,0.0
7,fingerprint_H_bit_142,0.0
7,fingerprint_H_bit_200,0.0
7,fingerprint_H_bit_201,0.0
7,fingerprint_H_bit_234,0.0
7,poly_fraction_bicyclic_rings_sum_backbonefeaturizer,0.0
7,fingerprint_H_bit_238,0.0
7,fingerprint_H_bit_239,0.0
7,fingerprint_H_bit_240,0.0
7,fingerprint_H_bit_122,0.0
7,fingerprint_H_bit_136,0.0
7,fingerprint_H_bit_137,0.0
7,poly_fluorine_count_sum_backbonefeaturizer,0.0
7,poly_total_halogens_sum_backbonefeaturizer,0.0
7,poly_bromine_count_sum_backbonefeaturizer,0.0
7,poly_iodine_count_sum_backbonefeaturizer,0.0
7,poly_triple_bonds_sum_backbonefeaturizer,0.0
7,poly_chlorine_count_sum_backbonefeaturizer,0.0
7,poly_bridging_rings_count_sum_backbonefeaturizer,0.0
7,fingerprint_H_bit_146,0.0
7,fingerprint_H_bit_202,0.0
7,fingerprint_H_bit_203,0.0
7,fingerprint_H_bit_206,0.0
7,fingerprint_H_bit_208,0.0
7,fingerprint_H_bit_135,0.0
7,fingerprint_H_bit_235,0.0
7,drug_fingerprint_bit_21,0.0
7,fingerprint_H_bit_153,0.0
7,fingerprint_H_bit_152,0.0
7,fingerprint_H_bit_150,0.0
7,fingerprint_H_bit_148,0.0
7,fingerprint_H_bit_149,0.0
7,fingerprint_H_bit_109,0.0
7,drug_fingerprint_bit_9,0.0
7,fingerprint_H_bit_115,0.0
7,fingerprint_H_bit_124,0.0
7,fingerprint_H_bit_127,0.0
7,fingerprint_H_bit_126,0.0
7,fingerprint_H_bit_129,0.0
7,fingerprint_H_bit_168,0.0
7,fingerprint_H_bit_210,0.0
7,fingerprint_H_bit_156,0.0
7,drug_fingerprint_bit_232,0.0
7,fingerprint_H_bit_169,0.0
7,drug_fingerprint_bit_234,0.0
7,fingerprint_H_bit_184,0.0
7,poly_bridging_rings_count_sidechainfeaturizer_sum,0.0
7,fingerprint_H_bit_140,0.0
7,poly_iodine_count_sidechainfeaturizer_sum,0.0
7,poly_triple_bonds_sidechainfeaturizer_sum,0.0
7,fingerprint_H_bit_194,0.0
7,fingerprint_H_bit_2,0.0
7,fingerprint_H_bit_3,0.0
7,fingerprint_H_bit_4,0.0
7,fingerprint_H_bit_16,0.0
7,fingerprint_H_bit_17,0.0
7,fingerprint_H_bit_19,0.0
7,fingerprint_H_bit_20,0.0
7,fingerprint_H_bit_102,0.0
7,fingerprint_H_bit_101,0.0
7,fingerprint_H_bit_99,0.0
7,fingerprint_H_bit_97,0.0
7,fingerprint_H_bit_96,0.0
7,fingerprint_H_bit_95,0.0
7,fingerprint_H_bit_94,0.0
7,fingerprint_H_bit_93,0.0
7,fingerprint_H_bit_92,0.0
7,drug_fingerprint_bit_17,0.0
7,drug_fingerprint_bit_217,0.0
7,fingerprint_H_bit_117,0.0
7,drug_fingerprint_bit_215,0.0
7,fingerprint_H_bit_36,0.0
7,fingerprint_H_bit_40,0.0
7,drug_fingerprint_bit_209,0.0
7,fingerprint_H_bit_108,0.0
7,fingerprint_H_bit_107,0.0
7,fingerprint_H_bit_110,0.0
7,fingerprint_H_bit_35,0.0
7,fingerprint_H_bit_132,0.0
7,drug_fingerprint_bit_51,0.0
7,fingerprint_H_bit_111,0.0
7,drug_fingerprint_bit_198,0.0
7,fingerprint_H_bit_91,0.0
7,drug_fingerprint_bit_195,0.0
7,drug_fingerprint_bit_220,0.0
7,drug_fingerprint_bit_221,0.0
7,fingerprint_H_bit_166,0.0
7,fingerprint_H_bit_161,0.0
7,fingerprint_H_bit_163,0.0
7,fingerprint_H_bit_165,0.0
7,fingerprint_H_bit_105,0.0
7,fingerprint_H_bit_104,0.0
7,fingerprint_H_bit_103,0.0
7,fingerprint_H_bit_29,0.0
7,fingerprint_H_bit_252,0.0
7,fingerprint_H_bit_247,0.0
7,fingerprint_H_bit_249,0.0
7,fingerprint_H_bit_248,0.0
7,poly_chlorine_count_sum_fullpolymerfeaturizer,0.0
7,poly_bromine_count_sum_fullpolymerfeaturizer,0.0
7,poly_triple_bonds_sum_fullpolymerfeaturizer,0.0
7,poly_iodine_count_sum_fullpolymerfeaturizer,0.0
7,poly_bridging_rings_count_sum_fullpolymerfeaturizer,0.0
7,poly_total_halogens_sum_fullpolymerfeaturizer,0.0
7,poly_fluorine_count_sum_fullpolymerfeaturizer,0.0
7,fingerprint_H_bit_250,0.0
7,drug_fingerprint_bit_68,0.0
7,fingerprint_H_bit_170,0.0
7,poly_fraction_bicyclic_rings_sum_fullpolymerfeaturizer,0.0
7,fingerprint_H_bit_75,0.0
7,fingerprint_H_bit_76,0.0
7,fingerprint_H_bit_77,0.0
7,fingerprint_H_bit_79,0.0
7,fingerprint_H_bit_74,0.0
7,fingerprint_H_bit_82,0.0
7,fingerprint_H_bit_90,0.0
7,fingerprint_H_bit_31,0.0
7,drug_fingerprint_bit_54,0.0
7,fingerprint_H_bit_160,0.0
7,fingerprint_H_bit_171,0.0
7,fingerprint_H_bit_172,0.0
7,fingerprint_H_bit_173,0.0
7,drug_fingerprint_bit_112,0.0
7,fingerprint_H_bit_88,0.0
7,drug_fingerprint_bit_89,0.0
7,drug_fingerprint_bit_87,0.0
7,fingerprint_H_bit_87,0.0
7,fingerprint_H_bit_86,0.0
7,fingerprint_H_bit_83,0.0
7,drug_fingerprint_bit_123,0.0
7,fingerprint_H_bit_177,0.0
7,fingerprint_H_bit_178,0.0
7,fingerprint_H_bit_179,0.0
7,fingerprint_H_bit_180,0.0
7,fingerprint_H_bit_6,0.0
7,fingerprint_H_bit_8,0.0
7,fingerprint_H_bit_230,0.0
7,fingerprint_H_bit_231,0.0
7,fingerprint_H_bit_243,0.0
7,fingerprint_H_bit_242,0.0
7,fingerprint_H_bit_246,0.0
7,fingerprint_H_bit_244,0.0
7,fingerprint_H_bit_43,0.0
7,fingerprint_H_bit_44,0.0
7,fingerprint_H_bit_47,0.0
7,drug_fingerprint_bit_102,0.0
7,fingerprint_H_bit_49,0.0
7,fingerprint_H_bit_50,0.0
7,fingerprint_H_bit_55,0.0
7,fingerprint_H_bit_51,0.0
7,fingerprint_H_bit_181,0.0
7,fingerprint_H_bit_241,0.0
7,fingerprint_H_bit_9,0.0
7,fingerprint_H_bit_176,0.0
7,fingerprint_H_bit_59,0.0
7,drug_fingerprint_bit_176,0.0
7,fingerprint_H_bit_196,0.0
7,fingerprint_H_bit_195,0.0
7,fingerprint_H_bit_199,0.0
7,fingerprint_H_bit_253,0.0
7,fingerprint_H_bit_198,0.0
7,fingerprint_H_bit_60,0.0
7,fingerprint_H_bit_255,0.0
7,fingerprint_H_bit_220,0.0
7,fingerprint_H_bit_221,0.0
7,fingerprint_H_bit_223,0.0
7,fingerprint_H_bit_225,0.0
7,fingerprint_H_bit_228,0.0
7,fingerprint_H_bit_254,0.0
7,fingerprint_H_bit_25,0.0
7,fingerprint_H_bit_62,0.0
7,fingerprint_H_bit_229,0.0
7,fingerprint_H_bit_72,0.0
7,fingerprint_H_bit_71,0.0
7,fingerprint_H_bit_215,0.0
7,drug_bromine_count_sum_fullmolecularfeaturizer,0.0
7,drug_iodine_count_sum_fullmolecularfeaturizer,0.0
7,drug_fingerprint_bit_244,0.0
7,drug_triple_bonds_sum_fullmolecularfeaturizer,0.0
7,fingerprint_H_bit_187,0.0
7,fingerprint_H_bit_189,0.0
7,fingerprint_H_bit_188,0.0
7,fingerprint_H_bit_14,0.0
7,drug_fingerprint_bit_166,0.0
7,fingerprint_H_bit_15,0.0
7,fingerprint_H_bit_0,0.0
7,poly_smr_vsa5_sum_fullpolymerfeaturizer,-0.0007752804947385331
7,poly_topological_surface_area_sum_fullpolymerfeaturizer,-0.003096742173799052
7,drug_fingerprint_bit_25,-0.0037629164013571127
7,drug_fingerprint_bit_53,-0.005569447477903346
7,drug_fingerprint_bit_192,-0.007606895131136319
7,drug_fingerprint_bit_55,-0.007901557836192594
7,drug_fingerprint_bit_207,-0.008977916401613889
7,drug_fingerprint_bit_139,-0.009895781983201343
7,drug_fingerprint_bit_247,-0.012658105501377465
7,drug_fingerprint_bit_193,-0.013314451270284315
7,drug_max_ring_size_sum_fullmolecularfeaturizer,-0.01565199529346642
7,fingerprint_H_bit_133,-0.016246421684362525
7,drug_fingerprint_bit_18,-0.016718509856010318
7,drug_fingerprint_bit_130,-0.017690070602858758
7,drug_fingerprint_bit_5,-0.02173818608828772
7,drug_fingerprint_bit_129,-0.024084951274649137
7,drug_fingerprint_bit_43,-0.025808226806845424
7,drug_fingerprint_bit_2,-0.026283045245685335
7,drug_fingerprint_bit_124,-0.02635386932232639
7,logp_H,-0.03406527617493268
7,drug_fingerprint_bit_80,-0.03438473744859855
7,drug_fingerprint_bit_29,-0.03602153765809134
7,drug_fingerprint_bit_95,-0.03792758665165362
7,fingerprint_H_bit_218,-0.039031495847759064
7,drug_fingerprint_bit_182,-0.04576158047961059
7,fingerprint_H_bit_207,-0.050996699177747185
7,drug_fingerprint_bit_86,-0.05208912804588554
7,drug_fingerprint_bit_138,-0.057352971174457215
7,drug_max_estate_index_sum_fullmolecularfeaturizer,-0.06872432327160558
7,drug_fingerprint_bit_214,-0.07124213888379972
7,poly_heteroatom_count_sum_fullpolymerfeaturizer,-0.07313807191881881
7,fingerprint_H_bit_7,-0.07553566103737881
7,drug_double_bonds_sum_fullmolecularfeaturizer,-0.07790149151995598
7,poly_molecular_weight_sum_fullpolymerfeaturizer,-0.08530166596858917
7,drug_fingerprint_bit_1,-0.08531428262908095
7,drug_fingerprint_bit_125,-0.0853478752855006
7,drug_fingerprint_bit_91,-0.08568921159820651
7,drug_slogp_vsa1_sum_fullmolecularfeaturizer,-0.08644958880279952
7,drug_fingerprint_bit_132,-0.09106362987918082
7,drug_fingerprint_bit_144,-0.09585221533186636
7,drug_fingerprint_bit_241,-0.10008781628772158
7,drug_fingerprint_bit_66,-0.1048892316488321
7,drug_fingerprint_bit_230,-0.11013982801669639
7,drug_fingerprint_bit_143,-0.11061240396481757
7,drug_fingerprint_bit_111,-0.11413564770841443
7,drug_fingerprint_bit_131,-0.11784533168178511
7,drug_sp2_carbon_count_sum_fullmolecularfeaturizer,-0.12151016602387008
7,fingerprint_H_bit_38,-0.12214716250235454
7,drug_fingerprint_bit_168,-0.12284398640244307
7,poly_num_hbond_acceptors_sum_fullpolymerfeaturizer,-0.1316183862252748
7,poly_balaban_j_index_sum_backbonefeaturizer,-0.1382954979934462
7,poly_num_atoms_sum_fullpolymerfeaturizer,-0.15225770080604725
7,fingerprint_H_bit_39,-0.1564678788435224
7,fingerprint_H_bit_227,-0.16671849883168413
7,drug_fingerprint_bit_40,-0.18833730086836553
7,drug_fingerprint_bit_113,-0.19939589236541136
7,drug_charge_at_WATER_PH,-0.21146359752843139
7,poly_num_hbond_donors_sum_fullpolymerfeaturizer,-0.21677891893226883
7,drug_fingerprint_bit_243,-0.23797901198468446
7,drug_num_rotatable_bonds_sum_fullmolecularfeaturizer,-0.25490472383396623
7,fingerprint_H_bit_42,-0.25909864185676634
7,drug_fingerprint_bit_228,-0.26186287298841976
7,WATER_PH,-0.27972303748024063
7,drug_fingerprint_bit_186,-0.2842891291084363
7,fingerprint_H_bit_183,-0.3304826078749703
7,drug_fingerprint_bit_233,-0.3446962782189319
7,drug_fingerprint_bit_175,-0.35131636615116957
7,drug_fingerprint_bit_107,-0.3746701338444068
7,drug_fingerprint_bit_52,-0.3887235634036766
7,drug_fingerprint_bit_219,-0.39778233431725735
7,drug_fingerprint_bit_133,-0.42333166977519887
7,fingerprint_H_bit_120,-0.4244397570490287
7,fingerprint_H_bit_167,-0.461948919969732
7,charge_at_WATER_PH_H,-0.46389613778891386
7,drug_fingerprint_bit_47,-0.5127536575531627
7,fingerprint_H_bit_233,-0.5167179000204002
7,drug_fingerprint_bit_163,-0.5189672737865259
7,drug_fingerprint_bit_72,-0.5320618641980391
7,drug_fingerprint_bit_45,-0.578179762556464
7,drug_fingerprint_bit_4,-0.5870972983839152
7,CONCENTRATION,-0.6331067361257955
7,drug_fingerprint_bit_128,-0.7485349946028371
7,drug_fingerprint_bit_64,-0.7918850510402474
7,drug_fingerprint_bit_200,-0.7973542135439019
7,drug_fingerprint_bit_224,-0.8008906125264986
7,fingerprint_H_bit_45,-0.8779509400686144
7,drug_fingerprint_bit_19,-1.0241144557764363
7,fingerprint_H_bit_112,-1.0629549839576653
7,drug_fingerprint_bit_237,-1.1759227844100413
7,drug_fingerprint_bit_119,-1.2228025330304193
7,drug_fingerprint_bit_33,-1.4967480535051405
7,fingerprint_H_bit_66,-1.5521898639332221
7,drug_fingerprint_bit_151,-1.6510108798335044
7,drug_fingerprint_bit_108,-2.156638053955562
7,drug_fingerprint_bit_88,-2.181522064357115
8,drug_fingerprint_bit_98,12.01056255977423
8,drug_fingerprint_bit_190,11.119715597292256
8,fingerprint_H_bit_155,2.1381062955874897
8,poly_balaban_j_index_sidechainfeaturizer_sum,1.8483099032469819
8,poly_max_estate_index_sidechainfeaturizer_sum,1.8255703096576699
8,poly_heteroatom_count_sum_backbonefeaturizer,1.739320744452191
8,poly_sp2_carbon_count_sidechainfeaturizer_sum,1.7379706243043995
8,drug_fingerprint_bit_213,1.6176130534756745
8,fingerprint_H_bit_33,1.5478679995602316
8,fingerprint_H_bit_128,1.5299520665558557
8,fingerprint_H_bit_182,1.5002285656711793
8,drug_fingerprint_bit_218,1.4544855212259125
8,poly_heteroatom_density_sidechainfeaturizer_sum,1.436880310949887
8,poly_num_hbond_acceptors_sum_backbonefeaturizer,1.415955350385966
8,fingerprint_H_bit_236,1.3466615878822368
8,poly_fp_density_morgan1_sidechainfeaturizer_sum,1.3278344301868619
8,poly_max_ring_size_sum_fullpolymerfeaturizer,1.3047361740759622
8,fingerprint_H_bit_1,1.2882016221144832
8,fingerprint_H_bit_183,1.2181136202697527
8,fingerprint_H_bit_213,1.1837910531173252
8,fingerprint_H_bit_118,1.1522429190442731
8,drug_fingerprint_bit_147,1.1479744222602233
8,fingerprint_H_bit_214,1.1200461828968014
8,poly_single_bonds_sum_backbonefeaturizer,1.0971996498188958
8,poly_num_aromatic_rings_sum_backbonefeaturizer,1.0426536492952079
8,fingerprint_H_bit_113,1.0293855974045303
8,fingerprint_H_bit_80,1.0219012549163733
8,drug_fingerprint_bit_153,1.014734080740407
8,poly_balaban_j_index_sum_backbonefeaturizer,0.993657421925007
8,drug_fingerprint_bit_158,0.9779737305142656
8,fingerprint_H_bit_159,0.9572869220838387
8,fingerprint_H_bit_232,0.9497947270776027
8,fingerprint_H_bit_151,0.9342835024493729
8,poly_molecular_weight_sum_backbonefeaturizer,0.9289965895073493
8,poly_fp_density_morgan1_sum_backbonefeaturizer,0.9139090305762648
8,poly_max_ring_size_sidechainfeaturizer_sum,0.8879235507405372
8,fingerprint_H_bit_222,0.8837039165611326
8,poly_num_atoms_sum_backbonefeaturizer,0.8792504495352208
8,poly_num_hbond_donors_sum_backbonefeaturizer,0.8709058629641392
8,fingerprint_H_bit_78,0.866936989626406
8,poly_sp3_carbon_count_sidechainfeaturizer_sum,0.8236243053820645
8,poly_num_rings_sidechainfeaturizer_sum,0.8205253548719448
8,fingerprint_H_bit_84,0.8062777247512635
8,poly_num_atoms_sidechainfeaturizer_sum,0.8043546296192012
8,homo_eV_H,0.7840050658809633
8,drug_fingerprint_bit_42,0.7822072936098772
8,fingerprint_H_bit_53,0.7770903956553326
8,drug_fingerprint_bit_167,0.7680242031978836
8,drug_num_aromatic_rings_sum_fullmolecularfeaturizer,0.764964998960564
8,fingerprint_H_bit_217,0.7331899738632128
8,poly_topological_surface_area_sidechainfeaturizer_sum,0.7268623809834764
8,poly_num_aromatic_rings_sidechainfeaturizer_sum,0.7266282807768375
8,poly_molecular_weight_sidechainfeaturizer_sum,0.7218895100769791
8,poly_sp2_carbon_count_sum_backbonefeaturizer,0.697056535015842
8,fingerprint_H_bit_56,0.6842504783300571
8,drug_num_hbond_acceptors_sum_fullmolecularfeaturizer,0.658792883661916
8,fingerprint_H_bit_100,0.6505606673064808
8,poly_topological_surface_area_sum_backbonefeaturizer,0.6464955793033385
8,fingerprint_H_bit_58,0.640175203093596
8,drug_fingerprint_bit_201,0.6248887638235329
8,fingerprint_H_bit_139,0.6183216903024925
8,drug_fingerprint_bit_22,0.6035720267637492
8,drug_fingerprint_bit_115,0.5806449363305806
8,drug_topological_surface_area_sum_fullmolecularfeaturizer,0.572354326037306
8,drug_num_rotatable_bonds_sum_fullmolecularfeaturizer,0.5704880840854246
8,fingerprint_H_bit_145,0.5665516518282361
8,fingerprint_H_bit_133,0.5605007478925217
8,poly_max_ring_size_sum_backbonefeaturizer,0.5564250813393896
8,poly_smr_vsa5_sum_backbonefeaturizer,0.551479913392545
8,drug_fingerprint_bit_226,0.542631416719713
8,drug_fingerprint_bit_180,0.5263559163037471
8,poly_sp2_carbon_count_sum_fullpolymerfeaturizer,0.5224010843644827
8,drug_fingerprint_bit_223,0.5194030978847547
8,drug_fingerprint_bit_164,0.5025513915389344
8,drug_fingerprint_bit_206,0.49065538356737226
8,fingerprint_H_bit_45,0.4861238453272089
8,fingerprint_H_bit_48,0.48565674837750483
8,poly_slogp_vsa1_sum_fullpolymerfeaturizer,0.485194449057673
8,charge_at_WATER_PH_H,0.48511552792620344
8,drug_fingerprint_bit_61,0.4831182715004073
8,poly_num_aromatic_rings_sum_fullpolymerfeaturizer,0.48195261613184975
8,fingerprint_H_bit_167,0.46983308257035417
8,drug_fingerprint_bit_146,0.46916637101877867
8,drug_fingerprint_bit_219,0.45742621113439536
8,drug_fingerprint_bit_160,0.45234306765581866
8,fingerprint_H_bit_245,0.4425178457161542
8,drug_fingerprint_bit_39,0.4392290404614804
8,fingerprint_H_bit_197,0.43372806796984636
8,poly_double_bonds_sum_fullpolymerfeaturizer,0.42297132265082593
8,drug_fingerprint_bit_249,0.4199238138527756
8,fingerprint_H_bit_204,0.4172420963196312
8,drug_fingerprint_bit_49,0.41629145157503805
8,fingerprint_H_bit_27,0.4096855546912637
8,poly_num_rotatable_bonds_sum_fullpolymerfeaturizer,0.395747322582964
8,poly_num_rotatable_bonds_sum_backbonefeaturizer,0.3884316402684062
8,drug_fingerprint_bit_50,0.38359734982884525
8,fingerprint_H_bit_81,0.38014052677894145
8,fingerprint_H_bit_28,0.3794410315998568
8,drug_fingerprint_bit_247,0.37880127708783845
8,fingerprint_H_bit_85,0.3770617938743522
8,drug_fingerprint_bit_30,0.353917449618809
8,drug_fingerprint_bit_36,0.35109782916121735
8,drug_logp,0.3499841042710768
8,drug_fingerprint_bit_255,0.34716881014787815
8,poly_num_hbond_acceptors_sidechainfeaturizer_sum,0.34473195557950964
8,poly_fp_density_morgan1_sum_fullpolymerfeaturizer,0.3421836165870049
8,drug_fingerprint_bit_246,0.33730099116032514
8,drug_fingerprint_bit_216,0.3350515593486883
8,poly_num_hbond_donors_sidechainfeaturizer_sum,0.334714627289602
8,poly_smr_vsa5_sidechainfeaturizer_sum,0.33109611672112965
8,drug_fingerprint_bit_10,0.3194967077425283
8,poly_num_rotatable_bonds_sidechainfeaturizer_sum,0.31002810397338426
8,drug_total_halogens_sum_fullmolecularfeaturizer,0.3044886764824804
8,poly_balaban_j_index_sum_fullpolymerfeaturizer,0.3033331350307541
8,drug_fingerprint_bit_251,0.2986544480788459
8,drug_smr_vsa5_sum_fullmolecularfeaturizer,0.2954116868180202
8,drug_fraction_bicyclic_rings_sum_fullmolecularfeaturizer,0.29366242505759504
8,poly_heteroatom_count_sidechainfeaturizer_sum,0.28364402083600154
8,drug_fingerprint_bit_252,0.28188478626610436
8,drug_fingerprint_bit_189,0.27774496366202583
8,poly_double_bonds_sidechainfeaturizer_sum,0.27611867930383427
8,poly_smr_vsa5_sum_fullpolymerfeaturizer,0.2745485530955061
8,poly_num_rings_sum_backbonefeaturizer,0.2734466010331428
8,drug_bridging_rings_count_sum_fullmolecularfeaturizer,0.2731439269585879
8,drug_fingerprint_bit_227,0.2687324069457402
8,drug_fingerprint_bit_120,0.2660955637186346
8,lumo_eV_H,0.2635860367224329
8,drug_lumo_eV,0.26102994534656526
8,drug_heteroatom_count_sum_fullmolecularfeaturizer,0.2589876817128315
8,drug_fingerprint_bit_37,0.25730764939376216
8,drug_num_aliphatic_heterocycles_sum_fullmolecularfeaturizer,0.2542663740653954
8,drug_fingerprint_bit_177,0.2462820384770298
8,poly_double_bonds_sum_backbonefeaturizer,0.2459940322859055
8,drug_fingerprint_bit_196,0.24223401479114193
8,drug_fingerprint_bit_74,0.23704732567735448
8,drug_sp3_carbon_count_sum_fullmolecularfeaturizer,0.23181478276031725
8,drug_homo_eV,0.23097691892947816
8,drug_fingerprint_bit_93,0.2217739529883836
8,drug_fluorine_count_sum_fullmolecularfeaturizer,0.2173500661051942
8,fingerprint_H_bit_251,0.21692335449285619
8,fingerprint_H_bit_69,0.21690753581265673
8,drug_fingerprint_bit_141,0.21641096339441757
8,drug_fingerprint_bit_155,0.21611567110728155
8,drug_fingerprint_bit_15,0.21483440228602976
8,drug_fingerprint_bit_188,0.21431106306743047
8,drug_fingerprint_bit_95,0.20604532717475843
8,drug_fingerprint_bit_3,0.20502897452261756
8,poly_num_rings_sum_fullpolymerfeaturizer,0.19993228320388795
8,drug_fingerprint_bit_150,0.19609943303699845
8,drug_fingerprint_bit_136,0.19591000838897005
8,drug_fingerprint_bit_110,0.1923414746181415
8,drug_fingerprint_bit_13,0.18727356968607078
8,fingerprint_H_bit_147,0.1826803268990799
8,drug_fingerprint_bit_44,0.1787174877965175
8,drug_fingerprint_bit_46,0.17571295000256365
8,drug_fingerprint_bit_203,0.1754748415646407
8,drug_fingerprint_bit_73,0.17542168740802935
8,drug_heteroatom_density_sum_fullmolecularfeaturizer,0.17372335247699047
8,drug_balaban_j_index_sum_fullmolecularfeaturizer,0.17285656142626454
8,drug_fingerprint_bit_185,0.17263478467188795
8,drug_num_atoms_sum_fullmolecularfeaturizer,0.17038504209400607
8,drug_logd_at_WATER_PH,0.1700496098586374
8,drug_molecular_weight_sum_fullmolecularfeaturizer,0.16929732727812438
8,poly_single_bonds_sidechainfeaturizer_sum,0.1664315006610068
8,poly_slogp_vsa1_sum_backbonefeaturizer,0.1641377443847277
8,drug_fingerprint_bit_11,0.16359154086132424
8,drug_fingerprint_bit_194,0.16323297513258692
8,drug_fingerprint_bit_199,0.16242411738809845
8,drug_fingerprint_bit_212,0.16199289644235487
8,drug_fingerprint_bit_26,0.15986475177072962
8,drug_fingerprint_bit_137,0.15970627730538484
8,poly_single_bonds_sum_fullpolymerfeaturizer,0.1570717368264352
8,drug_fingerprint_bit_92,0.1565369524478524
8,fingerprint_H_bit_123,0.1564078770147132
8,drug_fingerprint_bit_6,0.15585394356454296
8,fingerprint_H_bit_89,0.1549590539000803
8,drug_fingerprint_bit_229,0.15495783009583927
8,fingerprint_H_bit_67,0.15279327983968954
8,drug_num_hbond_donors_sum_fullmolecularfeaturizer,0.15198293191688766
8,drug_fingerprint_bit_28,0.14976573916296324
8,poly_molecular_weight_sum_fullpolymerfeaturizer,0.14765782636500027
8,drug_fingerprint_bit_238,0.1474638725528156
8,drug_fingerprint_bit_71,0.14740773235221288
8,fingerprint_H_bit_227,0.14685109701852564
8,drug_fingerprint_bit_173,0.14621620740543045
8,drug_fingerprint_bit_197,0.14342021822500733
8,fingerprint_H_bit_121,0.14267241887590856
8,fingerprint_H_bit_52,0.1399029496994974
8,drug_fingerprint_bit_139,0.13785138112747017
8,drug_fingerprint_bit_63,0.13642002249910506
8,drug_fingerprint_bit_48,0.13519783829018303
8,poly_max_estate_index_sum_backbonefeaturizer,0.13493942380113416
8,drug_fingerprint_bit_205,0.13199231873448705
8,drug_fingerprint_bit_0,0.13191574218669602
8,fingerprint_H_bit_70,0.13141517407724546
8,drug_chlorine_count_sum_fullmolecularfeaturizer,0.12820218689757765
8,drug_fingerprint_bit_23,0.1280178686182882
8,drug_fingerprint_bit_140,0.12673055237810285
8,drug_fingerprint_bit_242,0.12454107367969236
8,drug_fingerprint_bit_126,0.12025611462680698
8,drug_single_bonds_sum_fullmolecularfeaturizer,0.11864724646400238
8,drug_max_ring_size_sum_fullmolecularfeaturizer,0.11770069505659828
8,drug_fingerprint_bit_122,0.11391189022092922
8,drug_fingerprint_bit_211,0.11374600131543078
8,drug_fingerprint_bit_12,0.1135132411679517
8,drug_fingerprint_bit_35,0.11311039618801785
8,fingerprint_H_bit_219,0.11100430910976945
8,drug_fingerprint_bit_184,0.11050211172008072
8,drug_fingerprint_bit_99,0.10975384864872173
8,drug_fingerprint_bit_250,0.10973145094912998
8,drug_fingerprint_bit_125,0.10957488191988755
8,drug_fingerprint_bit_75,0.10348917244055823
8,drug_fingerprint_bit_159,0.10098143396723458
8,drug_fingerprint_bit_116,0.1005485646799197
8,drug_fingerprint_bit_34,0.09913454840359406
8,drug_fingerprint_bit_236,0.09896387285263408
8,drug_fingerprint_bit_142,0.0986971043504196
8,drug_num_rings_sum_fullmolecularfeaturizer,0.0979617481556467
8,drug_fingerprint_bit_202,0.0966620697752038
8,drug_fingerprint_bit_81,0.09661474372777226
8,drug_fingerprint_bit_127,0.09596924710403466
8,drug_fp_density_morgan1_sum_fullmolecularfeaturizer,0.09581371500702203
8,fingerprint_H_bit_13,0.09527885789445494
8,fingerprint_H_bit_119,0.08940723188736739
8,drug_fingerprint_bit_145,0.08758329987007896
8,drug_fingerprint_bit_191,0.08580429477232447
8,drug_fingerprint_bit_69,0.08235919185379124
8,drug_fingerprint_bit_169,0.08213605711478413
8,drug_fingerprint_bit_170,0.08187952145935977
8,drug_fingerprint_bit_183,0.07839611931877043
8,drug_fingerprint_bit_103,0.07426663272981969
8,drug_fingerprint_bit_83,0.07346424075970319
8,drug_fingerprint_bit_174,0.07321958442442811
8,drug_fingerprint_bit_210,0.07321746757405896
8,drug_fingerprint_bit_57,0.0715119523534337
8,drug_fingerprint_bit_18,0.07088499113131777
8,drug_fingerprint_bit_77,0.07077283811025685
8,drug_fingerprint_bit_222,0.06887279225877967
8,drug_fingerprint_bit_148,0.06879585432136305
8,drug_fingerprint_bit_27,0.06848510950526229
8,fingerprint_H_bit_237,0.06834941893613455
8,drug_fingerprint_bit_29,0.06500786352702267
8,fingerprint_H_bit_18,0.06449815063109347
8,drug_fingerprint_bit_76,0.06428984620950963
8,drug_fingerprint_bit_204,0.06366084771270222
8,fingerprint_H_bit_212,0.06320325797848861
8,drug_fingerprint_bit_106,0.06266861300183976
8,fingerprint_H_bit_57,0.06201615213418734
8,drug_fingerprint_bit_132,0.06193824692890943
8,fingerprint_H_bit_216,0.0611896112874117
8,drug_fingerprint_bit_114,0.060122031435347036
8,drug_fingerprint_bit_181,0.05969073258598329
8,drug_num_non_aromatic_rings_sum_fullmolecularfeaturizer,0.05847032940269575
8,drug_fingerprint_bit_118,0.0578759347698833
8,drug_fingerprint_bit_208,0.05670146105418442
8,drug_fingerprint_bit_58,0.05479671419868744
8,drug_fingerprint_bit_165,0.05324297807826408
8,fingerprint_H_bit_106,0.05288264363394477
8,drug_fingerprint_bit_172,0.05203485762216593
8,fingerprint_H_bit_98,0.05097361424403241
8,poly_num_atoms_sum_fullpolymerfeaturizer,0.05086464376867542
8,drug_fingerprint_bit_97,0.049340094867991964
8,fingerprint_H_bit_65,0.04925724545698514
8,fingerprint_H_bit_61,0.04765571749565255
8,drug_fingerprint_bit_24,0.04570355871080352
8,drug_fingerprint_bit_70,0.04206748458944062
8,poly_slogp_vsa1_sidechainfeaturizer_sum,0.03899268267056851
8,drug_fingerprint_bit_84,0.037397386621874584
8,fingerprint_H_bit_37,0.03665026811409834
8,drug_fingerprint_bit_32,0.036512038790391096
8,fingerprint_H_bit_134,0.03649694152807971
8,drug_fingerprint_bit_67,0.03474899376133717
8,drug_fingerprint_bit_239,0.03406258975139899
8,drug_fingerprint_bit_62,0.033515876980402495
8,fingerprint_H_bit_143,0.03331136104381256
8,drug_fingerprint_bit_245,0.03287454866317589
8,drug_fingerprint_bit_90,0.03276485444594957
8,drug_fingerprint_bit_117,0.0321657273578052
8,fingerprint_H_bit_205,0.031798548616242865
8,fingerprint_H_bit_66,0.03174930521644293
8,drug_fingerprint_bit_56,0.03164310652861866
8,fingerprint_H_bit_116,0.031376345401105926
8,fingerprint_H_bit_68,0.0308024470436366
8,poly_num_aliphatic_heterocycles_sum_fullpolymerfeaturizer,0.02989016097172162
8,drug_fingerprint_bit_156,0.028710074359119358
8,drug_fingerprint_bit_78,0.02812151092200371
8,fingerprint_H_bit_114,0.027984937941392306
8,fingerprint_H_bit_46,0.027823773667197394
8,drug_fingerprint_bit_52,0.026288663449540266
8,drug_fingerprint_bit_94,0.025926465193403053
8,fingerprint_H_bit_30,0.025604859379803644
8,poly_num_non_aromatic_rings_sum_fullpolymerfeaturizer,0.024017509700423663
8,fingerprint_H_bit_54,0.023886570793823225
8,drug_fingerprint_bit_253,0.023631163164621233
8,fingerprint_H_bit_112,0.02312005163653874
8,drug_fingerprint_bit_235,0.022897036145854636
8,drug_fingerprint_bit_231,0.022892914990627726
8,fingerprint_H_bit_63,0.022776020303397485
8,drug_fingerprint_bit_41,0.02239337444505154
8,drug_fingerprint_bit_31,0.022274397774351033
8,drug_fingerprint_bit_96,0.022020350006592717
8,drug_fingerprint_bit_14,0.02092040636084323
8,drug_fingerprint_bit_60,0.020576760367258647
8,fingerprint_H_bit_233,0.020295933198723463
8,drug_fingerprint_bit_105,0.020208458270465208
8,drug_fingerprint_bit_240,0.020031190641534993
8,drug_fingerprint_bit_7,0.020015857499263576
8,fingerprint_H_bit_26,0.020011167364993327
8,drug_fingerprint_bit_161,0.019932225113803853
8,fingerprint_H_bit_224,0.01853568476284937
8,drug_fingerprint_bit_59,0.018418648500774175
8,drug_fingerprint_bit_100,0.016777414111079508
8,fingerprint_H_bit_158,0.016745613693341117
8,fingerprint_H_bit_185,0.015934710888444552
8,drug_fingerprint_bit_182,0.013373032303390358
8,fingerprint_H_bit_131,0.01263181126038908
8,drug_fingerprint_bit_82,0.012190254821380557
8,drug_fingerprint_bit_101,0.011375553905731278
8,poly_num_non_aromatic_rings_sum_backbonefeaturizer,0.01036069429820602
8,drug_fingerprint_bit_171,0.0098968420893084
8,drug_fingerprint_bit_154,0.009825760266845788
8,fingerprint_H_bit_41,0.009745807581338658
8,fingerprint_H_bit_144,0.009426735451870493
8,fingerprint_H_bit_226,0.008917381298402841
8,drug_fingerprint_bit_134,0.008643783449634342
8,poly_num_hbond_acceptors_sum_fullpolymerfeaturizer,0.007708924607925176
8,drug_fingerprint_bit_43,0.007463195867064073
8,fingerprint_H_bit_34,0.007162415581173763
8,drug_fingerprint_bit_16,0.006060183102337501
8,drug_fingerprint_bit_129,0.006014985179745381
8,drug_fingerprint_bit_243,0.005946868232075216
8,drug_fingerprint_bit_85,0.005795302304888882
8,drug_fingerprint_bit_104,0.005510104135674577
8,poly_num_aliphatic_heterocycles_sum_backbonefeaturizer,0.005309118055495099
8,drug_fingerprint_bit_109,0.005292548749821093
8,drug_fingerprint_bit_187,0.004919051329047537
8,drug_fingerprint_bit_5,0.0038589814470158324
8,drug_fingerprint_bit_65,0.0026803801159557155
8,drug_fingerprint_bit_20,0.0025709866504819434
8,fingerprint_H_bit_32,0.0023897822468058375
8,drug_fingerprint_bit_152,0.0021939750537400132
8,fingerprint_H_bit_174,0.0016030601213914964
8,drug_fingerprint_bit_162,0.0015688491580557581
8,drug_fingerprint_bit_2,0.0011500609719229393
8,drug_fingerprint_bit_135,0.0004174973553347109
8,fingerprint_H_bit_211,0.0
8,fingerprint_H_bit_3,0.0
8,fingerprint_H_bit_0,0.0
8,fingerprint_H_bit_4,0.0
8,fingerprint_H_bit_181,0.0
8,fingerprint_H_bit_208,0.0
8,fingerprint_H_bit_206,0.0
8,fingerprint_H_bit_203,0.0
8,drug_triple_bonds_sum_fullmolecularfeaturizer,0.0
8,drug_iodine_count_sum_fullmolecularfeaturizer,0.0
8,fingerprint_H_bit_40,0.0
8,fingerprint_H_bit_36,0.0
8,drug_fingerprint_bit_244,0.0
8,fingerprint_H_bit_220,0.0
8,fingerprint_H_bit_14,0.0
8,fingerprint_H_bit_15,0.0
8,fingerprint_H_bit_210,0.0
8,fingerprint_H_bit_209,0.0
8,fingerprint_H_bit_25,0.0
8,fingerprint_H_bit_24,0.0
8,fingerprint_H_bit_215,0.0
8,fingerprint_H_bit_23,0.0
8,fingerprint_H_bit_22,0.0
8,fingerprint_H_bit_20,0.0
8,fingerprint_H_bit_21,0.0
8,fingerprint_H_bit_154,0.0
8,fingerprint_H_bit_153,0.0
8,fingerprint_H_bit_152,0.0
8,fingerprint_H_bit_19,0.0
8,fingerprint_H_bit_149,0.0
8,fingerprint_H_bit_148,0.0
8,fingerprint_H_bit_29,0.0
8,drug_fingerprint_bit_234,0.0
8,drug_fingerprint_bit_232,0.0
8,drug_fingerprint_bit_221,0.0
8,drug_fingerprint_bit_220,0.0
8,fingerprint_H_bit_150,0.0
8,drug_fingerprint_bit_215,0.0
8,poly_fraction_bicyclic_rings_sum_backbonefeaturizer,0.0
8,fingerprint_H_bit_170,0.0
8,fingerprint_H_bit_169,0.0
8,fingerprint_H_bit_168,0.0
8,fingerprint_H_bit_166,0.0
8,poly_fraction_bicyclic_rings_sidechainfeaturizer_sum,0.0
8,poly_num_non_aromatic_rings_sidechainfeaturizer_sum,0.0
8,poly_bridging_rings_count_sum_backbonefeaturizer,0.0
8,poly_triple_bonds_sum_backbonefeaturizer,0.0
8,poly_iodine_count_sum_backbonefeaturizer,0.0
8,poly_bromine_count_sum_backbonefeaturizer,0.0
8,poly_chlorine_count_sum_backbonefeaturizer,0.0
8,poly_fluorine_count_sum_backbonefeaturizer,0.0
8,poly_total_halogens_sum_backbonefeaturizer,0.0
8,drug_fingerprint_bit_217,0.0
8,fingerprint_H_bit_136,0.0
8,fingerprint_H_bit_135,0.0
8,fingerprint_H_bit_130,0.0
8,fingerprint_H_bit_132,0.0
8,fingerprint_H_bit_127,0.0
8,fingerprint_H_bit_126,0.0
8,fingerprint_H_bit_124,0.0
8,fingerprint_H_bit_129,0.0
8,drug_fingerprint_bit_9,0.0
8,fingerprint_H_bit_107,0.0
8,drug_fingerprint_bit_21,0.0
8,drug_fingerprint_bit_17,0.0
8,fingerprint_H_bit_137,0.0
8,drug_fingerprint_bit_209,0.0
8,fingerprint_H_bit_55,0.0
8,fingerprint_H_bit_51,0.0
8,fingerprint_H_bit_50,0.0
8,fingerprint_H_bit_49,0.0
8,fingerprint_H_bit_47,0.0
8,fingerprint_H_bit_44,0.0
8,fingerprint_H_bit_43,0.0
8,drug_fingerprint_bit_198,0.0
8,drug_fingerprint_bit_195,0.0
8,drug_fingerprint_bit_51,0.0
8,fingerprint_H_bit_122,0.0
8,fingerprint_H_bit_117,0.0
8,fingerprint_H_bit_115,0.0
8,fingerprint_H_bit_111,0.0
8,fingerprint_H_bit_110,0.0
8,fingerprint_H_bit_109,0.0
8,fingerprint_H_bit_108,0.0
8,fingerprint_H_bit_5,0.0
8,fingerprint_H_bit_193,0.0
8,poly_triple_bonds_sum_fullpolymerfeaturizer,0.0
8,poly_bromine_count_sum_fullpolymerfeaturizer,0.0
8,poly_iodine_count_sum_fullpolymerfeaturizer,0.0
8,poly_fluorine_count_sum_fullpolymerfeaturizer,0.0
8,poly_total_halogens_sum_fullpolymerfeaturizer,0.0
8,fingerprint_H_bit_202,0.0
8,poly_chlorine_count_sum_fullpolymerfeaturizer,0.0
8,fingerprint_H_bit_200,0.0
8,fingerprint_H_bit_165,0.0
8,fingerprint_H_bit_163,0.0
8,fingerprint_H_bit_146,0.0
8,fingerprint_H_bit_142,0.0
8,fingerprint_H_bit_141,0.0
8,fingerprint_H_bit_140,0.0
8,fingerprint_H_bit_201,0.0
8,fingerprint_H_bit_191,0.0
8,fingerprint_H_bit_190,0.0
8,fingerprint_H_bit_189,0.0
8,fingerprint_H_bit_188,0.0
8,fingerprint_H_bit_187,0.0
8,poly_fraction_bicyclic_rings_sum_fullpolymerfeaturizer,0.0
8,drug_fingerprint_bit_54,0.0
8,drug_fingerprint_bit_87,0.0
8,drug_fingerprint_bit_68,0.0
8,fingerprint_H_bit_199,0.0
8,fingerprint_H_bit_198,0.0
8,fingerprint_H_bit_196,0.0
8,fingerprint_H_bit_195,0.0
8,fingerprint_H_bit_194,0.0
8,drug_fingerprint_bit_176,0.0
8,fingerprint_H_bit_192,0.0
8,fingerprint_H_bit_73,0.0
8,fingerprint_H_bit_72,0.0
8,fingerprint_H_bit_71,0.0
8,fingerprint_H_bit_240,0.0
8,fingerprint_H_bit_239,0.0
8,fingerprint_H_bit_238,0.0
8,fingerprint_H_bit_235,0.0
8,fingerprint_H_bit_234,0.0
8,fingerprint_H_bit_96,0.0
8,fingerprint_H_bit_95,0.0
8,fingerprint_H_bit_94,0.0
8,fingerprint_H_bit_93,0.0
8,fingerprint_H_bit_92,0.0
8,fingerprint_H_bit_91,0.0
8,drug_fingerprint_bit_102,0.0
8,drug_fingerprint_bit_89,0.0
8,fingerprint_H_bit_250,0.0
8,fingerprint_H_bit_249,0.0
8,fingerprint_H_bit_248,0.0
8,fingerprint_H_bit_247,0.0
8,fingerprint_H_bit_246,0.0
8,fingerprint_H_bit_244,0.0
8,fingerprint_H_bit_243,0.0
8,fingerprint_H_bit_242,0.0
8,fingerprint_H_bit_241,0.0
8,fingerprint_H_bit_105,0.0
8,fingerprint_H_bit_104,0.0
8,fingerprint_H_bit_103,0.0
8,fingerprint_H_bit_102,0.0
8,fingerprint_H_bit_101,0.0
8,fingerprint_H_bit_99,0.0
8,fingerprint_H_bit_74,0.0
8,fingerprint_H_bit_97,0.0
8,fingerprint_H_bit_161,0.0
8,fingerprint_H_bit_157,0.0
8,fingerprint_H_bit_160,0.0
8,poly_bridging_rings_count_sidechainfeaturizer_sum,0.0
8,poly_triple_bonds_sidechainfeaturizer_sum,0.0
8,poly_iodine_count_sidechainfeaturizer_sum,0.0
8,fingerprint_H_bit_156,0.0
8,poly_chlorine_count_sidechainfeaturizer_sum,0.0
8,poly_fluorine_count_sidechainfeaturizer_sum,0.0
8,poly_total_halogens_sidechainfeaturizer_sum,0.0
8,fingerprint_H_bit_184,0.0
8,poly_bridging_rings_count_sum_fullpolymerfeaturizer,0.0
8,drug_fingerprint_bit_123,0.0
8,drug_fingerprint_bit_112,0.0
8,poly_bromine_count_sidechainfeaturizer_sum,0.0
8,fingerprint_H_bit_255,0.0
8,fingerprint_H_bit_254,0.0
8,fingerprint_H_bit_252,0.0
8,fingerprint_H_bit_253,0.0
8,fingerprint_H_bit_86,0.0
8,fingerprint_H_bit_83,0.0
8,fingerprint_H_bit_82,0.0
8,fingerprint_H_bit_87,0.0
8,fingerprint_H_bit_79,0.0
8,fingerprint_H_bit_77,0.0
8,fingerprint_H_bit_76,0.0
8,fingerprint_H_bit_75,0.0
8,fingerprint_H_bit_231,0.0
8,fingerprint_H_bit_230,0.0
8,fingerprint_H_bit_229,0.0
8,fingerprint_H_bit_228,0.0
8,fingerprint_H_bit_225,0.0
8,fingerprint_H_bit_223,0.0
8,fingerprint_H_bit_221,0.0
8,fingerprint_H_bit_35,0.0
8,fingerprint_H_bit_31,0.0
8,fingerprint_H_bit_16,0.0
8,fingerprint_H_bit_180,0.0
8,fingerprint_H_bit_179,0.0
8,fingerprint_H_bit_178,0.0
8,fingerprint_H_bit_177,0.0
8,fingerprint_H_bit_176,0.0
8,fingerprint_H_bit_173,0.0
8,fingerprint_H_bit_172,0.0
8,fingerprint_H_bit_171,0.0
8,poly_num_aliphatic_heterocycles_sidechainfeaturizer_sum,0.0
8,drug_fingerprint_bit_254,0.0
8,fingerprint_H_bit_62,0.0
8,fingerprint_H_bit_60,0.0
8,fingerprint_H_bit_59,0.0
8,drug_fingerprint_bit_166,0.0
8,fingerprint_H_bit_8,0.0
8,drug_fingerprint_bit_157,0.0
8,fingerprint_H_bit_90,0.0
8,fingerprint_H_bit_88,0.0
8,fingerprint_H_bit_6,0.0
8,fingerprint_H_bit_12,0.0
8,fingerprint_H_bit_11,0.0
8,fingerprint_H_bit_17,0.0
8,drug_bromine_count_sum_fullmolecularfeaturizer,0.0
8,fingerprint_H_bit_10,0.0
8,fingerprint_H_bit_9,0.0
8,fingerprint_H_bit_2,0.0
8,drug_fingerprint_bit_248,-0.0012354398979833989
8,drug_fingerprint_bit_25,-0.001443779790736661
8,drug_fingerprint_bit_79,-0.0022305257206924286
8,drug_fingerprint_bit_8,-0.003526194170879095
8,drug_fingerprint_bit_149,-0.00562785439994174
8,poly_sp3_carbon_count_sum_fullpolymerfeaturizer,-0.005702103974993168
8,drug_fingerprint_bit_80,-0.005959246503689841
8,fingerprint_H_bit_64,-0.008162730071101807
8,drug_fingerprint_bit_55,-0.008990011578905274
8,drug_fingerprint_bit_192,-0.009402273246773405
8,drug_fingerprint_bit_124,-0.009545598892178505
8,drug_fingerprint_bit_86,-0.010762338733911426
8,drug_fingerprint_bit_53,-0.011769651963399895
8,fingerprint_H_bit_207,-0.013616924403271669
8,drug_fingerprint_bit_225,-0.013957689882944475
8,fingerprint_H_bit_175,-0.014042290326066607
8,poly_heteroatom_density_sum_backbonefeaturizer,-0.01672602426030542
8,fingerprint_H_bit_218,-0.018639894889563215
8,drug_fingerprint_bit_121,-0.022958026352405885
8,drug_fingerprint_bit_131,-0.024111474812550462
8,drug_max_estate_index_sum_fullmolecularfeaturizer,-0.026302489618975695
8,drug_fingerprint_bit_130,-0.027350753503327625
8,drug_fingerprint_bit_113,-0.028819613758275766
8,drug_fingerprint_bit_241,-0.033367648355268405
8,poly_heteroatom_count_sum_fullpolymerfeaturizer,-0.03472789360846885
8,drug_fingerprint_bit_237,-0.03639626852344461
8,poly_topological_surface_area_sum_fullpolymerfeaturizer,-0.03708144884365948
8,fingerprint_H_bit_7,-0.03919570539183776
8,drug_fingerprint_bit_1,-0.039468597062768104
8,fingerprint_H_bit_38,-0.041492947965776183
8,drug_fingerprint_bit_178,-0.04199786900778065
8,drug_fingerprint_bit_143,-0.04224373915224385
8,drug_fingerprint_bit_179,-0.04277343247639598
8,drug_fingerprint_bit_72,-0.042911958217208675
8,drug_double_bonds_sum_fullmolecularfeaturizer,-0.04659141598147065
8,poly_num_hbond_donors_sum_fullpolymerfeaturizer,-0.04744487798318962
8,drug_fingerprint_bit_193,-0.05283242810608479
8,drug_fingerprint_bit_66,-0.053672689696299146
8,drug_fingerprint_bit_91,-0.05600181571119049
8,logd_at_WATER_PH_H,-0.06179017003832065
8,logp_H,-0.0672150751336656
8,drug_fingerprint_bit_138,-0.07079904973713462
8,drug_fingerprint_bit_38,-0.08368359044687061
8,drug_slogp_vsa1_sum_fullmolecularfeaturizer,-0.08477025887496681
8,drug_fingerprint_bit_144,-0.08588423546097776
8,drug_charge_at_WATER_PH,-0.08881382889768959
8,drug_fingerprint_bit_224,-0.09192435384259635
8,drug_fingerprint_bit_111,-0.09477057717346248
8,drug_fingerprint_bit_230,-0.09488559641086376
8,fingerprint_H_bit_39,-0.11317395034652918
8,poly_max_estate_index_sum_fullpolymerfeaturizer,-0.12126941308546009
8,drug_fingerprint_bit_214,-0.12518876418951655
8,fingerprint_H_bit_125,-0.12853028988878207
8,drug_fingerprint_bit_168,-0.1287778714718461
8,poly_sp3_carbon_count_sum_backbonefeaturizer,-0.13838589733800283
8,drug_fingerprint_bit_40,-0.159203917446166
8,drug_fingerprint_bit_228,-0.16296652611073492
8,fingerprint_H_bit_138,-0.17102279352493352
8,drug_sp2_carbon_count_sum_fullmolecularfeaturizer,-0.17599230791766315
8,poly_heteroatom_density_sum_fullpolymerfeaturizer,-0.17817257813132156
8,drug_fingerprint_bit_133,-0.22557986209778974
8,fingerprint_H_bit_120,-0.25314937000471166
8,drug_fingerprint_bit_200,-0.2545887079094765
8,drug_fingerprint_bit_207,-0.25538388698520775
8,drug_fingerprint_bit_175,-0.2653531605197575
8,drug_fingerprint_bit_163,-0.278151060088205
8,drug_fingerprint_bit_186,-0.2997183806983555
8,WATER_PH,-0.32863727273758797
8,drug_fingerprint_bit_233,-0.3297087272380951
8,fingerprint_H_bit_42,-0.34583974892474456
8,drug_fingerprint_bit_107,-0.36392428837402396
8,drug_fingerprint_bit_45,-0.3917623253263184
8,drug_fingerprint_bit_64,-0.4354259071504317
8,fingerprint_H_bit_186,-0.4851159763115692
8,drug_fingerprint_bit_19,-0.586210562201609
8,drug_fingerprint_bit_4,-0.6856201827307842
8,CONCENTRATION,-0.7267943899755813
8,drug_fingerprint_bit_128,-0.9457403541686159
8,drug_fingerprint_bit_119,-1.0674752569007988
8,drug_fingerprint_bit_151,-1.1526981205759306
8,drug_fingerprint_bit_33,-1.1833534752193244
8,drug_fingerprint_bit_47,-1.2588663490986831
8,drug_fingerprint_bit_108,-1.5060545573242614
8,fingerprint_H_bit_164,-1.9451787128024745
8,drug_fingerprint_bit_88,-2.449357613472611
8,fingerprint_H_bit_162,-3.228094798966091
9,drug_fingerprint_bit_190,15.65378877514234
9,fingerprint_H_bit_130,4.957440304276078
9,drug_fingerprint_bit_98,4.451974405973818
9,poly_sp2_carbon_count_sum_backbonefeaturizer,4.069758753564149
9,fingerprint_H_bit_1,3.7488035790318115
9,poly_molecular_weight_sum_backbonefeaturizer,3.2471036836397045
9,poly_fp_density_morgan1_sidechainfeaturizer_sum,2.560908588824464
9,poly_balaban_j_index_sidechainfeaturizer_sum,2.2726886415086813
9,poly_double_bonds_sum_backbonefeaturizer,2.0989514248172525
9,logd_at_WATER_PH_H,2.03265246789858
9,poly_heteroatom_density_sidechainfeaturizer_sum,2.000469683737528
9,fingerprint_H_bit_232,1.7791216944717814
9,poly_max_estate_index_sidechainfeaturizer_sum,1.7536778209367014
9,poly_topological_surface_area_sum_backbonefeaturizer,1.7382527860767958
9,fingerprint_H_bit_213,1.647424380905093
9,poly_sp2_carbon_count_sidechainfeaturizer_sum,1.5873929320075337
9,fingerprint_H_bit_236,1.3850984175585859
9,poly_num_hbond_acceptors_sum_backbonefeaturizer,1.3647523774961123
9,poly_num_rings_sidechainfeaturizer_sum,1.2812721219580419
9,fingerprint_H_bit_48,1.2348866937059444
9,poly_num_atoms_sum_backbonefeaturizer,1.2159803211335307
9,fingerprint_H_bit_167,1.2073824757498666
9,fingerprint_H_bit_118,1.1679297860113482
9,fingerprint_H_bit_53,1.1496742375284748
9,poly_slogp_vsa1_sum_fullpolymerfeaturizer,1.1382664271222058
9,drug_fingerprint_bit_110,1.1294258776663952
9,fingerprint_H_bit_222,1.1293773752207552
9,poly_num_rings_sum_backbonefeaturizer,1.0994783279820186
9,fingerprint_H_bit_145,1.0511931169198094
9,poly_max_ring_size_sum_fullpolymerfeaturizer,1.039795297071288
9,fingerprint_H_bit_155,1.0301936929364046
9,poly_molecular_weight_sidechainfeaturizer_sum,1.0261785842759965
9,fingerprint_H_bit_41,1.0209693602577163
9,fingerprint_H_bit_113,1.0203927701340103
9,fingerprint_H_bit_45,0.9790791287218104
9,poly_num_rotatable_bonds_sum_backbonefeaturizer,0.9596965532363928
9,poly_heteroatom_count_sum_backbonefeaturizer,0.9346648992484493
9,poly_num_hbond_acceptors_sidechainfeaturizer_sum,0.9194419838861382
9,fingerprint_H_bit_81,0.9159187845929042
9,drug_fingerprint_bit_158,0.9084859523823327
9,drug_topological_surface_area_sum_fullmolecularfeaturizer,0.8811013153301069
9,poly_num_hbond_donors_sidechainfeaturizer_sum,0.8734043427330412
9,fingerprint_H_bit_64,0.846134050905576
9,drug_fingerprint_bit_218,0.8276441638594069
9,drug_heteroatom_count_sum_fullmolecularfeaturizer,0.7841441607116421
9,lumo_eV_H,0.7813674115368177
9,fingerprint_H_bit_133,0.7808167955503473
9,drug_num_hbond_donors_sum_fullmolecularfeaturizer,0.7785947430239472
9,fingerprint_H_bit_38,0.7675674798324882
9,fingerprint_H_bit_139,0.7665873118552496
9,fingerprint_H_bit_182,0.7539744283815171
9,poly_fp_density_morgan1_sum_backbonefeaturizer,0.7428647797226928
9,fingerprint_H_bit_214,0.739163073977281
9,fingerprint_H_bit_175,0.7382857569396556
9,fingerprint_H_bit_217,0.7295577884469003
9,fingerprint_H_bit_56,0.7156018771317877
9,poly_sp3_carbon_count_sum_backbonefeaturizer,0.7056869294130056
9,fingerprint_H_bit_245,0.7023810879595181
9,fingerprint_H_bit_58,0.6910634249456863
9,poly_topological_surface_area_sidechainfeaturizer_sum,0.6663058817303273
9,poly_slogp_vsa1_sum_backbonefeaturizer,0.6401644550196023
9,fingerprint_H_bit_67,0.6290917874390324
9,fingerprint_H_bit_85,0.622842776384554
9,drug_logd_at_WATER_PH,0.6128559939700112
9,drug_fingerprint_bit_42,0.594052137074773
9,poly_max_ring_size_sidechainfeaturizer_sum,0.5820543016341028
9,poly_fp_density_morgan1_sum_fullpolymerfeaturizer,0.5735178842688547
9,fingerprint_H_bit_204,0.5426264966983846
9,poly_single_bonds_sum_backbonefeaturizer,0.5343442888871313
9,drug_fingerprint_bit_164,0.5332999211100499
9,drug_fingerprint_bit_61,0.5300538524253119
9,drug_fingerprint_bit_147,0.5274010493287398
9,drug_fingerprint_bit_253,0.5240072914746392
9,drug_num_aromatic_rings_sum_fullmolecularfeaturizer,0.5094519972603878
9,drug_fingerprint_bit_160,0.50324120324256
9,poly_smr_vsa5_sidechainfeaturizer_sum,0.5023638443191049
9,drug_fingerprint_bit_249,0.48640158330432676
9,drug_fingerprint_bit_188,0.48480904143598597
9,drug_homo_eV,0.48244483118564574
9,fingerprint_H_bit_78,0.48169914659990376
9,fingerprint_H_bit_69,0.4815068585220246
9,drug_fingerprint_bit_36,0.4748058782420239
9,poly_num_aromatic_rings_sidechainfeaturizer_sum,0.4669609443505797
9,drug_fingerprint_bit_3,0.46173993361908927
9,drug_balaban_j_index_sum_fullmolecularfeaturizer,0.4473282458488181
9,fingerprint_H_bit_84,0.4457500527205582
9,poly_num_atoms_sidechainfeaturizer_sum,0.43983833690325497
9,drug_fingerprint_bit_216,0.4288510514332543
9,poly_single_bonds_sidechainfeaturizer_sum,0.42277903914644993
9,fingerprint_H_bit_237,0.42212522744166997
9,drug_bridging_rings_count_sum_fullmolecularfeaturizer,0.41061849706088877
9,poly_heteroatom_density_sum_backbonefeaturizer,0.4043060326480866
9,drug_fingerprint_bit_99,0.39938303172746803
9,fingerprint_H_bit_186,0.3971321684995298
9,fingerprint_H_bit_151,0.39452499211122055
9,drug_fingerprint_bit_180,0.3933383799019746
9,poly_heteroatom_density_sum_fullpolymerfeaturizer,0.3765678953005861
9,drug_fingerprint_bit_177,0.3723734677233213
9,drug_fingerprint_bit_139,0.3676618410655835
9,poly_heteroatom_count_sidechainfeaturizer_sum,0.3594766470469474
9,drug_fingerprint_bit_74,0.35156050251783455
9,drug_fingerprint_bit_165,0.34533864561605887
9,poly_num_aromatic_rings_sum_fullpolymerfeaturizer,0.34448773098119984
9,drug_fingerprint_bit_140,0.3431939819380875
9,drug_fingerprint_bit_213,0.33723418591649656
9,drug_fingerprint_bit_15,0.3364986809344387
9,drug_fingerprint_bit_211,0.32532913774921746
9,drug_fingerprint_bit_105,0.3253007446381087
9,drug_fingerprint_bit_226,0.3224657382088033
9,drug_fingerprint_bit_203,0.32169762644971706
9,drug_fingerprint_bit_11,0.3187741200171841
9,poly_num_rotatable_bonds_sidechainfeaturizer_sum,0.31240229272340486
9,drug_fingerprint_bit_142,0.3086962273151078
9,drug_fingerprint_bit_24,0.30645846132137616
9,poly_smr_vsa5_sum_backbonefeaturizer,0.30327245239336814
9,drug_fingerprint_bit_223,0.30038220951005684
9,drug_num_hbond_acceptors_sum_fullmolecularfeaturizer,0.29837131379020787
9,homo_eV_H,0.2965356086829402
9,poly_smr_vsa5_sum_fullpolymerfeaturizer,0.2887182495644963
9,drug_fraction_bicyclic_rings_sum_fullmolecularfeaturizer,0.28467289046973665
9,fingerprint_H_bit_13,0.28308459443506506
9,fingerprint_H_bit_162,0.27689662447910046
9,drug_fingerprint_bit_167,0.27304343317594526
9,poly_sp3_carbon_count_sidechainfeaturizer_sum,0.27000016177689407
9,fingerprint_H_bit_100,0.2578629785305337
9,drug_fingerprint_bit_30,0.2462705707536144
9,fingerprint_H_bit_121,0.24578199828620756
9,drug_fingerprint_bit_75,0.245638820230299
9,drug_fingerprint_bit_50,0.2447994221953289
9,drug_fingerprint_bit_120,0.24304439881165912
9,drug_fingerprint_bit_183,0.24256022798557025
9,drug_fingerprint_bit_181,0.23489461956211266
9,drug_fingerprint_bit_136,0.23460361896159151
9,drug_num_rings_sum_fullmolecularfeaturizer,0.22597800453586764
9,fingerprint_H_bit_197,0.2220747948035835
9,drug_fingerprint_bit_201,0.22206589317801834
9,drug_logp,0.2188424270829267
9,poly_max_estate_index_sum_backbonefeaturizer,0.2159154105008994
9,drug_fingerprint_bit_63,0.21565973574099792
9,drug_fingerprint_bit_219,0.2093336078804555
9,drug_fingerprint_bit_126,0.20906913260511598
9,drug_fingerprint_bit_155,0.20689219778148216
9,poly_num_rotatable_bonds_sum_fullpolymerfeaturizer,0.20583444778040041
9,poly_sp3_carbon_count_sum_fullpolymerfeaturizer,0.2056168217664034
9,fingerprint_H_bit_37,0.2031571299688225
9,drug_fingerprint_bit_46,0.20096111622773
9,drug_molecular_weight_sum_fullmolecularfeaturizer,0.2000832843325229
9,drug_fingerprint_bit_236,0.19774987710291012
9,drug_num_aliphatic_heterocycles_sum_fullmolecularfeaturizer,0.19728515835469038
9,drug_smr_vsa5_sum_fullmolecularfeaturizer,0.19507813883676198
9,drug_fingerprint_bit_83,0.19330137954510476
9,drug_fingerprint_bit_212,0.1929792768132705
9,drug_fingerprint_bit_44,0.1899803172268195
9,drug_fingerprint_bit_148,0.1871658504423397
9,drug_fingerprint_bit_240,0.18669700443698903
9,drug_fingerprint_bit_185,0.18382043459414948
9,drug_fingerprint_bit_28,0.17856371033214688
9,fingerprint_H_bit_212,0.17049766264651636
9,drug_fingerprint_bit_10,0.16994379217370792
9,fingerprint_H_bit_54,0.16868296105784544
9,fingerprint_H_bit_89,0.16829079133052405
9,drug_fingerprint_bit_0,0.1646857660501702
9,poly_max_ring_size_sum_backbonefeaturizer,0.16451082371160816
9,fingerprint_H_bit_27,0.1636192386089752
9,drug_fingerprint_bit_115,0.1625744297988427
9,drug_fingerprint_bit_35,0.16153612178612356
9,drug_fingerprint_bit_146,0.16115143469238408
9,drug_fingerprint_bit_156,0.16076630889025514
9,drug_fingerprint_bit_250,0.15734338525304475
9,drug_fingerprint_bit_197,0.15689282149179926
9,drug_fingerprint_bit_39,0.15604391955559452
9,drug_single_bonds_sum_fullmolecularfeaturizer,0.15556729320184326
9,drug_sp3_carbon_count_sum_fullmolecularfeaturizer,0.15527657673682846
9,drug_lumo_eV,0.15291750103289642
9,drug_fingerprint_bit_76,0.15085770322969858
9,drug_fingerprint_bit_13,0.15008761633657577
9,drug_fingerprint_bit_106,0.14519928449185787
9,drug_fingerprint_bit_130,0.14313559698857534
9,drug_total_halogens_sum_fullmolecularfeaturizer,0.14110077690577275
9,poly_double_bonds_sum_fullpolymerfeaturizer,0.14091909490385832
9,drug_fingerprint_bit_49,0.1393151383473635
9,drug_fingerprint_bit_69,0.1384358544266463
9,drug_fingerprint_bit_127,0.13587058071488187
9,drug_fingerprint_bit_205,0.13406786040492033
9,drug_fingerprint_bit_27,0.13404547916763382
9,drug_num_atoms_sum_fullmolecularfeaturizer,0.13092300400745913
9,drug_fingerprint_bit_37,0.12871665344497915
9,drug_fingerprint_bit_189,0.12817447359636208
9,drug_fingerprint_bit_227,0.1279161110126366
9,drug_fingerprint_bit_202,0.126790517788875
9,drug_fluorine_count_sum_fullmolecularfeaturizer,0.12587499599647173
9,drug_fingerprint_bit_145,0.12470410460765967
9,drug_fingerprint_bit_141,0.12328567766830875
9,drug_fingerprint_bit_34,0.12260691876445676
9,drug_fingerprint_bit_18,0.12187341843928287
9,drug_fingerprint_bit_184,0.12057752521123621
9,drug_fingerprint_bit_58,0.11957251982923868
9,drug_fingerprint_bit_116,0.1194446942433078
9,poly_slogp_vsa1_sidechainfeaturizer_sum,0.11892376151264661
9,drug_fingerprint_bit_73,0.11822501567482016
9,drug_fingerprint_bit_71,0.11773948669113334
9,drug_fingerprint_bit_246,0.11718104858302292
9,fingerprint_H_bit_251,0.11299915469328801
9,fingerprint_H_bit_226,0.11275315068402048
9,poly_double_bonds_sidechainfeaturizer_sum,0.11222945861077176
9,drug_fingerprint_bit_81,0.11126475915211083
9,drug_fingerprint_bit_206,0.1099646799437471
9,drug_fingerprint_bit_97,0.1092945297717838
9,drug_fingerprint_bit_196,0.10530707432118533
9,fingerprint_H_bit_70,0.10000887258935591
9,drug_fingerprint_bit_199,0.09994787554730314
9,fingerprint_H_bit_147,0.09703001760648715
9,fingerprint_H_bit_218,0.09663098712396226
9,fingerprint_H_bit_28,0.09530782872704797
9,drug_fingerprint_bit_208,0.09498593950329713
9,drug_fingerprint_bit_48,0.09451870685777952
9,drug_fingerprint_bit_150,0.09138388354551319
9,drug_fingerprint_bit_231,0.09078755234326805
9,drug_heteroatom_density_sum_fullmolecularfeaturizer,0.09072064582199506
9,drug_fingerprint_bit_6,0.08887417695641966
9,fingerprint_H_bit_61,0.08698696680890425
9,drug_fingerprint_bit_92,0.08249278561234419
9,fingerprint_H_bit_32,0.08202587835471778
9,fingerprint_H_bit_143,0.0811391051115108
9,drug_fingerprint_bit_204,0.08038865150658568
9,fingerprint_H_bit_123,0.0775776668947775
9,drug_fingerprint_bit_43,0.07705838475708408
9,drug_fingerprint_bit_241,0.07704015867952123
9,drug_fingerprint_bit_23,0.07463619907952088
9,fingerprint_H_bit_134,0.07444188849422315
9,fingerprint_H_bit_216,0.07176210936124151
9,drug_fingerprint_bit_207,0.07117496691686101
9,drug_fingerprint_bit_252,0.07027596996842761
9,fingerprint_H_bit_227,0.06863660166297962
9,drug_fingerprint_bit_67,0.0676536946479163
9,fingerprint_H_bit_63,0.06678599083009487
9,fingerprint_H_bit_30,0.06553481217065059
9,drug_fingerprint_bit_255,0.0651272885717251
9,drug_fingerprint_bit_172,0.06437870271838708
9,drug_fingerprint_bit_159,0.06294096484670328
9,drug_fingerprint_bit_152,0.059953374512629734
9,drug_fingerprint_bit_114,0.059476153737693445
9,drug_chlorine_count_sum_fullmolecularfeaturizer,0.05917211132857426
9,drug_fingerprint_bit_109,0.05829460478722628
9,fingerprint_H_bit_52,0.056125701389859936
9,drug_fingerprint_bit_239,0.053411543581831845
9,drug_fingerprint_bit_122,0.05268479130036583
9,drug_fingerprint_bit_12,0.052447696043327476
9,drug_fingerprint_bit_32,0.05224321129116284
9,drug_fingerprint_bit_187,0.05015512260211323
9,drug_fingerprint_bit_77,0.04916657597397275
9,drug_fingerprint_bit_191,0.04713831460740312
9,fingerprint_H_bit_116,0.04711663170832724
9,drug_fingerprint_bit_174,0.046484375725563
9,drug_fingerprint_bit_41,0.04622475989549535
9,drug_fingerprint_bit_57,0.04620861700626205
9,drug_fingerprint_bit_251,0.04530354724328354
9,drug_fingerprint_bit_26,0.04482914711152701
9,drug_fingerprint_bit_153,0.04426396125948773
9,drug_fingerprint_bit_135,0.044091542284732235
9,poly_num_aliphatic_heterocycles_sum_fullpolymerfeaturizer,0.04387590389370984
9,drug_fingerprint_bit_117,0.043147151948919014
9,drug_fingerprint_bit_222,0.0428167242354665
9,fingerprint_H_bit_68,0.04269191591232853
9,poly_num_non_aromatic_rings_sum_fullpolymerfeaturizer,0.04242900715484878
9,fingerprint_H_bit_114,0.042414445230186455
9,drug_fingerprint_bit_82,0.041703961262227675
9,drug_fingerprint_bit_70,0.04083535771110477
9,drug_fingerprint_bit_248,0.040820058901598025
9,poly_num_hbond_donors_sum_backbonefeaturizer,0.04060237268795685
9,drug_fingerprint_bit_242,0.040390649318049934
9,drug_fingerprint_bit_90,0.0400297829940451
9,drug_fingerprint_bit_7,0.03811775207726181
9,fingerprint_H_bit_57,0.03810540593723707
9,drug_fingerprint_bit_235,0.03782546663185138
9,drug_fingerprint_bit_229,0.03772490760987364
9,drug_fingerprint_bit_171,0.037582218244895105
9,drug_fingerprint_bit_179,0.036366379657485806
9,fingerprint_H_bit_98,0.03540746183082013
9,drug_fingerprint_bit_78,0.035011602269148054
9,poly_num_aliphatic_heterocycles_sum_backbonefeaturizer,0.033820287756327304
9,drug_fingerprint_bit_194,0.03371925825294903
9,drug_fingerprint_bit_103,0.03351302089196566
9,drug_fingerprint_bit_245,0.031080398675466078
9,drug_num_non_aromatic_rings_sum_fullmolecularfeaturizer,0.030868778872787495
9,fingerprint_H_bit_185,0.02998942096317016
9,drug_fingerprint_bit_178,0.02889693847473798
9,drug_fingerprint_bit_161,0.028202622679888482
9,drug_fingerprint_bit_131,0.02716720263836749
9,fingerprint_H_bit_205,0.026998952275304865
9,drug_fingerprint_bit_96,0.02634299917107385
9,drug_fingerprint_bit_60,0.026198482649085912
9,drug_fingerprint_bit_62,0.02602867203775207
9,poly_num_aromatic_rings_sum_backbonefeaturizer,0.025908038245534466
9,drug_fingerprint_bit_94,0.025738900868716465
9,poly_num_non_aromatic_rings_sum_backbonefeaturizer,0.02549920674516495
9,drug_fingerprint_bit_66,0.025085388058978815
9,drug_fingerprint_bit_144,0.024352349344156025
9,drug_fingerprint_bit_132,0.01886485803279026
9,drug_fingerprint_bit_59,0.01879687816772634
9,fingerprint_H_bit_158,0.018735942624831654
9,fingerprint_H_bit_34,0.018326401734558066
9,drug_fingerprint_bit_129,0.01771248077305387
9,drug_fingerprint_bit_20,0.0166655358467302
9,fingerprint_H_bit_18,0.016505456920369508
9,fingerprint_H_bit_233,0.016331145951765724
9,drug_fingerprint_bit_169,0.015720143505127435
9,fingerprint_H_bit_219,0.014949523449289898
9,drug_fingerprint_bit_8,0.014670420876390866
9,drug_fingerprint_bit_16,0.013624597113495366
9,drug_fingerprint_bit_93,0.013619558283960788
9,drug_fingerprint_bit_14,0.013368259632159167
9,fingerprint_H_bit_80,0.012687192831577565
9,drug_fingerprint_bit_162,0.01259313226194195
9,drug_fingerprint_bit_154,0.01234225665399784
9,drug_fingerprint_bit_134,0.011656091440361546
9,drug_fingerprint_bit_104,0.011293776360071272
9,fingerprint_H_bit_164,0.011062564035818845
9,fingerprint_H_bit_46,0.01003558884005695
9,fingerprint_H_bit_224,0.009115943129772212
9,drug_fingerprint_bit_56,0.009015711849337535
9,drug_fingerprint_bit_225,0.008807546381684813
9,drug_fingerprint_bit_170,0.008127471278236067
9,fingerprint_H_bit_65,0.008105108882045598
9,drug_fingerprint_bit_31,0.006572730707809457
9,fingerprint_H_bit_112,0.005490541106525867
9,drug_fingerprint_bit_143,0.0038211234204530748
9,drug_fp_density_morgan1_sum_fullmolecularfeaturizer,0.0037141537096498267
9,drug_fingerprint_bit_65,0.002889869206878832
9,drug_fingerprint_bit_100,0.002245144034477255
9,fingerprint_H_bit_26,0.0014002158828607103
9,fingerprint_H_bit_131,0.001274433676493316
9,fingerprint_H_bit_174,0.0009875495183193955
9,drug_fingerprint_bit_55,0.0007303206713319648
9,drug_fingerprint_bit_2,0.0007009262114947083
9,fingerprint_H_bit_181,5.560783579637376e-09
9,fingerprint_H_bit_105,1.5639722468485662e-09
9,fingerprint_H_bit_94,1.1833391409611847e-13
9,fingerprint_H_bit_75,0.0
9,fingerprint_H_bit_76,0.0
9,fingerprint_H_bit_77,0.0
9,drug_fingerprint_bit_232,0.0
9,drug_fingerprint_bit_234,0.0
9,drug_fingerprint_bit_176,0.0
9,drug_fingerprint_bit_166,0.0
9,fingerprint_H_bit_254,0.0
9,fingerprint_H_bit_255,0.0
9,fingerprint_H_bit_230,0.0
9,fingerprint_H_bit_229,0.0
9,fingerprint_H_bit_231,0.0
9,fingerprint_H_bit_234,0.0
9,fingerprint_H_bit_253,0.0
9,drug_fingerprint_bit_244,0.0
9,poly_bromine_count_sum_backbonefeaturizer,0.0
9,poly_chlorine_count_sum_backbonefeaturizer,0.0
9,poly_fluorine_count_sum_backbonefeaturizer,0.0
9,poly_total_halogens_sum_backbonefeaturizer,0.0
9,fingerprint_H_bit_215,0.0
9,fingerprint_H_bit_211,0.0
9,fingerprint_H_bit_210,0.0
9,fingerprint_H_bit_250,0.0
9,fingerprint_H_bit_249,0.0
9,fingerprint_H_bit_248,0.0
9,fingerprint_H_bit_247,0.0
9,fingerprint_H_bit_246,0.0
9,fingerprint_H_bit_244,0.0
9,fingerprint_H_bit_220,0.0
9,poly_bridging_rings_count_sidechainfeaturizer_sum,0.0
9,fingerprint_H_bit_221,0.0
9,fingerprint_H_bit_189,0.0
9,fingerprint_H_bit_190,0.0
9,fingerprint_H_bit_192,0.0
9,fingerprint_H_bit_191,0.0
9,fingerprint_H_bit_206,0.0
9,fingerprint_H_bit_208,0.0
9,fingerprint_H_bit_209,0.0
9,fingerprint_H_bit_203,0.0
9,fingerprint_H_bit_225,0.0
9,fingerprint_H_bit_223,0.0
9,poly_bridging_rings_count_sum_backbonefeaturizer,0.0
9,fingerprint_H_bit_228,0.0
9,drug_fingerprint_bit_9,0.0
9,fingerprint_H_bit_187,0.0
9,fingerprint_H_bit_188,0.0
9,poly_iodine_count_sum_backbonefeaturizer,0.0
9,fingerprint_H_bit_201,0.0
9,fingerprint_H_bit_200,0.0
9,fingerprint_H_bit_199,0.0
9,fingerprint_H_bit_198,0.0
9,fingerprint_H_bit_195,0.0
9,fingerprint_H_bit_196,0.0
9,fingerprint_H_bit_194,0.0
9,fingerprint_H_bit_193,0.0
9,fingerprint_H_bit_171,0.0
9,fingerprint_H_bit_172,0.0
9,fingerprint_H_bit_173,0.0
9,drug_fingerprint_bit_17,0.0
9,poly_triple_bonds_sum_backbonefeaturizer,0.0
9,fingerprint_H_bit_156,0.0
9,poly_fraction_bicyclic_rings_sum_backbonefeaturizer,0.0
9,fingerprint_H_bit_240,0.0
9,fingerprint_H_bit_241,0.0
9,fingerprint_H_bit_242,0.0
9,fingerprint_H_bit_243,0.0
9,fingerprint_H_bit_36,0.0
9,fingerprint_H_bit_29,0.0
9,fingerprint_H_bit_40,0.0
9,fingerprint_H_bit_35,0.0
9,fingerprint_H_bit_31,0.0
9,poly_triple_bonds_sum_fullpolymerfeaturizer,0.0
9,poly_iodine_count_sum_fullpolymerfeaturizer,0.0
9,fingerprint_H_bit_103,0.0
9,poly_bromine_count_sum_fullpolymerfeaturizer,0.0
9,fingerprint_H_bit_104,0.0
9,fingerprint_H_bit_252,0.0
9,poly_bridging_rings_count_sum_fullpolymerfeaturizer,0.0
9,fingerprint_H_bit_0,0.0
9,drug_fingerprint_bit_54,0.0
9,drug_fingerprint_bit_51,0.0
9,fingerprint_H_bit_47,0.0
9,fingerprint_H_bit_44,0.0
9,drug_fingerprint_bit_221,0.0
9,fingerprint_H_bit_51,0.0
9,fingerprint_H_bit_55,0.0
9,drug_fingerprint_bit_220,0.0
9,fingerprint_H_bit_49,0.0
9,fingerprint_H_bit_184,0.0
9,fingerprint_H_bit_50,0.0
9,fingerprint_H_bit_176,0.0
9,fingerprint_H_bit_177,0.0
9,fingerprint_H_bit_178,0.0
9,fingerprint_H_bit_179,0.0
9,fingerprint_H_bit_180,0.0
9,drug_fingerprint_bit_21,0.0
9,fingerprint_H_bit_157,0.0
9,fingerprint_H_bit_141,0.0
9,poly_bromine_count_sidechainfeaturizer_sum,0.0
9,fingerprint_H_bit_142,0.0
9,fingerprint_H_bit_146,0.0
9,fingerprint_H_bit_160,0.0
9,poly_triple_bonds_sidechainfeaturizer_sum,0.0
9,poly_iodine_count_sidechainfeaturizer_sum,0.0
9,drug_fingerprint_bit_215,0.0
9,fingerprint_H_bit_43,0.0
9,drug_fingerprint_bit_217,0.0
9,fingerprint_H_bit_72,0.0
9,fingerprint_H_bit_73,0.0
9,fingerprint_H_bit_62,0.0
9,fingerprint_H_bit_71,0.0
9,fingerprint_H_bit_150,0.0
9,drug_fingerprint_bit_68,0.0
9,fingerprint_H_bit_170,0.0
9,fingerprint_H_bit_169,0.0
9,fingerprint_H_bit_166,0.0
9,fingerprint_H_bit_153,0.0
9,fingerprint_H_bit_154,0.0
9,fingerprint_H_bit_152,0.0
9,drug_fingerprint_bit_89,0.0
9,poly_fraction_bicyclic_rings_sum_fullpolymerfeaturizer,0.0
9,poly_num_non_aromatic_rings_sidechainfeaturizer_sum,0.0
9,poly_fraction_bicyclic_rings_sidechainfeaturizer_sum,0.0
9,poly_num_aliphatic_heterocycles_sidechainfeaturizer_sum,0.0
9,fingerprint_H_bit_235,0.0
9,drug_fingerprint_bit_102,0.0
9,drug_fingerprint_bit_87,0.0
9,fingerprint_H_bit_239,0.0
9,fingerprint_H_bit_238,0.0
9,poly_total_halogens_sum_fullpolymerfeaturizer,0.0
9,drug_triple_bonds_sum_fullmolecularfeaturizer,0.0
9,poly_fluorine_count_sum_fullpolymerfeaturizer,0.0
9,fingerprint_H_bit_91,0.0
9,fingerprint_H_bit_92,0.0
9,fingerprint_H_bit_140,0.0
9,fingerprint_H_bit_163,0.0
9,fingerprint_H_bit_165,0.0
9,fingerprint_H_bit_168,0.0
9,poly_total_halogens_sidechainfeaturizer_sum,0.0
9,poly_fluorine_count_sidechainfeaturizer_sum,0.0
9,poly_chlorine_count_sidechainfeaturizer_sum,0.0
9,fingerprint_H_bit_74,0.0
9,drug_fingerprint_bit_209,0.0
9,fingerprint_H_bit_124,0.0
9,drug_fingerprint_bit_123,0.0
9,drug_fingerprint_bit_112,0.0
9,fingerprint_H_bit_60,0.0
9,fingerprint_H_bit_59,0.0
9,drug_fingerprint_bit_198,0.0
9,drug_fingerprint_bit_195,0.0
9,fingerprint_H_bit_95,0.0
9,fingerprint_H_bit_93,0.0
9,fingerprint_H_bit_136,0.0
9,fingerprint_H_bit_107,0.0
9,fingerprint_H_bit_137,0.0
9,fingerprint_H_bit_108,0.0
9,fingerprint_H_bit_149,0.0
9,fingerprint_H_bit_132,0.0
9,fingerprint_H_bit_126,0.0
9,fingerprint_H_bit_83,0.0
9,fingerprint_H_bit_82,0.0
9,fingerprint_H_bit_79,0.0
9,fingerprint_H_bit_86,0.0
9,fingerprint_H_bit_96,0.0
9,fingerprint_H_bit_87,0.0
9,fingerprint_H_bit_88,0.0
9,fingerprint_H_bit_90,0.0
9,fingerprint_H_bit_109,0.0
9,fingerprint_H_bit_99,0.0
9,fingerprint_H_bit_97,0.0
9,fingerprint_H_bit_110,0.0
9,fingerprint_H_bit_115,0.0
9,fingerprint_H_bit_148,0.0
9,fingerprint_H_bit_127,0.0
9,fingerprint_H_bit_129,0.0
9,fingerprint_H_bit_117,0.0
9,fingerprint_H_bit_122,0.0
9,fingerprint_H_bit_111,0.0
9,drug_fingerprint_bit_157,0.0
9,fingerprint_H_bit_3,0.0
9,fingerprint_H_bit_4,0.0
9,poly_chlorine_count_sum_fullpolymerfeaturizer,0.0
9,fingerprint_H_bit_135,0.0
9,fingerprint_H_bit_6,0.0
9,fingerprint_H_bit_8,0.0
9,fingerprint_H_bit_9,0.0
9,fingerprint_H_bit_10,0.0
9,drug_bromine_count_sum_fullmolecularfeaturizer,0.0
9,drug_fingerprint_bit_254,0.0
9,fingerprint_H_bit_5,0.0
9,fingerprint_H_bit_2,0.0
9,fingerprint_H_bit_102,0.0
9,fingerprint_H_bit_101,0.0
9,fingerprint_H_bit_12,0.0
9,drug_iodine_count_sum_fullmolecularfeaturizer,0.0
9,fingerprint_H_bit_14,0.0
9,fingerprint_H_bit_15,0.0
9,fingerprint_H_bit_16,0.0
9,fingerprint_H_bit_11,0.0
9,fingerprint_H_bit_17,0.0
9,fingerprint_H_bit_19,0.0
9,fingerprint_H_bit_21,0.0
9,fingerprint_H_bit_20,0.0
9,fingerprint_H_bit_22,0.0
9,fingerprint_H_bit_23,0.0
9,fingerprint_H_bit_24,0.0
9,fingerprint_H_bit_25,0.0
9,fingerprint_H_bit_202,-2.334402512563624e-12
9,fingerprint_H_bit_161,-5.560783579637376e-09
9,drug_fingerprint_bit_79,-0.0005431341899540135
9,drug_fingerprint_bit_86,-0.0012431079007996385
9,drug_fingerprint_bit_95,-0.003569711762917554
9,drug_fingerprint_bit_84,-0.004778256652644245
9,drug_fingerprint_bit_53,-0.0050002058557912015
9,drug_fingerprint_bit_25,-0.006124056998922093
9,drug_fingerprint_bit_124,-0.008186548514179878
9,drug_fingerprint_bit_149,-0.010685640579795529
9,drug_fingerprint_bit_125,-0.012353229113574933
9,fingerprint_H_bit_7,-0.015535116278008788
9,drug_fingerprint_bit_121,-0.01885101278531633
9,drug_fingerprint_bit_193,-0.01918268024635216
9,drug_fingerprint_bit_85,-0.019564661071414618
9,drug_fingerprint_bit_22,-0.019570486090269283
9,fingerprint_H_bit_183,-0.023767026154773253
9,drug_fingerprint_bit_173,-0.025411553468647045
9,fingerprint_H_bit_119,-0.02834049417530012
9,drug_fingerprint_bit_101,-0.029719224788656167
9,fingerprint_H_bit_207,-0.034585715283221366
9,drug_fingerprint_bit_5,-0.05242988388965823
9,drug_max_estate_index_sum_fullmolecularfeaturizer,-0.053335256436014666
9,drug_fingerprint_bit_230,-0.05377426385423477
9,drug_fingerprint_bit_192,-0.060006431023135846
9,drug_fingerprint_bit_91,-0.06171937041127008
9,drug_fingerprint_bit_247,-0.06789694344086021
9,drug_fingerprint_bit_238,-0.06806026018847477
9,drug_fingerprint_bit_182,-0.07158261758980763
9,drug_max_ring_size_sum_fullmolecularfeaturizer,-0.07200097267425361
9,drug_fingerprint_bit_80,-0.07327526439832587
9,drug_fingerprint_bit_137,-0.07925929707162023
9,drug_fingerprint_bit_29,-0.07968850225837883
9,poly_single_bonds_sum_fullpolymerfeaturizer,-0.0824350073884661
9,drug_num_rotatable_bonds_sum_fullmolecularfeaturizer,-0.08963577213808449
9,drug_fingerprint_bit_210,-0.09144862410080065
9,fingerprint_H_bit_33,-0.09153374522759665
9,drug_slogp_vsa1_sum_fullmolecularfeaturizer,-0.09746503120383698
9,drug_fingerprint_bit_47,-0.1024204290126559
9,drug_fingerprint_bit_40,-0.11427281698234003
9,drug_double_bonds_sum_fullmolecularfeaturizer,-0.12303412363895354
9,drug_fingerprint_bit_1,-0.1234241144378999
9,fingerprint_H_bit_120,-0.12480780391481269
9,drug_fingerprint_bit_107,-0.12871973114551152
9,fingerprint_H_bit_39,-0.13180567617805466
9,drug_fingerprint_bit_228,-0.15802787228202503
9,drug_fingerprint_bit_138,-0.1582877257477938
9,drug_fingerprint_bit_38,-0.1615792599700619
9,drug_fingerprint_bit_168,-0.17161641314317538
9,poly_topological_surface_area_sum_fullpolymerfeaturizer,-0.18222617586219964
9,drug_fingerprint_bit_214,-0.18547287369696175
9,drug_fingerprint_bit_133,-0.19715024705100476
9,WATER_PH,-0.19934514795091438
9,fingerprint_H_bit_125,-0.2003097121930346
9,drug_fingerprint_bit_113,-0.20084332018686166
9,drug_fingerprint_bit_118,-0.20573613141688857
9,drug_charge_at_WATER_PH,-0.2238311431491238
9,poly_heteroatom_count_sum_fullpolymerfeaturizer,-0.22428656056486704
9,fingerprint_H_bit_128,-0.22492083647952793
9,poly_num_hbond_acceptors_sum_fullpolymerfeaturizer,-0.2252946892839741
9,drug_fingerprint_bit_111,-0.25521524018843406
9,drug_sp2_carbon_count_sum_fullmolecularfeaturizer,-0.2571220083552385
9,drug_fingerprint_bit_243,-0.29375193400072963
9,fingerprint_H_bit_42,-0.3015722248366557
9,fingerprint_H_bit_138,-0.3074258517853128
9,poly_max_estate_index_sum_fullpolymerfeaturizer,-0.31814214530874185
9,drug_fingerprint_bit_52,-0.33298175718071743
9,drug_fingerprint_bit_4,-0.3451006343131894
9,drug_fingerprint_bit_237,-0.36132958206913174
9,drug_fingerprint_bit_186,-0.36739887937768867
9,drug_fingerprint_bit_128,-0.37247593168055076
9,drug_fingerprint_bit_233,-0.38086387383523584
9,drug_fingerprint_bit_175,-0.41930872804267827
9,poly_num_hbond_donors_sum_fullpolymerfeaturizer,-0.48629981331387045
9,drug_fingerprint_bit_45,-0.49354601444837226
9,drug_fingerprint_bit_163,-0.4955950796026612
9,poly_num_rings_sum_fullpolymerfeaturizer,-0.5224635303883555
9,poly_balaban_j_index_sum_fullpolymerfeaturizer,-0.6100025921021004
9,fingerprint_H_bit_159,-0.6526456608288665
9,charge_at_WATER_PH_H,-0.7890037881781282
9,poly_sp2_carbon_count_sum_fullpolymerfeaturizer,-0.8516393209293414
9,CONCENTRATION,-0.992360931924236
9,logp_H,-1.0114886312070837
9,drug_fingerprint_bit_72,-1.0300299673913502
9,drug_fingerprint_bit_64,-1.096007707245194
9,drug_fingerprint_bit_19,-1.1029007858933566
9,drug_fingerprint_bit_151,-1.1213272004548434
9,drug_fingerprint_bit_200,-1.2227921772061892
9,drug_fingerprint_bit_33,-1.3462790070119761
9,drug_fingerprint_bit_119,-1.4607656157353015
9,poly_molecular_weight_sum_fullpolymerfeaturizer,-1.473190756614191
9,poly_num_atoms_sum_fullpolymerfeaturizer,-1.525195848720286
9,drug_fingerprint_bit_224,-1.5621213248935124
9,drug_fingerprint_bit_108,-1.6319005766416192
9,fingerprint_H_bit_106,-1.806860640071276
9,drug_fingerprint_bit_88,-2.0071858904890547
9,fingerprint_H_bit_144,-2.238358134933592
9,poly_balaban_j_index_sum_backbonefeaturizer,-2.8399165276730156
9,fingerprint_H_bit_66,-3.1081694910927555
10,fingerprint_H_bit_201,13.086457197159998
10,drug_fingerprint_bit_98,8.026980172173252
10,fingerprint_H_bit_177,7.386656835576757
10,drug_fingerprint_bit_190,5.383580041261828
10,poly_heteroatom_density_sidechainfeaturizer_sum,2.4793724705358318
10,fingerprint_H_bit_53,2.3798181190231573
10,fingerprint_H_bit_84,2.148272375635444
10,fingerprint_H_bit_237,2.0950786189409896
10,drug_fingerprint_bit_42,2.087639140033212
10,poly_balaban_j_index_sum_backbonefeaturizer,2.0146142440325905
10,poly_fp_density_morgan1_sidechainfeaturizer_sum,2.0143823325912282
10,fingerprint_H_bit_155,1.966048475403879
10,fingerprint_H_bit_133,1.959141395894056
10,poly_topological_surface_area_sum_backbonefeaturizer,1.943193818442006
10,poly_balaban_j_index_sidechainfeaturizer_sum,1.794359837761118
10,drug_fingerprint_bit_218,1.6929452268334961
10,fingerprint_H_bit_213,1.685509694399169
10,poly_sp3_carbon_count_sum_backbonefeaturizer,1.6128998306569617
10,poly_smr_vsa5_sum_backbonefeaturizer,1.5919884343451922
10,poly_double_bonds_sum_backbonefeaturizer,1.5400563013510464
10,poly_max_estate_index_sidechainfeaturizer_sum,1.5030033603813444
10,fingerprint_H_bit_68,1.465287247814324
10,fingerprint_H_bit_217,1.4349536176430104
10,fingerprint_H_bit_236,1.3807865743650292
10,fingerprint_H_bit_1,1.3790044115507007
10,fingerprint_H_bit_222,1.3701134471703984
10,fingerprint_H_bit_151,1.2864154325464523
10,fingerprint_H_bit_33,1.1962210789669883
10,fingerprint_H_bit_145,1.161379229203887
10,fingerprint_H_bit_197,1.0305385095294313
10,fingerprint_H_bit_232,1.02926212041854
10,fingerprint_H_bit_119,0.9780006793116184
10,drug_fingerprint_bit_158,0.9759060715296509
10,fingerprint_H_bit_128,0.9286510112965669
10,fingerprint_H_bit_80,0.9017284219045614
10,drug_fingerprint_bit_201,0.893106819183687
10,poly_num_atoms_sidechainfeaturizer_sum,0.8821604692793156
10,poly_num_rotatable_bonds_sum_fullpolymerfeaturizer,0.852599826642401
10,lumo_eV_H,0.828686402213254
10,poly_smr_vsa5_sum_fullpolymerfeaturizer,0.7526267756278749
10,poly_molecular_weight_sidechainfeaturizer_sum,0.7494413580842458
10,fingerprint_H_bit_41,0.7413394169956602
10,drug_fingerprint_bit_24,0.7390273912169351
10,poly_single_bonds_sum_backbonefeaturizer,0.7301517588858987
10,fingerprint_H_bit_182,0.7034279763853647
10,fingerprint_H_bit_139,0.6800910070556705
10,drug_fingerprint_bit_219,0.6796121747040156
10,homo_eV_H,0.6782512785408528
10,drug_num_hbond_acceptors_sum_fullmolecularfeaturizer,0.6585939899301753
10,drug_fingerprint_bit_130,0.657751373699
10,poly_sp2_carbon_count_sidechainfeaturizer_sum,0.6501398648812253
10,fingerprint_H_bit_48,0.6465435810226408
10,poly_num_hbond_donors_sum_backbonefeaturizer,0.641335925358267
10,poly_num_rings_sidechainfeaturizer_sum,0.638705725177531
10,fingerprint_H_bit_183,0.6272523140684081
10,poly_fp_density_morgan1_sum_backbonefeaturizer,0.5954072407688921
10,drug_fingerprint_bit_63,0.5880310737634089
10,fingerprint_H_bit_45,0.5770498687768139
10,drug_fingerprint_bit_223,0.5710811981673359
10,drug_fingerprint_bit_22,0.5660991038537977
10,fingerprint_H_bit_167,0.5613455690652405
10,drug_fingerprint_bit_188,0.5371541583677056
10,poly_num_atoms_sum_backbonefeaturizer,0.5252591087581208
10,poly_molecular_weight_sum_backbonefeaturizer,0.5205691583444692
10,drug_fingerprint_bit_126,0.5178364187817805
10,drug_fingerprint_bit_189,0.5111847975263737
10,drug_fingerprint_bit_147,0.5084697171717424
10,drug_fingerprint_bit_110,0.5057101893262954
10,logp_H,0.4879108207732841
10,drug_fingerprint_bit_177,0.486708995737386
10,drug_fingerprint_bit_141,0.4656912979920049
10,fingerprint_H_bit_159,0.46180503550164514
10,fingerprint_H_bit_245,0.46007019482197714
10,fingerprint_H_bit_78,0.4565803924721296
10,drug_topological_surface_area_sum_fullmolecularfeaturizer,0.456549462954525
10,drug_fingerprint_bit_251,0.45213409729767784
10,poly_slogp_vsa1_sum_fullpolymerfeaturizer,0.44124825970914877
10,drug_fingerprint_bit_160,0.44038220337126555
10,drug_fingerprint_bit_115,0.42509016551730855
10,drug_fingerprint_bit_227,0.4200962249417934
10,drug_single_bonds_sum_fullmolecularfeaturizer,0.40507079976718996
10,poly_single_bonds_sidechainfeaturizer_sum,0.4034576960818565
10,drug_fingerprint_bit_19,0.40107917943497523
10,drug_balaban_j_index_sum_fullmolecularfeaturizer,0.38809857347604027
10,drug_num_aromatic_rings_sum_fullmolecularfeaturizer,0.38100298475290095
10,drug_fingerprint_bit_164,0.3792011991480018
10,drug_total_halogens_sum_fullmolecularfeaturizer,0.37788827554651216
10,drug_heteroatom_count_sum_fullmolecularfeaturizer,0.3636959737060043
10,drug_fingerprint_bit_159,0.3627421629336795
10,drug_fingerprint_bit_167,0.35686573562726387
10,drug_fingerprint_bit_120,0.35460906423564476
10,drug_logp,0.34395833874657455
10,drug_fingerprint_bit_246,0.34051359893479616
10,drug_fingerprint_bit_146,0.3313290322658828
10,drug_fingerprint_bit_99,0.3284094345609646
10,poly_sp2_carbon_count_sum_fullpolymerfeaturizer,0.3242281073080597
10,drug_fingerprint_bit_184,0.3055901189418641
10,drug_fingerprint_bit_11,0.30381833723677415
10,drug_fingerprint_bit_39,0.3033058478253276
10,poly_max_estate_index_sum_backbonefeaturizer,0.3013507663037127
10,drug_molecular_weight_sum_fullmolecularfeaturizer,0.29053169305112997
10,poly_double_bonds_sidechainfeaturizer_sum,0.28842590213365693
10,drug_fingerprint_bit_153,0.2864492098397834
10,drug_num_aliphatic_heterocycles_sum_fullmolecularfeaturizer,0.2860620777808066
10,drug_fingerprint_bit_15,0.28500209677506366
10,drug_fingerprint_bit_118,0.2843798554778174
10,poly_num_aromatic_rings_sum_fullpolymerfeaturizer,0.28291042148612744
10,drug_fingerprint_bit_10,0.2795420690672493
10,drug_fingerprint_bit_216,0.2783558349119465
10,fingerprint_H_bit_147,0.27669368922901666
10,drug_fingerprint_bit_206,0.2703060586100293
10,drug_fingerprint_bit_36,0.26576722539413744
10,poly_num_hbond_donors_sidechainfeaturizer_sum,0.2632410871305799
10,drug_fingerprint_bit_249,0.2547251576856128
10,fingerprint_H_bit_13,0.2501495120333882
10,drug_fingerprint_bit_143,0.2453765371944597
10,drug_fingerprint_bit_142,0.24419819463879208
10,drug_fingerprint_bit_226,0.24192053407534106
10,drug_fingerprint_bit_255,0.2415944088066622
10,drug_heteroatom_density_sum_fullmolecularfeaturizer,0.24054979790843348
10,fingerprint_H_bit_70,0.23993147130011214
10,drug_fingerprint_bit_250,0.23878125149821436
10,drug_smr_vsa5_sum_fullmolecularfeaturizer,0.23450500497832177
10,drug_fingerprint_bit_3,0.2342236321179578
10,poly_single_bonds_sum_fullpolymerfeaturizer,0.2341623649157945
10,drug_fingerprint_bit_180,0.23359688360822853
10,drug_fingerprint_bit_93,0.2332828801293518
10,drug_lumo_eV,0.23295284017051948
10,drug_fingerprint_bit_75,0.23234131306815328
10,drug_fingerprint_bit_12,0.230522365228752
10,poly_sp2_carbon_count_sum_backbonefeaturizer,0.22968796957734688
10,poly_sp3_carbon_count_sidechainfeaturizer_sum,0.22358245650878386
10,drug_fingerprint_bit_145,0.22322013511698607
10,drug_fingerprint_bit_144,0.22062628133543102
10,poly_max_estate_index_sum_fullpolymerfeaturizer,0.22020002188722268
10,fingerprint_H_bit_251,0.21944906251671675
10,drug_fingerprint_bit_213,0.21822110414953272
10,fingerprint_H_bit_67,0.2149743792452304
10,drug_fingerprint_bit_28,0.21465685997891062
10,drug_sp3_carbon_count_sum_fullmolecularfeaturizer,0.2142055319632343
10,drug_fingerprint_bit_173,0.21092466127822274
10,drug_fingerprint_bit_106,0.20408497710953016
10,drug_fingerprint_bit_45,0.20341713658923036
10,drug_fingerprint_bit_150,0.19405522684550136
10,fingerprint_H_bit_89,0.1925156958985899
10,fingerprint_H_bit_227,0.1912634542862898
10,poly_heteroatom_count_sum_backbonefeaturizer,0.18921978279621682
10,drug_fingerprint_bit_238,0.18614081751961534
10,drug_fingerprint_bit_253,0.18012776459103105
10,drug_fingerprint_bit_26,0.17878192178011507
10,drug_fingerprint_bit_183,0.1772659918217959
10,drug_fingerprint_bit_202,0.1769430338099444
10,fingerprint_H_bit_162,0.1736131547916429
10,poly_smr_vsa5_sidechainfeaturizer_sum,0.17220549756458967
10,drug_fingerprint_bit_64,0.1713691552477638
10,drug_fingerprint_bit_139,0.16746731703149115
10,drug_fingerprint_bit_109,0.1674459650654875
10,drug_fingerprint_bit_37,0.1646673613397964
10,drug_fingerprint_bit_165,0.1639049609076285
10,poly_sp3_carbon_count_sum_fullpolymerfeaturizer,0.1586693446156366
10,drug_fingerprint_bit_252,0.1553093467380545
10,drug_fingerprint_bit_30,0.1548592225936129
10,drug_fingerprint_bit_203,0.1507057400834309
10,fingerprint_H_bit_113,0.14886787769682835
10,drug_fingerprint_bit_155,0.14851650834472102
10,drug_fingerprint_bit_105,0.14681456276900406
10,drug_fingerprint_bit_185,0.1460761039489995
10,drug_fingerprint_bit_35,0.1456084619881273
10,drug_fingerprint_bit_161,0.14410734473273543
10,drug_fingerprint_bit_5,0.14312034810206153
10,drug_fingerprint_bit_49,0.1421766049807894
10,poly_num_rotatable_bonds_sum_backbonefeaturizer,0.1366716991303828
10,drug_fingerprint_bit_199,0.1352998644961292
10,drug_fingerprint_bit_46,0.1332415246187407
10,drug_fingerprint_bit_18,0.1324785719301604
10,drug_fingerprint_bit_92,0.1317878146208546
10,fingerprint_H_bit_37,0.13157833201922195
10,fingerprint_H_bit_52,0.13090410047134657
10,drug_fingerprint_bit_69,0.1299391430973347
10,drug_fingerprint_bit_23,0.12940629188523517
10,drug_fingerprint_bit_44,0.128983110953502
10,drug_fluorine_count_sum_fullmolecularfeaturizer,0.12864435284045045
10,drug_logd_at_WATER_PH,0.12825075976657505
10,drug_fingerprint_bit_148,0.1259422533827663
10,drug_fingerprint_bit_194,0.12342199173254521
10,drug_fingerprint_bit_236,0.12132381487074713
10,drug_fingerprint_bit_71,0.12086485685121158
10,fingerprint_H_bit_61,0.11980338943732963
10,drug_fingerprint_bit_77,0.11736521142575715
10,drug_fingerprint_bit_72,0.10991250011669719
10,drug_fraction_bicyclic_rings_sum_fullmolecularfeaturizer,0.10424862309938505
10,drug_fingerprint_bit_81,0.10264227575736765
10,drug_fingerprint_bit_101,0.10046857980023587
10,fingerprint_H_bit_158,0.09724222248541183
10,drug_fingerprint_bit_247,0.09680600460575774
10,poly_num_atoms_sum_fullpolymerfeaturizer,0.0910620817396752
10,fingerprint_H_bit_121,0.08733478672006577
10,fingerprint_H_bit_224,0.08706680792412494
10,drug_fingerprint_bit_245,0.08570276512031079
10,fingerprint_H_bit_63,0.08553291843476561
10,drug_fingerprint_bit_196,0.08543229947241052
10,drug_fingerprint_bit_179,0.0849242836301435
10,drug_fingerprint_bit_0,0.08405855293922836
10,fingerprint_H_bit_204,0.08373900875792507
10,drug_fingerprint_bit_83,0.08232601670347406
10,drug_fingerprint_bit_74,0.08204146189661202
10,fingerprint_H_bit_134,0.08158331197531778
10,fingerprint_H_bit_30,0.08058812075136404
10,drug_fingerprint_bit_76,0.08007907488532044
10,drug_fingerprint_bit_191,0.07899078460395749
10,poly_num_rings_sum_fullpolymerfeaturizer,0.07866787035417909
10,drug_fingerprint_bit_170,0.07802410805526508
10,drug_fingerprint_bit_241,0.07759371546982645
10,drug_fingerprint_bit_60,0.07692781585700524
10,fingerprint_H_bit_66,0.07666675917125358
10,drug_fingerprint_bit_29,0.0744772963726167
10,drug_fingerprint_bit_197,0.07446003531799172
10,drug_num_rings_sum_fullmolecularfeaturizer,0.0739926280648582
10,drug_fingerprint_bit_171,0.07359342885017718
10,fingerprint_H_bit_54,0.07347346251110105
10,fingerprint_H_bit_118,0.07139712663513774
10,drug_num_non_aromatic_rings_sum_fullmolecularfeaturizer,0.0703517666073902
10,drug_fingerprint_bit_58,0.06881016574996887
10,drug_fingerprint_bit_117,0.06880255472655675
10,fingerprint_H_bit_212,0.06849726292810089
10,fingerprint_H_bit_18,0.06734438190585469
10,drug_fingerprint_bit_156,0.06659395024451305
10,drug_fingerprint_bit_85,0.06621860610184142
10,drug_fingerprint_bit_205,0.06545753301826263
10,drug_fingerprint_bit_137,0.06416246833278742
10,drug_fingerprint_bit_6,0.06410353462491956
10,drug_fingerprint_bit_97,0.06371522127917446
10,drug_fingerprint_bit_239,0.06316645855638738
10,drug_fingerprint_bit_7,0.06168469388733162
10,fingerprint_H_bit_216,0.0614852197320307
10,fingerprint_H_bit_174,0.06143397918634658
10,drug_charge_at_WATER_PH,0.06098310703974098
10,fingerprint_H_bit_233,0.0600675571859882
10,drug_fingerprint_bit_187,0.05979934529754599
10,fingerprint_H_bit_164,0.05838404511244382
10,fingerprint_H_bit_69,0.058241135413601854
10,drug_fingerprint_bit_116,0.05810249364206188
10,drug_fingerprint_bit_229,0.05740138221557293
10,drug_fingerprint_bit_27,0.05694218891786146
10,drug_fingerprint_bit_240,0.05612462888535624
10,fingerprint_H_bit_143,0.055986317520543616
10,poly_molecular_weight_sum_fullpolymerfeaturizer,0.05360980474035314
10,drug_fingerprint_bit_104,0.05356429829022202
10,drug_fingerprint_bit_181,0.05344655834828831
10,drug_fingerprint_bit_136,0.05259933053918579
10,drug_fingerprint_bit_103,0.05172307546988704
10,fingerprint_H_bit_185,0.05150248594088262
10,fingerprint_H_bit_26,0.050163572421634516
10,drug_fingerprint_bit_212,0.04861155159621351
10,poly_num_non_aromatic_rings_sum_backbonefeaturizer,0.04557024112840995
10,drug_fingerprint_bit_134,0.04533852817419965
10,drug_fingerprint_bit_235,0.04429591639014452
10,drug_fingerprint_bit_222,0.04324459562267693
10,poly_slogp_vsa1_sidechainfeaturizer_sum,0.04224074591526007
10,drug_fingerprint_bit_50,0.04208106356942768
10,drug_fingerprint_bit_174,0.04205281187619488
10,drug_fingerprint_bit_43,0.04064373214132159
10,drug_fingerprint_bit_152,0.03868600982789505
10,drug_fingerprint_bit_135,0.03818990613883688
10,poly_max_ring_size_sidechainfeaturizer_sum,0.03731339934826604
10,drug_fingerprint_bit_57,0.037168312668271905
10,drug_fingerprint_bit_204,0.036131459989984495
10,fingerprint_H_bit_34,0.03586612359492589
10,drug_fingerprint_bit_2,0.035680180014992346
10,drug_fingerprint_bit_56,0.035528541521600565
10,fingerprint_H_bit_114,0.03545073779871399
10,poly_num_non_aromatic_rings_sum_fullpolymerfeaturizer,0.03523974746872592
10,drug_fingerprint_bit_95,0.03469881388923029
10,drug_fingerprint_bit_127,0.03410128061644206
10,drug_fingerprint_bit_169,0.03296715649600379
10,fingerprint_H_bit_112,0.032367259531621305
10,drug_fingerprint_bit_172,0.03234640563105695
10,drug_fingerprint_bit_34,0.029647354412922353
10,drug_fingerprint_bit_41,0.029530645902115737
10,drug_fingerprint_bit_13,0.02913255016807891
10,fingerprint_H_bit_57,0.028818709719534874
10,fingerprint_H_bit_144,0.028096468111686892
10,drug_fingerprint_bit_210,0.027657027305201254
10,drug_fingerprint_bit_114,0.027639220225040857
10,drug_fingerprint_bit_59,0.027539186405527306
10,drug_fingerprint_bit_149,0.026538102092625804
10,drug_fingerprint_bit_140,0.024881514462730587
10,drug_fingerprint_bit_66,0.024270433431377827
10,drug_fingerprint_bit_192,0.023629854138872464
10,drug_num_hbond_donors_sum_fullmolecularfeaturizer,0.022541860399331433
10,drug_fingerprint_bit_84,0.022386316225292753
10,fingerprint_H_bit_98,0.021917608646709014
10,fingerprint_H_bit_106,0.021530678090597506
10,fingerprint_H_bit_32,0.018481257913805584
10,fingerprint_H_bit_205,0.018238795754686867
10,fingerprint_H_bit_123,0.017901450222290807
10,poly_num_aromatic_rings_sum_backbonefeaturizer,0.016656553896774246
10,drug_fingerprint_bit_82,0.016537543496538427
10,poly_num_aliphatic_heterocycles_sum_fullpolymerfeaturizer,0.016455156162026325
10,drug_chlorine_count_sum_fullmolecularfeaturizer,0.01635880465983083
10,drug_fingerprint_bit_14,0.01600915133101895
10,drug_fingerprint_bit_132,0.014487186613870622
10,drug_fingerprint_bit_121,0.013950268056413846
10,fingerprint_H_bit_46,0.013490270289197867
10,drug_fingerprint_bit_31,0.013186986955030051
10,drug_fingerprint_bit_154,0.01279571317472407
10,drug_fingerprint_bit_100,0.012354490787572987
10,poly_balaban_j_index_sum_fullpolymerfeaturizer,0.011447539210530504
10,drug_fingerprint_bit_80,0.011031736639018056
10,fingerprint_H_bit_65,0.010719314561963058
10,fingerprint_H_bit_219,0.010640085711477192
10,drug_fingerprint_bit_20,0.010622557820920673
10,drug_fingerprint_bit_32,0.010592604471293494
10,drug_fingerprint_bit_124,0.010576596400971425
10,drug_fingerprint_bit_16,0.008791751897509787
10,drug_fingerprint_bit_67,0.008093765730589684
10,drug_fingerprint_bit_62,0.007374648052789511
10,fingerprint_H_bit_116,0.006776325847470931
10,drug_fingerprint_bit_162,0.00622458798444993
10,poly_num_rotatable_bonds_sidechainfeaturizer_sum,0.006003577412303245
10,drug_fingerprint_bit_70,0.005952978688539239
10,fingerprint_H_bit_131,0.005302369503580984
10,drug_fingerprint_bit_25,0.004012249714092134
10,poly_num_aliphatic_heterocycles_sum_backbonefeaturizer,0.0032645709804506
10,fingerprint_H_bit_56,0.0030629825694275447
10,drug_fp_density_morgan1_sum_fullmolecularfeaturizer,0.0029014074058687023
10,drug_fingerprint_bit_90,0.0014786942996616395
10,drug_fingerprint_bit_208,0.0010951830282619082
10,fingerprint_H_bit_90,0.0
10,fingerprint_H_bit_59,0.0
10,poly_bromine_count_sidechainfeaturizer_sum,0.0
10,poly_iodine_count_sidechainfeaturizer_sum,0.0
10,fingerprint_H_bit_142,0.0
10,fingerprint_H_bit_141,0.0
10,drug_fingerprint_bit_102,0.0
10,drug_fingerprint_bit_198,0.0
10,fingerprint_H_bit_140,0.0
10,fingerprint_H_bit_170,0.0
10,fingerprint_H_bit_148,0.0
10,fingerprint_H_bit_149,0.0
10,fingerprint_H_bit_103,0.0
10,fingerprint_H_bit_169,0.0
10,fingerprint_H_bit_168,0.0
10,fingerprint_H_bit_179,0.0
10,fingerprint_H_bit_104,0.0
10,fingerprint_H_bit_105,0.0
10,fingerprint_H_bit_75,0.0
10,drug_fingerprint_bit_51,0.0
10,fingerprint_H_bit_92,0.0
10,fingerprint_H_bit_93,0.0
10,fingerprint_H_bit_180,0.0
10,fingerprint_H_bit_181,0.0
10,fingerprint_H_bit_184,0.0
10,fingerprint_H_bit_156,0.0
10,fingerprint_H_bit_96,0.0
10,fingerprint_H_bit_97,0.0
10,fingerprint_H_bit_99,0.0
10,fingerprint_H_bit_47,0.0
10,fingerprint_H_bit_49,0.0
10,fingerprint_H_bit_50,0.0
10,fingerprint_H_bit_86,0.0
10,fingerprint_H_bit_55,0.0
10,drug_fingerprint_bit_68,0.0
10,fingerprint_H_bit_248,0.0
10,fingerprint_H_bit_249,0.0
10,fingerprint_H_bit_250,0.0
10,fingerprint_H_bit_220,0.0
10,fingerprint_H_bit_221,0.0
10,fingerprint_H_bit_223,0.0
10,poly_chlorine_count_sum_fullpolymerfeaturizer,0.0
10,fingerprint_H_bit_83,0.0
10,fingerprint_H_bit_146,0.0
10,fingerprint_H_bit_87,0.0
10,fingerprint_H_bit_88,0.0
10,fingerprint_H_bit_51,0.0
10,fingerprint_H_bit_126,0.0
10,fingerprint_H_bit_127,0.0
10,fingerprint_H_bit_129,0.0
10,fingerprint_H_bit_130,0.0
10,fingerprint_H_bit_132,0.0
10,fingerprint_H_bit_110,0.0
10,fingerprint_H_bit_111,0.0
10,fingerprint_H_bit_150,0.0
10,fingerprint_H_bit_152,0.0
10,fingerprint_H_bit_153,0.0
10,fingerprint_H_bit_154,0.0
10,fingerprint_H_bit_36,0.0
10,drug_fingerprint_bit_89,0.0
10,fingerprint_H_bit_240,0.0
10,poly_iodine_count_sum_fullpolymerfeaturizer,0.0
10,poly_triple_bonds_sum_fullpolymerfeaturizer,0.0
10,poly_bridging_rings_count_sum_fullpolymerfeaturizer,0.0
10,fingerprint_H_bit_76,0.0
10,fingerprint_H_bit_77,0.0
10,fingerprint_H_bit_79,0.0
10,fingerprint_H_bit_82,0.0
10,fingerprint_H_bit_135,0.0
10,fingerprint_H_bit_136,0.0
10,fingerprint_H_bit_137,0.0
10,fingerprint_H_bit_107,0.0
10,fingerprint_H_bit_108,0.0
10,fingerprint_H_bit_21,0.0
10,fingerprint_H_bit_157,0.0
10,fingerprint_H_bit_160,0.0
10,drug_fingerprint_bit_54,0.0
10,fingerprint_H_bit_91,0.0
10,drug_fingerprint_bit_244,0.0
10,drug_fingerprint_bit_87,0.0
10,fingerprint_H_bit_16,0.0
10,drug_fingerprint_bit_166,0.0
10,drug_bromine_count_sum_fullmolecularfeaturizer,0.0
10,drug_iodine_count_sum_fullmolecularfeaturizer,0.0
10,fingerprint_H_bit_0,0.0
10,fingerprint_H_bit_2,0.0
10,fingerprint_H_bit_124,0.0
10,drug_fingerprint_bit_157,0.0
10,fingerprint_H_bit_12,0.0
10,fingerprint_H_bit_40,0.0
10,fingerprint_H_bit_246,0.0
10,fingerprint_H_bit_247,0.0
10,drug_fingerprint_bit_112,0.0
10,drug_fingerprint_bit_123,0.0
10,fingerprint_H_bit_163,0.0
10,fingerprint_H_bit_165,0.0
10,fingerprint_H_bit_166,0.0
10,fingerprint_H_bit_19,0.0
10,fingerprint_H_bit_20,0.0
10,fingerprint_H_bit_10,0.0
10,drug_triple_bonds_sum_fullmolecularfeaturizer,0.0
10,poly_bromine_count_sum_backbonefeaturizer,0.0
10,poly_iodine_count_sum_backbonefeaturizer,0.0
10,poly_triple_bonds_sum_backbonefeaturizer,0.0
10,poly_bridging_rings_count_sum_backbonefeaturizer,0.0
10,poly_bromine_count_sum_fullpolymerfeaturizer,0.0
10,poly_total_halogens_sidechainfeaturizer_sum,0.0
10,poly_fluorine_count_sidechainfeaturizer_sum,0.0
10,poly_chlorine_count_sidechainfeaturizer_sum,0.0
10,fingerprint_H_bit_228,0.0
10,fingerprint_H_bit_229,0.0
10,fingerprint_H_bit_230,0.0
10,fingerprint_H_bit_231,0.0
10,fingerprint_H_bit_173,0.0
10,fingerprint_H_bit_203,0.0
10,fingerprint_H_bit_206,0.0
10,fingerprint_H_bit_208,0.0
10,fingerprint_H_bit_209,0.0
10,fingerprint_H_bit_210,0.0
10,fingerprint_H_bit_211,0.0
10,fingerprint_H_bit_71,0.0
10,fingerprint_H_bit_72,0.0
10,fingerprint_H_bit_73,0.0
10,poly_fraction_bicyclic_rings_sum_fullpolymerfeaturizer,0.0
10,fingerprint_H_bit_235,0.0
10,fingerprint_H_bit_238,0.0
10,fingerprint_H_bit_239,0.0
10,fingerprint_H_bit_234,0.0
10,fingerprint_H_bit_8,0.0
10,fingerprint_H_bit_109,0.0
10,fingerprint_H_bit_60,0.0
10,drug_fingerprint_bit_176,0.0
10,fingerprint_H_bit_6,0.0
10,fingerprint_H_bit_14,0.0
10,drug_fingerprint_bit_254,0.0
10,fingerprint_H_bit_35,0.0
10,fingerprint_H_bit_15,0.0
10,fingerprint_H_bit_22,0.0
10,fingerprint_H_bit_23,0.0
10,fingerprint_H_bit_24,0.0
10,fingerprint_H_bit_25,0.0
10,poly_chlorine_count_sum_backbonefeaturizer,0.0
10,fingerprint_H_bit_252,0.0
10,fingerprint_H_bit_253,0.0
10,fingerprint_H_bit_117,0.0
10,fingerprint_H_bit_122,0.0
10,fingerprint_H_bit_3,0.0
10,fingerprint_H_bit_4,0.0
10,fingerprint_H_bit_5,0.0
10,fingerprint_H_bit_115,0.0
10,fingerprint_H_bit_11,0.0
10,fingerprint_H_bit_9,0.0
10,fingerprint_H_bit_44,0.0
10,poly_total_halogens_sum_backbonefeaturizer,0.0
10,poly_fluorine_count_sum_backbonefeaturizer,0.0
10,fingerprint_H_bit_225,0.0
10,fingerprint_H_bit_101,0.0
10,poly_num_non_aromatic_rings_sidechainfeaturizer_sum,0.0
10,poly_fraction_bicyclic_rings_sidechainfeaturizer_sum,0.0
10,poly_num_aliphatic_heterocycles_sidechainfeaturizer_sum,0.0
10,poly_total_halogens_sum_fullpolymerfeaturizer,0.0
10,fingerprint_H_bit_254,0.0
10,fingerprint_H_bit_255,0.0
10,fingerprint_H_bit_94,0.0
10,fingerprint_H_bit_95,0.0
10,fingerprint_H_bit_194,0.0
10,fingerprint_H_bit_195,0.0
10,fingerprint_H_bit_196,0.0
10,fingerprint_H_bit_102,0.0
10,fingerprint_H_bit_199,0.0
10,fingerprint_H_bit_200,0.0
10,drug_fingerprint_bit_217,0.0
10,drug_fingerprint_bit_17,0.0
10,drug_fingerprint_bit_21,0.0
10,fingerprint_H_bit_31,0.0
10,fingerprint_H_bit_29,0.0
10,drug_fingerprint_bit_195,0.0
10,fingerprint_H_bit_161,0.0
10,fingerprint_H_bit_172,0.0
10,fingerprint_H_bit_17,0.0
10,fingerprint_H_bit_176,0.0
10,fingerprint_H_bit_178,0.0
10,fingerprint_H_bit_198,0.0
10,fingerprint_H_bit_187,0.0
10,fingerprint_H_bit_188,0.0
10,fingerprint_H_bit_189,0.0
10,fingerprint_H_bit_190,0.0
10,fingerprint_H_bit_191,0.0
10,fingerprint_H_bit_192,0.0
10,fingerprint_H_bit_193,0.0
10,poly_fraction_bicyclic_rings_sum_backbonefeaturizer,0.0
10,fingerprint_H_bit_202,0.0
10,fingerprint_H_bit_171,0.0
10,drug_fingerprint_bit_9,0.0
10,poly_triple_bonds_sidechainfeaturizer_sum,0.0
10,poly_bridging_rings_count_sidechainfeaturizer_sum,0.0
10,drug_fingerprint_bit_215,0.0
10,drug_fingerprint_bit_221,0.0
10,drug_fingerprint_bit_232,0.0
10,drug_fingerprint_bit_234,0.0
10,fingerprint_H_bit_62,0.0
10,poly_fluorine_count_sum_fullpolymerfeaturizer,0.0
10,fingerprint_H_bit_215,0.0
10,fingerprint_H_bit_241,0.0
10,fingerprint_H_bit_242,0.0
10,fingerprint_H_bit_243,0.0
10,fingerprint_H_bit_244,0.0
10,fingerprint_H_bit_74,0.0
10,fingerprint_H_bit_43,0.0
10,drug_fingerprint_bit_209,0.0
10,drug_fingerprint_bit_220,0.0
10,drug_fingerprint_bit_231,-0.0007572467401018737
10,drug_fingerprint_bit_8,-0.0014521090165044675
10,drug_fingerprint_bit_78,-0.0021583834702593413
10,poly_max_ring_size_sum_backbonefeaturizer,-0.003329502258799894
10,drug_fingerprint_bit_248,-0.003408754620658011
10,drug_fingerprint_bit_65,-0.0036384795403223264
10,drug_fingerprint_bit_96,-0.004334344211573055
10,drug_fingerprint_bit_55,-0.005715387969410806
10,fingerprint_H_bit_226,-0.005847579556843959
10,drug_fingerprint_bit_79,-0.008682198198727223
10,drug_fingerprint_bit_48,-0.009536990858853702
10,drug_fingerprint_bit_225,-0.012732993225084786
10,drug_fingerprint_bit_94,-0.01690961506097224
10,drug_max_ring_size_sum_fullmolecularfeaturizer,-0.017149367442264522
10,drug_fingerprint_bit_122,-0.017430830665218618
10,drug_fingerprint_bit_131,-0.017739347238211214
10,drug_fingerprint_bit_53,-0.01781083689210628
10,poly_num_hbond_donors_sum_fullpolymerfeaturizer,-0.018644119673607296
10,drug_fingerprint_bit_193,-0.0227131934309799
10,fingerprint_H_bit_7,-0.024007044663781705
10,drug_fingerprint_bit_38,-0.02786483293969586
10,drug_fingerprint_bit_182,-0.028186125195810492
10,poly_num_aromatic_rings_sidechainfeaturizer_sum,-0.028715017630370605
10,poly_num_hbond_acceptors_sidechainfeaturizer_sum,-0.029209446223687707
10,drug_fingerprint_bit_129,-0.030127513165312442
10,poly_topological_surface_area_sidechainfeaturizer_sum,-0.0328415939155272
10,drug_bridging_rings_count_sum_fullmolecularfeaturizer,-0.03518673501894149
10,drug_num_atoms_sum_fullmolecularfeaturizer,-0.03857650215902654
10,drug_fingerprint_bit_91,-0.03899529682971966
10,drug_fingerprint_bit_178,-0.04354237625199227
10,drug_fingerprint_bit_243,-0.0455150239363097
10,drug_sp2_carbon_count_sum_fullmolecularfeaturizer,-0.04888349118374619
10,fingerprint_H_bit_39,-0.05264453251494737
10,poly_topological_surface_area_sum_fullpolymerfeaturizer,-0.055832760292258275
10,fingerprint_H_bit_28,-0.05721685603411731
10,drug_fingerprint_bit_61,-0.05952360623604961
10,drug_fingerprint_bit_1,-0.06535796796392221
10,poly_num_hbond_acceptors_sum_fullpolymerfeaturizer,-0.06660244393454676
10,drug_fingerprint_bit_138,-0.06848445457058915
10,fingerprint_H_bit_207,-0.08048109641186586
10,fingerprint_H_bit_58,-0.08252908972129387
10,drug_fingerprint_bit_168,-0.08712341917680941
10,drug_fingerprint_bit_207,-0.08765913120455504
10,drug_double_bonds_sum_fullmolecularfeaturizer,-0.09149332953385583
10,drug_fingerprint_bit_230,-0.10202574930424582
10,poly_slogp_vsa1_sum_backbonefeaturizer,-0.1081796757138961
10,drug_max_estate_index_sum_fullmolecularfeaturizer,-0.11217973585692374
10,fingerprint_H_bit_64,-0.11334787237082775
10,poly_num_rings_sum_backbonefeaturizer,-0.11737538499363323
10,drug_fingerprint_bit_40,-0.11877591015527167
10,drug_fingerprint_bit_228,-0.12162434046887097
10,drug_fingerprint_bit_86,-0.12968637999181823
10,drug_homo_eV,-0.131087409858589
10,poly_max_ring_size_sum_fullpolymerfeaturizer,-0.1462056263930902
10,fingerprint_H_bit_81,-0.14771293440404418
10,fingerprint_H_bit_38,-0.1565933126328643
10,poly_heteroatom_count_sidechainfeaturizer_sum,-0.1599721884400646
10,drug_fingerprint_bit_111,-0.16641751683601955
10,drug_fingerprint_bit_214,-0.16689167118881956
10,drug_fingerprint_bit_242,-0.16977850409861656
10,drug_fingerprint_bit_73,-0.17717808785721476
10,fingerprint_H_bit_175,-0.17739087749363064
10,drug_fingerprint_bit_211,-0.18748763699678522
10,fingerprint_H_bit_186,-0.1909407856791922
10,drug_fingerprint_bit_107,-0.20161578036246056
10,fingerprint_H_bit_214,-0.21373829792184695
10,fingerprint_H_bit_218,-0.21621727675084915
10,poly_double_bonds_sum_fullpolymerfeaturizer,-0.21708043525548495
10,drug_fingerprint_bit_113,-0.22760001751594666
10,fingerprint_H_bit_85,-0.2319668931274567
10,fingerprint_H_bit_138,-0.23476880482142068
10,poly_heteroatom_count_sum_fullpolymerfeaturizer,-0.2462230967062561
10,fingerprint_H_bit_125,-0.2519503524604908
10,drug_slogp_vsa1_sum_fullmolecularfeaturizer,-0.2566933244707511
10,drug_fingerprint_bit_133,-0.2625528242262652
10,WATER_PH,-0.264544864355326
10,drug_fingerprint_bit_125,-0.26653775812858777
10,fingerprint_H_bit_42,-0.2674046264793019
10,fingerprint_H_bit_100,-0.2692580887632104
10,drug_fingerprint_bit_233,-0.3173586057896654
10,drug_fingerprint_bit_163,-0.326134322687011
10,drug_fingerprint_bit_186,-0.3270629809621031
10,fingerprint_H_bit_120,-0.3654841787906612
10,drug_fingerprint_bit_175,-0.435613258121748
10,poly_fp_density_morgan1_sum_fullpolymerfeaturizer,-0.4795102286531655
10,drug_fingerprint_bit_47,-0.5089383554874186
10,drug_fingerprint_bit_237,-0.5382474254128801
10,drug_fingerprint_bit_151,-0.6659944421038893
10,charge_at_WATER_PH_H,-0.7298519134916529
10,drug_fingerprint_bit_108,-0.8928049971891691
10,drug_fingerprint_bit_52,-0.9808961773017019
10,drug_fingerprint_bit_128,-0.9945657426499483
10,poly_num_hbond_acceptors_sum_backbonefeaturizer,-0.995133287241936
10,fingerprint_H_bit_27,-1.0063813839841578
10,drug_fingerprint_bit_4,-1.0921593784532784
10,drug_fingerprint_bit_200,-1.1572729013435539
10,drug_fingerprint_bit_224,-1.1929840448409217
10,drug_num_rotatable_bonds_sum_fullmolecularfeaturizer,-1.197560117277756
10,poly_heteroatom_density_sum_backbonefeaturizer,-1.2948606233825042
10,drug_fingerprint_bit_33,-1.4642899771960571
10,poly_heteroatom_density_sum_fullpolymerfeaturizer,-1.5264996615842346
10,CONCENTRATION,-1.7101894423487385
10,drug_fingerprint_bit_119,-1.735734427067816
10,logd_at_WATER_PH_H,-1.7778689262813498
10,drug_fingerprint_bit_88,-2.933335619232896
11,drug_fingerprint_bit_98,9.622606767160534
11,poly_fp_density_morgan1_sidechainfeaturizer_sum,3.9887734944009727
11,drug_fingerprint_bit_190,3.3712280439027795
11,poly_sp2_carbon_count_sidechainfeaturizer_sum,3.3695689000481983
11,fingerprint_H_bit_1,3.3124176500383995
11,poly_heteroatom_density_sidechainfeaturizer_sum,3.3070501853445897
11,fingerprint_H_bit_130,2.963837494493171
11,poly_max_estate_index_sidechainfeaturizer_sum,2.388702166577775
11,poly_num_atoms_sum_backbonefeaturizer,2.268482013806159
11,fingerprint_H_bit_197,2.1320822593633006
11,fingerprint_H_bit_217,2.0739938699862757
11,poly_num_hbond_acceptors_sum_backbonefeaturizer,1.9861318842914635
11,poly_single_bonds_sum_backbonefeaturizer,1.9307812716413657
11,poly_max_ring_size_sum_fullpolymerfeaturizer,1.6806548007990323
11,fingerprint_H_bit_41,1.65923859178438
11,fingerprint_H_bit_145,1.582041835765519
11,drug_fingerprint_bit_42,1.5476331284816776
11,fingerprint_H_bit_139,1.4714741382272911
11,fingerprint_H_bit_38,1.3886598789903581
11,drug_fingerprint_bit_147,1.3788588625467144
11,poly_num_rings_sidechainfeaturizer_sum,1.366634821236348
11,poly_topological_surface_area_sum_backbonefeaturizer,1.2931297877546772
11,poly_molecular_weight_sidechainfeaturizer_sum,1.1948338636749516
11,fingerprint_H_bit_48,1.1358863615174832
11,fingerprint_H_bit_155,1.123326505282065
11,poly_num_rotatable_bonds_sum_backbonefeaturizer,1.095725698748374
11,poly_fp_density_morgan1_sum_backbonefeaturizer,1.0753666483373372
11,fingerprint_H_bit_213,1.0638905328829955
11,drug_fingerprint_bit_218,1.0230930340814717
11,poly_max_ring_size_sidechainfeaturizer_sum,1.0205619846553011
11,poly_num_hbond_donors_sidechainfeaturizer_sum,0.9945457187465675
11,fingerprint_H_bit_232,0.9546159727314919
11,drug_fingerprint_bit_22,0.9386409718452116
11,poly_balaban_j_index_sidechainfeaturizer_sum,0.9184315591065427
11,poly_num_hbond_acceptors_sidechainfeaturizer_sum,0.9151720166987188
11,lumo_eV_H,0.9068266134984359
11,fingerprint_H_bit_222,0.9056624196549966
11,poly_double_bonds_sum_fullpolymerfeaturizer,0.884973449128718
11,poly_sp2_carbon_count_sum_backbonefeaturizer,0.8834903321526468
11,poly_num_aromatic_rings_sidechainfeaturizer_sum,0.8734709799296309
11,poly_sp3_carbon_count_sum_backbonefeaturizer,0.8612825903409725
11,fingerprint_H_bit_58,0.8510492763607198
11,poly_heteroatom_count_sum_backbonefeaturizer,0.8385773633912734
11,drug_topological_surface_area_sum_fullmolecularfeaturizer,0.8298421975137728
11,fingerprint_H_bit_251,0.8258214279162982
11,drug_logd_at_WATER_PH,0.7854315132888743
11,drug_fingerprint_bit_158,0.7404381691543241
11,drug_fingerprint_bit_250,0.7398916560123704
11,fingerprint_H_bit_33,0.7371044656950663
11,fingerprint_H_bit_186,0.7308786586558843
11,fingerprint_H_bit_128,0.7167630444619496
11,fingerprint_H_bit_85,0.711643258473446
11,drug_logp,0.6796009236507671
11,fingerprint_H_bit_119,0.6735845309345286
11,poly_num_rings_sum_fullpolymerfeaturizer,0.6615688596494341
11,poly_heteroatom_count_sidechainfeaturizer_sum,0.6598558713573447
11,poly_num_atoms_sidechainfeaturizer_sum,0.6527913361740989
11,fingerprint_H_bit_100,0.6415044382122319
11,drug_fingerprint_bit_188,0.6404045698587283
11,fingerprint_H_bit_236,0.6377952270483693
11,fingerprint_H_bit_204,0.618715778760602
11,fingerprint_H_bit_245,0.6029464773310325
11,poly_fp_density_morgan1_sum_fullpolymerfeaturizer,0.5668409380188238
11,drug_fingerprint_bit_141,0.5524354360773204
11,poly_num_aromatic_rings_sum_backbonefeaturizer,0.5270828503853586
11,drug_fingerprint_bit_211,0.5173365150810596
11,drug_num_aromatic_rings_sum_fullmolecularfeaturizer,0.49090473284170705
11,fingerprint_H_bit_27,0.49076380808066944
11,poly_smr_vsa5_sum_backbonefeaturizer,0.4863309978594808
11,fingerprint_H_bit_53,0.4795395433548855
11,poly_num_hbond_donors_sum_backbonefeaturizer,0.47910091887025225
11,poly_sp3_carbon_count_sidechainfeaturizer_sum,0.4770910961471061
11,drug_fingerprint_bit_50,0.4698684758097151
11,poly_double_bonds_sum_backbonefeaturizer,0.46780174056549517
11,drug_fingerprint_bit_249,0.46479723302737735
11,fingerprint_H_bit_133,0.46247909851944097
11,fingerprint_H_bit_67,0.45069581406895365
11,drug_fingerprint_bit_160,0.4489080197387542
11,poly_num_rotatable_bonds_sidechainfeaturizer_sum,0.4477459780377068
11,drug_heteroatom_count_sum_fullmolecularfeaturizer,0.44733242722870115
11,fingerprint_H_bit_147,0.43680301897401025
11,fingerprint_H_bit_69,0.4322295050750527
11,drug_fingerprint_bit_167,0.4226288804156087
11,drug_fingerprint_bit_0,0.420072825095111
11,drug_total_halogens_sum_fullmolecularfeaturizer,0.41840216661706453
11,fingerprint_H_bit_37,0.39264264991350534
11,fingerprint_H_bit_167,0.3869828741655571
11,fingerprint_H_bit_84,0.3868998623126418
11,drug_fingerprint_bit_201,0.38535896246006335
11,poly_balaban_j_index_sum_fullpolymerfeaturizer,0.3737357241957172
11,drug_fingerprint_bit_120,0.3734460739334972
11,drug_fingerprint_bit_189,0.3718590048999998
11,drug_fingerprint_bit_71,0.3570417145548877
11,fingerprint_H_bit_13,0.35590051611030954
11,drug_num_aliphatic_heterocycles_sum_fullmolecularfeaturizer,0.34552066176964935
11,poly_double_bonds_sidechainfeaturizer_sum,0.34453150579104524
11,drug_fingerprint_bit_49,0.3441224309795352
11,poly_smr_vsa5_sidechainfeaturizer_sum,0.3321847398604096
11,drug_fingerprint_bit_110,0.32933766483520127
11,fingerprint_H_bit_56,0.3202285761004172
11,poly_balaban_j_index_sum_backbonefeaturizer,0.31537995332759083
11,drug_balaban_j_index_sum_fullmolecularfeaturizer,0.3138022789879501
11,fingerprint_H_bit_81,0.3133602122495101
11,poly_smr_vsa5_sum_fullpolymerfeaturizer,0.3062056532181603
11,drug_fingerprint_bit_11,0.3004617986882983
11,poly_slogp_vsa1_sum_fullpolymerfeaturizer,0.2967228906611958
11,drug_fingerprint_bit_206,0.29233772929068197
11,drug_fingerprint_bit_81,0.2812414165345337
11,drug_fingerprint_bit_63,0.2804739189862166
11,poly_topological_surface_area_sidechainfeaturizer_sum,0.2763131435800195
11,drug_fingerprint_bit_3,0.26736226299850185
11,drug_fingerprint_bit_153,0.26701409684804017
11,drug_fingerprint_bit_183,0.26660952926995524
11,drug_fingerprint_bit_219,0.26415982689842515
11,drug_bridging_rings_count_sum_fullmolecularfeaturizer,0.2576028486886391
11,fingerprint_H_bit_182,0.2568484614273593
11,fingerprint_H_bit_226,0.24943986488321698
11,drug_fingerprint_bit_246,0.24795721562920356
11,drug_smr_vsa5_sum_fullmolecularfeaturizer,0.2469246413158989
11,drug_fingerprint_bit_75,0.2461767238622732
11,fingerprint_H_bit_89,0.24387526861066358
11,poly_num_aromatic_rings_sum_fullpolymerfeaturizer,0.24223780946112106
11,drug_fingerprint_bit_216,0.2392704806894719
11,drug_molecular_weight_sum_fullmolecularfeaturizer,0.23922079448626765
11,drug_num_hbond_acceptors_sum_fullmolecularfeaturizer,0.23236062804104912
11,drug_fingerprint_bit_177,0.22345404580925413
11,drug_heteroatom_density_sum_fullmolecularfeaturizer,0.21927585520781284
11,drug_homo_eV,0.2189242900189153
11,fingerprint_H_bit_214,0.21793926995604276
11,drug_fingerprint_bit_253,0.2176888489821569
11,drug_fingerprint_bit_205,0.2142613321330795
11,poly_num_rings_sum_backbonefeaturizer,0.21280736981551915
11,drug_fingerprint_bit_36,0.21184974053786904
11,drug_fingerprint_bit_83,0.20890818442222162
11,drug_fingerprint_bit_223,0.20486276106082493
11,drug_fingerprint_bit_196,0.203849459724812
11,drug_chlorine_count_sum_fullmolecularfeaturizer,0.20314054786201888
11,drug_num_atoms_sum_fullmolecularfeaturizer,0.20132770871136482
11,drug_num_rings_sum_fullmolecularfeaturizer,0.19820598149603932
11,drug_sp3_carbon_count_sum_fullmolecularfeaturizer,0.1947147470602172
11,drug_fingerprint_bit_136,0.18940331605040467
11,drug_fingerprint_bit_212,0.18938257978905476
11,drug_fingerprint_bit_84,0.18459387043090544
11,drug_fingerprint_bit_30,0.18454108575374426
11,drug_fingerprint_bit_184,0.18423209995562262
11,drug_num_rotatable_bonds_sum_fullmolecularfeaturizer,0.1835109087094377
11,fingerprint_H_bit_78,0.18199701067310034
11,fingerprint_H_bit_123,0.1805628828751457
11,drug_fingerprint_bit_180,0.17936654554151807
11,logd_at_WATER_PH_H,0.17577038240549386
11,drug_fingerprint_bit_197,0.17510183011842878
11,drug_fingerprint_bit_46,0.17495602477971536
11,drug_fingerprint_bit_142,0.17460015591015413
11,drug_fingerprint_bit_126,0.17236259392901548
11,drug_fingerprint_bit_185,0.17134990526025076
11,fingerprint_H_bit_113,0.16689797010746896
11,drug_fingerprint_bit_203,0.1665279907909729
11,drug_fingerprint_bit_69,0.16337875723756756
11,drug_fingerprint_bit_155,0.16322641599001564
11,fingerprint_H_bit_63,0.16247274180544072
11,drug_fingerprint_bit_236,0.16176807055291448
11,drug_fluorine_count_sum_fullmolecularfeaturizer,0.16062880638502475
11,drug_fingerprint_bit_61,0.15560561600147907
11,fingerprint_H_bit_212,0.15274302509337007
11,drug_fingerprint_bit_125,0.15229979419277617
11,drug_fingerprint_bit_169,0.14888911336040847
11,fingerprint_H_bit_121,0.14762170811416644
11,drug_fingerprint_bit_74,0.14676962953071876
11,drug_fingerprint_bit_28,0.14649991315193772
11,drug_fraction_bicyclic_rings_sum_fullmolecularfeaturizer,0.14083004563915352
11,poly_single_bonds_sidechainfeaturizer_sum,0.13889297963915898
11,poly_sp2_carbon_count_sum_fullpolymerfeaturizer,0.1388201101663146
11,drug_fingerprint_bit_145,0.13847308610139852
11,drug_fingerprint_bit_148,0.13658892332513933
11,drug_fingerprint_bit_199,0.1355997776178315
11,drug_fingerprint_bit_4,0.13455341309940186
11,drug_fingerprint_bit_26,0.13395072050388243
11,drug_lumo_eV,0.13240766442496207
11,poly_slogp_vsa1_sidechainfeaturizer_sum,0.1323892633640867
11,drug_fingerprint_bit_226,0.12562785791139136
11,drug_fingerprint_bit_37,0.11879020815108195
11,poly_num_rotatable_bonds_sum_fullpolymerfeaturizer,0.11810449949769879
11,drug_fingerprint_bit_181,0.11731232581900872
11,drug_fingerprint_bit_194,0.11644942940569294
11,drug_fingerprint_bit_156,0.11606903327517329
11,fingerprint_H_bit_32,0.11571645687688992
11,fingerprint_H_bit_52,0.11548480516417658
11,drug_fingerprint_bit_251,0.11532669475721957
11,drug_fingerprint_bit_252,0.11388516145240012
11,fingerprint_H_bit_218,0.11356775199324771
11,drug_fingerprint_bit_115,0.11313890604277684
11,drug_fingerprint_bit_10,0.1125660894061932
11,drug_fingerprint_bit_231,0.11234503808220057
11,drug_fingerprint_bit_164,0.11170668344359987
11,drug_fingerprint_bit_7,0.10953907106887019
11,drug_fingerprint_bit_35,0.10922215480002025
11,drug_fingerprint_bit_109,0.10896066193352429
11,poly_sp3_carbon_count_sum_fullpolymerfeaturizer,0.1083710010437928
11,drug_fingerprint_bit_214,0.10441386064263207
11,fingerprint_H_bit_70,0.10145461486322312
11,drug_fingerprint_bit_48,0.10044053501880297
11,drug_fingerprint_bit_143,0.09982139104182851
11,drug_fingerprint_bit_116,0.09905450173742593
11,fingerprint_H_bit_68,0.09874828983270587
11,drug_fingerprint_bit_92,0.09869857934444944
11,drug_fingerprint_bit_34,0.09822294828736218
11,poly_heteroatom_density_sum_fullpolymerfeaturizer,0.09688302183545952
11,drug_fingerprint_bit_43,0.09339450491296808
11,drug_fingerprint_bit_165,0.09234671976257232
11,drug_fingerprint_bit_58,0.08701182756175073
11,drug_fingerprint_bit_77,0.08558306820832147
11,drug_single_bonds_sum_fullmolecularfeaturizer,0.08428511293140384
11,fingerprint_H_bit_162,0.0836890872973273
11,drug_fp_density_morgan1_sum_fullmolecularfeaturizer,0.08292982807723803
11,drug_fingerprint_bit_170,0.08004817714003408
11,drug_fingerprint_bit_44,0.07914614793581853
11,fingerprint_H_bit_151,0.07883167209733065
11,drug_fingerprint_bit_238,0.07879748581707531
11,drug_fingerprint_bit_15,0.07861715903131532
11,drug_fingerprint_bit_103,0.07773625320774791
11,drug_fingerprint_bit_150,0.07688843233228794
11,drug_fingerprint_bit_93,0.07439387916864183
11,fingerprint_H_bit_118,0.07413304997963362
11,drug_fingerprint_bit_173,0.07166880613126733
11,drug_fingerprint_bit_127,0.07123640275123962
11,drug_fingerprint_bit_210,0.0703925890561987
11,fingerprint_H_bit_61,0.06991862569303284
11,poly_molecular_weight_sum_fullpolymerfeaturizer,0.0693180840053512
11,drug_fingerprint_bit_60,0.06922393103825593
11,drug_fingerprint_bit_8,0.06735871218648051
11,drug_fingerprint_bit_114,0.0647844677152113
11,drug_fingerprint_bit_172,0.06407984317468476
11,drug_fingerprint_bit_187,0.06280281996122589
11,drug_fingerprint_bit_19,0.06187658531989265
11,drug_fingerprint_bit_41,0.06184365946684765
11,drug_fingerprint_bit_106,0.059328080445760635
11,drug_fingerprint_bit_235,0.05845828568820061
11,drug_fingerprint_bit_13,0.058429948715628025
11,drug_fingerprint_bit_208,0.057003953164002356
11,drug_fingerprint_bit_202,0.05694258176311625
11,drug_fingerprint_bit_70,0.05595405685313461
11,drug_fingerprint_bit_82,0.055228384496578006
11,fingerprint_H_bit_175,0.05398765419110445
11,drug_fingerprint_bit_2,0.053375420293679275
11,drug_fingerprint_bit_227,0.0528887123820288
11,fingerprint_H_bit_185,0.05214646397028785
11,drug_fingerprint_bit_56,0.05200753750060893
11,fingerprint_H_bit_18,0.05136410062105055
11,poly_num_aliphatic_heterocycles_sum_backbonefeaturizer,0.05054087431948911
11,fingerprint_H_bit_54,0.049910781150059806
11,drug_fingerprint_bit_97,0.048782355428387415
11,drug_fingerprint_bit_94,0.04855263342453545
11,fingerprint_H_bit_80,0.04788763865553731
11,drug_fingerprint_bit_178,0.04707067129516713
11,drug_fingerprint_bit_242,0.046804503476515526
11,drug_fingerprint_bit_76,0.045336296586046335
11,drug_fingerprint_bit_191,0.045284433173163254
11,drug_fingerprint_bit_6,0.04522503220925032
11,fingerprint_H_bit_30,0.04351929150831583
11,drug_fingerprint_bit_140,0.04331362579144672
11,drug_fingerprint_bit_105,0.04120933816194972
11,fingerprint_H_bit_143,0.03925095536356482
11,drug_fingerprint_bit_222,0.03752243935571759
11,drug_fingerprint_bit_241,0.037514433403737724
11,drug_fingerprint_bit_62,0.03649339201634554
11,poly_num_aliphatic_heterocycles_sum_fullpolymerfeaturizer,0.03627937507964576
11,poly_num_non_aromatic_rings_sum_backbonefeaturizer,0.03605424579907792
11,drug_fingerprint_bit_100,0.035037428099910166
11,drug_fingerprint_bit_78,0.03483640208640703
11,drug_fingerprint_bit_14,0.03442676539635497
11,drug_fingerprint_bit_27,0.03410050728659752
11,drug_fingerprint_bit_57,0.033121617955889346
11,fingerprint_H_bit_233,0.03308007872952228
11,fingerprint_H_bit_164,0.03175088888570193
11,drug_fingerprint_bit_134,0.031082986650548948
11,drug_fingerprint_bit_144,0.030644127852341257
11,fingerprint_H_bit_34,0.02966009663936811
11,fingerprint_H_bit_144,0.029289635788662147
11,fingerprint_H_bit_112,0.02888168618129507
11,drug_fingerprint_bit_152,0.028581517374287015
11,drug_fingerprint_bit_245,0.028475030320439205
11,drug_fingerprint_bit_239,0.028335040512841185
11,drug_fingerprint_bit_121,0.02806368140245636
11,drug_fingerprint_bit_161,0.02692390726397906
11,fingerprint_H_bit_205,0.026101423142052032
11,drug_fingerprint_bit_29,0.025405713953250413
11,fingerprint_H_bit_116,0.02333991025880721
11,fingerprint_H_bit_66,0.023177268310716276
11,drug_max_ring_size_sum_fullmolecularfeaturizer,0.02297092321211999
11,drug_fingerprint_bit_248,0.022868510829353633
11,drug_fingerprint_bit_179,0.022740080865825307
11,fingerprint_H_bit_46,0.022661842117410676
11,fingerprint_H_bit_219,0.02255979977630854
11,fingerprint_H_bit_158,0.02250344332957564
11,drug_fingerprint_bit_159,0.02188241472703791
11,drug_fingerprint_bit_24,0.021704404603436263
11,drug_fingerprint_bit_5,0.021512232549479617
11,drug_fingerprint_bit_122,0.02064135806254005
11,drug_fingerprint_bit_32,0.020098744523587776
11,drug_fingerprint_bit_137,0.020049011165814683
11,drug_fingerprint_bit_23,0.019529002996986875
11,drug_fingerprint_bit_104,0.019268994997865687
11,drug_fingerprint_bit_154,0.018875819402967866
11,drug_fingerprint_bit_171,0.018766862225517687
11,poly_num_non_aromatic_rings_sum_fullpolymerfeaturizer,0.01832193082527318
11,drug_fingerprint_bit_204,0.01803369696526378
11,fingerprint_H_bit_98,0.017596938074939776
11,drug_fingerprint_bit_18,0.017410036884443574
11,fingerprint_H_bit_227,0.01562855440079021
11,fingerprint_H_bit_65,0.015131629736846846
11,drug_fingerprint_bit_247,0.014286102050037604
11,drug_fingerprint_bit_20,0.014172334821649198
11,drug_fingerprint_bit_117,0.013525361347977197
11,drug_fingerprint_bit_96,0.01285100682246777
11,drug_fingerprint_bit_67,0.01249684237001425
11,drug_fingerprint_bit_182,0.012296014937435469
11,drug_fingerprint_bit_225,0.01211331987598721
11,drug_fingerprint_bit_99,0.01156080465932459
11,drug_fingerprint_bit_90,0.010963289503795524
11,drug_fingerprint_bit_59,0.010911339938960011
11,fingerprint_H_bit_216,0.010815447248114436
11,drug_fingerprint_bit_16,0.009770154807101222
11,fingerprint_H_bit_131,0.008177094861709134
11,drug_num_non_aromatic_rings_sum_fullmolecularfeaturizer,0.007762025649139843
11,fingerprint_H_bit_174,0.00637645970274314
11,drug_fingerprint_bit_85,0.005809207704111591
11,poly_max_estate_index_sum_backbonefeaturizer,0.005292845753405202
11,fingerprint_H_bit_224,0.004683784286600531
11,drug_fingerprint_bit_38,0.0042355585501549125
11,drug_fingerprint_bit_135,0.004119893324576009
11,fingerprint_H_bit_134,0.0030763261570326086
11,fingerprint_H_bit_45,0.0026530679133217774
11,drug_fingerprint_bit_66,0.0022574012852243247
11,drug_fingerprint_bit_101,0.001888773495988696
11,drug_fingerprint_bit_146,0.0018114662224928588
11,poly_single_bonds_sum_fullpolymerfeaturizer,0.0014316782948660064
11,drug_fingerprint_bit_162,0.001258435598412449
11,drug_fingerprint_bit_65,0.0010621075437587041
11,drug_fingerprint_bit_240,0.0007411417711561793
11,fingerprint_H_bit_57,0.0006540326454101825
11,drug_fingerprint_bit_31,0.0003511254845052006
11,fingerprint_H_bit_26,0.00016726271314637366
11,drug_fingerprint_bit_124,0.00015559894472923146
11,fingerprint_H_bit_94,0.0
11,fingerprint_H_bit_95,0.0
11,poly_triple_bonds_sum_fullpolymerfeaturizer,0.0
11,poly_iodine_count_sum_fullpolymerfeaturizer,0.0
11,poly_triple_bonds_sidechainfeaturizer_sum,0.0
11,poly_bridging_rings_count_sum_fullpolymerfeaturizer,0.0
11,fingerprint_H_bit_115,0.0
11,fingerprint_H_bit_43,0.0
11,drug_fingerprint_bit_234,0.0
11,fingerprint_H_bit_171,0.0
11,fingerprint_H_bit_44,0.0
11,fingerprint_H_bit_166,0.0
11,fingerprint_H_bit_170,0.0
11,fingerprint_H_bit_169,0.0
11,fingerprint_H_bit_161,0.0
11,fingerprint_H_bit_168,0.0
11,drug_fingerprint_bit_254,0.0
11,fingerprint_H_bit_4,0.0
11,poly_bridging_rings_count_sidechainfeaturizer_sum,0.0
11,fingerprint_H_bit_75,0.0
11,poly_bridging_rings_count_sum_backbonefeaturizer,0.0
11,poly_triple_bonds_sum_backbonefeaturizer,0.0
11,poly_iodine_count_sum_backbonefeaturizer,0.0
11,poly_bromine_count_sum_backbonefeaturizer,0.0
11,poly_chlorine_count_sum_backbonefeaturizer,0.0
11,poly_fluorine_count_sum_backbonefeaturizer,0.0
11,poly_total_halogens_sum_backbonefeaturizer,0.0
11,poly_fraction_bicyclic_rings_sum_backbonefeaturizer,0.0
11,fingerprint_H_bit_90,0.0
11,fingerprint_H_bit_92,0.0
11,poly_num_aliphatic_heterocycles_sidechainfeaturizer_sum,0.0
11,fingerprint_H_bit_107,0.0
11,fingerprint_H_bit_93,0.0
11,fingerprint_H_bit_91,0.0
11,fingerprint_H_bit_132,0.0
11,fingerprint_H_bit_129,0.0
11,fingerprint_H_bit_111,0.0
11,fingerprint_H_bit_110,0.0
11,fingerprint_H_bit_108,0.0
11,fingerprint_H_bit_109,0.0
11,fingerprint_H_bit_136,0.0
11,fingerprint_H_bit_135,0.0
11,fingerprint_H_bit_124,0.0
11,poly_fraction_bicyclic_rings_sum_fullpolymerfeaturizer,0.0
11,fingerprint_H_bit_255,0.0
11,fingerprint_H_bit_254,0.0
11,fingerprint_H_bit_86,0.0
11,fingerprint_H_bit_87,0.0
11,fingerprint_H_bit_88,0.0
11,fingerprint_H_bit_83,0.0
11,fingerprint_H_bit_77,0.0
11,fingerprint_H_bit_76,0.0
11,fingerprint_H_bit_126,0.0
11,drug_fingerprint_bit_17,0.0
11,fingerprint_H_bit_36,0.0
11,fingerprint_H_bit_35,0.0
11,poly_fraction_bicyclic_rings_sidechainfeaturizer_sum,0.0
11,poly_num_non_aromatic_rings_sidechainfeaturizer_sum,0.0
11,fingerprint_H_bit_99,0.0
11,fingerprint_H_bit_101,0.0
11,fingerprint_H_bit_102,0.0
11,fingerprint_H_bit_103,0.0
11,fingerprint_H_bit_104,0.0
11,fingerprint_H_bit_105,0.0
11,fingerprint_H_bit_96,0.0
11,fingerprint_H_bit_97,0.0
11,drug_fingerprint_bit_217,0.0
11,drug_fingerprint_bit_215,0.0
11,drug_fingerprint_bit_221,0.0
11,drug_fingerprint_bit_220,0.0
11,fingerprint_H_bit_137,0.0
11,fingerprint_H_bit_117,0.0
11,fingerprint_H_bit_122,0.0
11,drug_fingerprint_bit_232,0.0
11,poly_total_halogens_sidechainfeaturizer_sum,0.0
11,poly_fluorine_count_sidechainfeaturizer_sum,0.0
11,poly_bromine_count_sidechainfeaturizer_sum,0.0
11,poly_chlorine_count_sidechainfeaturizer_sum,0.0
11,poly_iodine_count_sidechainfeaturizer_sum,0.0
11,fingerprint_H_bit_163,0.0
11,fingerprint_H_bit_165,0.0
11,fingerprint_H_bit_160,0.0
11,fingerprint_H_bit_250,0.0
11,fingerprint_H_bit_249,0.0
11,fingerprint_H_bit_248,0.0
11,fingerprint_H_bit_247,0.0
11,fingerprint_H_bit_246,0.0
11,fingerprint_H_bit_244,0.0
11,fingerprint_H_bit_243,0.0
11,fingerprint_H_bit_242,0.0
11,fingerprint_H_bit_241,0.0
11,fingerprint_H_bit_240,0.0
11,fingerprint_H_bit_239,0.0
11,fingerprint_H_bit_238,0.0
11,fingerprint_H_bit_235,0.0
11,fingerprint_H_bit_234,0.0
11,fingerprint_H_bit_127,0.0
11,fingerprint_H_bit_253,0.0
11,fingerprint_H_bit_252,0.0
11,poly_bromine_count_sum_fullpolymerfeaturizer,0.0
11,poly_chlorine_count_sum_fullpolymerfeaturizer,0.0
11,poly_fluorine_count_sum_fullpolymerfeaturizer,0.0
11,poly_total_halogens_sum_fullpolymerfeaturizer,0.0
11,drug_fingerprint_bit_9,0.0
11,fingerprint_H_bit_40,0.0
11,drug_fingerprint_bit_209,0.0
11,fingerprint_H_bit_82,0.0
11,fingerprint_H_bit_79,0.0
11,drug_fingerprint_bit_54,0.0
11,fingerprint_H_bit_230,0.0
11,drug_fingerprint_bit_89,0.0
11,drug_fingerprint_bit_51,0.0
11,drug_fingerprint_bit_68,0.0
11,fingerprint_H_bit_59,0.0
11,fingerprint_H_bit_229,0.0
11,fingerprint_H_bit_228,0.0
11,fingerprint_H_bit_225,0.0
11,fingerprint_H_bit_223,0.0
11,fingerprint_H_bit_149,0.0
11,fingerprint_H_bit_150,0.0
11,fingerprint_H_bit_152,0.0
11,fingerprint_H_bit_146,0.0
11,fingerprint_H_bit_153,0.0
11,fingerprint_H_bit_154,0.0
11,fingerprint_H_bit_206,0.0
11,fingerprint_H_bit_203,0.0
11,fingerprint_H_bit_208,0.0
11,fingerprint_H_bit_209,0.0
11,fingerprint_H_bit_210,0.0
11,fingerprint_H_bit_148,0.0
11,fingerprint_H_bit_190,0.0
11,fingerprint_H_bit_195,0.0
11,fingerprint_H_bit_198,0.0
11,fingerprint_H_bit_196,0.0
11,fingerprint_H_bit_200,0.0
11,drug_fingerprint_bit_195,0.0
11,drug_fingerprint_bit_198,0.0
11,fingerprint_H_bit_29,0.0
11,fingerprint_H_bit_215,0.0
11,drug_fingerprint_bit_87,0.0
11,fingerprint_H_bit_221,0.0
11,fingerprint_H_bit_220,0.0
11,fingerprint_H_bit_62,0.0
11,fingerprint_H_bit_60,0.0
11,fingerprint_H_bit_231,0.0
11,fingerprint_H_bit_31,0.0
11,fingerprint_H_bit_74,0.0
11,fingerprint_H_bit_73,0.0
11,fingerprint_H_bit_72,0.0
11,fingerprint_H_bit_71,0.0
11,fingerprint_H_bit_172,0.0
11,fingerprint_H_bit_142,0.0
11,fingerprint_H_bit_141,0.0
11,fingerprint_H_bit_140,0.0
11,fingerprint_H_bit_199,0.0
11,fingerprint_H_bit_202,0.0
11,fingerprint_H_bit_201,0.0
11,drug_fingerprint_bit_112,0.0
11,drug_fingerprint_bit_123,0.0
11,drug_fingerprint_bit_176,0.0
11,drug_fingerprint_bit_102,0.0
11,fingerprint_H_bit_51,0.0
11,fingerprint_H_bit_194,0.0
11,fingerprint_H_bit_193,0.0
11,fingerprint_H_bit_173,0.0
11,fingerprint_H_bit_176,0.0
11,fingerprint_H_bit_177,0.0
11,fingerprint_H_bit_178,0.0
11,fingerprint_H_bit_179,0.0
11,fingerprint_H_bit_180,0.0
11,fingerprint_H_bit_181,0.0
11,fingerprint_H_bit_184,0.0
11,fingerprint_H_bit_187,0.0
11,fingerprint_H_bit_188,0.0
11,fingerprint_H_bit_191,0.0
11,fingerprint_H_bit_192,0.0
11,fingerprint_H_bit_55,0.0
11,fingerprint_H_bit_50,0.0
11,fingerprint_H_bit_49,0.0
11,fingerprint_H_bit_47,0.0
11,fingerprint_H_bit_156,0.0
11,fingerprint_H_bit_189,0.0
11,fingerprint_H_bit_9,0.0
11,fingerprint_H_bit_10,0.0
11,fingerprint_H_bit_0,0.0
11,fingerprint_H_bit_5,0.0
11,fingerprint_H_bit_23,0.0
11,fingerprint_H_bit_22,0.0
11,fingerprint_H_bit_25,0.0
11,fingerprint_H_bit_24,0.0
11,fingerprint_H_bit_3,0.0
11,drug_fingerprint_bit_157,0.0
11,fingerprint_H_bit_6,0.0
11,fingerprint_H_bit_8,0.0
11,fingerprint_H_bit_157,0.0
11,drug_fingerprint_bit_166,0.0
11,drug_bromine_count_sum_fullmolecularfeaturizer,0.0
11,drug_iodine_count_sum_fullmolecularfeaturizer,0.0
11,fingerprint_H_bit_12,0.0
11,fingerprint_H_bit_14,0.0
11,drug_triple_bonds_sum_fullmolecularfeaturizer,0.0
11,fingerprint_H_bit_11,0.0
11,fingerprint_H_bit_16,0.0
11,fingerprint_H_bit_15,0.0
11,fingerprint_H_bit_17,0.0
11,fingerprint_H_bit_19,0.0
11,fingerprint_H_bit_21,0.0
11,fingerprint_H_bit_20,0.0
11,drug_fingerprint_bit_244,0.0
11,fingerprint_H_bit_2,0.0
11,drug_fingerprint_bit_21,-3.336469944770215e-08
11,fingerprint_H_bit_211,-6.116861531576692e-08
11,drug_fingerprint_bit_25,-0.0006743565171765188
11,drug_fingerprint_bit_79,-0.0007281765752746085
11,drug_fingerprint_bit_86,-0.0014740129868978083
11,drug_fingerprint_bit_55,-0.004279625501989832
11,drug_fingerprint_bit_229,-0.0044785278569625785
11,drug_fingerprint_bit_80,-0.006843287871696197
11,drug_fingerprint_bit_192,-0.011120609934907322
11,drug_fingerprint_bit_53,-0.011831947129818955
11,drug_fingerprint_bit_95,-0.012658329778367089
11,drug_fingerprint_bit_113,-0.012885582972911976
11,drug_fingerprint_bit_129,-0.013743743012216121
11,poly_topological_surface_area_sum_fullpolymerfeaturizer,-0.014973098406124144
11,drug_fingerprint_bit_132,-0.015486282866853099
11,drug_num_hbond_donors_sum_fullmolecularfeaturizer,-0.016623508136326067
11,drug_fingerprint_bit_139,-0.022262058828431776
11,drug_fingerprint_bit_174,-0.0260724509443897
11,drug_fingerprint_bit_230,-0.028675267488257893
11,drug_fingerprint_bit_39,-0.03065394631463089
11,fingerprint_H_bit_7,-0.03212726571401133
11,drug_fingerprint_bit_130,-0.03688110902091158
11,drug_double_bonds_sum_fullmolecularfeaturizer,-0.045934200859756094
11,fingerprint_H_bit_64,-0.046021833501583856
11,drug_fingerprint_bit_118,-0.04808502088887856
11,drug_fingerprint_bit_131,-0.05440135882758138
11,drug_fingerprint_bit_193,-0.05449234553344454
11,drug_fingerprint_bit_255,-0.054499809677120654
11,drug_fingerprint_bit_138,-0.05700530884236589
11,poly_heteroatom_density_sum_backbonefeaturizer,-0.05893829705272423
11,drug_slogp_vsa1_sum_fullmolecularfeaturizer,-0.06215114122755796
11,fingerprint_H_bit_207,-0.06280334770165562
11,poly_num_hbond_acceptors_sum_fullpolymerfeaturizer,-0.06409150190065742
11,drug_fingerprint_bit_149,-0.06989045044192473
11,drug_sp2_carbon_count_sum_fullmolecularfeaturizer,-0.07501114808993002
11,drug_fingerprint_bit_73,-0.08052822896201384
11,drug_fingerprint_bit_12,-0.08224794962178698
11,drug_charge_at_WATER_PH,-0.09119672054333668
11,drug_fingerprint_bit_1,-0.09260224935292907
11,drug_fingerprint_bit_111,-0.10820196491432729
11,drug_fingerprint_bit_243,-0.10880450707599555
11,drug_fingerprint_bit_207,-0.10944134589086973
11,drug_fingerprint_bit_91,-0.11303572891470068
11,fingerprint_H_bit_39,-0.11535344373431751
11,fingerprint_H_bit_120,-0.12659385387820013
11,drug_max_estate_index_sum_fullmolecularfeaturizer,-0.13091908822278017
11,drug_fingerprint_bit_168,-0.13355115923779132
11,fingerprint_H_bit_125,-0.152966414303998
11,poly_num_hbond_donors_sum_fullpolymerfeaturizer,-0.1580275804953418
11,poly_slogp_vsa1_sum_backbonefeaturizer,-0.15934495804825666
11,poly_heteroatom_count_sum_fullpolymerfeaturizer,-0.1713058094975027
11,drug_fingerprint_bit_40,-0.17457739837271774
11,poly_molecular_weight_sum_backbonefeaturizer,-0.1762478027424518
11,drug_fingerprint_bit_33,-0.1906677565736134
11,poly_max_estate_index_sum_fullpolymerfeaturizer,-0.2161545456668271
11,drug_fingerprint_bit_52,-0.21913532024784677
11,WATER_PH,-0.2235656495953025
11,poly_num_atoms_sum_fullpolymerfeaturizer,-0.22457442370010086
11,fingerprint_H_bit_28,-0.23147260507087283
11,drug_fingerprint_bit_228,-0.2425752231748047
11,fingerprint_H_bit_138,-0.2572895153817947
11,poly_max_ring_size_sum_backbonefeaturizer,-0.2597600520901711
11,charge_at_WATER_PH_H,-0.30035276941368627
11,drug_fingerprint_bit_163,-0.3200138688173418
11,fingerprint_H_bit_183,-0.33155331405602356
11,drug_fingerprint_bit_237,-0.3323937446754117
11,fingerprint_H_bit_42,-0.34766014602372003
11,drug_fingerprint_bit_175,-0.36188540287237797
11,homo_eV_H,-0.4118098801550105
11,drug_fingerprint_bit_186,-0.44683713343045806
11,drug_fingerprint_bit_213,-0.46149216819372213
11,drug_fingerprint_bit_107,-0.4644707600156463
11,drug_fingerprint_bit_233,-0.48524727144532215
11,drug_fingerprint_bit_128,-0.4947622685191812
11,drug_fingerprint_bit_133,-0.5093328437224818
11,fingerprint_H_bit_237,-0.5768406161878038
11,fingerprint_H_bit_159,-0.6544555673095511
11,CONCENTRATION,-0.8006391496051289
11,logp_H,-0.8059316345204414
11,drug_fingerprint_bit_45,-0.8472908325309018
11,drug_fingerprint_bit_108,-0.8691388224063032
11,drug_fingerprint_bit_224,-1.1677351598597079
11,drug_fingerprint_bit_72,-1.2379227563970865
11,fingerprint_H_bit_106,-1.2389670097862961
11,drug_fingerprint_bit_200,-1.3591074153562508
11,drug_fingerprint_bit_47,-1.3695105150887712
11,drug_fingerprint_bit_64,-1.4315378738914706
11,drug_fingerprint_bit_151,-1.9100729276091217
11,drug_fingerprint_bit_119,-2.120452038135422
11,fingerprint_H_bit_114,-2.599074038587919
11,drug_fingerprint_bit_88,-3.36695953854599
12,drug_fingerprint_bit_98,8.280443470185602
12,drug_fingerprint_bit_190,4.768983247983031
12,fingerprint_H_bit_33,3.133221513931572
12,lumo_eV_H,2.8393754927137542
12,fingerprint_H_bit_48,2.154593544720438
12,fingerprint_H_bit_1,2.143842125438776
12,poly_heteroatom_density_sidechainfeaturizer_sum,2.122349523887252
12,poly_fp_density_morgan1_sidechainfeaturizer_sum,1.7865459670381394
12,fingerprint_H_bit_182,1.7791578600147435
12,fingerprint_H_bit_100,1.7544718995013884
12,poly_molecular_weight_sidechainfeaturizer_sum,1.746099530994748
12,fingerprint_H_bit_128,1.6893196558402297
12,fingerprint_H_bit_222,1.6180516257714663
12,poly_fp_density_morgan1_sum_backbonefeaturizer,1.5797683838145027
12,poly_max_estate_index_sidechainfeaturizer_sum,1.502269309133743
12,fingerprint_H_bit_81,1.473675752006246
12,drug_fingerprint_bit_110,1.454267758553657
12,fingerprint_H_bit_155,1.2898054074423038
12,drug_fingerprint_bit_42,1.2781487002038427
12,fingerprint_H_bit_113,1.2606805454584478
12,drug_fingerprint_bit_213,1.2481844017710497
12,poly_num_rings_sidechainfeaturizer_sum,1.202683333203511
12,poly_num_hbond_acceptors_sidechainfeaturizer_sum,1.2013385761873139
12,fingerprint_H_bit_78,1.1853584346700459
12,fingerprint_H_bit_118,1.1566709330570402
12,poly_single_bonds_sum_backbonefeaturizer,1.1558696495978242
12,poly_smr_vsa5_sum_backbonefeaturizer,1.1524202670277153
12,fingerprint_H_bit_28,1.1338142656442431
12,fingerprint_H_bit_41,1.1182560973584124
12,fingerprint_H_bit_151,1.0652560158271653
12,fingerprint_H_bit_232,1.0483135293835986
12,drug_fingerprint_bit_147,1.0032574009867294
12,poly_max_ring_size_sidechainfeaturizer_sum,0.9926244889282848
12,fingerprint_H_bit_214,0.9857504983934626
12,fingerprint_H_bit_27,0.9604659137997154
12,poly_max_ring_size_sum_fullpolymerfeaturizer,0.9447896509116107
12,poly_num_rotatable_bonds_sum_backbonefeaturizer,0.9269208550667519
12,fingerprint_H_bit_85,0.9039504101598715
12,drug_topological_surface_area_sum_fullmolecularfeaturizer,0.8979542001188963
12,drug_fingerprint_bit_125,0.8811656087635067
12,poly_balaban_j_index_sum_backbonefeaturizer,0.8789640706164799
12,fingerprint_H_bit_53,0.8520461257924737
12,poly_topological_surface_area_sum_backbonefeaturizer,0.844202012351836
12,drug_fingerprint_bit_142,0.8231727241616825
12,drug_num_aromatic_rings_sum_fullmolecularfeaturizer,0.8046765675988564
12,poly_double_bonds_sum_fullpolymerfeaturizer,0.7940306332141667
12,poly_num_aromatic_rings_sidechainfeaturizer_sum,0.7703139536917555
12,poly_num_rotatable_bonds_sum_fullpolymerfeaturizer,0.7629060392228114
12,drug_fingerprint_bit_158,0.7534228115116252
12,fingerprint_H_bit_197,0.7486345717081421
12,poly_molecular_weight_sum_backbonefeaturizer,0.7416141069358447
12,fingerprint_H_bit_63,0.7156259046289649
12,poly_sp2_carbon_count_sum_backbonefeaturizer,0.6976637556540091
12,poly_double_bonds_sum_backbonefeaturizer,0.6902180453305257
12,fingerprint_H_bit_159,0.679533452731074
12,drug_fingerprint_bit_188,0.6729340357991668
12,fingerprint_H_bit_236,0.6152641454493042
12,poly_num_atoms_sidechainfeaturizer_sum,0.6081691651085864
12,poly_num_atoms_sum_backbonefeaturizer,0.6059043967288738
12,fingerprint_H_bit_251,0.5962699171665394
12,poly_num_hbond_donors_sidechainfeaturizer_sum,0.5951544574138402
12,poly_smr_vsa5_sidechainfeaturizer_sum,0.5837762106542969
12,fingerprint_H_bit_69,0.5771279753504712
12,fingerprint_H_bit_183,0.5653713529859126
12,poly_max_ring_size_sum_backbonefeaturizer,0.5629703014082393
12,drug_fingerprint_bit_115,0.5581398221950417
12,poly_single_bonds_sum_fullpolymerfeaturizer,0.5574488643908289
12,fingerprint_H_bit_58,0.5500328487390579
12,fingerprint_H_bit_204,0.546671131555874
12,poly_sp3_carbon_count_sidechainfeaturizer_sum,0.5430262138656624
12,poly_topological_surface_area_sidechainfeaturizer_sum,0.5402958392836409
12,drug_fingerprint_bit_253,0.5316771758727079
12,fingerprint_H_bit_139,0.5098124938276077
12,fingerprint_H_bit_45,0.4897599987858751
12,poly_num_aromatic_rings_sum_backbonefeaturizer,0.48826559248679396
12,drug_fingerprint_bit_153,0.48087028910433904
12,drug_fingerprint_bit_218,0.4788840495084649
12,fingerprint_H_bit_213,0.47807332955530274
12,drug_fingerprint_bit_61,0.47569337332857037
12,poly_sp2_carbon_count_sidechainfeaturizer_sum,0.4632137117819495
12,fingerprint_H_bit_167,0.45862941678738356
12,fingerprint_H_bit_245,0.45610086456810706
12,drug_smr_vsa5_sum_fullmolecularfeaturizer,0.45102494937337945
12,drug_fingerprint_bit_22,0.4336199663603217
12,drug_fingerprint_bit_219,0.43307215840984037
12,drug_fingerprint_bit_201,0.4316020510725605
12,drug_fingerprint_bit_12,0.42138749915121526
12,drug_fingerprint_bit_180,0.4191742724324226
12,drug_fingerprint_bit_183,0.4165525074623715
12,poly_balaban_j_index_sidechainfeaturizer_sum,0.41149198885101507
12,drug_fingerprint_bit_189,0.41138026901715863
12,drug_bridging_rings_count_sum_fullmolecularfeaturizer,0.40992968614240477
12,drug_logd_at_WATER_PH,0.40922401106880024
12,fingerprint_H_bit_119,0.38744570476676266
12,drug_fingerprint_bit_250,0.38538724512757355
12,fingerprint_H_bit_217,0.37773526101150834
12,poly_num_rings_sum_fullpolymerfeaturizer,0.37720599185456194
12,poly_heteroatom_count_sidechainfeaturizer_sum,0.3744020113192611
12,drug_fingerprint_bit_52,0.3740385744252697
12,fingerprint_H_bit_186,0.37250812425022195
12,drug_fingerprint_bit_81,0.3717275961061882
12,fingerprint_H_bit_84,0.36600889550483107
12,poly_num_rings_sum_backbonefeaturizer,0.36382844014962684
12,drug_fingerprint_bit_223,0.3365203706888889
12,drug_fingerprint_bit_0,0.3354906411532536
12,poly_double_bonds_sidechainfeaturizer_sum,0.32552004067493095
12,drug_single_bonds_sum_fullmolecularfeaturizer,0.3220224264692505
12,drug_fingerprint_bit_211,0.32151873952267446
12,fingerprint_H_bit_125,0.32032384335359687
12,drug_num_hbond_acceptors_sum_fullmolecularfeaturizer,0.31827836384651104
12,drug_logp,0.29937012976264754
12,drug_fingerprint_bit_247,0.2982889624171869
12,drug_fingerprint_bit_71,0.2915368797471495
12,drug_heteroatom_count_sum_fullmolecularfeaturizer,0.2891903468357538
12,fingerprint_H_bit_13,0.28860383072237233
12,drug_num_hbond_donors_sum_fullmolecularfeaturizer,0.2865871643988821
12,drug_total_halogens_sum_fullmolecularfeaturizer,0.28418610719850984
12,drug_chlorine_count_sum_fullmolecularfeaturizer,0.27940134957350427
12,drug_fingerprint_bit_137,0.27517476889570236
12,drug_fingerprint_bit_99,0.27192473699684616
12,drug_fingerprint_bit_184,0.2668168108344881
12,poly_single_bonds_sidechainfeaturizer_sum,0.26587122727475
12,poly_num_rotatable_bonds_sidechainfeaturizer_sum,0.2632591419445013
12,fingerprint_H_bit_227,0.26232944359070015
12,drug_fingerprint_bit_251,0.26159924862487804
12,fingerprint_H_bit_70,0.25609846340590153
12,drug_num_atoms_sum_fullmolecularfeaturizer,0.25299112510521793
12,drug_fingerprint_bit_36,0.25230947741371945
12,drug_fingerprint_bit_227,0.24584612870949288
12,drug_fingerprint_bit_15,0.23785390458559158
12,drug_fingerprint_bit_106,0.23559685528040034
12,drug_num_aliphatic_heterocycles_sum_fullmolecularfeaturizer,0.23399868117279757
12,drug_fingerprint_bit_49,0.23292820220247362
12,drug_fingerprint_bit_203,0.23283565623179842
12,drug_fingerprint_bit_75,0.23243240696912215
12,drug_fingerprint_bit_3,0.23180366329700058
12,drug_fingerprint_bit_164,0.23082032069311903
12,drug_fingerprint_bit_155,0.22882712394665103
12,drug_fingerprint_bit_167,0.22703007308379441
12,drug_lumo_eV,0.21874108160833192
12,drug_fingerprint_bit_159,0.21641473320347848
12,drug_fingerprint_bit_120,0.2151742199261378
12,fingerprint_H_bit_162,0.21176322271665787
12,drug_fingerprint_bit_205,0.21035086637047465
12,drug_fingerprint_bit_145,0.20973095478127604
12,fingerprint_H_bit_226,0.20948834619063567
12,fingerprint_H_bit_67,0.19903576010828575
12,drug_fingerprint_bit_146,0.19792628449125235
12,drug_fingerprint_bit_202,0.19526448142465896
12,drug_fingerprint_bit_246,0.19402744722558024
12,drug_fingerprint_bit_5,0.18859950928533722
12,drug_fraction_bicyclic_rings_sum_fullmolecularfeaturizer,0.18856692366151898
12,drug_fingerprint_bit_109,0.1880003004903763
12,drug_fingerprint_bit_249,0.1864692122339672
12,poly_num_atoms_sum_fullpolymerfeaturizer,0.183665571763424
12,drug_fingerprint_bit_26,0.18351829438366066
12,fingerprint_H_bit_52,0.18339384800603967
12,drug_balaban_j_index_sum_fullmolecularfeaturizer,0.18235605251394676
12,poly_num_aromatic_rings_sum_fullpolymerfeaturizer,0.18002563846936961
12,fingerprint_H_bit_121,0.17851373589363412
12,drug_fluorine_count_sum_fullmolecularfeaturizer,0.17445593290522446
12,drug_fingerprint_bit_83,0.17228982361109405
12,drug_fingerprint_bit_177,0.17204669818792076
12,drug_molecular_weight_sum_fullmolecularfeaturizer,0.16913831144401043
12,drug_fingerprint_bit_105,0.16523657811609643
12,drug_fingerprint_bit_24,0.16349855628006085
12,drug_fingerprint_bit_39,0.16349024750116298
12,drug_fingerprint_bit_27,0.15903687066183636
12,drug_fingerprint_bit_226,0.15763763817802504
12,drug_fingerprint_bit_165,0.15635718839309912
12,drug_fingerprint_bit_127,0.1544461783695413
12,fingerprint_H_bit_37,0.15307468438358016
12,drug_fingerprint_bit_196,0.14913215814557537
12,fingerprint_H_bit_54,0.1465249265809736
12,drug_fingerprint_bit_160,0.14454764025304928
12,drug_fingerprint_bit_69,0.13988880317375338
12,drug_fingerprint_bit_181,0.13816615507186533
12,drug_sp3_carbon_count_sum_fullmolecularfeaturizer,0.13806135677817732
12,poly_molecular_weight_sum_fullpolymerfeaturizer,0.1343505375482676
12,drug_fingerprint_bit_197,0.1323853575266632
12,drug_fingerprint_bit_63,0.13020955456253983
12,drug_fingerprint_bit_114,0.12786864284020077
12,drug_fingerprint_bit_255,0.12619249169012653
12,drug_homo_eV,0.12187919724219268
12,drug_fingerprint_bit_7,0.10955322827802098
12,drug_fingerprint_bit_93,0.10671501757073107
12,fingerprint_H_bit_123,0.10636524381769355
12,drug_fingerprint_bit_6,0.10360208497548061
12,drug_fingerprint_bit_172,0.1015618206153206
12,drug_fingerprint_bit_132,0.10054013816553461
12,drug_fingerprint_bit_239,0.09967365805790965
12,drug_fingerprint_bit_11,0.09937936549744271
12,drug_num_rings_sum_fullmolecularfeaturizer,0.09902602498162297
12,drug_fingerprint_bit_136,0.09843662554646504
12,drug_fingerprint_bit_252,0.09756081262981756
12,drug_fingerprint_bit_94,0.0964697699112733
12,poly_num_hbond_acceptors_sum_backbonefeaturizer,0.09548747464218868
12,drug_fingerprint_bit_34,0.0949181845171035
12,poly_num_hbond_donors_sum_backbonefeaturizer,0.09477533481877921
12,drug_fingerprint_bit_116,0.09423621188536095
12,drug_fingerprint_bit_10,0.09414220518974574
12,drug_fingerprint_bit_182,0.09349031450720657
12,drug_fingerprint_bit_48,0.092712106868249
12,drug_fingerprint_bit_30,0.09251123728839694
12,drug_fingerprint_bit_101,0.09068819747796224
12,poly_sp3_carbon_count_sum_backbonefeaturizer,0.08869477348633117
12,drug_fingerprint_bit_169,0.08666473016309426
12,fingerprint_H_bit_134,0.08623104903126229
12,fingerprint_H_bit_224,0.08486906163206927
12,drug_num_non_aromatic_rings_sum_fullmolecularfeaturizer,0.08482959076185514
12,fingerprint_H_bit_57,0.08482215127862155
12,drug_fingerprint_bit_191,0.08433407892954622
12,drug_fingerprint_bit_206,0.0841865564721294
12,poly_max_estate_index_sum_backbonefeaturizer,0.08363715389521797
12,fingerprint_H_bit_68,0.08330466079394547
12,drug_fingerprint_bit_240,0.08295293343689106
12,drug_fingerprint_bit_199,0.08216400506156384
12,drug_fingerprint_bit_236,0.08081727970407815
12,drug_fingerprint_bit_235,0.0801986367761287
12,drug_fingerprint_bit_140,0.0787620426266854
12,fingerprint_H_bit_219,0.07754441577132547
12,drug_heteroatom_density_sum_fullmolecularfeaturizer,0.07707745266503929
12,drug_fingerprint_bit_185,0.07570627894648733
12,drug_fingerprint_bit_173,0.07519205565534845
12,fingerprint_H_bit_216,0.07460069403610695
12,drug_sp2_carbon_count_sum_fullmolecularfeaturizer,0.0742428816656359
12,poly_balaban_j_index_sum_fullpolymerfeaturizer,0.07348942628552473
12,drug_fingerprint_bit_50,0.0725712729298433
12,drug_fingerprint_bit_170,0.07252331146195908
12,fingerprint_H_bit_61,0.07143259450847343
12,fingerprint_H_bit_32,0.06964281902536927
12,poly_sp2_carbon_count_sum_fullpolymerfeaturizer,0.06652041592219039
12,drug_fingerprint_bit_148,0.06456114832152927
12,fingerprint_H_bit_56,0.06449935530590137
12,drug_fingerprint_bit_161,0.06447147656558283
12,drug_fingerprint_bit_13,0.06444252120444986
12,drug_fingerprint_bit_194,0.06345798244723974
12,drug_fingerprint_bit_117,0.06341064773102208
12,drug_fingerprint_bit_23,0.062382316460359556
12,drug_fingerprint_bit_77,0.06227681280021217
12,drug_fingerprint_bit_179,0.061802011006857276
12,drug_fingerprint_bit_231,0.06028232921777356
12,drug_fingerprint_bit_41,0.058871451761340975
12,drug_fingerprint_bit_44,0.05817741828564093
12,drug_fingerprint_bit_35,0.05796667539215412
12,fingerprint_H_bit_89,0.056513304636958826
12,drug_fingerprint_bit_174,0.055871570786559875
12,logp_H,0.0542083279602391
12,drug_fingerprint_bit_2,0.05384265241124985
12,drug_fingerprint_bit_150,0.05339429648784607
12,drug_fingerprint_bit_141,0.05121131179459234
12,drug_fingerprint_bit_84,0.05088573058094565
12,drug_fingerprint_bit_104,0.05001884218611573
12,drug_fingerprint_bit_204,0.049758256358091925
12,drug_fingerprint_bit_229,0.04971624757302133
12,drug_fingerprint_bit_67,0.04923104337705165
12,drug_fingerprint_bit_8,0.04919145378060908
12,drug_fingerprint_bit_18,0.04914600329720014
12,drug_fingerprint_bit_103,0.04822251954620179
12,fingerprint_H_bit_143,0.04673516208804042
12,fingerprint_H_bit_158,0.04654268821650057
12,drug_fingerprint_bit_57,0.04243255468274183
12,fingerprint_H_bit_26,0.04125868472337752
12,drug_fingerprint_bit_82,0.03954509660677803
12,drug_fingerprint_bit_46,0.039043894225276134
12,drug_fingerprint_bit_97,0.036883389177422156
12,fingerprint_H_bit_112,0.035655406172093125
12,drug_fingerprint_bit_60,0.03530075645655774
12,fingerprint_H_bit_212,0.03528629848807158
12,fingerprint_H_bit_66,0.03482147294383311
12,drug_fingerprint_bit_29,0.03390458027202301
12,drug_fingerprint_bit_154,0.0332626026351199
12,drug_fingerprint_bit_100,0.03246018633771918
12,drug_fingerprint_bit_245,0.031379242466861156
12,drug_fingerprint_bit_135,0.031061198074182644
12,drug_fingerprint_bit_16,0.03089913193773788
12,fingerprint_H_bit_106,0.03032218445291929
12,homo_eV_H,0.029381324578844327
12,drug_fingerprint_bit_78,0.029157405969667868
12,drug_fingerprint_bit_37,0.02903269998463931
12,drug_fingerprint_bit_152,0.02881885588493824
12,drug_fingerprint_bit_28,0.028419519940453213
12,drug_fingerprint_bit_187,0.02840059827646958
12,fingerprint_H_bit_98,0.02753599239359177
12,drug_fingerprint_bit_122,0.02745851073082039
12,drug_fingerprint_bit_59,0.02727337483009589
12,poly_max_estate_index_sum_fullpolymerfeaturizer,0.026855879116997043
12,fingerprint_H_bit_18,0.026850802162709887
12,fingerprint_H_bit_233,0.026767485079348168
12,drug_fingerprint_bit_208,0.0266181336559983
12,drug_fingerprint_bit_31,0.026469320409126928
12,drug_fingerprint_bit_92,0.025502559223745242
12,drug_fingerprint_bit_56,0.025383265985182264
12,poly_sp3_carbon_count_sum_fullpolymerfeaturizer,0.024433132153666187
12,poly_num_aliphatic_heterocycles_sum_fullpolymerfeaturizer,0.023875483210672756
12,drug_fingerprint_bit_96,0.02361883111873434
12,poly_slogp_vsa1_sidechainfeaturizer_sum,0.02288105974568647
12,fingerprint_H_bit_131,0.02280538966037251
12,fingerprint_H_bit_80,0.02097654289591961
12,fingerprint_H_bit_46,0.01959713512441589
12,fingerprint_H_bit_174,0.01886466283416795
12,poly_num_non_aromatic_rings_sum_backbonefeaturizer,0.01797053079402061
12,drug_fingerprint_bit_80,0.01606192916647162
12,fingerprint_H_bit_34,0.015901975975652505
12,poly_num_non_aromatic_rings_sum_fullpolymerfeaturizer,0.015651710585068812
12,drug_fingerprint_bit_20,0.015559588818867962
12,drug_fingerprint_bit_62,0.015552560713017376
12,fingerprint_H_bit_175,0.013865254561488223
12,fingerprint_H_bit_116,0.013629866726002733
12,drug_fingerprint_bit_139,0.013481286709031362
12,drug_fingerprint_bit_222,0.012351471415074042
12,drug_fingerprint_bit_126,0.010984393250186516
12,drug_fingerprint_bit_85,0.010591363030639653
12,poly_num_aliphatic_heterocycles_sum_backbonefeaturizer,0.010106142835031156
12,drug_fingerprint_bit_134,0.009752976097778388
12,fingerprint_H_bit_65,0.009583895715236403
12,drug_fingerprint_bit_95,0.00853525368177138
12,fingerprint_H_bit_185,0.008153216524002128
12,drug_fingerprint_bit_90,0.007784014465522953
12,drug_fingerprint_bit_241,0.006562190722454413
12,fingerprint_H_bit_30,0.0064588838952886795
12,drug_fingerprint_bit_178,0.005238000668160623
12,drug_fingerprint_bit_76,0.004300813242116984
12,drug_fingerprint_bit_225,0.004119126940156327
12,drug_fingerprint_bit_162,0.0033242222112099184
12,fingerprint_H_bit_205,0.003133050312400022
12,fingerprint_H_bit_144,0.0029825080993495486
12,drug_fingerprint_bit_171,0.002449818583869887
12,fingerprint_H_bit_237,0.0023557299635290946
12,drug_fingerprint_bit_238,0.0015056379281693452
12,drug_fingerprint_bit_70,0.001143841250729539
12,drug_fingerprint_bit_14,0.0008125890215500053
12,drug_fingerprint_bit_248,0.0006127760843416759
12,drug_fingerprint_bit_210,0.0005946932990612394
12,drug_fingerprint_bit_79,0.00026948833966831704
12,drug_fingerprint_bit_66,0.00010318200203493897
12,poly_fluorine_count_sidechainfeaturizer_sum,0.0
12,drug_fingerprint_bit_232,0.0
12,drug_fingerprint_bit_234,0.0
12,fingerprint_H_bit_29,0.0
12,fingerprint_H_bit_31,0.0
12,fingerprint_H_bit_176,0.0
12,drug_triple_bonds_sum_fullmolecularfeaturizer,0.0
12,drug_iodine_count_sum_fullmolecularfeaturizer,0.0
12,fingerprint_H_bit_202,0.0
12,fingerprint_H_bit_17,0.0
12,fingerprint_H_bit_16,0.0
12,fingerprint_H_bit_15,0.0
12,fingerprint_H_bit_20,0.0
12,fingerprint_H_bit_21,0.0
12,fingerprint_H_bit_22,0.0
12,fingerprint_H_bit_19,0.0
12,fingerprint_H_bit_14,0.0
12,fingerprint_H_bit_36,0.0
12,fingerprint_H_bit_223,0.0
12,fingerprint_H_bit_35,0.0
12,poly_bridging_rings_count_sum_backbonefeaturizer,0.0
12,poly_iodine_count_sidechainfeaturizer_sum,0.0
12,poly_triple_bonds_sidechainfeaturizer_sum,0.0
12,poly_bridging_rings_count_sidechainfeaturizer_sum,0.0
12,poly_fraction_bicyclic_rings_sum_backbonefeaturizer,0.0
12,fingerprint_H_bit_140,0.0
12,fingerprint_H_bit_142,0.0
12,fingerprint_H_bit_141,0.0
12,fingerprint_H_bit_152,0.0
12,fingerprint_H_bit_150,0.0
12,fingerprint_H_bit_148,0.0
12,fingerprint_H_bit_149,0.0
12,poly_fluorine_count_sum_backbonefeaturizer,0.0
12,poly_triple_bonds_sum_backbonefeaturizer,0.0
12,poly_bromine_count_sum_backbonefeaturizer,0.0
12,poly_iodine_count_sum_backbonefeaturizer,0.0
12,fingerprint_H_bit_132,0.0
12,fingerprint_H_bit_135,0.0
12,fingerprint_H_bit_136,0.0
12,fingerprint_H_bit_130,0.0
12,fingerprint_H_bit_126,0.0
12,fingerprint_H_bit_124,0.0
12,fingerprint_H_bit_127,0.0
12,fingerprint_H_bit_129,0.0
12,drug_fingerprint_bit_21,0.0
12,fingerprint_H_bit_122,0.0
12,drug_fingerprint_bit_9,0.0
12,drug_fingerprint_bit_17,0.0
12,fingerprint_H_bit_137,0.0
12,poly_total_halogens_sum_backbonefeaturizer,0.0
12,fingerprint_H_bit_153,0.0
12,poly_chlorine_count_sum_backbonefeaturizer,0.0
12,poly_num_non_aromatic_rings_sidechainfeaturizer_sum,0.0
12,poly_fraction_bicyclic_rings_sidechainfeaturizer_sum,0.0
12,poly_num_aliphatic_heterocycles_sidechainfeaturizer_sum,0.0
12,poly_total_halogens_sum_fullpolymerfeaturizer,0.0
12,fingerprint_H_bit_180,0.0
12,fingerprint_H_bit_179,0.0
12,fingerprint_H_bit_184,0.0
12,poly_bridging_rings_count_sum_fullpolymerfeaturizer,0.0
12,fingerprint_H_bit_177,0.0
12,poly_total_halogens_sidechainfeaturizer_sum,0.0
12,fingerprint_H_bit_169,0.0
12,fingerprint_H_bit_168,0.0
12,fingerprint_H_bit_166,0.0
12,drug_fingerprint_bit_221,0.0
12,poly_bromine_count_sidechainfeaturizer_sum,0.0
12,poly_chlorine_count_sidechainfeaturizer_sum,0.0
12,fingerprint_H_bit_161,0.0
12,fingerprint_H_bit_163,0.0
12,fingerprint_H_bit_165,0.0
12,fingerprint_H_bit_160,0.0
12,fingerprint_H_bit_154,0.0
12,fingerprint_H_bit_146,0.0
12,fingerprint_H_bit_156,0.0
12,fingerprint_H_bit_157,0.0
12,fingerprint_H_bit_10,0.0
12,fingerprint_H_bit_11,0.0
12,fingerprint_H_bit_12,0.0
12,fingerprint_H_bit_221,0.0
12,fingerprint_H_bit_220,0.0
12,drug_fingerprint_bit_244,0.0
12,fingerprint_H_bit_40,0.0
12,fingerprint_H_bit_25,0.0
12,fingerprint_H_bit_173,0.0
12,fingerprint_H_bit_247,0.0
12,fingerprint_H_bit_248,0.0
12,fingerprint_H_bit_249,0.0
12,fingerprint_H_bit_252,0.0
12,fingerprint_H_bit_250,0.0
12,fingerprint_H_bit_253,0.0
12,fingerprint_H_bit_117,0.0
12,fingerprint_H_bit_109,0.0
12,drug_fingerprint_bit_51,0.0
12,drug_fingerprint_bit_54,0.0
12,fingerprint_H_bit_107,0.0
12,fingerprint_H_bit_110,0.0
12,fingerprint_H_bit_108,0.0
12,drug_fingerprint_bit_195,0.0
12,fingerprint_H_bit_111,0.0
12,fingerprint_H_bit_181,0.0
12,fingerprint_H_bit_178,0.0
12,drug_fingerprint_bit_198,0.0
12,drug_fingerprint_bit_209,0.0
12,drug_fingerprint_bit_215,0.0
12,drug_fingerprint_bit_217,0.0
12,drug_fingerprint_bit_220,0.0
12,fingerprint_H_bit_115,0.0
12,fingerprint_H_bit_44,0.0
12,fingerprint_H_bit_47,0.0
12,fingerprint_H_bit_49,0.0
12,fingerprint_H_bit_50,0.0
12,fingerprint_H_bit_55,0.0
12,fingerprint_H_bit_51,0.0
12,fingerprint_H_bit_170,0.0
12,fingerprint_H_bit_172,0.0
12,fingerprint_H_bit_235,0.0
12,fingerprint_H_bit_238,0.0
12,fingerprint_H_bit_239,0.0
12,drug_fingerprint_bit_87,0.0
12,fingerprint_H_bit_199,0.0
12,fingerprint_H_bit_234,0.0
12,fingerprint_H_bit_200,0.0
12,fingerprint_H_bit_201,0.0
12,poly_fraction_bicyclic_rings_sum_fullpolymerfeaturizer,0.0
12,fingerprint_H_bit_196,0.0
12,fingerprint_H_bit_198,0.0
12,fingerprint_H_bit_255,0.0
12,fingerprint_H_bit_254,0.0
12,fingerprint_H_bit_99,0.0
12,fingerprint_H_bit_97,0.0
12,fingerprint_H_bit_96,0.0
12,fingerprint_H_bit_95,0.0
12,fingerprint_H_bit_94,0.0
12,fingerprint_H_bit_93,0.0
12,fingerprint_H_bit_92,0.0
12,fingerprint_H_bit_91,0.0
12,fingerprint_H_bit_90,0.0
12,drug_fingerprint_bit_102,0.0
12,poly_fluorine_count_sum_fullpolymerfeaturizer,0.0
12,poly_triple_bonds_sum_fullpolymerfeaturizer,0.0
12,drug_fingerprint_bit_68,0.0
12,fingerprint_H_bit_43,0.0
12,drug_fingerprint_bit_89,0.0
12,poly_iodine_count_sum_fullpolymerfeaturizer,0.0
12,poly_bromine_count_sum_fullpolymerfeaturizer,0.0
12,poly_chlorine_count_sum_fullpolymerfeaturizer,0.0
12,fingerprint_H_bit_171,0.0
12,fingerprint_H_bit_188,0.0
12,fingerprint_H_bit_189,0.0
12,fingerprint_H_bit_190,0.0
12,fingerprint_H_bit_101,0.0
12,fingerprint_H_bit_102,0.0
12,fingerprint_H_bit_103,0.0
12,fingerprint_H_bit_104,0.0
12,fingerprint_H_bit_105,0.0
12,drug_fingerprint_bit_112,0.0
12,fingerprint_H_bit_244,0.0
12,fingerprint_H_bit_242,0.0
12,fingerprint_H_bit_243,0.0
12,fingerprint_H_bit_228,0.0
12,fingerprint_H_bit_246,0.0
12,fingerprint_H_bit_187,0.0
12,fingerprint_H_bit_231,0.0
12,fingerprint_H_bit_72,0.0
12,fingerprint_H_bit_73,0.0
12,drug_fingerprint_bit_176,0.0
12,fingerprint_H_bit_240,0.0
12,fingerprint_H_bit_77,0.0
12,fingerprint_H_bit_76,0.0
12,fingerprint_H_bit_79,0.0
12,fingerprint_H_bit_71,0.0
12,fingerprint_H_bit_74,0.0
12,fingerprint_H_bit_75,0.0
12,drug_fingerprint_bit_123,0.0
12,fingerprint_H_bit_88,0.0
12,fingerprint_H_bit_87,0.0
12,fingerprint_H_bit_225,0.0
12,fingerprint_H_bit_230,0.0
12,fingerprint_H_bit_229,0.0
12,fingerprint_H_bit_82,0.0
12,fingerprint_H_bit_83,0.0
12,fingerprint_H_bit_86,0.0
12,fingerprint_H_bit_210,0.0
12,fingerprint_H_bit_209,0.0
12,fingerprint_H_bit_208,0.0
12,fingerprint_H_bit_206,0.0
12,fingerprint_H_bit_215,0.0
12,fingerprint_H_bit_203,0.0
12,fingerprint_H_bit_195,0.0
12,fingerprint_H_bit_193,0.0
12,fingerprint_H_bit_194,0.0
12,fingerprint_H_bit_192,0.0
12,fingerprint_H_bit_191,0.0
12,fingerprint_H_bit_62,0.0
12,fingerprint_H_bit_211,0.0
12,fingerprint_H_bit_60,0.0
12,fingerprint_H_bit_59,0.0
12,drug_fingerprint_bit_166,0.0
12,drug_fingerprint_bit_157,0.0
12,fingerprint_H_bit_0,0.0
12,fingerprint_H_bit_24,0.0
12,fingerprint_H_bit_23,0.0
12,drug_bromine_count_sum_fullmolecularfeaturizer,0.0
12,drug_fingerprint_bit_254,0.0
12,fingerprint_H_bit_9,0.0
12,fingerprint_H_bit_8,0.0
12,fingerprint_H_bit_6,0.0
12,fingerprint_H_bit_5,0.0
12,fingerprint_H_bit_4,0.0
12,fingerprint_H_bit_3,0.0
12,fingerprint_H_bit_2,0.0
12,fingerprint_H_bit_241,-9.944426234856759e-15
12,drug_fingerprint_bit_53,-0.0003174080989443985
12,drug_fingerprint_bit_65,-0.001313154181838831
12,fingerprint_H_bit_64,-0.0014837356565516086
12,drug_fingerprint_bit_212,-0.001613740495158286
12,drug_fp_density_morgan1_sum_fullmolecularfeaturizer,-0.0016288886519902662
12,drug_fingerprint_bit_86,-0.001825440622512785
12,drug_fingerprint_bit_32,-0.0021561933808634005
12,drug_fingerprint_bit_118,-0.004701437495464379
12,drug_fingerprint_bit_143,-0.004838341940598139
12,poly_topological_surface_area_sum_fullpolymerfeaturizer,-0.004914649328846802
12,drug_fingerprint_bit_25,-0.004938199254220768
12,drug_max_ring_size_sum_fullmolecularfeaturizer,-0.005229244594220641
12,drug_double_bonds_sum_fullmolecularfeaturizer,-0.006628149333343388
12,drug_fingerprint_bit_121,-0.007013458732983827
12,drug_fingerprint_bit_149,-0.007304362620924146
12,drug_fingerprint_bit_74,-0.008012606387490259
12,drug_max_estate_index_sum_fullmolecularfeaturizer,-0.009779352020060852
12,drug_fingerprint_bit_129,-0.010089119802116766
12,drug_fingerprint_bit_216,-0.01010862839951599
12,poly_heteroatom_count_sum_fullpolymerfeaturizer,-0.011757500279138655
12,drug_fingerprint_bit_124,-0.016020740244344408
12,drug_fingerprint_bit_175,-0.016615717648043125
12,fingerprint_H_bit_218,-0.01666562316718472
12,drug_fingerprint_bit_55,-0.017094974663180832
12,poly_heteroatom_density_sum_backbonefeaturizer,-0.024075169291922185
12,drug_fingerprint_bit_192,-0.025028307633446493
12,drug_fingerprint_bit_113,-0.02578710794198816
12,drug_fingerprint_bit_156,-0.02751160750185708
12,drug_fingerprint_bit_133,-0.028395865093185983
12,poly_slogp_vsa1_sum_backbonefeaturizer,-0.031045927339299468
12,drug_fingerprint_bit_73,-0.03200655906782389
12,fingerprint_H_bit_7,-0.03696772442939739
12,drug_fingerprint_bit_144,-0.042944245749332303
12,drug_fingerprint_bit_243,-0.04629291948444344
12,poly_num_hbond_acceptors_sum_fullpolymerfeaturizer,-0.049438088344825055
12,drug_fingerprint_bit_138,-0.05383760441438923
12,drug_fingerprint_bit_193,-0.05415530066400625
12,fingerprint_H_bit_207,-0.05890625772867586
12,drug_fingerprint_bit_242,-0.06224196236225269
12,drug_fingerprint_bit_91,-0.06409511296829747
12,poly_fp_density_morgan1_sum_fullpolymerfeaturizer,-0.0688734540250494
12,drug_fingerprint_bit_230,-0.06933186543853745
12,drug_fingerprint_bit_131,-0.07612804908780123
12,fingerprint_H_bit_39,-0.07688853846948909
12,drug_fingerprint_bit_130,-0.08449245194750755
12,drug_fingerprint_bit_58,-0.08660435398747833
12,fingerprint_H_bit_133,-0.09964881152406249
12,drug_fingerprint_bit_40,-0.10441134805595331
12,drug_fingerprint_bit_214,-0.10787794066467926
12,fingerprint_H_bit_147,-0.11048796485489756
12,drug_fingerprint_bit_207,-0.11114528177580627
12,drug_fingerprint_bit_168,-0.11584442760847868
12,drug_fingerprint_bit_1,-0.12154498086936417
12,poly_smr_vsa5_sum_fullpolymerfeaturizer,-0.1267855742298629
12,drug_fingerprint_bit_38,-0.13168248763528076
12,fingerprint_H_bit_38,-0.13354880383886
12,fingerprint_H_bit_145,-0.14742743030915134
12,drug_charge_at_WATER_PH,-0.1588175551749576
12,drug_num_rotatable_bonds_sum_fullmolecularfeaturizer,-0.17247834719805094
12,drug_fingerprint_bit_228,-0.1934178799999
12,drug_slogp_vsa1_sum_fullmolecularfeaturizer,-0.20163681574554357
12,fingerprint_H_bit_120,-0.2093682324803457
12,fingerprint_H_bit_42,-0.2268955964736265
12,logd_at_WATER_PH_H,-0.23472428857767066
12,drug_fingerprint_bit_107,-0.24831594469100812
12,fingerprint_H_bit_138,-0.25995106192854156
12,drug_fingerprint_bit_233,-0.27779340877124037
12,drug_fingerprint_bit_43,-0.28641640359839776
12,drug_fingerprint_bit_111,-0.2907058554797362
12,poly_heteroatom_count_sum_backbonefeaturizer,-0.31920462286282225
12,WATER_PH,-0.3431833875539742
12,drug_fingerprint_bit_163,-0.3843964909779412
12,drug_fingerprint_bit_186,-0.3948458414587574
12,drug_fingerprint_bit_128,-0.42730471293310185
12,poly_slogp_vsa1_sum_fullpolymerfeaturizer,-0.4295739453095426
12,drug_fingerprint_bit_47,-0.4635473390367729
12,poly_heteroatom_density_sum_fullpolymerfeaturizer,-0.4783198762095644
12,charge_at_WATER_PH_H,-0.4833885104308961
12,drug_fingerprint_bit_237,-0.5013834497839221
12,drug_fingerprint_bit_72,-0.5476595922727133
12,drug_fingerprint_bit_119,-0.5747629235196162
12,poly_num_hbond_donors_sum_fullpolymerfeaturizer,-0.6096072553748494
12,drug_fingerprint_bit_64,-0.6890451004124566
12,drug_fingerprint_bit_224,-0.7079670334570459
12,drug_fingerprint_bit_4,-0.7102720279405655
12,drug_fingerprint_bit_33,-0.7268048877536007
12,drug_fingerprint_bit_45,-0.905557758379805
12,fingerprint_H_bit_164,-0.9123999189674369
12,fingerprint_H_bit_114,-0.9472999223825217
12,drug_fingerprint_bit_19,-0.9607259998456258
12,CONCENTRATION,-1.1782922665275817
12,drug_fingerprint_bit_108,-1.333833574787094
12,drug_fingerprint_bit_200,-1.346654671310778
12,drug_fingerprint_bit_88,-1.506632555719684
12,drug_fingerprint_bit_151,-1.5758454911930055
13,fingerprint_H_bit_177,7.606100914022521
13,drug_fingerprint_bit_190,7.182524460202592
13,drug_fingerprint_bit_98,5.3152784738834375
13,poly_slogp_vsa1_sum_fullpolymerfeaturizer,4.948499740904087
13,poly_balaban_j_index_sidechainfeaturizer_sum,4.090048642802149
13,drug_fingerprint_bit_42,2.992893400544948
13,poly_num_rotatable_bonds_sum_backbonefeaturizer,2.8535080052161876
13,poly_num_aromatic_rings_sum_backbonefeaturizer,2.4270087772602467
13,poly_max_estate_index_sidechainfeaturizer_sum,2.391430784166392
13,poly_sp2_carbon_count_sum_backbonefeaturizer,2.3894404820240895
13,fingerprint_H_bit_113,2.157482164317294
13,poly_num_aromatic_rings_sidechainfeaturizer_sum,2.086662697967553
13,fingerprint_H_bit_120,2.023021989391741
13,poly_heteroatom_count_sum_backbonefeaturizer,1.9659083151497536
13,poly_heteroatom_density_sidechainfeaturizer_sum,1.9485433600341866
13,fingerprint_H_bit_125,1.7957359850458474
13,poly_num_hbond_acceptors_sum_backbonefeaturizer,1.7916617998200195
13,fingerprint_H_bit_139,1.7125226172230867
13,drug_fingerprint_bit_218,1.701500773837574
13,fingerprint_H_bit_222,1.6982033625445838
13,poly_num_atoms_sum_backbonefeaturizer,1.6544607603445483
13,fingerprint_H_bit_128,1.4169991665807409
13,poly_num_atoms_sidechainfeaturizer_sum,1.3670682560951313
13,poly_sp2_carbon_count_sidechainfeaturizer_sum,1.3571693301450443
13,poly_slogp_vsa1_sum_backbonefeaturizer,1.3519535038121528
13,poly_topological_surface_area_sum_backbonefeaturizer,1.3084668126787382
13,fingerprint_H_bit_1,1.2968307248924629
13,fingerprint_H_bit_186,1.1905363993735718
13,fingerprint_H_bit_204,1.162515230620641
13,fingerprint_H_bit_81,1.1515720770508557
13,poly_sp3_carbon_count_sum_backbonefeaturizer,1.1278111533511175
13,drug_fingerprint_bit_188,1.1049728088181971
13,fingerprint_H_bit_41,1.1020249044450217
13,fingerprint_H_bit_155,1.0759285469161715
13,drug_fingerprint_bit_110,1.0683623022127853
13,drug_fingerprint_bit_158,1.0232898420587566
13,fingerprint_H_bit_133,1.0102282446031732
13,poly_num_aromatic_rings_sum_fullpolymerfeaturizer,0.9904990878542594
13,drug_fingerprint_bit_213,0.9764583898058942
13,fingerprint_H_bit_85,0.9760596983701989
13,fingerprint_H_bit_182,0.9661636835724462
13,logd_at_WATER_PH_H,0.9209819462158227
13,fingerprint_H_bit_64,0.9016411586163261
13,poly_max_ring_size_sidechainfeaturizer_sum,0.878303460948467
13,poly_molecular_weight_sum_backbonefeaturizer,0.8647774483918936
13,poly_single_bonds_sidechainfeaturizer_sum,0.836436566141907
13,poly_topological_surface_area_sidechainfeaturizer_sum,0.8237104644084445
13,poly_fp_density_morgan1_sum_backbonefeaturizer,0.818187028295822
13,poly_max_ring_size_sum_fullpolymerfeaturizer,0.8073348529439189
13,lumo_eV_H,0.7978987526505241
13,fingerprint_H_bit_236,0.7894384552336479
13,poly_double_bonds_sum_backbonefeaturizer,0.7553755250967737
13,fingerprint_H_bit_33,0.7529906562404489
13,drug_fingerprint_bit_153,0.7527530897359972
13,drug_num_hbond_donors_sum_fullmolecularfeaturizer,0.7501875527480125
13,drug_fingerprint_bit_211,0.6918175248428629
13,drug_fingerprint_bit_3,0.6749177212761083
13,drug_fingerprint_bit_159,0.6679028304520696
13,drug_fingerprint_bit_160,0.6361143053222783
13,poly_num_hbond_acceptors_sidechainfeaturizer_sum,0.6259197560462513
13,fingerprint_H_bit_53,0.6215530542102689
13,drug_heteroatom_count_sum_fullmolecularfeaturizer,0.6098318836613243
13,fingerprint_H_bit_218,0.6027168223541659
13,drug_fingerprint_bit_22,0.5776271685922635
13,fingerprint_H_bit_119,0.5759855056218987
13,drug_bridging_rings_count_sum_fullmolecularfeaturizer,0.5581886292555731
13,poly_fp_density_morgan1_sidechainfeaturizer_sum,0.5254063262116132
13,poly_num_hbond_donors_sum_backbonefeaturizer,0.5227265834449496
13,fingerprint_H_bit_217,0.5156447478896804
13,drug_fingerprint_bit_49,0.510051567252011
13,poly_num_rings_sum_fullpolymerfeaturizer,0.509937771609922
13,drug_fingerprint_bit_167,0.5052846313738425
13,drug_logp,0.5022769447431882
13,fingerprint_H_bit_245,0.5016051396666156
13,drug_fingerprint_bit_164,0.49422091454735223
13,poly_smr_vsa5_sidechainfeaturizer_sum,0.4909286491958093
13,fingerprint_H_bit_69,0.4868957840993208
13,poly_num_rings_sum_backbonefeaturizer,0.47578335601622573
13,drug_total_halogens_sum_fullmolecularfeaturizer,0.4688690865812362
13,poly_double_bonds_sum_fullpolymerfeaturizer,0.46767791068384584
13,fingerprint_H_bit_67,0.4669188518455688
13,drug_fingerprint_bit_147,0.466566462642881
13,poly_num_rings_sidechainfeaturizer_sum,0.4620010675514022
13,fingerprint_H_bit_78,0.4608837002528498
13,poly_fp_density_morgan1_sum_fullpolymerfeaturizer,0.4607362294003861
13,fingerprint_H_bit_197,0.4537972901456356
13,fingerprint_H_bit_27,0.4535145112234617
13,poly_double_bonds_sidechainfeaturizer_sum,0.4469372392724479
13,fingerprint_H_bit_167,0.4447172763427222
13,poly_num_hbond_donors_sidechainfeaturizer_sum,0.437542570415867
13,drug_fingerprint_bit_253,0.43712403782547227
13,fingerprint_H_bit_13,0.4347601118256766
13,fingerprint_H_bit_251,0.4311848993133881
13,poly_molecular_weight_sidechainfeaturizer_sum,0.40843521492972357
13,fingerprint_H_bit_84,0.406044347463982
13,drug_fingerprint_bit_0,0.3967512791265217
13,fingerprint_H_bit_100,0.39426450493944515
13,drug_num_aromatic_rings_sum_fullmolecularfeaturizer,0.38105766121369467
13,drug_fingerprint_bit_50,0.37431612508290707
13,drug_fingerprint_bit_99,0.36375083754800064
13,drug_fingerprint_bit_74,0.34741130047052454
13,poly_smr_vsa5_sum_fullpolymerfeaturizer,0.3444975428978266
13,drug_fingerprint_bit_81,0.34133728964020243
13,drug_balaban_j_index_sum_fullmolecularfeaturizer,0.34006625277003305
13,drug_fingerprint_bit_223,0.3393377827989337
13,drug_fingerprint_bit_155,0.33595034732780504
13,drug_fingerprint_bit_11,0.31230732894049706
13,drug_topological_surface_area_sum_fullmolecularfeaturizer,0.30876315815143585
13,drug_fingerprint_bit_201,0.30519051376918477
13,drug_fraction_bicyclic_rings_sum_fullmolecularfeaturizer,0.3051627588549044
13,poly_sp3_carbon_count_sidechainfeaturizer_sum,0.3042824151906634
13,fingerprint_H_bit_54,0.30152644293657965
13,fingerprint_H_bit_58,0.2989829890495576
13,drug_fingerprint_bit_115,0.2924356982001474
13,poly_max_estate_index_sum_backbonefeaturizer,0.28604575135077537
13,poly_num_rotatable_bonds_sum_fullpolymerfeaturizer,0.2846760584442161
13,drug_fingerprint_bit_118,0.2838142102783553
13,poly_single_bonds_sum_backbonefeaturizer,0.2824396064895676
13,fingerprint_H_bit_226,0.28016016646644903
13,fingerprint_H_bit_232,0.27509002760825324
13,drug_fingerprint_bit_246,0.2744114824357013
13,fingerprint_H_bit_214,0.2695175203043686
13,drug_fingerprint_bit_126,0.26473690966745783
13,drug_fingerprint_bit_15,0.2641851974134579
13,drug_fingerprint_bit_180,0.2634687149139158
13,drug_num_aliphatic_heterocycles_sum_fullmolecularfeaturizer,0.26175017292080616
13,drug_fingerprint_bit_183,0.25383569855965793
13,drug_fingerprint_bit_36,0.2514899310575206
13,drug_fingerprint_bit_71,0.2487989306223009
13,drug_fingerprint_bit_24,0.24537803913120274
13,drug_fingerprint_bit_184,0.24535355488959512
13,poly_heteroatom_count_sidechainfeaturizer_sum,0.24312661897529958
13,drug_fingerprint_bit_170,0.23975503870637205
13,fingerprint_H_bit_70,0.23864028142015528
13,fingerprint_H_bit_37,0.2378201098993585
13,poly_heteroatom_density_sum_fullpolymerfeaturizer,0.23633215609053052
13,drug_fingerprint_bit_141,0.2356021055316324
13,drug_fingerprint_bit_189,0.23360179298901526
13,drug_fingerprint_bit_165,0.23319813464510844
13,fingerprint_H_bit_159,0.23157367299589326
13,poly_balaban_j_index_sum_backbonefeaturizer,0.2310663148349378
13,fingerprint_H_bit_175,0.22954169981307385
13,drug_fingerprint_bit_206,0.2262937175838063
13,drug_fingerprint_bit_227,0.2164084629554364
13,poly_sp3_carbon_count_sum_fullpolymerfeaturizer,0.21335199347863387
13,drug_fingerprint_bit_145,0.21054889265547927
13,drug_logd_at_WATER_PH,0.21046443294850828
13,drug_single_bonds_sum_fullmolecularfeaturizer,0.21007422765930842
13,poly_heteroatom_density_sum_backbonefeaturizer,0.20984998612404882
13,drug_fingerprint_bit_144,0.20915876304674366
13,drug_fingerprint_bit_216,0.2051233472687144
13,drug_fingerprint_bit_83,0.20259869828747237
13,drug_fingerprint_bit_205,0.20140317160633256
13,drug_fingerprint_bit_185,0.19958426752795017
13,fingerprint_H_bit_89,0.19941270847692602
13,drug_fingerprint_bit_197,0.19504049952733146
13,drug_lumo_eV,0.18849600494841948
13,drug_fingerprint_bit_146,0.1792948440975357
13,drug_fingerprint_bit_105,0.17594265482511773
13,drug_fingerprint_bit_106,0.17490525271052051
13,drug_fingerprint_bit_251,0.17472069340624868
13,drug_fingerprint_bit_169,0.17413607793173608
13,drug_fingerprint_bit_127,0.17410711912224253
13,fingerprint_H_bit_162,0.1718972099064454
13,poly_num_rotatable_bonds_sidechainfeaturizer_sum,0.16916475554572677
13,drug_fluorine_count_sum_fullmolecularfeaturizer,0.1673118172677225
13,drug_fingerprint_bit_46,0.16357420069287512
13,drug_num_hbond_acceptors_sum_fullmolecularfeaturizer,0.16304367603174055
13,drug_num_rings_sum_fullmolecularfeaturizer,0.16218410423352628
13,drug_fingerprint_bit_156,0.15762239786563415
13,drug_fingerprint_bit_97,0.15309460222232793
13,homo_eV_H,0.1517974690958543
13,drug_fingerprint_bit_137,0.150138830775662
13,drug_fingerprint_bit_35,0.14776955882891324
13,drug_fingerprint_bit_75,0.14751286279342457
13,drug_fingerprint_bit_69,0.1464267853385826
13,drug_chlorine_count_sum_fullmolecularfeaturizer,0.1449627759228349
13,drug_fingerprint_bit_136,0.14361933585722117
13,drug_fingerprint_bit_203,0.14343209191024406
13,drug_fingerprint_bit_226,0.14124162740478563
13,drug_fingerprint_bit_140,0.13792440248778912
13,drug_num_rotatable_bonds_sum_fullmolecularfeaturizer,0.1368379552221393
13,drug_sp3_carbon_count_sum_fullmolecularfeaturizer,0.13567463592035228
13,drug_fingerprint_bit_132,0.1352804691046933
13,poly_smr_vsa5_sum_backbonefeaturizer,0.13423298916913587
13,drug_fingerprint_bit_37,0.13385437915221415
13,drug_smr_vsa5_sum_fullmolecularfeaturizer,0.13380658983269011
13,drug_fingerprint_bit_177,0.13317590448975553
13,drug_fingerprint_bit_204,0.13155974426155925
13,fingerprint_H_bit_52,0.13142865186311795
13,drug_fingerprint_bit_212,0.12860341185151594
13,fingerprint_H_bit_143,0.12583109228937484
13,drug_fingerprint_bit_109,0.1226685358090497
13,drug_fingerprint_bit_27,0.11953554749324617
13,drug_fingerprint_bit_28,0.11725734130866974
13,drug_fingerprint_bit_23,0.11566238954290202
13,drug_fingerprint_bit_114,0.11291669559906081
13,fingerprint_H_bit_227,0.11190785025270644
13,drug_fingerprint_bit_30,0.11112423513078398
13,drug_fingerprint_bit_10,0.10962697768398387
13,fingerprint_H_bit_45,0.10918026355001019
13,fingerprint_H_bit_61,0.10671960049896757
13,drug_fingerprint_bit_240,0.10652084112020388
13,drug_fingerprint_bit_122,0.1049118957554193
13,drug_fingerprint_bit_199,0.10375967206708511
13,drug_fingerprint_bit_63,0.10077642590553189
13,poly_slogp_vsa1_sidechainfeaturizer_sum,0.09417174159059231
13,drug_fingerprint_bit_76,0.0928301115308975
13,fingerprint_H_bit_216,0.09099259463516862
13,drug_fingerprint_bit_236,0.08934920530697063
13,drug_fingerprint_bit_39,0.08924439076154493
13,drug_fingerprint_bit_255,0.08914601477988893
13,drug_fingerprint_bit_67,0.08882258489429992
13,drug_fingerprint_bit_161,0.08824432431110316
13,fingerprint_H_bit_134,0.08795365344432807
13,drug_homo_eV,0.08778248687180666
13,drug_fingerprint_bit_202,0.08656257501521174
13,fingerprint_H_bit_121,0.08536554950416046
13,drug_fingerprint_bit_60,0.080738033421576
13,drug_fingerprint_bit_13,0.0806192066785338
13,drug_fingerprint_bit_239,0.08009066441386735
13,drug_fingerprint_bit_44,0.07881534615415053
13,drug_fingerprint_bit_18,0.07808157783612558
13,drug_fingerprint_bit_34,0.07712679634727204
13,drug_fingerprint_bit_7,0.0744172404679075
13,drug_fingerprint_bit_2,0.07436664955899307
13,drug_fingerprint_bit_41,0.0742002725117297
13,drug_fingerprint_bit_181,0.07316154569080502
13,drug_fingerprint_bit_148,0.07256276459221749
13,fingerprint_H_bit_32,0.07224145823370483
13,drug_fingerprint_bit_58,0.07184288390832645
13,drug_fingerprint_bit_100,0.07155440302495837
13,drug_fingerprint_bit_90,0.07104429013762603
13,drug_fingerprint_bit_73,0.0693296766711815
13,drug_fingerprint_bit_61,0.06867389323629607
13,drug_fingerprint_bit_77,0.06865480795262138
13,fingerprint_H_bit_212,0.06639042270726826
13,fingerprint_H_bit_123,0.06569355398679093
13,drug_fingerprint_bit_26,0.06527966394490577
13,drug_fingerprint_bit_101,0.06392625119522165
13,drug_fingerprint_bit_150,0.06362412782788408
13,fingerprint_H_bit_48,0.06333157510035832
13,fingerprint_H_bit_28,0.06324042947566688
13,fingerprint_H_bit_57,0.06106675206278367
13,drug_fingerprint_bit_172,0.060286370342809856
13,drug_fingerprint_bit_82,0.05840696082954716
13,drug_num_atoms_sum_fullmolecularfeaturizer,0.05723388655174107
13,drug_fingerprint_bit_235,0.05704461093102908
13,fingerprint_H_bit_26,0.05647785877152765
13,drug_num_non_aromatic_rings_sum_fullmolecularfeaturizer,0.055311011070654136
13,drug_fingerprint_bit_125,0.054795424944899036
13,drug_fingerprint_bit_249,0.049537496432133656
13,drug_molecular_weight_sum_fullmolecularfeaturizer,0.04862568755729924
13,drug_fingerprint_bit_48,0.04856633169446656
13,fingerprint_H_bit_116,0.04566778285232322
13,drug_fingerprint_bit_32,0.04556554911497207
13,drug_fingerprint_bit_194,0.045436679623946784
13,drug_fingerprint_bit_6,0.04516935988479081
13,drug_fingerprint_bit_250,0.04477076910145631
13,drug_fp_density_morgan1_sum_fullmolecularfeaturizer,0.043712499422877915
13,drug_fingerprint_bit_57,0.043161088664418604
13,drug_fingerprint_bit_119,0.042163518932480146
13,drug_heteroatom_density_sum_fullmolecularfeaturizer,0.04203252901650625
13,drug_fingerprint_bit_139,0.041630038313097036
13,fingerprint_H_bit_68,0.04161035458745349
13,drug_fingerprint_bit_92,0.04084249427473678
13,drug_fingerprint_bit_222,0.04016427434391793
13,fingerprint_H_bit_98,0.039068831589035964
13,drug_fingerprint_bit_95,0.037729652916679415
13,drug_fingerprint_bit_191,0.03727602028364781
13,drug_fingerprint_bit_117,0.03692515626772759
13,drug_fingerprint_bit_154,0.03655513717280513
13,fingerprint_H_bit_30,0.03613757558002249
13,drug_fingerprint_bit_193,0.035212866308295475
13,fingerprint_H_bit_80,0.03462935909766675
13,drug_fingerprint_bit_38,0.03392760435617515
13,drug_fingerprint_bit_242,0.033507698003869366
13,fingerprint_H_bit_131,0.03278569982539322
13,drug_fingerprint_bit_162,0.03185135614057666
13,poly_num_non_aromatic_rings_sum_backbonefeaturizer,0.031749381685497645
13,drug_fingerprint_bit_231,0.03147287448910581
13,drug_fingerprint_bit_173,0.031134456952460216
13,drug_fingerprint_bit_103,0.03107159231279964
13,fingerprint_H_bit_158,0.03106730287819139
13,drug_fingerprint_bit_241,0.030834778322348162
13,drug_fingerprint_bit_78,0.03042384885322618
13,drug_fingerprint_bit_187,0.030396415141720916
13,drug_fingerprint_bit_248,0.02993350183354557
13,drug_fingerprint_bit_116,0.029701818763979735
13,drug_fingerprint_bit_135,0.029379801648911155
13,drug_fingerprint_bit_85,0.028575384752662015
13,drug_fingerprint_bit_62,0.028112713888273043
13,fingerprint_H_bit_151,0.02758714949196217
13,fingerprint_H_bit_164,0.02637926374106614
13,drug_fingerprint_bit_93,0.025509025638249576
13,drug_fingerprint_bit_142,0.025328142148333725
13,fingerprint_H_bit_65,0.02466095747562878
13,drug_fingerprint_bit_152,0.023864117511977975
13,drug_fingerprint_bit_178,0.022718235730690234
13,fingerprint_H_bit_46,0.02131648504651346
13,fingerprint_H_bit_18,0.021139975039484282
13,drug_fingerprint_bit_134,0.02085126329954006
13,drug_fingerprint_bit_70,0.02067509703953802
13,fingerprint_H_bit_185,0.019809405329362966
13,poly_balaban_j_index_sum_fullpolymerfeaturizer,0.018735885941175954
13,drug_fingerprint_bit_56,0.018492013671971255
13,fingerprint_H_bit_205,0.01781681066428282
13,drug_fingerprint_bit_96,0.017480328021771796
13,drug_fingerprint_bit_16,0.015477464686379703
13,drug_fingerprint_bit_129,0.015010132997854269
13,fingerprint_H_bit_144,0.014620971397611973
13,drug_fingerprint_bit_252,0.014330038751129601
13,poly_num_aliphatic_heterocycles_sum_fullpolymerfeaturizer,0.013026336322101817
13,drug_fingerprint_bit_59,0.012351573323621325
13,fingerprint_H_bit_34,0.012090257741523747
13,drug_fingerprint_bit_179,0.01155047055036275
13,fingerprint_H_bit_174,0.011334522687520773
13,fingerprint_H_bit_219,0.011191163296535269
13,drug_fingerprint_bit_245,0.010866385089961446
13,drug_fingerprint_bit_14,0.01064366995874674
13,drug_fingerprint_bit_238,0.009519196672183745
13,drug_fingerprint_bit_104,0.009249316266484436
13,fingerprint_H_bit_224,0.008940182527512344
13,fingerprint_H_bit_106,0.008877428091488707
13,fingerprint_H_bit_112,0.008088101353607931
13,drug_fingerprint_bit_31,0.007538824045088987
13,poly_num_non_aromatic_rings_sum_fullpolymerfeaturizer,0.006313837705303695
13,drug_fingerprint_bit_171,0.005796335326728448
13,drug_fingerprint_bit_120,0.00530034661573089
13,drug_fingerprint_bit_229,0.003739874181147827
13,drug_fingerprint_bit_196,0.0035450045320115087
13,drug_fingerprint_bit_65,0.003508500230654608
13,drug_fingerprint_bit_208,0.0031790056826729294
13,drug_fingerprint_bit_94,0.002860368387539604
13,drug_fingerprint_bit_1,0.002212937579514054
13,poly_num_aliphatic_heterocycles_sum_backbonefeaturizer,0.0017729876300465353
13,drug_fingerprint_bit_20,0.0008990505512565607
13,drug_fingerprint_bit_79,0.0004903104472165672
13,drug_fingerprint_bit_8,3.6521020415850235e-05
13,fingerprint_H_bit_14,0.0
13,poly_bromine_count_sidechainfeaturizer_sum,0.0
13,fingerprint_H_bit_153,0.0
13,fingerprint_H_bit_154,0.0
13,fingerprint_H_bit_156,0.0
13,fingerprint_H_bit_157,0.0
13,fingerprint_H_bit_12,0.0
13,fingerprint_H_bit_189,0.0
13,fingerprint_H_bit_187,0.0
13,fingerprint_H_bit_188,0.0
13,fingerprint_H_bit_2,0.0
13,fingerprint_H_bit_3,0.0
13,fingerprint_H_bit_22,0.0
13,fingerprint_H_bit_195,0.0
13,fingerprint_H_bit_25,0.0
13,fingerprint_H_bit_24,0.0
13,fingerprint_H_bit_23,0.0
13,fingerprint_H_bit_0,0.0
13,fingerprint_H_bit_142,0.0
13,poly_total_halogens_sum_fullpolymerfeaturizer,0.0
13,poly_fluorine_count_sum_fullpolymerfeaturizer,0.0
13,poly_chlorine_count_sum_fullpolymerfeaturizer,0.0
13,poly_iodine_count_sum_fullpolymerfeaturizer,0.0
13,poly_bromine_count_sum_fullpolymerfeaturizer,0.0
13,poly_triple_bonds_sum_fullpolymerfeaturizer,0.0
13,poly_bridging_rings_count_sum_fullpolymerfeaturizer,0.0
13,poly_triple_bonds_sidechainfeaturizer_sum,0.0
13,poly_num_non_aromatic_rings_sidechainfeaturizer_sum,0.0
13,poly_fraction_bicyclic_rings_sidechainfeaturizer_sum,0.0
13,poly_iodine_count_sidechainfeaturizer_sum,0.0
13,poly_fraction_bicyclic_rings_sum_backbonefeaturizer,0.0
13,fingerprint_H_bit_135,0.0
13,fingerprint_H_bit_141,0.0
13,fingerprint_H_bit_40,0.0
13,drug_fingerprint_bit_215,0.0
13,drug_fingerprint_bit_217,0.0
13,drug_fingerprint_bit_209,0.0
13,drug_fingerprint_bit_198,0.0
13,poly_bridging_rings_count_sum_backbonefeaturizer,0.0
13,poly_triple_bonds_sum_backbonefeaturizer,0.0
13,poly_iodine_count_sum_backbonefeaturizer,0.0
13,fingerprint_H_bit_140,0.0
13,fingerprint_H_bit_35,0.0
13,fingerprint_H_bit_36,0.0
13,fingerprint_H_bit_31,0.0
13,fingerprint_H_bit_29,0.0
13,drug_fingerprint_bit_221,0.0
13,drug_fingerprint_bit_220,0.0
13,fingerprint_H_bit_137,0.0
13,fingerprint_H_bit_136,0.0
13,fingerprint_H_bit_249,0.0
13,fingerprint_H_bit_146,0.0
13,fingerprint_H_bit_148,0.0
13,fingerprint_H_bit_149,0.0
13,fingerprint_H_bit_150,0.0
13,poly_total_halogens_sum_backbonefeaturizer,0.0
13,poly_fluorine_count_sum_backbonefeaturizer,0.0
13,fingerprint_H_bit_152,0.0
13,poly_fluorine_count_sidechainfeaturizer_sum,0.0
13,poly_total_halogens_sidechainfeaturizer_sum,0.0
13,fingerprint_H_bit_51,0.0
13,fingerprint_H_bit_55,0.0
13,fingerprint_H_bit_50,0.0
13,fingerprint_H_bit_49,0.0
13,poly_chlorine_count_sidechainfeaturizer_sum,0.0
13,fingerprint_H_bit_15,0.0
13,fingerprint_H_bit_44,0.0
13,fingerprint_H_bit_47,0.0
13,poly_bridging_rings_count_sidechainfeaturizer_sum,0.0
13,drug_fingerprint_bit_234,0.0
13,drug_fingerprint_bit_232,0.0
13,fingerprint_H_bit_43,0.0
13,poly_num_aliphatic_heterocycles_sidechainfeaturizer_sum,0.0
13,fingerprint_H_bit_166,0.0
13,fingerprint_H_bit_165,0.0
13,fingerprint_H_bit_163,0.0
13,fingerprint_H_bit_161,0.0
13,fingerprint_H_bit_160,0.0
13,fingerprint_H_bit_194,0.0
13,fingerprint_H_bit_193,0.0
13,fingerprint_H_bit_192,0.0
13,fingerprint_H_bit_190,0.0
13,fingerprint_H_bit_250,0.0
13,fingerprint_H_bit_252,0.0
13,fingerprint_H_bit_253,0.0
13,fingerprint_H_bit_254,0.0
13,fingerprint_H_bit_255,0.0
13,poly_fraction_bicyclic_rings_sum_fullpolymerfeaturizer,0.0
13,fingerprint_H_bit_201,0.0
13,fingerprint_H_bit_200,0.0
13,fingerprint_H_bit_71,0.0
13,fingerprint_H_bit_62,0.0
13,fingerprint_H_bit_59,0.0
13,fingerprint_H_bit_60,0.0
13,fingerprint_H_bit_203,0.0
13,fingerprint_H_bit_202,0.0
13,fingerprint_H_bit_73,0.0
13,fingerprint_H_bit_72,0.0
13,fingerprint_H_bit_248,0.0
13,drug_fingerprint_bit_21,0.0
13,fingerprint_H_bit_246,0.0
13,drug_fingerprint_bit_17,0.0
13,drug_fingerprint_bit_195,0.0
13,drug_fingerprint_bit_9,0.0
13,fingerprint_H_bit_247,0.0
13,poly_bromine_count_sum_backbonefeaturizer,0.0
13,poly_chlorine_count_sum_backbonefeaturizer,0.0
13,fingerprint_H_bit_228,0.0
13,drug_fingerprint_bit_68,0.0
13,fingerprint_H_bit_238,0.0
13,fingerprint_H_bit_235,0.0
13,fingerprint_H_bit_240,0.0
13,fingerprint_H_bit_244,0.0
13,fingerprint_H_bit_243,0.0
13,fingerprint_H_bit_83,0.0
13,fingerprint_H_bit_86,0.0
13,fingerprint_H_bit_87,0.0
13,fingerprint_H_bit_88,0.0
13,fingerprint_H_bit_90,0.0
13,fingerprint_H_bit_91,0.0
13,fingerprint_H_bit_79,0.0
13,fingerprint_H_bit_82,0.0
13,fingerprint_H_bit_129,0.0
13,fingerprint_H_bit_127,0.0
13,fingerprint_H_bit_124,0.0
13,fingerprint_H_bit_126,0.0
13,fingerprint_H_bit_170,0.0
13,fingerprint_H_bit_132,0.0
13,fingerprint_H_bit_130,0.0
13,fingerprint_H_bit_171,0.0
13,drug_fingerprint_bit_87,0.0
13,fingerprint_H_bit_115,0.0
13,fingerprint_H_bit_230,0.0
13,drug_fingerprint_bit_54,0.0
13,drug_fingerprint_bit_51,0.0
13,fingerprint_H_bit_199,0.0
13,fingerprint_H_bit_95,0.0
13,fingerprint_H_bit_94,0.0
13,fingerprint_H_bit_93,0.0
13,fingerprint_H_bit_92,0.0
13,fingerprint_H_bit_234,0.0
13,fingerprint_H_bit_231,0.0
13,fingerprint_H_bit_229,0.0
13,fingerprint_H_bit_239,0.0
13,fingerprint_H_bit_242,0.0
13,fingerprint_H_bit_241,0.0
13,drug_fingerprint_bit_112,0.0
13,drug_fingerprint_bit_123,0.0
13,fingerprint_H_bit_172,0.0
13,fingerprint_H_bit_173,0.0
13,fingerprint_H_bit_178,0.0
13,fingerprint_H_bit_176,0.0
13,fingerprint_H_bit_180,0.0
13,fingerprint_H_bit_179,0.0
13,fingerprint_H_bit_223,0.0
13,fingerprint_H_bit_225,0.0
13,fingerprint_H_bit_181,0.0
13,fingerprint_H_bit_184,0.0
13,fingerprint_H_bit_122,0.0
13,fingerprint_H_bit_117,0.0
13,drug_fingerprint_bit_102,0.0
13,drug_fingerprint_bit_176,0.0
13,fingerprint_H_bit_107,0.0
13,fingerprint_H_bit_105,0.0
13,fingerprint_H_bit_103,0.0
13,fingerprint_H_bit_104,0.0
13,fingerprint_H_bit_101,0.0
13,fingerprint_H_bit_99,0.0
13,fingerprint_H_bit_97,0.0
13,fingerprint_H_bit_102,0.0
13,fingerprint_H_bit_96,0.0
13,fingerprint_H_bit_111,0.0
13,fingerprint_H_bit_110,0.0
13,fingerprint_H_bit_109,0.0
13,drug_fingerprint_bit_166,0.0
13,drug_fingerprint_bit_157,0.0
13,fingerprint_H_bit_108,0.0
13,drug_fingerprint_bit_89,0.0
13,fingerprint_H_bit_220,0.0
13,fingerprint_H_bit_221,0.0
13,fingerprint_H_bit_168,0.0
13,fingerprint_H_bit_169,0.0
13,fingerprint_H_bit_209,0.0
13,fingerprint_H_bit_208,0.0
13,fingerprint_H_bit_211,0.0
13,fingerprint_H_bit_215,0.0
13,fingerprint_H_bit_5,0.0
13,fingerprint_H_bit_206,0.0
13,fingerprint_H_bit_20,0.0
13,fingerprint_H_bit_21,0.0
13,fingerprint_H_bit_19,0.0
13,fingerprint_H_bit_17,0.0
13,fingerprint_H_bit_16,0.0
13,fingerprint_H_bit_210,0.0
13,fingerprint_H_bit_10,0.0
13,drug_fingerprint_bit_244,0.0
13,fingerprint_H_bit_198,0.0
13,fingerprint_H_bit_196,0.0
13,fingerprint_H_bit_77,0.0
13,fingerprint_H_bit_76,0.0
13,fingerprint_H_bit_75,0.0
13,fingerprint_H_bit_74,0.0
13,drug_triple_bonds_sum_fullmolecularfeaturizer,0.0
13,drug_iodine_count_sum_fullmolecularfeaturizer,0.0
13,drug_bromine_count_sum_fullmolecularfeaturizer,0.0
13,fingerprint_H_bit_11,0.0
13,drug_fingerprint_bit_254,0.0
13,fingerprint_H_bit_9,0.0
13,fingerprint_H_bit_8,0.0
13,fingerprint_H_bit_6,0.0
13,drug_fingerprint_bit_25,-0.0013928138232406906
13,drug_fingerprint_bit_55,-0.001732853574134324
13,drug_fingerprint_bit_121,-0.003282702211354761
13,drug_fingerprint_bit_80,-0.004852159943037758
13,drug_fingerprint_bit_225,-0.00751127445304796
13,fingerprint_H_bit_7,-0.008191231551181155
13,drug_fingerprint_bit_53,-0.009459111585932267
13,drug_fingerprint_bit_124,-0.010428440500799548
13,drug_max_ring_size_sum_fullmolecularfeaturizer,-0.01174974850380516
13,drug_fingerprint_bit_84,-0.014138540573089262
13,fingerprint_H_bit_207,-0.017010040339971937
13,drug_fingerprint_bit_192,-0.01731125284757095
13,poly_topological_surface_area_sum_fullpolymerfeaturizer,-0.020278107518652916
13,drug_fingerprint_bit_210,-0.028589753437703386
13,drug_fingerprint_bit_86,-0.02986676337801684
13,poly_max_ring_size_sum_backbonefeaturizer,-0.03274995166139146
13,drug_fingerprint_bit_149,-0.033816728957153604
13,drug_fingerprint_bit_130,-0.03618877329310875
13,drug_fingerprint_bit_29,-0.037867908221584416
13,poly_num_hbond_acceptors_sum_fullpolymerfeaturizer,-0.03866688578079301
13,drug_charge_at_WATER_PH,-0.04804400087663106
13,drug_fingerprint_bit_174,-0.0481212624410276
13,drug_fingerprint_bit_111,-0.05481118763800746
13,drug_fingerprint_bit_66,-0.054989176877874434
13,drug_fingerprint_bit_131,-0.05517593450823139
13,drug_fingerprint_bit_43,-0.057033721756678764
13,drug_double_bonds_sum_fullmolecularfeaturizer,-0.06466686844093103
13,drug_fingerprint_bit_243,-0.06854378422967607
13,drug_fingerprint_bit_91,-0.06895598717834127
13,drug_fingerprint_bit_247,-0.06944328632993164
13,fingerprint_H_bit_138,-0.06969238069565105
13,drug_fingerprint_bit_113,-0.07190246267682845
13,drug_slogp_vsa1_sum_fullmolecularfeaturizer,-0.07439612548695082
13,fingerprint_H_bit_38,-0.07479828842294357
13,drug_sp2_carbon_count_sum_fullmolecularfeaturizer,-0.0762412090469672
13,drug_fingerprint_bit_168,-0.08802923770125372
13,fingerprint_H_bit_237,-0.09455724763336197
13,drug_fingerprint_bit_182,-0.0947981321787724
13,drug_fingerprint_bit_230,-0.0975125197262564
13,drug_fingerprint_bit_5,-0.09909938447789758
13,drug_fingerprint_bit_12,-0.10053010294483279
13,poly_single_bonds_sum_fullpolymerfeaturizer,-0.10367031314984418
13,drug_fingerprint_bit_40,-0.10521815252973296
13,fingerprint_H_bit_147,-0.11029410937478068
13,fingerprint_H_bit_56,-0.11362212530269171
13,fingerprint_H_bit_39,-0.12433736819985707
13,drug_fingerprint_bit_4,-0.17728434829104556
13,drug_max_estate_index_sum_fullmolecularfeaturizer,-0.17779232136267759
13,drug_fingerprint_bit_219,-0.1827519418048839
13,drug_fingerprint_bit_207,-0.1952591457396141
13,drug_fingerprint_bit_228,-0.20374689991898182
13,WATER_PH,-0.22187967582597937
13,fingerprint_H_bit_118,-0.2264138463941843
13,drug_fingerprint_bit_72,-0.2455681930752438
13,logp_H,-0.2591400897360326
13,poly_num_hbond_donors_sum_fullpolymerfeaturizer,-0.2622351230327639
13,drug_fingerprint_bit_138,-0.2622617721552563
13,poly_heteroatom_count_sum_fullpolymerfeaturizer,-0.27245689122174443
13,drug_fingerprint_bit_52,-0.27404720333247795
13,drug_fingerprint_bit_19,-0.27687727229839804
13,fingerprint_H_bit_42,-0.30755137272027105
13,drug_fingerprint_bit_186,-0.31096869135254057
13,drug_fingerprint_bit_163,-0.31250225861385095
13,fingerprint_H_bit_63,-0.3136277401338381
13,drug_fingerprint_bit_214,-0.37179393374260356
13,fingerprint_H_bit_213,-0.3848905708171823
13,drug_fingerprint_bit_143,-0.39025266079649384
13,drug_fingerprint_bit_175,-0.41459008834732414
13,drug_fingerprint_bit_47,-0.41673842421874985
13,drug_fingerprint_bit_128,-0.4286831699051801
13,fingerprint_H_bit_145,-0.44787654204184085
13,drug_fingerprint_bit_237,-0.47162107264590786
13,drug_fingerprint_bit_233,-0.5408627887669857
13,poly_num_atoms_sum_fullpolymerfeaturizer,-0.5549457795885584
13,drug_fingerprint_bit_107,-0.569304344232607
13,poly_max_estate_index_sum_fullpolymerfeaturizer,-0.573428458967607
13,drug_fingerprint_bit_224,-0.5783368617786165
13,charge_at_WATER_PH_H,-0.628978470337957
13,drug_fingerprint_bit_133,-0.7270370831097128
13,poly_sp2_carbon_count_sum_fullpolymerfeaturizer,-0.815827142761698
13,drug_fingerprint_bit_108,-0.8242362069112447
13,drug_fingerprint_bit_45,-0.9178662934495103
13,poly_molecular_weight_sum_fullpolymerfeaturizer,-0.9674320366642598
13,drug_fingerprint_bit_151,-1.0537663755232942
13,fingerprint_H_bit_114,-1.0942672466720453
13,CONCENTRATION,-1.1469657339791
13,drug_fingerprint_bit_64,-1.344893642480145
13,fingerprint_H_bit_233,-1.4512842828887265
13,fingerprint_H_bit_183,-1.6839864961910236
13,drug_fingerprint_bit_200,-1.9554351123005138
13,drug_fingerprint_bit_88,-2.1703504210146303
13,fingerprint_H_bit_66,-3.4393667070464633
13,drug_fingerprint_bit_33,-4.722664577807298
13,fingerprint_H_bit_4,-5.956335841521501
13,fingerprint_H_bit_191,-9.086287669303214
14,drug_fingerprint_bit_190,9.19932974124812
14,drug_fingerprint_bit_98,3.8961868112619285
14,poly_balaban_j_index_sidechainfeaturizer_sum,3.1951969058471987
14,fingerprint_H_bit_222,2.167250558326887
14,poly_heteroatom_count_sum_backbonefeaturizer,2.014707345154356
14,fingerprint_H_bit_182,1.9924978013478183
14,poly_max_estate_index_sidechainfeaturizer_sum,1.7805565975417672
14,fingerprint_H_bit_167,1.7438265597462599
14,poly_fp_density_morgan1_sidechainfeaturizer_sum,1.707506355361969
14,poly_sp2_carbon_count_sidechainfeaturizer_sum,1.6373607732971782
14,fingerprint_H_bit_133,1.6185469936431793
14,fingerprint_H_bit_56,1.6069149234223807
14,fingerprint_H_bit_84,1.4868104924859422
14,fingerprint_H_bit_151,1.4817143655291034
14,drug_fingerprint_bit_218,1.4737439477234007
14,drug_fingerprint_bit_158,1.4294654921364656
14,fingerprint_H_bit_48,1.4273953309263587
14,poly_heteroatom_count_sidechainfeaturizer_sum,1.3939217398398136
14,fingerprint_H_bit_186,1.3617263064785845
14,poly_num_rotatable_bonds_sum_backbonefeaturizer,1.3273296049561176
14,fingerprint_H_bit_53,1.2946457440677244
14,fingerprint_H_bit_139,1.2740673073239486
14,poly_molecular_weight_sum_backbonefeaturizer,1.2478804853084564
14,drug_fingerprint_bit_42,1.2229305429829247
14,drug_fingerprint_bit_213,1.2008071627142054
14,poly_num_rings_sidechainfeaturizer_sum,1.1974611176183196
14,fingerprint_H_bit_245,1.1882846681246997
14,fingerprint_H_bit_28,1.173974228929459
14,fingerprint_H_bit_33,1.1259026901701046
14,poly_max_ring_size_sum_fullpolymerfeaturizer,1.1045872370094494
14,fingerprint_H_bit_197,1.1025737256512107
14,fingerprint_H_bit_81,1.0944515532519232
14,poly_num_atoms_sidechainfeaturizer_sum,1.09332286736109
14,fingerprint_H_bit_45,1.0913389620968663
14,poly_num_aromatic_rings_sum_backbonefeaturizer,1.0488792938204978
14,fingerprint_H_bit_85,1.0484508638082684
14,drug_fingerprint_bit_147,1.0415081277490787
14,fingerprint_H_bit_213,1.0304506999311678
14,poly_sp3_carbon_count_sidechainfeaturizer_sum,1.0034825529638365
14,poly_topological_surface_area_sum_backbonefeaturizer,0.9706099373729421
14,poly_sp2_carbon_count_sum_backbonefeaturizer,0.9452849469271746
14,poly_balaban_j_index_sum_backbonefeaturizer,0.8852476047674306
14,fingerprint_H_bit_214,0.8662641195452288
14,drug_heteroatom_count_sum_fullmolecularfeaturizer,0.8411955573145965
14,poly_num_atoms_sum_backbonefeaturizer,0.8189231785973332
14,fingerprint_H_bit_118,0.8169424538958919
14,drug_total_halogens_sum_fullmolecularfeaturizer,0.80174804916348
14,fingerprint_H_bit_41,0.795722094023348
14,poly_num_rings_sum_backbonefeaturizer,0.7661561256339938
14,drug_topological_surface_area_sum_fullmolecularfeaturizer,0.7609661147513821
14,drug_fingerprint_bit_159,0.7570646508114727
14,fingerprint_H_bit_78,0.7567339297249466
14,drug_logp,0.7320987533552314
14,drug_fingerprint_bit_180,0.6788804643312295
14,drug_fingerprint_bit_3,0.6744327443144843
14,poly_max_ring_size_sidechainfeaturizer_sum,0.6713204104982265
14,poly_smr_vsa5_sidechainfeaturizer_sum,0.6592037259778815
14,poly_heteroatom_density_sidechainfeaturizer_sum,0.6590573900644917
14,drug_fingerprint_bit_189,0.6485283618671351
14,drug_fingerprint_bit_0,0.6294602093153685
14,poly_max_ring_size_sum_backbonefeaturizer,0.6260713688449353
14,fingerprint_H_bit_100,0.6250836825546507
14,poly_fp_density_morgan1_sum_fullpolymerfeaturizer,0.6205749478603566
14,drug_fingerprint_bit_61,0.6109457102674628
14,poly_double_bonds_sum_backbonefeaturizer,0.6060422997380126
14,poly_num_aromatic_rings_sum_fullpolymerfeaturizer,0.6059192058956032
14,poly_sp3_carbon_count_sum_backbonefeaturizer,0.6000189959205973
14,drug_fingerprint_bit_160,0.5777172427355425
14,poly_num_rotatable_bonds_sidechainfeaturizer_sum,0.565459358126531
14,drug_fingerprint_bit_219,0.5542565541034147
14,poly_num_aromatic_rings_sidechainfeaturizer_sum,0.5434818814820144
14,fingerprint_H_bit_155,0.5407057302990225
14,poly_num_hbond_donors_sidechainfeaturizer_sum,0.5092247958796507
14,drug_lumo_eV,0.4907518697258469
14,fingerprint_H_bit_119,0.4889519980297909
14,fingerprint_H_bit_251,0.48615548699206096
14,fingerprint_H_bit_121,0.4831918175853756
14,poly_smr_vsa5_sum_fullpolymerfeaturizer,0.473133855057386
14,fingerprint_H_bit_80,0.4622351235116806
14,poly_smr_vsa5_sum_backbonefeaturizer,0.45865355811505254
14,poly_num_hbond_acceptors_sidechainfeaturizer_sum,0.44120439299225517
14,drug_smr_vsa5_sum_fullmolecularfeaturizer,0.4306473088963883
14,drug_homo_eV,0.42694078318981415
14,fingerprint_H_bit_58,0.42194878684195186
14,poly_single_bonds_sum_fullpolymerfeaturizer,0.4184415321733284
14,fingerprint_H_bit_52,0.41474990237509013
14,drug_fingerprint_bit_83,0.4126144060008517
14,drug_fingerprint_bit_49,0.4109056002867796
14,drug_fingerprint_bit_125,0.4057512064604115
14,drug_fingerprint_bit_227,0.3978606611582511
14,fingerprint_H_bit_145,0.3688190817200167
14,drug_single_bonds_sum_fullmolecularfeaturizer,0.3614170447405435
14,drug_fingerprint_bit_202,0.35913622318003385
14,drug_fingerprint_bit_13,0.35821509034198634
14,drug_fingerprint_bit_99,0.35564956363558103
14,drug_fingerprint_bit_155,0.3371629296800181
14,drug_fingerprint_bit_211,0.3328805835777539
14,fingerprint_H_bit_159,0.33269097642233075
14,drug_fingerprint_bit_177,0.3253551653404183
14,drug_fingerprint_bit_81,0.32288460801356117
14,drug_fingerprint_bit_24,0.3219825817541827
14,drug_fingerprint_bit_39,0.3193583131031271
14,drug_fingerprint_bit_251,0.3132220008110607
14,drug_fingerprint_bit_142,0.31037791197994963
14,drug_fingerprint_bit_6,0.3089899616010663
14,fingerprint_H_bit_147,0.3058980476863868
14,poly_num_rotatable_bonds_sum_fullpolymerfeaturizer,0.30314531568743625
14,drug_fluorine_count_sum_fullmolecularfeaturizer,0.3030243855251561
14,drug_fingerprint_bit_216,0.28752882208978464
14,drug_fingerprint_bit_36,0.2852321736553699
14,poly_num_hbond_acceptors_sum_backbonefeaturizer,0.28514249776345674
14,poly_max_estate_index_sum_backbonefeaturizer,0.279782120732145
14,drug_molecular_weight_sum_fullmolecularfeaturizer,0.2779908049952264
14,drug_num_hbond_donors_sum_fullmolecularfeaturizer,0.27662044030249733
14,drug_sp3_carbon_count_sum_fullmolecularfeaturizer,0.2757229287335501
14,drug_fingerprint_bit_110,0.2744713723767805
14,fingerprint_H_bit_89,0.27040922775719595
14,poly_slogp_vsa1_sum_fullpolymerfeaturizer,0.2683746875332611
14,poly_double_bonds_sidechainfeaturizer_sum,0.25406614807814304
14,drug_fingerprint_bit_74,0.2525443247821811
14,drug_fingerprint_bit_63,0.25252785207612194
14,drug_fingerprint_bit_72,0.25235880987245723
14,drug_fingerprint_bit_28,0.245472131511123
14,drug_fingerprint_bit_97,0.2450623296006587
14,lumo_eV_H,0.2435244937248558
14,poly_num_hbond_donors_sum_backbonefeaturizer,0.2428962814451161
14,drug_fingerprint_bit_12,0.24234669603803757
14,drug_num_atoms_sum_fullmolecularfeaturizer,0.24090954521983937
14,drug_fingerprint_bit_164,0.2385834348693497
14,drug_num_rings_sum_fullmolecularfeaturizer,0.23783151745474881
14,drug_fingerprint_bit_203,0.23491208618616805
14,fingerprint_H_bit_227,0.23073992752967326
14,drug_fingerprint_bit_165,0.23027642962918055
14,fingerprint_H_bit_13,0.22749182329955714
14,drug_fingerprint_bit_253,0.2261214584265636
14,drug_fingerprint_bit_196,0.22494396596331173
14,poly_topological_surface_area_sidechainfeaturizer_sum,0.22389745674601397
14,drug_fingerprint_bit_139,0.21826626498384152
14,drug_fingerprint_bit_120,0.21474993465067285
14,drug_fingerprint_bit_69,0.21425181305312793
14,fingerprint_H_bit_1,0.2122217699705243
14,drug_fingerprint_bit_126,0.20863559287012137
14,drug_fingerprint_bit_184,0.2074339170099241
14,poly_slogp_vsa1_sum_backbonefeaturizer,0.20538611009586288
14,drug_fraction_bicyclic_rings_sum_fullmolecularfeaturizer,0.20385972882284412
14,drug_fingerprint_bit_173,0.20194316521238673
14,drug_fingerprint_bit_115,0.198398107282261
14,drug_fingerprint_bit_247,0.19766111917744958
14,fingerprint_H_bit_37,0.19665551597070038
14,drug_fingerprint_bit_35,0.1945418009892451
14,drug_num_aliphatic_heterocycles_sum_fullmolecularfeaturizer,0.19246576077224628
14,drug_fingerprint_bit_50,0.19221114729800437
14,drug_fingerprint_bit_41,0.1910523832181283
14,fingerprint_H_bit_162,0.1872474263129172
14,drug_fingerprint_bit_48,0.18279704022052573
14,drug_fingerprint_bit_15,0.1813005491459299
14,drug_fingerprint_bit_11,0.18104533351300375
14,drug_fingerprint_bit_44,0.1788155768933731
14,drug_fingerprint_bit_185,0.17634180341605402
14,poly_molecular_weight_sidechainfeaturizer_sum,0.1756734026093675
14,poly_fp_density_morgan1_sum_backbonefeaturizer,0.17418662996183726
14,drug_fingerprint_bit_137,0.1720955247013952
14,poly_molecular_weight_sum_fullpolymerfeaturizer,0.169934698067447
14,drug_fingerprint_bit_145,0.16746299690213343
14,drug_fingerprint_bit_106,0.16711452583907452
14,drug_fingerprint_bit_167,0.15764909144206693
14,drug_fingerprint_bit_10,0.1572280366232454
14,fingerprint_H_bit_70,0.15416108496190647
14,fingerprint_H_bit_236,0.15236644759096876
14,drug_fingerprint_bit_75,0.15086089113354825
14,fingerprint_H_bit_128,0.14996306677960172
14,drug_fingerprint_bit_109,0.14897677516237476
14,drug_fingerprint_bit_136,0.1483597000397985
14,drug_fingerprint_bit_58,0.14527893244394496
14,drug_fingerprint_bit_187,0.14298339416875747
14,drug_fingerprint_bit_226,0.1429618391640915
14,drug_num_hbond_acceptors_sum_fullmolecularfeaturizer,0.141007555916874
14,drug_fingerprint_bit_140,0.13910944516880788
14,drug_balaban_j_index_sum_fullmolecularfeaturizer,0.13883803102512557
14,fingerprint_H_bit_217,0.13797468229474147
14,fingerprint_H_bit_216,0.13511856701413477
14,fingerprint_H_bit_54,0.1347567922215273
14,fingerprint_H_bit_113,0.1313295992741858
14,drug_fingerprint_bit_18,0.12321087767809646
14,drug_fingerprint_bit_170,0.12134095659051229
14,drug_fingerprint_bit_150,0.1198141821883273
14,drug_fingerprint_bit_242,0.11838535765903933
14,poly_single_bonds_sum_backbonefeaturizer,0.11780108336161986
14,drug_fingerprint_bit_197,0.11715643338152405
14,poly_sp2_carbon_count_sum_fullpolymerfeaturizer,0.11528720832118555
14,drug_fp_density_morgan1_sum_fullmolecularfeaturizer,0.11491377324411865
14,poly_single_bonds_sidechainfeaturizer_sum,0.11174937739549028
14,logp_H,0.11145158925746919
14,drug_num_aromatic_rings_sum_fullmolecularfeaturizer,0.11101701352219351
14,drug_fingerprint_bit_144,0.10838121423981685
14,fingerprint_H_bit_232,0.10604023562195361
14,drug_fingerprint_bit_118,0.10568872391129587
14,drug_fingerprint_bit_204,0.10554537669767942
14,drug_fingerprint_bit_30,0.10423281463129107
14,drug_fingerprint_bit_223,0.10099348612095446
14,drug_fingerprint_bit_116,0.09996842183765076
14,drug_fingerprint_bit_161,0.09891611357431375
14,drug_fingerprint_bit_169,0.0978612436555186
14,poly_slogp_vsa1_sidechainfeaturizer_sum,0.09635482405930652
14,fingerprint_H_bit_57,0.09609996460667329
14,poly_num_rings_sum_fullpolymerfeaturizer,0.09438592898459781
14,drug_fingerprint_bit_103,0.09414104719135644
14,poly_num_atoms_sum_fullpolymerfeaturizer,0.09387520854450726
14,drug_fingerprint_bit_206,0.09205650248735783
14,drug_fingerprint_bit_249,0.09147437689834723
14,fingerprint_H_bit_226,0.08865190886754203
14,drug_fingerprint_bit_183,0.08862172021725348
14,poly_sp3_carbon_count_sum_fullpolymerfeaturizer,0.08738069442983466
14,fingerprint_H_bit_67,0.08529097671720501
14,drug_fingerprint_bit_250,0.08527254384244162
14,drug_fingerprint_bit_76,0.08434127126274217
14,drug_fingerprint_bit_130,0.08384176419993657
14,drug_num_non_aromatic_rings_sum_fullmolecularfeaturizer,0.08339717527844485
14,drug_fingerprint_bit_201,0.08310573247571759
14,drug_fingerprint_bit_255,0.08301606275998644
14,fingerprint_H_bit_68,0.08259618588975783
14,drug_fingerprint_bit_92,0.0824235028340491
14,poly_num_hbond_acceptors_sum_fullpolymerfeaturizer,0.08191440665651832
14,drug_bridging_rings_count_sum_fullmolecularfeaturizer,0.08173226964603755
14,drug_fingerprint_bit_207,0.0801333048553173
14,drug_fingerprint_bit_246,0.07988744043477382
14,poly_balaban_j_index_sum_fullpolymerfeaturizer,0.07920596806231973
14,drug_num_rotatable_bonds_sum_fullmolecularfeaturizer,0.07900656525197618
14,drug_fingerprint_bit_27,0.07731213462970805
14,drug_fingerprint_bit_122,0.07400262788814473
14,drug_fingerprint_bit_101,0.07136734267339238
14,drug_fingerprint_bit_148,0.07111927666145317
14,drug_fingerprint_bit_46,0.07011948094825214
14,drug_fingerprint_bit_5,0.0700694777182423
14,drug_fingerprint_bit_34,0.0698654473777402
14,drug_fingerprint_bit_67,0.06898481104546354
14,fingerprint_H_bit_26,0.06898346531819881
14,drug_fingerprint_bit_194,0.06829147180504168
14,drug_fingerprint_bit_70,0.067481051625664
14,drug_fingerprint_bit_199,0.06572198105459838
14,drug_fingerprint_bit_152,0.06414144357252721
14,drug_fingerprint_bit_236,0.06350630317140259
14,drug_fingerprint_bit_205,0.06223457354543977
14,drug_fingerprint_bit_181,0.059047982125472465
14,drug_fingerprint_bit_245,0.0585664258530979
14,drug_fingerprint_bit_93,0.05847963282796153
14,drug_fingerprint_bit_153,0.0577848533718487
14,drug_fingerprint_bit_252,0.057381210129037734
14,drug_fingerprint_bit_208,0.05668488353713836
14,drug_fingerprint_bit_26,0.055994669981892994
14,drug_fingerprint_bit_231,0.05572529406442295
14,fingerprint_H_bit_164,0.05534030768726051
14,drug_fingerprint_bit_134,0.05330853404374204
14,drug_heteroatom_density_sum_fullmolecularfeaturizer,0.051262156741694785
14,fingerprint_H_bit_219,0.050923696177528045
14,drug_fingerprint_bit_37,0.05013450624118902
14,drug_fingerprint_bit_7,0.04770782653216214
14,drug_fingerprint_bit_239,0.04737664877745069
14,fingerprint_H_bit_34,0.04728370460653331
14,drug_fingerprint_bit_78,0.04717432502226316
14,drug_fingerprint_bit_222,0.04699709788796031
14,drug_fingerprint_bit_156,0.046934990207508846
14,fingerprint_H_bit_123,0.046866278256935505
14,fingerprint_H_bit_233,0.046809742654498686
14,fingerprint_H_bit_237,0.045278210108258256
14,drug_fingerprint_bit_94,0.044337269312146765
14,drug_fingerprint_bit_191,0.04426922987524895
14,fingerprint_H_bit_63,0.04415622144094423
14,drug_fingerprint_bit_96,0.04306206975343004
14,fingerprint_H_bit_18,0.04253476090430293
14,drug_fingerprint_bit_171,0.04154420629843203
14,drug_fingerprint_bit_235,0.040736663125466414
14,fingerprint_H_bit_30,0.04038281085271362
14,drug_fingerprint_bit_212,0.039158136323945304
14,poly_heteroatom_density_sum_fullpolymerfeaturizer,0.039007767947306385
14,drug_fingerprint_bit_229,0.03726659571825981
14,fingerprint_H_bit_131,0.03579809322104684
14,drug_fingerprint_bit_127,0.035382449286544174
14,drug_fingerprint_bit_100,0.03527879717066198
14,drug_fingerprint_bit_172,0.034741755031720396
14,fingerprint_H_bit_61,0.03433901721966141
14,drug_fingerprint_bit_238,0.03429333819232549
14,drug_fingerprint_bit_23,0.03420701791707965
14,drug_fingerprint_bit_114,0.03384384975083655
14,drug_fingerprint_bit_146,0.03169436494498463
14,drug_fingerprint_bit_16,0.03131629074192433
14,fingerprint_H_bit_224,0.030776926091154098
14,drug_fingerprint_bit_31,0.03013934483964037
14,drug_fingerprint_bit_174,0.029288014194820244
14,fingerprint_H_bit_32,0.028845735221230906
14,fingerprint_H_bit_204,0.02850176500818302
14,fingerprint_H_bit_98,0.027521284475419155
14,fingerprint_H_bit_205,0.02649990082545872
14,drug_fingerprint_bit_57,0.026052304669413436
14,drug_fingerprint_bit_82,0.02547694915069001
14,fingerprint_H_bit_134,0.024332451927133087
14,fingerprint_H_bit_66,0.023442385947796296
14,fingerprint_H_bit_112,0.02135759519140596
14,fingerprint_H_bit_185,0.021246217032211683
14,drug_fingerprint_bit_240,0.020250033830888588
14,drug_fingerprint_bit_143,0.01939500546059425
14,drug_fingerprint_bit_32,0.01797156871043038
14,drug_fingerprint_bit_20,0.0179316716625287
14,drug_fingerprint_bit_117,0.017262366685325502
14,drug_fingerprint_bit_62,0.01716925179229142
14,fingerprint_H_bit_144,0.016580434953778634
14,drug_fingerprint_bit_90,0.015538723443029246
14,drug_fingerprint_bit_188,0.014376048809700783
14,drug_fingerprint_bit_182,0.013073309316169592
14,drug_fingerprint_bit_84,0.012665902698447104
14,poly_heteroatom_density_sum_backbonefeaturizer,0.012518683520945453
14,drug_fingerprint_bit_210,0.011721765336837388
14,drug_max_ring_size_sum_fullmolecularfeaturizer,0.01045608689829001
14,drug_logd_at_WATER_PH,0.009535774074163894
14,drug_fingerprint_bit_71,0.009269545426427972
14,poly_num_non_aromatic_rings_sum_fullpolymerfeaturizer,0.008040896341683978
14,drug_fingerprint_bit_14,0.007052102495733915
14,drug_fingerprint_bit_77,0.006923923716807808
14,fingerprint_H_bit_46,0.006812633434379591
14,drug_fingerprint_bit_56,0.006556796268969671
14,poly_num_aliphatic_heterocycles_sum_backbonefeaturizer,0.006531465262773793
14,drug_fingerprint_bit_162,0.0062705780975281
14,drug_fingerprint_bit_135,0.005160860620440944
14,fingerprint_H_bit_65,0.005020060676137813
14,drug_fingerprint_bit_60,0.0037438020230444575
14,drug_fingerprint_bit_225,0.003108705568190492
14,drug_fingerprint_bit_104,0.0030449043447403454
14,drug_chlorine_count_sum_fullmolecularfeaturizer,0.002362699641744705
14,drug_fingerprint_bit_149,0.0022455548451477242
14,drug_fingerprint_bit_22,0.002094332039177424
14,drug_fingerprint_bit_179,0.0016928259867983533
14,drug_fingerprint_bit_105,0.001638609766745121
14,fingerprint_H_bit_158,0.001343008733768732
14,poly_num_non_aromatic_rings_sum_backbonefeaturizer,0.0011683529611420673
14,drug_fingerprint_bit_141,0.0009212121358972743
14,drug_fingerprint_bit_248,0.0005214025455860175
14,drug_fingerprint_bit_79,0.00035130730386924235
14,fingerprint_H_bit_116,0.0002773595163910181
14,fingerprint_H_bit_212,0.0002649907410443912
14,drug_fingerprint_bit_65,0.00015651588637570886
14,fingerprint_H_bit_174,9.436056108960502e-05
14,poly_num_aliphatic_heterocycles_sum_fullpolymerfeaturizer,6.797275844009196e-05
14,drug_fingerprint_bit_124,3.3989261036755846e-05
14,fingerprint_H_bit_104,0.0
14,fingerprint_H_bit_90,0.0
14,poly_num_aliphatic_heterocycles_sidechainfeaturizer_sum,0.0
14,fingerprint_H_bit_103,0.0
14,fingerprint_H_bit_102,0.0
14,fingerprint_H_bit_75,0.0
14,fingerprint_H_bit_76,0.0
14,fingerprint_H_bit_74,0.0
14,poly_bridging_rings_count_sidechainfeaturizer_sum,0.0
14,poly_bromine_count_sidechainfeaturizer_sum,0.0
14,poly_chlorine_count_sidechainfeaturizer_sum,0.0
14,poly_triple_bonds_sidechainfeaturizer_sum,0.0
14,poly_iodine_count_sidechainfeaturizer_sum,0.0
14,fingerprint_H_bit_105,0.0
14,drug_bromine_count_sum_fullmolecularfeaturizer,0.0
14,drug_fingerprint_bit_234,0.0
14,drug_fingerprint_bit_244,0.0
14,fingerprint_H_bit_140,0.0
14,drug_triple_bonds_sum_fullmolecularfeaturizer,0.0
14,fingerprint_H_bit_21,0.0
14,fingerprint_H_bit_22,0.0
14,poly_bridging_rings_count_sum_backbonefeaturizer,0.0
14,fingerprint_H_bit_59,0.0
14,fingerprint_H_bit_60,0.0
14,fingerprint_H_bit_62,0.0
14,fingerprint_H_bit_82,0.0
14,poly_iodine_count_sum_backbonefeaturizer,0.0
14,fingerprint_H_bit_97,0.0
14,poly_triple_bonds_sum_backbonefeaturizer,0.0
14,fingerprint_H_bit_93,0.0
14,fingerprint_H_bit_92,0.0
14,fingerprint_H_bit_91,0.0
14,poly_chlorine_count_sum_fullpolymerfeaturizer,0.0
14,poly_fluorine_count_sum_fullpolymerfeaturizer,0.0
14,fingerprint_H_bit_96,0.0
14,fingerprint_H_bit_101,0.0
14,fingerprint_H_bit_99,0.0
14,fingerprint_H_bit_73,0.0
14,drug_fingerprint_bit_9,0.0
14,poly_total_halogens_sum_fullpolymerfeaturizer,0.0
14,fingerprint_H_bit_71,0.0
14,drug_fingerprint_bit_221,0.0
14,drug_fingerprint_bit_220,0.0
14,drug_fingerprint_bit_217,0.0
14,fingerprint_H_bit_72,0.0
14,drug_fingerprint_bit_215,0.0
14,fingerprint_H_bit_136,0.0
14,fingerprint_H_bit_132,0.0
14,fingerprint_H_bit_135,0.0
14,fingerprint_H_bit_130,0.0
14,fingerprint_H_bit_129,0.0
14,fingerprint_H_bit_95,0.0
14,fingerprint_H_bit_94,0.0
14,fingerprint_H_bit_126,0.0
14,fingerprint_H_bit_127,0.0
14,drug_fingerprint_bit_21,0.0
14,poly_fraction_bicyclic_rings_sum_fullpolymerfeaturizer,0.0
14,poly_bridging_rings_count_sum_fullpolymerfeaturizer,0.0
14,poly_triple_bonds_sum_fullpolymerfeaturizer,0.0
14,poly_iodine_count_sum_fullpolymerfeaturizer,0.0
14,drug_fingerprint_bit_17,0.0
14,poly_bromine_count_sum_fullpolymerfeaturizer,0.0
14,drug_fingerprint_bit_51,0.0
14,fingerprint_H_bit_117,0.0
14,fingerprint_H_bit_115,0.0
14,fingerprint_H_bit_111,0.0
14,fingerprint_H_bit_110,0.0
14,poly_fluorine_count_sidechainfeaturizer_sum,0.0
14,poly_total_halogens_sidechainfeaturizer_sum,0.0
14,poly_num_non_aromatic_rings_sidechainfeaturizer_sum,0.0
14,poly_fraction_bicyclic_rings_sidechainfeaturizer_sum,0.0
14,poly_bromine_count_sum_backbonefeaturizer,0.0
14,poly_chlorine_count_sum_backbonefeaturizer,0.0
14,poly_total_halogens_sum_backbonefeaturizer,0.0
14,poly_fluorine_count_sum_backbonefeaturizer,0.0
14,poly_fraction_bicyclic_rings_sum_backbonefeaturizer,0.0
14,fingerprint_H_bit_88,0.0
14,fingerprint_H_bit_87,0.0
14,fingerprint_H_bit_86,0.0
14,fingerprint_H_bit_83,0.0
14,drug_fingerprint_bit_232,0.0
14,fingerprint_H_bit_79,0.0
14,fingerprint_H_bit_77,0.0
14,drug_iodine_count_sum_fullmolecularfeaturizer,0.0
14,fingerprint_H_bit_141,0.0
14,fingerprint_H_bit_244,0.0
14,fingerprint_H_bit_163,0.0
14,fingerprint_H_bit_165,0.0
14,fingerprint_H_bit_166,0.0
14,fingerprint_H_bit_168,0.0
14,fingerprint_H_bit_169,0.0
14,fingerprint_H_bit_170,0.0
14,fingerprint_H_bit_171,0.0
14,drug_fingerprint_bit_195,0.0
14,drug_fingerprint_bit_198,0.0
14,drug_fingerprint_bit_209,0.0
14,fingerprint_H_bit_152,0.0
14,fingerprint_H_bit_153,0.0
14,fingerprint_H_bit_122,0.0
14,fingerprint_H_bit_124,0.0
14,fingerprint_H_bit_107,0.0
14,fingerprint_H_bit_108,0.0
14,fingerprint_H_bit_109,0.0
14,fingerprint_H_bit_254,0.0
14,fingerprint_H_bit_255,0.0
14,fingerprint_H_bit_248,0.0
14,fingerprint_H_bit_247,0.0
14,fingerprint_H_bit_250,0.0
14,fingerprint_H_bit_249,0.0
14,fingerprint_H_bit_234,0.0
14,fingerprint_H_bit_246,0.0
14,fingerprint_H_bit_253,0.0
14,fingerprint_H_bit_252,0.0
14,fingerprint_H_bit_44,0.0
14,fingerprint_H_bit_47,0.0
14,fingerprint_H_bit_50,0.0
14,fingerprint_H_bit_243,0.0
14,drug_fingerprint_bit_89,0.0
14,drug_fingerprint_bit_87,0.0
14,fingerprint_H_bit_229,0.0
14,fingerprint_H_bit_228,0.0
14,fingerprint_H_bit_230,0.0
14,fingerprint_H_bit_231,0.0
14,fingerprint_H_bit_157,0.0
14,drug_fingerprint_bit_68,0.0
14,fingerprint_H_bit_137,0.0
14,fingerprint_H_bit_154,0.0
14,fingerprint_H_bit_189,0.0
14,drug_fingerprint_bit_176,0.0
14,fingerprint_H_bit_188,0.0
14,fingerprint_H_bit_156,0.0
14,fingerprint_H_bit_161,0.0
14,fingerprint_H_bit_160,0.0
14,drug_fingerprint_bit_112,0.0
14,fingerprint_H_bit_208,0.0
14,fingerprint_H_bit_187,0.0
14,fingerprint_H_bit_241,0.0
14,fingerprint_H_bit_240,0.0
14,fingerprint_H_bit_239,0.0
14,fingerprint_H_bit_238,0.0
14,drug_fingerprint_bit_102,0.0
14,fingerprint_H_bit_235,0.0
14,drug_fingerprint_bit_123,0.0
14,fingerprint_H_bit_49,0.0
14,fingerprint_H_bit_43,0.0
14,drug_fingerprint_bit_54,0.0
14,fingerprint_H_bit_55,0.0
14,fingerprint_H_bit_51,0.0
14,fingerprint_H_bit_242,0.0
14,fingerprint_H_bit_211,0.0
14,fingerprint_H_bit_215,0.0
14,fingerprint_H_bit_220,0.0
14,fingerprint_H_bit_221,0.0
14,fingerprint_H_bit_225,0.0
14,fingerprint_H_bit_223,0.0
14,fingerprint_H_bit_210,0.0
14,fingerprint_H_bit_180,0.0
14,fingerprint_H_bit_177,0.0
14,fingerprint_H_bit_178,0.0
14,fingerprint_H_bit_173,0.0
14,fingerprint_H_bit_176,0.0
14,fingerprint_H_bit_172,0.0
14,fingerprint_H_bit_179,0.0
14,fingerprint_H_bit_184,0.0
14,fingerprint_H_bit_209,0.0
14,fingerprint_H_bit_198,0.0
14,fingerprint_H_bit_199,0.0
14,drug_fingerprint_bit_166,0.0
14,fingerprint_H_bit_196,0.0
14,fingerprint_H_bit_193,0.0
14,fingerprint_H_bit_192,0.0
14,fingerprint_H_bit_194,0.0
14,fingerprint_H_bit_195,0.0
14,fingerprint_H_bit_190,0.0
14,fingerprint_H_bit_191,0.0
14,drug_fingerprint_bit_157,0.0
14,fingerprint_H_bit_40,0.0
14,fingerprint_H_bit_36,0.0
14,fingerprint_H_bit_35,0.0
14,fingerprint_H_bit_31,0.0
14,fingerprint_H_bit_181,0.0
14,fingerprint_H_bit_29,0.0
14,fingerprint_H_bit_206,0.0
14,fingerprint_H_bit_202,0.0
14,fingerprint_H_bit_203,0.0
14,fingerprint_H_bit_200,0.0
14,fingerprint_H_bit_20,0.0
14,fingerprint_H_bit_19,0.0
14,fingerprint_H_bit_201,0.0
14,fingerprint_H_bit_17,0.0
14,fingerprint_H_bit_16,0.0
14,fingerprint_H_bit_14,0.0
14,fingerprint_H_bit_15,0.0
14,fingerprint_H_bit_12,0.0
14,fingerprint_H_bit_11,0.0
14,fingerprint_H_bit_10,0.0
14,fingerprint_H_bit_150,0.0
14,fingerprint_H_bit_149,0.0
14,fingerprint_H_bit_148,0.0
14,fingerprint_H_bit_146,0.0
14,fingerprint_H_bit_142,0.0
14,drug_fingerprint_bit_254,0.0
14,fingerprint_H_bit_25,0.0
14,fingerprint_H_bit_24,0.0
14,fingerprint_H_bit_23,0.0
14,fingerprint_H_bit_9,0.0
14,fingerprint_H_bit_8,0.0
14,fingerprint_H_bit_6,0.0
14,fingerprint_H_bit_5,0.0
14,fingerprint_H_bit_4,0.0
14,fingerprint_H_bit_3,0.0
14,fingerprint_H_bit_2,0.0
14,fingerprint_H_bit_0,0.0
14,drug_fingerprint_bit_243,-0.00048590378320412117
14,drug_fingerprint_bit_25,-0.0008698065104541033
14,drug_fingerprint_bit_154,-0.002154709767918079
14,drug_fingerprint_bit_121,-0.0026506990604611307
14,drug_fingerprint_bit_132,-0.004899019699670485
14,drug_fingerprint_bit_2,-0.005986425231832142
14,drug_fingerprint_bit_59,-0.0060952134957924925
14,drug_fingerprint_bit_55,-0.007557394577116667
14,drug_fingerprint_bit_95,-0.009057445467816453
14,fingerprint_H_bit_143,-0.009205873913068754
14,drug_fingerprint_bit_178,-0.01262840695109016
14,drug_fingerprint_bit_29,-0.015676621209993035
14,drug_fingerprint_bit_8,-0.01585958054161777
14,drug_fingerprint_bit_66,-0.01595239694854641
14,drug_double_bonds_sum_fullmolecularfeaturizer,-0.019058546876572238
14,drug_slogp_vsa1_sum_fullmolecularfeaturizer,-0.024679653940841588
14,drug_fingerprint_bit_53,-0.025143317556944895
14,drug_fingerprint_bit_73,-0.02777958282003658
14,drug_fingerprint_bit_192,-0.02986380903805826
14,drug_sp2_carbon_count_sum_fullmolecularfeaturizer,-0.03026645346079565
14,poly_topological_surface_area_sum_fullpolymerfeaturizer,-0.033510403060121284
14,drug_fingerprint_bit_43,-0.03885326402046385
14,drug_fingerprint_bit_86,-0.039198289680315725
14,fingerprint_H_bit_64,-0.04227529347323454
14,drug_fingerprint_bit_1,-0.04458883611732072
14,drug_fingerprint_bit_131,-0.04516756533417203
14,drug_fingerprint_bit_80,-0.048056907764592045
14,drug_fingerprint_bit_113,-0.04927521458226097
14,fingerprint_H_bit_218,-0.0516906365821005
14,drug_fingerprint_bit_129,-0.05631639173306905
14,fingerprint_H_bit_7,-0.06130738069570603
14,drug_fingerprint_bit_52,-0.0672771828371669
14,drug_fingerprint_bit_91,-0.0678701492886964
14,fingerprint_H_bit_175,-0.06975217256169991
14,drug_fingerprint_bit_230,-0.077217425893052
14,poly_heteroatom_count_sum_fullpolymerfeaturizer,-0.08145686748493638
14,drug_fingerprint_bit_193,-0.08490353018623867
14,drug_fingerprint_bit_111,-0.0963117642372016
14,fingerprint_H_bit_183,-0.10099104086715359
14,drug_fingerprint_bit_241,-0.10625796872912982
14,poly_max_estate_index_sum_fullpolymerfeaturizer,-0.10991345518726685
14,drug_fingerprint_bit_85,-0.11042641219725001
14,drug_fingerprint_bit_38,-0.11192481702365188
14,fingerprint_H_bit_39,-0.11994755982461647
14,drug_fingerprint_bit_107,-0.1261812282636747
14,fingerprint_H_bit_207,-0.13813666209119566
14,drug_fingerprint_bit_168,-0.14559459672614336
14,fingerprint_H_bit_38,-0.17844884851183185
14,drug_fingerprint_bit_237,-0.1797627210532934
14,drug_max_estate_index_sum_fullmolecularfeaturizer,-0.19816121202597345
14,drug_fingerprint_bit_133,-0.20804576831029653
14,drug_fingerprint_bit_186,-0.2189520618646327
14,drug_charge_at_WATER_PH,-0.22339566699796093
14,drug_fingerprint_bit_138,-0.23794907691837994
14,drug_fingerprint_bit_40,-0.24009908163062135
14,drug_fingerprint_bit_228,-0.2530349760639425
14,logd_at_WATER_PH_H,-0.2565447678230727
14,fingerprint_H_bit_42,-0.30156429472539553
14,drug_fingerprint_bit_64,-0.3025740165670938
14,drug_fingerprint_bit_214,-0.30649052056847065
14,poly_double_bonds_sum_fullpolymerfeaturizer,-0.3210992733799669
14,poly_num_hbond_donors_sum_fullpolymerfeaturizer,-0.3416768264873937
14,fingerprint_H_bit_69,-0.3732865980025123
14,drug_fingerprint_bit_108,-0.4097796523660141
14,fingerprint_H_bit_125,-0.41835566428528814
14,fingerprint_H_bit_138,-0.4350430252761675
14,drug_fingerprint_bit_175,-0.44084344063731745
14,drug_fingerprint_bit_19,-0.460270257864137
14,drug_fingerprint_bit_47,-0.46988774114250625
14,fingerprint_H_bit_120,-0.49125747446122187
14,drug_fingerprint_bit_163,-0.5077058468384339
14,WATER_PH,-0.5142587467691467
14,drug_fingerprint_bit_45,-0.5259840324144403
14,drug_fingerprint_bit_233,-0.6216335334425975
14,drug_fingerprint_bit_119,-0.6634737499477356
14,charge_at_WATER_PH_H,-0.6866285780640778
14,drug_fingerprint_bit_151,-0.7104985730922214
14,drug_fingerprint_bit_4,-0.728722485433076
14,homo_eV_H,-0.7891616323356381
14,fingerprint_H_bit_114,-0.8342128483043988
14,drug_fingerprint_bit_200,-0.8936786143802139
14,drug_fingerprint_bit_128,-0.964350520134602
14,fingerprint_H_bit_27,-1.3157290017731127
14,CONCENTRATION,-1.3752117579669858
14,drug_fingerprint_bit_224,-2.055642977677843
14,fingerprint_H_bit_106,-2.3322097197811904
14,drug_fingerprint_bit_88,-2.690857651676407
14,drug_fingerprint_bit_33,-2.943013424594176
15,drug_fingerprint_bit_190,13.736187638015675
15,drug_fingerprint_bit_98,4.759813621899184
15,poly_molecular_weight_sum_backbonefeaturizer,4.233285750534796
15,poly_fp_density_morgan1_sum_backbonefeaturizer,3.4070659667776675
15,poly_slogp_vsa1_sum_backbonefeaturizer,3.345418474649413
15,poly_num_hbond_acceptors_sum_backbonefeaturizer,3.2319712960537252
15,poly_heteroatom_density_sidechainfeaturizer_sum,2.4842826355255303
15,fingerprint_H_bit_1,2.141934932599161
15,poly_num_atoms_sidechainfeaturizer_sum,2.1112560515967864
15,poly_sp2_carbon_count_sum_backbonefeaturizer,2.0675379968711267
15,drug_fingerprint_bit_42,2.0512834807975495
15,drug_fingerprint_bit_218,2.034958515537983
15,fingerprint_H_bit_128,1.976782476871953
15,poly_fp_density_morgan1_sidechainfeaturizer_sum,1.8321630234716468
15,fingerprint_H_bit_84,1.7477790020229678
15,fingerprint_H_bit_222,1.6920961320224905
15,poly_single_bonds_sum_backbonefeaturizer,1.6060378343958877
15,poly_heteroatom_count_sum_backbonefeaturizer,1.5717723588922203
15,poly_topological_surface_area_sum_backbonefeaturizer,1.5644800912138666
15,poly_num_rotatable_bonds_sum_backbonefeaturizer,1.517217288088462
15,poly_num_aromatic_rings_sum_backbonefeaturizer,1.5087753780894564
15,poly_sp2_carbon_count_sidechainfeaturizer_sum,1.4331830007316715
15,poly_fp_density_morgan1_sum_fullpolymerfeaturizer,1.408874289144968
15,fingerprint_H_bit_232,1.3404377301666197
15,poly_num_aromatic_rings_sidechainfeaturizer_sum,1.328218946069255
15,poly_num_hbond_acceptors_sidechainfeaturizer_sum,1.325446170985263
15,fingerprint_H_bit_85,1.3023990682359918
15,poly_max_ring_size_sum_fullpolymerfeaturizer,1.2539447299495947
15,fingerprint_H_bit_213,1.2302881794807625
15,poly_sp3_carbon_count_sum_backbonefeaturizer,1.2100559293471023
15,fingerprint_H_bit_245,1.193103261307081
15,poly_double_bonds_sum_backbonefeaturizer,1.1929529117677389
15,fingerprint_H_bit_48,1.181642588426471
15,fingerprint_H_bit_175,1.1758232112590679
15,fingerprint_H_bit_45,1.1255753445856027
15,fingerprint_H_bit_159,1.1247494930292687
15,poly_sp3_carbon_count_sidechainfeaturizer_sum,1.1141479271486605
15,poly_num_rings_sidechainfeaturizer_sum,1.1051446503713402
15,fingerprint_H_bit_204,1.0841833767092597
15,poly_max_estate_index_sidechainfeaturizer_sum,1.0592780130581427
15,poly_balaban_j_index_sidechainfeaturizer_sum,1.0252429880099754
15,poly_molecular_weight_sidechainfeaturizer_sum,0.9877141098129477
15,fingerprint_H_bit_41,0.9544770494220337
15,fingerprint_H_bit_56,0.9447728646161829
15,fingerprint_H_bit_100,0.9296163112842428
15,poly_num_atoms_sum_backbonefeaturizer,0.9272009099460231
15,poly_smr_vsa5_sum_fullpolymerfeaturizer,0.9265209764141472
15,fingerprint_H_bit_236,0.9120257708331179
15,fingerprint_H_bit_78,0.8645770768721796
15,fingerprint_H_bit_186,0.8557835967075392
15,fingerprint_H_bit_64,0.8169579486847979
15,drug_topological_surface_area_sum_fullmolecularfeaturizer,0.7913210842511239
15,logd_at_WATER_PH_H,0.780634792254655
15,fingerprint_H_bit_145,0.7653328869405153
15,fingerprint_H_bit_113,0.7574831351936024
15,drug_fingerprint_bit_180,0.7571382714519824
15,fingerprint_H_bit_151,0.7329664843150482
15,fingerprint_H_bit_80,0.7325685385854028
15,drug_fingerprint_bit_201,0.7227941618783672
15,drug_num_rotatable_bonds_sum_fullmolecularfeaturizer,0.7219482738259145
15,poly_num_hbond_donors_sum_backbonefeaturizer,0.7074658057114449
15,poly_num_hbond_donors_sidechainfeaturizer_sum,0.6994749375816242
15,poly_single_bonds_sidechainfeaturizer_sum,0.6877077748051651
15,poly_topological_surface_area_sidechainfeaturizer_sum,0.6777318056659919
15,drug_fingerprint_bit_110,0.668673488264674
15,fingerprint_H_bit_27,0.6618667126814743
15,poly_num_rings_sum_backbonefeaturizer,0.6537017201528005
15,fingerprint_H_bit_182,0.6397448389501145
15,fingerprint_H_bit_133,0.6214016895308695
15,fingerprint_H_bit_53,0.6119901803871991
15,poly_max_ring_size_sidechainfeaturizer_sum,0.5954680050610552
15,drug_fingerprint_bit_188,0.5883879494969115
15,lumo_eV_H,0.586563634241623
15,fingerprint_H_bit_237,0.5573157683824936
15,drug_fingerprint_bit_227,0.5471986476233975
15,drug_fingerprint_bit_160,0.545868012961642
15,drug_fingerprint_bit_206,0.5449228837826128
15,drug_fingerprint_bit_211,0.5430902860553009
15,drug_logd_at_WATER_PH,0.5417764887824538
15,fingerprint_H_bit_167,0.5310183269360268
15,fingerprint_H_bit_81,0.5294425609126654
15,poly_double_bonds_sum_fullpolymerfeaturizer,0.5232497102143346
15,drug_fingerprint_bit_164,0.504801555843585
15,drug_fingerprint_bit_226,0.5036322781565923
15,drug_total_halogens_sum_fullmolecularfeaturizer,0.49956327959398544
15,poly_num_rotatable_bonds_sidechainfeaturizer_sum,0.49765030904857904
15,drug_fingerprint_bit_249,0.493136694433563
15,drug_fingerprint_bit_142,0.4850002633529851
15,drug_num_hbond_acceptors_sum_fullmolecularfeaturizer,0.45771542378320185
15,drug_fingerprint_bit_219,0.4560104009603067
15,drug_fingerprint_bit_158,0.44778486583269667
15,poly_heteroatom_density_sum_fullpolymerfeaturizer,0.42592281573957363
15,drug_fingerprint_bit_11,0.4238330197489018
15,drug_fingerprint_bit_3,0.4217253365682822
15,drug_balaban_j_index_sum_fullmolecularfeaturizer,0.42148326161923794
15,fingerprint_H_bit_214,0.4213880526892371
15,fingerprint_H_bit_251,0.4133113867088842
15,drug_molecular_weight_sum_fullmolecularfeaturizer,0.4007457484434608
15,drug_fingerprint_bit_115,0.3930939860886372
15,drug_chlorine_count_sum_fullmolecularfeaturizer,0.3868401491700082
15,fingerprint_H_bit_69,0.3822782896482167
15,fingerprint_H_bit_119,0.37826257173853356
15,fingerprint_H_bit_197,0.37372658181199825
15,drug_bridging_rings_count_sum_fullmolecularfeaturizer,0.37282284131022403
15,drug_fingerprint_bit_36,0.37007575109768875
15,fingerprint_H_bit_58,0.34212462123760884
15,drug_fraction_bicyclic_rings_sum_fullmolecularfeaturizer,0.34170011626783975
15,fingerprint_H_bit_37,0.3396512100394872
15,drug_fingerprint_bit_167,0.33892767292425735
15,drug_fingerprint_bit_165,0.3188813418069244
15,drug_fingerprint_bit_253,0.3182014288558627
15,fingerprint_H_bit_139,0.31810929562343215
15,drug_heteroatom_density_sum_fullmolecularfeaturizer,0.31606957480603465
15,poly_slogp_vsa1_sum_fullpolymerfeaturizer,0.31526303765464186
15,fingerprint_H_bit_33,0.3136381041053147
15,fingerprint_H_bit_118,0.3070078356736957
15,fingerprint_H_bit_52,0.30446171640319225
15,drug_logp,0.30407112537541076
15,fingerprint_H_bit_217,0.30178927429014735
15,drug_num_hbond_donors_sum_fullmolecularfeaturizer,0.2992599342764877
15,drug_fingerprint_bit_120,0.29511462799805244
15,drug_fingerprint_bit_252,0.2878077736016387
15,drug_fingerprint_bit_213,0.2848011384282642
15,drug_fingerprint_bit_35,0.28317383813638897
15,drug_fingerprint_bit_141,0.28130813479173006
15,fingerprint_H_bit_67,0.2784251044664764
15,drug_fingerprint_bit_81,0.27699200591791545
15,fingerprint_H_bit_155,0.273945517972721
15,drug_num_aliphatic_heterocycles_sum_fullmolecularfeaturizer,0.27369678490015314
15,drug_fingerprint_bit_0,0.2711994608771782
15,poly_smr_vsa5_sidechainfeaturizer_sum,0.26998462141304874
15,poly_num_rotatable_bonds_sum_fullpolymerfeaturizer,0.2680382423277114
15,drug_fingerprint_bit_177,0.265615828628689
15,drug_num_rings_sum_fullmolecularfeaturizer,0.25254138433850204
15,drug_fingerprint_bit_99,0.2521482784371535
15,drug_fingerprint_bit_15,0.24669298808144813
15,drug_fingerprint_bit_189,0.24606638054269586
15,drug_heteroatom_count_sum_fullmolecularfeaturizer,0.24568687080575843
15,drug_homo_eV,0.2451008934455128
15,fingerprint_H_bit_162,0.2389983775902779
15,drug_fingerprint_bit_24,0.23836494736108677
15,drug_lumo_eV,0.233774230039681
15,poly_heteroatom_count_sidechainfeaturizer_sum,0.22736623766193512
15,drug_fingerprint_bit_75,0.22654447975843933
15,drug_fingerprint_bit_197,0.22526579525920956
15,drug_fingerprint_bit_146,0.21963940852404523
15,drug_fingerprint_bit_63,0.21253379641484416
15,drug_fingerprint_bit_37,0.20701612978659642
15,drug_fingerprint_bit_169,0.2048057069654758
15,drug_fingerprint_bit_242,0.20357587485960035
15,drug_fingerprint_bit_73,0.20330784783067365
15,drug_fingerprint_bit_126,0.20306323222887995
15,fingerprint_H_bit_89,0.2018151406502476
15,drug_fingerprint_bit_183,0.20067379423686044
15,poly_sp3_carbon_count_sum_fullpolymerfeaturizer,0.1991088398930325
15,drug_fingerprint_bit_106,0.19864921061705543
15,drug_fingerprint_bit_50,0.19828441866884952
15,drug_fingerprint_bit_136,0.19803358482464323
15,drug_fingerprint_bit_148,0.19208548026999864
15,drug_fingerprint_bit_153,0.19196740500003215
15,drug_fingerprint_bit_139,0.19058308764746698
15,drug_fingerprint_bit_181,0.18937553785245306
15,drug_fingerprint_bit_236,0.18270808937175223
15,drug_fingerprint_bit_185,0.17903672780027122
15,drug_fingerprint_bit_58,0.17666554536095708
15,drug_fingerprint_bit_74,0.17603466386285574
15,drug_fingerprint_bit_144,0.17566818760683475
15,drug_fingerprint_bit_105,0.17340533094465643
15,drug_fingerprint_bit_77,0.16601678782053633
15,fingerprint_H_bit_226,0.16532713615322156
15,drug_fingerprint_bit_145,0.163966698285766
15,drug_fluorine_count_sum_fullmolecularfeaturizer,0.16358714584860778
15,drug_fingerprint_bit_199,0.16302966819652806
15,fingerprint_H_bit_121,0.16141190089319452
15,fingerprint_H_bit_13,0.15510332639999744
15,fingerprint_H_bit_70,0.15465790679696376
15,drug_fingerprint_bit_61,0.15254895153025672
15,drug_fingerprint_bit_246,0.15111182953171437
15,drug_fingerprint_bit_202,0.1460708590770655
15,poly_double_bonds_sidechainfeaturizer_sum,0.1383751174186674
15,drug_fingerprint_bit_71,0.137025105794676
15,drug_fingerprint_bit_76,0.13688255797642573
15,drug_fingerprint_bit_205,0.1360593388943991
15,drug_fingerprint_bit_83,0.131838805698048
15,fingerprint_H_bit_68,0.12834159142680232
15,drug_fingerprint_bit_203,0.12713102496429332
15,drug_fingerprint_bit_114,0.12451694139329562
15,drug_fingerprint_bit_12,0.1245111149833824
15,drug_fingerprint_bit_22,0.12146006885777141
15,drug_fingerprint_bit_240,0.11675677479990809
15,drug_fingerprint_bit_13,0.11590115280432998
15,drug_fingerprint_bit_109,0.11495724104301323
15,drug_fingerprint_bit_39,0.11467440561575579
15,drug_fingerprint_bit_212,0.11423827331976567
15,drug_num_atoms_sum_fullmolecularfeaturizer,0.11355942103191351
15,drug_fingerprint_bit_172,0.11114789005668246
15,fingerprint_H_bit_18,0.11111788768192755
15,drug_fingerprint_bit_60,0.10975436419349065
15,drug_sp3_carbon_count_sum_fullmolecularfeaturizer,0.1086023211914774
15,drug_fingerprint_bit_28,0.10633744704170411
15,drug_fingerprint_bit_97,0.10615344029481545
15,drug_fingerprint_bit_196,0.10354005490129528
15,drug_fingerprint_bit_116,0.09787949852904591
15,drug_fingerprint_bit_57,0.0966511335603915
15,drug_fingerprint_bit_67,0.095635370506826
15,drug_fingerprint_bit_26,0.09540354571752659
15,fingerprint_H_bit_123,0.09466728060763288
15,drug_fingerprint_bit_6,0.09435123112213897
15,drug_fingerprint_bit_122,0.0938775461834628
15,drug_single_bonds_sum_fullmolecularfeaturizer,0.09326932352842694
15,poly_slogp_vsa1_sidechainfeaturizer_sum,0.09296522617165495
15,drug_fingerprint_bit_30,0.0925330156868508
15,drug_fingerprint_bit_251,0.09187234765873678
15,drug_fingerprint_bit_191,0.08873130260606805
15,drug_fingerprint_bit_46,0.08355425809110661
15,drug_fingerprint_bit_41,0.08329893055460447
15,fingerprint_H_bit_227,0.08293554601461024
15,drug_fingerprint_bit_250,0.08056577635758562
15,drug_fingerprint_bit_69,0.08044697382637543
15,drug_fingerprint_bit_216,0.07924720261498416
15,fingerprint_H_bit_216,0.07899929616082366
15,drug_fingerprint_bit_155,0.07884808864476885
15,drug_fingerprint_bit_156,0.07832065521416968
15,drug_fingerprint_bit_127,0.07653973388578358
15,poly_max_estate_index_sum_backbonefeaturizer,0.07640941648594064
15,fingerprint_H_bit_61,0.0756492262632307
15,drug_fingerprint_bit_150,0.07369961609240283
15,drug_fingerprint_bit_147,0.07093329733253625
15,fingerprint_H_bit_106,0.07088504105898782
15,drug_num_non_aromatic_rings_sum_fullmolecularfeaturizer,0.0696259959238051
15,drug_fingerprint_bit_101,0.06953226942901027
15,drug_smr_vsa5_sum_fullmolecularfeaturizer,0.06776162701203345
15,drug_fingerprint_bit_194,0.06465541349083263
15,drug_fingerprint_bit_245,0.06441067708967656
15,fingerprint_H_bit_219,0.06246259845542928
15,drug_fingerprint_bit_92,0.06212106003897073
15,fingerprint_H_bit_32,0.05928878035977011
15,drug_fingerprint_bit_32,0.05748733849675674
15,fingerprint_H_bit_54,0.054727783873513756
15,drug_fingerprint_bit_239,0.0537658825172261
15,fingerprint_H_bit_143,0.052748794654948236
15,homo_eV_H,0.05102992521310534
15,fingerprint_H_bit_116,0.05077273279748137
15,drug_fp_density_morgan1_sum_fullmolecularfeaturizer,0.04871340945335389
15,fingerprint_H_bit_57,0.048576013188668124
15,drug_fingerprint_bit_34,0.046336272227193886
15,fingerprint_H_bit_185,0.04518148114369829
15,drug_fingerprint_bit_159,0.045020477439809546
15,drug_fingerprint_bit_204,0.04432493472190836
15,drug_fingerprint_bit_134,0.044179861615896494
15,fingerprint_H_bit_26,0.04397553251997405
15,drug_fingerprint_bit_23,0.04352541353540767
15,drug_fingerprint_bit_95,0.04262613084059646
15,drug_fingerprint_bit_94,0.04173409383283887
15,drug_fingerprint_bit_208,0.041361161800003876
15,fingerprint_H_bit_34,0.0404835110653324
15,drug_fingerprint_bit_56,0.04031707313893103
15,drug_fingerprint_bit_100,0.03896587038836337
15,fingerprint_H_bit_112,0.03781459101656594
15,drug_fingerprint_bit_178,0.03778025508793663
15,drug_fingerprint_bit_103,0.0374777824929452
15,drug_fingerprint_bit_235,0.03726706089676576
15,drug_fingerprint_bit_90,0.03698717412491321
15,drug_fingerprint_bit_152,0.03658608559528934
15,drug_fingerprint_bit_7,0.03605200279935282
15,drug_fingerprint_bit_1,0.035231584697128
15,fingerprint_H_bit_205,0.03433233728281819
15,drug_fingerprint_bit_31,0.03424115443627158
15,drug_fingerprint_bit_170,0.03305932845016071
15,drug_fingerprint_bit_162,0.03240657994013658
15,drug_num_aromatic_rings_sum_fullmolecularfeaturizer,0.032332684242032624
15,drug_fingerprint_bit_78,0.03129042945647267
15,fingerprint_H_bit_131,0.02927611037011374
15,drug_fingerprint_bit_84,0.028972293805600485
15,fingerprint_H_bit_134,0.028633108721686142
15,drug_fingerprint_bit_27,0.02807640308734503
15,drug_fingerprint_bit_70,0.02686770004559787
15,drug_fingerprint_bit_149,0.02624081117151841
15,fingerprint_H_bit_224,0.026009709866406574
15,drug_fingerprint_bit_222,0.024739793762397676
15,drug_fingerprint_bit_238,0.024139639250751153
15,drug_fingerprint_bit_49,0.0234943388126659
15,drug_fingerprint_bit_48,0.023406945404350874
15,drug_fingerprint_bit_59,0.022688840911706087
15,fingerprint_H_bit_30,0.02262478820419393
15,drug_fingerprint_bit_187,0.022616476934624683
15,drug_fingerprint_bit_20,0.022332877131245543
15,poly_num_non_aromatic_rings_sum_backbonefeaturizer,0.022051166779665114
15,poly_num_aliphatic_heterocycles_sum_backbonefeaturizer,0.0215924673021301
15,fingerprint_H_bit_114,0.021481377257532876
15,drug_fingerprint_bit_171,0.021348193537856875
15,drug_fingerprint_bit_161,0.020325890830728506
15,drug_fingerprint_bit_62,0.020110807992081932
15,drug_fingerprint_bit_154,0.02006783084668166
15,fingerprint_H_bit_144,0.018518632445003173
15,drug_fingerprint_bit_104,0.018008137346281483
15,drug_fingerprint_bit_82,0.017635708621546065
15,drug_fingerprint_bit_14,0.016903266819300388
15,fingerprint_H_bit_46,0.016572277977751928
15,poly_num_aliphatic_heterocycles_sum_fullpolymerfeaturizer,0.016145122178937137
15,fingerprint_H_bit_158,0.01595686764025937
15,fingerprint_H_bit_174,0.01594964386859931
15,drug_fingerprint_bit_229,0.015535147088133127
15,drug_fingerprint_bit_248,0.015442128500933527
15,poly_num_non_aromatic_rings_sum_fullpolymerfeaturizer,0.01486702212205303
15,fingerprint_H_bit_65,0.014454930728262306
15,drug_fingerprint_bit_96,0.012881575668394497
15,drug_fingerprint_bit_132,0.012544730741567506
15,drug_fingerprint_bit_16,0.012103762200660275
15,drug_fingerprint_bit_66,0.011398930883733385
15,fingerprint_H_bit_63,0.010217875892966808
15,drug_fingerprint_bit_179,0.009377618956640967
15,drug_fingerprint_bit_140,0.008659262416455506
15,drug_fingerprint_bit_225,0.0077343459099175884
15,drug_fingerprint_bit_117,0.006658320148057688
15,drug_fingerprint_bit_25,0.0065943404355957936
15,fingerprint_H_bit_164,0.00645606252760927
15,drug_fingerprint_bit_135,0.006385225262863824
15,drug_fingerprint_bit_55,0.00449343053285804
15,drug_fingerprint_bit_2,0.004177214547220975
15,drug_fingerprint_bit_8,0.002361598810628214
15,drug_fingerprint_bit_18,0.0013185519916729354
15,drug_fingerprint_bit_65,0.0010030871542154635
15,drug_fingerprint_bit_79,0.0006812870284751019
15,drug_fingerprint_bit_86,0.0002610130761965911
15,fingerprint_H_bit_15,0.0
15,drug_fingerprint_bit_254,0.0
15,fingerprint_H_bit_23,0.0
15,fingerprint_H_bit_20,0.0
15,fingerprint_H_bit_74,0.0
15,fingerprint_H_bit_75,0.0
15,fingerprint_H_bit_76,0.0
15,fingerprint_H_bit_77,0.0
15,fingerprint_H_bit_55,0.0
15,poly_triple_bonds_sum_fullpolymerfeaturizer,0.0
15,poly_bridging_rings_count_sum_fullpolymerfeaturizer,0.0
15,poly_bromine_count_sidechainfeaturizer_sum,0.0
15,poly_iodine_count_sidechainfeaturizer_sum,0.0
15,poly_triple_bonds_sidechainfeaturizer_sum,0.0
15,poly_bridging_rings_count_sidechainfeaturizer_sum,0.0
15,fingerprint_H_bit_24,0.0
15,drug_bromine_count_sum_fullmolecularfeaturizer,0.0
15,fingerprint_H_bit_19,0.0
15,fingerprint_H_bit_17,0.0
15,fingerprint_H_bit_16,0.0
15,fingerprint_H_bit_43,0.0
15,poly_iodine_count_sum_fullpolymerfeaturizer,0.0
15,poly_bromine_count_sum_fullpolymerfeaturizer,0.0
15,fingerprint_H_bit_44,0.0
15,fingerprint_H_bit_31,0.0
15,drug_fingerprint_bit_217,0.0
15,drug_fingerprint_bit_220,0.0
15,drug_fingerprint_bit_221,0.0
15,fingerprint_H_bit_40,0.0
15,drug_fingerprint_bit_244,0.0
15,poly_num_non_aromatic_rings_sidechainfeaturizer_sum,0.0
15,poly_fraction_bicyclic_rings_sidechainfeaturizer_sum,0.0
15,poly_num_aliphatic_heterocycles_sidechainfeaturizer_sum,0.0
15,drug_fingerprint_bit_215,0.0
15,fingerprint_H_bit_35,0.0
15,fingerprint_H_bit_36,0.0
15,poly_chlorine_count_sum_fullpolymerfeaturizer,0.0
15,poly_fraction_bicyclic_rings_sum_backbonefeaturizer,0.0
15,poly_chlorine_count_sidechainfeaturizer_sum,0.0
15,drug_fingerprint_bit_17,0.0
15,poly_total_halogens_sum_backbonefeaturizer,0.0
15,poly_fluorine_count_sum_backbonefeaturizer,0.0
15,poly_chlorine_count_sum_backbonefeaturizer,0.0
15,poly_bromine_count_sum_backbonefeaturizer,0.0
15,fingerprint_H_bit_242,0.0
15,fingerprint_H_bit_243,0.0
15,fingerprint_H_bit_244,0.0
15,fingerprint_H_bit_246,0.0
15,fingerprint_H_bit_247,0.0
15,poly_total_halogens_sidechainfeaturizer_sum,0.0
15,poly_fluorine_count_sidechainfeaturizer_sum,0.0
15,poly_fluorine_count_sum_fullpolymerfeaturizer,0.0
15,fingerprint_H_bit_49,0.0
15,fingerprint_H_bit_47,0.0
15,fingerprint_H_bit_248,0.0
15,fingerprint_H_bit_50,0.0
15,poly_iodine_count_sum_backbonefeaturizer,0.0
15,poly_triple_bonds_sum_backbonefeaturizer,0.0
15,drug_fingerprint_bit_232,0.0
15,fingerprint_H_bit_51,0.0
15,drug_fingerprint_bit_209,0.0
15,fingerprint_H_bit_225,0.0
15,fingerprint_H_bit_228,0.0
15,fingerprint_H_bit_229,0.0
15,fingerprint_H_bit_230,0.0
15,poly_fraction_bicyclic_rings_sum_fullpolymerfeaturizer,0.0
15,poly_bridging_rings_count_sum_backbonefeaturizer,0.0
15,drug_fingerprint_bit_234,0.0
15,fingerprint_H_bit_240,0.0
15,poly_total_halogens_sum_fullpolymerfeaturizer,0.0
15,fingerprint_H_bit_241,0.0
15,drug_fingerprint_bit_9,0.0
15,drug_fingerprint_bit_21,0.0
15,fingerprint_H_bit_209,0.0
15,fingerprint_H_bit_210,0.0
15,fingerprint_H_bit_211,0.0
15,fingerprint_H_bit_215,0.0
15,fingerprint_H_bit_249,0.0
15,fingerprint_H_bit_250,0.0
15,fingerprint_H_bit_25,0.0
15,fingerprint_H_bit_29,0.0
15,drug_iodine_count_sum_fullmolecularfeaturizer,0.0
15,drug_triple_bonds_sum_fullmolecularfeaturizer,0.0
15,fingerprint_H_bit_73,0.0
15,fingerprint_H_bit_221,0.0
15,fingerprint_H_bit_255,0.0
15,fingerprint_H_bit_254,0.0
15,fingerprint_H_bit_253,0.0
15,fingerprint_H_bit_252,0.0
15,fingerprint_H_bit_195,0.0
15,drug_fingerprint_bit_198,0.0
15,fingerprint_H_bit_223,0.0
15,fingerprint_H_bit_231,0.0
15,fingerprint_H_bit_234,0.0
15,fingerprint_H_bit_235,0.0
15,fingerprint_H_bit_238,0.0
15,fingerprint_H_bit_239,0.0
15,fingerprint_H_bit_196,0.0
15,fingerprint_H_bit_198,0.0
15,fingerprint_H_bit_194,0.0
15,drug_fingerprint_bit_195,0.0
15,drug_fingerprint_bit_51,0.0
15,fingerprint_H_bit_177,0.0
15,fingerprint_H_bit_178,0.0
15,fingerprint_H_bit_179,0.0
15,fingerprint_H_bit_180,0.0
15,fingerprint_H_bit_181,0.0
15,fingerprint_H_bit_220,0.0
15,fingerprint_H_bit_187,0.0
15,fingerprint_H_bit_188,0.0
15,fingerprint_H_bit_189,0.0
15,fingerprint_H_bit_190,0.0
15,fingerprint_H_bit_191,0.0
15,fingerprint_H_bit_203,0.0
15,fingerprint_H_bit_206,0.0
15,fingerprint_H_bit_199,0.0
15,drug_fingerprint_bit_54,0.0
15,fingerprint_H_bit_193,0.0
15,fingerprint_H_bit_192,0.0
15,fingerprint_H_bit_161,0.0
15,fingerprint_H_bit_165,0.0
15,fingerprint_H_bit_200,0.0
15,fingerprint_H_bit_201,0.0
15,drug_fingerprint_bit_68,0.0
15,fingerprint_H_bit_202,0.0
15,fingerprint_H_bit_169,0.0
15,fingerprint_H_bit_171,0.0
15,fingerprint_H_bit_170,0.0
15,fingerprint_H_bit_172,0.0
15,fingerprint_H_bit_173,0.0
15,fingerprint_H_bit_176,0.0
15,fingerprint_H_bit_163,0.0
15,drug_fingerprint_bit_112,0.0
15,drug_fingerprint_bit_87,0.0
15,drug_fingerprint_bit_89,0.0
15,fingerprint_H_bit_71,0.0
15,fingerprint_H_bit_184,0.0
15,fingerprint_H_bit_72,0.0
15,fingerprint_H_bit_153,0.0
15,fingerprint_H_bit_154,0.0
15,fingerprint_H_bit_156,0.0
15,fingerprint_H_bit_157,0.0
15,fingerprint_H_bit_160,0.0
15,fingerprint_H_bit_146,0.0
15,fingerprint_H_bit_148,0.0
15,fingerprint_H_bit_149,0.0
15,fingerprint_H_bit_117,0.0
15,fingerprint_H_bit_208,0.0
15,fingerprint_H_bit_168,0.0
15,fingerprint_H_bit_150,0.0
15,fingerprint_H_bit_59,0.0
15,fingerprint_H_bit_152,0.0
15,fingerprint_H_bit_62,0.0
15,drug_fingerprint_bit_123,0.0
15,fingerprint_H_bit_132,0.0
15,fingerprint_H_bit_60,0.0
15,fingerprint_H_bit_101,0.0
15,fingerprint_H_bit_102,0.0
15,fingerprint_H_bit_103,0.0
15,fingerprint_H_bit_135,0.0
15,fingerprint_H_bit_136,0.0
15,fingerprint_H_bit_137,0.0
15,fingerprint_H_bit_140,0.0
15,fingerprint_H_bit_99,0.0
15,fingerprint_H_bit_142,0.0
15,drug_fingerprint_bit_102,0.0
15,drug_fingerprint_bit_166,0.0
15,fingerprint_H_bit_115,0.0
15,fingerprint_H_bit_79,0.0
15,fingerprint_H_bit_82,0.0
15,fingerprint_H_bit_83,0.0
15,fingerprint_H_bit_86,0.0
15,fingerprint_H_bit_122,0.0
15,fingerprint_H_bit_124,0.0
15,fingerprint_H_bit_126,0.0
15,fingerprint_H_bit_127,0.0
15,fingerprint_H_bit_129,0.0
15,fingerprint_H_bit_130,0.0
15,fingerprint_H_bit_97,0.0
15,fingerprint_H_bit_141,0.0
15,fingerprint_H_bit_104,0.0
15,fingerprint_H_bit_105,0.0
15,fingerprint_H_bit_108,0.0
15,fingerprint_H_bit_107,0.0
15,fingerprint_H_bit_110,0.0
15,fingerprint_H_bit_111,0.0
15,drug_fingerprint_bit_176,0.0
15,fingerprint_H_bit_109,0.0
15,fingerprint_H_bit_87,0.0
15,fingerprint_H_bit_88,0.0
15,fingerprint_H_bit_90,0.0
15,fingerprint_H_bit_91,0.0
15,fingerprint_H_bit_92,0.0
15,fingerprint_H_bit_93,0.0
15,fingerprint_H_bit_94,0.0
15,drug_fingerprint_bit_157,0.0
15,fingerprint_H_bit_95,0.0
15,fingerprint_H_bit_96,0.0
15,fingerprint_H_bit_14,0.0
15,fingerprint_H_bit_0,0.0
15,fingerprint_H_bit_2,0.0
15,fingerprint_H_bit_3,0.0
15,fingerprint_H_bit_4,0.0
15,fingerprint_H_bit_5,0.0
15,fingerprint_H_bit_6,0.0
15,fingerprint_H_bit_8,0.0
15,fingerprint_H_bit_21,0.0
15,fingerprint_H_bit_9,0.0
15,fingerprint_H_bit_10,0.0
15,fingerprint_H_bit_11,0.0
15,fingerprint_H_bit_12,0.0
15,fingerprint_H_bit_22,0.0
15,fingerprint_H_bit_166,-5.9735042309431e-11
15,drug_fingerprint_bit_129,-0.006242452844792646
15,drug_fingerprint_bit_182,-0.008107262314050836
15,drug_fingerprint_bit_124,-0.008241531769840762
15,drug_max_ring_size_sum_fullmolecularfeaturizer,-0.008347644409491829
15,drug_fingerprint_bit_231,-0.008629637574386978
15,drug_fingerprint_bit_80,-0.009995692281394642
15,drug_fingerprint_bit_192,-0.010164087782964803
15,drug_fingerprint_bit_53,-0.011804281059806243
15,fingerprint_H_bit_218,-0.013190905541720475
15,drug_fingerprint_bit_44,-0.013298592817538939
15,poly_single_bonds_sum_fullpolymerfeaturizer,-0.014738382788712886
15,fingerprint_H_bit_7,-0.023680248268728648
15,drug_fingerprint_bit_121,-0.026111261378236886
15,drug_fingerprint_bit_125,-0.028210171321996085
15,drug_fingerprint_bit_130,-0.029164096533577148
15,drug_fingerprint_bit_174,-0.03728248701903748
15,drug_fingerprint_bit_255,-0.040805997236359415
15,drug_fingerprint_bit_247,-0.040898304236329105
15,drug_fingerprint_bit_137,-0.04147311879938887
15,drug_fingerprint_bit_85,-0.042565579058977565
15,poly_topological_surface_area_sum_fullpolymerfeaturizer,-0.04658485786055011
15,drug_fingerprint_bit_173,-0.048335131798056694
15,drug_fingerprint_bit_29,-0.052930542054018447
15,drug_fingerprint_bit_143,-0.05310724196669895
15,fingerprint_H_bit_183,-0.05604530972743941
15,drug_double_bonds_sum_fullmolecularfeaturizer,-0.0668314595594056
15,drug_fingerprint_bit_193,-0.07054823165231562
15,drug_fingerprint_bit_223,-0.07069653601256053
15,drug_fingerprint_bit_91,-0.07113837849138008
15,fingerprint_H_bit_38,-0.07328602548173516
15,drug_fingerprint_bit_118,-0.07974579407772464
15,drug_fingerprint_bit_230,-0.08588406300182248
15,fingerprint_H_bit_207,-0.09084084755453162
15,drug_fingerprint_bit_243,-0.09525618485648936
15,drug_fingerprint_bit_131,-0.10345332652163085
15,drug_fingerprint_bit_10,-0.10963552261111105
15,drug_fingerprint_bit_5,-0.11148845315705673
15,fingerprint_H_bit_39,-0.11290968170449975
15,drug_sp2_carbon_count_sum_fullmolecularfeaturizer,-0.11935485160629304
15,drug_fingerprint_bit_168,-0.12021655781700616
15,drug_fingerprint_bit_40,-0.12036272475232994
15,drug_fingerprint_bit_241,-0.13004368361212745
15,poly_num_hbond_acceptors_sum_fullpolymerfeaturizer,-0.13104496066451582
15,fingerprint_H_bit_125,-0.13238738610866568
15,drug_charge_at_WATER_PH,-0.13400230096738705
15,drug_fingerprint_bit_113,-0.1349834956177292
15,drug_fingerprint_bit_93,-0.1379204489749894
15,poly_balaban_j_index_sum_fullpolymerfeaturizer,-0.14884517225689256
15,drug_fingerprint_bit_210,-0.15301225404671828
15,drug_slogp_vsa1_sum_fullmolecularfeaturizer,-0.15375853704847955
15,fingerprint_H_bit_28,-0.1584304934860962
15,drug_fingerprint_bit_43,-0.16416497539030642
15,drug_max_estate_index_sum_fullmolecularfeaturizer,-0.1691485371694316
15,drug_fingerprint_bit_184,-0.1755307042642929
15,fingerprint_H_bit_120,-0.1775490963670645
15,drug_fingerprint_bit_138,-0.17973309002570412
15,drug_fingerprint_bit_186,-0.1874200643528951
15,fingerprint_H_bit_212,-0.19876723654567247
15,drug_fingerprint_bit_207,-0.2007462991179612
15,drug_fingerprint_bit_133,-0.2126567638002923
15,drug_fingerprint_bit_228,-0.2133931404647602
15,WATER_PH,-0.21817097115476658
15,drug_fingerprint_bit_214,-0.23700225350315376
15,drug_fingerprint_bit_38,-0.24085985163522655
15,poly_heteroatom_count_sum_fullpolymerfeaturizer,-0.24202296121993003
15,poly_smr_vsa5_sum_backbonefeaturizer,-0.26238624206267186
15,poly_heteroatom_density_sum_backbonefeaturizer,-0.27084903075512257
15,fingerprint_H_bit_42,-0.28274658107288314
15,poly_max_ring_size_sum_backbonefeaturizer,-0.2902353497978645
15,drug_fingerprint_bit_111,-0.33149137075302476
15,drug_fingerprint_bit_128,-0.4179252601103717
15,drug_fingerprint_bit_72,-0.42051835651648073
15,drug_fingerprint_bit_163,-0.4368207463962169
15,drug_fingerprint_bit_233,-0.45880264020421196
15,drug_fingerprint_bit_175,-0.49946786265391213
15,drug_fingerprint_bit_64,-0.5040217626606401
15,fingerprint_H_bit_138,-0.5580386438244868
15,drug_fingerprint_bit_107,-0.5877971382971331
15,poly_num_hbond_donors_sum_fullpolymerfeaturizer,-0.5888383118147366
15,charge_at_WATER_PH_H,-0.5919824399958583
15,drug_fingerprint_bit_4,-0.6094978333990408
15,poly_num_rings_sum_fullpolymerfeaturizer,-0.6226300216078418
15,poly_max_estate_index_sum_fullpolymerfeaturizer,-0.6705888848429786
15,drug_fingerprint_bit_52,-0.7969050668766506
15,fingerprint_H_bit_147,-0.8628215963057875
15,drug_fingerprint_bit_237,-0.9852539704412322
15,poly_num_aromatic_rings_sum_fullpolymerfeaturizer,-1.058722562416751
15,drug_fingerprint_bit_108,-1.0889469003562824
15,poly_num_atoms_sum_fullpolymerfeaturizer,-1.179003088684439
15,fingerprint_H_bit_233,-1.2128907884398157
15,drug_fingerprint_bit_200,-1.2516530485789243
15,drug_fingerprint_bit_19,-1.3425933591886619
15,drug_fingerprint_bit_151,-1.3741207791302408
15,poly_sp2_carbon_count_sum_fullpolymerfeaturizer,-1.4101931080756398
15,poly_molecular_weight_sum_fullpolymerfeaturizer,-1.4123747154980169
15,drug_fingerprint_bit_45,-1.5744936683202109
15,drug_fingerprint_bit_119,-1.7880334384813248
15,CONCENTRATION,-1.8560254622999124
15,drug_fingerprint_bit_47,-1.896131846421546
15,fingerprint_H_bit_98,-2.0892521854414694
15,logp_H,-2.1117978938878457
15,fingerprint_H_bit_66,-2.157040440810029
15,drug_fingerprint_bit_33,-3.007820217921279
15,drug_fingerprint_bit_224,-3.1709682554786256
15,poly_balaban_j_index_sum_backbonefeaturizer,-4.401830907000056
15,drug_fingerprint_bit_88,-4.42485040107396
16,drug_fingerprint_bit_190,15.135069172184798
16,drug_fingerprint_bit_98,9.387739582523249
16,poly_num_rings_sum_backbonefeaturizer,5.05035153026381
16,poly_num_aromatic_rings_sum_backbonefeaturizer,3.4604485427414224
16,poly_slogp_vsa1_sum_fullpolymerfeaturizer,3.1178311006481105
16,logd_at_WATER_PH_H,2.9789745751570975
16,poly_fp_density_morgan1_sum_backbonefeaturizer,2.6388204660943964
16,fingerprint_H_bit_33,2.3054932455080164
16,poly_sp2_carbon_count_sum_backbonefeaturizer,2.227630564239434
16,fingerprint_H_bit_120,2.1095767993827956
16,fingerprint_H_bit_155,1.9228274162413892
16,poly_num_rotatable_bonds_sum_backbonefeaturizer,1.7369128622695307
16,fingerprint_H_bit_182,1.662243299228846
16,fingerprint_H_bit_204,1.6288195709212718
16,poly_max_estate_index_sidechainfeaturizer_sum,1.611686076198891
16,poly_num_hbond_acceptors_sum_backbonefeaturizer,1.5107884295798168
16,poly_balaban_j_index_sidechainfeaturizer_sum,1.4060396887267959
16,poly_topological_surface_area_sum_backbonefeaturizer,1.3937727009820864
16,fingerprint_H_bit_41,1.3741087827955323
16,fingerprint_H_bit_58,1.2973623098019684
16,fingerprint_H_bit_145,1.2755521884106504
16,poly_smr_vsa5_sum_backbonefeaturizer,1.2715032462857785
16,poly_num_rings_sidechainfeaturizer_sum,1.2585937643818528
16,poly_sp2_carbon_count_sidechainfeaturizer_sum,1.2560538192986606
16,fingerprint_H_bit_222,1.232468855563608
16,poly_slogp_vsa1_sum_backbonefeaturizer,1.2079054971245182
16,fingerprint_H_bit_84,1.1836250717488743
16,poly_molecular_weight_sum_backbonefeaturizer,1.135969477610905
16,drug_fingerprint_bit_218,1.1335052706605644
16,fingerprint_H_bit_56,1.1278873805754812
16,fingerprint_H_bit_48,1.0713418847578902
16,fingerprint_H_bit_128,1.0521420024618007
16,fingerprint_H_bit_100,1.048820190181952
16,poly_topological_surface_area_sidechainfeaturizer_sum,1.0437624423448106
16,fingerprint_H_bit_1,0.9824219779574752
16,poly_fp_density_morgan1_sidechainfeaturizer_sum,0.9797732070281443
16,lumo_eV_H,0.9604315984947431
16,drug_fingerprint_bit_42,0.9300365723181133
16,fingerprint_H_bit_119,0.9241319911334395
16,poly_num_atoms_sidechainfeaturizer_sum,0.9216883417819568
16,poly_sp3_carbon_count_sum_backbonefeaturizer,0.91573119305892
16,fingerprint_H_bit_85,0.8873950176607294
16,drug_fingerprint_bit_213,0.8845842481658374
16,fingerprint_H_bit_45,0.8805586544412414
16,fingerprint_H_bit_78,0.8704547670338494
16,drug_fingerprint_bit_201,0.8562425276059225
16,fingerprint_H_bit_118,0.8401895826968663
16,fingerprint_H_bit_151,0.8344471621196657
16,fingerprint_H_bit_214,0.8228824251925497
16,drug_fingerprint_bit_147,0.8208395049139116
16,poly_fp_density_morgan1_sum_fullpolymerfeaturizer,0.8115730121716168
16,poly_molecular_weight_sidechainfeaturizer_sum,0.8064589765894083
16,fingerprint_H_bit_113,0.7520612806161713
16,poly_num_aromatic_rings_sidechainfeaturizer_sum,0.7294510078067934
16,fingerprint_H_bit_213,0.7242258865000435
16,fingerprint_H_bit_81,0.7240549894197749
16,poly_heteroatom_density_sidechainfeaturizer_sum,0.7116489603080874
16,poly_heteroatom_count_sidechainfeaturizer_sum,0.688192453240081
16,fingerprint_H_bit_139,0.6833915459348129
16,drug_fingerprint_bit_167,0.6627202173048784
16,fingerprint_H_bit_186,0.6606696132513576
16,fingerprint_H_bit_232,0.6513323467186053
16,poly_max_ring_size_sidechainfeaturizer_sum,0.6511141903582437
16,poly_single_bonds_sum_backbonefeaturizer,0.6465500921856054
16,homo_eV_H,0.6399185258567367
16,fingerprint_H_bit_64,0.6173483513260828
16,poly_sp3_carbon_count_sidechainfeaturizer_sum,0.6081511098664094
16,fingerprint_H_bit_217,0.603284758862464
16,drug_fingerprint_bit_158,0.5916212029470888
16,drug_fingerprint_bit_153,0.5861911416458497
16,fingerprint_H_bit_28,0.5604374649178933
16,fingerprint_H_bit_53,0.5487408345144796
16,drug_fingerprint_bit_223,0.541215295182519
16,poly_num_hbond_donors_sidechainfeaturizer_sum,0.5396329512795368
16,drug_fingerprint_bit_188,0.5392397489655749
16,fingerprint_H_bit_175,0.5127295732149942
16,fingerprint_H_bit_27,0.507315867098621
16,fingerprint_H_bit_237,0.4940999407760399
16,drug_total_halogens_sum_fullmolecularfeaturizer,0.469900648550626
16,fingerprint_H_bit_159,0.45848089146828835
16,drug_fingerprint_bit_159,0.45456451878240894
16,fingerprint_H_bit_218,0.4514481378073666
16,drug_fingerprint_bit_110,0.4475977069584834
16,poly_sp3_carbon_count_sum_fullpolymerfeaturizer,0.4261263385487825
16,drug_fingerprint_bit_219,0.4248325754428811
16,fingerprint_H_bit_197,0.4239565695292375
16,drug_fingerprint_bit_3,0.41891615880083133
16,drug_fingerprint_bit_125,0.4111181914967124
16,drug_fingerprint_bit_36,0.40729385490321085
16,drug_fingerprint_bit_73,0.39819881598586954
16,drug_fingerprint_bit_189,0.39796400425753226
16,drug_fraction_bicyclic_rings_sum_fullmolecularfeaturizer,0.3931267221807565
16,poly_num_rotatable_bonds_sidechainfeaturizer_sum,0.38094073195189526
16,drug_fingerprint_bit_160,0.37776653703907087
16,poly_max_ring_size_sum_fullpolymerfeaturizer,0.3683769184426394
16,drug_fingerprint_bit_141,0.36403736253670205
16,drug_num_hbond_acceptors_sum_fullmolecularfeaturizer,0.36044304490790274
16,drug_fingerprint_bit_142,0.35887079903440267
16,drug_fingerprint_bit_164,0.35644034320286844
16,drug_fingerprint_bit_180,0.35266930209645697
16,drug_heteroatom_count_sum_fullmolecularfeaturizer,0.34941630358099307
16,drug_num_aromatic_rings_sum_fullmolecularfeaturizer,0.3483832534283668
16,drug_fingerprint_bit_226,0.34808209115309824
16,drug_fingerprint_bit_115,0.3410762489238698
16,drug_fingerprint_bit_183,0.3379966825892922
16,drug_fingerprint_bit_181,0.3367909065951962
16,drug_fingerprint_bit_126,0.32615924389322337
16,poly_max_ring_size_sum_backbonefeaturizer,0.3201853564454084
16,drug_topological_surface_area_sum_fullmolecularfeaturizer,0.3182661292744789
16,poly_num_hbond_acceptors_sidechainfeaturizer_sum,0.3168353537741277
16,drug_fingerprint_bit_74,0.31106157007284285
16,fingerprint_H_bit_251,0.3075068025183489
16,drug_smr_vsa5_sum_fullmolecularfeaturizer,0.30650247266200203
16,poly_balaban_j_index_sum_fullpolymerfeaturizer,0.2946998794344396
16,drug_lumo_eV,0.2932635470558581
16,fingerprint_H_bit_54,0.2903282737931504
16,fingerprint_H_bit_245,0.289503094736742
16,fingerprint_H_bit_67,0.28837609031557015
16,fingerprint_H_bit_227,0.2805584094150669
16,drug_fingerprint_bit_0,0.27990357312557956
16,drug_fingerprint_bit_250,0.27625670755489246
16,fingerprint_H_bit_236,0.27521895592455
16,drug_fingerprint_bit_15,0.2745649631696891
16,poly_single_bonds_sidechainfeaturizer_sum,0.2718569038074621
16,drug_fingerprint_bit_139,0.2718550382772145
16,fingerprint_H_bit_162,0.26458884996134946
16,drug_sp3_carbon_count_sum_fullmolecularfeaturizer,0.26434945890703565
16,fingerprint_H_bit_37,0.26182950766916957
16,fingerprint_H_bit_226,0.2535728702603294
16,drug_fingerprint_bit_63,0.24794670874904856
16,drug_fingerprint_bit_71,0.24475820028908676
16,drug_bridging_rings_count_sum_fullmolecularfeaturizer,0.2435351169673472
16,drug_logp,0.23801226608975115
16,poly_double_bonds_sum_backbonefeaturizer,0.2256304552981203
16,poly_heteroatom_density_sum_fullpolymerfeaturizer,0.22562794150140175
16,poly_heteroatom_count_sum_backbonefeaturizer,0.2239986102611094
16,poly_heteroatom_density_sum_backbonefeaturizer,0.22339885747547525
16,drug_num_rings_sum_fullmolecularfeaturizer,0.22191342876557885
16,fingerprint_H_bit_13,0.2214063500201162
16,fingerprint_H_bit_70,0.22117218922320214
16,drug_fingerprint_bit_205,0.21566057097353145
16,drug_fingerprint_bit_24,0.20756754308932465
16,drug_fingerprint_bit_203,0.1990577946157237
16,drug_chlorine_count_sum_fullmolecularfeaturizer,0.19327489157026165
16,drug_fingerprint_bit_155,0.1893180562574774
16,drug_fingerprint_bit_12,0.18814641068286747
16,drug_fingerprint_bit_5,0.18678179718346027
16,drug_fingerprint_bit_122,0.18199098164692723
16,drug_fingerprint_bit_50,0.17563586679806445
16,drug_fingerprint_bit_247,0.17387226549491053
16,drug_fingerprint_bit_184,0.1735557941695683
16,drug_fingerprint_bit_37,0.17299868249263342
16,drug_single_bonds_sum_fullmolecularfeaturizer,0.17170003416271168
16,drug_fingerprint_bit_106,0.17028555922231564
16,drug_fingerprint_bit_140,0.16826148662954338
16,drug_fingerprint_bit_199,0.16820525359842348
16,drug_fingerprint_bit_177,0.168155553821722
16,drug_fingerprint_bit_165,0.16701840845173363
16,drug_fingerprint_bit_6,0.16497073975168602
16,drug_fingerprint_bit_240,0.16423653329556956
16,drug_fingerprint_bit_81,0.16335190328404073
16,drug_fingerprint_bit_161,0.1617972848431297
16,drug_fingerprint_bit_101,0.16159882324745473
16,drug_fingerprint_bit_212,0.1574378303869719
16,drug_fingerprint_bit_77,0.15662107292955899
16,drug_fingerprint_bit_202,0.15568031724294004
16,fingerprint_H_bit_52,0.15402444885471023
16,drug_fingerprint_bit_120,0.15292122681382653
16,drug_fingerprint_bit_99,0.14737689393853562
16,fingerprint_H_bit_68,0.1455467023568216
16,drug_fingerprint_bit_252,0.14533465760716377
16,drug_fingerprint_bit_22,0.1439040904010776
16,drug_fingerprint_bit_69,0.14374276431830083
16,drug_logd_at_WATER_PH,0.13874270753313828
16,poly_smr_vsa5_sidechainfeaturizer_sum,0.13438568576765447
16,poly_double_bonds_sidechainfeaturizer_sum,0.13430826217286754
16,drug_num_atoms_sum_fullmolecularfeaturizer,0.13365975217711398
16,drug_fingerprint_bit_185,0.133125111469995
16,drug_fingerprint_bit_216,0.13055987867176316
16,drug_fingerprint_bit_19,0.1305059690755316
16,drug_fingerprint_bit_249,0.12948429274559983
16,drug_fingerprint_bit_105,0.12532811069387886
16,drug_fingerprint_bit_35,0.123924088003043
16,fingerprint_H_bit_121,0.12385953409257695
16,drug_fingerprint_bit_109,0.12221015279849427
16,drug_molecular_weight_sum_fullmolecularfeaturizer,0.12142644181662618
16,drug_fingerprint_bit_75,0.11861750094851621
16,drug_fingerprint_bit_44,0.11551456547410492
16,drug_num_aliphatic_heterocycles_sum_fullmolecularfeaturizer,0.11527995458088583
16,fingerprint_H_bit_69,0.11123063016790623
16,drug_fluorine_count_sum_fullmolecularfeaturizer,0.1091211614402863
16,drug_fingerprint_bit_18,0.1085633881638179
16,poly_num_hbond_donors_sum_backbonefeaturizer,0.10790235972193528
16,fingerprint_H_bit_61,0.10620453669484682
16,drug_fingerprint_bit_103,0.10547833092037365
16,drug_fingerprint_bit_179,0.10401078734145673
16,drug_fingerprint_bit_236,0.10346690803096971
16,drug_fingerprint_bit_84,0.10297779057147873
16,drug_fingerprint_bit_211,0.10237408260566305
16,drug_fingerprint_bit_93,0.10235510530667659
16,drug_heteroatom_density_sum_fullmolecularfeaturizer,0.10118934855570426
16,drug_fingerprint_bit_92,0.10078989600067186
16,drug_fingerprint_bit_76,0.10026916050825473
16,drug_fingerprint_bit_26,0.09906715091483166
16,drug_fingerprint_bit_116,0.09820291910055079
16,drug_fingerprint_bit_145,0.09587852691397739
16,drug_fingerprint_bit_38,0.09366728496157581
16,drug_fingerprint_bit_150,0.09327490743932967
16,drug_fingerprint_bit_156,0.09183754040141658
16,fingerprint_H_bit_216,0.0908437022262183
16,drug_fingerprint_bit_204,0.0904430249220121
16,poly_slogp_vsa1_sidechainfeaturizer_sum,0.0904245229132358
16,drug_fingerprint_bit_2,0.0902717436289326
16,drug_fingerprint_bit_11,0.08929288541400855
16,drug_fingerprint_bit_57,0.08881918414174604
16,drug_fingerprint_bit_253,0.08698432792845577
16,drug_fingerprint_bit_60,0.08538103048385337
16,drug_num_hbond_donors_sum_fullmolecularfeaturizer,0.08461648504946016
16,drug_fingerprint_bit_13,0.08451086750629358
16,drug_fingerprint_bit_127,0.08274401272827125
16,drug_fingerprint_bit_83,0.08261081535576136
16,drug_fingerprint_bit_239,0.08197225124721652
16,drug_fingerprint_bit_28,0.07981902813779064
16,fingerprint_H_bit_219,0.0792100473947399
16,fingerprint_H_bit_224,0.07872203935032705
16,drug_fingerprint_bit_238,0.07835484083883408
16,drug_fingerprint_bit_197,0.07608580871987809
16,drug_fingerprint_bit_206,0.07407418603875653
16,drug_fingerprint_bit_246,0.07398660716287841
16,drug_fingerprint_bit_34,0.0721022110012807
16,drug_fingerprint_bit_169,0.07028659218174067
16,drug_fingerprint_bit_170,0.06973517903970279
16,drug_fingerprint_bit_30,0.06908669311553231
16,fingerprint_H_bit_134,0.06748981698282354
16,drug_fingerprint_bit_14,0.067192741820864
16,fingerprint_H_bit_32,0.06538928932757654
16,drug_fingerprint_bit_10,0.06497989210676529
16,drug_fingerprint_bit_146,0.06465965694396593
16,drug_fingerprint_bit_148,0.06384402338531635
16,drug_fingerprint_bit_196,0.06370356458920579
16,drug_fingerprint_bit_173,0.06309108255524282
16,drug_fingerprint_bit_27,0.05946518872173623
16,drug_homo_eV,0.058019466101942474
16,drug_fingerprint_bit_191,0.05518135639466513
16,fingerprint_H_bit_89,0.054507511899173355
16,poly_num_non_aromatic_rings_sum_backbonefeaturizer,0.05417759164717823
16,poly_num_aliphatic_heterocycles_sum_fullpolymerfeaturizer,0.05415131057375865
16,fingerprint_H_bit_212,0.05349643870746325
16,fingerprint_H_bit_112,0.05347354267861223
16,poly_smr_vsa5_sum_fullpolymerfeaturizer,0.0533554259363017
16,drug_fingerprint_bit_114,0.05262972162519397
16,drug_fingerprint_bit_136,0.05035908113213057
16,fingerprint_H_bit_26,0.05001617671631956
16,drug_fingerprint_bit_152,0.0495479701472723
16,fingerprint_H_bit_30,0.04888507350446852
16,fingerprint_H_bit_57,0.047695080390108814
16,drug_fingerprint_bit_46,0.047420555646687075
16,drug_fingerprint_bit_251,0.04715791632794124
16,drug_fingerprint_bit_208,0.04603368145625562
16,drug_fingerprint_bit_132,0.04472457265837783
16,drug_fingerprint_bit_231,0.04341917728698752
16,drug_fingerprint_bit_130,0.04302946333206437
16,poly_num_rotatable_bonds_sum_fullpolymerfeaturizer,0.04212712598276991
16,drug_num_non_aromatic_rings_sum_fullmolecularfeaturizer,0.04173414258651677
16,drug_fingerprint_bit_90,0.041082768463652046
16,drug_fingerprint_bit_97,0.03945484708797477
16,drug_fingerprint_bit_7,0.039010899517773444
16,drug_fingerprint_bit_227,0.038272713393300954
16,fingerprint_H_bit_143,0.038082332409688016
16,drug_fingerprint_bit_121,0.03751301246209899
16,fingerprint_H_bit_123,0.03679103627569451
16,fingerprint_H_bit_114,0.03625330943063546
16,drug_fingerprint_bit_172,0.03528663154829174
16,fingerprint_H_bit_144,0.03522907038227446
16,fingerprint_H_bit_63,0.032845717483454905
16,drug_fingerprint_bit_95,0.03275492353399466
16,fingerprint_H_bit_174,0.03242092292402543
16,fingerprint_H_bit_131,0.031445803475816034
16,drug_fingerprint_bit_187,0.030295885912266615
16,poly_num_aliphatic_heterocycles_sum_backbonefeaturizer,0.028470356475474443
16,fingerprint_H_bit_18,0.027620037207416175
16,fingerprint_H_bit_46,0.02586083521793656
16,drug_fingerprint_bit_131,0.024919955779552534
16,drug_fingerprint_bit_104,0.024356197408336937
16,drug_fingerprint_bit_229,0.023789573718192455
16,drug_fingerprint_bit_62,0.023582216607874202
16,drug_fingerprint_bit_96,0.02337336924524855
16,drug_fingerprint_bit_117,0.023329591687990158
16,drug_fingerprint_bit_32,0.023123782191437566
16,drug_fingerprint_bit_78,0.022749347923282277
16,fingerprint_H_bit_106,0.022375793585424655
16,drug_fingerprint_bit_248,0.02228792049049363
16,drug_fingerprint_bit_162,0.02222374262582392
16,drug_fingerprint_bit_222,0.021914548111255826
16,fingerprint_H_bit_233,0.021245803419378404
16,drug_fingerprint_bit_31,0.0209026267985393
16,drug_fingerprint_bit_85,0.02081720168903865
16,drug_fingerprint_bit_178,0.020724059984587727
16,drug_fingerprint_bit_67,0.019660669221987455
16,drug_fingerprint_bit_245,0.019505850515719864
16,drug_fingerprint_bit_255,0.018639134059833022
16,drug_balaban_j_index_sum_fullmolecularfeaturizer,0.018460305895674347
16,fingerprint_H_bit_65,0.017641510399078162
16,drug_fingerprint_bit_154,0.017360845610449958
16,drug_fingerprint_bit_20,0.01708114768506868
16,fingerprint_H_bit_34,0.01656704362712828
16,drug_fingerprint_bit_149,0.016433034831803594
16,fingerprint_H_bit_185,0.015634824638387227
16,drug_fingerprint_bit_41,0.015567574415275247
16,drug_fingerprint_bit_23,0.01507681056384967
16,drug_fingerprint_bit_58,0.014430035057915113
16,drug_fingerprint_bit_39,0.013312622130971067
16,drug_fingerprint_bit_171,0.01312466462821755
16,drug_fingerprint_bit_86,0.012694661998287901
16,drug_fingerprint_bit_235,0.012148418883901954
16,drug_fingerprint_bit_70,0.011829503718539466
16,drug_max_ring_size_sum_fullmolecularfeaturizer,0.011793657355859787
16,drug_fingerprint_bit_100,0.011556997073800772
16,drug_fingerprint_bit_8,0.010255456960251253
16,drug_fingerprint_bit_134,0.010069996312354898
16,drug_fingerprint_bit_182,0.009992059459118725
16,drug_fingerprint_bit_82,0.009702199004017515
16,drug_fingerprint_bit_135,0.00912612526905221
16,drug_fingerprint_bit_194,0.00876380650801059
16,drug_fingerprint_bit_16,0.008494474327981973
16,fingerprint_H_bit_116,0.008173405438535826
16,fingerprint_H_bit_205,0.0061573810590514555
16,drug_fingerprint_bit_59,0.004760410237833841
16,fingerprint_H_bit_158,0.003692394166514477
16,poly_num_non_aromatic_rings_sum_fullpolymerfeaturizer,0.0030490247856297054
16,drug_fp_density_morgan1_sum_fullmolecularfeaturizer,0.0029120491218544075
16,fingerprint_H_bit_80,0.001216207383462921
16,drug_fingerprint_bit_129,0.0011513967059937505
16,drug_fingerprint_bit_25,0.0008209877022909508
16,drug_fingerprint_bit_56,0.0005639037618282121
16,drug_fingerprint_bit_48,0.00037228893694141174
16,fingerprint_H_bit_199,1.2739809207573671e-13
16,fingerprint_H_bit_189,0.0
16,poly_iodine_count_sum_backbonefeaturizer,0.0
16,poly_fluorine_count_sidechainfeaturizer_sum,0.0
16,fingerprint_H_bit_192,0.0
16,fingerprint_H_bit_190,0.0
16,fingerprint_H_bit_194,0.0
16,fingerprint_H_bit_195,0.0
16,fingerprint_H_bit_196,0.0
16,fingerprint_H_bit_193,0.0
16,drug_fingerprint_bit_157,0.0
16,fingerprint_H_bit_107,0.0
16,fingerprint_H_bit_108,0.0
16,fingerprint_H_bit_191,0.0
16,poly_fluorine_count_sum_backbonefeaturizer,0.0
16,poly_chlorine_count_sum_backbonefeaturizer,0.0
16,poly_bromine_count_sum_backbonefeaturizer,0.0
16,drug_fingerprint_bit_176,0.0
16,fingerprint_H_bit_19,0.0
16,fingerprint_H_bit_17,0.0
16,fingerprint_H_bit_16,0.0
16,fingerprint_H_bit_15,0.0
16,fingerprint_H_bit_92,0.0
16,fingerprint_H_bit_20,0.0
16,poly_triple_bonds_sum_backbonefeaturizer,0.0
16,fingerprint_H_bit_21,0.0
16,fingerprint_H_bit_36,0.0
16,fingerprint_H_bit_55,0.0
16,poly_total_halogens_sum_backbonefeaturizer,0.0
16,poly_fraction_bicyclic_rings_sum_backbonefeaturizer,0.0
16,fingerprint_H_bit_29,0.0
16,fingerprint_H_bit_31,0.0
16,fingerprint_H_bit_35,0.0
16,poly_bridging_rings_count_sum_backbonefeaturizer,0.0
16,fingerprint_H_bit_166,0.0
16,fingerprint_H_bit_168,0.0
16,fingerprint_H_bit_169,0.0
16,fingerprint_H_bit_170,0.0
16,fingerprint_H_bit_171,0.0
16,fingerprint_H_bit_172,0.0
16,fingerprint_H_bit_173,0.0
16,fingerprint_H_bit_176,0.0
16,fingerprint_H_bit_177,0.0
16,fingerprint_H_bit_12,0.0
16,fingerprint_H_bit_14,0.0
16,fingerprint_H_bit_11,0.0
16,fingerprint_H_bit_198,0.0
16,fingerprint_H_bit_200,0.0
16,fingerprint_H_bit_178,0.0
16,fingerprint_H_bit_165,0.0
16,fingerprint_H_bit_163,0.0
16,fingerprint_H_bit_161,0.0
16,fingerprint_H_bit_86,0.0
16,fingerprint_H_bit_83,0.0
16,fingerprint_H_bit_71,0.0
16,fingerprint_H_bit_47,0.0
16,fingerprint_H_bit_50,0.0
16,fingerprint_H_bit_49,0.0
16,poly_bridging_rings_count_sum_fullpolymerfeaturizer,0.0
16,poly_num_non_aromatic_rings_sidechainfeaturizer_sum,0.0
16,poly_num_aliphatic_heterocycles_sidechainfeaturizer_sum,0.0
16,poly_fraction_bicyclic_rings_sidechainfeaturizer_sum,0.0
16,fingerprint_H_bit_82,0.0
16,fingerprint_H_bit_72,0.0
16,poly_triple_bonds_sum_fullpolymerfeaturizer,0.0
16,fingerprint_H_bit_51,0.0
16,poly_bromine_count_sum_fullpolymerfeaturizer,0.0
16,poly_chlorine_count_sum_fullpolymerfeaturizer,0.0
16,poly_bromine_count_sidechainfeaturizer_sum,0.0
16,poly_chlorine_count_sidechainfeaturizer_sum,0.0
16,poly_triple_bonds_sidechainfeaturizer_sum,0.0
16,poly_bridging_rings_count_sidechainfeaturizer_sum,0.0
16,fingerprint_H_bit_43,0.0
16,poly_iodine_count_sidechainfeaturizer_sum,0.0
16,fingerprint_H_bit_44,0.0
16,fingerprint_H_bit_90,0.0
16,fingerprint_H_bit_91,0.0
16,fingerprint_H_bit_109,0.0
16,drug_fingerprint_bit_244,0.0
16,fingerprint_H_bit_187,0.0
16,fingerprint_H_bit_188,0.0
16,fingerprint_H_bit_5,0.0
16,fingerprint_H_bit_180,0.0
16,fingerprint_H_bit_179,0.0
16,fingerprint_H_bit_160,0.0
16,fingerprint_H_bit_157,0.0
16,fingerprint_H_bit_10,0.0
16,fingerprint_H_bit_156,0.0
16,fingerprint_H_bit_9,0.0
16,drug_fingerprint_bit_217,0.0
16,drug_fingerprint_bit_17,0.0
16,drug_fingerprint_bit_215,0.0
16,drug_fingerprint_bit_9,0.0
16,fingerprint_H_bit_40,0.0
16,drug_fingerprint_bit_21,0.0
16,poly_total_halogens_sidechainfeaturizer_sum,0.0
16,fingerprint_H_bit_79,0.0
16,fingerprint_H_bit_181,0.0
16,fingerprint_H_bit_148,0.0
16,fingerprint_H_bit_149,0.0
16,fingerprint_H_bit_152,0.0
16,fingerprint_H_bit_150,0.0
16,fingerprint_H_bit_153,0.0
16,fingerprint_H_bit_154,0.0
16,drug_fingerprint_bit_87,0.0
16,drug_fingerprint_bit_89,0.0
16,drug_fingerprint_bit_68,0.0
16,fingerprint_H_bit_77,0.0
16,drug_fingerprint_bit_51,0.0
16,drug_fingerprint_bit_54,0.0
16,fingerprint_H_bit_75,0.0
16,fingerprint_H_bit_76,0.0
16,fingerprint_H_bit_73,0.0
16,fingerprint_H_bit_184,0.0
16,fingerprint_H_bit_24,0.0
16,fingerprint_H_bit_23,0.0
16,fingerprint_H_bit_22,0.0
16,fingerprint_H_bit_62,0.0
16,fingerprint_H_bit_248,0.0
16,fingerprint_H_bit_130,0.0
16,drug_fingerprint_bit_221,0.0
16,drug_fingerprint_bit_220,0.0
16,fingerprint_H_bit_135,0.0
16,fingerprint_H_bit_136,0.0
16,fingerprint_H_bit_140,0.0
16,fingerprint_H_bit_137,0.0
16,fingerprint_H_bit_103,0.0
16,fingerprint_H_bit_104,0.0
16,fingerprint_H_bit_132,0.0
16,fingerprint_H_bit_247,0.0
16,drug_fingerprint_bit_102,0.0
16,fingerprint_H_bit_105,0.0
16,fingerprint_H_bit_126,0.0
16,fingerprint_H_bit_124,0.0
16,fingerprint_H_bit_127,0.0
16,fingerprint_H_bit_129,0.0
16,poly_fraction_bicyclic_rings_sum_fullpolymerfeaturizer,0.0
16,poly_total_halogens_sum_fullpolymerfeaturizer,0.0
16,poly_fluorine_count_sum_fullpolymerfeaturizer,0.0
16,poly_iodine_count_sum_fullpolymerfeaturizer,0.0
16,fingerprint_H_bit_59,0.0
16,fingerprint_H_bit_60,0.0
16,fingerprint_H_bit_141,0.0
16,fingerprint_H_bit_142,0.0
16,fingerprint_H_bit_146,0.0
16,fingerprint_H_bit_74,0.0
16,fingerprint_H_bit_252,0.0
16,fingerprint_H_bit_250,0.0
16,fingerprint_H_bit_246,0.0
16,fingerprint_H_bit_244,0.0
16,fingerprint_H_bit_243,0.0
16,fingerprint_H_bit_242,0.0
16,fingerprint_H_bit_241,0.0
16,fingerprint_H_bit_253,0.0
16,fingerprint_H_bit_231,0.0
16,fingerprint_H_bit_234,0.0
16,fingerprint_H_bit_235,0.0
16,drug_fingerprint_bit_123,0.0
16,fingerprint_H_bit_225,0.0
16,fingerprint_H_bit_254,0.0
16,fingerprint_H_bit_255,0.0
16,fingerprint_H_bit_223,0.0
16,fingerprint_H_bit_201,0.0
16,fingerprint_H_bit_240,0.0
16,fingerprint_H_bit_239,0.0
16,fingerprint_H_bit_202,0.0
16,fingerprint_H_bit_209,0.0
16,fingerprint_H_bit_210,0.0
16,fingerprint_H_bit_203,0.0
16,fingerprint_H_bit_208,0.0
16,fingerprint_H_bit_215,0.0
16,fingerprint_H_bit_211,0.0
16,fingerprint_H_bit_111,0.0
16,fingerprint_H_bit_110,0.0
16,fingerprint_H_bit_238,0.0
16,fingerprint_H_bit_228,0.0
16,fingerprint_H_bit_229,0.0
16,fingerprint_H_bit_230,0.0
16,drug_triple_bonds_sum_fullmolecularfeaturizer,0.0
16,fingerprint_H_bit_122,0.0
16,fingerprint_H_bit_117,0.0
16,fingerprint_H_bit_115,0.0
16,drug_fingerprint_bit_112,0.0
16,fingerprint_H_bit_249,0.0
16,fingerprint_H_bit_6,0.0
16,drug_fingerprint_bit_198,0.0
16,fingerprint_H_bit_8,0.0
16,fingerprint_H_bit_0,0.0
16,fingerprint_H_bit_3,0.0
16,fingerprint_H_bit_2,0.0
16,fingerprint_H_bit_4,0.0
16,drug_fingerprint_bit_195,0.0
16,drug_fingerprint_bit_166,0.0
16,drug_fingerprint_bit_209,0.0
16,fingerprint_H_bit_220,0.0
16,fingerprint_H_bit_221,0.0
16,fingerprint_H_bit_88,0.0
16,fingerprint_H_bit_87,0.0
16,fingerprint_H_bit_94,0.0
16,fingerprint_H_bit_95,0.0
16,fingerprint_H_bit_96,0.0
16,fingerprint_H_bit_93,0.0
16,fingerprint_H_bit_97,0.0
16,fingerprint_H_bit_99,0.0
16,fingerprint_H_bit_102,0.0
16,fingerprint_H_bit_101,0.0
16,drug_fingerprint_bit_234,0.0
16,drug_bromine_count_sum_fullmolecularfeaturizer,0.0
16,drug_iodine_count_sum_fullmolecularfeaturizer,0.0
16,drug_fingerprint_bit_254,0.0
16,fingerprint_H_bit_206,-4.031569542510698e-08
16,fingerprint_H_bit_25,-6.672939788034324e-08
16,drug_fingerprint_bit_232,-1.000940973280454e-07
16,drug_fingerprint_bit_137,-0.0010253150511524897
16,fingerprint_H_bit_7,-0.002026899238719412
16,drug_fingerprint_bit_79,-0.0032647768455095244
16,drug_fingerprint_bit_225,-0.0035293204350146773
16,fingerprint_H_bit_147,-0.008315526213834292
16,drug_fingerprint_bit_124,-0.009161386925803523
16,drug_fingerprint_bit_118,-0.010606237320264182
16,drug_fingerprint_bit_49,-0.012600064281559924
16,drug_fingerprint_bit_80,-0.014090620877723645
16,drug_sp2_carbon_count_sum_fullmolecularfeaturizer,-0.014220142860783377
16,drug_fingerprint_bit_65,-0.014458813251644349
16,drug_fingerprint_bit_241,-0.01741951871365017
16,drug_max_estate_index_sum_fullmolecularfeaturizer,-0.01964270173854668
16,drug_fingerprint_bit_192,-0.019967425905410167
16,drug_fingerprint_bit_207,-0.021351355966875343
16,drug_fingerprint_bit_55,-0.028960188309855035
16,drug_fingerprint_bit_144,-0.029380338352752253
16,drug_fingerprint_bit_138,-0.03212887576157651
16,drug_fingerprint_bit_53,-0.033244192898227484
16,drug_fingerprint_bit_242,-0.03859107932003062
16,drug_fingerprint_bit_174,-0.0398013305615353
16,drug_charge_at_WATER_PH,-0.044366406609230115
16,drug_fingerprint_bit_91,-0.04988222496344282
16,drug_double_bonds_sum_fullmolecularfeaturizer,-0.06432838753007519
16,drug_fingerprint_bit_94,-0.07150952868914653
16,drug_fingerprint_bit_29,-0.0734392034530522
16,fingerprint_H_bit_207,-0.08155520931820656
16,drug_fingerprint_bit_143,-0.08240632181833803
16,poly_sp2_carbon_count_sum_fullpolymerfeaturizer,-0.0851923362640061
16,drug_fingerprint_bit_214,-0.08725655159143589
16,drug_fingerprint_bit_210,-0.09055659889211908
16,drug_fingerprint_bit_43,-0.10006998630025035
16,drug_fingerprint_bit_228,-0.10369536341453145
16,poly_num_aromatic_rings_sum_fullpolymerfeaturizer,-0.11069961766657409
16,drug_fingerprint_bit_40,-0.11203497610235932
16,drug_fingerprint_bit_66,-0.11296250962739122
16,fingerprint_H_bit_125,-0.11887113740341616
16,fingerprint_H_bit_39,-0.11927478056860748
16,drug_fingerprint_bit_237,-0.12442753795524665
16,drug_fingerprint_bit_193,-0.12508774133502681
16,fingerprint_H_bit_38,-0.14599214105097685
16,fingerprint_H_bit_133,-0.15133536290986171
16,drug_slogp_vsa1_sum_fullmolecularfeaturizer,-0.16129656069983941
16,drug_fingerprint_bit_1,-0.16164141495436818
16,drug_fingerprint_bit_168,-0.16715008943537507
16,fingerprint_H_bit_183,-0.16719522266251724
16,poly_num_hbond_donors_sum_fullpolymerfeaturizer,-0.19695074782873867
16,drug_fingerprint_bit_230,-0.1989779259630398
16,poly_balaban_j_index_sum_backbonefeaturizer,-0.2058213504536807
16,fingerprint_H_bit_167,-0.2184865200845696
16,drug_fingerprint_bit_133,-0.23954196974876885
16,WATER_PH,-0.25728486296515685
16,drug_fingerprint_bit_61,-0.2708279670607964
16,fingerprint_H_bit_42,-0.270990676156982
16,fingerprint_H_bit_138,-0.2777100443176589
16,drug_fingerprint_bit_233,-0.27914058644275713
16,drug_fingerprint_bit_113,-0.280560583216409
16,drug_fingerprint_bit_111,-0.2947606007263412
16,drug_fingerprint_bit_47,-0.31334647639521024
16,drug_fingerprint_bit_64,-0.3559141826793466
16,charge_at_WATER_PH_H,-0.37970780346774496
16,drug_fingerprint_bit_163,-0.4004097955669458
16,drug_fingerprint_bit_186,-0.4386264945316908
16,drug_fingerprint_bit_72,-0.4422817221047137
16,poly_single_bonds_sum_fullpolymerfeaturizer,-0.4561834739248683
16,drug_fingerprint_bit_175,-0.4592648422926565
16,drug_fingerprint_bit_243,-0.46759603764742036
16,drug_fingerprint_bit_107,-0.47435756661848966
16,poly_max_estate_index_sum_backbonefeaturizer,-0.5035967528238935
16,drug_fingerprint_bit_128,-0.5061126289044091
16,poly_topological_surface_area_sum_fullpolymerfeaturizer,-0.5077571542124921
16,logp_H,-0.5865761374044188
16,poly_max_estate_index_sum_fullpolymerfeaturizer,-0.7699544839986708
16,poly_num_hbond_acceptors_sum_fullpolymerfeaturizer,-0.8034970456563665
16,drug_fingerprint_bit_52,-0.8821882755971405
16,drug_fingerprint_bit_224,-0.9298504385467226
16,drug_fingerprint_bit_4,-0.9447249112639946
16,drug_num_rotatable_bonds_sum_fullmolecularfeaturizer,-1.02632262097925
16,poly_double_bonds_sum_fullpolymerfeaturizer,-1.1275702805499992
16,poly_num_atoms_sum_backbonefeaturizer,-1.1668732561946429
16,poly_num_rings_sum_fullpolymerfeaturizer,-1.1922558347623322
16,CONCENTRATION,-1.2834349785401338
16,drug_fingerprint_bit_151,-1.2969540321338417
16,drug_fingerprint_bit_108,-1.437629010422194
16,drug_fingerprint_bit_88,-1.4534982494393955
16,drug_fingerprint_bit_119,-1.4802824257469211
16,poly_heteroatom_count_sum_fullpolymerfeaturizer,-1.4861572453098908
16,drug_fingerprint_bit_200,-1.5163161712365514
16,drug_fingerprint_bit_45,-1.6114909864829232
16,poly_num_atoms_sum_fullpolymerfeaturizer,-1.830614463814703
16,poly_molecular_weight_sum_fullpolymerfeaturizer,-2.0239423426375667
16,fingerprint_H_bit_98,-2.477246964099595
16,fingerprint_H_bit_66,-2.911578211682492
16,drug_fingerprint_bit_33,-3.409516527794465
16,fingerprint_H_bit_164,-4.002856938120401
17,fingerprint_H_bit_2,17.816983339861117
17,drug_fingerprint_bit_98,10.991991776530694
17,drug_fingerprint_bit_190,8.473367093872609
17,fingerprint_H_bit_33,2.5344911779926633
17,poly_smr_vsa5_sum_backbonefeaturizer,2.454739717345317
17,fingerprint_H_bit_213,2.379322489327572
17,fingerprint_H_bit_155,2.3063884272571187
17,poly_heteroatom_density_sidechainfeaturizer_sum,2.1152295229061227
17,poly_fp_density_morgan1_sidechainfeaturizer_sum,2.064192746371846
17,poly_heteroatom_count_sum_backbonefeaturizer,1.9155530083833132
17,drug_fingerprint_bit_219,1.889861604266732
17,fingerprint_H_bit_237,1.7919346959542979
17,poly_num_aromatic_rings_sum_backbonefeaturizer,1.7694421533314368
17,poly_max_estate_index_sidechainfeaturizer_sum,1.5623013797582765
17,poly_num_rings_sum_backbonefeaturizer,1.5260446211014982
17,fingerprint_H_bit_128,1.5077602984876033
17,fingerprint_H_bit_123,1.454528029196597
17,fingerprint_H_bit_119,1.4419350697678024
17,poly_sp2_carbon_count_sidechainfeaturizer_sum,1.4217183340807662
17,fingerprint_H_bit_222,1.375432150714156
17,poly_num_hbond_donors_sum_backbonefeaturizer,1.2172812941884767
17,poly_slogp_vsa1_sum_fullpolymerfeaturizer,1.217273923153476
17,charge_at_WATER_PH_H,1.1803911560553322
17,fingerprint_H_bit_139,1.1402298480215003
17,fingerprint_H_bit_214,1.1331512616621235
17,fingerprint_H_bit_159,1.0559239105697449
17,fingerprint_H_bit_147,1.017652181592959
17,fingerprint_H_bit_232,0.997854139084923
17,drug_fingerprint_bit_72,0.9842644635587169
17,lumo_eV_H,0.9705945279708159
17,poly_topological_surface_area_sidechainfeaturizer_sum,0.9648747274396668
17,drug_fingerprint_bit_158,0.9337996576299042
17,fingerprint_H_bit_113,0.9304441520724335
17,poly_num_atoms_sum_backbonefeaturizer,0.8907369965424435
17,drug_fingerprint_bit_110,0.8791815866555996
17,poly_fp_density_morgan1_sum_backbonefeaturizer,0.8730839549559933
17,fingerprint_H_bit_58,0.8702623993302431
17,fingerprint_H_bit_100,0.8690631611853517
17,fingerprint_H_bit_81,0.8447446757890155
17,poly_sp2_carbon_count_sum_backbonefeaturizer,0.8374052089077803
17,poly_num_hbond_donors_sidechainfeaturizer_sum,0.8202719679837156
17,drug_num_hbond_donors_sum_fullmolecularfeaturizer,0.7976327041264369
17,poly_max_ring_size_sum_fullpolymerfeaturizer,0.765140810284881
17,fingerprint_H_bit_53,0.7596131484062839
17,drug_fingerprint_bit_118,0.7390462700851236
17,drug_fingerprint_bit_52,0.7166322492399348
17,drug_fingerprint_bit_223,0.7157339683996037
17,fingerprint_H_bit_28,0.694122347259552
17,poly_num_atoms_sidechainfeaturizer_sum,0.688145763867723
17,poly_single_bonds_sidechainfeaturizer_sum,0.6840924955283654
17,poly_balaban_j_index_sidechainfeaturizer_sum,0.6816554066763401
17,drug_fingerprint_bit_125,0.6657042062333689
17,drug_fingerprint_bit_22,0.6475482661549891
17,fingerprint_H_bit_197,0.5923126285759357
17,poly_max_ring_size_sidechainfeaturizer_sum,0.5855667264115189
17,drug_fingerprint_bit_42,0.5829607888912779
17,fingerprint_H_bit_186,0.5565586480524486
17,fingerprint_H_bit_118,0.5262855646483751
17,poly_smr_vsa5_sidechainfeaturizer_sum,0.5060026748785516
17,poly_balaban_j_index_sum_backbonefeaturizer,0.5049184654823138
17,poly_num_rotatable_bonds_sum_backbonefeaturizer,0.504554968715209
17,drug_total_halogens_sum_fullmolecularfeaturizer,0.49555815838816286
17,drug_fingerprint_bit_167,0.4852935002607127
17,poly_single_bonds_sum_backbonefeaturizer,0.48080550926036736
17,poly_heteroatom_count_sidechainfeaturizer_sum,0.4804964977786166
17,homo_eV_H,0.46329478262583473
17,drug_fingerprint_bit_201,0.4491415894144885
17,drug_fingerprint_bit_24,0.42041834287000773
17,drug_logd_at_WATER_PH,0.41129130972758554
17,logp_H,0.40801921019138954
17,fingerprint_H_bit_84,0.4002022628098915
17,drug_heteroatom_count_sum_fullmolecularfeaturizer,0.40003648688794874
17,drug_fingerprint_bit_120,0.3816676443833828
17,drug_fingerprint_bit_3,0.37536995298567133
17,poly_smr_vsa5_sum_fullpolymerfeaturizer,0.3694680283653019
17,drug_fingerprint_bit_153,0.36121958082859557
17,drug_fingerprint_bit_188,0.3488548087662216
17,fingerprint_H_bit_167,0.3331235859503686
17,drug_smr_vsa5_sum_fullmolecularfeaturizer,0.32892030224988217
17,drug_fingerprint_bit_155,0.3179009214651089
17,poly_num_hbond_donors_sum_fullpolymerfeaturizer,0.306320133825324
17,drug_fingerprint_bit_141,0.30448164458215926
17,drug_topological_surface_area_sum_fullmolecularfeaturizer,0.3008147070222633
17,fingerprint_H_bit_85,0.29463132849887425
17,poly_num_rings_sidechainfeaturizer_sum,0.29329744157560056
17,poly_num_aromatic_rings_sum_fullpolymerfeaturizer,0.29268857368715917
17,fingerprint_H_bit_13,0.291596572101987
17,drug_fingerprint_bit_0,0.28480912443444684
17,drug_fingerprint_bit_255,0.2782258835730732
17,fingerprint_H_bit_41,0.2777521526430898
17,drug_fingerprint_bit_36,0.2670022246723894
17,drug_fingerprint_bit_253,0.265294373359829
17,drug_fingerprint_bit_73,0.2648547498087721
17,fingerprint_H_bit_56,0.2634088574138479
17,drug_fingerprint_bit_184,0.25573556463058683
17,drug_fingerprint_bit_130,0.2516343924901377
17,drug_num_hbond_acceptors_sum_fullmolecularfeaturizer,0.25119282002979587
17,drug_fingerprint_bit_250,0.25086820354654976
17,fingerprint_H_bit_145,0.25074336207349096
17,drug_fraction_bicyclic_rings_sum_fullmolecularfeaturizer,0.2500368622548846
17,drug_fingerprint_bit_159,0.2480745823833193
17,fingerprint_H_bit_78,0.24772723285126477
17,drug_fingerprint_bit_189,0.24763564337472457
17,drug_fingerprint_bit_249,0.24393589234887297
17,drug_fingerprint_bit_213,0.24286998846111452
17,drug_fingerprint_bit_5,0.24197440683621035
17,drug_fingerprint_bit_18,0.24064260952514832
17,fingerprint_H_bit_89,0.24023131084425747
17,drug_fingerprint_bit_183,0.23689408969726541
17,drug_fingerprint_bit_10,0.22966708634271749
17,drug_fingerprint_bit_11,0.22893348466565008
17,drug_fingerprint_bit_61,0.22256559978304713
17,drug_fingerprint_bit_180,0.21973745634049044
17,drug_fingerprint_bit_226,0.21814886109288376
17,drug_fingerprint_bit_212,0.21700516941466294
17,fingerprint_H_bit_204,0.2162720553308575
17,drug_fingerprint_bit_216,0.21406397755126175
17,drug_fingerprint_bit_15,0.21262855427273306
17,drug_fingerprint_bit_50,0.21117008922957847
17,drug_fingerprint_bit_146,0.2108367923287003
17,drug_fingerprint_bit_206,0.20857351591353077
17,drug_fingerprint_bit_137,0.206913157499055
17,drug_fingerprint_bit_115,0.1956824443329988
17,drug_fingerprint_bit_93,0.19338389853209045
17,fingerprint_H_bit_183,0.1929490544317574
17,drug_fingerprint_bit_181,0.1895999676163236
17,drug_fingerprint_bit_101,0.18175005886791382
17,drug_fingerprint_bit_161,0.17806879434060452
17,poly_num_rings_sum_fullpolymerfeaturizer,0.1780216727135766
17,drug_fingerprint_bit_185,0.17684001682027686
17,drug_fingerprint_bit_136,0.17452991488833078
17,fingerprint_H_bit_52,0.17208460353952565
17,drug_fingerprint_bit_142,0.1716654340598045
17,drug_fingerprint_bit_177,0.1679385452254094
17,drug_fingerprint_bit_145,0.1647737025571172
17,drug_fluorine_count_sum_fullmolecularfeaturizer,0.1631077851093782
17,logd_at_WATER_PH_H,0.15830397931372292
17,drug_single_bonds_sum_fullmolecularfeaturizer,0.1567417334022275
17,drug_fingerprint_bit_160,0.15663014590298588
17,drug_fingerprint_bit_83,0.1520692733614812
17,drug_molecular_weight_sum_fullmolecularfeaturizer,0.14901722664295283
17,drug_fingerprint_bit_251,0.14884691982073212
17,drug_fingerprint_bit_211,0.14541111247314625
17,poly_molecular_weight_sidechainfeaturizer_sum,0.14484710081209948
17,drug_homo_eV,0.14477609997575322
17,drug_fingerprint_bit_199,0.14275579646289752
17,poly_double_bonds_sidechainfeaturizer_sum,0.1419177645187932
17,poly_single_bonds_sum_fullpolymerfeaturizer,0.139982323224558
17,drug_sp3_carbon_count_sum_fullmolecularfeaturizer,0.13942777499271883
17,fingerprint_H_bit_69,0.13851333420878983
17,poly_molecular_weight_sum_fullpolymerfeaturizer,0.13783298510872605
17,drug_fingerprint_bit_126,0.13336539352958873
17,poly_sp2_carbon_count_sum_fullpolymerfeaturizer,0.13238758981642537
17,drug_fingerprint_bit_196,0.13081838838908064
17,drug_fingerprint_bit_47,0.12971082061701575
17,drug_fingerprint_bit_12,0.1292445965055529
17,drug_num_rings_sum_fullmolecularfeaturizer,0.12753720837926458
17,drug_fingerprint_bit_95,0.1273908161070162
17,drug_fingerprint_bit_39,0.12663015918310933
17,drug_fingerprint_bit_203,0.12494613243926832
17,drug_fingerprint_bit_35,0.12440055228526326
17,fingerprint_H_bit_68,0.12386901140180018
17,drug_fingerprint_bit_165,0.1237205800012241
17,fingerprint_H_bit_162,0.1189852965998917
17,drug_fingerprint_bit_37,0.11798187294221951
17,drug_fingerprint_bit_236,0.11675142723096142
17,fingerprint_H_bit_70,0.11472837664564169
17,fingerprint_H_bit_226,0.11468611565300575
17,drug_num_aromatic_rings_sum_fullmolecularfeaturizer,0.11436433124800839
17,poly_num_rotatable_bonds_sidechainfeaturizer_sum,0.11221195753895866
17,drug_fingerprint_bit_150,0.11111391719346056
17,drug_fingerprint_bit_140,0.10898151551198941
17,drug_charge_at_WATER_PH,0.10529007060123152
17,drug_fingerprint_bit_205,0.10518697231313219
17,drug_fingerprint_bit_57,0.10490798787482239
17,drug_num_aliphatic_heterocycles_sum_fullmolecularfeaturizer,0.10460578079588342
17,drug_fingerprint_bit_169,0.1045168422211197
17,drug_fingerprint_bit_202,0.10340675929623784
17,drug_fingerprint_bit_224,0.10142217728738727
17,drug_fingerprint_bit_197,0.10073284720684485
17,drug_sp2_carbon_count_sum_fullmolecularfeaturizer,0.10030472191149711
17,fingerprint_H_bit_37,0.10006895560484504
17,drug_fingerprint_bit_252,0.09987845179728613
17,fingerprint_H_bit_219,0.09922478696958026
17,poly_balaban_j_index_sum_fullpolymerfeaturizer,0.0985882187022546
17,drug_fingerprint_bit_69,0.09784330258047565
17,drug_fingerprint_bit_77,0.0977056707968754
17,drug_fingerprint_bit_94,0.09396022178154954
17,drug_lumo_eV,0.09284689251314761
17,drug_fingerprint_bit_38,0.09196371088866699
17,drug_fingerprint_bit_144,0.08898675078087505
17,drug_fingerprint_bit_231,0.08678700514192098
17,drug_fingerprint_bit_172,0.08545466032318241
17,fingerprint_H_bit_18,0.08447685283039033
17,drug_fingerprint_bit_46,0.08437567566282143
17,drug_fingerprint_bit_173,0.08406720560949288
17,drug_fingerprint_bit_75,0.08315617298245818
17,drug_fingerprint_bit_105,0.08076547622309406
17,poly_sp3_carbon_count_sidechainfeaturizer_sum,0.08055174658515403
17,drug_fingerprint_bit_84,0.07796711041810335
17,drug_fingerprint_bit_116,0.07738128314676776
17,drug_fingerprint_bit_74,0.07419048042570779
17,fingerprint_H_bit_45,0.07392024452024475
17,drug_logp,0.07382060862779105
17,drug_fingerprint_bit_132,0.07344484414510953
17,drug_chlorine_count_sum_fullmolecularfeaturizer,0.07337717509013728
17,drug_fingerprint_bit_103,0.07298858507206066
17,drug_fingerprint_bit_26,0.07187156872146779
17,drug_fingerprint_bit_246,0.07124466202785022
17,drug_num_atoms_sum_fullmolecularfeaturizer,0.0710896227557384
17,drug_fingerprint_bit_204,0.06761957268350431
17,drug_fingerprint_bit_109,0.06720204795881486
17,drug_fingerprint_bit_60,0.0661446574814318
17,drug_fingerprint_bit_247,0.06588571918873241
17,drug_fingerprint_bit_99,0.06343661808780672
17,drug_fingerprint_bit_23,0.06330942307169443
17,poly_num_hbond_acceptors_sidechainfeaturizer_sum,0.06309279273863394
17,drug_heteroatom_density_sum_fullmolecularfeaturizer,0.06298168819896913
17,fingerprint_H_bit_121,0.06257959598616324
17,poly_num_atoms_sum_fullpolymerfeaturizer,0.06203686162607654
17,fingerprint_H_bit_61,0.061477136087859804
17,drug_fingerprint_bit_117,0.06100562112200092
17,drug_fingerprint_bit_63,0.06093217010341095
17,drug_fingerprint_bit_143,0.06030301774392317
17,fingerprint_H_bit_112,0.05989872521245288
17,fingerprint_H_bit_114,0.05842058560042539
17,drug_fingerprint_bit_29,0.057534308730150766
17,fingerprint_H_bit_205,0.05753390752127443
17,fingerprint_H_bit_164,0.05689811647300377
17,drug_fingerprint_bit_92,0.05327630840619312
17,fingerprint_H_bit_48,0.05305959070658834
17,drug_fingerprint_bit_208,0.05237919309596736
17,drug_fingerprint_bit_114,0.052030569081079094
17,poly_num_non_aromatic_rings_sum_backbonefeaturizer,0.0505422741744998
17,drug_fingerprint_bit_30,0.050181480391173774
17,fingerprint_H_bit_227,0.04906008201822008
17,drug_fingerprint_bit_70,0.047470124097290275
17,poly_topological_surface_area_sum_backbonefeaturizer,0.0467083548801985
17,drug_fingerprint_bit_32,0.04615866198522129
17,poly_slogp_vsa1_sum_backbonefeaturizer,0.04604946953825991
17,fingerprint_H_bit_98,0.045982105764545554
17,drug_fingerprint_bit_85,0.04397067775946001
17,fingerprint_H_bit_26,0.042727949433112915
17,drug_fingerprint_bit_191,0.04116069507379659
17,fingerprint_H_bit_174,0.039622383524999506
17,drug_fingerprint_bit_152,0.0393786585103731
17,drug_fingerprint_bit_245,0.03925096136178331
17,drug_fingerprint_bit_170,0.03761204179258352
17,drug_fingerprint_bit_97,0.036261156494162616
17,fingerprint_H_bit_216,0.03257038859566881
17,drug_fingerprint_bit_28,0.032515506714281786
17,drug_fingerprint_bit_56,0.032362103086711634
17,drug_fingerprint_bit_8,0.032195463961333826
17,drug_max_ring_size_sum_fullmolecularfeaturizer,0.03156480308702419
17,drug_fingerprint_bit_235,0.0315447243284465
17,drug_fingerprint_bit_174,0.03127581183239162
17,drug_fingerprint_bit_134,0.030406052758462865
17,drug_fingerprint_bit_1,0.03015109408626255
17,drug_fingerprint_bit_129,0.029947027783458733
17,fingerprint_H_bit_143,0.029923434861377267
17,drug_fingerprint_bit_100,0.029241109493145328
17,poly_num_hbond_acceptors_sum_fullpolymerfeaturizer,0.02918000526438928
17,fingerprint_H_bit_236,0.02870880608947335
17,drug_fingerprint_bit_13,0.02728858915558984
17,drug_fingerprint_bit_2,0.02713899694529976
17,drug_fingerprint_bit_44,0.026982489019627225
17,poly_max_estate_index_sum_backbonefeaturizer,0.026161069613839166
17,fingerprint_H_bit_57,0.025767984175558895
17,fingerprint_H_bit_224,0.02557216566951675
17,fingerprint_H_bit_34,0.02292373474682935
17,drug_fingerprint_bit_127,0.022862397493980446
17,drug_fingerprint_bit_222,0.022655794848390195
17,fingerprint_H_bit_66,0.0219462027202349
17,poly_slogp_vsa1_sidechainfeaturizer_sum,0.021834718143466776
17,drug_fingerprint_bit_34,0.021832988346559373
17,drug_fingerprint_bit_59,0.021469491315870264
17,fingerprint_H_bit_233,0.020815941431712424
17,drug_fingerprint_bit_96,0.02014228819010214
17,poly_num_non_aromatic_rings_sum_fullpolymerfeaturizer,0.019791363259442713
17,drug_fingerprint_bit_67,0.019717563116340448
17,drug_double_bonds_sum_fullmolecularfeaturizer,0.018858833540560956
17,drug_fingerprint_bit_80,0.01871149811214898
17,drug_fingerprint_bit_171,0.01839208059919395
17,drug_fingerprint_bit_7,0.018377719235816183
17,drug_fingerprint_bit_194,0.017968420793233155
17,drug_fingerprint_bit_106,0.017386648617716906
17,drug_fingerprint_bit_78,0.015714139301646494
17,drug_fingerprint_bit_104,0.014617361087968326
17,drug_fingerprint_bit_229,0.01414130433960963
17,drug_fingerprint_bit_248,0.01395395606640254
17,drug_fingerprint_bit_164,0.013942172038979354
17,drug_fingerprint_bit_124,0.01334706343165921
17,drug_fingerprint_bit_31,0.013083267916565052
17,fingerprint_H_bit_185,0.01288049057373497
17,drug_fingerprint_bit_240,0.01279883527661376
17,drug_fingerprint_bit_41,0.012689347732705294
17,drug_fingerprint_bit_239,0.01219672219240905
17,fingerprint_H_bit_158,0.011076900923164604
17,fingerprint_H_bit_106,0.01068505788322036
17,fingerprint_H_bit_116,0.009656597124099251
17,poly_num_aliphatic_heterocycles_sum_backbonefeaturizer,0.008689701279076324
17,drug_fingerprint_bit_62,0.008333686861346501
17,drug_fingerprint_bit_243,0.007270051393642539
17,fingerprint_H_bit_144,0.006979325111019609
17,drug_fingerprint_bit_210,0.006552117567994641
17,drug_fingerprint_bit_154,0.006479173054078659
17,drug_fingerprint_bit_139,0.006098377643709407
17,poly_num_aliphatic_heterocycles_sum_fullpolymerfeaturizer,0.004845291512047824
17,drug_fingerprint_bit_135,0.004499560513133634
17,drug_fingerprint_bit_16,0.00382016072036464
17,drug_fingerprint_bit_14,0.0026579908887239823
17,fingerprint_H_bit_46,0.0024837303120330834
17,drug_fingerprint_bit_179,0.0020663394182438804
17,fingerprint_H_bit_65,0.002016144936838168
17,fingerprint_H_bit_131,0.0020104784612580517
17,drug_fingerprint_bit_81,0.001520256109847424
17,drug_fingerprint_bit_6,0.0014489629203287796
17,fingerprint_H_bit_181,0.0
17,fingerprint_H_bit_180,0.0
17,fingerprint_H_bit_179,0.0
17,fingerprint_H_bit_178,0.0
17,fingerprint_H_bit_177,0.0
17,fingerprint_H_bit_176,0.0
17,fingerprint_H_bit_173,0.0
17,fingerprint_H_bit_172,0.0
17,fingerprint_H_bit_171,0.0
17,fingerprint_H_bit_170,0.0
17,fingerprint_H_bit_203,0.0
17,drug_fingerprint_bit_87,0.0
17,drug_fingerprint_bit_51,0.0
17,fingerprint_H_bit_199,0.0
17,fingerprint_H_bit_198,0.0
17,fingerprint_H_bit_196,0.0
17,fingerprint_H_bit_195,0.0
17,fingerprint_H_bit_194,0.0
17,fingerprint_H_bit_193,0.0
17,fingerprint_H_bit_192,0.0
17,fingerprint_H_bit_191,0.0
17,fingerprint_H_bit_190,0.0
17,fingerprint_H_bit_189,0.0
17,fingerprint_H_bit_188,0.0
17,fingerprint_H_bit_169,0.0
17,fingerprint_H_bit_223,0.0
17,fingerprint_H_bit_221,0.0
17,fingerprint_H_bit_220,0.0
17,drug_fingerprint_bit_176,0.0
17,fingerprint_H_bit_76,0.0
17,fingerprint_H_bit_75,0.0
17,fingerprint_H_bit_74,0.0
17,fingerprint_H_bit_73,0.0
17,fingerprint_H_bit_72,0.0
17,fingerprint_H_bit_71,0.0
17,drug_fingerprint_bit_68,0.0
17,drug_fingerprint_bit_54,0.0
17,fingerprint_H_bit_187,0.0
17,fingerprint_H_bit_22,0.0
17,drug_iodine_count_sum_fullmolecularfeaturizer,0.0
17,drug_bromine_count_sum_fullmolecularfeaturizer,0.0
17,fingerprint_H_bit_11,0.0
17,fingerprint_H_bit_10,0.0
17,fingerprint_H_bit_9,0.0
17,fingerprint_H_bit_16,0.0
17,fingerprint_H_bit_15,0.0
17,fingerprint_H_bit_14,0.0
17,fingerprint_H_bit_12,0.0
17,fingerprint_H_bit_60,0.0
17,fingerprint_H_bit_59,0.0
17,drug_triple_bonds_sum_fullmolecularfeaturizer,0.0
17,fingerprint_H_bit_161,0.0
17,fingerprint_H_bit_3,0.0
17,fingerprint_H_bit_91,0.0
17,fingerprint_H_bit_90,0.0
17,fingerprint_H_bit_88,0.0
17,drug_fingerprint_bit_244,0.0
17,fingerprint_H_bit_149,0.0
17,fingerprint_H_bit_148,0.0
17,fingerprint_H_bit_146,0.0
17,fingerprint_H_bit_142,0.0
17,fingerprint_H_bit_141,0.0
17,fingerprint_H_bit_140,0.0
17,fingerprint_H_bit_137,0.0
17,fingerprint_H_bit_136,0.0
17,fingerprint_H_bit_6,0.0
17,fingerprint_H_bit_202,0.0
17,fingerprint_H_bit_201,0.0
17,fingerprint_H_bit_200,0.0
17,fingerprint_H_bit_62,0.0
17,drug_fingerprint_bit_166,0.0
17,fingerprint_H_bit_166,0.0
17,fingerprint_H_bit_165,0.0
17,fingerprint_H_bit_163,0.0
17,fingerprint_H_bit_160,0.0
17,fingerprint_H_bit_157,0.0
17,fingerprint_H_bit_156,0.0
17,fingerprint_H_bit_154,0.0
17,fingerprint_H_bit_153,0.0
17,fingerprint_H_bit_132,0.0
17,fingerprint_H_bit_150,0.0
17,fingerprint_H_bit_184,0.0
17,drug_fingerprint_bit_102,0.0
17,drug_fingerprint_bit_89,0.0
17,fingerprint_H_bit_87,0.0
17,fingerprint_H_bit_86,0.0
17,fingerprint_H_bit_83,0.0
17,fingerprint_H_bit_82,0.0
17,fingerprint_H_bit_79,0.0
17,fingerprint_H_bit_77,0.0
17,drug_fingerprint_bit_112,0.0
17,drug_fingerprint_bit_123,0.0
17,fingerprint_H_bit_93,0.0
17,fingerprint_H_bit_152,0.0
17,poly_iodine_count_sum_fullpolymerfeaturizer,0.0
17,poly_bromine_count_sum_fullpolymerfeaturizer,0.0
17,poly_chlorine_count_sum_fullpolymerfeaturizer,0.0
17,poly_fluorine_count_sum_fullpolymerfeaturizer,0.0
17,poly_total_halogens_sum_fullpolymerfeaturizer,0.0
17,drug_fingerprint_bit_221,0.0
17,drug_fingerprint_bit_220,0.0
17,drug_fingerprint_bit_217,0.0
17,drug_fingerprint_bit_215,0.0
17,drug_fingerprint_bit_209,0.0
17,fingerprint_H_bit_234,0.0
17,fingerprint_H_bit_55,0.0
17,fingerprint_H_bit_51,0.0
17,fingerprint_H_bit_109,0.0
17,fingerprint_H_bit_122,0.0
17,fingerprint_H_bit_117,0.0
17,fingerprint_H_bit_115,0.0
17,fingerprint_H_bit_111,0.0
17,fingerprint_H_bit_252,0.0
17,fingerprint_H_bit_250,0.0
17,fingerprint_H_bit_249,0.0
17,poly_iodine_count_sidechainfeaturizer_sum,0.0
17,poly_bromine_count_sidechainfeaturizer_sum,0.0
17,poly_chlorine_count_sidechainfeaturizer_sum,0.0
17,poly_fluorine_count_sidechainfeaturizer_sum,0.0
17,poly_total_halogens_sidechainfeaturizer_sum,0.0
17,poly_num_aliphatic_heterocycles_sidechainfeaturizer_sum,0.0
17,poly_fraction_bicyclic_rings_sidechainfeaturizer_sum,0.0
17,fingerprint_H_bit_50,0.0
17,fingerprint_H_bit_92,0.0
17,fingerprint_H_bit_0,0.0
17,fingerprint_H_bit_168,0.0
17,drug_fingerprint_bit_157,0.0
17,fingerprint_H_bit_5,0.0
17,fingerprint_H_bit_21,0.0
17,fingerprint_H_bit_20,0.0
17,fingerprint_H_bit_19,0.0
17,fingerprint_H_bit_17,0.0
17,drug_fingerprint_bit_254,0.0
17,fingerprint_H_bit_24,0.0
17,fingerprint_H_bit_8,0.0
17,fingerprint_H_bit_135,0.0
17,poly_triple_bonds_sum_fullpolymerfeaturizer,0.0
17,fingerprint_H_bit_247,0.0
17,fingerprint_H_bit_246,0.0
17,drug_fingerprint_bit_234,0.0
17,drug_fingerprint_bit_232,0.0
17,poly_fraction_bicyclic_rings_sum_fullpolymerfeaturizer,0.0
17,fingerprint_H_bit_255,0.0
17,fingerprint_H_bit_254,0.0
17,fingerprint_H_bit_253,0.0
17,fingerprint_H_bit_130,0.0
17,fingerprint_H_bit_129,0.0
17,fingerprint_H_bit_127,0.0
17,fingerprint_H_bit_126,0.0
17,fingerprint_H_bit_124,0.0
17,poly_bridging_rings_count_sum_fullpolymerfeaturizer,0.0
17,fingerprint_H_bit_248,0.0
17,fingerprint_H_bit_99,0.0
17,fingerprint_H_bit_215,0.0
17,fingerprint_H_bit_211,0.0
17,fingerprint_H_bit_210,0.0
17,fingerprint_H_bit_209,0.0
17,fingerprint_H_bit_208,0.0
17,fingerprint_H_bit_206,0.0
17,fingerprint_H_bit_49,0.0
17,fingerprint_H_bit_47,0.0
17,fingerprint_H_bit_44,0.0
17,fingerprint_H_bit_43,0.0
17,fingerprint_H_bit_231,0.0
17,fingerprint_H_bit_97,0.0
17,poly_num_non_aromatic_rings_sidechainfeaturizer_sum,0.0
17,fingerprint_H_bit_95,0.0
17,fingerprint_H_bit_94,0.0
17,poly_bridging_rings_count_sum_backbonefeaturizer,0.0
17,drug_fingerprint_bit_9,0.0
17,fingerprint_H_bit_110,0.0
17,fingerprint_H_bit_23,0.0
17,fingerprint_H_bit_108,0.0
17,fingerprint_H_bit_107,0.0
17,fingerprint_H_bit_105,0.0
17,fingerprint_H_bit_104,0.0
17,fingerprint_H_bit_103,0.0
17,fingerprint_H_bit_102,0.0
17,drug_fingerprint_bit_21,0.0
17,drug_fingerprint_bit_17,0.0
17,fingerprint_H_bit_96,0.0
17,fingerprint_H_bit_40,0.0
17,fingerprint_H_bit_36,0.0
17,fingerprint_H_bit_35,0.0
17,fingerprint_H_bit_31,0.0
17,fingerprint_H_bit_29,0.0
17,fingerprint_H_bit_25,0.0
17,poly_bridging_rings_count_sidechainfeaturizer_sum,0.0
17,poly_triple_bonds_sidechainfeaturizer_sum,0.0
17,poly_triple_bonds_sum_backbonefeaturizer,0.0
17,poly_iodine_count_sum_backbonefeaturizer,0.0
17,poly_bromine_count_sum_backbonefeaturizer,0.0
17,poly_chlorine_count_sum_backbonefeaturizer,0.0
17,poly_fluorine_count_sum_backbonefeaturizer,0.0
17,poly_total_halogens_sum_backbonefeaturizer,0.0
17,fingerprint_H_bit_101,0.0
17,fingerprint_H_bit_229,0.0
17,fingerprint_H_bit_228,0.0
17,fingerprint_H_bit_225,0.0
17,fingerprint_H_bit_244,0.0
17,fingerprint_H_bit_243,0.0
17,fingerprint_H_bit_242,0.0
17,fingerprint_H_bit_241,0.0
17,fingerprint_H_bit_240,0.0
17,fingerprint_H_bit_239,0.0
17,fingerprint_H_bit_238,0.0
17,fingerprint_H_bit_235,0.0
17,poly_fraction_bicyclic_rings_sum_backbonefeaturizer,0.0
17,drug_fingerprint_bit_198,0.0
17,drug_fingerprint_bit_195,0.0
17,fingerprint_H_bit_230,0.0
17,drug_fingerprint_bit_76,-0.000285118081109834
17,drug_fingerprint_bit_25,-0.0013132579791174115
17,drug_fingerprint_bit_20,-0.001912474364619558
17,drug_fingerprint_bit_225,-0.0031361081230984736
17,drug_fingerprint_bit_27,-0.003166635807986397
17,poly_sp3_carbon_count_sum_backbonefeaturizer,-0.004726074593712342
17,drug_fingerprint_bit_122,-0.004931851981098546
17,drug_num_non_aromatic_rings_sum_fullmolecularfeaturizer,-0.005195713297635208
17,drug_fingerprint_bit_79,-0.0063745931134768395
17,drug_fingerprint_bit_187,-0.008213406273007984
17,drug_fingerprint_bit_162,-0.008234257541669945
17,drug_fingerprint_bit_121,-0.00926503262523874
17,drug_fingerprint_bit_53,-0.00996841803736179
17,drug_fingerprint_bit_238,-0.010752299230223425
17,drug_fingerprint_bit_65,-0.010959794822257634
17,drug_fingerprint_bit_90,-0.011050172290501379
17,drug_fingerprint_bit_192,-0.012188622708151955
17,drug_fingerprint_bit_55,-0.017653830242636833
17,drug_fp_density_morgan1_sum_fullmolecularfeaturizer,-0.01980796397544256
17,drug_fingerprint_bit_149,-0.019917813860382303
17,drug_fingerprint_bit_131,-0.02237809071902289
17,poly_fp_density_morgan1_sum_fullpolymerfeaturizer,-0.026608726363511304
17,fingerprint_H_bit_80,-0.028653147546495204
17,drug_fingerprint_bit_241,-0.02941398031513222
17,fingerprint_H_bit_27,-0.03249235115328743
17,drug_bridging_rings_count_sum_fullmolecularfeaturizer,-0.03597205867791915
17,drug_fingerprint_bit_113,-0.03772001525667274
17,poly_sp3_carbon_count_sum_fullpolymerfeaturizer,-0.03945504135682879
17,drug_fingerprint_bit_214,-0.040447236904307
17,fingerprint_H_bit_54,-0.04094521377297844
17,drug_fingerprint_bit_91,-0.04115705099554391
17,poly_max_ring_size_sum_backbonefeaturizer,-0.042247053058142414
17,drug_fingerprint_bit_138,-0.04307579291355739
17,poly_double_bonds_sum_fullpolymerfeaturizer,-0.05404710940576447
17,fingerprint_H_bit_30,-0.05953178213211032
17,fingerprint_H_bit_38,-0.06114755595678057
17,drug_fingerprint_bit_178,-0.06447129655460972
17,drug_max_estate_index_sum_fullmolecularfeaturizer,-0.06587539962527032
17,fingerprint_H_bit_64,-0.06595469029082718
17,fingerprint_H_bit_133,-0.06914199227906451
17,drug_fingerprint_bit_182,-0.07107202369710378
17,drug_fingerprint_bit_230,-0.07184039242566993
17,fingerprint_H_bit_32,-0.07478753015741971
17,fingerprint_H_bit_7,-0.07537139129610196
17,drug_fingerprint_bit_147,-0.07988686358119508
17,poly_topological_surface_area_sum_fullpolymerfeaturizer,-0.08171157846278732
17,drug_fingerprint_bit_82,-0.08172832100202991
17,drug_fingerprint_bit_227,-0.08243602749032428
17,drug_fingerprint_bit_175,-0.08593576072959484
17,drug_fingerprint_bit_119,-0.08605479273441786
17,poly_max_estate_index_sum_fullpolymerfeaturizer,-0.09502991873726031
17,fingerprint_H_bit_207,-0.09633955693611178
17,drug_fingerprint_bit_48,-0.09941741389569292
17,drug_balaban_j_index_sum_fullmolecularfeaturizer,-0.10301663897852968
17,fingerprint_H_bit_39,-0.10927346006346071
17,fingerprint_H_bit_63,-0.11047516307161777
17,drug_fingerprint_bit_168,-0.1173503631518751
17,fingerprint_H_bit_134,-0.11755671949018014
17,fingerprint_H_bit_151,-0.11831267386029767
17,drug_fingerprint_bit_49,-0.11965892613484917
17,drug_fingerprint_bit_40,-0.12791933546322284
17,drug_fingerprint_bit_43,-0.12911000441642867
17,fingerprint_H_bit_212,-0.13052584863856512
17,drug_fingerprint_bit_148,-0.13230068473063486
17,drug_fingerprint_bit_228,-0.13405063826558244
17,fingerprint_H_bit_218,-0.13487368121520396
17,fingerprint_H_bit_175,-0.1489238802203293
17,drug_fingerprint_bit_233,-0.14993274347120633
17,drug_fingerprint_bit_71,-0.15190717332173545
17,poly_num_aromatic_rings_sidechainfeaturizer_sum,-0.15514548778612516
17,drug_fingerprint_bit_156,-0.1562939242674938
17,poly_molecular_weight_sum_backbonefeaturizer,-0.15907881989488395
17,fingerprint_H_bit_42,-0.16702401182687712
17,fingerprint_H_bit_217,-0.1715244584848652
17,poly_num_hbond_acceptors_sum_backbonefeaturizer,-0.18039789822083932
17,drug_fingerprint_bit_66,-0.19863559584032378
17,drug_fingerprint_bit_86,-0.20881883974557341
17,fingerprint_H_bit_182,-0.21324819860270022
17,fingerprint_H_bit_245,-0.21914347043473512
17,fingerprint_H_bit_251,-0.21928385240469814
17,drug_fingerprint_bit_207,-0.233399839401603
17,drug_fingerprint_bit_218,-0.23472330020277815
17,fingerprint_H_bit_125,-0.24001123510925157
17,drug_slogp_vsa1_sum_fullmolecularfeaturizer,-0.2684483758295714
17,WATER_PH,-0.27523327559235977
17,poly_num_rotatable_bonds_sum_fullpolymerfeaturizer,-0.29436052327258394
17,fingerprint_H_bit_67,-0.3025142674682216
17,poly_heteroatom_density_sum_backbonefeaturizer,-0.3194098391654491
17,drug_fingerprint_bit_237,-0.3233150667844052
17,drug_fingerprint_bit_58,-0.35884307843167534
17,fingerprint_H_bit_120,-0.361566225577847
17,drug_fingerprint_bit_186,-0.4100095048368075
17,drug_fingerprint_bit_193,-0.43063219908061917
17,drug_fingerprint_bit_163,-0.4359527222812315
17,drug_fingerprint_bit_19,-0.46913202266364
17,drug_fingerprint_bit_111,-0.5001699464669639
17,drug_fingerprint_bit_128,-0.5221908251063161
17,drug_fingerprint_bit_107,-0.523836053828267
17,drug_fingerprint_bit_4,-0.5486210762408071
17,poly_heteroatom_density_sum_fullpolymerfeaturizer,-0.5640459759789712
17,drug_fingerprint_bit_45,-0.5673270274312194
17,fingerprint_H_bit_138,-0.6223475365861766
17,drug_fingerprint_bit_133,-0.7649918398881341
17,drug_fingerprint_bit_64,-0.7828966693204272
17,CONCENTRATION,-0.8240760229434321
17,fingerprint_H_bit_1,-0.9325539127443317
17,poly_heteroatom_count_sum_fullpolymerfeaturizer,-0.9617617930229102
17,drug_fingerprint_bit_200,-1.0652349570660908
17,drug_fingerprint_bit_242,-1.0676535417828326
17,drug_fingerprint_bit_151,-1.2392111767555833
17,drug_num_rotatable_bonds_sum_fullmolecularfeaturizer,-1.8048852485013354
17,poly_double_bonds_sum_backbonefeaturizer,-1.8154221262601027
17,drug_fingerprint_bit_108,-1.9981874476433654
17,drug_fingerprint_bit_33,-2.537988081975249
17,drug_fingerprint_bit_88,-4.111916323371338
17,fingerprint_H_bit_4,-4.348080582352438
18,drug_fingerprint_bit_98,9.585959630985284
18,drug_fingerprint_bit_190,7.719098823451289
18,fingerprint_H_bit_118,1.982234910937914
18,poly_smr_vsa5_sum_backbonefeaturizer,1.8225901414142949
18,poly_num_atoms_sidechainfeaturizer_sum,1.816042714050109
18,poly_heteroatom_density_sidechainfeaturizer_sum,1.7891062176614176
18,fingerprint_H_bit_182,1.7221714236783807
18,fingerprint_H_bit_213,1.6785439758818872
18,fingerprint_H_bit_147,1.6522813958756086
18,poly_fp_density_morgan1_sidechainfeaturizer_sum,1.6359418421113587
18,fingerprint_H_bit_33,1.5372927163912606
18,fingerprint_H_bit_38,1.5053060222354948
18,poly_balaban_j_index_sidechainfeaturizer_sum,1.4699627470432777
18,fingerprint_H_bit_214,1.4563062709126113
18,poly_max_ring_size_sum_fullpolymerfeaturizer,1.4207397776419601
18,lumo_eV_H,1.3424428626248905
18,poly_molecular_weight_sidechainfeaturizer_sum,1.2862921104069638
18,fingerprint_H_bit_236,1.2672974858856512
18,poly_single_bonds_sum_backbonefeaturizer,1.2619577473180534
18,fingerprint_H_bit_145,1.2271141888111041
18,drug_fingerprint_bit_147,1.1759270253477572
18,fingerprint_H_bit_128,1.1748857777020238
18,poly_num_rotatable_bonds_sum_backbonefeaturizer,1.1704763804952323
18,poly_fp_density_morgan1_sum_backbonefeaturizer,1.1506149418707694
18,fingerprint_H_bit_217,1.1325170952763535
18,poly_topological_surface_area_sidechainfeaturizer_sum,1.1313687427641317
18,poly_topological_surface_area_sum_backbonefeaturizer,1.1275341719616452
18,fingerprint_H_bit_45,1.0939471917032166
18,poly_double_bonds_sum_backbonefeaturizer,1.084894203041196
18,fingerprint_H_bit_113,1.0675006417342063
18,fingerprint_H_bit_28,1.0659891847417864
18,fingerprint_H_bit_197,1.0469844676474398
18,fingerprint_H_bit_159,0.9908030891913383
18,drug_fingerprint_bit_52,0.9742607147952228
18,homo_eV_H,0.9435159431867985
18,fingerprint_H_bit_237,0.9236974781729649
18,fingerprint_H_bit_84,0.917393496000303
18,fingerprint_H_bit_155,0.9121072988697131
18,fingerprint_H_bit_81,0.8642780397670192
18,poly_num_hbond_donors_sum_backbonefeaturizer,0.8314188600636292
18,poly_num_rings_sum_fullpolymerfeaturizer,0.826255799687994
18,poly_num_aromatic_rings_sidechainfeaturizer_sum,0.825289606192974
18,poly_double_bonds_sum_fullpolymerfeaturizer,0.7771250180296182
18,fingerprint_H_bit_222,0.7761033320706078
18,poly_balaban_j_index_sum_backbonefeaturizer,0.7272688531914788
18,poly_slogp_vsa1_sum_backbonefeaturizer,0.6806735003850565
18,fingerprint_H_bit_119,0.6723122721336632
18,poly_smr_vsa5_sidechainfeaturizer_sum,0.6611842413623353
18,fingerprint_H_bit_232,0.6411363852417323
18,fingerprint_H_bit_53,0.6347422319259909
18,poly_max_ring_size_sum_backbonefeaturizer,0.6057848405434847
18,poly_sp2_carbon_count_sum_backbonefeaturizer,0.5981429717165634
18,drug_logp,0.5908697229129833
18,drug_fingerprint_bit_73,0.5692913685110506
18,poly_max_ring_size_sidechainfeaturizer_sum,0.5682641544585604
18,poly_max_estate_index_sidechainfeaturizer_sum,0.5644465580374077
18,drug_fingerprint_bit_218,0.5581831605168545
18,fingerprint_H_bit_139,0.5579584702101708
18,drug_bridging_rings_count_sum_fullmolecularfeaturizer,0.5522769085427236
18,drug_topological_surface_area_sum_fullmolecularfeaturizer,0.5352998685098607
18,drug_fingerprint_bit_110,0.5319126142459608
18,fingerprint_H_bit_1,0.5170260972203077
18,poly_num_hbond_donors_sidechainfeaturizer_sum,0.5150069739977325
18,fingerprint_H_bit_58,0.5145011029661994
18,fingerprint_H_bit_186,0.49960186158196956
18,fingerprint_H_bit_64,0.4885420652305023
18,drug_fingerprint_bit_219,0.4852471776346475
18,drug_fingerprint_bit_223,0.4831738555355433
18,drug_fingerprint_bit_125,0.47476116241981087
18,logp_H,0.46918288777105965
18,fingerprint_H_bit_204,0.4634689470648227
18,drug_fingerprint_bit_22,0.4618913288018132
18,poly_num_rings_sidechainfeaturizer_sum,0.45876821604766205
18,poly_smr_vsa5_sum_fullpolymerfeaturizer,0.45554173812561677
18,drug_heteroatom_count_sum_fullmolecularfeaturizer,0.4505457660467683
18,poly_sp3_carbon_count_sidechainfeaturizer_sum,0.44697912248776
18,drug_fingerprint_bit_180,0.44691856946016323
18,drug_num_hbond_acceptors_sum_fullmolecularfeaturizer,0.43992990516726094
18,fingerprint_H_bit_48,0.4293914223721228
18,poly_heteroatom_count_sidechainfeaturizer_sum,0.4176340766550724
18,fingerprint_H_bit_56,0.4040168632038325
18,poly_fp_density_morgan1_sum_fullpolymerfeaturizer,0.3939883892799304
18,poly_num_hbond_acceptors_sidechainfeaturizer_sum,0.3920900695711885
18,drug_fingerprint_bit_71,0.3893721485276257
18,drug_fingerprint_bit_206,0.38581454473408044
18,poly_single_bonds_sidechainfeaturizer_sum,0.3812058296692736
18,drug_fingerprint_bit_201,0.3684794475725773
18,drug_fingerprint_bit_167,0.3614742436521543
18,drug_num_aliphatic_heterocycles_sum_fullmolecularfeaturizer,0.36054450648640396
18,drug_fingerprint_bit_159,0.35608781152516106
18,poly_molecular_weight_sum_backbonefeaturizer,0.3489507188557429
18,drug_fingerprint_bit_250,0.34618508274910725
18,drug_fingerprint_bit_164,0.34317386859008264
18,drug_fingerprint_bit_196,0.34229139324481395
18,fingerprint_H_bit_251,0.32721075048380194
18,drug_fingerprint_bit_61,0.31304426199492125
18,drug_total_halogens_sum_fullmolecularfeaturizer,0.3099465660091478
18,poly_num_rotatable_bonds_sidechainfeaturizer_sum,0.30964195274060585
18,drug_fingerprint_bit_158,0.304400058252914
18,drug_fingerprint_bit_184,0.30012281055059936
18,drug_fingerprint_bit_165,0.2865625175134353
18,drug_fingerprint_bit_81,0.28516608897800927
18,drug_fingerprint_bit_155,0.2778477083618621
18,drug_smr_vsa5_sum_fullmolecularfeaturizer,0.2755474173920038
18,drug_fingerprint_bit_169,0.27411404712787674
18,fingerprint_H_bit_27,0.27171686370560855
18,drug_fingerprint_bit_3,0.2688345011652053
18,drug_fingerprint_bit_188,0.2635289322020592
18,drug_fingerprint_bit_211,0.260278650226928
18,drug_fingerprint_bit_63,0.2579963675732798
18,fingerprint_H_bit_69,0.25273261564545707
18,drug_lumo_eV,0.2525719944321125
18,poly_balaban_j_index_sum_fullpolymerfeaturizer,0.24655108061374995
18,drug_fingerprint_bit_203,0.24469279484337594
18,drug_fingerprint_bit_160,0.24466263339517974
18,drug_fingerprint_bit_249,0.243212205915873
18,drug_fingerprint_bit_11,0.24223883334682167
18,fingerprint_H_bit_89,0.24055507100398096
18,drug_fingerprint_bit_12,0.23796206521766292
18,drug_fingerprint_bit_0,0.22948773051342516
18,drug_fingerprint_bit_46,0.22830057635846404
18,poly_num_atoms_sum_backbonefeaturizer,0.22038978772766823
18,drug_fingerprint_bit_142,0.2143201955443605
18,drug_sp3_carbon_count_sum_fullmolecularfeaturizer,0.21185591979562307
18,drug_fingerprint_bit_116,0.20986801692571033
18,poly_sp3_carbon_count_sum_fullpolymerfeaturizer,0.20976367089706907
18,drug_fingerprint_bit_150,0.20703581409623614
18,drug_fingerprint_bit_183,0.20199785911847565
18,drug_fingerprint_bit_6,0.20027183957498548
18,drug_fingerprint_bit_126,0.19855681540178052
18,drug_fingerprint_bit_24,0.19832190445370493
18,fingerprint_H_bit_52,0.19622040124101603
18,drug_fingerprint_bit_229,0.19469408958126627
18,drug_fingerprint_bit_2,0.19407788120146607
18,drug_fingerprint_bit_35,0.18616451492633448
18,drug_fluorine_count_sum_fullmolecularfeaturizer,0.18403628151887896
18,drug_molecular_weight_sum_fullmolecularfeaturizer,0.18339127589498275
18,fingerprint_H_bit_37,0.18298558143375127
18,drug_num_atoms_sum_fullmolecularfeaturizer,0.18111079218164053
18,drug_fingerprint_bit_189,0.17989045728961775
18,drug_fingerprint_bit_246,0.17948269753091953
18,drug_single_bonds_sum_fullmolecularfeaturizer,0.1757413558438623
18,fingerprint_H_bit_41,0.17310247331544099
18,drug_fraction_bicyclic_rings_sum_fullmolecularfeaturizer,0.17051421855481325
18,drug_fingerprint_bit_30,0.17031817225942403
18,fingerprint_H_bit_226,0.16957877740317354
18,drug_fingerprint_bit_39,0.16529153325109439
18,drug_fingerprint_bit_26,0.16467581096361986
18,drug_heteroatom_density_sum_fullmolecularfeaturizer,0.16458294400011544
18,drug_fingerprint_bit_74,0.15581645896931207
18,drug_balaban_j_index_sum_fullmolecularfeaturizer,0.15482509417516038
18,drug_fingerprint_bit_205,0.15439593019097334
18,drug_fingerprint_bit_49,0.15315941830987814
18,drug_fingerprint_bit_99,0.15070477338477817
18,poly_num_rotatable_bonds_sum_fullpolymerfeaturizer,0.14748012374775293
18,drug_fingerprint_bit_36,0.14549035897909082
18,drug_fingerprint_bit_252,0.14488110055153605
18,drug_fingerprint_bit_18,0.14313332381310576
18,poly_double_bonds_sidechainfeaturizer_sum,0.14231166962646827
18,drug_fingerprint_bit_75,0.14081161361258973
18,drug_fingerprint_bit_34,0.14017115315494263
18,drug_fingerprint_bit_50,0.13961052633149887
18,drug_fingerprint_bit_194,0.13941149177950005
18,drug_fingerprint_bit_153,0.13935681663994814
18,drug_fingerprint_bit_130,0.13855822094018636
18,fingerprint_H_bit_78,0.13686418588451787
18,drug_fingerprint_bit_156,0.13623668394797933
18,drug_fingerprint_bit_145,0.1358627398586276
18,drug_fingerprint_bit_84,0.1351079024321123
18,drug_fingerprint_bit_231,0.13470377280610743
18,drug_fingerprint_bit_240,0.1343897181138189
18,fingerprint_H_bit_68,0.13109925616212018
18,drug_homo_eV,0.13107212095883938
18,poly_sp2_carbon_count_sidechainfeaturizer_sum,0.13012246506219655
18,drug_num_aromatic_rings_sum_fullmolecularfeaturizer,0.12953869982709018
18,drug_fingerprint_bit_173,0.12807183254919843
18,fingerprint_H_bit_245,0.12669882219335507
18,drug_fingerprint_bit_144,0.12474443350515325
18,drug_fingerprint_bit_15,0.11807427867192262
18,drug_fingerprint_bit_191,0.11773192833482589
18,drug_chlorine_count_sum_fullmolecularfeaturizer,0.11695892913068284
18,drug_fingerprint_bit_146,0.11673052783965458
18,drug_fingerprint_bit_236,0.11643776406336499
18,poly_single_bonds_sum_fullpolymerfeaturizer,0.1144495611207155
18,drug_fingerprint_bit_92,0.11295436023113532
18,drug_fingerprint_bit_247,0.11117748380432034
18,drug_fingerprint_bit_105,0.11037748483332233
18,drug_fingerprint_bit_226,0.11006751953262414
18,drug_fingerprint_bit_141,0.10987898973099923
18,drug_fingerprint_bit_255,0.10977405307371527
18,drug_fingerprint_bit_197,0.10901929300097514
18,poly_slogp_vsa1_sum_fullpolymerfeaturizer,0.10821839777521002
18,poly_num_aromatic_rings_sum_fullpolymerfeaturizer,0.10680612207118154
18,drug_fingerprint_bit_140,0.10557191196131988
18,fingerprint_H_bit_67,0.10537810809051952
18,drug_fingerprint_bit_95,0.10489975726773236
18,drug_fingerprint_bit_118,0.10023344597111442
18,drug_fingerprint_bit_64,0.09908315340274144
18,drug_fingerprint_bit_109,0.09758310183792618
18,drug_fingerprint_bit_115,0.09749914389312554
18,drug_fingerprint_bit_106,0.097128014084509
18,drug_fingerprint_bit_199,0.09645095801137225
18,drug_fingerprint_bit_216,0.09518611190699103
18,drug_fingerprint_bit_13,0.09455832559257925
18,poly_heteroatom_density_sum_fullpolymerfeaturizer,0.09358060295189549
18,fingerprint_H_bit_123,0.09197529346875662
18,poly_sp3_carbon_count_sum_backbonefeaturizer,0.08910612455048657
18,poly_heteroatom_density_sum_backbonefeaturizer,0.08829325681510472
18,drug_fingerprint_bit_114,0.08784905148653877
18,drug_fingerprint_bit_185,0.08562538558735734
18,drug_fingerprint_bit_41,0.08423250826741756
18,drug_fingerprint_bit_57,0.08197167933045169
18,drug_fingerprint_bit_170,0.08085004112838919
18,drug_fingerprint_bit_251,0.07999268673803232
18,fingerprint_H_bit_54,0.07807794619341024
18,drug_num_non_aromatic_rings_sum_fullmolecularfeaturizer,0.07744696238137831
18,fingerprint_H_bit_219,0.0773615510316412
18,drug_fingerprint_bit_103,0.07589478330275158
18,fingerprint_H_bit_143,0.07582069227967318
18,fingerprint_H_bit_70,0.07355407646209997
18,drug_fingerprint_bit_179,0.07247235274082693
18,drug_fingerprint_bit_202,0.07109572210018056
18,poly_num_aliphatic_heterocycles_sum_fullpolymerfeaturizer,0.06863697968048439
18,fingerprint_H_bit_205,0.06794219014171592
18,poly_heteroatom_count_sum_backbonefeaturizer,0.06670210983145158
18,drug_fingerprint_bit_69,0.06544247411477597
18,drug_fingerprint_bit_97,0.06528782730307946
18,drug_fingerprint_bit_67,0.06512474178147984
18,drug_fingerprint_bit_177,0.06485895008342642
18,drug_fingerprint_bit_85,0.06338049903046958
18,drug_fingerprint_bit_19,0.06200316141818939
18,drug_fingerprint_bit_161,0.05982076772909368
18,drug_fingerprint_bit_132,0.05975666216270337
18,drug_fingerprint_bit_154,0.056113600700828103
18,drug_fingerprint_bit_83,0.05596442219112148
18,fingerprint_H_bit_61,0.055630684614937385
18,drug_fingerprint_bit_238,0.055240675387170014
18,fingerprint_H_bit_134,0.05380170433394512
18,drug_fingerprint_bit_210,0.052379734277521406
18,fingerprint_H_bit_32,0.0517706381150621
18,fingerprint_H_bit_100,0.051677093991215915
18,drug_fingerprint_bit_245,0.050780244686758166
18,fingerprint_H_bit_80,0.0507090562393464
18,fingerprint_H_bit_106,0.050150782750695344
18,drug_fingerprint_bit_127,0.049448809256386526
18,fingerprint_H_bit_175,0.049321552241109005
18,drug_fingerprint_bit_117,0.04779849945095764
18,fingerprint_H_bit_144,0.04707131900953827
18,drug_fingerprint_bit_174,0.046112818965081716
18,drug_fingerprint_bit_129,0.04581613063709307
18,poly_num_aromatic_rings_sum_backbonefeaturizer,0.04474216032324079
18,drug_fingerprint_bit_77,0.04434027536820926
18,fingerprint_H_bit_233,0.04426263560405197
18,drug_fp_density_morgan1_sum_fullmolecularfeaturizer,0.04345140740287856
18,fingerprint_H_bit_162,0.042648748039099564
18,drug_fingerprint_bit_70,0.04205224843932615
18,drug_fingerprint_bit_222,0.041598028508840056
18,drug_fingerprint_bit_120,0.03920797314887735
18,fingerprint_H_bit_98,0.039082147723150815
18,drug_logd_at_WATER_PH,0.03806093855836364
18,drug_fingerprint_bit_23,0.037626080753788746
18,fingerprint_H_bit_85,0.0374622183050903
18,drug_fingerprint_bit_214,0.03713255587078047
18,drug_fingerprint_bit_135,0.036928603535678374
18,drug_fingerprint_bit_82,0.03636898635965098
18,fingerprint_H_bit_164,0.03614033187005894
18,fingerprint_H_bit_18,0.034634358016491354
18,drug_fingerprint_bit_253,0.03456387576759809
18,drug_fingerprint_bit_171,0.03399489615896134
18,fingerprint_H_bit_224,0.033377653708440945
18,drug_fingerprint_bit_235,0.0333696601483058
18,fingerprint_H_bit_112,0.03329224667761314
18,drug_fingerprint_bit_181,0.033216375368539906
18,fingerprint_H_bit_30,0.03220122400733706
18,poly_slogp_vsa1_sidechainfeaturizer_sum,0.03193928467819252
18,drug_fingerprint_bit_182,0.030231019705415998
18,fingerprint_H_bit_216,0.029395742535431608
18,fingerprint_H_bit_66,0.028378661589355276
18,poly_num_non_aromatic_rings_sum_backbonefeaturizer,0.02747697082519505
18,drug_fingerprint_bit_7,0.027301440778426896
18,poly_molecular_weight_sum_fullpolymerfeaturizer,0.027233668664258488
18,drug_fingerprint_bit_224,0.027099128815074425
18,drug_fingerprint_bit_62,0.025961334846390436
18,drug_fingerprint_bit_20,0.025602605107741337
18,drug_fingerprint_bit_122,0.02537275796495231
18,drug_fingerprint_bit_225,0.024864194068672765
18,fingerprint_H_bit_114,0.024086352565727664
18,drug_fingerprint_bit_44,0.02407376923890316
18,drug_fingerprint_bit_96,0.023923737609156965
18,drug_fingerprint_bit_10,0.02373423561625863
18,drug_fingerprint_bit_27,0.023678276859795764
18,drug_fingerprint_bit_78,0.02350453844563913
18,drug_fingerprint_bit_59,0.023158376981417646
18,drug_fingerprint_bit_48,0.02309195624606037
18,fingerprint_H_bit_158,0.02162723534016317
18,drug_fingerprint_bit_72,0.020792626144034747
18,fingerprint_H_bit_65,0.020781332807911897
18,drug_fingerprint_bit_239,0.020697712075878564
18,drug_fingerprint_bit_32,0.02069653543739803
18,drug_fingerprint_bit_137,0.020010617427703794
18,drug_fingerprint_bit_31,0.019940604434848352
18,drug_fingerprint_bit_76,0.0194160602567364
18,drug_fingerprint_bit_136,0.019310163826342434
18,drug_fingerprint_bit_248,0.01864595280290474
18,drug_num_rings_sum_fullmolecularfeaturizer,0.018505018269990754
18,drug_fingerprint_bit_212,0.018013238492326722
18,drug_fingerprint_bit_187,0.01727696854021988
18,fingerprint_H_bit_131,0.017156269604988412
18,drug_fingerprint_bit_29,0.01375486764241001
18,fingerprint_H_bit_34,0.012655863291152964
18,drug_fingerprint_bit_152,0.012315441133202957
18,fingerprint_H_bit_116,0.011887477894687573
18,fingerprint_H_bit_174,0.011681994421316408
18,drug_fingerprint_bit_178,0.010005611005329873
18,drug_fingerprint_bit_134,0.009625703025306508
18,drug_fingerprint_bit_208,0.009049084350678837
18,fingerprint_H_bit_151,0.008941441328322234
18,poly_num_atoms_sum_fullpolymerfeaturizer,0.008745244294124214
18,poly_num_aliphatic_heterocycles_sum_backbonefeaturizer,0.0083332914359476
18,fingerprint_H_bit_57,0.00720837695727093
18,drug_fingerprint_bit_60,0.007004549630228999
18,drug_fingerprint_bit_101,0.006942123739983085
18,drug_fingerprint_bit_14,0.005430313790575056
18,drug_fingerprint_bit_200,0.005279554523996802
18,drug_fingerprint_bit_28,0.004788777227112047
18,drug_fingerprint_bit_65,0.004676614402871653
18,drug_fingerprint_bit_162,0.004440556677670896
18,drug_fingerprint_bit_119,0.0038389330948416867
18,poly_num_non_aromatic_rings_sum_fullpolymerfeaturizer,0.003146000814846474
18,drug_fingerprint_bit_56,0.0027497362578133683
18,drug_fingerprint_bit_243,0.002323402193798333
18,fingerprint_H_bit_46,0.0023106284371758245
18,drug_fingerprint_bit_100,0.0022241199924550115
18,drug_max_ring_size_sum_fullmolecularfeaturizer,0.0014535009461068876
18,drug_fingerprint_bit_204,0.0013079137897864285
18,poly_num_hbond_donors_sum_fullpolymerfeaturizer,0.0008487780177519591
18,drug_fingerprint_bit_80,0.0005739000151523557
18,poly_triple_bonds_sum_fullpolymerfeaturizer,0.0
18,fingerprint_H_bit_44,0.0
18,fingerprint_H_bit_43,0.0
18,poly_num_aliphatic_heterocycles_sidechainfeaturizer_sum,0.0
18,poly_total_halogens_sidechainfeaturizer_sum,0.0
18,poly_num_non_aromatic_rings_sidechainfeaturizer_sum,0.0
18,poly_fraction_bicyclic_rings_sidechainfeaturizer_sum,0.0
18,fingerprint_H_bit_55,0.0
18,fingerprint_H_bit_51,0.0
18,fingerprint_H_bit_50,0.0
18,poly_bridging_rings_count_sum_fullpolymerfeaturizer,0.0
18,fingerprint_H_bit_47,0.0
18,poly_fraction_bicyclic_rings_sum_backbonefeaturizer,0.0
18,fingerprint_H_bit_82,0.0
18,fingerprint_H_bit_77,0.0
18,fingerprint_H_bit_74,0.0
18,fingerprint_H_bit_79,0.0
18,fingerprint_H_bit_76,0.0
18,fingerprint_H_bit_4,0.0
18,fingerprint_H_bit_29,0.0
18,fingerprint_H_bit_31,0.0
18,fingerprint_H_bit_35,0.0
18,fingerprint_H_bit_36,0.0
18,poly_total_halogens_sum_backbonefeaturizer,0.0
18,fingerprint_H_bit_40,0.0
18,poly_fluorine_count_sum_backbonefeaturizer,0.0
18,poly_chlorine_count_sum_backbonefeaturizer,0.0
18,poly_triple_bonds_sidechainfeaturizer_sum,0.0
18,poly_bromine_count_sum_backbonefeaturizer,0.0
18,poly_iodine_count_sum_backbonefeaturizer,0.0
18,poly_bridging_rings_count_sum_backbonefeaturizer,0.0
18,fingerprint_H_bit_252,0.0
18,poly_fraction_bicyclic_rings_sum_fullpolymerfeaturizer,0.0
18,fingerprint_H_bit_254,0.0
18,fingerprint_H_bit_255,0.0
18,fingerprint_H_bit_96,0.0
18,fingerprint_H_bit_95,0.0
18,fingerprint_H_bit_93,0.0
18,fingerprint_H_bit_94,0.0
18,fingerprint_H_bit_92,0.0
18,fingerprint_H_bit_91,0.0
18,fingerprint_H_bit_90,0.0
18,fingerprint_H_bit_88,0.0
18,fingerprint_H_bit_250,0.0
18,fingerprint_H_bit_249,0.0
18,drug_fingerprint_bit_234,0.0
18,drug_fingerprint_bit_232,0.0
18,fingerprint_H_bit_101,0.0
18,fingerprint_H_bit_99,0.0
18,fingerprint_H_bit_97,0.0
18,fingerprint_H_bit_253,0.0
18,fingerprint_H_bit_242,0.0
18,fingerprint_H_bit_243,0.0
18,fingerprint_H_bit_244,0.0
18,fingerprint_H_bit_246,0.0
18,fingerprint_H_bit_247,0.0
18,fingerprint_H_bit_248,0.0
18,fingerprint_H_bit_241,0.0
18,fingerprint_H_bit_240,0.0
18,fingerprint_H_bit_230,0.0
18,fingerprint_H_bit_229,0.0
18,fingerprint_H_bit_239,0.0
18,fingerprint_H_bit_238,0.0
18,fingerprint_H_bit_235,0.0
18,poly_iodine_count_sum_fullpolymerfeaturizer,0.0
18,poly_bromine_count_sum_fullpolymerfeaturizer,0.0
18,fingerprint_H_bit_49,0.0
18,poly_chlorine_count_sum_fullpolymerfeaturizer,0.0
18,poly_fluorine_count_sum_fullpolymerfeaturizer,0.0
18,poly_bridging_rings_count_sidechainfeaturizer_sum,0.0
18,poly_total_halogens_sum_fullpolymerfeaturizer,0.0
18,poly_triple_bonds_sum_backbonefeaturizer,0.0
18,drug_triple_bonds_sum_fullmolecularfeaturizer,0.0
18,drug_iodine_count_sum_fullmolecularfeaturizer,0.0
18,fingerprint_H_bit_75,0.0
18,drug_bromine_count_sum_fullmolecularfeaturizer,0.0
18,drug_fingerprint_bit_244,0.0
18,poly_iodine_count_sidechainfeaturizer_sum,0.0
18,poly_bromine_count_sidechainfeaturizer_sum,0.0
18,poly_chlorine_count_sidechainfeaturizer_sum,0.0
18,poly_fluorine_count_sidechainfeaturizer_sum,0.0
18,fingerprint_H_bit_83,0.0
18,fingerprint_H_bit_5,0.0
18,drug_fingerprint_bit_209,0.0
18,drug_fingerprint_bit_220,0.0
18,drug_fingerprint_bit_217,0.0
18,drug_fingerprint_bit_215,0.0
18,drug_fingerprint_bit_221,0.0
18,drug_fingerprint_bit_54,0.0
18,fingerprint_H_bit_87,0.0
18,fingerprint_H_bit_86,0.0
18,drug_fingerprint_bit_17,0.0
18,drug_fingerprint_bit_51,0.0
18,fingerprint_H_bit_225,0.0
18,fingerprint_H_bit_223,0.0
18,fingerprint_H_bit_221,0.0
18,fingerprint_H_bit_220,0.0
18,fingerprint_H_bit_215,0.0
18,drug_fingerprint_bit_21,0.0
18,fingerprint_H_bit_231,0.0
18,drug_fingerprint_bit_9,0.0
18,fingerprint_H_bit_234,0.0
18,fingerprint_H_bit_62,0.0
18,fingerprint_H_bit_59,0.0
18,fingerprint_H_bit_201,0.0
18,fingerprint_H_bit_200,0.0
18,drug_fingerprint_bit_87,0.0
18,fingerprint_H_bit_71,0.0
18,fingerprint_H_bit_72,0.0
18,fingerprint_H_bit_206,0.0
18,fingerprint_H_bit_208,0.0
18,fingerprint_H_bit_209,0.0
18,fingerprint_H_bit_193,0.0
18,drug_fingerprint_bit_68,0.0
18,drug_fingerprint_bit_198,0.0
18,fingerprint_H_bit_115,0.0
18,fingerprint_H_bit_117,0.0
18,drug_fingerprint_bit_195,0.0
18,fingerprint_H_bit_194,0.0
18,fingerprint_H_bit_196,0.0
18,fingerprint_H_bit_111,0.0
18,fingerprint_H_bit_109,0.0
18,fingerprint_H_bit_110,0.0
18,fingerprint_H_bit_190,0.0
18,fingerprint_H_bit_189,0.0
18,fingerprint_H_bit_188,0.0
18,fingerprint_H_bit_108,0.0
18,fingerprint_H_bit_107,0.0
18,fingerprint_H_bit_105,0.0
18,fingerprint_H_bit_104,0.0
18,fingerprint_H_bit_103,0.0
18,fingerprint_H_bit_179,0.0
18,fingerprint_H_bit_180,0.0
18,fingerprint_H_bit_181,0.0
18,fingerprint_H_bit_184,0.0
18,fingerprint_H_bit_187,0.0
18,fingerprint_H_bit_178,0.0
18,fingerprint_H_bit_176,0.0
18,fingerprint_H_bit_60,0.0
18,fingerprint_H_bit_199,0.0
18,fingerprint_H_bit_198,0.0
18,fingerprint_H_bit_195,0.0
18,fingerprint_H_bit_203,0.0
18,fingerprint_H_bit_202,0.0
18,fingerprint_H_bit_73,0.0
18,fingerprint_H_bit_211,0.0
18,fingerprint_H_bit_210,0.0
18,fingerprint_H_bit_136,0.0
18,fingerprint_H_bit_137,0.0
18,fingerprint_H_bit_192,0.0
18,fingerprint_H_bit_191,0.0
18,drug_fingerprint_bit_89,0.0
18,drug_fingerprint_bit_123,0.0
18,drug_fingerprint_bit_112,0.0
18,drug_fingerprint_bit_102,0.0
18,fingerprint_H_bit_177,0.0
18,fingerprint_H_bit_124,0.0
18,fingerprint_H_bit_173,0.0
18,fingerprint_H_bit_122,0.0
18,fingerprint_H_bit_129,0.0
18,fingerprint_H_bit_127,0.0
18,fingerprint_H_bit_132,0.0
18,fingerprint_H_bit_135,0.0
18,fingerprint_H_bit_168,0.0
18,fingerprint_H_bit_169,0.0
18,fingerprint_H_bit_163,0.0
18,fingerprint_H_bit_166,0.0
18,fingerprint_H_bit_161,0.0
18,fingerprint_H_bit_160,0.0
18,fingerprint_H_bit_153,0.0
18,fingerprint_H_bit_165,0.0
18,fingerprint_H_bit_152,0.0
18,fingerprint_H_bit_150,0.0
18,fingerprint_H_bit_148,0.0
18,fingerprint_H_bit_172,0.0
18,fingerprint_H_bit_171,0.0
18,fingerprint_H_bit_170,0.0
18,fingerprint_H_bit_126,0.0
18,fingerprint_H_bit_130,0.0
18,fingerprint_H_bit_140,0.0
18,fingerprint_H_bit_141,0.0
18,fingerprint_H_bit_142,0.0
18,fingerprint_H_bit_146,0.0
18,fingerprint_H_bit_149,0.0
18,drug_fingerprint_bit_157,0.0
18,drug_fingerprint_bit_166,0.0
18,drug_fingerprint_bit_176,0.0
18,fingerprint_H_bit_6,0.0
18,fingerprint_H_bit_0,0.0
18,fingerprint_H_bit_2,0.0
18,fingerprint_H_bit_3,0.0
18,fingerprint_H_bit_19,0.0
18,fingerprint_H_bit_157,0.0
18,fingerprint_H_bit_156,0.0
18,fingerprint_H_bit_154,0.0
18,fingerprint_H_bit_15,0.0
18,fingerprint_H_bit_16,0.0
18,fingerprint_H_bit_17,0.0
18,fingerprint_H_bit_14,0.0
18,fingerprint_H_bit_10,0.0
18,fingerprint_H_bit_11,0.0
18,fingerprint_H_bit_12,0.0
18,drug_fingerprint_bit_254,0.0
18,fingerprint_H_bit_25,0.0
18,fingerprint_H_bit_24,0.0
18,fingerprint_H_bit_23,0.0
18,fingerprint_H_bit_22,0.0
18,fingerprint_H_bit_21,0.0
18,fingerprint_H_bit_20,0.0
18,fingerprint_H_bit_9,0.0
18,fingerprint_H_bit_8,0.0
18,fingerprint_H_bit_228,-1.6682349723851075e-08
18,fingerprint_H_bit_102,-3.892548201227848e-08
18,drug_fingerprint_bit_16,-8.258501760985812e-05
18,drug_fingerprint_bit_55,-0.00023669660491285643
18,drug_fingerprint_bit_104,-0.00041625770112154104
18,drug_fingerprint_bit_139,-0.0006928362176965277
18,drug_fingerprint_bit_79,-0.000871111416937405
18,drug_fingerprint_bit_93,-0.0012405619095168796
18,fingerprint_H_bit_227,-0.0013330178616574595
18,poly_topological_surface_area_sum_fullpolymerfeaturizer,-0.0014590608596931462
18,drug_fingerprint_bit_1,-0.0019405044999601464
18,drug_fingerprint_bit_90,-0.0027548988560468024
18,drug_fingerprint_bit_192,-0.00408417658343344
18,fingerprint_H_bit_13,-0.008598097039869659
18,drug_fingerprint_bit_149,-0.009343173572423615
18,drug_fingerprint_bit_131,-0.00961830895529959
18,drug_fingerprint_bit_148,-0.009854526343247797
18,drug_fingerprint_bit_124,-0.010709339442640147
18,drug_fingerprint_bit_37,-0.011265922996282842
18,fingerprint_H_bit_212,-0.012025440863518921
18,drug_fingerprint_bit_25,-0.014174403348356956
18,drug_fingerprint_bit_207,-0.014965976378402721
18,drug_fingerprint_bit_121,-0.015413109862986543
18,drug_fingerprint_bit_8,-0.015579463253549345
18,logd_at_WATER_PH_H,-0.016403922058010754
18,drug_fingerprint_bit_5,-0.017156252468580095
18,drug_fingerprint_bit_242,-0.020603168666797653
18,drug_fingerprint_bit_53,-0.021075256901342106
18,drug_fingerprint_bit_172,-0.021917120879177066
18,drug_fingerprint_bit_38,-0.025129439012264998
18,drug_double_bonds_sum_fullmolecularfeaturizer,-0.026601753366895773
18,poly_num_hbond_acceptors_sum_fullpolymerfeaturizer,-0.027010199053881006
18,drug_fingerprint_bit_91,-0.02706499246440102
18,fingerprint_H_bit_63,-0.02853249669095594
18,drug_num_hbond_donors_sum_fullmolecularfeaturizer,-0.02868176007349648
18,fingerprint_H_bit_218,-0.03047892402927636
18,drug_fingerprint_bit_241,-0.03186474582966857
18,drug_fingerprint_bit_94,-0.03884907732233296
18,fingerprint_H_bit_7,-0.03973791621077427
18,drug_fingerprint_bit_113,-0.04372267451901376
18,fingerprint_H_bit_121,-0.04820088820953169
18,drug_max_estate_index_sum_fullmolecularfeaturizer,-0.05143474322304014
18,drug_charge_at_WATER_PH,-0.05382771407190264
18,fingerprint_H_bit_183,-0.055475205926237836
18,fingerprint_H_bit_207,-0.063507203167572
18,drug_fingerprint_bit_213,-0.06557407629676158
18,poly_num_rings_sum_backbonefeaturizer,-0.0662169416739303
18,poly_num_hbond_acceptors_sum_backbonefeaturizer,-0.06644794383974174
18,poly_sp2_carbon_count_sum_fullpolymerfeaturizer,-0.0686971539551433
18,drug_fingerprint_bit_138,-0.07712981670724382
18,drug_fingerprint_bit_86,-0.08429661638065856
18,drug_slogp_vsa1_sum_fullmolecularfeaturizer,-0.08541355246094622
18,drug_fingerprint_bit_40,-0.08605435720284806
18,drug_sp2_carbon_count_sum_fullmolecularfeaturizer,-0.08927196411254254
18,poly_heteroatom_count_sum_fullpolymerfeaturizer,-0.09081402948604318
18,drug_fingerprint_bit_230,-0.09262271019234002
18,poly_max_estate_index_sum_backbonefeaturizer,-0.09475125800977958
18,fingerprint_H_bit_39,-0.10627622498409459
18,drug_fingerprint_bit_168,-0.13186392066746638
18,drug_fingerprint_bit_228,-0.13953739283036198
18,drug_fingerprint_bit_193,-0.14535377427639767
18,drug_fingerprint_bit_58,-0.1507942824337081
18,drug_fingerprint_bit_227,-0.15141370137001164
18,drug_fingerprint_bit_43,-0.1524142444465507
18,drug_fingerprint_bit_143,-0.17426856737201524
18,fingerprint_H_bit_133,-0.19151263913331582
18,fingerprint_H_bit_42,-0.1921315790960462
18,drug_fingerprint_bit_111,-0.19310795481300788
18,drug_fingerprint_bit_107,-0.23279872040529206
18,drug_fingerprint_bit_133,-0.24227379309478975
18,poly_max_estate_index_sum_fullpolymerfeaturizer,-0.24794133163752724
18,fingerprint_H_bit_125,-0.25078931896695444
18,drug_fingerprint_bit_66,-0.27099521535360827
18,fingerprint_H_bit_138,-0.3014460776273572
18,drug_fingerprint_bit_151,-0.3344889569469804
18,WATER_PH,-0.3416909333240409
18,charge_at_WATER_PH_H,-0.398554545861523
18,drug_fingerprint_bit_186,-0.4229938318759553
18,fingerprint_H_bit_120,-0.43062005724918423
18,drug_fingerprint_bit_45,-0.4485351759079343
18,drug_fingerprint_bit_175,-0.45332344433063826
18,drug_fingerprint_bit_233,-0.4559855229503073
18,fingerprint_H_bit_167,-0.4710101283541631
18,drug_fingerprint_bit_128,-0.5538494970039461
18,drug_fingerprint_bit_42,-0.5917706833562381
18,drug_fingerprint_bit_163,-0.598812525961376
18,drug_fingerprint_bit_88,-0.6011293354056919
18,drug_num_rotatable_bonds_sum_fullmolecularfeaturizer,-0.7089351574517949
18,drug_fingerprint_bit_4,-0.7357091958823311
18,drug_fingerprint_bit_108,-0.7564068339231674
18,drug_fingerprint_bit_237,-0.9555889263296524
18,CONCENTRATION,-1.0076757842461115
18,drug_fingerprint_bit_47,-1.475180295207697
18,fingerprint_H_bit_185,-1.894364080572522
18,drug_fingerprint_bit_33,-2.1834365595413736
18,fingerprint_H_bit_26,-2.380508553978415
19,drug_fingerprint_bit_190,9.255319604139919
19,poly_num_atoms_sum_backbonefeaturizer,7.986797930087787
19,poly_molecular_weight_sum_backbonefeaturizer,7.167377060106058
19,drug_fingerprint_bit_98,5.1354080149527395
19,poly_num_hbond_donors_sum_backbonefeaturizer,5.034100534092592
19,logd_at_WATER_PH_H,3.441082244545487
19,poly_fp_density_morgan1_sidechainfeaturizer_sum,3.3360220986138454
19,poly_sp2_carbon_count_sum_backbonefeaturizer,2.9787166295153993
19,poly_double_bonds_sum_backbonefeaturizer,2.476518246894792
19,drug_fingerprint_bit_218,2.4269173197504226
19,drug_fingerprint_bit_147,2.286538120506895
19,poly_balaban_j_index_sidechainfeaturizer_sum,2.232432000575884
19,poly_max_estate_index_sidechainfeaturizer_sum,2.098143612185719
19,poly_fp_density_morgan1_sum_backbonefeaturizer,1.9441645591497114
19,fingerprint_H_bit_222,1.8412994761964587
19,fingerprint_H_bit_128,1.8121638631144315
19,poly_slogp_vsa1_sum_fullpolymerfeaturizer,1.789701726160636
19,fingerprint_H_bit_33,1.7153253365335612
19,fingerprint_H_bit_1,1.7057261594774071
19,fingerprint_H_bit_183,1.6352026285161956
19,fingerprint_H_bit_53,1.3700164976023925
19,poly_slogp_vsa1_sum_backbonefeaturizer,1.3332037595868296
19,poly_heteroatom_count_sum_backbonefeaturizer,1.3240025207386563
19,poly_single_bonds_sum_backbonefeaturizer,1.2411316753468113
19,poly_sp3_carbon_count_sum_backbonefeaturizer,1.2105184429119598
19,poly_num_hbond_acceptors_sum_backbonefeaturizer,1.138588904693894
19,fingerprint_H_bit_197,1.1003523873935122
19,poly_num_rotatable_bonds_sum_backbonefeaturizer,1.0538860567353947
19,poly_heteroatom_density_sidechainfeaturizer_sum,1.0536835524702755
19,drug_logd_at_WATER_PH,1.0045589251874696
19,poly_topological_surface_area_sidechainfeaturizer_sum,1.0034280225357854
19,fingerprint_H_bit_118,0.9962066300710388
19,fingerprint_H_bit_81,0.9931175199907833
19,poly_sp2_carbon_count_sidechainfeaturizer_sum,0.942707460768938
19,poly_num_hbond_acceptors_sidechainfeaturizer_sum,0.9080687536343784
19,drug_num_hbond_donors_sum_fullmolecularfeaturizer,0.9028394585818952
19,poly_num_rings_sidechainfeaturizer_sum,0.9018319952932504
19,fingerprint_H_bit_175,0.8967153280835299
19,poly_num_aromatic_rings_sidechainfeaturizer_sum,0.8930105854582564
19,fingerprint_H_bit_27,0.8854542630865367
19,poly_fp_density_morgan1_sum_fullpolymerfeaturizer,0.8764674189394442
19,fingerprint_H_bit_159,0.8558847959344965
19,fingerprint_H_bit_214,0.8193105788918077
19,poly_balaban_j_index_sum_backbonefeaturizer,0.7947819452653825
19,fingerprint_H_bit_100,0.7921908566973501
19,drug_fingerprint_bit_3,0.7786277466036255
19,poly_heteroatom_density_sum_fullpolymerfeaturizer,0.7270742268560558
19,drug_total_halogens_sum_fullmolecularfeaturizer,0.7177785006222624
19,drug_logp,0.7123676429341321
19,poly_max_ring_size_sum_fullpolymerfeaturizer,0.7070461250638508
19,lumo_eV_H,0.7054380097405787
19,poly_max_ring_size_sidechainfeaturizer_sum,0.7036334508124723
19,drug_fingerprint_bit_24,0.6825505060221452
19,drug_fingerprint_bit_165,0.6786604605165226
19,drug_topological_surface_area_sum_fullmolecularfeaturizer,0.6655163072030047
19,poly_topological_surface_area_sum_backbonefeaturizer,0.6646723452324238
19,poly_smr_vsa5_sidechainfeaturizer_sum,0.6606981029561589
19,drug_fingerprint_bit_160,0.6543645163366312
19,fingerprint_H_bit_155,0.643555045509017
19,fingerprint_H_bit_133,0.623201382612446
19,poly_num_atoms_sidechainfeaturizer_sum,0.617883125001195
19,drug_fingerprint_bit_36,0.6103027009843569
19,drug_fingerprint_bit_159,0.5990421532337544
19,fingerprint_H_bit_151,0.5960682385018641
19,fingerprint_H_bit_139,0.5736584201271471
19,fingerprint_H_bit_218,0.5522641007593619
19,fingerprint_H_bit_45,0.5375636824400495
19,fingerprint_H_bit_58,0.5293576541328562
19,fingerprint_H_bit_69,0.5282003917553376
19,drug_heteroatom_count_sum_fullmolecularfeaturizer,0.5136771681654747
19,drug_fingerprint_bit_249,0.5084474244857764
19,drug_fingerprint_bit_0,0.5021062653710795
19,drug_fingerprint_bit_203,0.5014504512747847
19,drug_fingerprint_bit_206,0.49997787612118366
19,poly_heteroatom_count_sidechainfeaturizer_sum,0.49307409367159416
19,poly_smr_vsa5_sum_fullpolymerfeaturizer,0.4835685692422567
19,fingerprint_H_bit_119,0.47477423665461355
19,fingerprint_H_bit_48,0.4738947448506381
19,fingerprint_H_bit_167,0.4693360495974584
19,drug_fingerprint_bit_61,0.45856133233966967
19,fingerprint_H_bit_78,0.45642371336180754
19,drug_fingerprint_bit_42,0.4533964606872395
19,fingerprint_H_bit_236,0.450580512318474
19,drug_fingerprint_bit_153,0.4450193324179477
19,fingerprint_H_bit_182,0.44061593346379463
19,poly_num_rotatable_bonds_sidechainfeaturizer_sum,0.44061495427922803
19,drug_fingerprint_bit_22,0.44034750343536355
19,fingerprint_H_bit_113,0.42778843415701334
19,drug_fingerprint_bit_158,0.4265612782483397
19,fingerprint_H_bit_64,0.4220144324897296
19,drug_fingerprint_bit_167,0.4214495746796749
19,drug_molecular_weight_sum_fullmolecularfeaturizer,0.4069260944448193
19,drug_fingerprint_bit_177,0.3931428323211307
19,drug_bridging_rings_count_sum_fullmolecularfeaturizer,0.37890885730679497
19,drug_fingerprint_bit_188,0.366106946619527
19,poly_sp3_carbon_count_sidechainfeaturizer_sum,0.3641570394592141
19,drug_fingerprint_bit_251,0.34557761860303476
19,drug_fingerprint_bit_141,0.3453954143239149
19,drug_fingerprint_bit_164,0.34333909110917993
19,fingerprint_H_bit_251,0.34306707177758
19,poly_max_ring_size_sum_backbonefeaturizer,0.34249465367541976
19,drug_fingerprint_bit_125,0.34183257357792446
19,drug_fingerprint_bit_223,0.33916749308189675
19,drug_fingerprint_bit_142,0.33621269146229615
19,drug_fingerprint_bit_15,0.33201353924042853
19,drug_fingerprint_bit_137,0.32750178714080186
19,drug_fingerprint_bit_216,0.3117722444422557
19,fingerprint_H_bit_213,0.30824243316657307
19,drug_fingerprint_bit_49,0.3036783681890813
19,fingerprint_H_bit_217,0.29570598439698165
19,poly_molecular_weight_sidechainfeaturizer_sum,0.29482589241799617
19,drug_fingerprint_bit_146,0.29040876077246064
19,poly_num_hbond_donors_sum_fullpolymerfeaturizer,0.28703735466229086
19,drug_fingerprint_bit_58,0.28542573804685095
19,fingerprint_H_bit_232,0.28336532942915277
19,drug_fingerprint_bit_115,0.2822989909121056
19,poly_double_bonds_sum_fullpolymerfeaturizer,0.2809586602922491
19,drug_fingerprint_bit_63,0.2763373270459545
19,drug_fingerprint_bit_211,0.27516292666364456
19,drug_fingerprint_bit_155,0.2602654290509176
19,poly_smr_vsa5_sum_backbonefeaturizer,0.2596219401879499
19,drug_fingerprint_bit_75,0.25744136954359986
19,fingerprint_H_bit_89,0.2573603419463698
19,fingerprint_H_bit_84,0.25650383053847775
19,drug_fingerprint_bit_202,0.256383581689874
19,drug_fingerprint_bit_99,0.2561652809474289
19,drug_fingerprint_bit_180,0.2537109283365602
19,drug_homo_eV,0.25279035223264495
19,drug_fingerprint_bit_12,0.24721617013735855
19,drug_fingerprint_bit_201,0.2392066778591055
19,drug_fingerprint_bit_81,0.23493338910798592
19,drug_num_hbond_acceptors_sum_fullmolecularfeaturizer,0.2343679270357447
19,fingerprint_H_bit_147,0.22586408827629625
19,fingerprint_H_bit_54,0.22416692569552185
19,drug_smr_vsa5_sum_fullmolecularfeaturizer,0.22261219960307718
19,drug_fingerprint_bit_255,0.2133382794375935
19,drug_fingerprint_bit_11,0.21225866299009755
19,drug_fingerprint_bit_44,0.21096190453134697
19,drug_fingerprint_bit_253,0.20809625255753786
19,poly_heteroatom_density_sum_backbonefeaturizer,0.20808582150083407
19,drug_fingerprint_bit_196,0.20396717352906318
19,fingerprint_H_bit_226,0.200792454983621
19,fingerprint_H_bit_52,0.20066210552225902
19,drug_heteroatom_density_sum_fullmolecularfeaturizer,0.1973779717586968
19,fingerprint_H_bit_67,0.19671088224760447
19,drug_fingerprint_bit_170,0.18571164957269026
19,drug_fingerprint_bit_140,0.18569333556114684
19,drug_fingerprint_bit_240,0.18085258236832819
19,drug_num_rings_sum_fullmolecularfeaturizer,0.17770119211817526
19,drug_sp3_carbon_count_sum_fullmolecularfeaturizer,0.17715808380346432
19,drug_num_aromatic_rings_sum_fullmolecularfeaturizer,0.1767369973422486
19,drug_fingerprint_bit_145,0.17477588170530062
19,drug_fingerprint_bit_71,0.17448001403669208
19,drug_fingerprint_bit_181,0.1741120747770788
19,drug_fingerprint_bit_30,0.17327268895454498
19,fingerprint_H_bit_227,0.16964788024215435
19,drug_fingerprint_bit_185,0.16575974249552802
19,fingerprint_H_bit_134,0.16526528529450582
19,drug_fingerprint_bit_110,0.16358561318373877
19,drug_fingerprint_bit_246,0.16155640533767107
19,fingerprint_H_bit_61,0.1603616086813045
19,drug_fingerprint_bit_69,0.15809214554842052
19,fingerprint_H_bit_162,0.15269298758175226
19,drug_fingerprint_bit_28,0.15235659921485165
19,drug_fingerprint_bit_27,0.14664845751069538
19,drug_fingerprint_bit_205,0.14611051837938868
19,drug_fingerprint_bit_197,0.14575055457063665
19,fingerprint_H_bit_245,0.14567934935093443
19,drug_fingerprint_bit_83,0.1404268523558845
19,drug_balaban_j_index_sum_fullmolecularfeaturizer,0.1381721801401342
19,drug_fingerprint_bit_105,0.13816129119726142
19,drug_fingerprint_bit_76,0.13735982492772816
19,homo_eV_H,0.13644972811855785
19,drug_chlorine_count_sum_fullmolecularfeaturizer,0.1338352272316614
19,drug_fingerprint_bit_127,0.13306698271221837
19,drug_fingerprint_bit_106,0.13005549066529248
19,drug_fingerprint_bit_35,0.12937876455046698
19,drug_fingerprint_bit_247,0.12808432206516698
19,drug_fraction_bicyclic_rings_sum_fullmolecularfeaturizer,0.12741902873845168
19,drug_single_bonds_sum_fullmolecularfeaturizer,0.12275865775045544
19,drug_fingerprint_bit_46,0.12220645671694244
19,fingerprint_H_bit_204,0.1217289354162276
19,drug_fingerprint_bit_37,0.11918018915244256
19,drug_fingerprint_bit_227,0.11904179343836674
19,drug_fingerprint_bit_199,0.1182999681665163
19,drug_fingerprint_bit_6,0.11734046792279294
19,drug_fingerprint_bit_194,0.11688008063150565
19,drug_fingerprint_bit_156,0.11536397340417934
19,fingerprint_H_bit_121,0.11139952781992368
19,drug_max_ring_size_sum_fullmolecularfeaturizer,0.11018562976996257
19,drug_fingerprint_bit_114,0.10884531067381086
19,fingerprint_H_bit_70,0.1085904421493744
19,drug_fingerprint_bit_226,0.10742041120838033
19,drug_fingerprint_bit_126,0.10552786393680418
19,drug_fingerprint_bit_97,0.10489922577868592
19,drug_fingerprint_bit_13,0.10358195933037721
19,drug_fingerprint_bit_204,0.10310495921968373
19,poly_num_rotatable_bonds_sum_fullpolymerfeaturizer,0.10289097427779827
19,poly_double_bonds_sidechainfeaturizer_sum,0.10288424132362277
19,fingerprint_H_bit_32,0.09554299892169635
19,drug_fingerprint_bit_169,0.09403508808442833
19,drug_fingerprint_bit_148,0.0934861765138848
19,drug_fingerprint_bit_120,0.09183250882484002
19,poly_single_bonds_sidechainfeaturizer_sum,0.0903275304252795
19,drug_fingerprint_bit_26,0.08893548847275205
19,poly_num_aliphatic_heterocycles_sum_fullpolymerfeaturizer,0.08890902022002302
19,drug_fingerprint_bit_109,0.08779196178344759
19,drug_num_atoms_sum_fullmolecularfeaturizer,0.08757837733696607
19,drug_fingerprint_bit_184,0.08702859503269544
19,drug_fingerprint_bit_189,0.08655880403442871
19,drug_fingerprint_bit_136,0.08413330372534651
19,drug_fluorine_count_sum_fullmolecularfeaturizer,0.08155222199628327
19,fingerprint_H_bit_85,0.08136772282933805
19,drug_lumo_eV,0.0805724232491194
19,drug_fingerprint_bit_179,0.0796012965970925
19,drug_fingerprint_bit_183,0.07918135190118958
19,drug_fingerprint_bit_242,0.07907782366884675
19,drug_fingerprint_bit_116,0.07852940060907464
19,fingerprint_H_bit_13,0.07814952313386522
19,drug_fingerprint_bit_150,0.0739479083016384
19,drug_fingerprint_bit_236,0.07155529625440864
19,drug_fingerprint_bit_57,0.07145657175660126
19,drug_fingerprint_bit_252,0.07083270065460391
19,drug_fingerprint_bit_129,0.07030775656497877
19,fingerprint_H_bit_219,0.06904284775959725
19,drug_fingerprint_bit_152,0.06781748894971958
19,drug_fingerprint_bit_103,0.06688869408837966
19,fingerprint_H_bit_143,0.06535590363696343
19,drug_fingerprint_bit_70,0.06533142694111889
19,drug_fingerprint_bit_245,0.06516886026889371
19,fingerprint_H_bit_212,0.06479223048328649
19,drug_fingerprint_bit_238,0.0613785683904909
19,drug_fingerprint_bit_23,0.05959629482355685
19,drug_fingerprint_bit_191,0.058796225088034275
19,drug_fingerprint_bit_34,0.05803937677436889
19,fingerprint_H_bit_68,0.05726433250476111
19,drug_fingerprint_bit_7,0.05628304167512533
19,drug_fingerprint_bit_5,0.05331294637831891
19,drug_fingerprint_bit_172,0.053046901892823406
19,drug_fingerprint_bit_100,0.052335937604046326
19,drug_fingerprint_bit_235,0.05130087681119356
19,drug_fingerprint_bit_92,0.05104409899471914
19,fingerprint_H_bit_18,0.04719975898811514
19,fingerprint_H_bit_57,0.047183405311926385
19,poly_num_hbond_donors_sidechainfeaturizer_sum,0.04683886617521572
19,poly_balaban_j_index_sum_fullpolymerfeaturizer,0.04628097312446779
19,drug_fingerprint_bit_41,0.04611140547701982
19,drug_fingerprint_bit_77,0.04531653213551282
19,fingerprint_H_bit_216,0.043492487120807076
19,drug_num_non_aromatic_rings_sum_fullmolecularfeaturizer,0.04247094108647425
19,drug_fingerprint_bit_50,0.04186376060604967
19,drug_fingerprint_bit_104,0.041490519837496846
19,drug_fingerprint_bit_18,0.04138955061387405
19,fingerprint_H_bit_37,0.04030001032435059
19,drug_fingerprint_bit_122,0.040176974642739886
19,drug_fingerprint_bit_90,0.03761633052382031
19,drug_fingerprint_bit_56,0.03728060560577741
19,drug_fingerprint_bit_78,0.0370373216392235
19,drug_fingerprint_bit_229,0.03691828706171883
19,drug_fingerprint_bit_32,0.03642990433519277
19,poly_num_non_aromatic_rings_sum_fullpolymerfeaturizer,0.034774139619712825
19,drug_fingerprint_bit_208,0.03439716506399385
19,drug_fingerprint_bit_96,0.03391793034239688
19,drug_fingerprint_bit_59,0.033150044941343944
19,drug_fingerprint_bit_85,0.03241791542901216
19,drug_fingerprint_bit_2,0.032029841657396904
19,poly_max_estate_index_sum_backbonefeaturizer,0.030227153681490794
19,drug_fingerprint_bit_62,0.02784276111811141
19,fingerprint_H_bit_116,0.02760655071361187
19,drug_fingerprint_bit_74,0.02709617120519597
19,fingerprint_H_bit_28,0.02602001880201329
19,fingerprint_H_bit_112,0.02518948783706653
19,fingerprint_H_bit_224,0.024809972689383012
19,fingerprint_H_bit_185,0.02474341715028941
19,drug_fingerprint_bit_241,0.02437950479890218
19,drug_fingerprint_bit_143,0.02375932093010063
19,poly_num_non_aromatic_rings_sum_backbonefeaturizer,0.0214206769242509
19,drug_fingerprint_bit_25,0.02086652744322724
19,drug_fingerprint_bit_67,0.02037795210454147
19,fingerprint_H_bit_63,0.019646824861899427
19,drug_fingerprint_bit_86,0.01784435555978136
19,drug_fingerprint_bit_60,0.01774548768284811
19,fingerprint_H_bit_65,0.017321539321233877
19,drug_fingerprint_bit_248,0.01724052316633454
19,fingerprint_H_bit_158,0.016281341597893916
19,drug_fingerprint_bit_154,0.016210160184170392
19,drug_fingerprint_bit_82,0.016187337558735037
19,fingerprint_H_bit_30,0.01522738467532779
19,drug_fingerprint_bit_117,0.015105916536065982
19,fingerprint_H_bit_80,0.0149751214116057
19,fingerprint_H_bit_233,0.01483263234127275
19,poly_num_aliphatic_heterocycles_sum_backbonefeaturizer,0.01430863252158332
19,drug_fp_density_morgan1_sum_fullmolecularfeaturizer,0.014145523430076423
19,fingerprint_H_bit_205,0.01389002736813561
19,drug_fingerprint_bit_20,0.013586406897269167
19,fingerprint_H_bit_46,0.013473957338710292
19,fingerprint_H_bit_174,0.012716741801777164
19,fingerprint_H_bit_106,0.012605409853981743
19,drug_fingerprint_bit_31,0.012223638350466701
19,drug_fingerprint_bit_239,0.011773045550248537
19,drug_fingerprint_bit_187,0.011751468847246283
19,drug_fingerprint_bit_162,0.011168293886678253
19,drug_fingerprint_bit_231,0.011078722208177072
19,fingerprint_H_bit_123,0.010874602658308702
19,drug_fingerprint_bit_8,0.010835824747575084
19,drug_fingerprint_bit_121,0.010700986294721637
19,drug_fingerprint_bit_222,0.010447539924597555
19,fingerprint_H_bit_114,0.010108860467823165
19,fingerprint_H_bit_98,0.009211001336025265
19,drug_fingerprint_bit_135,0.008862334683537382
19,fingerprint_H_bit_66,0.008745019156574425
19,fingerprint_H_bit_26,0.008598477157208283
19,fingerprint_H_bit_34,0.008341487527440903
19,fingerprint_H_bit_144,0.008101920132753999
19,drug_fingerprint_bit_212,0.006633463350237165
19,fingerprint_H_bit_131,0.006379696437265514
19,poly_slogp_vsa1_sidechainfeaturizer_sum,0.005896767555066603
19,drug_fingerprint_bit_134,0.005324118353344565
19,drug_fingerprint_bit_171,0.005287870740834003
19,drug_fingerprint_bit_94,0.005151936577153301
19,drug_fingerprint_bit_101,0.004261957205978538
19,drug_fingerprint_bit_16,0.003653777663118513
19,poly_num_hbond_acceptors_sum_fullpolymerfeaturizer,0.0033786770051791016
19,fingerprint_H_bit_164,0.002155525331110652
19,drug_fingerprint_bit_65,0.0016224105490719018
19,drug_fingerprint_bit_14,4.252309502132152e-05
19,fingerprint_H_bit_150,1.3068308340231332e-11
19,fingerprint_H_bit_203,0.0
19,fingerprint_H_bit_238,0.0
19,drug_fingerprint_bit_234,0.0
19,fingerprint_H_bit_206,0.0
19,fingerprint_H_bit_88,0.0
19,fingerprint_H_bit_153,0.0
19,fingerprint_H_bit_154,0.0
19,fingerprint_H_bit_157,0.0
19,fingerprint_H_bit_122,0.0
19,fingerprint_H_bit_117,0.0
19,fingerprint_H_bit_43,0.0
19,fingerprint_H_bit_6,0.0
19,fingerprint_H_bit_163,0.0
19,fingerprint_H_bit_156,0.0
19,fingerprint_H_bit_160,0.0
19,fingerprint_H_bit_110,0.0
19,fingerprint_H_bit_192,0.0
19,fingerprint_H_bit_190,0.0
19,fingerprint_H_bit_189,0.0
19,fingerprint_H_bit_25,0.0
19,drug_triple_bonds_sum_fullmolecularfeaturizer,0.0
19,fingerprint_H_bit_129,0.0
19,fingerprint_H_bit_195,0.0
19,fingerprint_H_bit_193,0.0
19,poly_fluorine_count_sum_fullpolymerfeaturizer,0.0
19,poly_chlorine_count_sum_fullpolymerfeaturizer,0.0
19,fingerprint_H_bit_71,0.0
19,fingerprint_H_bit_72,0.0
19,fingerprint_H_bit_198,0.0
19,fingerprint_H_bit_199,0.0
19,poly_total_halogens_sum_fullpolymerfeaturizer,0.0
19,fingerprint_H_bit_194,0.0
19,poly_total_halogens_sidechainfeaturizer_sum,0.0
19,poly_fluorine_count_sidechainfeaturizer_sum,0.0
19,poly_bromine_count_sidechainfeaturizer_sum,0.0
19,poly_chlorine_count_sidechainfeaturizer_sum,0.0
19,poly_bromine_count_sum_fullpolymerfeaturizer,0.0
19,poly_iodine_count_sum_fullpolymerfeaturizer,0.0
19,poly_triple_bonds_sum_fullpolymerfeaturizer,0.0
19,poly_iodine_count_sidechainfeaturizer_sum,0.0
19,poly_triple_bonds_sum_backbonefeaturizer,0.0
19,poly_bridging_rings_count_sum_backbonefeaturizer,0.0
19,poly_triple_bonds_sidechainfeaturizer_sum,0.0
19,poly_bridging_rings_count_sidechainfeaturizer_sum,0.0
19,fingerprint_H_bit_73,0.0
19,fingerprint_H_bit_74,0.0
19,fingerprint_H_bit_76,0.0
19,fingerprint_H_bit_196,0.0
19,fingerprint_H_bit_51,0.0
19,fingerprint_H_bit_50,0.0
19,fingerprint_H_bit_49,0.0
19,fingerprint_H_bit_47,0.0
19,fingerprint_H_bit_126,0.0
19,fingerprint_H_bit_90,0.0
19,fingerprint_H_bit_209,0.0
19,fingerprint_H_bit_208,0.0
19,fingerprint_H_bit_92,0.0
19,fingerprint_H_bit_253,0.0
19,fingerprint_H_bit_254,0.0
19,fingerprint_H_bit_255,0.0
19,fingerprint_H_bit_239,0.0
19,fingerprint_H_bit_240,0.0
19,fingerprint_H_bit_91,0.0
19,fingerprint_H_bit_87,0.0
19,poly_bridging_rings_count_sum_fullpolymerfeaturizer,0.0
19,fingerprint_H_bit_241,0.0
19,poly_fraction_bicyclic_rings_sidechainfeaturizer_sum,0.0
19,poly_num_non_aromatic_rings_sidechainfeaturizer_sum,0.0
19,fingerprint_H_bit_62,0.0
19,poly_fraction_bicyclic_rings_sum_fullpolymerfeaturizer,0.0
19,fingerprint_H_bit_229,0.0
19,poly_num_aliphatic_heterocycles_sidechainfeaturizer_sum,0.0
19,fingerprint_H_bit_230,0.0
19,fingerprint_H_bit_165,0.0
19,fingerprint_H_bit_0,0.0
19,fingerprint_H_bit_124,0.0
19,drug_fingerprint_bit_176,0.0
19,fingerprint_H_bit_3,0.0
19,fingerprint_H_bit_5,0.0
19,fingerprint_H_bit_4,0.0
19,fingerprint_H_bit_247,0.0
19,fingerprint_H_bit_246,0.0
19,fingerprint_H_bit_244,0.0
19,fingerprint_H_bit_105,0.0
19,fingerprint_H_bit_103,0.0
19,fingerprint_H_bit_104,0.0
19,fingerprint_H_bit_102,0.0
19,fingerprint_H_bit_101,0.0
19,drug_fingerprint_bit_198,0.0
19,fingerprint_H_bit_99,0.0
19,fingerprint_H_bit_97,0.0
19,fingerprint_H_bit_96,0.0
19,fingerprint_H_bit_95,0.0
19,poly_bromine_count_sum_backbonefeaturizer,0.0
19,poly_iodine_count_sum_backbonefeaturizer,0.0
19,drug_fingerprint_bit_9,0.0
19,fingerprint_H_bit_108,0.0
19,fingerprint_H_bit_109,0.0
19,fingerprint_H_bit_127,0.0
19,poly_chlorine_count_sum_backbonefeaturizer,0.0
19,poly_fluorine_count_sum_backbonefeaturizer,0.0
19,poly_total_halogens_sum_backbonefeaturizer,0.0
19,poly_fraction_bicyclic_rings_sum_backbonefeaturizer,0.0
19,drug_fingerprint_bit_209,0.0
19,fingerprint_H_bit_59,0.0
19,fingerprint_H_bit_60,0.0
19,fingerprint_H_bit_55,0.0
19,fingerprint_H_bit_107,0.0
19,drug_fingerprint_bit_51,0.0
19,drug_bromine_count_sum_fullmolecularfeaturizer,0.0
19,fingerprint_H_bit_77,0.0
19,fingerprint_H_bit_248,0.0
19,fingerprint_H_bit_231,0.0
19,fingerprint_H_bit_146,0.0
19,fingerprint_H_bit_24,0.0
19,fingerprint_H_bit_23,0.0
19,fingerprint_H_bit_21,0.0
19,fingerprint_H_bit_22,0.0
19,fingerprint_H_bit_169,0.0
19,fingerprint_H_bit_234,0.0
19,fingerprint_H_bit_221,0.0
19,fingerprint_H_bit_223,0.0
19,fingerprint_H_bit_225,0.0
19,fingerprint_H_bit_228,0.0
19,drug_fingerprint_bit_195,0.0
19,fingerprint_H_bit_235,0.0
19,fingerprint_H_bit_170,0.0
19,drug_fingerprint_bit_215,0.0
19,fingerprint_H_bit_172,0.0
19,fingerprint_H_bit_171,0.0
19,fingerprint_H_bit_86,0.0
19,fingerprint_H_bit_83,0.0
19,drug_fingerprint_bit_21,0.0
19,fingerprint_H_bit_152,0.0
19,fingerprint_H_bit_17,0.0
19,drug_fingerprint_bit_17,0.0
19,fingerprint_H_bit_19,0.0
19,fingerprint_H_bit_20,0.0
19,fingerprint_H_bit_82,0.0
19,drug_iodine_count_sum_fullmolecularfeaturizer,0.0
19,fingerprint_H_bit_252,0.0
19,fingerprint_H_bit_250,0.0
19,fingerprint_H_bit_79,0.0
19,fingerprint_H_bit_249,0.0
19,fingerprint_H_bit_16,0.0
19,fingerprint_H_bit_15,0.0
19,fingerprint_H_bit_14,0.0
19,fingerprint_H_bit_149,0.0
19,fingerprint_H_bit_184,0.0
19,fingerprint_H_bit_148,0.0
19,fingerprint_H_bit_180,0.0
19,fingerprint_H_bit_181,0.0
19,fingerprint_H_bit_177,0.0
19,fingerprint_H_bit_176,0.0
19,fingerprint_H_bit_179,0.0
19,fingerprint_H_bit_178,0.0
19,fingerprint_H_bit_173,0.0
19,drug_fingerprint_bit_68,0.0
19,fingerprint_H_bit_188,0.0
19,drug_fingerprint_bit_89,0.0
19,fingerprint_H_bit_141,0.0
19,fingerprint_H_bit_140,0.0
19,fingerprint_H_bit_137,0.0
19,fingerprint_H_bit_9,0.0
19,fingerprint_H_bit_10,0.0
19,fingerprint_H_bit_11,0.0
19,fingerprint_H_bit_12,0.0
19,fingerprint_H_bit_142,0.0
19,fingerprint_H_bit_44,0.0
19,fingerprint_H_bit_130,0.0
19,fingerprint_H_bit_132,0.0
19,fingerprint_H_bit_135,0.0
19,fingerprint_H_bit_136,0.0
19,fingerprint_H_bit_220,0.0
19,fingerprint_H_bit_187,0.0
19,drug_fingerprint_bit_54,0.0
19,fingerprint_H_bit_2,0.0
19,drug_fingerprint_bit_220,0.0
19,drug_fingerprint_bit_244,0.0
19,fingerprint_H_bit_31,0.0
19,fingerprint_H_bit_29,0.0
19,drug_fingerprint_bit_112,0.0
19,drug_fingerprint_bit_102,0.0
19,fingerprint_H_bit_8,0.0
19,fingerprint_H_bit_202,0.0
19,fingerprint_H_bit_201,0.0
19,fingerprint_H_bit_166,0.0
19,drug_fingerprint_bit_221,0.0
19,drug_fingerprint_bit_217,0.0
19,fingerprint_H_bit_200,0.0
19,fingerprint_H_bit_93,0.0
19,fingerprint_H_bit_94,0.0
19,drug_fingerprint_bit_157,0.0
19,drug_fingerprint_bit_87,0.0
19,fingerprint_H_bit_242,0.0
19,fingerprint_H_bit_243,0.0
19,fingerprint_H_bit_168,0.0
19,fingerprint_H_bit_115,0.0
19,fingerprint_H_bit_111,0.0
19,drug_fingerprint_bit_166,0.0
19,drug_fingerprint_bit_123,0.0
19,drug_fingerprint_bit_254,0.0
19,fingerprint_H_bit_210,0.0
19,fingerprint_H_bit_211,0.0
19,fingerprint_H_bit_215,0.0
19,fingerprint_H_bit_35,0.0
19,fingerprint_H_bit_36,0.0
19,fingerprint_H_bit_40,0.0
19,drug_fingerprint_bit_232,-2.4317105868603455e-18
19,fingerprint_H_bit_161,-9.516197353929913e-17
19,drug_fingerprint_bit_79,-0.0006973170022232285
19,drug_fingerprint_bit_225,-0.0013940631362420824
19,drug_fingerprint_bit_193,-0.0035545378140034423
19,drug_fingerprint_bit_55,-0.004884871590705013
19,drug_fingerprint_bit_178,-0.0061274120141681055
19,drug_fingerprint_bit_53,-0.006178186108181083
19,drug_fingerprint_bit_250,-0.006496094118723451
19,poly_sp3_carbon_count_sum_fullpolymerfeaturizer,-0.009058147582066148
19,drug_fingerprint_bit_84,-0.010411192534205091
19,drug_fingerprint_bit_144,-0.010495090031492559
19,drug_fingerprint_bit_149,-0.012592346539096078
19,drug_fingerprint_bit_48,-0.013561803243703388
19,drug_fingerprint_bit_131,-0.015327746583392195
19,drug_fingerprint_bit_124,-0.016875433262022083
19,fingerprint_H_bit_7,-0.019583937109333795
19,drug_double_bonds_sum_fullmolecularfeaturizer,-0.020309303631448356
19,drug_num_aliphatic_heterocycles_sum_fullmolecularfeaturizer,-0.027111662014774267
19,drug_fingerprint_bit_161,-0.027572816655526067
19,drug_fingerprint_bit_29,-0.028049174770995545
19,fingerprint_H_bit_207,-0.03138631162991891
19,drug_fingerprint_bit_182,-0.04339021948295894
19,drug_fingerprint_bit_213,-0.04791888902093967
19,drug_fingerprint_bit_66,-0.04859369157850548
19,drug_max_estate_index_sum_fullmolecularfeaturizer,-0.048724832686383376
19,drug_fingerprint_bit_91,-0.0517933585983031
19,drug_fingerprint_bit_80,-0.05650221468257581
19,drug_fingerprint_bit_173,-0.05846830694258265
19,drug_charge_at_WATER_PH,-0.0606475570083802
19,drug_fingerprint_bit_132,-0.06085770249464257
19,drug_fingerprint_bit_230,-0.06674761866759607
19,poly_topological_surface_area_sum_fullpolymerfeaturizer,-0.06718884477265274
19,drug_fingerprint_bit_219,-0.06823414213029366
19,drug_fingerprint_bit_192,-0.06990300179824983
19,drug_fingerprint_bit_168,-0.07003902810353445
19,poly_num_aromatic_rings_sum_backbonefeaturizer,-0.07107658590585304
19,drug_fingerprint_bit_1,-0.07395367287975937
19,drug_fingerprint_bit_43,-0.07827424008332949
19,WATER_PH,-0.07869175785321139
19,drug_fingerprint_bit_95,-0.07952289179337856
19,drug_fingerprint_bit_243,-0.08168040595593166
19,drug_fingerprint_bit_39,-0.08295282676549043
19,drug_fingerprint_bit_10,-0.08581681192772304
19,poly_single_bonds_sum_fullpolymerfeaturizer,-0.08605883765153521
19,drug_fingerprint_bit_93,-0.08610795021141758
19,drug_sp2_carbon_count_sum_fullmolecularfeaturizer,-0.08676681514096975
19,drug_fingerprint_bit_72,-0.09095762231225958
19,drug_fingerprint_bit_139,-0.10894907054163415
19,fingerprint_H_bit_39,-0.11087549326615552
19,drug_fingerprint_bit_111,-0.11875557753913706
19,CONCENTRATION,-0.13120624828431593
19,drug_fingerprint_bit_38,-0.13385074428871765
19,fingerprint_H_bit_38,-0.13946219296494675
19,drug_fingerprint_bit_19,-0.15088742048243262
19,drug_fingerprint_bit_40,-0.15400368176785179
19,fingerprint_H_bit_145,-0.15978908892724825
19,drug_fingerprint_bit_73,-0.18141034713824475
19,drug_fingerprint_bit_138,-0.18184996701526893
19,drug_fingerprint_bit_118,-0.1933482962474273
19,drug_fingerprint_bit_113,-0.19712048770416324
19,poly_heteroatom_count_sum_fullpolymerfeaturizer,-0.20639492059940043
19,drug_fingerprint_bit_228,-0.20826385402916264
19,drug_fingerprint_bit_207,-0.20947654545010472
19,drug_fingerprint_bit_4,-0.22100200517262494
19,drug_fingerprint_bit_130,-0.2471274172273644
19,poly_num_aromatic_rings_sum_fullpolymerfeaturizer,-0.270090346946019
19,fingerprint_H_bit_42,-0.27177475748784685
19,fingerprint_H_bit_125,-0.2827948503685334
19,drug_slogp_vsa1_sum_fullmolecularfeaturizer,-0.2890539150862102
19,charge_at_WATER_PH_H,-0.29330529375224895
19,drug_num_rotatable_bonds_sum_fullmolecularfeaturizer,-0.33216754368804435
19,drug_fingerprint_bit_233,-0.37312157700798926
19,drug_fingerprint_bit_224,-0.3794084898095244
19,drug_fingerprint_bit_174,-0.40293722377113333
19,drug_fingerprint_bit_107,-0.41075625450233905
19,fingerprint_H_bit_138,-0.41790563178334883
19,fingerprint_H_bit_41,-0.4248542438740405
19,drug_fingerprint_bit_210,-0.47295606578778465
19,drug_fingerprint_bit_186,-0.48907040549905323
19,fingerprint_H_bit_120,-0.49443311555932595
19,fingerprint_H_bit_186,-0.4962506932885285
19,drug_fingerprint_bit_45,-0.522923437153163
19,fingerprint_H_bit_56,-0.5306389954986577
19,drug_fingerprint_bit_163,-0.5405736427896708
19,drug_fingerprint_bit_119,-0.574144725071473
19,fingerprint_H_bit_237,-0.6481858770754151
19,drug_fingerprint_bit_214,-0.6584228533553708
19,drug_fingerprint_bit_52,-0.6901699188508653
19,drug_fingerprint_bit_175,-0.7164409300538334
19,drug_fingerprint_bit_128,-0.7692904854799633
19,drug_fingerprint_bit_133,-0.7936670532396385
19,poly_max_estate_index_sum_fullpolymerfeaturizer,-0.9050372297911938
19,drug_fingerprint_bit_33,-0.918406274174391
19,drug_fingerprint_bit_151,-0.9317782519434047
19,drug_fingerprint_bit_237,-1.084244267607964
19,drug_fingerprint_bit_200,-1.0915924178270677
19,drug_fingerprint_bit_64,-1.273162678662846
19,poly_molecular_weight_sum_fullpolymerfeaturizer,-1.3229416978589004
19,drug_fingerprint_bit_108,-1.401685159130659
19,drug_fingerprint_bit_47,-1.4025131453220576
19,poly_sp2_carbon_count_sum_fullpolymerfeaturizer,-2.0412734630855898
19,logp_H,-2.619364741757317
19,poly_num_atoms_sum_fullpolymerfeaturizer,-2.9128883560904115
19,poly_num_rings_sum_backbonefeaturizer,-3.065161510087249
19,poly_num_rings_sum_fullpolymerfeaturizer,-3.7656684957767466
19,fingerprint_H_bit_75,-4.91308814849816
19,drug_fingerprint_bit_88,-5.4258857854242475
19,fingerprint_H_bit_191,-9.151644075723153
20,drug_fingerprint_bit_190,11.93868127967855
20,drug_fingerprint_bit_98,7.80057877984122
20,fingerprint_H_bit_33,3.561863447928803
20,fingerprint_H_bit_183,2.0255698567628095
20,fingerprint_H_bit_58,1.9497125123645087
20,poly_num_hbond_donors_sum_backbonefeaturizer,1.945902937155796
20,poly_heteroatom_density_sidechainfeaturizer_sum,1.880700829935773
20,fingerprint_H_bit_41,1.7846946140014688
20,fingerprint_H_bit_214,1.7788858190197414
20,poly_num_hbond_acceptors_sum_backbonefeaturizer,1.705208937173649
20,fingerprint_H_bit_182,1.6909641110366516
20,poly_fp_density_morgan1_sidechainfeaturizer_sum,1.5848690072735292
20,poly_num_rings_sidechainfeaturizer_sum,1.575982821843182
20,poly_num_rotatable_bonds_sum_backbonefeaturizer,1.4753082688930383
20,fingerprint_H_bit_217,1.2645906909267208
20,drug_fingerprint_bit_147,1.2357123372497998
20,poly_max_ring_size_sum_fullpolymerfeaturizer,1.2333468648760646
20,poly_topological_surface_area_sum_backbonefeaturizer,1.2138893961614359
20,drug_fingerprint_bit_42,1.2048508058375904
20,fingerprint_H_bit_100,1.1839188989062903
20,homo_eV_H,1.0812601967400979
20,drug_num_hbond_donors_sum_fullmolecularfeaturizer,1.0741103998603208
20,poly_sp2_carbon_count_sum_backbonefeaturizer,1.0700351346116315
20,poly_num_aromatic_rings_sidechainfeaturizer_sum,1.058914135326984
20,poly_num_rotatable_bonds_sum_fullpolymerfeaturizer,1.0368170442712756
20,fingerprint_H_bit_81,1.0089299209390954
20,fingerprint_H_bit_119,0.9640553033686744
20,fingerprint_H_bit_84,0.961266385486078
20,poly_balaban_j_index_sum_backbonefeaturizer,0.9512623217146438
20,fingerprint_H_bit_139,0.9367489282083898
20,fingerprint_H_bit_213,0.911784888423499
20,fingerprint_H_bit_222,0.8766603115300642
20,poly_heteroatom_count_sidechainfeaturizer_sum,0.8723404823785232
20,poly_smr_vsa5_sum_backbonefeaturizer,0.8357263268636845
20,fingerprint_H_bit_245,0.8310760402957376
20,fingerprint_H_bit_78,0.8136529641717009
20,poly_single_bonds_sum_fullpolymerfeaturizer,0.8116219180492241
20,fingerprint_H_bit_159,0.8085928858149217
20,poly_molecular_weight_sidechainfeaturizer_sum,0.8038029326942776
20,drug_fingerprint_bit_188,0.7730337547924669
20,poly_single_bonds_sum_backbonefeaturizer,0.7676000765717889
20,drug_fingerprint_bit_110,0.7639247541256731
20,fingerprint_H_bit_128,0.7627722588189118
20,poly_sp2_carbon_count_sum_fullpolymerfeaturizer,0.7610951885366123
20,fingerprint_H_bit_1,0.7507910827316578
20,drug_num_hbond_acceptors_sum_fullmolecularfeaturizer,0.7482885108644864
20,poly_sp2_carbon_count_sidechainfeaturizer_sum,0.7368188050921413
20,poly_num_atoms_sidechainfeaturizer_sum,0.7235365783221914
20,drug_topological_surface_area_sum_fullmolecularfeaturizer,0.7067130526272258
20,poly_smr_vsa5_sum_fullpolymerfeaturizer,0.6912904667776917
20,drug_fingerprint_bit_72,0.6783461775232574
20,poly_topological_surface_area_sidechainfeaturizer_sum,0.6739046407481304
20,poly_molecular_weight_sum_backbonefeaturizer,0.6628454748797062
20,fingerprint_H_bit_236,0.62592577035517
20,drug_fingerprint_bit_223,0.6090370732621665
20,poly_double_bonds_sum_backbonefeaturizer,0.6090166248837766
20,poly_heteroatom_count_sum_backbonefeaturizer,0.606822571449248
20,fingerprint_H_bit_145,0.6064115853545404
20,poly_slogp_vsa1_sum_fullpolymerfeaturizer,0.5948224880015014
20,poly_num_aromatic_rings_sum_fullpolymerfeaturizer,0.5875367166919213
20,poly_smr_vsa5_sidechainfeaturizer_sum,0.5616065182146021
20,drug_fingerprint_bit_213,0.5478191903168566
20,poly_num_atoms_sum_backbonefeaturizer,0.547708238971126
20,fingerprint_H_bit_197,0.5446042558904317
20,poly_num_hbond_acceptors_sidechainfeaturizer_sum,0.535903238073704
20,fingerprint_H_bit_232,0.5263473997086612
20,drug_fingerprint_bit_10,0.5238403525113152
20,drug_fingerprint_bit_11,0.5166446266834935
20,poly_balaban_j_index_sidechainfeaturizer_sum,0.5063024522275196
20,poly_sp3_carbon_count_sidechainfeaturizer_sum,0.4970931575217681
20,lumo_eV_H,0.4950612359449882
20,fingerprint_H_bit_204,0.4843771061578634
20,drug_fingerprint_bit_218,0.47177751454507694
20,poly_fp_density_morgan1_sum_backbonefeaturizer,0.4614051955839405
20,fingerprint_H_bit_155,0.4604690555014566
20,drug_fingerprint_bit_22,0.45879537489986905
20,poly_num_rings_sum_fullpolymerfeaturizer,0.45476541182517666
20,fingerprint_H_bit_186,0.4412174402371559
20,drug_fingerprint_bit_211,0.42851450031206717
20,drug_fingerprint_bit_50,0.4259995023542961
20,drug_fingerprint_bit_24,0.4155279418823616
20,drug_fingerprint_bit_253,0.41220395652678715
20,drug_fingerprint_bit_250,0.40779308752069215
20,drug_balaban_j_index_sum_fullmolecularfeaturizer,0.3822054996226161
20,drug_bridging_rings_count_sum_fullmolecularfeaturizer,0.37623356087078036
20,drug_fingerprint_bit_184,0.3739405492659526
20,poly_sp3_carbon_count_sum_fullpolymerfeaturizer,0.3644739399200178
20,fingerprint_H_bit_28,0.35865596281242784
20,drug_fingerprint_bit_19,0.3558700482925127
20,drug_fingerprint_bit_155,0.35348946870593867
20,drug_num_aromatic_rings_sum_fullmolecularfeaturizer,0.35111357951841665
20,drug_heteroatom_count_sum_fullmolecularfeaturizer,0.3485973440751965
20,drug_fingerprint_bit_196,0.34123556442860903
20,drug_fingerprint_bit_177,0.33802286389840164
20,drug_fingerprint_bit_189,0.3375213045320585
20,drug_fingerprint_bit_95,0.3367803206535292
20,drug_smr_vsa5_sum_fullmolecularfeaturizer,0.32929141960269287
20,fingerprint_H_bit_80,0.3229889333998906
20,drug_fingerprint_bit_142,0.3221531011541735
20,drug_fingerprint_bit_206,0.3163086012891414
20,drug_fingerprint_bit_167,0.3083770702262125
20,drug_fingerprint_bit_164,0.3059506281569166
20,drug_fingerprint_bit_183,0.30426312890559315
20,drug_fingerprint_bit_180,0.30295529273539923
20,drug_fingerprint_bit_52,0.29993648527577854
20,drug_fingerprint_bit_216,0.289312038144541
20,fingerprint_H_bit_67,0.2855350750994756
20,drug_logp,0.28271275749074365
20,drug_fingerprint_bit_3,0.27691995882007303
20,drug_fingerprint_bit_99,0.27595386857739945
20,poly_single_bonds_sidechainfeaturizer_sum,0.27486709053612585
20,drug_fingerprint_bit_36,0.2687798679208683
20,poly_num_atoms_sum_fullpolymerfeaturizer,0.25893827374314965
20,drug_fingerprint_bit_61,0.25811978019587334
20,fingerprint_H_bit_69,0.25744127565503
20,drug_fingerprint_bit_247,0.253498852937229
20,drug_fingerprint_bit_63,0.2530008974791089
20,drug_fingerprint_bit_240,0.2494537814841558
20,drug_fingerprint_bit_226,0.24700560330901347
20,drug_num_aliphatic_heterocycles_sum_fullmolecularfeaturizer,0.24640095452332328
20,drug_charge_at_WATER_PH,0.24524888593740693
20,fingerprint_H_bit_37,0.24023211586034346
20,drug_fingerprint_bit_201,0.23715602689504994
20,poly_max_ring_size_sidechainfeaturizer_sum,0.2353899937260164
20,fingerprint_H_bit_27,0.23306023127785638
20,drug_fingerprint_bit_136,0.22524445840694746
20,fingerprint_H_bit_251,0.22301145652810034
20,drug_fingerprint_bit_185,0.21310078226823276
20,drug_fingerprint_bit_6,0.21258364549673425
20,poly_fp_density_morgan1_sum_fullpolymerfeaturizer,0.21168414488347148
20,fingerprint_H_bit_85,0.2103944354738531
20,drug_fingerprint_bit_140,0.21008327509423866
20,drug_fingerprint_bit_160,0.20377847472397534
20,drug_fingerprint_bit_165,0.19890900167731412
20,drug_fingerprint_bit_130,0.19814945182558993
20,fingerprint_H_bit_113,0.19076022494203285
20,drug_fingerprint_bit_106,0.18983923761630037
20,fingerprint_H_bit_151,0.18846857407493153
20,fingerprint_H_bit_89,0.18800901938837775
20,drug_fingerprint_bit_35,0.18698765119290747
20,drug_fingerprint_bit_120,0.18203732404737177
20,drug_fingerprint_bit_46,0.1774513619450184
20,poly_max_estate_index_sum_backbonefeaturizer,0.17699746078477765
20,fingerprint_H_bit_237,0.17574881868578332
20,drug_fingerprint_bit_83,0.17412151616246954
20,drug_fraction_bicyclic_rings_sum_fullmolecularfeaturizer,0.17379019576382562
20,drug_fingerprint_bit_44,0.1706174875941656
20,drug_fluorine_count_sum_fullmolecularfeaturizer,0.16982238673197955
20,drug_fingerprint_bit_249,0.16791159999652455
20,drug_fingerprint_bit_139,0.16663238475256764
20,drug_fingerprint_bit_18,0.16627956977300062
20,poly_molecular_weight_sum_fullpolymerfeaturizer,0.1594870186073932
20,drug_fingerprint_bit_219,0.15852231822627214
20,poly_num_hbond_donors_sum_fullpolymerfeaturizer,0.15796859439720187
20,fingerprint_H_bit_52,0.15792044002894084
20,drug_fingerprint_bit_236,0.1560867959330011
20,poly_num_rings_sum_backbonefeaturizer,0.15221499636230837
20,drug_fingerprint_bit_181,0.1488582543326952
20,drug_num_atoms_sum_fullmolecularfeaturizer,0.14214991924747927
20,drug_fingerprint_bit_15,0.14153429044917154
20,drug_homo_eV,0.1337086392960418
20,drug_fingerprint_bit_115,0.13309374625673415
20,fingerprint_H_bit_123,0.1313225348779636
20,drug_fingerprint_bit_132,0.13076449075281227
20,drug_fingerprint_bit_170,0.1293758148348634
20,drug_fingerprint_bit_0,0.12582238532689527
20,drug_fingerprint_bit_194,0.12305057320761152
20,drug_fingerprint_bit_75,0.11903730570350186
20,drug_molecular_weight_sum_fullmolecularfeaturizer,0.1178894060162913
20,drug_fingerprint_bit_159,0.11696575170888458
20,drug_fingerprint_bit_26,0.11639344225917733
20,drug_fingerprint_bit_246,0.1155889951916856
20,drug_fingerprint_bit_197,0.11444346730406754
20,drug_fingerprint_bit_174,0.11285677210577853
20,poly_slogp_vsa1_sum_backbonefeaturizer,0.11082183007683274
20,poly_max_ring_size_sum_backbonefeaturizer,0.11028930792398521
20,drug_fingerprint_bit_156,0.1089501758479734
20,drug_fingerprint_bit_116,0.10695267592043918
20,drug_fingerprint_bit_202,0.10497586235153322
20,drug_fingerprint_bit_81,0.10347797642226757
20,fingerprint_H_bit_53,0.10315114045313692
20,drug_fingerprint_bit_205,0.1021996405176795
20,drug_fingerprint_bit_229,0.1010265279031952
20,drug_lumo_eV,0.10057118749440244
20,drug_fingerprint_bit_126,0.09894972179111527
20,drug_fingerprint_bit_60,0.09815571429467826
20,fingerprint_H_bit_70,0.09791709718802406
20,drug_fingerprint_bit_69,0.09701370085130215
20,drug_fingerprint_bit_173,0.09310395450772879
20,drug_fingerprint_bit_255,0.0905077721779896
20,drug_total_halogens_sum_fullmolecularfeaturizer,0.09048842405507293
20,drug_fingerprint_bit_238,0.0889714097389418
20,drug_fingerprint_bit_161,0.08850619554891924
20,fingerprint_H_bit_13,0.08665721135264604
20,fingerprint_H_bit_18,0.08573126382881738
20,drug_fingerprint_bit_39,0.08509597824263893
20,drug_fingerprint_bit_74,0.08393628164546121
20,drug_num_rings_sum_fullmolecularfeaturizer,0.0833861511352219
20,drug_fingerprint_bit_84,0.08117811164981885
20,drug_fingerprint_bit_210,0.07705996928207116
20,poly_max_estate_index_sum_fullpolymerfeaturizer,0.07603785104755507
20,fingerprint_H_bit_219,0.0760146800938446
20,drug_logd_at_WATER_PH,0.07511710763468961
20,drug_fingerprint_bit_23,0.07490215117690334
20,drug_heteroatom_density_sum_fullmolecularfeaturizer,0.07448806017026255
20,drug_fingerprint_bit_191,0.07438113645827193
20,poly_balaban_j_index_sum_fullpolymerfeaturizer,0.07424570042191433
20,drug_sp3_carbon_count_sum_fullmolecularfeaturizer,0.07376766346130913
20,poly_num_rotatable_bonds_sidechainfeaturizer_sum,0.07341570705097064
20,drug_fingerprint_bit_12,0.07273481430830145
20,drug_fingerprint_bit_28,0.06964724396238177
20,fingerprint_H_bit_48,0.06931572034206233
20,drug_fingerprint_bit_237,0.06784491676331277
20,fingerprint_H_bit_226,0.06674904329494884
20,drug_fingerprint_bit_77,0.06444826037434861
20,drug_num_non_aromatic_rings_sum_fullmolecularfeaturizer,0.06354667575578324
20,fingerprint_H_bit_114,0.062204536662839
20,drug_fingerprint_bit_78,0.06084932086136607
20,drug_fingerprint_bit_127,0.05802117585619658
20,drug_fingerprint_bit_94,0.058018588985511745
20,drug_fingerprint_bit_169,0.05665530941313994
20,drug_fingerprint_bit_251,0.05625866426486054
20,fingerprint_H_bit_65,0.05606470078827048
20,drug_fingerprint_bit_114,0.055873472952715775
20,fingerprint_H_bit_57,0.055757702129456854
20,drug_fingerprint_bit_103,0.054858105290955216
20,poly_num_non_aromatic_rings_sum_fullpolymerfeaturizer,0.05394540963724659
20,fingerprint_H_bit_98,0.05354592998940201
20,drug_fingerprint_bit_144,0.05292515211425778
20,drug_fingerprint_bit_203,0.052831081709232945
20,fingerprint_H_bit_121,0.05230636429796427
20,fingerprint_H_bit_233,0.0522445741825077
20,fingerprint_H_bit_134,0.052143052176752094
20,drug_fp_density_morgan1_sum_fullmolecularfeaturizer,0.05158992559111729
20,fingerprint_H_bit_116,0.04920057280944545
20,drug_sp2_carbon_count_sum_fullmolecularfeaturizer,0.04875547545390283
20,drug_fingerprint_bit_41,0.04851217975360282
20,drug_fingerprint_bit_5,0.046929952543588525
20,drug_fingerprint_bit_204,0.0467928375739154
20,drug_single_bonds_sum_fullmolecularfeaturizer,0.045173440298351596
20,drug_fingerprint_bit_149,0.04461973892250546
20,drug_fingerprint_bit_153,0.04445709035809039
20,drug_fingerprint_bit_121,0.04306840657049767
20,fingerprint_H_bit_174,0.04295472752258652
20,fingerprint_H_bit_106,0.042862961930459784
20,logp_H,0.041946706866850356
20,fingerprint_H_bit_34,0.041660663682207826
20,drug_fingerprint_bit_152,0.040345793397429115
20,drug_fingerprint_bit_146,0.039824825240882385
20,drug_fingerprint_bit_101,0.03977295037207595
20,fingerprint_H_bit_46,0.038699684848474934
20,drug_fingerprint_bit_118,0.03868651652186294
20,drug_fingerprint_bit_32,0.037779050055671996
20,drug_fingerprint_bit_158,0.03637713613570327
20,drug_fingerprint_bit_172,0.03625173535701455
20,drug_chlorine_count_sum_fullmolecularfeaturizer,0.03500491343152808
20,fingerprint_H_bit_224,0.03326550537656373
20,drug_fingerprint_bit_57,0.0332161030190734
20,drug_fingerprint_bit_150,0.03289372262163827
20,fingerprint_H_bit_118,0.03285762384352185
20,poly_num_hbond_acceptors_sum_fullpolymerfeaturizer,0.0320819376502269
20,drug_fingerprint_bit_235,0.031243490294656704
20,drug_fingerprint_bit_222,0.0304957128837477
20,fingerprint_H_bit_216,0.030165721678570227
20,drug_fingerprint_bit_71,0.030138872278865327
20,drug_fingerprint_bit_145,0.03007150245730626
20,poly_num_non_aromatic_rings_sum_backbonefeaturizer,0.02991974555801507
20,drug_fingerprint_bit_73,0.02864052450981102
20,drug_fingerprint_bit_248,0.027928741464450253
20,fingerprint_H_bit_158,0.027799489854996442
20,drug_fingerprint_bit_245,0.027400053820711392
20,poly_slogp_vsa1_sidechainfeaturizer_sum,0.027377319760726642
20,drug_fingerprint_bit_129,0.026721233844144952
20,fingerprint_H_bit_26,0.026686793189149634
20,fingerprint_H_bit_144,0.026198083682819704
20,fingerprint_H_bit_30,0.02579993408940971
20,drug_fingerprint_bit_76,0.02509679812248636
20,fingerprint_H_bit_68,0.02499184055758169
20,drug_fingerprint_bit_31,0.024739682979627007
20,poly_num_aliphatic_heterocycles_sum_backbonefeaturizer,0.023812501393892325
20,poly_double_bonds_sidechainfeaturizer_sum,0.023335621924082037
20,drug_fingerprint_bit_187,0.02305281146131064
20,drug_fingerprint_bit_109,0.022815893679359846
20,drug_fingerprint_bit_70,0.022748527476756795
20,fingerprint_H_bit_63,0.02232367711978578
20,drug_max_ring_size_sum_fullmolecularfeaturizer,0.021585840406787984
20,drug_fingerprint_bit_199,0.021204503254997908
20,drug_fingerprint_bit_97,0.019492026182479912
20,drug_fingerprint_bit_56,0.01948563494636627
20,drug_fingerprint_bit_208,0.017615107993030354
20,drug_fingerprint_bit_14,0.01696260849572608
20,drug_fingerprint_bit_59,0.016495319878325563
20,drug_fingerprint_bit_67,0.016309754587881895
20,drug_fingerprint_bit_239,0.01555689827523846
20,drug_fingerprint_bit_62,0.01529471808622103
20,fingerprint_H_bit_175,0.014741831931658055
20,drug_fingerprint_bit_154,0.0146990332703059
20,drug_fingerprint_bit_104,0.014229697245848685
20,drug_fingerprint_bit_105,0.013591697788664156
20,fingerprint_H_bit_56,0.01333401903522713
20,drug_fingerprint_bit_92,0.013163623614444278
20,drug_fingerprint_bit_20,0.011899864039616178
20,fingerprint_H_bit_66,0.01186831151834468
20,drug_fingerprint_bit_162,0.010871499897924306
20,drug_fingerprint_bit_1,0.010362987314242003
20,drug_fingerprint_bit_171,0.00945982447455341
20,drug_fingerprint_bit_231,0.00944448881641142
20,fingerprint_H_bit_205,0.009079111713899761
20,fingerprint_H_bit_143,0.0071788226625304164
20,drug_fingerprint_bit_7,0.006185395983718057
20,drug_fingerprint_bit_27,0.005709690948141079
20,poly_num_aliphatic_heterocycles_sum_fullpolymerfeaturizer,0.005635397538199977
20,drug_fingerprint_bit_141,0.004249188439382464
20,drug_fingerprint_bit_100,0.003687643715991221
20,drug_fingerprint_bit_135,0.0035499618266540264
20,drug_fingerprint_bit_243,0.0035204963520151034
20,fingerprint_H_bit_54,0.0028356198299489227
20,fingerprint_H_bit_32,0.0025975405729931227
20,drug_fingerprint_bit_252,0.002596354501903038
20,fingerprint_H_bit_212,0.0022405603699674876
20,fingerprint_H_bit_64,0.0016844504852119144
20,fingerprint_H_bit_131,0.0015587180086891472
20,drug_fingerprint_bit_13,0.0015549698199395848
20,fingerprint_H_bit_185,0.0009693341999299023
20,drug_fingerprint_bit_30,0.0005284135985120468
20,fingerprint_H_bit_112,7.773491993913473e-06
20,fingerprint_H_bit_230,1.806491464354362e-14
20,fingerprint_H_bit_20,0.0
20,drug_triple_bonds_sum_fullmolecularfeaturizer,0.0
20,fingerprint_H_bit_117,0.0
20,fingerprint_H_bit_130,0.0
20,fingerprint_H_bit_91,0.0
20,fingerprint_H_bit_92,0.0
20,fingerprint_H_bit_93,0.0
20,fingerprint_H_bit_16,0.0
20,fingerprint_H_bit_23,0.0
20,fingerprint_H_bit_22,0.0
20,fingerprint_H_bit_166,0.0
20,fingerprint_H_bit_15,0.0
20,fingerprint_H_bit_10,0.0
20,fingerprint_H_bit_21,0.0
20,fingerprint_H_bit_17,0.0
20,fingerprint_H_bit_19,0.0
20,fingerprint_H_bit_153,0.0
20,fingerprint_H_bit_152,0.0
20,poly_iodine_count_sidechainfeaturizer_sum,0.0
20,poly_bromine_count_sidechainfeaturizer_sum,0.0
20,poly_chlorine_count_sidechainfeaturizer_sum,0.0
20,fingerprint_H_bit_196,0.0
20,fingerprint_H_bit_199,0.0
20,fingerprint_H_bit_198,0.0
20,fingerprint_H_bit_99,0.0
20,fingerprint_H_bit_101,0.0
20,fingerprint_H_bit_102,0.0
20,fingerprint_H_bit_200,0.0
20,fingerprint_H_bit_201,0.0
20,fingerprint_H_bit_95,0.0
20,fingerprint_H_bit_96,0.0
20,fingerprint_H_bit_97,0.0
20,fingerprint_H_bit_77,0.0
20,drug_fingerprint_bit_232,0.0
20,fingerprint_H_bit_238,0.0
20,poly_total_halogens_sum_fullpolymerfeaturizer,0.0
20,poly_fluorine_count_sum_fullpolymerfeaturizer,0.0
20,poly_chlorine_count_sum_fullpolymerfeaturizer,0.0
20,poly_bromine_count_sum_fullpolymerfeaturizer,0.0
20,poly_iodine_count_sum_fullpolymerfeaturizer,0.0
20,poly_triple_bonds_sum_fullpolymerfeaturizer,0.0
20,poly_bridging_rings_count_sum_fullpolymerfeaturizer,0.0
20,fingerprint_H_bit_252,0.0
20,fingerprint_H_bit_103,0.0
20,fingerprint_H_bit_104,0.0
20,fingerprint_H_bit_105,0.0
20,fingerprint_H_bit_75,0.0
20,fingerprint_H_bit_76,0.0
20,fingerprint_H_bit_126,0.0
20,fingerprint_H_bit_124,0.0
20,fingerprint_H_bit_154,0.0
20,fingerprint_H_bit_254,0.0
20,fingerprint_H_bit_253,0.0
20,poly_total_halogens_sum_backbonefeaturizer,0.0
20,drug_fingerprint_bit_9,0.0
20,fingerprint_H_bit_115,0.0
20,fingerprint_H_bit_94,0.0
20,poly_num_non_aromatic_rings_sidechainfeaturizer_sum,0.0
20,poly_num_aliphatic_heterocycles_sidechainfeaturizer_sum,0.0
20,poly_fraction_bicyclic_rings_sidechainfeaturizer_sum,0.0
20,fingerprint_H_bit_202,0.0
20,fingerprint_H_bit_171,0.0
20,fingerprint_H_bit_172,0.0
20,fingerprint_H_bit_122,0.0
20,fingerprint_H_bit_173,0.0
20,fingerprint_H_bit_176,0.0
20,fingerprint_H_bit_178,0.0
20,fingerprint_H_bit_177,0.0
20,poly_triple_bonds_sidechainfeaturizer_sum,0.0
20,poly_bridging_rings_count_sidechainfeaturizer_sum,0.0
20,fingerprint_H_bit_110,0.0
20,fingerprint_H_bit_111,0.0
20,poly_fraction_bicyclic_rings_sum_backbonefeaturizer,0.0
20,poly_total_halogens_sidechainfeaturizer_sum,0.0
20,poly_fluorine_count_sidechainfeaturizer_sum,0.0
20,fingerprint_H_bit_24,0.0
20,drug_bromine_count_sum_fullmolecularfeaturizer,0.0
20,drug_iodine_count_sum_fullmolecularfeaturizer,0.0
20,fingerprint_H_bit_8,0.0
20,fingerprint_H_bit_9,0.0
20,fingerprint_H_bit_137,0.0
20,fingerprint_H_bit_136,0.0
20,fingerprint_H_bit_135,0.0
20,fingerprint_H_bit_132,0.0
20,fingerprint_H_bit_225,0.0
20,fingerprint_H_bit_62,0.0
20,fingerprint_H_bit_60,0.0
20,fingerprint_H_bit_59,0.0
20,fingerprint_H_bit_83,0.0
20,fingerprint_H_bit_90,0.0
20,fingerprint_H_bit_87,0.0
20,fingerprint_H_bit_86,0.0
20,fingerprint_H_bit_79,0.0
20,fingerprint_H_bit_82,0.0
20,drug_fingerprint_bit_221,0.0
20,drug_fingerprint_bit_21,0.0
20,fingerprint_H_bit_127,0.0
20,poly_fluorine_count_sum_backbonefeaturizer,0.0
20,drug_fingerprint_bit_220,0.0
20,poly_bridging_rings_count_sum_backbonefeaturizer,0.0
20,poly_iodine_count_sum_backbonefeaturizer,0.0
20,poly_triple_bonds_sum_backbonefeaturizer,0.0
20,poly_bromine_count_sum_backbonefeaturizer,0.0
20,poly_chlorine_count_sum_backbonefeaturizer,0.0
20,drug_fingerprint_bit_234,0.0
20,drug_fingerprint_bit_17,0.0
20,fingerprint_H_bit_49,0.0
20,drug_fingerprint_bit_244,0.0
20,fingerprint_H_bit_235,0.0
20,poly_fraction_bicyclic_rings_sum_fullpolymerfeaturizer,0.0
20,fingerprint_H_bit_109,0.0
20,fingerprint_H_bit_107,0.0
20,fingerprint_H_bit_250,0.0
20,fingerprint_H_bit_249,0.0
20,fingerprint_H_bit_248,0.0
20,fingerprint_H_bit_247,0.0
20,fingerprint_H_bit_246,0.0
20,fingerprint_H_bit_220,0.0
20,fingerprint_H_bit_223,0.0
20,fingerprint_H_bit_221,0.0
20,fingerprint_H_bit_43,0.0
20,fingerprint_H_bit_44,0.0
20,fingerprint_H_bit_179,0.0
20,fingerprint_H_bit_47,0.0
20,fingerprint_H_bit_72,0.0
20,fingerprint_H_bit_73,0.0
20,fingerprint_H_bit_74,0.0
20,fingerprint_H_bit_71,0.0
20,drug_fingerprint_bit_195,0.0
20,fingerprint_H_bit_184,0.0
20,fingerprint_H_bit_181,0.0
20,drug_fingerprint_bit_51,0.0
20,drug_fingerprint_bit_54,0.0
20,fingerprint_H_bit_215,0.0
20,fingerprint_H_bit_239,0.0
20,fingerprint_H_bit_240,0.0
20,fingerprint_H_bit_242,0.0
20,fingerprint_H_bit_243,0.0
20,fingerprint_H_bit_244,0.0
20,fingerprint_H_bit_255,0.0
20,drug_fingerprint_bit_217,0.0
20,drug_fingerprint_bit_215,0.0
20,drug_fingerprint_bit_209,0.0
20,fingerprint_H_bit_108,0.0
20,fingerprint_H_bit_211,0.0
20,fingerprint_H_bit_210,0.0
20,fingerprint_H_bit_209,0.0
20,fingerprint_H_bit_208,0.0
20,fingerprint_H_bit_206,0.0
20,fingerprint_H_bit_203,0.0
20,fingerprint_H_bit_234,0.0
20,fingerprint_H_bit_231,0.0
20,drug_fingerprint_bit_198,0.0
20,fingerprint_H_bit_229,0.0
20,fingerprint_H_bit_228,0.0
20,drug_fingerprint_bit_68,0.0
20,fingerprint_H_bit_180,0.0
20,drug_fingerprint_bit_87,0.0
20,drug_fingerprint_bit_89,0.0
20,drug_fingerprint_bit_102,0.0
20,fingerprint_H_bit_29,0.0
20,fingerprint_H_bit_31,0.0
20,fingerprint_H_bit_14,0.0
20,fingerprint_H_bit_187,0.0
20,fingerprint_H_bit_188,0.0
20,fingerprint_H_bit_189,0.0
20,fingerprint_H_bit_190,0.0
20,fingerprint_H_bit_191,0.0
20,fingerprint_H_bit_192,0.0
20,fingerprint_H_bit_193,0.0
20,fingerprint_H_bit_194,0.0
20,fingerprint_H_bit_195,0.0
20,fingerprint_H_bit_51,0.0
20,fingerprint_H_bit_50,0.0
20,fingerprint_H_bit_55,0.0
20,drug_fingerprint_bit_112,0.0
20,fingerprint_H_bit_141,0.0
20,fingerprint_H_bit_140,0.0
20,fingerprint_H_bit_170,0.0
20,fingerprint_H_bit_169,0.0
20,fingerprint_H_bit_2,0.0
20,fingerprint_H_bit_142,0.0
20,fingerprint_H_bit_168,0.0
20,drug_fingerprint_bit_123,0.0
20,fingerprint_H_bit_5,0.0
20,fingerprint_H_bit_6,0.0
20,drug_fingerprint_bit_176,0.0
20,drug_fingerprint_bit_254,0.0
20,fingerprint_H_bit_146,0.0
20,fingerprint_H_bit_3,0.0
20,fingerprint_H_bit_4,0.0
20,fingerprint_H_bit_0,0.0
20,fingerprint_H_bit_150,0.0
20,fingerprint_H_bit_149,0.0
20,fingerprint_H_bit_148,0.0
20,fingerprint_H_bit_35,0.0
20,fingerprint_H_bit_11,0.0
20,fingerprint_H_bit_12,0.0
20,fingerprint_H_bit_40,0.0
20,fingerprint_H_bit_36,0.0
20,drug_fingerprint_bit_166,0.0
20,drug_fingerprint_bit_157,0.0
20,fingerprint_H_bit_157,0.0
20,fingerprint_H_bit_156,0.0
20,fingerprint_H_bit_160,0.0
20,fingerprint_H_bit_161,0.0
20,fingerprint_H_bit_163,0.0
20,fingerprint_H_bit_165,0.0
20,fingerprint_H_bit_88,-1.1879227760199943e-12
20,fingerprint_H_bit_25,-1.6682349723851075e-08
20,fingerprint_H_bit_241,-4.448626559191585e-08
20,fingerprint_H_bit_129,-6.672939788034324e-08
20,drug_fingerprint_bit_79,-0.00010928177937991057
20,drug_fingerprint_bit_96,-0.00041612723355048475
20,drug_fingerprint_bit_29,-0.0005434704053609098
20,drug_fingerprint_bit_65,-0.0017554035038713858
20,drug_fingerprint_bit_192,-0.0020903163189258745
20,drug_fingerprint_bit_225,-0.0022890055582191226
20,drug_fingerprint_bit_16,-0.00236117289572692
20,drug_fingerprint_bit_117,-0.0025676809162319242
20,drug_fingerprint_bit_38,-0.0030984432847887466
20,drug_fingerprint_bit_134,-0.0032727895426896236
20,drug_fingerprint_bit_82,-0.004223099843819348
20,drug_fingerprint_bit_122,-0.005285102773340521
20,drug_fingerprint_bit_25,-0.005449926954250077
20,drug_double_bonds_sum_fullmolecularfeaturizer,-0.005938214100331982
20,drug_fingerprint_bit_93,-0.0062112624001278705
20,drug_fingerprint_bit_148,-0.008370548278914433
20,drug_fingerprint_bit_90,-0.009137234375767205
20,drug_fingerprint_bit_178,-0.009488478598393718
20,logd_at_WATER_PH_H,-0.011146508097455456
20,drug_fingerprint_bit_34,-0.011801261965402154
20,drug_fingerprint_bit_85,-0.012561380725351592
20,drug_fingerprint_bit_124,-0.013593099350563465
20,drug_max_estate_index_sum_fullmolecularfeaturizer,-0.01423997093154115
20,drug_fingerprint_bit_86,-0.015056407025875138
20,drug_fingerprint_bit_137,-0.015093905665281562
20,drug_fingerprint_bit_2,-0.017260717661888695
20,drug_fingerprint_bit_138,-0.019673282504026852
20,fingerprint_H_bit_227,-0.02132961285465648
20,fingerprint_H_bit_61,-0.022460804780886894
20,drug_fingerprint_bit_80,-0.02372354286797849
20,drug_fingerprint_bit_212,-0.02457637006237155
20,drug_fingerprint_bit_53,-0.026838603318330934
20,drug_fingerprint_bit_66,-0.0283772864674284
20,drug_fingerprint_bit_182,-0.02907301367969765
20,poly_num_hbond_donors_sidechainfeaturizer_sum,-0.029288946496773327
20,poly_max_estate_index_sidechainfeaturizer_sum,-0.030113372322141174
20,drug_fingerprint_bit_179,-0.03377467622788503
20,drug_fingerprint_bit_241,-0.035266812063884705
20,poly_num_aromatic_rings_sum_backbonefeaturizer,-0.03679491959793357
20,drug_fingerprint_bit_8,-0.042029904444087336
20,fingerprint_H_bit_207,-0.04278305349128993
20,poly_heteroatom_density_sum_backbonefeaturizer,-0.0457168423136294
20,drug_fingerprint_bit_55,-0.04624926908720246
20,drug_fingerprint_bit_49,-0.04773104901370875
20,drug_fingerprint_bit_58,-0.05031130673584389
20,drug_fingerprint_bit_37,-0.051818956410396445
20,drug_fingerprint_bit_48,-0.05439968120580899
20,fingerprint_H_bit_45,-0.05488756015733504
20,drug_fingerprint_bit_91,-0.06057790039784513
20,poly_topological_surface_area_sum_fullpolymerfeaturizer,-0.06464780996202857
20,drug_fingerprint_bit_4,-0.06614166630706222
20,fingerprint_H_bit_147,-0.06708701943742001
20,fingerprint_H_bit_167,-0.06926955978982412
20,drug_fingerprint_bit_40,-0.07480910770964884
20,drug_fingerprint_bit_207,-0.0800447107507639
20,drug_fingerprint_bit_131,-0.08013243873644647
20,fingerprint_H_bit_39,-0.08156499798254309
20,drug_fingerprint_bit_230,-0.08162364139148291
20,drug_fingerprint_bit_113,-0.09432102246119108
20,fingerprint_H_bit_7,-0.09855779582663414
20,drug_fingerprint_bit_43,-0.1049878442301432
20,drug_fingerprint_bit_228,-0.11145932333809984
20,drug_fingerprint_bit_168,-0.12204905743158599
20,drug_fingerprint_bit_227,-0.13056930385730606
20,drug_fingerprint_bit_233,-0.13063727002340003
20,drug_fingerprint_bit_193,-0.13495204169841385
20,drug_fingerprint_bit_125,-0.13699336956742816
20,poly_heteroatom_count_sum_fullpolymerfeaturizer,-0.15077108129953826
20,drug_fingerprint_bit_143,-0.15383200792696808
20,fingerprint_H_bit_42,-0.15439890216460414
20,fingerprint_H_bit_133,-0.1716220181896766
20,drug_slogp_vsa1_sum_fullmolecularfeaturizer,-0.17989702516201872
20,drug_fingerprint_bit_133,-0.1829603629681587
20,fingerprint_H_bit_38,-0.20513361810546504
20,fingerprint_H_bit_218,-0.21535710005381747
20,drug_fingerprint_bit_111,-0.22697566627851057
20,poly_heteroatom_density_sum_fullpolymerfeaturizer,-0.23012684628309404
20,drug_fingerprint_bit_224,-0.23594694972649324
20,fingerprint_H_bit_125,-0.24821803109741292
20,fingerprint_H_bit_120,-0.24859050793451695
20,fingerprint_H_bit_138,-0.27196537206345117
20,poly_sp3_carbon_count_sum_backbonefeaturizer,-0.30562554220262267
20,drug_fingerprint_bit_242,-0.3267500544995357
20,drug_fingerprint_bit_175,-0.33543228275085496
20,WATER_PH,-0.3611635318036273
20,drug_fingerprint_bit_186,-0.4000064465322831
20,drug_fingerprint_bit_163,-0.41612887676569466
20,drug_fingerprint_bit_200,-0.46787943118281344
20,drug_fingerprint_bit_214,-0.5090069705794222
20,drug_fingerprint_bit_107,-0.5120575914893529
20,charge_at_WATER_PH_H,-0.5842284362687499
20,drug_fingerprint_bit_128,-0.6194476172144662
20,drug_fingerprint_bit_64,-0.6698220001614565
20,drug_fingerprint_bit_45,-0.7396937510330941
20,poly_double_bonds_sum_fullpolymerfeaturizer,-0.8728597537160949
20,CONCENTRATION,-0.9147009218495399
20,drug_num_rotatable_bonds_sum_fullmolecularfeaturizer,-0.9154823743754541
20,drug_fingerprint_bit_47,-0.9164160351498981
20,fingerprint_H_bit_162,-1.1615636206582145
20,drug_fingerprint_bit_119,-1.206347840361571
20,drug_fingerprint_bit_151,-1.250777307342687
20,drug_fingerprint_bit_108,-1.7250469062552252
20,drug_fingerprint_bit_33,-2.1658681361325867
20,fingerprint_H_bit_164,-2.7379160022359534
20,drug_fingerprint_bit_88,-3.2298572407893524
21,drug_fingerprint_bit_98,11.843677721424934
21,fingerprint_H_bit_240,8.10119490997149
21,drug_fingerprint_bit_190,7.233320108915415
21,logd_at_WATER_PH_H,2.7364573190400168
21,drug_fingerprint_bit_213,2.380288289547255
21,fingerprint_H_bit_222,2.3131645116702066
21,poly_single_bonds_sum_backbonefeaturizer,2.2172917588636554
21,poly_num_atoms_sum_backbonefeaturizer,2.201279629362889
21,poly_balaban_j_index_sidechainfeaturizer_sum,2.2011254716888367
21,fingerprint_H_bit_64,2.1804321159273963
21,poly_max_estate_index_sidechainfeaturizer_sum,2.059424231229444
21,fingerprint_H_bit_119,2.0173734635801726
21,poly_molecular_weight_sum_backbonefeaturizer,1.9908336603919512
21,poly_num_rings_sum_backbonefeaturizer,1.8251697177671582
21,fingerprint_H_bit_213,1.75471258384078
21,fingerprint_H_bit_217,1.6611862671665723
21,fingerprint_H_bit_167,1.4464321707334455
21,fingerprint_H_bit_151,1.4438318717489036
21,poly_fp_density_morgan1_sum_backbonefeaturizer,1.4360329781732162
21,drug_fingerprint_bit_110,1.4221330443300246
21,drug_fingerprint_bit_158,1.3952567986688085
21,fingerprint_H_bit_41,1.3667961430056064
21,fingerprint_H_bit_204,1.3413242710481066
21,fingerprint_H_bit_85,1.24482710699975
21,poly_topological_surface_area_sum_backbonefeaturizer,1.2038285381613412
21,poly_topological_surface_area_sidechainfeaturizer_sum,1.165636623123227
21,fingerprint_H_bit_113,1.1605360299479255
21,poly_heteroatom_count_sum_backbonefeaturizer,1.1540862195175188
21,drug_fingerprint_bit_147,1.114255068006824
21,fingerprint_H_bit_100,1.0598459647305716
21,fingerprint_H_bit_197,1.0579828231478328
21,poly_max_ring_size_sum_fullpolymerfeaturizer,1.0379866025569522
21,homo_eV_H,1.0357910633354732
21,poly_max_ring_size_sidechainfeaturizer_sum,1.0302368152302996
21,poly_fp_density_morgan1_sidechainfeaturizer_sum,1.0291157079016993
21,poly_molecular_weight_sidechainfeaturizer_sum,1.0143514915169642
21,fingerprint_H_bit_78,1.0040475727963585
21,fingerprint_H_bit_118,1.0015095411117751
21,fingerprint_H_bit_182,0.9767672395684518
21,poly_sp3_carbon_count_sum_backbonefeaturizer,0.9628500492524358
21,fingerprint_H_bit_139,0.9364378759255577
21,poly_sp2_carbon_count_sidechainfeaturizer_sum,0.9239927751857321
21,poly_slogp_vsa1_sum_fullpolymerfeaturizer,0.914428538270136
21,poly_num_aromatic_rings_sum_fullpolymerfeaturizer,0.9021259248923571
21,fingerprint_H_bit_232,0.895032757951295
21,poly_num_rotatable_bonds_sum_backbonefeaturizer,0.8801685736754896
21,drug_fingerprint_bit_24,0.8744749711715308
21,fingerprint_H_bit_81,0.8683690567546466
21,drug_fingerprint_bit_201,0.8645996304053534
21,drug_fingerprint_bit_218,0.8638212109933455
21,drug_fingerprint_bit_42,0.8611884878198159
21,drug_fingerprint_bit_36,0.8555013899065195
21,poly_num_hbond_acceptors_sum_backbonefeaturizer,0.8451255956479006
21,poly_smr_vsa5_sidechainfeaturizer_sum,0.8381979920787659
21,poly_num_aromatic_rings_sidechainfeaturizer_sum,0.8102263853790985
21,poly_smr_vsa5_sum_backbonefeaturizer,0.7855989134671281
21,poly_num_aromatic_rings_sum_backbonefeaturizer,0.7820511259399309
21,poly_num_hbond_donors_sidechainfeaturizer_sum,0.7475735162750995
21,lumo_eV_H,0.745233425469697
21,poly_heteroatom_count_sidechainfeaturizer_sum,0.719203647797587
21,poly_num_hbond_acceptors_sidechainfeaturizer_sum,0.7155257610236241
21,fingerprint_H_bit_186,0.7039647732691524
21,drug_fingerprint_bit_155,0.6760787717395185
21,poly_heteroatom_density_sidechainfeaturizer_sum,0.6747436207159635
21,fingerprint_H_bit_58,0.6726219941362409
21,fingerprint_H_bit_214,0.6639087767073438
21,drug_fingerprint_bit_180,0.6401177583027284
21,fingerprint_H_bit_128,0.6200351032642223
21,drug_fingerprint_bit_141,0.6112107665430194
21,poly_num_rings_sidechainfeaturizer_sum,0.6092843269464686
21,drug_fingerprint_bit_197,0.6021452518228982
21,drug_total_halogens_sum_fullmolecularfeaturizer,0.6018394406662244
21,logp_H,0.597108550643661
21,fingerprint_H_bit_53,0.5919534537404142
21,fingerprint_H_bit_236,0.5913814330376085
21,poly_double_bonds_sum_backbonefeaturizer,0.5886511051570168
21,poly_fp_density_morgan1_sum_fullpolymerfeaturizer,0.5858054823839259
21,fingerprint_H_bit_56,0.5825797363300341
21,drug_fingerprint_bit_3,0.5696577394940937
21,drug_fingerprint_bit_189,0.5601689346583844
21,fingerprint_H_bit_33,0.5553138984314799
21,drug_fingerprint_bit_219,0.5488379916917523
21,poly_sp3_carbon_count_sidechainfeaturizer_sum,0.5445552678626836
21,drug_fingerprint_bit_188,0.5347368961494137
21,drug_fingerprint_bit_142,0.5328130792112995
21,drug_logd_at_WATER_PH,0.5302187203507849
21,fingerprint_H_bit_48,0.5163631597258437
21,poly_single_bonds_sidechainfeaturizer_sum,0.502340761813077
21,poly_num_atoms_sidechainfeaturizer_sum,0.4854515692320979
21,drug_fingerprint_bit_22,0.47961914554210533
21,fingerprint_H_bit_69,0.4785128695795457
21,drug_num_aromatic_rings_sum_fullmolecularfeaturizer,0.47745002100730977
21,drug_fingerprint_bit_50,0.46882157383956713
21,drug_fingerprint_bit_12,0.46867215944083096
21,fingerprint_H_bit_45,0.46442407273992686
21,drug_fingerprint_bit_167,0.463472888668536
21,drug_topological_surface_area_sum_fullmolecularfeaturizer,0.44521532413062365
21,poly_sp2_carbon_count_sum_backbonefeaturizer,0.4271212666027055
21,drug_fingerprint_bit_223,0.42592705340279785
21,poly_num_rotatable_bonds_sidechainfeaturizer_sum,0.4212246722611877
21,poly_max_ring_size_sum_backbonefeaturizer,0.4112569916514341
21,drug_heteroatom_density_sum_fullmolecularfeaturizer,0.409445432464135
21,drug_num_atoms_sum_fullmolecularfeaturizer,0.4071962581913923
21,drug_fingerprint_bit_181,0.38801068870032945
21,drug_logp,0.37900743872373105
21,poly_double_bonds_sidechainfeaturizer_sum,0.3776037621654986
21,drug_fingerprint_bit_15,0.370927327035074
21,drug_num_hbond_donors_sum_fullmolecularfeaturizer,0.3696114283238885
21,drug_fingerprint_bit_177,0.3664943754700612
21,drug_fingerprint_bit_120,0.3659971845112921
21,drug_fingerprint_bit_136,0.35442752459273175
21,fingerprint_H_bit_37,0.3530007996555824
21,drug_fingerprint_bit_251,0.35253730862094423
21,fingerprint_H_bit_27,0.34816644833428373
21,drug_fingerprint_bit_203,0.34560417924906184
21,drug_fingerprint_bit_61,0.3438489063058832
21,drug_fingerprint_bit_206,0.3400394919313114
21,drug_fingerprint_bit_216,0.3361912329472725
21,fingerprint_H_bit_159,0.3336981994164212
21,fingerprint_H_bit_28,0.3325335851901359
21,fingerprint_H_bit_251,0.3318945963633969
21,poly_slogp_vsa1_sum_backbonefeaturizer,0.3118074631510482
21,drug_fingerprint_bit_227,0.3107895870778931
21,fingerprint_H_bit_1,0.3099439631510746
21,drug_heteroatom_count_sum_fullmolecularfeaturizer,0.30775316740326014
21,drug_fingerprint_bit_211,0.30475834438026767
21,drug_balaban_j_index_sum_fullmolecularfeaturizer,0.2997469693120585
21,fingerprint_H_bit_54,0.29694519919834955
21,drug_fingerprint_bit_13,0.29547349208278556
21,drug_smr_vsa5_sum_fullmolecularfeaturizer,0.2925629427920777
21,drug_fingerprint_bit_122,0.29243010161309607
21,drug_fingerprint_bit_249,0.28792796742868076
21,drug_fingerprint_bit_118,0.28568896975196756
21,drug_fingerprint_bit_10,0.28547137072247214
21,drug_fingerprint_bit_83,0.2837214785247831
21,fingerprint_H_bit_67,0.2777657380851765
21,poly_heteroatom_density_sum_fullpolymerfeaturizer,0.2755453802245893
21,drug_fingerprint_bit_11,0.27173944034892367
21,drug_lumo_eV,0.26609817452106893
21,drug_fingerprint_bit_130,0.2655490466132007
21,drug_fingerprint_bit_253,0.2651891175646393
21,fingerprint_H_bit_226,0.2642078126096299
21,drug_single_bonds_sum_fullmolecularfeaturizer,0.26361113254131635
21,fingerprint_H_bit_245,0.2578758409425147
21,drug_fingerprint_bit_246,0.25449416163179556
21,drug_fingerprint_bit_0,0.2541019622221052
21,drug_fingerprint_bit_74,0.25385455447761324
21,drug_fingerprint_bit_153,0.2534657267608111
21,drug_num_hbond_acceptors_sum_fullmolecularfeaturizer,0.24583355504645357
21,drug_fingerprint_bit_226,0.2447787245081938
21,drug_fingerprint_bit_30,0.2440444171121162
21,drug_fingerprint_bit_46,0.24241120894634102
21,drug_sp3_carbon_count_sum_fullmolecularfeaturizer,0.24167738971526728
21,drug_fingerprint_bit_183,0.23243782904421736
21,drug_fingerprint_bit_28,0.23151527778290482
21,drug_fingerprint_bit_165,0.22754959945237804
21,drug_fingerprint_bit_81,0.22265683086769017
21,poly_sp2_carbon_count_sum_fullpolymerfeaturizer,0.2198803590092854
21,drug_fraction_bicyclic_rings_sum_fullmolecularfeaturizer,0.21846224192235808
21,drug_bridging_rings_count_sum_fullmolecularfeaturizer,0.21685494264685534
21,drug_chlorine_count_sum_fullmolecularfeaturizer,0.21450811629312502
21,drug_fingerprint_bit_101,0.2141038719192041
21,drug_fingerprint_bit_140,0.21218577943427142
21,drug_fingerprint_bit_159,0.2100933632757341
21,drug_fingerprint_bit_139,0.20963433593970496
21,drug_fingerprint_bit_184,0.20600851378869414
21,drug_fingerprint_bit_75,0.20485420062970228
21,drug_fingerprint_bit_150,0.20458782332360337
21,drug_fingerprint_bit_35,0.20166076802985766
21,drug_fingerprint_bit_73,0.1983383458751242
21,drug_fingerprint_bit_146,0.1974176951338941
21,drug_fingerprint_bit_99,0.19694086086444082
21,drug_fingerprint_bit_77,0.1964669778957826
21,drug_fingerprint_bit_236,0.19318288298415073
21,drug_fingerprint_bit_60,0.18428789019490732
21,fingerprint_H_bit_162,0.18096233270837989
21,fingerprint_H_bit_227,0.1794325818634138
21,drug_fingerprint_bit_185,0.17538284274314794
21,drug_fingerprint_bit_240,0.17483097921312893
21,drug_fingerprint_bit_229,0.17199670348263174
21,drug_fingerprint_bit_160,0.16954253158656774
21,drug_fingerprint_bit_212,0.1680645407431258
21,drug_fingerprint_bit_145,0.16525455970845943
21,drug_fingerprint_bit_127,0.16278700841403168
21,drug_fingerprint_bit_187,0.1607911228606023
21,drug_fingerprint_bit_239,0.15813056968305197
21,fingerprint_H_bit_145,0.15759281649001622
21,fingerprint_H_bit_52,0.1568112720619617
21,drug_fingerprint_bit_148,0.1558412892030916
21,drug_fingerprint_bit_164,0.15566567656101035
21,drug_num_rings_sum_fullmolecularfeaturizer,0.15494177142733992
21,fingerprint_H_bit_61,0.15259483722893075
21,drug_fingerprint_bit_125,0.15169808686885458
21,drug_fingerprint_bit_115,0.1455051682335601
21,drug_fingerprint_bit_109,0.14443673041512395
21,drug_fingerprint_bit_116,0.14096470922657384
21,drug_fingerprint_bit_179,0.13739897549628155
21,drug_fingerprint_bit_105,0.13727254060847316
21,fingerprint_H_bit_123,0.1341803096244268
21,poly_sp3_carbon_count_sum_fullpolymerfeaturizer,0.13337326402400085
21,drug_fluorine_count_sum_fullmolecularfeaturizer,0.13335136143251927
21,fingerprint_H_bit_155,0.1333429849192412
21,drug_fingerprint_bit_63,0.1325120606391482
21,drug_fingerprint_bit_39,0.1321500419699599
21,fingerprint_H_bit_70,0.12971746457534813
21,drug_num_non_aromatic_rings_sum_fullmolecularfeaturizer,0.12916515724693464
21,poly_balaban_j_index_sum_fullpolymerfeaturizer,0.1283315197757393
21,drug_fingerprint_bit_6,0.12653805526447057
21,poly_heteroatom_density_sum_backbonefeaturizer,0.1256233468326918
21,poly_slogp_vsa1_sidechainfeaturizer_sum,0.1217341619900036
21,fingerprint_H_bit_212,0.1168511007433621
21,drug_fingerprint_bit_137,0.11566303607518737
21,drug_fingerprint_bit_169,0.11167734047001349
21,drug_fingerprint_bit_199,0.11076382154282659
21,drug_fingerprint_bit_202,0.10897462070926955
21,drug_fingerprint_bit_250,0.10348894630933979
21,fingerprint_H_bit_143,0.10252942710412448
21,drug_fingerprint_bit_126,0.09949551935850554
21,fingerprint_H_bit_134,0.0993421955220668
21,drug_fingerprint_bit_94,0.09898494893238734
21,fingerprint_H_bit_121,0.09691169251530367
21,drug_fingerprint_bit_27,0.0956480729812889
21,poly_num_rotatable_bonds_sum_fullpolymerfeaturizer,0.09528792892915816
21,drug_fingerprint_bit_144,0.09310724770684947
21,drug_homo_eV,0.09203673380282261
21,drug_fingerprint_bit_97,0.09178934548410088
21,drug_fingerprint_bit_204,0.09170058932270327
21,drug_fingerprint_bit_131,0.08874014617287239
21,drug_fingerprint_bit_69,0.08669712132801881
21,drug_fingerprint_bit_5,0.08420458060812931
21,drug_fingerprint_bit_156,0.08104350709930953
21,drug_fingerprint_bit_205,0.08043395778354705
21,drug_fingerprint_bit_134,0.07682860343678374
21,fingerprint_H_bit_131,0.07409041990257069
21,drug_fingerprint_bit_248,0.07394763188546823
21,drug_fingerprint_bit_37,0.07382708672295023
21,fingerprint_H_bit_237,0.0729356685527247
21,drug_fingerprint_bit_231,0.07236106720828293
21,drug_fingerprint_bit_34,0.07033585827394064
21,drug_num_aliphatic_heterocycles_sum_fullmolecularfeaturizer,0.06971085103196649
21,drug_fingerprint_bit_41,0.06860482861173554
21,fingerprint_H_bit_216,0.06636509139159173
21,drug_fingerprint_bit_173,0.0648865540067556
21,drug_fingerprint_bit_235,0.06210916750797955
21,drug_fingerprint_bit_161,0.0613367726462077
21,drug_molecular_weight_sum_fullmolecularfeaturizer,0.059436053486187405
21,fingerprint_H_bit_65,0.055409385794822165
21,poly_num_rings_sum_fullpolymerfeaturizer,0.05461554553307563
21,drug_fingerprint_bit_191,0.05255141271665977
21,drug_fingerprint_bit_132,0.052271956046057506
21,drug_fingerprint_bit_7,0.051737673599255456
21,fingerprint_H_bit_63,0.0516852682917713
21,fingerprint_H_bit_174,0.051074980689669154
21,drug_fingerprint_bit_121,0.04973174456304102
21,drug_fingerprint_bit_208,0.04953148652453224
21,fingerprint_H_bit_57,0.049442210577618044
21,fingerprint_H_bit_32,0.04943432228521336
21,drug_fingerprint_bit_23,0.049415936761132984
21,drug_fingerprint_bit_71,0.04835013333795918
21,drug_fingerprint_bit_172,0.047976341083231476
21,drug_fingerprint_bit_26,0.04679026060709101
21,fingerprint_H_bit_116,0.04608016080147301
21,drug_fingerprint_bit_18,0.045267447506839864
21,drug_fingerprint_bit_93,0.04472919580713595
21,drug_fingerprint_bit_149,0.044265572652085916
21,fingerprint_H_bit_112,0.04191547456581509
21,drug_fingerprint_bit_32,0.041444098337278815
21,fingerprint_H_bit_219,0.040424856890333156
21,fingerprint_H_bit_89,0.04012293826588487
21,drug_fingerprint_bit_245,0.03867770488076971
21,drug_fingerprint_bit_114,0.038262694800844065
21,fingerprint_H_bit_30,0.0375558114971355
21,fingerprint_H_bit_147,0.03746072790406712
21,drug_fingerprint_bit_44,0.03712599233974255
21,drug_fingerprint_bit_210,0.03680133892909913
21,drug_fingerprint_bit_29,0.03586756564891034
21,drug_fingerprint_bit_67,0.03532664829299057
21,drug_fingerprint_bit_154,0.03392971270631199
21,drug_fingerprint_bit_255,0.03318465111296148
21,fingerprint_H_bit_84,0.0328021063555501
21,fingerprint_H_bit_114,0.03028985430152138
21,fingerprint_H_bit_18,0.029882130053728844
21,drug_fingerprint_bit_31,0.029658491237035945
21,drug_fingerprint_bit_95,0.029272929912782842
21,poly_smr_vsa5_sum_fullpolymerfeaturizer,0.02817910868191516
21,fingerprint_H_bit_205,0.027694227950882614
21,drug_fingerprint_bit_2,0.027412833319827985
21,drug_fingerprint_bit_56,0.026757027328768414
21,fingerprint_H_bit_26,0.026001900892051632
21,drug_fingerprint_bit_62,0.025639609763098092
21,drug_fingerprint_bit_96,0.025618904583315016
21,poly_num_non_aromatic_rings_sum_fullpolymerfeaturizer,0.024177120463475088
21,drug_fingerprint_bit_117,0.024018898241263673
21,drug_fingerprint_bit_100,0.023978507640677008
21,drug_fingerprint_bit_194,0.02302425629055395
21,fingerprint_H_bit_158,0.022671088090902305
21,drug_fingerprint_bit_90,0.022604667886592582
21,drug_fingerprint_bit_222,0.020683401003846403
21,drug_fingerprint_bit_135,0.020366094811345412
21,drug_fingerprint_bit_92,0.020363926585407477
21,fingerprint_H_bit_233,0.020288152841226263
21,drug_fingerprint_bit_76,0.020132379732748656
21,drug_fingerprint_bit_152,0.01974503657854092
21,drug_fingerprint_bit_225,0.019142074735598296
21,fingerprint_H_bit_98,0.01896823437307769
21,drug_fingerprint_bit_20,0.018468003674970007
21,drug_fingerprint_bit_84,0.018081102076780754
21,drug_fingerprint_bit_57,0.01807530711439126
21,fingerprint_H_bit_46,0.01651165100080138
21,fingerprint_H_bit_185,0.01608443056967872
21,drug_fingerprint_bit_238,0.014939999158649261
21,drug_fingerprint_bit_252,0.014065389967173466
21,drug_fingerprint_bit_16,0.013679861828182238
21,drug_fingerprint_bit_196,0.013189494896194273
21,poly_num_aliphatic_heterocycles_sum_backbonefeaturizer,0.011634223732878568
21,drug_fingerprint_bit_171,0.010772699636999413
21,drug_fingerprint_bit_78,0.010440866062807806
21,drug_fingerprint_bit_170,0.009212361166605662
21,drug_fingerprint_bit_14,0.008724505565990666
21,drug_fingerprint_bit_178,0.008718480843147877
21,drug_fingerprint_bit_70,0.005185967368414851
21,poly_balaban_j_index_sum_backbonefeaturizer,0.005049555124847708
21,drug_fingerprint_bit_86,0.004898044264780277
21,poly_num_aliphatic_heterocycles_sum_fullpolymerfeaturizer,0.004527750304055449
21,drug_fingerprint_bit_104,0.004190021346572272
21,poly_num_non_aromatic_rings_sum_backbonefeaturizer,0.001843881358738475
21,drug_fingerprint_bit_48,0.001819947313493324
21,drug_fingerprint_bit_162,0.0016702315780003363
21,fingerprint_H_bit_34,0.0013793378211394748
21,drug_fingerprint_bit_55,0.0013134344195541298
21,fingerprint_H_bit_106,0.0011961341522326023
21,fingerprint_H_bit_224,0.0005448706575750354
21,drug_fingerprint_bit_247,0.00015013386661559026
21,drug_fingerprint_bit_103,0.0001240990875644906
21,poly_total_halogens_sum_backbonefeaturizer,0.0
21,fingerprint_H_bit_19,0.0
21,fingerprint_H_bit_190,0.0
21,fingerprint_H_bit_191,0.0
21,fingerprint_H_bit_192,0.0
21,fingerprint_H_bit_193,0.0
21,fingerprint_H_bit_25,0.0
21,fingerprint_H_bit_24,0.0
21,fingerprint_H_bit_82,0.0
21,fingerprint_H_bit_83,0.0
21,fingerprint_H_bit_22,0.0
21,fingerprint_H_bit_23,0.0
21,fingerprint_H_bit_21,0.0
21,fingerprint_H_bit_20,0.0
21,fingerprint_H_bit_14,0.0
21,fingerprint_H_bit_196,0.0
21,fingerprint_H_bit_195,0.0
21,fingerprint_H_bit_194,0.0
21,poly_bridging_rings_count_sum_backbonefeaturizer,0.0
21,fingerprint_H_bit_124,0.0
21,fingerprint_H_bit_126,0.0
21,fingerprint_H_bit_127,0.0
21,poly_chlorine_count_sum_backbonefeaturizer,0.0
21,fingerprint_H_bit_36,0.0
21,poly_bromine_count_sum_backbonefeaturizer,0.0
21,poly_triple_bonds_sum_backbonefeaturizer,0.0
21,fingerprint_H_bit_142,0.0
21,fingerprint_H_bit_141,0.0
21,fingerprint_H_bit_140,0.0
21,poly_bridging_rings_count_sidechainfeaturizer_sum,0.0
21,poly_triple_bonds_sidechainfeaturizer_sum,0.0
21,poly_iodine_count_sidechainfeaturizer_sum,0.0
21,fingerprint_H_bit_35,0.0
21,poly_iodine_count_sum_backbonefeaturizer,0.0
21,poly_chlorine_count_sidechainfeaturizer_sum,0.0
21,poly_fluorine_count_sidechainfeaturizer_sum,0.0
21,fingerprint_H_bit_170,0.0
21,poly_total_halogens_sidechainfeaturizer_sum,0.0
21,fingerprint_H_bit_168,0.0
21,fingerprint_H_bit_166,0.0
21,fingerprint_H_bit_31,0.0
21,fingerprint_H_bit_169,0.0
21,fingerprint_H_bit_29,0.0
21,drug_fingerprint_bit_217,0.0
21,drug_fingerprint_bit_215,0.0
21,drug_fingerprint_bit_209,0.0
21,drug_fingerprint_bit_9,0.0
21,drug_fingerprint_bit_221,0.0
21,poly_bromine_count_sidechainfeaturizer_sum,0.0
21,fingerprint_H_bit_184,0.0
21,fingerprint_H_bit_40,0.0
21,drug_fingerprint_bit_220,0.0
21,fingerprint_H_bit_161,0.0
21,fingerprint_H_bit_165,0.0
21,fingerprint_H_bit_157,0.0
21,fingerprint_H_bit_156,0.0
21,poly_num_aliphatic_heterocycles_sidechainfeaturizer_sum,0.0
21,fingerprint_H_bit_163,0.0
21,poly_fraction_bicyclic_rings_sidechainfeaturizer_sum,0.0
21,poly_num_non_aromatic_rings_sidechainfeaturizer_sum,0.0
21,fingerprint_H_bit_137,0.0
21,fingerprint_H_bit_136,0.0
21,fingerprint_H_bit_135,0.0
21,drug_fingerprint_bit_21,0.0
21,fingerprint_H_bit_179,0.0
21,drug_fingerprint_bit_254,0.0
21,poly_fluorine_count_sum_backbonefeaturizer,0.0
21,poly_fraction_bicyclic_rings_sum_backbonefeaturizer,0.0
21,fingerprint_H_bit_154,0.0
21,fingerprint_H_bit_153,0.0
21,fingerprint_H_bit_152,0.0
21,fingerprint_H_bit_150,0.0
21,fingerprint_H_bit_149,0.0
21,fingerprint_H_bit_148,0.0
21,fingerprint_H_bit_146,0.0
21,fingerprint_H_bit_132,0.0
21,fingerprint_H_bit_130,0.0
21,fingerprint_H_bit_129,0.0
21,fingerprint_H_bit_198,0.0
21,fingerprint_H_bit_12,0.0
21,fingerprint_H_bit_11,0.0
21,drug_fingerprint_bit_244,0.0
21,fingerprint_H_bit_109,0.0
21,fingerprint_H_bit_110,0.0
21,fingerprint_H_bit_111,0.0
21,fingerprint_H_bit_115,0.0
21,fingerprint_H_bit_117,0.0
21,drug_fingerprint_bit_17,0.0
21,drug_fingerprint_bit_232,0.0
21,drug_fingerprint_bit_234,0.0
21,fingerprint_H_bit_172,0.0
21,poly_triple_bonds_sum_fullpolymerfeaturizer,0.0
21,poly_bridging_rings_count_sum_fullpolymerfeaturizer,0.0
21,fingerprint_H_bit_171,0.0
21,fingerprint_H_bit_176,0.0
21,fingerprint_H_bit_173,0.0
21,fingerprint_H_bit_177,0.0
21,fingerprint_H_bit_178,0.0
21,fingerprint_H_bit_160,0.0
21,poly_bromine_count_sum_fullpolymerfeaturizer,0.0
21,fingerprint_H_bit_241,0.0
21,fingerprint_H_bit_242,0.0
21,poly_fraction_bicyclic_rings_sum_fullpolymerfeaturizer,0.0
21,poly_chlorine_count_sum_fullpolymerfeaturizer,0.0
21,poly_fluorine_count_sum_fullpolymerfeaturizer,0.0
21,poly_total_halogens_sum_fullpolymerfeaturizer,0.0
21,fingerprint_H_bit_50,0.0
21,poly_iodine_count_sum_fullpolymerfeaturizer,0.0
21,drug_fingerprint_bit_198,0.0
21,drug_fingerprint_bit_195,0.0
21,fingerprint_H_bit_108,0.0
21,drug_fingerprint_bit_54,0.0
21,fingerprint_H_bit_55,0.0
21,fingerprint_H_bit_51,0.0
21,fingerprint_H_bit_43,0.0
21,fingerprint_H_bit_44,0.0
21,fingerprint_H_bit_74,0.0
21,drug_fingerprint_bit_176,0.0
21,fingerprint_H_bit_72,0.0
21,fingerprint_H_bit_71,0.0
21,drug_fingerprint_bit_102,0.0
21,fingerprint_H_bit_73,0.0
21,fingerprint_H_bit_221,0.0
21,fingerprint_H_bit_220,0.0
21,fingerprint_H_bit_255,0.0
21,fingerprint_H_bit_254,0.0
21,fingerprint_H_bit_253,0.0
21,fingerprint_H_bit_252,0.0
21,fingerprint_H_bit_250,0.0
21,fingerprint_H_bit_223,0.0
21,fingerprint_H_bit_249,0.0
21,fingerprint_H_bit_248,0.0
21,fingerprint_H_bit_246,0.0
21,fingerprint_H_bit_247,0.0
21,fingerprint_H_bit_244,0.0
21,fingerprint_H_bit_243,0.0
21,drug_fingerprint_bit_89,0.0
21,drug_fingerprint_bit_87,0.0
21,fingerprint_H_bit_102,0.0
21,fingerprint_H_bit_180,0.0
21,fingerprint_H_bit_181,0.0
21,fingerprint_H_bit_47,0.0
21,fingerprint_H_bit_49,0.0
21,drug_fingerprint_bit_68,0.0
21,drug_fingerprint_bit_51,0.0
21,fingerprint_H_bit_107,0.0
21,fingerprint_H_bit_93,0.0
21,fingerprint_H_bit_94,0.0
21,fingerprint_H_bit_95,0.0
21,fingerprint_H_bit_96,0.0
21,fingerprint_H_bit_97,0.0
21,fingerprint_H_bit_99,0.0
21,fingerprint_H_bit_101,0.0
21,fingerprint_H_bit_92,0.0
21,fingerprint_H_bit_104,0.0
21,fingerprint_H_bit_103,0.0
21,fingerprint_H_bit_79,0.0
21,fingerprint_H_bit_202,0.0
21,fingerprint_H_bit_201,0.0
21,drug_fingerprint_bit_123,0.0
21,drug_fingerprint_bit_112,0.0
21,fingerprint_H_bit_91,0.0
21,fingerprint_H_bit_239,0.0
21,fingerprint_H_bit_199,0.0
21,fingerprint_H_bit_200,0.0
21,fingerprint_H_bit_238,0.0
21,fingerprint_H_bit_230,0.0
21,fingerprint_H_bit_235,0.0
21,fingerprint_H_bit_234,0.0
21,fingerprint_H_bit_231,0.0
21,fingerprint_H_bit_225,0.0
21,fingerprint_H_bit_228,0.0
21,fingerprint_H_bit_229,0.0
21,fingerprint_H_bit_77,0.0
21,fingerprint_H_bit_62,0.0
21,fingerprint_H_bit_76,0.0
21,fingerprint_H_bit_59,0.0
21,fingerprint_H_bit_105,0.0
21,fingerprint_H_bit_60,0.0
21,fingerprint_H_bit_189,0.0
21,fingerprint_H_bit_187,0.0
21,fingerprint_H_bit_188,0.0
21,drug_iodine_count_sum_fullmolecularfeaturizer,0.0
21,drug_bromine_count_sum_fullmolecularfeaturizer,0.0
21,fingerprint_H_bit_215,0.0
21,drug_triple_bonds_sum_fullmolecularfeaturizer,0.0
21,fingerprint_H_bit_211,0.0
21,fingerprint_H_bit_210,0.0
21,fingerprint_H_bit_208,0.0
21,fingerprint_H_bit_209,0.0
21,fingerprint_H_bit_206,0.0
21,fingerprint_H_bit_203,0.0
21,drug_fingerprint_bit_166,0.0
21,drug_fingerprint_bit_157,0.0
21,fingerprint_H_bit_90,0.0
21,fingerprint_H_bit_88,0.0
21,fingerprint_H_bit_87,0.0
21,fingerprint_H_bit_86,0.0
21,fingerprint_H_bit_17,0.0
21,fingerprint_H_bit_15,0.0
21,fingerprint_H_bit_16,0.0
21,fingerprint_H_bit_10,0.0
21,fingerprint_H_bit_9,0.0
21,fingerprint_H_bit_8,0.0
21,fingerprint_H_bit_6,0.0
21,fingerprint_H_bit_5,0.0
21,fingerprint_H_bit_4,0.0
21,fingerprint_H_bit_3,0.0
21,fingerprint_H_bit_2,0.0
21,fingerprint_H_bit_0,0.0
21,drug_fingerprint_bit_25,-0.0001631150455636346
21,drug_fingerprint_bit_65,-0.004063125677628045
21,drug_max_ring_size_sum_fullmolecularfeaturizer,-0.004223045384090934
21,drug_fingerprint_bit_182,-0.004366593507213144
21,drug_fingerprint_bit_106,-0.0044183808011085055
21,poly_topological_surface_area_sum_fullpolymerfeaturizer,-0.005237055940964704
21,drug_fingerprint_bit_59,-0.0056451278856719704
21,drug_fingerprint_bit_82,-0.005993503945600702
21,drug_fingerprint_bit_79,-0.006599567268136965
21,drug_fingerprint_bit_124,-0.0072374153056623996
21,drug_fingerprint_bit_129,-0.011546470738877651
21,drug_fingerprint_bit_8,-0.012055365912643732
21,fingerprint_H_bit_7,-0.014684383946178136
21,fingerprint_H_bit_68,-0.015772883268318078
21,drug_fingerprint_bit_241,-0.022860894181061183
21,drug_fingerprint_bit_58,-0.0246257988898565
21,drug_fingerprint_bit_85,-0.02686168563770443
21,drug_fingerprint_bit_174,-0.02961110932587084
21,drug_fingerprint_bit_80,-0.03157099748133601
21,drug_fp_density_morgan1_sum_fullmolecularfeaturizer,-0.03208579374070491
21,drug_fingerprint_bit_192,-0.03546678949860072
21,drug_max_estate_index_sum_fullmolecularfeaturizer,-0.040436518112959334
21,drug_fingerprint_bit_53,-0.04097354095718224
21,drug_fingerprint_bit_243,-0.04159252330685193
21,drug_fingerprint_bit_1,-0.051512769209356886
21,drug_fingerprint_bit_233,-0.06200371093911903
21,drug_fingerprint_bit_66,-0.06466058349981614
21,drug_fingerprint_bit_91,-0.06835611865129448
21,fingerprint_H_bit_175,-0.06983376157453254
21,drug_fingerprint_bit_43,-0.07614509218314815
21,drug_fingerprint_bit_138,-0.07982676256658965
21,fingerprint_H_bit_80,-0.08025821165731885
21,drug_fingerprint_bit_38,-0.08439307068763498
21,poly_double_bonds_sum_fullpolymerfeaturizer,-0.08555143186185639
21,drug_fingerprint_bit_143,-0.08889534844479423
21,drug_fingerprint_bit_49,-0.09380275287185906
21,drug_fingerprint_bit_207,-0.10272474386112072
21,drug_fingerprint_bit_237,-0.10821404094945704
21,poly_num_hbond_acceptors_sum_fullpolymerfeaturizer,-0.1235263108647484
21,drug_fingerprint_bit_47,-0.13561142847600582
21,fingerprint_H_bit_207,-0.13562278739143088
21,fingerprint_H_bit_218,-0.13609244362208103
21,poly_num_hbond_donors_sum_backbonefeaturizer,-0.1408345953547798
21,drug_double_bonds_sum_fullmolecularfeaturizer,-0.14187217319025755
21,drug_sp2_carbon_count_sum_fullmolecularfeaturizer,-0.14570116099811461
21,drug_fingerprint_bit_228,-0.1610560222547898
21,drug_fingerprint_bit_52,-0.1610987558363496
21,drug_fingerprint_bit_242,-0.1676271682761039
21,fingerprint_H_bit_39,-0.16765252508834227
21,drug_fingerprint_bit_175,-0.17881563099446737
21,drug_fingerprint_bit_40,-0.18449904666941605
21,drug_fingerprint_bit_230,-0.18521706841847677
21,fingerprint_H_bit_38,-0.20363532989251354
21,fingerprint_H_bit_133,-0.20552566997197155
21,drug_fingerprint_bit_168,-0.21101492033850036
21,drug_fingerprint_bit_163,-0.2353307902223881
21,drug_charge_at_WATER_PH,-0.24472957962664552
21,drug_fingerprint_bit_193,-0.24696794918139173
21,poly_num_hbond_donors_sum_fullpolymerfeaturizer,-0.2580248181506997
21,drug_fingerprint_bit_113,-0.2916037674198508
21,poly_single_bonds_sum_fullpolymerfeaturizer,-0.29613953578474095
21,fingerprint_H_bit_42,-0.3435848897107603
21,fingerprint_H_bit_138,-0.365086071534722
21,drug_slogp_vsa1_sum_fullmolecularfeaturizer,-0.3828492392091212
21,drug_fingerprint_bit_111,-0.3849909365484608
21,poly_max_estate_index_sum_backbonefeaturizer,-0.3992184666808325
21,fingerprint_H_bit_120,-0.431893313234307
21,fingerprint_H_bit_125,-0.44263910910837834
21,drug_fingerprint_bit_19,-0.4507944128083861
21,WATER_PH,-0.4877219171530702
21,drug_fingerprint_bit_214,-0.4975352187698801
21,drug_fingerprint_bit_107,-0.5109396706870415
21,drug_fingerprint_bit_72,-0.5243661649950889
21,fingerprint_H_bit_183,-0.6029608648203842
21,charge_at_WATER_PH_H,-0.656377384091845
21,fingerprint_H_bit_144,-0.7327639028776884
21,drug_fingerprint_bit_200,-0.788854332966827
21,drug_fingerprint_bit_186,-0.7897614321589564
21,drug_fingerprint_bit_128,-0.8576527517470254
21,drug_fingerprint_bit_64,-0.8770119085656578
21,drug_fingerprint_bit_4,-0.8825302556600819
21,drug_fingerprint_bit_45,-0.9178058334395823
21,drug_fingerprint_bit_224,-0.9205239438959135
21,drug_fingerprint_bit_133,-0.9561747036305741
21,poly_max_estate_index_sum_fullpolymerfeaturizer,-1.1739651582442172
21,poly_molecular_weight_sum_fullpolymerfeaturizer,-1.2352576491509937
21,drug_num_rotatable_bonds_sum_fullmolecularfeaturizer,-1.2700404055369416
21,fingerprint_H_bit_13,-1.4119684959938426
21,poly_num_atoms_sum_fullpolymerfeaturizer,-1.4503049306405416
21,poly_heteroatom_count_sum_fullpolymerfeaturizer,-1.4530480837087305
21,drug_fingerprint_bit_108,-1.712802369706201
21,drug_fingerprint_bit_151,-2.1276165129922084
21,drug_fingerprint_bit_33,-2.1950283460705835
21,drug_fingerprint_bit_119,-2.222552156604754
21,CONCENTRATION,-2.3438553561947635
21,drug_fingerprint_bit_88,-3.303097654940841
21,fingerprint_H_bit_66,-3.8456683714029185
21,fingerprint_H_bit_164,-4.504699303991025
21,fingerprint_H_bit_122,-7.53089765960573
21,fingerprint_H_bit_75,-8.333763541792068
22,drug_fingerprint_bit_98,12.92248714940653
22,drug_fingerprint_bit_190,10.991833546712778
22,fingerprint_H_bit_130,8.337770081135078
22,poly_num_hbond_acceptors_sum_backbonefeaturizer,3.9084399828114145
22,poly_molecular_weight_sum_backbonefeaturizer,2.701090632063606
22,poly_num_atoms_sum_backbonefeaturizer,2.5333401226371683
22,homo_eV_H,1.7120390902470197
22,poly_fp_density_morgan1_sum_backbonefeaturizer,1.4115114592620042
22,drug_fingerprint_bit_110,1.3956304068580128
22,logd_at_WATER_PH_H,1.3149212172965492
22,drug_fingerprint_bit_147,1.309013307790977
22,poly_max_ring_size_sum_fullpolymerfeaturizer,1.2832337769399287
22,fingerprint_H_bit_119,1.2531873899231667
22,fingerprint_H_bit_145,1.210040267252127
22,poly_fp_density_morgan1_sidechainfeaturizer_sum,1.19225881617864
22,poly_molecular_weight_sidechainfeaturizer_sum,1.1896424198476367
22,fingerprint_H_bit_213,1.1411708209587164
22,fingerprint_H_bit_175,1.1340542185431748
22,fingerprint_H_bit_147,1.0952904718583019
22,fingerprint_H_bit_182,1.042217562060387
22,drug_fingerprint_bit_218,1.0212572443380494
22,poly_max_estate_index_sidechainfeaturizer_sum,1.0159209297107339
22,fingerprint_H_bit_84,0.9706812129607778
22,poly_sp2_carbon_count_sum_backbonefeaturizer,0.9371721803434261
22,fingerprint_H_bit_222,0.9296090158201649
22,fingerprint_H_bit_85,0.9269068596956769
22,poly_topological_surface_area_sum_backbonefeaturizer,0.8707992089347927
22,poly_num_aromatic_rings_sidechainfeaturizer_sum,0.8675895406901729
22,poly_max_ring_size_sidechainfeaturizer_sum,0.8516911218757415
22,fingerprint_H_bit_214,0.8438582330871024
22,poly_sp3_carbon_count_sum_backbonefeaturizer,0.8394857217117245
22,drug_num_hbond_donors_sum_fullmolecularfeaturizer,0.8226453456225847
22,drug_logd_at_WATER_PH,0.7890352888425293
22,poly_double_bonds_sum_fullpolymerfeaturizer,0.7582259973830355
22,fingerprint_H_bit_232,0.7269707051538136
22,fingerprint_H_bit_28,0.7211474251029035
22,poly_single_bonds_sum_backbonefeaturizer,0.7089801940505017
22,fingerprint_H_bit_48,0.6934750607557553
22,drug_topological_surface_area_sum_fullmolecularfeaturizer,0.6888916876520866
22,poly_topological_surface_area_sidechainfeaturizer_sum,0.6816897487629519
22,drug_num_aromatic_rings_sum_fullmolecularfeaturizer,0.6813035621967473
22,poly_slogp_vsa1_sum_backbonefeaturizer,0.6679164178954375
22,fingerprint_H_bit_58,0.6493293073235409
22,drug_fingerprint_bit_223,0.6292042388728734
22,poly_num_aromatic_rings_sum_backbonefeaturizer,0.5891988956494465
22,fingerprint_H_bit_218,0.5833713689760845
22,fingerprint_H_bit_237,0.5820912926573405
22,poly_slogp_vsa1_sum_fullpolymerfeaturizer,0.5816617246804494
22,drug_fingerprint_bit_63,0.5790326622929458
22,drug_fingerprint_bit_211,0.5494992752110136
22,poly_num_atoms_sidechainfeaturizer_sum,0.5479859169996265
22,poly_fp_density_morgan1_sum_fullpolymerfeaturizer,0.546472090495088
22,fingerprint_H_bit_69,0.5463187306228784
22,poly_heteroatom_count_sidechainfeaturizer_sum,0.5414950099821981
22,lumo_eV_H,0.5334861455509061
22,fingerprint_H_bit_100,0.5127515792891323
22,fingerprint_H_bit_45,0.5124213142603491
22,poly_heteroatom_density_sidechainfeaturizer_sum,0.5076082212512681
22,drug_logp,0.4868377419552088
22,poly_num_hbond_donors_sidechainfeaturizer_sum,0.4863764776567477
22,poly_num_rotatable_bonds_sum_backbonefeaturizer,0.481723712005587
22,drug_num_hbond_acceptors_sum_fullmolecularfeaturizer,0.47969447423945155
22,fingerprint_H_bit_139,0.47664470852162616
22,poly_smr_vsa5_sidechainfeaturizer_sum,0.47374323518132216
22,fingerprint_H_bit_53,0.46501901090597564
22,fingerprint_H_bit_56,0.46216457770483205
22,fingerprint_H_bit_78,0.4563473165057724
22,poly_num_rings_sidechainfeaturizer_sum,0.4452599421288782
22,drug_fingerprint_bit_52,0.4423525668823162
22,fingerprint_H_bit_217,0.4359785399929136
22,poly_double_bonds_sum_backbonefeaturizer,0.43280491192848036
22,drug_fingerprint_bit_216,0.4321680004522647
22,poly_sp2_carbon_count_sidechainfeaturizer_sum,0.4271019686308546
22,poly_smr_vsa5_sum_fullpolymerfeaturizer,0.4269225526059042
22,fingerprint_H_bit_128,0.4160666836441241
22,poly_num_hbond_acceptors_sidechainfeaturizer_sum,0.4152306784895098
22,drug_fingerprint_bit_36,0.4069553665652576
22,drug_fingerprint_bit_188,0.40344110685656304
22,fingerprint_H_bit_64,0.3980836282313954
22,fingerprint_H_bit_118,0.39776927362617415
22,drug_heteroatom_count_sum_fullmolecularfeaturizer,0.39431128515015995
22,poly_sp3_carbon_count_sidechainfeaturizer_sum,0.39251659285852936
22,drug_fingerprint_bit_50,0.3768827502552955
22,fingerprint_H_bit_167,0.37447010553689497
22,fingerprint_H_bit_197,0.36889946613986646
22,drug_fingerprint_bit_42,0.36424731991526
22,poly_heteroatom_density_sum_fullpolymerfeaturizer,0.34963850718194867
22,drug_fingerprint_bit_158,0.3392996444484368
22,drug_fingerprint_bit_249,0.33354994596076215
22,fingerprint_H_bit_27,0.3290763911536369
22,fingerprint_H_bit_41,0.328692474313236
22,drug_fingerprint_bit_3,0.3273917970526589
22,drug_fingerprint_bit_184,0.32613615351391195
22,drug_bridging_rings_count_sum_fullmolecularfeaturizer,0.3232769543322987
22,drug_fingerprint_bit_167,0.3231413463881619
22,drug_fingerprint_bit_206,0.3145512393838894
22,fingerprint_H_bit_155,0.312445355474452
22,fingerprint_H_bit_245,0.30421184757387415
22,drug_num_atoms_sum_fullmolecularfeaturizer,0.301411440836229
22,poly_smr_vsa5_sum_backbonefeaturizer,0.30030536347877096
22,fingerprint_H_bit_151,0.29859145659250863
22,fingerprint_H_bit_133,0.2908661731574621
22,poly_num_aromatic_rings_sum_fullpolymerfeaturizer,0.2904911016890151
22,fingerprint_H_bit_159,0.27718578236796826
22,drug_fingerprint_bit_11,0.27540151603031354
22,drug_fingerprint_bit_252,0.2637274275628301
22,fingerprint_H_bit_113,0.25992220177452374
22,poly_heteroatom_count_sum_backbonefeaturizer,0.25462756016832727
22,drug_total_halogens_sum_fullmolecularfeaturizer,0.25414066862387663
22,fingerprint_H_bit_70,0.24503606747595014
22,poly_num_rotatable_bonds_sum_fullpolymerfeaturizer,0.24414591398606164
22,drug_fingerprint_bit_177,0.24373318360021698
22,drug_fingerprint_bit_47,0.24334752985074815
22,drug_fingerprint_bit_71,0.22713576867483845
22,drug_fingerprint_bit_139,0.2257084827302899
22,poly_double_bonds_sidechainfeaturizer_sum,0.22369049043956438
22,drug_fingerprint_bit_185,0.22134372419006748
22,drug_fingerprint_bit_201,0.21956611107087678
22,drug_fingerprint_bit_160,0.2186583855241419
22,drug_fingerprint_bit_49,0.21682816305265867
22,drug_smr_vsa5_sum_fullmolecularfeaturizer,0.21662195078600704
22,poly_heteroatom_density_sum_backbonefeaturizer,0.21476029134112995
22,drug_fingerprint_bit_75,0.21014658448651216
22,poly_balaban_j_index_sidechainfeaturizer_sum,0.20767223672196766
22,fingerprint_H_bit_37,0.20555574436449664
22,drug_single_bonds_sum_fullmolecularfeaturizer,0.20483864318111247
22,poly_sp3_carbon_count_sum_fullpolymerfeaturizer,0.2007391492274042
22,fingerprint_H_bit_13,0.1987463806584285
22,fingerprint_H_bit_81,0.19270549586099417
22,drug_fingerprint_bit_164,0.19147055781270264
22,drug_fingerprint_bit_165,0.18969890326811795
22,drug_fingerprint_bit_226,0.1888752784209997
22,drug_balaban_j_index_sum_fullmolecularfeaturizer,0.18031274083401125
22,drug_fingerprint_bit_18,0.17681286075133062
22,drug_num_rings_sum_fullmolecularfeaturizer,0.17149897521182242
22,drug_fingerprint_bit_43,0.16999573623229064
22,drug_fingerprint_bit_37,0.16566951749489545
22,drug_fingerprint_bit_159,0.1632354533010051
22,poly_num_rotatable_bonds_sidechainfeaturizer_sum,0.16072259391865806
22,drug_fingerprint_bit_99,0.1566687396900379
22,fingerprint_H_bit_67,0.15513684030907607
22,drug_fingerprint_bit_150,0.15180978677896245
22,drug_fingerprint_bit_189,0.15157032942712007
22,drug_fingerprint_bit_126,0.14920267791109737
22,drug_fingerprint_bit_97,0.14584713989617074
22,drug_fingerprint_bit_181,0.14531510838541045
22,drug_fingerprint_bit_253,0.1432810105374636
22,drug_fingerprint_bit_19,0.1425157036390822
22,drug_fingerprint_bit_155,0.1418961302975204
22,drug_fingerprint_bit_69,0.13750594006385256
22,drug_fingerprint_bit_169,0.13749351442239588
22,drug_fingerprint_bit_229,0.13710510289654015
22,drug_fingerprint_bit_86,0.13652044430074875
22,fingerprint_H_bit_89,0.1353001373438298
22,drug_heteroatom_density_sum_fullmolecularfeaturizer,0.13483909288286383
22,drug_fingerprint_bit_141,0.13417079177575394
22,drug_fingerprint_bit_125,0.13353369179563718
22,drug_fingerprint_bit_203,0.13243407922057815
22,drug_fingerprint_bit_246,0.13103199503890686
22,drug_homo_eV,0.12969859456541313
22,poly_max_ring_size_sum_backbonefeaturizer,0.1260895077473166
22,drug_fingerprint_bit_142,0.1254608661724689
22,drug_fingerprint_bit_74,0.12277368798096273
22,fingerprint_H_bit_162,0.12273407894744635
22,drug_fingerprint_bit_144,0.1183957451269939
22,fingerprint_H_bit_226,0.11674486542771342
22,drug_sp3_carbon_count_sum_fullmolecularfeaturizer,0.11615822055438603
22,drug_fingerprint_bit_250,0.11593876455875722
22,poly_single_bonds_sidechainfeaturizer_sum,0.11226228151943676
22,drug_fingerprint_bit_114,0.1120745217295289
22,fingerprint_H_bit_251,0.11161972268862454
22,drug_fingerprint_bit_205,0.11096681224052918
22,drug_fingerprint_bit_77,0.10887904784390583
22,drug_fingerprint_bit_101,0.10823554210183246
22,drug_fingerprint_bit_28,0.10793131871046427
22,drug_fingerprint_bit_26,0.10712877089048727
22,drug_fingerprint_bit_39,0.10579465292517025
22,drug_fingerprint_bit_83,0.1018481177494027
22,drug_fingerprint_bit_12,0.10154026517901263
22,drug_fingerprint_bit_41,0.09877892133711945
22,drug_fingerprint_bit_136,0.09861448015655465
22,drug_chlorine_count_sum_fullmolecularfeaturizer,0.0964474171464605
22,fingerprint_H_bit_212,0.09354271883495073
22,drug_fingerprint_bit_106,0.09221084776123054
22,fingerprint_H_bit_204,0.09110211417371929
22,drug_fingerprint_bit_251,0.08880167649299933
22,drug_fingerprint_bit_24,0.0879149204160276
22,drug_fingerprint_bit_44,0.08737946134078121
22,drug_fingerprint_bit_156,0.08590590801982079
22,drug_fingerprint_bit_105,0.08352281372475136
22,drug_fingerprint_bit_15,0.08310094867253151
22,drug_fingerprint_bit_35,0.08269632505267994
22,drug_fingerprint_bit_137,0.08255246733437753
22,drug_fingerprint_bit_46,0.08122637252956086
22,fingerprint_H_bit_227,0.0808517890884157
22,drug_fingerprint_bit_61,0.08006979107503795
22,fingerprint_H_bit_52,0.07810322305575734
22,drug_fluorine_count_sum_fullmolecularfeaturizer,0.07767064475912837
22,fingerprint_H_bit_123,0.07701915511854276
22,drug_fingerprint_bit_127,0.07639880402216115
22,drug_fingerprint_bit_92,0.07574944912135113
22,fingerprint_H_bit_61,0.07562638992447078
22,drug_fingerprint_bit_183,0.0755064715394964
22,drug_fingerprint_bit_81,0.07538787936738538
22,drug_fingerprint_bit_197,0.07442331425496293
22,drug_fingerprint_bit_109,0.07412578980194803
22,drug_fingerprint_bit_208,0.07297632395299326
22,drug_fingerprint_bit_145,0.07292041513154655
22,drug_fingerprint_bit_103,0.07198732536784726
22,drug_fingerprint_bit_120,0.07099983275386938
22,drug_fraction_bicyclic_rings_sum_fullmolecularfeaturizer,0.07036249848617004
22,drug_fingerprint_bit_191,0.06975503894526448
22,drug_fingerprint_bit_76,0.06940057339912072
22,fingerprint_H_bit_121,0.06875220021665664
22,drug_fingerprint_bit_13,0.06625125451470552
22,fingerprint_H_bit_32,0.060361095835297585
22,drug_fingerprint_bit_146,0.06010558530506625
22,drug_fingerprint_bit_180,0.06008724643874822
22,fingerprint_H_bit_57,0.05769617071795035
22,drug_fingerprint_bit_240,0.056522308224997674
22,drug_fingerprint_bit_170,0.05636357420079112
22,poly_slogp_vsa1_sidechainfeaturizer_sum,0.05396709977977299
22,drug_fingerprint_bit_148,0.05384353846792026
22,drug_fingerprint_bit_132,0.051902394225603866
22,drug_fingerprint_bit_0,0.05117613353389571
22,drug_molecular_weight_sum_fullmolecularfeaturizer,0.0511612002257961
22,drug_fingerprint_bit_116,0.05024298744549721
22,fingerprint_H_bit_68,0.04886218900813967
22,drug_fingerprint_bit_70,0.04714648458408668
22,drug_lumo_eV,0.04612240178688749
22,drug_fingerprint_bit_248,0.04462250252661871
22,drug_fingerprint_bit_236,0.04388472119059348
22,drug_fingerprint_bit_32,0.043022551707610775
22,drug_fingerprint_bit_194,0.04270522538842275
22,drug_fingerprint_bit_34,0.0424904936910112
22,drug_fingerprint_bit_27,0.04110491736748868
22,drug_fingerprint_bit_161,0.04062916794225589
22,poly_num_aliphatic_heterocycles_sum_fullpolymerfeaturizer,0.03920143977501365
22,drug_fingerprint_bit_104,0.03888279125234682
22,drug_fingerprint_bit_73,0.037327638937831566
22,fingerprint_H_bit_114,0.037147011225983774
22,drug_fingerprint_bit_178,0.036710906109977216
22,fingerprint_H_bit_216,0.03649280759802519
22,fingerprint_H_bit_116,0.03640541552557717
22,drug_fingerprint_bit_57,0.03584499079937352
22,drug_fingerprint_bit_199,0.03516544927965638
22,drug_fingerprint_bit_31,0.03513150707802896
22,drug_fingerprint_bit_85,0.03510716887891888
22,drug_fingerprint_bit_95,0.03291456168027816
22,fingerprint_H_bit_63,0.03287125978910335
22,fingerprint_H_bit_219,0.03255715850010649
22,drug_fingerprint_bit_22,0.032507807031171516
22,fingerprint_H_bit_134,0.03233713697303173
22,drug_fingerprint_bit_238,0.031940092724773515
22,poly_num_aliphatic_heterocycles_sum_backbonefeaturizer,0.03156491573632705
22,drug_fingerprint_bit_7,0.03140000605774491
22,fingerprint_H_bit_30,0.03014882531464686
22,drug_fingerprint_bit_219,0.02893958628516761
22,drug_fingerprint_bit_23,0.02778050710057156
22,drug_fingerprint_bit_48,0.026733866729359956
22,fingerprint_H_bit_131,0.02620271597548326
22,drug_fingerprint_bit_204,0.025754432890184142
22,drug_fingerprint_bit_179,0.025441659291282937
22,drug_fingerprint_bit_90,0.024809068632805957
22,drug_fingerprint_bit_187,0.024444864360886748
22,drug_fp_density_morgan1_sum_fullmolecularfeaturizer,0.02395919232621413
22,drug_fingerprint_bit_152,0.02350302731961629
22,drug_fingerprint_bit_173,0.0228552107617505
22,drug_fingerprint_bit_140,0.022734875235093797
22,drug_fingerprint_bit_149,0.02265303376436311
22,fingerprint_H_bit_158,0.02255218155252788
22,drug_fingerprint_bit_153,0.02102723961873481
22,drug_fingerprint_bit_212,0.01924853100472032
22,fingerprint_H_bit_143,0.01857925644705648
22,drug_fingerprint_bit_2,0.01819216338608312
22,fingerprint_H_bit_65,0.017701581440160798
22,drug_fingerprint_bit_58,0.017693615791078456
22,poly_num_non_aromatic_rings_sum_backbonefeaturizer,0.016613069068356946
22,drug_fingerprint_bit_96,0.016423978114950614
22,drug_fingerprint_bit_172,0.016238715650385944
22,drug_fingerprint_bit_78,0.01617581698270649
22,drug_fingerprint_bit_235,0.01582014524850525
22,fingerprint_H_bit_164,0.01573226002417985
22,drug_fingerprint_bit_154,0.015496254485034675
22,fingerprint_H_bit_106,0.015159608214574207
22,drug_fingerprint_bit_59,0.01465428054762458
22,drug_fingerprint_bit_121,0.014227412811409839
22,drug_fingerprint_bit_16,0.013643337281898696
22,drug_fingerprint_bit_62,0.012864836153425003
22,poly_num_non_aromatic_rings_sum_fullpolymerfeaturizer,0.011482355152997139
22,drug_fingerprint_bit_56,0.011127498377421047
22,fingerprint_H_bit_26,0.011019638737850486
22,fingerprint_H_bit_174,0.010406951901286423
22,drug_fingerprint_bit_122,0.010232737994349173
22,drug_fingerprint_bit_67,0.009419906623733527
22,drug_fingerprint_bit_135,0.009349581789190767
22,drug_fingerprint_bit_20,0.009250966514274378
22,drug_fingerprint_bit_8,0.0092059628278221
22,drug_fingerprint_bit_134,0.009000148937284042
22,drug_fingerprint_bit_100,0.008737104234012638
22,fingerprint_H_bit_224,0.00855081365785137
22,fingerprint_H_bit_46,0.008214713105819
22,fingerprint_H_bit_112,0.00767174557778679
22,drug_num_non_aromatic_rings_sum_fullmolecularfeaturizer,0.007268576842370993
22,drug_fingerprint_bit_94,0.0072588901251536275
22,fingerprint_H_bit_144,0.006918581027879735
22,fingerprint_H_bit_80,0.00674533779390243
22,drug_fingerprint_bit_117,0.00668106010989536
22,drug_fingerprint_bit_239,0.006660492690278534
22,drug_fingerprint_bit_245,0.006039919131784965
22,fingerprint_H_bit_34,0.00524991788902466
22,drug_fingerprint_bit_82,0.005184887320674581
22,drug_fingerprint_bit_124,0.005152348038154476
22,drug_fingerprint_bit_14,0.004517567115546779
22,drug_fingerprint_bit_115,0.0032936271315056687
22,drug_fingerprint_bit_171,0.0031350812464025013
22,drug_fingerprint_bit_222,0.0030566577278282195
22,fingerprint_H_bit_205,0.0028066369402361658
22,drug_fingerprint_bit_162,0.0025229081769200246
22,fingerprint_H_bit_185,0.0015285003806602812
22,drug_fingerprint_bit_55,0.0014309553425978436
22,drug_fingerprint_bit_60,0.0011287799915962102
22,drug_fingerprint_bit_65,0.0006626691313392814
22,drug_fingerprint_bit_202,0.0002522295738936319
22,drug_fingerprint_bit_244,0.0
22,poly_fraction_bicyclic_rings_sum_fullpolymerfeaturizer,0.0
22,fingerprint_H_bit_124,0.0
22,drug_bromine_count_sum_fullmolecularfeaturizer,0.0
22,drug_iodine_count_sum_fullmolecularfeaturizer,0.0
22,fingerprint_H_bit_163,0.0
22,fingerprint_H_bit_161,0.0
22,fingerprint_H_bit_160,0.0
22,fingerprint_H_bit_15,0.0
22,fingerprint_H_bit_0,0.0
22,drug_fingerprint_bit_232,0.0
22,fingerprint_H_bit_24,0.0
22,fingerprint_H_bit_23,0.0
22,fingerprint_H_bit_21,0.0
22,fingerprint_H_bit_22,0.0
22,fingerprint_H_bit_74,0.0
22,drug_fingerprint_bit_254,0.0
22,fingerprint_H_bit_25,0.0
22,fingerprint_H_bit_157,0.0
22,fingerprint_H_bit_115,0.0
22,fingerprint_H_bit_117,0.0
22,poly_fraction_bicyclic_rings_sum_backbonefeaturizer,0.0
22,fingerprint_H_bit_111,0.0
22,fingerprint_H_bit_107,0.0
22,poly_bridging_rings_count_sidechainfeaturizer_sum,0.0
22,fingerprint_H_bit_109,0.0
22,fingerprint_H_bit_110,0.0
22,fingerprint_H_bit_35,0.0
22,fingerprint_H_bit_36,0.0
22,fingerprint_H_bit_31,0.0
22,fingerprint_H_bit_29,0.0
22,drug_fingerprint_bit_198,0.0
22,drug_fingerprint_bit_195,0.0
22,fingerprint_H_bit_181,0.0
22,fingerprint_H_bit_108,0.0
22,fingerprint_H_bit_179,0.0
22,fingerprint_H_bit_105,0.0
22,fingerprint_H_bit_104,0.0
22,fingerprint_H_bit_103,0.0
22,fingerprint_H_bit_102,0.0
22,fingerprint_H_bit_101,0.0
22,fingerprint_H_bit_99,0.0
22,fingerprint_H_bit_97,0.0
22,fingerprint_H_bit_96,0.0
22,fingerprint_H_bit_95,0.0
22,fingerprint_H_bit_94,0.0
22,fingerprint_H_bit_93,0.0
22,fingerprint_H_bit_92,0.0
22,fingerprint_H_bit_91,0.0
22,fingerprint_H_bit_255,0.0
22,fingerprint_H_bit_180,0.0
22,fingerprint_H_bit_254,0.0
22,fingerprint_H_bit_253,0.0
22,fingerprint_H_bit_154,0.0
22,fingerprint_H_bit_252,0.0
22,fingerprint_H_bit_152,0.0
22,fingerprint_H_bit_150,0.0
22,fingerprint_H_bit_149,0.0
22,fingerprint_H_bit_153,0.0
22,fingerprint_H_bit_148,0.0
22,poly_bromine_count_sum_backbonefeaturizer,0.0
22,poly_fluorine_count_sum_backbonefeaturizer,0.0
22,poly_chlorine_count_sum_backbonefeaturizer,0.0
22,poly_total_halogens_sum_backbonefeaturizer,0.0
22,drug_fingerprint_bit_9,0.0
22,poly_bridging_rings_count_sum_backbonefeaturizer,0.0
22,poly_triple_bonds_sum_backbonefeaturizer,0.0
22,poly_iodine_count_sum_backbonefeaturizer,0.0
22,fingerprint_H_bit_178,0.0
22,fingerprint_H_bit_177,0.0
22,fingerprint_H_bit_176,0.0
22,fingerprint_H_bit_173,0.0
22,fingerprint_H_bit_172,0.0
22,fingerprint_H_bit_14,0.0
22,fingerprint_H_bit_10,0.0
22,fingerprint_H_bit_9,0.0
22,fingerprint_H_bit_136,0.0
22,fingerprint_H_bit_135,0.0
22,fingerprint_H_bit_132,0.0
22,fingerprint_H_bit_129,0.0
22,fingerprint_H_bit_73,0.0
22,fingerprint_H_bit_12,0.0
22,fingerprint_H_bit_11,0.0
22,fingerprint_H_bit_77,0.0
22,fingerprint_H_bit_79,0.0
22,fingerprint_H_bit_240,0.0
22,drug_fingerprint_bit_176,0.0
22,fingerprint_H_bit_165,0.0
22,fingerprint_H_bit_166,0.0
22,fingerprint_H_bit_168,0.0
22,fingerprint_H_bit_169,0.0
22,fingerprint_H_bit_170,0.0
22,fingerprint_H_bit_171,0.0
22,fingerprint_H_bit_249,0.0
22,fingerprint_H_bit_250,0.0
22,fingerprint_H_bit_140,0.0
22,fingerprint_H_bit_76,0.0
22,drug_fingerprint_bit_21,0.0
22,fingerprint_H_bit_75,0.0
22,drug_fingerprint_bit_209,0.0
22,fingerprint_H_bit_40,0.0
22,poly_triple_bonds_sidechainfeaturizer_sum,0.0
22,poly_iodine_count_sidechainfeaturizer_sum,0.0
22,poly_bromine_count_sidechainfeaturizer_sum,0.0
22,poly_chlorine_count_sidechainfeaturizer_sum,0.0
22,poly_fluorine_count_sidechainfeaturizer_sum,0.0
22,poly_total_halogens_sidechainfeaturizer_sum,0.0
22,poly_num_aliphatic_heterocycles_sidechainfeaturizer_sum,0.0
22,poly_fraction_bicyclic_rings_sidechainfeaturizer_sum,0.0
22,poly_num_non_aromatic_rings_sidechainfeaturizer_sum,0.0
22,drug_fingerprint_bit_17,0.0
22,fingerprint_H_bit_82,0.0
22,fingerprint_H_bit_146,0.0
22,fingerprint_H_bit_142,0.0
22,fingerprint_H_bit_141,0.0
22,fingerprint_H_bit_242,0.0
22,fingerprint_H_bit_243,0.0
22,fingerprint_H_bit_244,0.0
22,fingerprint_H_bit_246,0.0
22,fingerprint_H_bit_137,0.0
22,drug_fingerprint_bit_51,0.0
22,fingerprint_H_bit_241,0.0
22,drug_fingerprint_bit_54,0.0
22,fingerprint_H_bit_86,0.0
22,fingerprint_H_bit_83,0.0
22,fingerprint_H_bit_235,0.0
22,fingerprint_H_bit_234,0.0
22,fingerprint_H_bit_231,0.0
22,fingerprint_H_bit_90,0.0
22,fingerprint_H_bit_88,0.0
22,fingerprint_H_bit_87,0.0
22,fingerprint_H_bit_228,0.0
22,fingerprint_H_bit_229,0.0
22,fingerprint_H_bit_230,0.0
22,fingerprint_H_bit_225,0.0
22,drug_fingerprint_bit_68,0.0
22,fingerprint_H_bit_221,0.0
22,fingerprint_H_bit_223,0.0
22,drug_fingerprint_bit_166,0.0
22,drug_fingerprint_bit_157,0.0
22,fingerprint_H_bit_55,0.0
22,fingerprint_H_bit_51,0.0
22,fingerprint_H_bit_248,0.0
22,fingerprint_H_bit_247,0.0
22,drug_fingerprint_bit_220,0.0
22,drug_fingerprint_bit_217,0.0
22,drug_fingerprint_bit_215,0.0
22,drug_fingerprint_bit_87,0.0
22,drug_fingerprint_bit_89,0.0
22,fingerprint_H_bit_47,0.0
22,fingerprint_H_bit_49,0.0
22,fingerprint_H_bit_50,0.0
22,fingerprint_H_bit_209,0.0
22,fingerprint_H_bit_210,0.0
22,fingerprint_H_bit_238,0.0
22,fingerprint_H_bit_206,0.0
22,fingerprint_H_bit_203,0.0
22,fingerprint_H_bit_202,0.0
22,fingerprint_H_bit_201,0.0
22,drug_fingerprint_bit_112,0.0
22,drug_fingerprint_bit_102,0.0
22,fingerprint_H_bit_208,0.0
22,fingerprint_H_bit_239,0.0
22,fingerprint_H_bit_199,0.0
22,fingerprint_H_bit_198,0.0
22,fingerprint_H_bit_195,0.0
22,fingerprint_H_bit_196,0.0
22,fingerprint_H_bit_193,0.0
22,fingerprint_H_bit_192,0.0
22,fingerprint_H_bit_191,0.0
22,fingerprint_H_bit_194,0.0
22,fingerprint_H_bit_190,0.0
22,fingerprint_H_bit_189,0.0
22,fingerprint_H_bit_188,0.0
22,fingerprint_H_bit_187,0.0
22,fingerprint_H_bit_184,0.0
22,fingerprint_H_bit_72,0.0
22,fingerprint_H_bit_200,0.0
22,fingerprint_H_bit_211,0.0
22,fingerprint_H_bit_20,0.0
22,fingerprint_H_bit_71,0.0
22,fingerprint_H_bit_16,0.0
22,fingerprint_H_bit_19,0.0
22,fingerprint_H_bit_126,0.0
22,drug_triple_bonds_sum_fullmolecularfeaturizer,0.0
22,poly_bridging_rings_count_sum_fullpolymerfeaturizer,0.0
22,fingerprint_H_bit_17,0.0
22,poly_triple_bonds_sum_fullpolymerfeaturizer,0.0
22,poly_iodine_count_sum_fullpolymerfeaturizer,0.0
22,poly_chlorine_count_sum_fullpolymerfeaturizer,0.0
22,poly_bromine_count_sum_fullpolymerfeaturizer,0.0
22,poly_fluorine_count_sum_fullpolymerfeaturizer,0.0
22,poly_total_halogens_sum_fullpolymerfeaturizer,0.0
22,drug_fingerprint_bit_221,0.0
22,fingerprint_H_bit_127,0.0
22,fingerprint_H_bit_62,0.0
22,fingerprint_H_bit_60,0.0
22,drug_fingerprint_bit_123,0.0
22,fingerprint_H_bit_59,0.0
22,fingerprint_H_bit_220,0.0
22,fingerprint_H_bit_215,0.0
22,fingerprint_H_bit_44,0.0
22,fingerprint_H_bit_156,0.0
22,fingerprint_H_bit_43,0.0
22,fingerprint_H_bit_8,0.0
22,fingerprint_H_bit_6,0.0
22,fingerprint_H_bit_5,0.0
22,fingerprint_H_bit_4,0.0
22,fingerprint_H_bit_3,0.0
22,fingerprint_H_bit_2,0.0
22,drug_fingerprint_bit_234,0.0
22,drug_fingerprint_bit_53,-2.6672347241383245e-05
22,drug_fingerprint_bit_79,-3.117037879455922e-05
22,drug_fingerprint_bit_25,-0.0031018830936382787
22,drug_fingerprint_bit_66,-0.004096052736713875
22,drug_fingerprint_bit_210,-0.005342887769830821
22,drug_fingerprint_bit_5,-0.00644879677123017
22,drug_fingerprint_bit_38,-0.009200290812927378
22,drug_fingerprint_bit_182,-0.011333040368926786
22,drug_fingerprint_bit_231,-0.01271879153566434
22,drug_fingerprint_bit_247,-0.015666916864944414
22,drug_fingerprint_bit_225,-0.016463912405441206
22,poly_max_estate_index_sum_backbonefeaturizer,-0.018840467027284254
22,drug_fingerprint_bit_130,-0.02022609771828744
22,drug_fingerprint_bit_6,-0.021079320082556252
22,drug_fingerprint_bit_174,-0.023901586400697283
22,fingerprint_H_bit_7,-0.024316050605890815
22,drug_fingerprint_bit_10,-0.02592894420129752
22,fingerprint_H_bit_207,-0.027864282676173798
22,drug_fingerprint_bit_214,-0.03009469885171779
22,drug_fingerprint_bit_193,-0.039794067069262626
22,drug_fingerprint_bit_192,-0.03981886619431766
22,drug_fingerprint_bit_84,-0.04026444270540541
22,drug_fingerprint_bit_230,-0.04204150299522867
22,fingerprint_H_bit_38,-0.04968890859014469
22,drug_fingerprint_bit_207,-0.05109405452699837
22,drug_fingerprint_bit_80,-0.055260964694436865
22,drug_fingerprint_bit_227,-0.056193299296460116
22,drug_fingerprint_bit_255,-0.05934317273801599
22,drug_double_bonds_sum_fullmolecularfeaturizer,-0.06338588816440857
22,drug_fingerprint_bit_91,-0.06564453264314438
22,poly_molecular_weight_sum_fullpolymerfeaturizer,-0.06985192732902948
22,drug_num_aliphatic_heterocycles_sum_fullmolecularfeaturizer,-0.06995660843404489
22,drug_fingerprint_bit_129,-0.07370223458410217
22,drug_fingerprint_bit_241,-0.07444802460830549
22,drug_fingerprint_bit_29,-0.07512415684683252
22,drug_fingerprint_bit_118,-0.07687711524338428
22,fingerprint_H_bit_54,-0.08098922897144165
22,WATER_PH,-0.08099152972662552
22,drug_fingerprint_bit_143,-0.10515071325367428
22,poly_topological_surface_area_sum_fullpolymerfeaturizer,-0.10749344488515833
22,fingerprint_H_bit_39,-0.11467727950957436
22,drug_fingerprint_bit_30,-0.11688211681070362
22,drug_max_estate_index_sum_fullmolecularfeaturizer,-0.11738333520605229
22,drug_fingerprint_bit_1,-0.12317382151980168
22,poly_single_bonds_sum_fullpolymerfeaturizer,-0.1245724783866555
22,drug_fingerprint_bit_168,-0.12647227702478317
22,drug_fingerprint_bit_138,-0.1324368912082581
22,drug_fingerprint_bit_242,-0.1332897577830185
22,drug_fingerprint_bit_40,-0.14179836493524411
22,drug_fingerprint_bit_131,-0.15188643483981168
22,drug_max_ring_size_sum_fullmolecularfeaturizer,-0.16101234492311622
22,CONCENTRATION,-0.17642045215437152
22,fingerprint_H_bit_138,-0.17704184564972966
22,drug_slogp_vsa1_sum_fullmolecularfeaturizer,-0.1869044258727219
22,drug_fingerprint_bit_93,-0.19146523228500628
22,drug_fingerprint_bit_4,-0.1923827016461099
22,poly_num_hbond_acceptors_sum_fullpolymerfeaturizer,-0.19844699770179888
22,drug_fingerprint_bit_111,-0.20083531440808058
22,drug_fingerprint_bit_228,-0.2043892468377389
22,drug_fingerprint_bit_72,-0.21559651260002877
22,fingerprint_H_bit_125,-0.2186877370244061
22,drug_fingerprint_bit_113,-0.2283857470528575
22,drug_fingerprint_bit_163,-0.23040874856494678
22,drug_fingerprint_bit_243,-0.24004831853268913
22,fingerprint_H_bit_120,-0.24731243319487575
22,fingerprint_H_bit_236,-0.2717112948193786
22,poly_num_rings_sum_fullpolymerfeaturizer,-0.27265704307193095
22,poly_num_hbond_donors_sum_backbonefeaturizer,-0.2828129182562786
22,drug_fingerprint_bit_213,-0.3114807136828866
22,drug_fingerprint_bit_45,-0.32128560859936933
22,drug_sp2_carbon_count_sum_fullmolecularfeaturizer,-0.3237896249034877
22,drug_fingerprint_bit_196,-0.3371122762110425
22,fingerprint_H_bit_42,-0.3706196497028841
22,drug_fingerprint_bit_107,-0.4252042290793266
22,drug_fingerprint_bit_128,-0.4252794881196908
22,drug_charge_at_WATER_PH,-0.4280105540289741
22,charge_at_WATER_PH_H,-0.43075682751081235
22,poly_max_estate_index_sum_fullpolymerfeaturizer,-0.4414441176201489
22,drug_fingerprint_bit_133,-0.44547975921685623
22,poly_heteroatom_count_sum_fullpolymerfeaturizer,-0.47659286216010177
22,drug_fingerprint_bit_200,-0.502603093850796
22,fingerprint_H_bit_33,-0.5150022660581551
22,fingerprint_H_bit_1,-0.5393248415345425
22,drug_fingerprint_bit_186,-0.5492928264198225
22,poly_num_rings_sum_backbonefeaturizer,-0.5538288940712822
22,poly_num_hbond_donors_sum_fullpolymerfeaturizer,-0.5656168941863305
22,logp_H,-0.5715143675325083
22,drug_fingerprint_bit_237,-0.5845842249986786
22,drug_fingerprint_bit_233,-0.5887262767981778
22,drug_fingerprint_bit_64,-0.5977721608810845
22,poly_balaban_j_index_sum_backbonefeaturizer,-0.6560085935449387
22,drug_fingerprint_bit_175,-0.6784930998904034
22,poly_balaban_j_index_sum_fullpolymerfeaturizer,-0.7923269100781789
22,fingerprint_H_bit_122,-0.9299894334634714
22,drug_num_rotatable_bonds_sum_fullmolecularfeaturizer,-0.9422011938179857
22,drug_fingerprint_bit_151,-0.9511631233816005
22,fingerprint_H_bit_18,-1.1199951898668805
22,poly_sp2_carbon_count_sum_fullpolymerfeaturizer,-1.1933952342568273
22,fingerprint_H_bit_233,-1.2412747466746434
22,fingerprint_H_bit_183,-1.4211519448393315
22,drug_fingerprint_bit_119,-1.4557798022793456
22,poly_num_atoms_sum_fullpolymerfeaturizer,-1.4614920583454385
22,drug_fingerprint_bit_88,-1.5328815486357354
22,fingerprint_H_bit_186,-1.9096981090311782
22,drug_fingerprint_bit_33,-1.9983578299464195
22,fingerprint_H_bit_98,-2.112019315367365
22,drug_fingerprint_bit_224,-2.2720366422780223
22,fingerprint_H_bit_66,-2.8741033798764746
22,drug_fingerprint_bit_108,-3.8134467950395594
23,drug_fingerprint_bit_98,5.616196395649205
23,drug_fingerprint_bit_190,4.734587106267166
23,poly_num_rings_sum_backbonefeaturizer,4.049708313084886
23,fingerprint_H_bit_80,3.2781685677581
23,logd_at_WATER_PH_H,3.2306347752077116
23,poly_num_hbond_acceptors_sum_backbonefeaturizer,2.4243534031609366
23,fingerprint_H_bit_1,2.325830835198522
23,poly_sp2_carbon_count_sum_backbonefeaturizer,2.21945100009088
23,fingerprint_H_bit_85,2.1522951315938434
23,fingerprint_H_bit_120,1.903231373627634
23,poly_smr_vsa5_sum_backbonefeaturizer,1.7482890522740724
23,poly_heteroatom_density_sidechainfeaturizer_sum,1.6647997427093713
23,poly_max_estate_index_sidechainfeaturizer_sum,1.604826370562946
23,drug_fingerprint_bit_42,1.5545641186946457
23,fingerprint_H_bit_45,1.4330658852902156
23,fingerprint_H_bit_128,1.4013630296306492
23,homo_eV_H,1.3863124031208922
23,fingerprint_H_bit_48,1.3721556051587116
23,fingerprint_H_bit_237,1.2754227720512306
23,poly_sp2_carbon_count_sidechainfeaturizer_sum,1.2606894203014458
23,poly_balaban_j_index_sidechainfeaturizer_sum,1.254272933470715
23,fingerprint_H_bit_28,1.2290954360662287
23,fingerprint_H_bit_236,1.2182534380564805
23,drug_fingerprint_bit_223,1.2137780072772435
23,poly_num_aromatic_rings_sum_backbonefeaturizer,1.2066473119553922
23,fingerprint_H_bit_214,1.2023811954691106
23,poly_fp_density_morgan1_sum_backbonefeaturizer,1.169258618052795
23,poly_num_hbond_donors_sum_backbonefeaturizer,1.112832962784615
23,fingerprint_H_bit_113,1.110827735327405
23,poly_num_aromatic_rings_sidechainfeaturizer_sum,1.0702822158707808
23,fingerprint_H_bit_197,1.0619113780593166
23,fingerprint_H_bit_56,1.0311721915925867
23,fingerprint_H_bit_84,0.9995111219984294
23,fingerprint_H_bit_139,0.9956233737038269
23,poly_num_rotatable_bonds_sum_backbonefeaturizer,0.994044697850903
23,fingerprint_H_bit_182,0.9877846164445679
23,fingerprint_H_bit_222,0.9845835650258614
23,poly_sp3_carbon_count_sum_backbonefeaturizer,0.9773940539617864
23,fingerprint_H_bit_53,0.9126194640631227
23,fingerprint_H_bit_159,0.9054910594619824
23,fingerprint_H_bit_58,0.8889729341489977
23,fingerprint_H_bit_78,0.8748955830997881
23,fingerprint_H_bit_33,0.8609954368288697
23,fingerprint_H_bit_100,0.8552849779735945
23,poly_molecular_weight_sum_backbonefeaturizer,0.8498802440553125
23,poly_max_ring_size_sum_backbonefeaturizer,0.8215211474036757
23,poly_num_rings_sidechainfeaturizer_sum,0.7963816845655857
23,fingerprint_H_bit_167,0.7942166849489212
23,drug_fingerprint_bit_218,0.7522144748384761
23,poly_num_atoms_sidechainfeaturizer_sum,0.7441404106881004
23,poly_molecular_weight_sidechainfeaturizer_sum,0.6934433911130989
23,drug_fingerprint_bit_206,0.6794327469091723
23,fingerprint_H_bit_41,0.6790999866756656
23,poly_num_hbond_acceptors_sidechainfeaturizer_sum,0.6781049548251162
23,drug_fingerprint_bit_158,0.6626431762053023
23,fingerprint_H_bit_118,0.6476735949000147
23,poly_slogp_vsa1_sum_backbonefeaturizer,0.6430144106169907
23,poly_num_aromatic_rings_sum_fullpolymerfeaturizer,0.6389268753061987
23,fingerprint_H_bit_145,0.6311699500891356
23,poly_sp3_carbon_count_sum_fullpolymerfeaturizer,0.6041095243328621
23,fingerprint_H_bit_69,0.5758282254651345
23,drug_fingerprint_bit_147,0.5713056049211455
23,fingerprint_H_bit_232,0.5699679908976377
23,fingerprint_H_bit_119,0.5564920109280276
23,poly_topological_surface_area_sidechainfeaturizer_sum,0.555918600105499
23,drug_fingerprint_bit_159,0.5530345563421497
23,drug_fingerprint_bit_22,0.551820185262123
23,poly_slogp_vsa1_sum_fullpolymerfeaturizer,0.5506328057698995
23,poly_heteroatom_count_sidechainfeaturizer_sum,0.5499436953745466
23,drug_fingerprint_bit_36,0.5475166939877181
23,drug_bridging_rings_count_sum_fullmolecularfeaturizer,0.5390515537962088
23,fingerprint_H_bit_151,0.5251555219142883
23,logp_H,0.5234387457419831
23,drug_fingerprint_bit_188,0.5143210309343063
23,poly_topological_surface_area_sum_backbonefeaturizer,0.508111675205404
23,drug_fingerprint_bit_115,0.49094969011123396
23,poly_fp_density_morgan1_sum_fullpolymerfeaturizer,0.48966976273636015
23,drug_fingerprint_bit_189,0.4827518842181024
23,drug_fingerprint_bit_167,0.4752485559711155
23,drug_fingerprint_bit_160,0.47088964132687827
23,drug_fingerprint_bit_52,0.4610492395928424
23,drug_fingerprint_bit_155,0.4584829765502902
23,drug_fingerprint_bit_165,0.45051157543466747
23,drug_fingerprint_bit_72,0.4363713399503573
23,drug_fingerprint_bit_164,0.431296471316615
23,drug_fingerprint_bit_177,0.4297428675393835
23,fingerprint_H_bit_186,0.42470700567429853
23,fingerprint_H_bit_81,0.42452378479783
23,poly_max_ring_size_sum_fullpolymerfeaturizer,0.42371260073447886
23,poly_sp3_carbon_count_sidechainfeaturizer_sum,0.42108404165817737
23,drug_fingerprint_bit_183,0.40011644051984646
23,poly_fp_density_morgan1_sidechainfeaturizer_sum,0.39928334718296343
23,poly_heteroatom_density_sum_fullpolymerfeaturizer,0.38830283647852604
23,drug_fingerprint_bit_141,0.38697520471200747
23,drug_fingerprint_bit_3,0.3795950934378842
23,drug_heteroatom_density_sum_fullmolecularfeaturizer,0.3760702167327032
23,drug_num_aromatic_rings_sum_fullmolecularfeaturizer,0.37341985220511165
23,drug_fingerprint_bit_73,0.37048947558996853
23,poly_smr_vsa5_sidechainfeaturizer_sum,0.3661704553956919
23,poly_max_ring_size_sidechainfeaturizer_sum,0.3517554398852874
23,fingerprint_H_bit_37,0.34540874947057976
23,drug_fingerprint_bit_201,0.3421533550279713
23,lumo_eV_H,0.34190462434311286
23,poly_smr_vsa5_sum_fullpolymerfeaturizer,0.3411380579159154
23,fingerprint_H_bit_213,0.34084760555995997
23,drug_fingerprint_bit_213,0.32511555869083725
23,drug_logp,0.3196234200813131
23,drug_chlorine_count_sum_fullmolecularfeaturizer,0.3189824455586683
23,drug_fingerprint_bit_250,0.31817371658448007
23,drug_num_hbond_acceptors_sum_fullmolecularfeaturizer,0.31154902081362856
23,drug_fingerprint_bit_130,0.31127386566185317
23,drug_fingerprint_bit_184,0.3084590475151839
23,drug_homo_eV,0.3078424302891762
23,fingerprint_H_bit_204,0.29780983449933796
23,poly_single_bonds_sidechainfeaturizer_sum,0.29737278513433235
23,poly_sp2_carbon_count_sum_fullpolymerfeaturizer,0.2946637648767537
23,drug_fingerprint_bit_24,0.280229070902657
23,drug_fingerprint_bit_0,0.2786339267297699
23,drug_fingerprint_bit_11,0.2782510636345163
23,fingerprint_H_bit_121,0.2760077395296691
23,drug_balaban_j_index_sum_fullmolecularfeaturizer,0.2755886499550806
23,drug_fingerprint_bit_185,0.2736689230598651
23,drug_fingerprint_bit_126,0.2736331108362905
23,drug_heteroatom_count_sum_fullmolecularfeaturizer,0.26975512000613033
23,drug_fingerprint_bit_227,0.2673129829190724
23,poly_balaban_j_index_sum_fullpolymerfeaturizer,0.266978290834312
23,fingerprint_H_bit_217,0.2661829507918068
23,drug_fingerprint_bit_106,0.2647291976723957
23,drug_fingerprint_bit_15,0.25827522358452754
23,drug_fingerprint_bit_237,0.25714146835259705
23,drug_fingerprint_bit_211,0.2571341820983313
23,drug_fingerprint_bit_18,0.25632049187447387
23,drug_fingerprint_bit_63,0.2559940016302324
23,drug_fingerprint_bit_12,0.2559404907016147
23,poly_num_rotatable_bonds_sum_fullpolymerfeaturizer,0.25556278113864805
23,drug_fingerprint_bit_205,0.2546266288148951
23,drug_smr_vsa5_sum_fullmolecularfeaturizer,0.2519572858162061
23,poly_num_rings_sum_fullpolymerfeaturizer,0.2489785367432344
23,drug_fingerprint_bit_203,0.24086612361444046
23,drug_fingerprint_bit_77,0.23971727675904622
23,drug_fingerprint_bit_139,0.23955400419999603
23,drug_fingerprint_bit_99,0.23552407181052226
23,drug_fingerprint_bit_50,0.23291666414619203
23,drug_fingerprint_bit_75,0.22981526339457328
23,drug_fingerprint_bit_253,0.2239822188221225
23,drug_sp3_carbon_count_sum_fullmolecularfeaturizer,0.21743961631035824
23,drug_lumo_eV,0.21254475522670438
23,fingerprint_H_bit_27,0.2124806320710943
23,drug_fingerprint_bit_249,0.20986578759385013
23,drug_fingerprint_bit_81,0.20682836993654113
23,drug_fingerprint_bit_216,0.20631095957164045
23,fingerprint_H_bit_245,0.20612370304606578
23,drug_fingerprint_bit_118,0.20572234066928768
23,drug_total_halogens_sum_fullmolecularfeaturizer,0.2029238615637016
23,drug_fingerprint_bit_28,0.19850189502265606
23,drug_num_hbond_donors_sum_fullmolecularfeaturizer,0.19785847975468096
23,drug_fingerprint_bit_30,0.1973835872069132
23,drug_fingerprint_bit_181,0.19733715001139895
23,drug_fingerprint_bit_71,0.18889758340193857
23,drug_fingerprint_bit_251,0.17936506893829515
23,poly_double_bonds_sidechainfeaturizer_sum,0.17592894101838213
23,poly_double_bonds_sum_backbonefeaturizer,0.17118372080720654
23,drug_fingerprint_bit_69,0.17005361644997766
23,fingerprint_H_bit_89,0.16999427812770243
23,drug_fingerprint_bit_170,0.1680486434610434
23,drug_fingerprint_bit_196,0.16605923405628437
23,drug_fingerprint_bit_10,0.1601272523504809
23,drug_fingerprint_bit_105,0.15838140255373329
23,drug_num_rings_sum_fullmolecularfeaturizer,0.1561876857574333
23,drug_fingerprint_bit_122,0.15487825108370776
23,drug_fingerprint_bit_39,0.15357135825476265
23,drug_fingerprint_bit_150,0.1522114697129648
23,drug_fingerprint_bit_212,0.15118962691016444
23,poly_heteroatom_density_sum_backbonefeaturizer,0.14970933106958917
23,drug_fingerprint_bit_197,0.1493164723612534
23,drug_fraction_bicyclic_rings_sum_fullmolecularfeaturizer,0.1483189334516811
23,fingerprint_H_bit_162,0.14801514299934412
23,poly_balaban_j_index_sum_backbonefeaturizer,0.1476939851501903
23,drug_fingerprint_bit_142,0.14552279076216387
23,drug_fingerprint_bit_229,0.14434005604349828
23,fingerprint_H_bit_52,0.1374836880572614
23,drug_fingerprint_bit_125,0.13541601168860917
23,drug_topological_surface_area_sum_fullmolecularfeaturizer,0.1315967414552453
23,drug_fingerprint_bit_161,0.12866094215703563
23,drug_fingerprint_bit_5,0.1236565796575142
23,fingerprint_H_bit_147,0.12250514789183956
23,drug_fingerprint_bit_247,0.12191913945925456
23,drug_num_aliphatic_heterocycles_sum_fullmolecularfeaturizer,0.12039015702159661
23,drug_fingerprint_bit_246,0.11860038181650275
23,drug_fingerprint_bit_101,0.11810502267418502
23,drug_fingerprint_bit_153,0.11750137496976377
23,drug_fingerprint_bit_180,0.11737599695483489
23,drug_fingerprint_bit_103,0.11674220013939772
23,drug_fingerprint_bit_27,0.11594356964400376
23,drug_fingerprint_bit_35,0.11566116833908302
23,drug_fingerprint_bit_240,0.11494999935934039
23,fingerprint_H_bit_251,0.11182766476007634
23,fingerprint_H_bit_13,0.11087982399435405
23,drug_single_bonds_sum_fullmolecularfeaturizer,0.11050617992693511
23,drug_fingerprint_bit_120,0.10881409821673751
23,drug_fingerprint_bit_13,0.10742333681654415
23,drug_fingerprint_bit_202,0.10269121087668572
23,drug_fingerprint_bit_199,0.10251012178953704
23,drug_fingerprint_bit_173,0.10095351132666622
23,drug_fluorine_count_sum_fullmolecularfeaturizer,0.10060001757469857
23,drug_fingerprint_bit_44,0.10012477020356955
23,fingerprint_H_bit_227,0.0990842756637256
23,poly_num_rotatable_bonds_sidechainfeaturizer_sum,0.0988002652701518
23,fingerprint_H_bit_226,0.09781915495870648
23,drug_fingerprint_bit_109,0.09540913563290229
23,fingerprint_H_bit_63,0.09505263092779626
23,drug_fingerprint_bit_23,0.09452834723248324
23,fingerprint_H_bit_212,0.09284589715519811
23,poly_slogp_vsa1_sidechainfeaturizer_sum,0.09202850711705182
23,drug_fingerprint_bit_149,0.0884029592731487
23,drug_fingerprint_bit_93,0.08608423465753365
23,drug_fingerprint_bit_83,0.08602781545804812
23,drug_fingerprint_bit_41,0.08534758783230419
23,drug_fingerprint_bit_6,0.08381814961614233
23,drug_fingerprint_bit_57,0.08198817413813408
23,drug_fingerprint_bit_146,0.0811069339436001
23,fingerprint_H_bit_18,0.08001653874204785
23,drug_fingerprint_bit_145,0.07657664344527822
23,drug_fingerprint_bit_19,0.07607607575468324
23,drug_fingerprint_bit_67,0.07489365520002692
23,drug_fingerprint_bit_76,0.0745492121264952
23,drug_fingerprint_bit_26,0.07346309315183164
23,drug_fingerprint_bit_137,0.07076495150849905
23,drug_fingerprint_bit_231,0.06843284357663153
23,drug_fingerprint_bit_32,0.06635542892778819
23,drug_fingerprint_bit_140,0.06553847106460979
23,drug_fingerprint_bit_70,0.06548008432410075
23,fingerprint_H_bit_70,0.06426475692817492
23,drug_fingerprint_bit_2,0.0639340708685697
23,drug_num_non_aromatic_rings_sum_fullmolecularfeaturizer,0.06384760279840858
23,drug_fingerprint_bit_114,0.0637039160484692
23,drug_fingerprint_bit_169,0.06289819904005281
23,drug_fingerprint_bit_95,0.06264901806397123
23,drug_fingerprint_bit_136,0.0612119080801396
23,drug_fingerprint_bit_127,0.060923570653150114
23,drug_fingerprint_bit_255,0.060404805306177
23,drug_fingerprint_bit_226,0.06005681658697528
23,drug_fingerprint_bit_236,0.05864313683543322
23,drug_fingerprint_bit_248,0.05689016440684267
23,drug_fingerprint_bit_90,0.05626688207054947
23,drug_fingerprint_bit_84,0.055841884061930795
23,fingerprint_H_bit_30,0.05491645600896321
23,drug_fingerprint_bit_252,0.0542022118073941
23,fingerprint_H_bit_158,0.051672426166985516
23,drug_fingerprint_bit_132,0.05027808098214721
23,drug_fingerprint_bit_116,0.050043687548901324
23,poly_double_bonds_sum_fullpolymerfeaturizer,0.0499227278490061
23,drug_fingerprint_bit_7,0.049665518214649054
23,drug_fingerprint_bit_31,0.048183777647139714
23,drug_fingerprint_bit_110,0.045642199603221856
23,drug_fingerprint_bit_152,0.04414925482529375
23,drug_fingerprint_bit_238,0.04269114209648155
23,drug_fingerprint_bit_82,0.041633551953219786
23,fingerprint_H_bit_112,0.041069592855433344
23,drug_fingerprint_bit_62,0.0396764964774687
23,drug_fingerprint_bit_179,0.03923168849018998
23,drug_fingerprint_bit_172,0.03817732865893936
23,drug_fingerprint_bit_135,0.03708991565725787
23,fingerprint_H_bit_216,0.0363097271780207
23,fingerprint_H_bit_219,0.03521794628429225
23,drug_fingerprint_bit_144,0.034421555692874674
23,drug_fingerprint_bit_204,0.03440143315475134
23,drug_fingerprint_bit_156,0.03303424653775882
23,drug_fingerprint_bit_239,0.03280741385053549
23,fingerprint_H_bit_185,0.03280719348274718
23,fingerprint_H_bit_65,0.03197535044957583
23,fingerprint_H_bit_131,0.03060187807040416
23,drug_fingerprint_bit_34,0.02935965357573547
23,drug_num_atoms_sum_fullmolecularfeaturizer,0.029198284814107207
23,poly_num_aliphatic_heterocycles_sum_backbonefeaturizer,0.02807581117348006
23,drug_fingerprint_bit_210,0.02783905031212174
23,fingerprint_H_bit_68,0.026955946901951005
23,drug_fingerprint_bit_59,0.0244772700309947
23,drug_fingerprint_bit_96,0.023881589392602733
23,poly_num_non_aromatic_rings_sum_fullpolymerfeaturizer,0.02374185504348279
23,drug_fingerprint_bit_46,0.023386829132342614
23,drug_fingerprint_bit_191,0.023246493833168926
23,fingerprint_H_bit_26,0.022773169592292686
23,drug_fingerprint_bit_48,0.022684158997986353
23,drug_fingerprint_bit_97,0.022490392706912197
23,drug_fingerprint_bit_241,0.0221937245468151
23,drug_fingerprint_bit_14,0.021021158871364267
23,drug_fingerprint_bit_187,0.02067378628131889
23,drug_fingerprint_bit_20,0.020011114714546318
23,fingerprint_H_bit_114,0.019603546565488423
23,poly_num_non_aromatic_rings_sum_backbonefeaturizer,0.019501556044532495
23,fingerprint_H_bit_174,0.01908231568544864
23,fingerprint_H_bit_106,0.01886240603288159
23,drug_fingerprint_bit_100,0.017870326083441402
23,drug_fingerprint_bit_162,0.016997649024911892
23,drug_fingerprint_bit_61,0.016483701747272556
23,poly_max_estate_index_sum_backbonefeaturizer,0.01495017403297323
23,drug_fingerprint_bit_154,0.014491102684058883
23,drug_fingerprint_bit_16,0.0142440467999044
23,drug_fingerprint_bit_208,0.014238386444546367
23,drug_fingerprint_bit_178,0.013706860373989478
23,poly_num_aliphatic_heterocycles_sum_fullpolymerfeaturizer,0.013300932246037397
23,drug_fingerprint_bit_121,0.012368475401977079
23,drug_fingerprint_bit_85,0.01213449749151184
23,drug_fingerprint_bit_117,0.00976668152907349
23,drug_fingerprint_bit_56,0.009128791677228751
23,drug_fingerprint_bit_37,0.008939216422565486
23,drug_fingerprint_bit_104,0.008189569291803494
23,fingerprint_H_bit_34,0.007603674766764109
23,drug_fingerprint_bit_66,0.007435802178611014
23,drug_fingerprint_bit_182,0.00722656718574998
23,drug_fp_density_morgan1_sum_fullmolecularfeaturizer,0.006981074979867501
23,fingerprint_H_bit_116,0.006779186935553715
23,fingerprint_H_bit_46,0.005129101955451203
23,drug_fingerprint_bit_60,0.004747429864428577
23,drug_fingerprint_bit_78,0.004506166491426489
23,drug_fingerprint_bit_245,0.0034022926899799255
23,drug_fingerprint_bit_134,0.0028737079165143476
23,drug_molecular_weight_sum_fullmolecularfeaturizer,0.0027871298286393687
23,drug_fingerprint_bit_235,0.0026083301999926317
23,drug_fingerprint_bit_38,0.0012135321679436761
23,fingerprint_H_bit_144,0.001175935499566848
23,drug_fingerprint_bit_65,0.0006706414481190301
23,fingerprint_H_bit_224,0.0006611483363052598
23,fingerprint_H_bit_155,0.0006420686915938719
23,drug_fingerprint_bit_74,0.0005090855405366193
23,drug_fingerprint_bit_129,0.00038553748803235984
23,drug_fingerprint_bit_25,0.0003528877983991406
23,fingerprint_H_bit_164,0.0002503719729978006
23,drug_fingerprint_bit_133,7.254907917231863e-05
23,drug_fingerprint_bit_102,0.0
23,fingerprint_H_bit_192,0.0
23,fingerprint_H_bit_215,0.0
23,drug_fingerprint_bit_176,0.0
23,drug_fingerprint_bit_89,0.0
23,drug_fingerprint_bit_87,0.0
23,fingerprint_H_bit_211,0.0
23,drug_fingerprint_bit_54,0.0
23,drug_fingerprint_bit_68,0.0
23,fingerprint_H_bit_199,0.0
23,fingerprint_H_bit_198,0.0
23,fingerprint_H_bit_196,0.0
23,fingerprint_H_bit_181,0.0
23,fingerprint_H_bit_184,0.0
23,drug_fingerprint_bit_195,0.0
23,fingerprint_H_bit_194,0.0
23,fingerprint_H_bit_193,0.0
23,drug_fingerprint_bit_198,0.0
23,fingerprint_H_bit_187,0.0
23,fingerprint_H_bit_188,0.0
23,fingerprint_H_bit_189,0.0
23,fingerprint_H_bit_190,0.0
23,fingerprint_H_bit_191,0.0
23,fingerprint_H_bit_195,0.0
23,fingerprint_H_bit_154,0.0
23,fingerprint_H_bit_153,0.0
23,fingerprint_H_bit_152,0.0
23,fingerprint_H_bit_150,0.0
23,fingerprint_H_bit_149,0.0
23,fingerprint_H_bit_148,0.0
23,fingerprint_H_bit_146,0.0
23,fingerprint_H_bit_60,0.0
23,fingerprint_H_bit_59,0.0
23,fingerprint_H_bit_8,0.0
23,fingerprint_H_bit_115,0.0
23,drug_triple_bonds_sum_fullmolecularfeaturizer,0.0
23,drug_iodine_count_sum_fullmolecularfeaturizer,0.0
23,drug_bromine_count_sum_fullmolecularfeaturizer,0.0
23,fingerprint_H_bit_179,0.0
23,fingerprint_H_bit_255,0.0
23,fingerprint_H_bit_254,0.0
23,fingerprint_H_bit_253,0.0
23,fingerprint_H_bit_252,0.0
23,fingerprint_H_bit_250,0.0
23,fingerprint_H_bit_55,0.0
23,drug_fingerprint_bit_166,0.0
23,drug_fingerprint_bit_157,0.0
23,fingerprint_H_bit_62,0.0
23,fingerprint_H_bit_163,0.0
23,fingerprint_H_bit_3,0.0
23,fingerprint_H_bit_4,0.0
23,drug_fingerprint_bit_221,0.0
23,drug_fingerprint_bit_220,0.0
23,fingerprint_H_bit_23,0.0
23,fingerprint_H_bit_21,0.0
23,fingerprint_H_bit_142,0.0
23,fingerprint_H_bit_141,0.0
23,fingerprint_H_bit_140,0.0
23,fingerprint_H_bit_137,0.0
23,fingerprint_H_bit_136,0.0
23,fingerprint_H_bit_135,0.0
23,fingerprint_H_bit_132,0.0
23,fingerprint_H_bit_111,0.0
23,fingerprint_H_bit_110,0.0
23,fingerprint_H_bit_109,0.0
23,fingerprint_H_bit_180,0.0
23,fingerprint_H_bit_178,0.0
23,fingerprint_H_bit_177,0.0
23,fingerprint_H_bit_176,0.0
23,fingerprint_H_bit_173,0.0
23,fingerprint_H_bit_156,0.0
23,fingerprint_H_bit_171,0.0
23,fingerprint_H_bit_170,0.0
23,fingerprint_H_bit_169,0.0
23,fingerprint_H_bit_168,0.0
23,fingerprint_H_bit_166,0.0
23,fingerprint_H_bit_165,0.0
23,fingerprint_H_bit_51,0.0
23,fingerprint_H_bit_50,0.0
23,fingerprint_H_bit_49,0.0
23,fingerprint_H_bit_47,0.0
23,drug_fingerprint_bit_123,0.0
23,drug_fingerprint_bit_112,0.0
23,fingerprint_H_bit_161,0.0
23,fingerprint_H_bit_160,0.0
23,fingerprint_H_bit_157,0.0
23,fingerprint_H_bit_172,0.0
23,fingerprint_H_bit_88,0.0
23,fingerprint_H_bit_87,0.0
23,fingerprint_H_bit_86,0.0
23,fingerprint_H_bit_83,0.0
23,fingerprint_H_bit_82,0.0
23,poly_total_halogens_sidechainfeaturizer_sum,0.0
23,poly_num_aliphatic_heterocycles_sidechainfeaturizer_sum,0.0
23,poly_fraction_bicyclic_rings_sidechainfeaturizer_sum,0.0
23,poly_num_non_aromatic_rings_sidechainfeaturizer_sum,0.0
23,poly_bridging_rings_count_sum_fullpolymerfeaturizer,0.0
23,poly_triple_bonds_sum_fullpolymerfeaturizer,0.0
23,poly_iodine_count_sum_fullpolymerfeaturizer,0.0
23,poly_bromine_count_sum_fullpolymerfeaturizer,0.0
23,poly_chlorine_count_sum_fullpolymerfeaturizer,0.0
23,fingerprint_H_bit_24,0.0
23,poly_total_halogens_sum_fullpolymerfeaturizer,0.0
23,fingerprint_H_bit_238,0.0
23,fingerprint_H_bit_235,0.0
23,fingerprint_H_bit_234,0.0
23,fingerprint_H_bit_40,0.0
23,fingerprint_H_bit_36,0.0
23,fingerprint_H_bit_35,0.0
23,fingerprint_H_bit_31,0.0
23,fingerprint_H_bit_29,0.0
23,poly_bromine_count_sidechainfeaturizer_sum,0.0
23,poly_chlorine_count_sidechainfeaturizer_sum,0.0
23,poly_fluorine_count_sidechainfeaturizer_sum,0.0
23,fingerprint_H_bit_20,0.0
23,fingerprint_H_bit_19,0.0
23,fingerprint_H_bit_17,0.0
23,poly_fluorine_count_sum_fullpolymerfeaturizer,0.0
23,fingerprint_H_bit_117,0.0
23,fingerprint_H_bit_0,0.0
23,fingerprint_H_bit_5,0.0
23,fingerprint_H_bit_6,0.0
23,fingerprint_H_bit_2,0.0
23,fingerprint_H_bit_22,0.0
23,fingerprint_H_bit_44,0.0
23,fingerprint_H_bit_43,0.0
23,fingerprint_H_bit_124,0.0
23,fingerprint_H_bit_241,0.0
23,fingerprint_H_bit_240,0.0
23,drug_fingerprint_bit_244,0.0
23,drug_fingerprint_bit_234,0.0
23,drug_fingerprint_bit_232,0.0
23,drug_fingerprint_bit_254,0.0
23,fingerprint_H_bit_90,0.0
23,fingerprint_H_bit_249,0.0
23,fingerprint_H_bit_248,0.0
23,fingerprint_H_bit_247,0.0
23,fingerprint_H_bit_246,0.0
23,fingerprint_H_bit_244,0.0
23,fingerprint_H_bit_243,0.0
23,fingerprint_H_bit_242,0.0
23,poly_fraction_bicyclic_rings_sum_fullpolymerfeaturizer,0.0
23,fingerprint_H_bit_97,0.0
23,fingerprint_H_bit_96,0.0
23,fingerprint_H_bit_95,0.0
23,fingerprint_H_bit_94,0.0
23,fingerprint_H_bit_93,0.0
23,fingerprint_H_bit_92,0.0
23,fingerprint_H_bit_91,0.0
23,fingerprint_H_bit_122,0.0
23,fingerprint_H_bit_230,0.0
23,fingerprint_H_bit_229,0.0
23,fingerprint_H_bit_228,0.0
23,fingerprint_H_bit_225,0.0
23,fingerprint_H_bit_223,0.0
23,fingerprint_H_bit_221,0.0
23,fingerprint_H_bit_220,0.0
23,fingerprint_H_bit_210,0.0
23,fingerprint_H_bit_209,0.0
23,fingerprint_H_bit_208,0.0
23,fingerprint_H_bit_206,0.0
23,fingerprint_H_bit_203,0.0
23,fingerprint_H_bit_202,0.0
23,fingerprint_H_bit_201,0.0
23,fingerprint_H_bit_16,0.0
23,drug_fingerprint_bit_21,0.0
23,drug_fingerprint_bit_17,0.0
23,drug_fingerprint_bit_9,0.0
23,fingerprint_H_bit_105,0.0
23,fingerprint_H_bit_104,0.0
23,fingerprint_H_bit_103,0.0
23,fingerprint_H_bit_102,0.0
23,fingerprint_H_bit_101,0.0
23,fingerprint_H_bit_99,0.0
23,fingerprint_H_bit_130,0.0
23,fingerprint_H_bit_129,0.0
23,fingerprint_H_bit_127,0.0
23,fingerprint_H_bit_126,0.0
23,drug_fingerprint_bit_209,0.0
23,drug_fingerprint_bit_51,0.0
23,fingerprint_H_bit_200,0.0
23,fingerprint_H_bit_15,0.0
23,fingerprint_H_bit_14,0.0
23,fingerprint_H_bit_12,0.0
23,fingerprint_H_bit_11,0.0
23,fingerprint_H_bit_10,0.0
23,fingerprint_H_bit_9,0.0
23,drug_fingerprint_bit_217,0.0
23,drug_fingerprint_bit_215,0.0
23,fingerprint_H_bit_108,0.0
23,fingerprint_H_bit_107,0.0
23,fingerprint_H_bit_77,0.0
23,fingerprint_H_bit_76,0.0
23,fingerprint_H_bit_75,0.0
23,fingerprint_H_bit_74,0.0
23,fingerprint_H_bit_73,0.0
23,fingerprint_H_bit_231,0.0
23,fingerprint_H_bit_71,0.0
23,poly_bridging_rings_count_sidechainfeaturizer_sum,0.0
23,poly_triple_bonds_sidechainfeaturizer_sum,0.0
23,poly_iodine_count_sidechainfeaturizer_sum,0.0
23,fingerprint_H_bit_239,0.0
23,poly_bridging_rings_count_sum_backbonefeaturizer,0.0
23,poly_triple_bonds_sum_backbonefeaturizer,0.0
23,poly_iodine_count_sum_backbonefeaturizer,0.0
23,poly_bromine_count_sum_backbonefeaturizer,0.0
23,poly_chlorine_count_sum_backbonefeaturizer,0.0
23,poly_fluorine_count_sum_backbonefeaturizer,0.0
23,poly_total_halogens_sum_backbonefeaturizer,0.0
23,poly_fraction_bicyclic_rings_sum_backbonefeaturizer,0.0
23,fingerprint_H_bit_79,0.0
23,fingerprint_H_bit_25,0.0
23,fingerprint_H_bit_72,0.0
23,drug_fingerprint_bit_171,-0.00013092496988971667
23,drug_fingerprint_bit_222,-0.0002843078355285189
23,fingerprint_H_bit_175,-0.0007739885823789498
23,fingerprint_H_bit_134,-0.0013106347347779002
23,drug_fingerprint_bit_79,-0.0015244886445284853
23,fingerprint_H_bit_54,-0.003524195420749562
23,drug_max_ring_size_sum_fullmolecularfeaturizer,-0.006502433922192554
23,drug_fingerprint_bit_92,-0.008910526140271975
23,fingerprint_H_bit_61,-0.014697880839193465
23,fingerprint_H_bit_32,-0.02012382253523633
23,drug_fingerprint_bit_29,-0.020364802128431985
23,drug_fingerprint_bit_194,-0.0294816880237558
23,drug_sp2_carbon_count_sum_fullmolecularfeaturizer,-0.029504763697389597
23,drug_fingerprint_bit_225,-0.029861431013924
23,drug_fingerprint_bit_242,-0.029990637910012045
23,drug_fingerprint_bit_148,-0.03024395535359664
23,drug_fingerprint_bit_192,-0.03376920334996414
23,drug_fingerprint_bit_55,-0.034531771623425876
23,drug_fingerprint_bit_80,-0.0390291815530033
23,drug_fingerprint_bit_124,-0.040471291045161555
23,poly_single_bonds_sum_fullpolymerfeaturizer,-0.042685121347376336
23,drug_fingerprint_bit_174,-0.04399174107403449
23,drug_fingerprint_bit_53,-0.045715576253238174
23,drug_double_bonds_sum_fullmolecularfeaturizer,-0.04615533847763825
23,drug_fingerprint_bit_143,-0.04639724301417061
23,fingerprint_H_bit_143,-0.04654801841975163
23,fingerprint_H_bit_7,-0.05124874921697248
23,poly_single_bonds_sum_backbonefeaturizer,-0.05417040999026453
23,drug_logd_at_WATER_PH,-0.0549651838480034
23,drug_fingerprint_bit_8,-0.058590726703589106
23,drug_max_estate_index_sum_fullmolecularfeaturizer,-0.06085176606336266
23,drug_fingerprint_bit_49,-0.06574102678421934
23,drug_fingerprint_bit_86,-0.07376851181625535
23,drug_fingerprint_bit_91,-0.07401250746657735
23,drug_fingerprint_bit_193,-0.0751818764236649
23,fingerprint_H_bit_123,-0.07535506226234023
23,drug_fingerprint_bit_131,-0.07793603474270762
23,fingerprint_H_bit_218,-0.07955756032407998
23,drug_fingerprint_bit_230,-0.0809951216750524
23,drug_fingerprint_bit_94,-0.08207380867910886
23,fingerprint_H_bit_38,-0.08335085600485984
23,poly_num_hbond_donors_sum_fullpolymerfeaturizer,-0.09195382308142541
23,drug_fingerprint_bit_219,-0.09525805560859227
23,fingerprint_H_bit_207,-0.0974368990127137
23,drug_fingerprint_bit_58,-0.09909370066021496
23,fingerprint_H_bit_133,-0.09926389210199273
23,drug_fingerprint_bit_40,-0.10335018813985342
23,drug_fingerprint_bit_113,-0.10876079223941792
23,drug_slogp_vsa1_sum_fullmolecularfeaturizer,-0.11160602962920116
23,drug_fingerprint_bit_43,-0.11253672728602014
23,drug_fingerprint_bit_138,-0.113724992032881
23,drug_fingerprint_bit_228,-0.12393985607229639
23,drug_fingerprint_bit_168,-0.1251296974336222
23,poly_num_hbond_donors_sidechainfeaturizer_sum,-0.15167193989407732
23,fingerprint_H_bit_64,-0.16132902296492999
23,drug_fingerprint_bit_207,-0.17446252138948165
23,drug_fingerprint_bit_111,-0.1804562060592833
23,poly_heteroatom_count_sum_backbonefeaturizer,-0.1816119424058312
23,fingerprint_H_bit_39,-0.18907951161637707
23,drug_fingerprint_bit_1,-0.19669597346130382
23,drug_fingerprint_bit_45,-0.20834448097611244
23,drug_charge_at_WATER_PH,-0.2321321253310573
23,fingerprint_H_bit_138,-0.23489802942743113
23,drug_fingerprint_bit_233,-0.24089831442938903
23,fingerprint_H_bit_42,-0.2591958198881013
23,fingerprint_H_bit_183,-0.2717609526376354
23,drug_fingerprint_bit_214,-0.2885428118261221
23,WATER_PH,-0.35744417199360884
23,fingerprint_H_bit_125,-0.4082596498621894
23,drug_fingerprint_bit_163,-0.4084133946818381
23,drug_fingerprint_bit_186,-0.4128020435546465
23,drug_fingerprint_bit_175,-0.42430077869205884
23,drug_fingerprint_bit_4,-0.43790587119448127
23,drug_fingerprint_bit_88,-0.4801428400634108
23,drug_fingerprint_bit_243,-0.5102676573075592
23,drug_fingerprint_bit_64,-0.5472115321679855
23,fingerprint_H_bit_57,-0.5583001245058681
23,poly_topological_surface_area_sum_fullpolymerfeaturizer,-0.5789302684116443
23,poly_num_hbond_acceptors_sum_fullpolymerfeaturizer,-0.5958977941871082
23,CONCENTRATION,-0.6542584171816633
23,drug_fingerprint_bit_151,-0.6681999963792427
23,poly_heteroatom_count_sum_fullpolymerfeaturizer,-0.6839633015629056
23,drug_fingerprint_bit_128,-0.7352805864100296
23,drug_fingerprint_bit_47,-0.7443693496829479
23,charge_at_WATER_PH_H,-0.8026924184577108
23,fingerprint_H_bit_67,-0.8621644956902769
23,poly_max_estate_index_sum_fullpolymerfeaturizer,-0.9183883814708464
23,poly_num_atoms_sum_fullpolymerfeaturizer,-0.963948582098048
23,drug_fingerprint_bit_107,-0.9785787272722076
23,drug_fingerprint_bit_200,-0.9857020055036694
23,poly_molecular_weight_sum_fullpolymerfeaturizer,-1.135311890001876
23,drug_fingerprint_bit_224,-1.1782106640498182
23,drug_fingerprint_bit_108,-1.266451139875797
23,drug_num_rotatable_bonds_sum_fullmolecularfeaturizer,-1.28047717425764
23,drug_fingerprint_bit_33,-1.3274779672199644
23,poly_num_atoms_sum_backbonefeaturizer,-1.3448682465516366
23,drug_fingerprint_bit_119,-1.7889277593602162
23,fingerprint_H_bit_98,-1.9199095195927163
23,fingerprint_H_bit_66,-2.8560049439763158
23,fingerprint_H_bit_233,-3.5764677692671887
23,fingerprint_H_bit_205,-5.718046969252263
24,drug_fingerprint_bit_190,9.087225275385004
24,fingerprint_H_bit_2,8.939531546796935
24,drug_fingerprint_bit_98,8.380770720739639
24,fingerprint_H_bit_48,3.552116276210191
24,poly_num_hbond_acceptors_sum_backbonefeaturizer,3.297137744154751
24,fingerprint_H_bit_120,3.0660018216586264
24,fingerprint_H_bit_118,2.330173077546332
24,fingerprint_H_bit_218,1.9806081703974043
24,fingerprint_H_bit_214,1.9334408724028074
24,fingerprint_H_bit_236,1.69357279202246
24,poly_num_aromatic_rings_sum_backbonefeaturizer,1.592046549941148
24,poly_num_rings_sum_backbonefeaturizer,1.5599152990909546
24,fingerprint_H_bit_100,1.5202346000521474
24,drug_fingerprint_bit_223,1.4873402386467771
24,fingerprint_H_bit_113,1.4037014012115454
24,fingerprint_H_bit_204,1.3439632043106535
24,fingerprint_H_bit_147,1.2927574377931879
24,drug_fingerprint_bit_213,1.2544447053277534
24,fingerprint_H_bit_33,1.213897032751169
24,poly_sp2_carbon_count_sidechainfeaturizer_sum,1.2096357792982722
24,poly_max_ring_size_sum_fullpolymerfeaturizer,1.1863902736769496
24,fingerprint_H_bit_53,1.170465368674416
24,fingerprint_H_bit_128,1.1478706698681331
24,poly_heteroatom_density_sidechainfeaturizer_sum,1.0360971742442973
24,poly_num_rings_sidechainfeaturizer_sum,0.9965247630680923
24,poly_balaban_j_index_sidechainfeaturizer_sum,0.9860398248470995
24,drug_fingerprint_bit_147,0.975965056954243
24,poly_sp3_carbon_count_sum_backbonefeaturizer,0.967779577725335
24,fingerprint_H_bit_237,0.9543460072440854
24,fingerprint_H_bit_133,0.9282264711725331
24,fingerprint_H_bit_84,0.9216768043541327
24,fingerprint_H_bit_145,0.8814192184959764
24,fingerprint_H_bit_232,0.8754851020982419
24,poly_num_hbond_donors_sum_backbonefeaturizer,0.856357776496031
24,poly_num_atoms_sum_backbonefeaturizer,0.8550807490347548
24,drug_fingerprint_bit_73,0.750484991858795
24,fingerprint_H_bit_217,0.7485188460832243
24,fingerprint_H_bit_1,0.7424075744976391
24,fingerprint_H_bit_78,0.7335878895239556
24,drug_num_aromatic_rings_sum_fullmolecularfeaturizer,0.7267299099281498
24,poly_sp3_carbon_count_sidechainfeaturizer_sum,0.7120768699322187
24,drug_fingerprint_bit_218,0.6785127753553594
24,poly_double_bonds_sum_fullpolymerfeaturizer,0.6646620625257915
24,poly_fp_density_morgan1_sum_backbonefeaturizer,0.6552307602192748
24,poly_max_estate_index_sidechainfeaturizer_sum,0.6516736474271856
24,drug_fingerprint_bit_158,0.6090061953668994
24,poly_balaban_j_index_sum_fullpolymerfeaturizer,0.590035435816646
24,fingerprint_H_bit_45,0.577144976897198
24,poly_num_rings_sum_fullpolymerfeaturizer,0.5761711290962838
24,drug_fingerprint_bit_255,0.5717140690914813
24,fingerprint_H_bit_54,0.5684519103411197
24,drug_fingerprint_bit_180,0.5480326428740321
24,drug_heteroatom_density_sum_fullmolecularfeaturizer,0.5479378408141747
24,drug_fingerprint_bit_203,0.5338586929160609
24,drug_fingerprint_bit_125,0.5320675179531287
24,fingerprint_H_bit_167,0.5313701788007293
24,poly_num_aromatic_rings_sidechainfeaturizer_sum,0.5313275096678908
24,poly_max_ring_size_sum_backbonefeaturizer,0.5278724540991462
24,drug_fingerprint_bit_226,0.5271269207870796
24,fingerprint_H_bit_182,0.5174659669723244
24,poly_fp_density_morgan1_sidechainfeaturizer_sum,0.5144230857175409
24,drug_fingerprint_bit_159,0.5127774569440112
24,poly_num_hbond_donors_sidechainfeaturizer_sum,0.50075017787565
24,homo_eV_H,0.49974404459911514
24,poly_double_bonds_sum_backbonefeaturizer,0.4955123546685414
24,drug_fingerprint_bit_52,0.49290655843404674
24,drug_fingerprint_bit_36,0.4785244510564842
24,fingerprint_H_bit_58,0.46778451162859813
24,fingerprint_H_bit_183,0.46634028877303535
24,fingerprint_H_bit_69,0.46246398788577775
24,drug_fingerprint_bit_201,0.4592146430151311
24,drug_fingerprint_bit_160,0.45043298812123517
24,fingerprint_H_bit_251,0.45026060225007997
24,poly_sp2_carbon_count_sum_backbonefeaturizer,0.43323313271403174
24,drug_fingerprint_bit_188,0.4310873404354538
24,drug_lumo_eV,0.429008936267878
24,drug_fingerprint_bit_249,0.4265938407875026
24,drug_num_hbond_acceptors_sum_fullmolecularfeaturizer,0.4225380778995588
24,drug_fingerprint_bit_0,0.4204106543637239
24,drug_fingerprint_bit_167,0.4200249896668002
24,drug_fingerprint_bit_118,0.4128995270915243
24,poly_smr_vsa5_sum_backbonefeaturizer,0.40891900864978753
24,fingerprint_H_bit_119,0.4073943211585319
24,drug_fingerprint_bit_189,0.40524840133106926
24,drug_fingerprint_bit_206,0.39136148916238517
24,drug_fingerprint_bit_141,0.3771207150683212
24,poly_slogp_vsa1_sum_backbonefeaturizer,0.37590155806989106
24,drug_fingerprint_bit_74,0.37388904982101845
24,fingerprint_H_bit_89,0.3732743371170034
24,drug_fingerprint_bit_177,0.370517050376541
24,drug_fingerprint_bit_99,0.3626003699828466
24,drug_total_halogens_sum_fullmolecularfeaturizer,0.3569231660458194
24,drug_fingerprint_bit_139,0.34577924847373237
24,fingerprint_H_bit_13,0.3382667205003917
24,drug_fingerprint_bit_83,0.32222493779941735
24,drug_fingerprint_bit_110,0.3190231249714512
24,poly_topological_surface_area_sidechainfeaturizer_sum,0.31525344775192327
24,drug_fingerprint_bit_106,0.3108524075353848
24,drug_logp,0.31029906987913203
24,drug_fingerprint_bit_253,0.30815595295307613
24,drug_bridging_rings_count_sum_fullmolecularfeaturizer,0.30448286786310186
24,fingerprint_H_bit_155,0.2997540010305277
24,drug_heteroatom_count_sum_fullmolecularfeaturizer,0.29884606373027506
24,fingerprint_H_bit_81,0.29834956052640255
24,poly_slogp_vsa1_sum_fullpolymerfeaturizer,0.2949919016611115
24,drug_sp3_carbon_count_sum_fullmolecularfeaturizer,0.28137171871684113
24,drug_fingerprint_bit_219,0.2788270995042466
24,drug_fraction_bicyclic_rings_sum_fullmolecularfeaturizer,0.2749989926445934
24,drug_num_hbond_donors_sum_fullmolecularfeaturizer,0.2745449841708969
24,drug_fingerprint_bit_251,0.26684281112736735
24,drug_fingerprint_bit_84,0.2615186826082268
24,drug_fingerprint_bit_11,0.2528755228939296
24,drug_fingerprint_bit_145,0.25259486020502797
24,fingerprint_H_bit_121,0.24607052476076854
24,drug_fingerprint_bit_184,0.2460556375706316
24,fingerprint_H_bit_67,0.24423356803338864
24,poly_num_atoms_sidechainfeaturizer_sum,0.24418824305024595
24,drug_fingerprint_bit_155,0.243994106756974
24,drug_num_aliphatic_heterocycles_sum_fullmolecularfeaturizer,0.23841039098520647
24,drug_fingerprint_bit_18,0.2320518320788459
24,drug_num_atoms_sum_fullmolecularfeaturizer,0.2239476743717832
24,drug_fingerprint_bit_35,0.2200609609368529
24,drug_fingerprint_bit_164,0.21725129855652928
24,drug_molecular_weight_sum_fullmolecularfeaturizer,0.2159230435864514
24,drug_fingerprint_bit_183,0.21056479618505225
24,drug_fingerprint_bit_136,0.20818213601360697
24,fingerprint_H_bit_227,0.20457164064069883
24,fingerprint_H_bit_28,0.2041566616587125
24,drug_fingerprint_bit_44,0.20375846570888514
24,poly_num_hbond_acceptors_sidechainfeaturizer_sum,0.19322603336161967
24,drug_fingerprint_bit_39,0.1928074876831895
24,drug_fingerprint_bit_5,0.18515827012368247
24,drug_single_bonds_sum_fullmolecularfeaturizer,0.18118288410432942
24,poly_num_rotatable_bonds_sum_fullpolymerfeaturizer,0.17735267308069189
24,drug_fingerprint_bit_240,0.1696608780708678
24,drug_topological_surface_area_sum_fullmolecularfeaturizer,0.16887542398295805
24,fingerprint_H_bit_162,0.16858539920144525
24,fingerprint_H_bit_27,0.1648416224964384
24,drug_fingerprint_bit_247,0.16433135070535654
24,drug_fingerprint_bit_120,0.16389391025659497
24,logp_H,0.16152488375750704
24,drug_fingerprint_bit_63,0.16050459898897568
24,drug_fingerprint_bit_12,0.15539040239252908
24,drug_fingerprint_bit_13,0.1534500880032849
24,drug_fingerprint_bit_75,0.15119842517224144
24,poly_smr_vsa5_sidechainfeaturizer_sum,0.1509958657493017
24,drug_fingerprint_bit_196,0.14782835875036104
24,drug_num_rings_sum_fullmolecularfeaturizer,0.14373680486351287
24,lumo_eV_H,0.13315693054310065
24,fingerprint_H_bit_70,0.1286659362371775
24,drug_fingerprint_bit_144,0.1274070002884115
24,drug_fingerprint_bit_236,0.12424057282189802
24,drug_fingerprint_bit_202,0.12179039081111756
24,drug_fingerprint_bit_126,0.1210304245254212
24,drug_fingerprint_bit_170,0.12098966991780664
24,drug_fingerprint_bit_1,0.12007628629223348
24,drug_fingerprint_bit_185,0.12000418361595801
24,drug_fingerprint_bit_22,0.11527612650968641
24,drug_smr_vsa5_sum_fullmolecularfeaturizer,0.1124645949367866
24,drug_fingerprint_bit_246,0.11209303870447965
24,poly_fp_density_morgan1_sum_fullpolymerfeaturizer,0.11045699156637105
24,fingerprint_H_bit_134,0.1090524868090449
24,fingerprint_H_bit_245,0.10559287412790143
24,drug_fluorine_count_sum_fullmolecularfeaturizer,0.1053908450937164
24,fingerprint_H_bit_68,0.10388850639977427
24,drug_fingerprint_bit_205,0.10265169603345561
24,drug_fingerprint_bit_148,0.10223899326902545
24,drug_fingerprint_bit_77,0.10175185217881035
24,fingerprint_H_bit_151,0.10131834873866795
24,poly_single_bonds_sidechainfeaturizer_sum,0.1000550728719565
24,drug_fingerprint_bit_129,0.10005494188459059
24,drug_fingerprint_bit_199,0.0991958245992413
24,drug_fingerprint_bit_28,0.09903998705715951
24,drug_fingerprint_bit_181,0.09828800626728755
24,drug_fingerprint_bit_197,0.09552447338275587
24,drug_fingerprint_bit_161,0.09478751029236053
24,fingerprint_H_bit_85,0.09305238911870355
24,drug_fingerprint_bit_81,0.09031301205086643
24,drug_fingerprint_bit_92,0.08596281720625261
24,drug_fingerprint_bit_146,0.08559816060103752
24,drug_fingerprint_bit_95,0.08215103131720422
24,drug_fingerprint_bit_210,0.08024872317083052
24,drug_fingerprint_bit_252,0.08017931480560414
24,drug_fingerprint_bit_239,0.07666043238182287
24,drug_fingerprint_bit_60,0.07454707581083324
24,drug_fingerprint_bit_46,0.0744473731759513
24,drug_fingerprint_bit_6,0.07265444354392288
24,drug_fingerprint_bit_153,0.07250001954279303
24,drug_fingerprint_bit_76,0.07176631485788075
24,drug_fingerprint_bit_172,0.07124281221320009
24,poly_max_ring_size_sidechainfeaturizer_sum,0.07024637452658342
24,drug_fingerprint_bit_140,0.06993749896646168
24,drug_fingerprint_bit_97,0.06943188077793915
24,fingerprint_H_bit_224,0.06894168638146163
24,drug_fingerprint_bit_50,0.0686336534758346
24,drug_fingerprint_bit_194,0.06614387579075778
24,poly_slogp_vsa1_sidechainfeaturizer_sum,0.0639052865176165
24,drug_fingerprint_bit_238,0.06375625298131875
24,drug_fingerprint_bit_222,0.06169670100837765
24,drug_fingerprint_bit_150,0.06131773209082009
24,drug_max_estate_index_sum_fullmolecularfeaturizer,0.061174290065876887
24,fingerprint_H_bit_164,0.05665416226589821
24,drug_fingerprint_bit_191,0.05658243742222551
24,drug_fingerprint_bit_30,0.05519447910622437
24,drug_fingerprint_bit_41,0.05452960448862556
24,drug_fingerprint_bit_248,0.05429430890609732
24,drug_fingerprint_bit_85,0.0535607572695882
24,drug_fingerprint_bit_67,0.051782054201687355
24,drug_fingerprint_bit_127,0.05139102888361761
24,drug_fingerprint_bit_115,0.051023146379954386
24,drug_fingerprint_bit_212,0.051016238968866076
24,drug_fingerprint_bit_16,0.050637749870372124
24,fingerprint_H_bit_174,0.050009367313688984
24,drug_fingerprint_bit_2,0.04968486205058986
24,poly_topological_surface_area_sum_backbonefeaturizer,0.04680195636225034
24,fingerprint_H_bit_131,0.04633557142089563
24,drug_fingerprint_bit_173,0.045632369185218534
24,fingerprint_H_bit_52,0.04543256466005276
24,poly_balaban_j_index_sum_backbonefeaturizer,0.04490471425615591
24,drug_fingerprint_bit_117,0.04368306003383409
24,drug_fingerprint_bit_78,0.043166858184395036
24,poly_double_bonds_sidechainfeaturizer_sum,0.041054785787694684
24,drug_fingerprint_bit_94,0.04069835258644353
24,drug_fingerprint_bit_154,0.04006692330218291
24,drug_fingerprint_bit_26,0.03940023966905765
24,fingerprint_H_bit_57,0.03935032340572663
24,drug_fingerprint_bit_152,0.03923256037543264
24,drug_fingerprint_bit_100,0.03848815871031915
24,drug_fingerprint_bit_204,0.03672754465806892
24,fingerprint_H_bit_18,0.0366476065192684
24,fingerprint_H_bit_34,0.036342938145717686
24,fingerprint_H_bit_226,0.035075957241809876
24,drug_fingerprint_bit_171,0.03478766913603556
24,drug_fingerprint_bit_245,0.034740290849778026
24,drug_fingerprint_bit_70,0.03459128932248024
24,fingerprint_H_bit_26,0.03399846223435852
24,drug_fingerprint_bit_62,0.03340694624814221
24,drug_fingerprint_bit_56,0.03306769598580587
24,drug_homo_eV,0.032272105130655974
24,drug_fingerprint_bit_57,0.03169135642189348
24,fingerprint_H_bit_158,0.031184219721537454
24,drug_fingerprint_bit_7,0.028439141287392618
24,fingerprint_H_bit_65,0.02745651140350921
24,drug_fingerprint_bit_134,0.026792073978840123
24,poly_num_aromatic_rings_sum_fullpolymerfeaturizer,0.026764507415398826
24,drug_fingerprint_bit_142,0.026763129789642105
24,drug_fingerprint_bit_135,0.02667911746024002
24,fingerprint_H_bit_212,0.026665940251546758
24,drug_fingerprint_bit_137,0.02615130347572931
24,drug_fingerprint_bit_20,0.025685312476740423
24,drug_fingerprint_bit_38,0.025521676192899485
24,poly_num_rotatable_bonds_sidechainfeaturizer_sum,0.025504434699801744
24,fingerprint_H_bit_112,0.02478409200969398
24,drug_fingerprint_bit_29,0.024394780948070818
24,fingerprint_H_bit_185,0.024244290186578636
24,fingerprint_H_bit_233,0.02327085069782672
24,poly_num_non_aromatic_rings_sum_fullpolymerfeaturizer,0.022437660081661853
24,fingerprint_H_bit_213,0.02139809800210473
24,drug_fingerprint_bit_132,0.021187859680881747
24,drug_fingerprint_bit_24,0.020915986806201742
24,poly_num_atoms_sum_fullpolymerfeaturizer,0.019662483528144783
24,drug_max_ring_size_sum_fullmolecularfeaturizer,0.019169715170734243
24,drug_fingerprint_bit_27,0.018891826889295676
24,drug_fingerprint_bit_69,0.01839463952078822
24,drug_fingerprint_bit_178,0.016544385857165674
24,drug_fingerprint_bit_3,0.016208405827185784
24,drug_fingerprint_bit_90,0.01614198268361858
24,drug_fingerprint_bit_31,0.016126579343192123
24,fingerprint_H_bit_116,0.015585694675071633
24,drug_fingerprint_bit_162,0.014807181262786398
24,drug_fingerprint_bit_149,0.014182312234411076
24,drug_fp_density_morgan1_sum_fullmolecularfeaturizer,0.013559920725684618
24,poly_sp3_carbon_count_sum_fullpolymerfeaturizer,0.013226491918570758
24,fingerprint_H_bit_63,0.012896266677571417
24,fingerprint_H_bit_98,0.01217868006563869
24,drug_fingerprint_bit_93,0.012078604948074223
24,drug_fingerprint_bit_103,0.012025832923514399
24,drug_fingerprint_bit_119,0.010720753476198861
24,drug_fingerprint_bit_34,0.01061004738637407
24,drug_fingerprint_bit_82,0.010392069050436088
24,poly_num_aliphatic_heterocycles_sum_backbonefeaturizer,0.010181057735465435
24,fingerprint_H_bit_61,0.009222309936542415
24,drug_fingerprint_bit_104,0.008386599943075168
24,drug_fingerprint_bit_59,0.008277332865791956
24,fingerprint_H_bit_106,0.008051706955905116
24,fingerprint_H_bit_66,0.007713800146442661
24,fingerprint_H_bit_144,0.00758524715909044
24,poly_num_aliphatic_heterocycles_sum_fullpolymerfeaturizer,0.006842054150255421
24,drug_fingerprint_bit_23,0.006730556801745391
24,drug_fingerprint_bit_105,0.006326628369334579
24,drug_fingerprint_bit_121,0.005898796200420545
24,drug_fingerprint_bit_32,0.0058471141225113765
24,drug_fingerprint_bit_14,0.00577080450138967
24,fingerprint_H_bit_205,0.0053196235955533955
24,drug_fingerprint_bit_10,0.0051803402105824225
24,drug_fingerprint_bit_114,0.00396712138577355
24,drug_fingerprint_bit_235,0.0032364723864832406
24,fingerprint_H_bit_41,0.002149850756932224
24,fingerprint_H_bit_114,0.002095104150825771
24,fingerprint_H_bit_30,0.0014165444254801945
24,poly_num_non_aromatic_rings_sum_backbonefeaturizer,0.0003173141556501248
24,poly_fraction_bicyclic_rings_sum_fullpolymerfeaturizer,0.0
24,fingerprint_H_bit_255,0.0
24,fingerprint_H_bit_247,0.0
24,fingerprint_H_bit_248,0.0
24,fingerprint_H_bit_249,0.0
24,fingerprint_H_bit_250,0.0
24,fingerprint_H_bit_246,0.0
24,fingerprint_H_bit_244,0.0
24,fingerprint_H_bit_4,0.0
24,fingerprint_H_bit_3,0.0
24,drug_triple_bonds_sum_fullmolecularfeaturizer,0.0
24,drug_iodine_count_sum_fullmolecularfeaturizer,0.0
24,drug_bromine_count_sum_fullmolecularfeaturizer,0.0
24,drug_fingerprint_bit_244,0.0
24,fingerprint_H_bit_77,0.0
24,fingerprint_H_bit_76,0.0
24,fingerprint_H_bit_75,0.0
24,fingerprint_H_bit_79,0.0
24,fingerprint_H_bit_43,0.0
24,fingerprint_H_bit_44,0.0
24,fingerprint_H_bit_47,0.0
24,fingerprint_H_bit_49,0.0
24,fingerprint_H_bit_50,0.0
24,fingerprint_H_bit_51,0.0
24,poly_fluorine_count_sidechainfeaturizer_sum,0.0
24,poly_chlorine_count_sidechainfeaturizer_sum,0.0
24,poly_bromine_count_sidechainfeaturizer_sum,0.0
24,drug_fingerprint_bit_215,0.0
24,fingerprint_H_bit_36,0.0
24,fingerprint_H_bit_35,0.0
24,fingerprint_H_bit_229,0.0
24,fingerprint_H_bit_228,0.0
24,fingerprint_H_bit_40,0.0
24,fingerprint_H_bit_230,0.0
24,fingerprint_H_bit_99,0.0
24,fingerprint_H_bit_97,0.0
24,fingerprint_H_bit_96,0.0
24,fingerprint_H_bit_95,0.0
24,fingerprint_H_bit_94,0.0
24,fingerprint_H_bit_93,0.0
24,fingerprint_H_bit_92,0.0
24,fingerprint_H_bit_91,0.0
24,fingerprint_H_bit_90,0.0
24,fingerprint_H_bit_88,0.0
24,fingerprint_H_bit_29,0.0
24,poly_bridging_rings_count_sidechainfeaturizer_sum,0.0
24,poly_triple_bonds_sidechainfeaturizer_sum,0.0
24,poly_iodine_count_sidechainfeaturizer_sum,0.0
24,fingerprint_H_bit_101,0.0
24,fingerprint_H_bit_231,0.0
24,poly_iodine_count_sum_backbonefeaturizer,0.0
24,poly_triple_bonds_sum_backbonefeaturizer,0.0
24,fingerprint_H_bit_253,0.0
24,fingerprint_H_bit_254,0.0
24,fingerprint_H_bit_225,0.0
24,poly_total_halogens_sidechainfeaturizer_sum,0.0
24,poly_num_aliphatic_heterocycles_sidechainfeaturizer_sum,0.0
24,fingerprint_H_bit_252,0.0
24,poly_num_non_aromatic_rings_sidechainfeaturizer_sum,0.0
24,poly_bridging_rings_count_sum_fullpolymerfeaturizer,0.0
24,poly_triple_bonds_sum_fullpolymerfeaturizer,0.0
24,poly_iodine_count_sum_fullpolymerfeaturizer,0.0
24,poly_bromine_count_sum_fullpolymerfeaturizer,0.0
24,poly_chlorine_count_sum_fullpolymerfeaturizer,0.0
24,poly_fluorine_count_sum_fullpolymerfeaturizer,0.0
24,poly_fraction_bicyclic_rings_sidechainfeaturizer_sum,0.0
24,poly_total_halogens_sum_fullpolymerfeaturizer,0.0
24,drug_fingerprint_bit_234,0.0
24,drug_fingerprint_bit_232,0.0
24,drug_fingerprint_bit_221,0.0
24,drug_fingerprint_bit_220,0.0
24,drug_fingerprint_bit_217,0.0
24,fingerprint_H_bit_243,0.0
24,fingerprint_H_bit_242,0.0
24,fingerprint_H_bit_238,0.0
24,fingerprint_H_bit_239,0.0
24,fingerprint_H_bit_240,0.0
24,fingerprint_H_bit_241,0.0
24,fingerprint_H_bit_55,0.0
24,fingerprint_H_bit_234,0.0
24,fingerprint_H_bit_235,0.0
24,fingerprint_H_bit_74,0.0
24,fingerprint_H_bit_190,0.0
24,fingerprint_H_bit_191,0.0
24,fingerprint_H_bit_192,0.0
24,fingerprint_H_bit_193,0.0
24,fingerprint_H_bit_194,0.0
24,fingerprint_H_bit_195,0.0
24,fingerprint_H_bit_196,0.0
24,fingerprint_H_bit_198,0.0
24,fingerprint_H_bit_199,0.0
24,fingerprint_H_bit_200,0.0
24,drug_fingerprint_bit_176,0.0
24,drug_fingerprint_bit_195,0.0
24,drug_fingerprint_bit_209,0.0
24,drug_fingerprint_bit_198,0.0
24,fingerprint_H_bit_209,0.0
24,fingerprint_H_bit_208,0.0
24,poly_bromine_count_sum_backbonefeaturizer,0.0
24,poly_chlorine_count_sum_backbonefeaturizer,0.0
24,fingerprint_H_bit_210,0.0
24,fingerprint_H_bit_215,0.0
24,fingerprint_H_bit_221,0.0
24,fingerprint_H_bit_220,0.0
24,fingerprint_H_bit_223,0.0
24,poly_fraction_bicyclic_rings_sum_backbonefeaturizer,0.0
24,poly_fluorine_count_sum_backbonefeaturizer,0.0
24,poly_total_halogens_sum_backbonefeaturizer,0.0
24,fingerprint_H_bit_87,0.0
24,fingerprint_H_bit_86,0.0
24,fingerprint_H_bit_206,0.0
24,poly_bridging_rings_count_sum_backbonefeaturizer,0.0
24,drug_fingerprint_bit_166,0.0
24,fingerprint_H_bit_104,0.0
24,fingerprint_H_bit_178,0.0
24,fingerprint_H_bit_179,0.0
24,fingerprint_H_bit_180,0.0
24,fingerprint_H_bit_181,0.0
24,fingerprint_H_bit_184,0.0
24,fingerprint_H_bit_187,0.0
24,fingerprint_H_bit_176,0.0
24,fingerprint_H_bit_173,0.0
24,drug_fingerprint_bit_51,0.0
24,drug_fingerprint_bit_54,0.0
24,drug_fingerprint_bit_68,0.0
24,fingerprint_H_bit_117,0.0
24,fingerprint_H_bit_115,0.0
24,fingerprint_H_bit_111,0.0
24,fingerprint_H_bit_110,0.0
24,fingerprint_H_bit_177,0.0
24,fingerprint_H_bit_109,0.0
24,fingerprint_H_bit_108,0.0
24,fingerprint_H_bit_103,0.0
24,fingerprint_H_bit_102,0.0
24,drug_fingerprint_bit_17,0.0
24,drug_fingerprint_bit_21,0.0
24,fingerprint_H_bit_203,0.0
24,fingerprint_H_bit_202,0.0
24,fingerprint_H_bit_201,0.0
24,fingerprint_H_bit_188,0.0
24,fingerprint_H_bit_62,0.0
24,fingerprint_H_bit_105,0.0
24,fingerprint_H_bit_59,0.0
24,fingerprint_H_bit_60,0.0
24,drug_fingerprint_bit_9,0.0
24,fingerprint_H_bit_189,0.0
24,fingerprint_H_bit_161,0.0
24,fingerprint_H_bit_163,0.0
24,fingerprint_H_bit_165,0.0
24,fingerprint_H_bit_166,0.0
24,fingerprint_H_bit_168,0.0
24,fingerprint_H_bit_169,0.0
24,fingerprint_H_bit_170,0.0
24,fingerprint_H_bit_171,0.0
24,fingerprint_H_bit_172,0.0
24,drug_fingerprint_bit_157,0.0
24,fingerprint_H_bit_71,0.0
24,fingerprint_H_bit_72,0.0
24,fingerprint_H_bit_73,0.0
24,fingerprint_H_bit_107,0.0
24,fingerprint_H_bit_130,0.0
24,fingerprint_H_bit_132,0.0
24,fingerprint_H_bit_124,0.0
24,fingerprint_H_bit_122,0.0
24,fingerprint_H_bit_127,0.0
24,fingerprint_H_bit_126,0.0
24,fingerprint_H_bit_129,0.0
24,drug_fingerprint_bit_102,0.0
24,drug_fingerprint_bit_87,0.0
24,drug_fingerprint_bit_89,0.0
24,fingerprint_H_bit_156,0.0
24,fingerprint_H_bit_154,0.0
24,fingerprint_H_bit_152,0.0
24,fingerprint_H_bit_135,0.0
24,fingerprint_H_bit_137,0.0
24,fingerprint_H_bit_136,0.0
24,fingerprint_H_bit_157,0.0
24,fingerprint_H_bit_160,0.0
24,fingerprint_H_bit_146,0.0
24,fingerprint_H_bit_148,0.0
24,fingerprint_H_bit_149,0.0
24,fingerprint_H_bit_150,0.0
24,fingerprint_H_bit_153,0.0
24,fingerprint_H_bit_140,0.0
24,fingerprint_H_bit_142,0.0
24,fingerprint_H_bit_141,0.0
24,drug_fingerprint_bit_112,0.0
24,fingerprint_H_bit_5,0.0
24,fingerprint_H_bit_20,0.0
24,fingerprint_H_bit_19,0.0
24,fingerprint_H_bit_17,0.0
24,fingerprint_H_bit_16,0.0
24,fingerprint_H_bit_15,0.0
24,drug_fingerprint_bit_123,0.0
24,fingerprint_H_bit_14,0.0
24,fingerprint_H_bit_12,0.0
24,fingerprint_H_bit_10,0.0
24,fingerprint_H_bit_11,0.0
24,fingerprint_H_bit_82,0.0
24,fingerprint_H_bit_0,0.0
24,drug_fingerprint_bit_254,0.0
24,fingerprint_H_bit_83,0.0
24,fingerprint_H_bit_25,0.0
24,fingerprint_H_bit_24,0.0
24,fingerprint_H_bit_22,0.0
24,fingerprint_H_bit_23,0.0
24,fingerprint_H_bit_21,0.0
24,fingerprint_H_bit_9,0.0
24,fingerprint_H_bit_8,0.0
24,fingerprint_H_bit_6,0.0
24,fingerprint_H_bit_211,-3.3940310879237197e-12
24,fingerprint_H_bit_31,-4.750644322371045e-12
24,drug_chlorine_count_sum_fullmolecularfeaturizer,-0.001589952821044722
24,drug_fingerprint_bit_25,-0.0017792997616028563
24,poly_heteroatom_density_sum_backbonefeaturizer,-0.0027898523786165402
24,drug_fingerprint_bit_15,-0.0028274123859770017
24,drug_fingerprint_bit_101,-0.0029032405030043817
24,drug_fingerprint_bit_109,-0.0031232688774557394
24,drug_fingerprint_bit_48,-0.004004771723384711
24,drug_fingerprint_bit_231,-0.0047355267087942155
24,drug_fingerprint_bit_138,-0.005555701957648064
24,drug_num_non_aromatic_rings_sum_fullmolecularfeaturizer,-0.0057205299701062
24,drug_fingerprint_bit_179,-0.011838909166817766
24,poly_molecular_weight_sum_fullpolymerfeaturizer,-0.012206368927483955
24,drug_fingerprint_bit_192,-0.014453036590101847
24,drug_fingerprint_bit_243,-0.014544268311699733
24,drug_fingerprint_bit_169,-0.01460609722759051
24,drug_fingerprint_bit_174,-0.01500634221939906
24,drug_fingerprint_bit_130,-0.017845234445421958
24,drug_fingerprint_bit_8,-0.01815994796541766
24,drug_fingerprint_bit_182,-0.01846913778597768
24,drug_fingerprint_bit_229,-0.018489277857454627
24,fingerprint_H_bit_159,-0.01864162287567101
24,fingerprint_H_bit_64,-0.019278151454825216
24,drug_fingerprint_bit_250,-0.02067816051273511
24,drug_fingerprint_bit_241,-0.02095642243170424
24,drug_fingerprint_bit_96,-0.022330331149053955
24,drug_fingerprint_bit_187,-0.02240755728849695
24,drug_fingerprint_bit_225,-0.025783904649802316
24,drug_fingerprint_bit_79,-0.026280433068071724
24,drug_fingerprint_bit_66,-0.027202180937338068
24,drug_fingerprint_bit_53,-0.027372733011796435
24,drug_fingerprint_bit_65,-0.028111566251915014
24,drug_fingerprint_bit_124,-0.029149238455546272
24,drug_fingerprint_bit_116,-0.02966278003037846
24,drug_fingerprint_bit_80,-0.030490417961437304
24,drug_logd_at_WATER_PH,-0.030960581029710412
24,fingerprint_H_bit_216,-0.030969184298839183
24,drug_fingerprint_bit_55,-0.03517180571281313
24,drug_fingerprint_bit_91,-0.037349067289012404
24,poly_single_bonds_sum_fullpolymerfeaturizer,-0.038371131853891106
24,drug_fingerprint_bit_71,-0.03881189340937984
24,drug_fingerprint_bit_131,-0.03939611165914254
24,fingerprint_H_bit_139,-0.042215037476350456
24,drug_balaban_j_index_sum_fullmolecularfeaturizer,-0.051438412481922345
24,drug_fingerprint_bit_58,-0.059141529016675055
24,drug_fingerprint_bit_208,-0.0623508625807098
24,fingerprint_H_bit_32,-0.06297689856898113
24,drug_fingerprint_bit_122,-0.0654817248656587
24,drug_double_bonds_sum_fullmolecularfeaturizer,-0.07369583713908819
24,fingerprint_H_bit_7,-0.07700036324244598
24,poly_num_hbond_acceptors_sum_fullpolymerfeaturizer,-0.079121018078848
24,drug_fingerprint_bit_86,-0.08056116078394052
24,poly_num_rotatable_bonds_sum_backbonefeaturizer,-0.08777368883811264
24,fingerprint_H_bit_143,-0.08826796750303874
24,fingerprint_H_bit_186,-0.09176655263308854
24,fingerprint_H_bit_80,-0.09597086313062349
24,drug_fingerprint_bit_156,-0.09953031526187846
24,drug_fingerprint_bit_230,-0.10344067029157757
24,poly_topological_surface_area_sum_fullpolymerfeaturizer,-0.10618562021860342
24,drug_fingerprint_bit_47,-0.11066680035367549
24,drug_fingerprint_bit_111,-0.1108733699994047
24,fingerprint_H_bit_207,-0.1130888027173358
24,drug_fingerprint_bit_168,-0.11466976762249857
24,drug_fingerprint_bit_211,-0.11776354339489603
24,drug_fingerprint_bit_214,-0.11831048413708137
24,drug_fingerprint_bit_113,-0.11998432648700127
24,drug_fingerprint_bit_207,-0.1222104596417898
24,fingerprint_H_bit_197,-0.12498588661810935
24,drug_fingerprint_bit_228,-0.12745248611049922
24,drug_fingerprint_bit_143,-0.12934553236426943
24,drug_fingerprint_bit_61,-0.13377636826720393
24,poly_max_estate_index_sum_fullpolymerfeaturizer,-0.13507654778218228
24,drug_fingerprint_bit_165,-0.14073688815347532
24,fingerprint_H_bit_42,-0.1444766709130299
24,drug_fingerprint_bit_227,-0.14506260012596514
24,fingerprint_H_bit_39,-0.14537684979754598
24,fingerprint_H_bit_38,-0.1545165023005928
24,drug_sp2_carbon_count_sum_fullmolecularfeaturizer,-0.15744937344778473
24,drug_fingerprint_bit_216,-0.1749845287402167
24,drug_fingerprint_bit_37,-0.17680769251394216
24,poly_sp2_carbon_count_sum_fullpolymerfeaturizer,-0.19377932365090828
24,drug_fingerprint_bit_40,-0.2044465896011745
24,poly_molecular_weight_sidechainfeaturizer_sum,-0.2050332670529503
24,fingerprint_H_bit_123,-0.20550035760763172
24,drug_charge_at_WATER_PH,-0.21523241814213975
24,drug_fingerprint_bit_233,-0.2165714386750451
24,poly_smr_vsa5_sum_fullpolymerfeaturizer,-0.2175718700761841
24,drug_fingerprint_bit_45,-0.22065740426365948
24,drug_fingerprint_bit_163,-0.2260734796620246
24,poly_num_hbond_donors_sum_fullpolymerfeaturizer,-0.228270982373103
24,drug_fingerprint_bit_186,-0.2451021389634279
24,drug_fingerprint_bit_64,-0.25201034729149213
24,drug_fingerprint_bit_193,-0.26031350652744695
24,poly_heteroatom_count_sidechainfeaturizer_sum,-0.2737920921359434
24,fingerprint_H_bit_125,-0.28157981495702417
24,fingerprint_H_bit_56,-0.2880102754748886
24,drug_fingerprint_bit_133,-0.2980465792406237
24,fingerprint_H_bit_175,-0.31598286255239255
24,drug_slogp_vsa1_sum_fullmolecularfeaturizer,-0.3193679518242588
24,drug_fingerprint_bit_224,-0.3240380388296185
24,fingerprint_H_bit_138,-0.3261344144494932
24,fingerprint_H_bit_37,-0.3325359502403198
24,drug_fingerprint_bit_242,-0.35695900645151896
24,poly_heteroatom_density_sum_fullpolymerfeaturizer,-0.3705440136085044
24,drug_fingerprint_bit_108,-0.4108706039284993
24,fingerprint_H_bit_222,-0.4110398849393743
24,drug_fingerprint_bit_49,-0.4190822998677641
24,drug_fingerprint_bit_237,-0.4489265493238707
24,poly_heteroatom_count_sum_backbonefeaturizer,-0.46223072291568784
24,poly_max_estate_index_sum_backbonefeaturizer,-0.4678474785428565
24,drug_fingerprint_bit_175,-0.49512772044775427
24,drug_fingerprint_bit_43,-0.5024128134953231
24,drug_fingerprint_bit_33,-0.5100351652998683
24,WATER_PH,-0.5155919050614184
24,poly_single_bonds_sum_backbonefeaturizer,-0.5272504114625177
24,charge_at_WATER_PH_H,-0.5291959022303954
24,drug_fingerprint_bit_128,-0.5461076955514891
24,drug_fingerprint_bit_19,-0.5535658433868659
24,drug_fingerprint_bit_107,-0.5554320377138896
24,poly_molecular_weight_sum_backbonefeaturizer,-0.5924573605432423
24,drug_fingerprint_bit_42,-0.7718794276196331
24,drug_fingerprint_bit_72,-0.7920163736231497
24,drug_fingerprint_bit_200,-0.8582019588132132
24,poly_heteroatom_count_sum_fullpolymerfeaturizer,-0.9782631527773294
24,fingerprint_H_bit_219,-0.9883814555202336
24,logd_at_WATER_PH_H,-1.1770959474428768
24,fingerprint_H_bit_46,-1.3688142841942423
24,drug_fingerprint_bit_151,-1.4943105688479537
24,drug_fingerprint_bit_4,-1.4946225770647599
24,drug_fingerprint_bit_88,-1.6311962080715345
24,CONCENTRATION,-2.1559860877923684
24,drug_num_rotatable_bonds_sum_fullmolecularfeaturizer,-2.9981005345189686
25,drug_fingerprint_bit_98,6.481052624107891
25,drug_fingerprint_bit_190,5.615544505376795
25,poly_slogp_vsa1_sum_backbonefeaturizer,3.8294550853210283
25,poly_max_estate_index_sidechainfeaturizer_sum,2.9564717620545773
25,poly_heteroatom_density_sidechainfeaturizer_sum,2.590336872763793
25,poly_num_atoms_sum_backbonefeaturizer,2.138447477062469
25,poly_num_hbond_acceptors_sum_backbonefeaturizer,2.0705513331211187
25,poly_molecular_weight_sum_backbonefeaturizer,1.997762530949471
25,poly_fp_density_morgan1_sidechainfeaturizer_sum,1.854208831119646
25,drug_fingerprint_bit_42,1.8110300579434675
25,fingerprint_H_bit_1,1.803646107110877
25,poly_fp_density_morgan1_sum_backbonefeaturizer,1.7855935428967062
25,fingerprint_H_bit_128,1.7570994341785153
25,poly_molecular_weight_sidechainfeaturizer_sum,1.7493573922007462
25,logd_at_WATER_PH_H,1.709588922341607
25,poly_heteroatom_count_sum_backbonefeaturizer,1.6340395082113994
25,fingerprint_H_bit_53,1.5929686808382735
25,drug_fingerprint_bit_218,1.5681099473150844
25,poly_num_aromatic_rings_sidechainfeaturizer_sum,1.5624397686427862
25,poly_num_rings_sum_backbonefeaturizer,1.4939868647746433
25,poly_sp2_carbon_count_sum_backbonefeaturizer,1.4867314381725247
25,poly_sp3_carbon_count_sum_backbonefeaturizer,1.467676836529748
25,fingerprint_H_bit_85,1.4667989678213558
25,poly_num_atoms_sidechainfeaturizer_sum,1.4526169990189184
25,poly_max_ring_size_sum_fullpolymerfeaturizer,1.4441351891717968
25,fingerprint_H_bit_186,1.4213721831655817
25,fingerprint_H_bit_48,1.2510030810914696
25,poly_topological_surface_area_sum_backbonefeaturizer,1.2191438249583109
25,drug_fingerprint_bit_147,1.1957366262002798
25,fingerprint_H_bit_175,1.0797395490323043
25,poly_double_bonds_sum_backbonefeaturizer,1.060817610054337
25,poly_topological_surface_area_sidechainfeaturizer_sum,0.8899891857947922
25,fingerprint_H_bit_145,0.8515575755000231
25,drug_fingerprint_bit_158,0.842158526819496
25,fingerprint_H_bit_214,0.824774436637303
25,poly_heteroatom_count_sidechainfeaturizer_sum,0.814089956063125
25,poly_single_bonds_sum_backbonefeaturizer,0.8085926906762977
25,fingerprint_H_bit_159,0.7963460719379946
25,fingerprint_H_bit_64,0.7681671149815262
25,drug_fingerprint_bit_110,0.7405406409890087
25,poly_num_rings_sidechainfeaturizer_sum,0.7385205372470175
25,poly_balaban_j_index_sum_backbonefeaturizer,0.7241962486566992
25,fingerprint_H_bit_217,0.7101345408137375
25,fingerprint_H_bit_167,0.7026907131178334
25,poly_num_rotatable_bonds_sum_backbonefeaturizer,0.7006422773620689
25,poly_max_ring_size_sidechainfeaturizer_sum,0.6975627228779616
25,fingerprint_H_bit_155,0.6687939783022939
25,fingerprint_H_bit_78,0.6353956547642703
25,drug_fingerprint_bit_226,0.6247679005026827
25,fingerprint_H_bit_119,0.6240782920068756
25,fingerprint_H_bit_28,0.6044462582212342
25,fingerprint_H_bit_133,0.5937824955281464
25,poly_slogp_vsa1_sum_fullpolymerfeaturizer,0.5731131340025268
25,fingerprint_H_bit_27,0.5708882118575775
25,drug_fingerprint_bit_36,0.5700500212546812
25,fingerprint_H_bit_84,0.5644921169939963
25,drug_total_halogens_sum_fullmolecularfeaturizer,0.5619218087685469
25,drug_num_hbond_donors_sum_fullmolecularfeaturizer,0.557166098654957
25,poly_fp_density_morgan1_sum_fullpolymerfeaturizer,0.556276637559743
25,drug_fingerprint_bit_3,0.5550299363520766
25,fingerprint_H_bit_182,0.5541495254628389
25,fingerprint_H_bit_139,0.5502300534675199
25,fingerprint_H_bit_33,0.5470657242391311
25,drug_logd_at_WATER_PH,0.5444523341411494
25,fingerprint_H_bit_118,0.5422897067664595
25,fingerprint_H_bit_151,0.5389209309451343
25,drug_fingerprint_bit_227,0.5324131932856367
25,fingerprint_H_bit_113,0.5016210854103414
25,poly_sp2_carbon_count_sidechainfeaturizer_sum,0.4947530634601825
25,poly_double_bonds_sum_fullpolymerfeaturizer,0.44731282983903825
25,drug_fingerprint_bit_61,0.44131526799372883
25,fingerprint_H_bit_232,0.4327405449348056
25,drug_fraction_bicyclic_rings_sum_fullmolecularfeaturizer,0.4305548582971996
25,drug_logp,0.4280176811105071
25,drug_fingerprint_bit_63,0.42640760830833013
25,poly_num_rotatable_bonds_sum_fullpolymerfeaturizer,0.4189622727486505
25,lumo_eV_H,0.4173237645265755
25,fingerprint_H_bit_67,0.40571788832031963
25,fingerprint_H_bit_236,0.404083903196195
25,drug_fingerprint_bit_223,0.4023046122413404
25,drug_fingerprint_bit_159,0.3998099428333501
25,drug_bridging_rings_count_sum_fullmolecularfeaturizer,0.39543085549470336
25,fingerprint_H_bit_245,0.3896878880233496
25,poly_double_bonds_sidechainfeaturizer_sum,0.3879409518872907
25,fingerprint_H_bit_197,0.3847188363267603
25,drug_fingerprint_bit_213,0.3816161211496714
25,drug_fingerprint_bit_49,0.37568192115499144
25,poly_sp3_carbon_count_sum_fullpolymerfeaturizer,0.375539689638125
25,drug_fingerprint_bit_211,0.36704289023576686
25,drug_fingerprint_bit_181,0.36465162055023165
25,drug_fingerprint_bit_160,0.36244297986671065
25,fingerprint_H_bit_13,0.35745070867569123
25,drug_fingerprint_bit_155,0.3571626832065698
25,drug_fingerprint_bit_189,0.346789528942157
25,drug_single_bonds_sum_fullmolecularfeaturizer,0.34170336652472905
25,fingerprint_H_bit_81,0.33180033152852256
25,drug_fingerprint_bit_167,0.3291140016227326
25,drug_fingerprint_bit_247,0.3247168475236925
25,fingerprint_H_bit_100,0.31693865002492816
25,poly_single_bonds_sidechainfeaturizer_sum,0.3093501919366271
25,fingerprint_H_bit_69,0.3089063154485499
25,drug_molecular_weight_sum_fullmolecularfeaturizer,0.3069672060180361
25,drug_fingerprint_bit_188,0.30609886333362535
25,drug_fingerprint_bit_183,0.3054490080000802
25,poly_num_rotatable_bonds_sidechainfeaturizer_sum,0.30262810652936717
25,drug_fingerprint_bit_251,0.29910632501285395
25,fingerprint_H_bit_70,0.29191813174082587
25,fingerprint_H_bit_80,0.2853833609612653
25,poly_num_hbond_donors_sidechainfeaturizer_sum,0.2836222437042141
25,drug_fingerprint_bit_142,0.28151373705730004
25,poly_smr_vsa5_sum_backbonefeaturizer,0.2810195281333771
25,drug_fingerprint_bit_203,0.27985149891325467
25,drug_smr_vsa5_sum_fullmolecularfeaturizer,0.2780241194826274
25,drug_topological_surface_area_sum_fullmolecularfeaturizer,0.2766849325017932
25,drug_balaban_j_index_sum_fullmolecularfeaturizer,0.2711361033608041
25,poly_sp3_carbon_count_sidechainfeaturizer_sum,0.26474472769111157
25,drug_fingerprint_bit_15,0.26021207851492223
25,drug_fingerprint_bit_185,0.2565947568348594
25,drug_fingerprint_bit_165,0.2527870840809977
25,poly_num_hbond_donors_sum_backbonefeaturizer,0.24924431302541997
25,drug_num_aromatic_rings_sum_fullmolecularfeaturizer,0.24823303104489972
25,drug_num_aliphatic_heterocycles_sum_fullmolecularfeaturizer,0.24547755789835604
25,drug_num_atoms_sum_fullmolecularfeaturizer,0.23864097515547256
25,drug_fingerprint_bit_197,0.23843291330496438
25,drug_fingerprint_bit_126,0.23473418051416037
25,drug_fingerprint_bit_125,0.23304424421973222
25,drug_fingerprint_bit_12,0.23258880858006542
25,drug_fingerprint_bit_81,0.2291055680620256
25,drug_fingerprint_bit_137,0.21936521796594302
25,drug_fingerprint_bit_120,0.21551940893214513
25,drug_homo_eV,0.21239600433574726
25,poly_heteroatom_density_sum_fullpolymerfeaturizer,0.209522323136012
25,drug_fingerprint_bit_219,0.20807777437369654
25,drug_fingerprint_bit_84,0.20799328893993024
25,drug_fingerprint_bit_216,0.20460631830845039
25,drug_fingerprint_bit_184,0.20382505694607575
25,fingerprint_H_bit_121,0.2026160098956453
25,fingerprint_H_bit_54,0.19461472958292375
25,drug_fingerprint_bit_212,0.19281259915197863
25,drug_heteroatom_count_sum_fullmolecularfeaturizer,0.19174689476851273
25,poly_smr_vsa5_sidechainfeaturizer_sum,0.1880563078599078
25,drug_fingerprint_bit_71,0.187535892419642
25,drug_fingerprint_bit_58,0.18433212417921796
25,drug_num_rotatable_bonds_sum_fullmolecularfeaturizer,0.17917480127389807
25,drug_lumo_eV,0.17854058468657502
25,fingerprint_H_bit_251,0.17768626106570867
25,drug_fingerprint_bit_106,0.16974574015782432
25,fingerprint_H_bit_18,0.1642587500472749
25,poly_single_bonds_sum_fullpolymerfeaturizer,0.1642139361334872
25,drug_fingerprint_bit_136,0.1634415086271781
25,fingerprint_H_bit_162,0.1634304213072633
25,drug_fingerprint_bit_24,0.162624068846735
25,drug_fingerprint_bit_6,0.16152200485352491
25,fingerprint_H_bit_37,0.16086015936277223
25,poly_balaban_j_index_sidechainfeaturizer_sum,0.16064215589638714
25,drug_fingerprint_bit_164,0.15883650762645093
25,drug_fingerprint_bit_249,0.1569475487421635
25,drug_fluorine_count_sum_fullmolecularfeaturizer,0.1549885987526629
25,drug_sp3_carbon_count_sum_fullmolecularfeaturizer,0.15398133653496818
25,drug_fingerprint_bit_83,0.15369912537664324
25,drug_fingerprint_bit_22,0.15029827966855583
25,drug_fingerprint_bit_177,0.1490328415671524
25,drug_fingerprint_bit_252,0.1464933315577436
25,drug_fingerprint_bit_237,0.1441983739199079
25,drug_fingerprint_bit_205,0.14250451990735838
25,drug_fingerprint_bit_208,0.13961428337040835
25,drug_fingerprint_bit_122,0.13825178633150018
25,drug_num_rings_sum_fullmolecularfeaturizer,0.1337893749407198
25,drug_fingerprint_bit_114,0.13090361995772382
25,drug_fingerprint_bit_99,0.1296582700084664
25,fingerprint_H_bit_226,0.1294640541218452
25,drug_fingerprint_bit_11,0.12907378519083945
25,drug_fingerprint_bit_50,0.12835824698734338
25,drug_fingerprint_bit_196,0.1254997224163767
25,drug_fingerprint_bit_109,0.1251138335496823
25,drug_fingerprint_bit_202,0.12470717359799366
25,drug_fingerprint_bit_146,0.12415595933558639
25,drug_fingerprint_bit_27,0.12394653376943092
25,fingerprint_H_bit_30,0.12095849402730205
25,drug_fingerprint_bit_0,0.11583350000750066
25,poly_max_estate_index_sum_backbonefeaturizer,0.11547365213940018
25,fingerprint_H_bit_123,0.11393644826276053
25,drug_fingerprint_bit_10,0.11258825581741641
25,drug_fingerprint_bit_140,0.11223755876911967
25,drug_fingerprint_bit_141,0.10874710148222859
25,drug_fingerprint_bit_180,0.1084979015899279
25,drug_fingerprint_bit_127,0.10618875968418333
25,drug_fingerprint_bit_191,0.10603401329329996
25,drug_fingerprint_bit_39,0.10576323311007917
25,poly_num_hbond_acceptors_sidechainfeaturizer_sum,0.10533398274795888
25,drug_fp_density_morgan1_sum_fullmolecularfeaturizer,0.1051582255586984
25,drug_fingerprint_bit_239,0.1043328921681949
25,drug_fingerprint_bit_116,0.1015783886998923
25,drug_fingerprint_bit_229,0.10079755122716216
25,drug_num_hbond_acceptors_sum_fullmolecularfeaturizer,0.09998049357391044
25,drug_fingerprint_bit_253,0.09910984915350317
25,drug_fingerprint_bit_236,0.09891844900340005
25,drug_fingerprint_bit_23,0.09879052864733007
25,fingerprint_H_bit_45,0.09859019675401669
25,fingerprint_H_bit_89,0.09768577273124834
25,drug_fingerprint_bit_170,0.09768496377926461
25,drug_fingerprint_bit_30,0.09636445761346203
25,drug_fingerprint_bit_150,0.0930449284505571
25,drug_chlorine_count_sum_fullmolecularfeaturizer,0.09172247386782682
25,drug_fingerprint_bit_148,0.09078640013844683
25,drug_fingerprint_bit_94,0.09029138987024667
25,drug_fingerprint_bit_77,0.0885451552372714
25,drug_fingerprint_bit_105,0.087622056441667
25,drug_fingerprint_bit_145,0.08606523940870836
25,drug_fingerprint_bit_67,0.08586023607753764
25,drug_fingerprint_bit_74,0.08510883450464403
25,drug_fingerprint_bit_242,0.08225811328489825
25,drug_fingerprint_bit_69,0.07978198106989311
25,drug_num_non_aromatic_rings_sum_fullmolecularfeaturizer,0.07715672629403336
25,drug_fingerprint_bit_26,0.07648148526468772
25,fingerprint_H_bit_227,0.07544301734166207
25,fingerprint_H_bit_41,0.07499963855871142
25,drug_fingerprint_bit_231,0.07069346613215134
25,drug_fingerprint_bit_44,0.0662871760655095
25,drug_fingerprint_bit_18,0.06377227462603685
25,poly_num_aromatic_rings_sum_backbonefeaturizer,0.06222770759125708
25,fingerprint_H_bit_61,0.06148016641497655
25,fingerprint_H_bit_216,0.05940661348717415
25,fingerprint_H_bit_58,0.05826203709655818
25,fingerprint_H_bit_32,0.05742304949801647
25,fingerprint_H_bit_134,0.0573268828660702
25,drug_fingerprint_bit_103,0.05714938485852895
25,fingerprint_H_bit_131,0.05534987317280079
25,drug_fingerprint_bit_172,0.05415103884390987
25,fingerprint_H_bit_219,0.0539579791869162
25,drug_fingerprint_bit_34,0.05207114744993137
25,drug_fingerprint_bit_7,0.050273924897669554
25,drug_fingerprint_bit_156,0.04752592362834016
25,drug_fingerprint_bit_238,0.04724918181674363
25,drug_fingerprint_bit_75,0.04701063386791964
25,drug_fingerprint_bit_130,0.04605657599160394
25,drug_fingerprint_bit_171,0.04556240424602754
25,drug_fingerprint_bit_16,0.045284286117540935
25,drug_fingerprint_bit_161,0.04464378952779447
25,drug_fingerprint_bit_62,0.043939241683283704
25,drug_fingerprint_bit_194,0.04251416764341069
25,drug_fingerprint_bit_250,0.04208235520776992
25,drug_fingerprint_bit_32,0.038703343383569226
25,drug_fingerprint_bit_70,0.038625358937103775
25,fingerprint_H_bit_106,0.038395926340503185
25,drug_fingerprint_bit_204,0.038174578141699785
25,drug_fingerprint_bit_57,0.03794522257351952
25,fingerprint_H_bit_68,0.03775280900694463
25,drug_fingerprint_bit_35,0.03716257081906849
25,drug_fingerprint_bit_37,0.03634207380564319
25,drug_fingerprint_bit_154,0.03533415006428177
25,poly_num_aliphatic_heterocycles_sum_backbonefeaturizer,0.035086048595522605
25,drug_fingerprint_bit_173,0.034839219571438304
25,drug_fingerprint_bit_66,0.03377692928736936
25,drug_fingerprint_bit_199,0.033771316543949645
25,fingerprint_H_bit_205,0.033494322241915925
25,fingerprint_H_bit_63,0.03247590351193514
25,drug_fingerprint_bit_134,0.032353440027315196
25,drug_heteroatom_density_sum_fullmolecularfeaturizer,0.03199909224930147
25,drug_fingerprint_bit_152,0.03192029150929123
25,poly_slogp_vsa1_sidechainfeaturizer_sum,0.030852898437868172
25,drug_fingerprint_bit_144,0.030032773607529182
25,drug_sp2_carbon_count_sum_fullmolecularfeaturizer,0.029869043204566664
25,drug_fingerprint_bit_76,0.02963955924894473
25,drug_fingerprint_bit_97,0.02940532317381537
25,drug_fingerprint_bit_201,0.029275153294761443
25,drug_fingerprint_bit_206,0.028990353023802123
25,drug_fingerprint_bit_13,0.02866528876473175
25,fingerprint_H_bit_164,0.028567723719512432
25,fingerprint_H_bit_158,0.027011396172916664
25,fingerprint_H_bit_174,0.02514129696180931
25,drug_fingerprint_bit_245,0.02446228092263642
25,drug_fingerprint_bit_187,0.024453298743054925
25,drug_fingerprint_bit_28,0.023330530878775717
25,drug_fingerprint_bit_248,0.023127500357648347
25,drug_fingerprint_bit_46,0.023015423313156553
25,fingerprint_H_bit_143,0.02168644655547589
25,drug_fingerprint_bit_117,0.020126717381538685
25,fingerprint_H_bit_112,0.01999006681960508
25,drug_fingerprint_bit_90,0.019536658734737148
25,fingerprint_H_bit_185,0.01944692956634266
25,drug_fingerprint_bit_14,0.019007529382752467
25,drug_max_ring_size_sum_fullmolecularfeaturizer,0.018127875676110784
25,fingerprint_H_bit_116,0.0180467222980171
25,fingerprint_H_bit_65,0.017974233401969797
25,drug_fingerprint_bit_222,0.017863105085676928
25,fingerprint_H_bit_46,0.01698747251811967
25,drug_fingerprint_bit_41,0.016919396618751394
25,poly_num_aliphatic_heterocycles_sum_fullpolymerfeaturizer,0.01670641978053802
25,drug_fingerprint_bit_8,0.01536411884675693
25,drug_fingerprint_bit_100,0.013676185151201106
25,drug_fingerprint_bit_59,0.013590935968356515
25,drug_fingerprint_bit_60,0.012277381203249551
25,drug_fingerprint_bit_20,0.011523958411271448
25,fingerprint_H_bit_52,0.011096878780081079
25,fingerprint_H_bit_114,0.011074905566796162
25,drug_fingerprint_bit_101,0.010870238140762727
25,drug_fingerprint_bit_92,0.010699843708482574
25,fingerprint_H_bit_57,0.010682792936609009
25,drug_fingerprint_bit_86,0.010252329247651163
25,fingerprint_H_bit_34,0.009143589364812268
25,fingerprint_H_bit_224,0.008495180698288847
25,fingerprint_H_bit_26,0.008140428052824639
25,drug_fingerprint_bit_178,0.008115945965793162
25,fingerprint_H_bit_144,0.0077596671266561695
25,drug_fingerprint_bit_82,0.007436748968158885
25,poly_num_non_aromatic_rings_sum_fullpolymerfeaturizer,0.007414273374061778
25,drug_fingerprint_bit_78,0.007288714754265873
25,drug_fingerprint_bit_135,0.007270404274815924
25,drug_fingerprint_bit_225,0.006640359653008489
25,drug_fingerprint_bit_169,0.00651288609204277
25,poly_num_non_aromatic_rings_sum_backbonefeaturizer,0.006063704834550642
25,drug_fingerprint_bit_162,0.005059885768542174
25,drug_fingerprint_bit_96,0.00441013576308339
25,drug_fingerprint_bit_129,0.003665539619940047
25,drug_fingerprint_bit_65,0.0032062913364917034
25,drug_fingerprint_bit_55,0.0030020882674375903
25,drug_fingerprint_bit_104,0.002993483854519734
25,drug_fingerprint_bit_31,0.0013562728640102995
25,drug_fingerprint_bit_235,0.0009897767448062884
25,drug_fingerprint_bit_79,0.00010929002222722996
25,fingerprint_H_bit_2,0.0
25,fingerprint_H_bit_4,0.0
25,fingerprint_H_bit_3,0.0
25,fingerprint_H_bit_12,0.0
25,fingerprint_H_bit_14,0.0
25,fingerprint_H_bit_15,0.0
25,fingerprint_H_bit_16,0.0
25,fingerprint_H_bit_225,0.0
25,fingerprint_H_bit_228,0.0
25,fingerprint_H_bit_229,0.0
25,fingerprint_H_bit_5,0.0
25,fingerprint_H_bit_231,0.0
25,fingerprint_H_bit_234,0.0
25,fingerprint_H_bit_122,0.0
25,fingerprint_H_bit_124,0.0
25,drug_fingerprint_bit_123,0.0
25,fingerprint_H_bit_8,0.0
25,fingerprint_H_bit_10,0.0
25,fingerprint_H_bit_230,0.0
25,poly_triple_bonds_sum_fullpolymerfeaturizer,0.0
25,fingerprint_H_bit_90,0.0
25,fingerprint_H_bit_92,0.0
25,fingerprint_H_bit_91,0.0
25,fingerprint_H_bit_94,0.0
25,fingerprint_H_bit_95,0.0
25,poly_num_non_aromatic_rings_sidechainfeaturizer_sum,0.0
25,fingerprint_H_bit_93,0.0
25,poly_num_aliphatic_heterocycles_sidechainfeaturizer_sum,0.0
25,poly_total_halogens_sidechainfeaturizer_sum,0.0
25,poly_fluorine_count_sidechainfeaturizer_sum,0.0
25,poly_chlorine_count_sidechainfeaturizer_sum,0.0
25,poly_bromine_count_sidechainfeaturizer_sum,0.0
25,fingerprint_H_bit_83,0.0
25,fingerprint_H_bit_86,0.0
25,poly_fraction_bicyclic_rings_sidechainfeaturizer_sum,0.0
25,fingerprint_H_bit_87,0.0
25,fingerprint_H_bit_88,0.0
25,poly_fraction_bicyclic_rings_sum_backbonefeaturizer,0.0
25,drug_fingerprint_bit_195,0.0
25,drug_fingerprint_bit_198,0.0
25,fingerprint_H_bit_71,0.0
25,fingerprint_H_bit_72,0.0
25,fingerprint_H_bit_73,0.0
25,poly_total_halogens_sum_backbonefeaturizer,0.0
25,poly_fluorine_count_sum_backbonefeaturizer,0.0
25,poly_chlorine_count_sum_backbonefeaturizer,0.0
25,poly_bromine_count_sum_backbonefeaturizer,0.0
25,poly_triple_bonds_sidechainfeaturizer_sum,0.0
25,poly_bridging_rings_count_sidechainfeaturizer_sum,0.0
25,fingerprint_H_bit_74,0.0
25,fingerprint_H_bit_75,0.0
25,fingerprint_H_bit_76,0.0
25,fingerprint_H_bit_77,0.0
25,fingerprint_H_bit_79,0.0
25,fingerprint_H_bit_82,0.0
25,poly_iodine_count_sum_backbonefeaturizer,0.0
25,poly_triple_bonds_sum_backbonefeaturizer,0.0
25,poly_bridging_rings_count_sum_backbonefeaturizer,0.0
25,poly_fluorine_count_sum_fullpolymerfeaturizer,0.0
25,poly_chlorine_count_sum_fullpolymerfeaturizer,0.0
25,poly_bromine_count_sum_fullpolymerfeaturizer,0.0
25,drug_fingerprint_bit_209,0.0
25,drug_fingerprint_bit_215,0.0
25,fingerprint_H_bit_101,0.0
25,fingerprint_H_bit_102,0.0
25,fingerprint_H_bit_103,0.0
25,fingerprint_H_bit_104,0.0
25,fingerprint_H_bit_105,0.0
25,poly_bridging_rings_count_sum_fullpolymerfeaturizer,0.0
25,poly_fraction_bicyclic_rings_sum_fullpolymerfeaturizer,0.0
25,fingerprint_H_bit_235,0.0
25,fingerprint_H_bit_17,0.0
25,fingerprint_H_bit_22,0.0
25,fingerprint_H_bit_23,0.0
25,fingerprint_H_bit_24,0.0
25,fingerprint_H_bit_25,0.0
25,drug_fingerprint_bit_254,0.0
25,fingerprint_H_bit_0,0.0
25,fingerprint_H_bit_239,0.0
25,fingerprint_H_bit_240,0.0
25,fingerprint_H_bit_241,0.0
25,poly_iodine_count_sum_fullpolymerfeaturizer,0.0
25,fingerprint_H_bit_11,0.0
25,fingerprint_H_bit_189,0.0
25,fingerprint_H_bit_188,0.0
25,fingerprint_H_bit_187,0.0
25,fingerprint_H_bit_117,0.0
25,fingerprint_H_bit_115,0.0
25,fingerprint_H_bit_156,0.0
25,fingerprint_H_bit_154,0.0
25,fingerprint_H_bit_62,0.0
25,fingerprint_H_bit_60,0.0
25,fingerprint_H_bit_59,0.0
25,drug_fingerprint_bit_9,0.0
25,fingerprint_H_bit_238,0.0
25,drug_fingerprint_bit_234,0.0
25,fingerprint_H_bit_221,0.0
25,fingerprint_H_bit_220,0.0
25,fingerprint_H_bit_253,0.0
25,fingerprint_H_bit_195,0.0
25,fingerprint_H_bit_196,0.0
25,drug_fingerprint_bit_17,0.0
25,fingerprint_H_bit_140,0.0
25,fingerprint_H_bit_141,0.0
25,fingerprint_H_bit_142,0.0
25,fingerprint_H_bit_146,0.0
25,fingerprint_H_bit_148,0.0
25,fingerprint_H_bit_149,0.0
25,drug_triple_bonds_sum_fullmolecularfeaturizer,0.0
25,fingerprint_H_bit_254,0.0
25,fingerprint_H_bit_255,0.0
25,fingerprint_H_bit_190,0.0
25,fingerprint_H_bit_223,0.0
25,drug_fingerprint_bit_232,0.0
25,fingerprint_H_bit_215,0.0
25,drug_fingerprint_bit_54,0.0
25,drug_fingerprint_bit_51,0.0
25,fingerprint_H_bit_137,0.0
25,fingerprint_H_bit_43,0.0
25,fingerprint_H_bit_47,0.0
25,fingerprint_H_bit_44,0.0
25,drug_fingerprint_bit_21,0.0
25,drug_fingerprint_bit_68,0.0
25,fingerprint_H_bit_176,0.0
25,fingerprint_H_bit_35,0.0
25,fingerprint_H_bit_36,0.0
25,fingerprint_H_bit_40,0.0
25,fingerprint_H_bit_180,0.0
25,fingerprint_H_bit_181,0.0
25,fingerprint_H_bit_184,0.0
25,fingerprint_H_bit_107,0.0
25,fingerprint_H_bit_108,0.0
25,drug_fingerprint_bit_217,0.0
25,drug_fingerprint_bit_220,0.0
25,drug_fingerprint_bit_221,0.0
25,poly_iodine_count_sidechainfeaturizer_sum,0.0
25,fingerprint_H_bit_202,0.0
25,fingerprint_H_bit_203,0.0
25,fingerprint_H_bit_206,0.0
25,fingerprint_H_bit_208,0.0
25,fingerprint_H_bit_150,0.0
25,fingerprint_H_bit_152,0.0
25,fingerprint_H_bit_153,0.0
25,drug_fingerprint_bit_176,0.0
25,fingerprint_H_bit_192,0.0
25,fingerprint_H_bit_193,0.0
25,fingerprint_H_bit_194,0.0
25,poly_total_halogens_sum_fullpolymerfeaturizer,0.0
25,fingerprint_H_bit_99,0.0
25,fingerprint_H_bit_97,0.0
25,fingerprint_H_bit_96,0.0
25,fingerprint_H_bit_211,0.0
25,fingerprint_H_bit_210,0.0
25,fingerprint_H_bit_209,0.0
25,fingerprint_H_bit_111,0.0
25,fingerprint_H_bit_29,0.0
25,fingerprint_H_bit_31,0.0
25,drug_fingerprint_bit_87,0.0
25,fingerprint_H_bit_109,0.0
25,fingerprint_H_bit_50,0.0
25,fingerprint_H_bit_51,0.0
25,fingerprint_H_bit_55,0.0
25,fingerprint_H_bit_110,0.0
25,drug_fingerprint_bit_102,0.0
25,drug_fingerprint_bit_112,0.0
25,fingerprint_H_bit_126,0.0
25,fingerprint_H_bit_127,0.0
25,fingerprint_H_bit_129,0.0
25,fingerprint_H_bit_130,0.0
25,fingerprint_H_bit_132,0.0
25,drug_fingerprint_bit_244,0.0
25,fingerprint_H_bit_243,0.0
25,fingerprint_H_bit_244,0.0
25,fingerprint_H_bit_246,0.0
25,drug_fingerprint_bit_89,0.0
25,fingerprint_H_bit_177,0.0
25,fingerprint_H_bit_178,0.0
25,fingerprint_H_bit_179,0.0
25,fingerprint_H_bit_49,0.0
25,fingerprint_H_bit_252,0.0
25,fingerprint_H_bit_250,0.0
25,fingerprint_H_bit_249,0.0
25,fingerprint_H_bit_248,0.0
25,fingerprint_H_bit_247,0.0
25,fingerprint_H_bit_6,0.0
25,drug_fingerprint_bit_166,0.0
25,drug_fingerprint_bit_157,0.0
25,fingerprint_H_bit_9,0.0
25,drug_bromine_count_sum_fullmolecularfeaturizer,0.0
25,drug_iodine_count_sum_fullmolecularfeaturizer,0.0
25,fingerprint_H_bit_19,0.0
25,fingerprint_H_bit_20,0.0
25,fingerprint_H_bit_21,0.0
25,fingerprint_H_bit_157,0.0
25,fingerprint_H_bit_136,0.0
25,fingerprint_H_bit_199,0.0
25,fingerprint_H_bit_198,0.0
25,fingerprint_H_bit_201,0.0
25,fingerprint_H_bit_200,0.0
25,fingerprint_H_bit_161,0.0
25,fingerprint_H_bit_163,0.0
25,fingerprint_H_bit_165,0.0
25,fingerprint_H_bit_160,0.0
25,fingerprint_H_bit_166,0.0
25,fingerprint_H_bit_168,0.0
25,fingerprint_H_bit_170,0.0
25,fingerprint_H_bit_169,0.0
25,fingerprint_H_bit_171,0.0
25,fingerprint_H_bit_172,0.0
25,fingerprint_H_bit_173,0.0
25,fingerprint_H_bit_135,0.0
25,fingerprint_H_bit_242,-7.424219968957653e-14
25,drug_fingerprint_bit_2,-7.608412722246577e-05
25,drug_fingerprint_bit_179,-0.0029419851797376217
25,drug_fingerprint_bit_56,-0.0034166574465256216
25,drug_fingerprint_bit_143,-0.0034639512236576053
25,drug_fingerprint_bit_246,-0.0038913312725414673
25,drug_fingerprint_bit_25,-0.0044771485618433065
25,drug_fingerprint_bit_48,-0.006978534421750032
25,fingerprint_H_bit_56,-0.007159155273526174
25,drug_fingerprint_bit_19,-0.008462290739676245
25,drug_fingerprint_bit_192,-0.008917855062409245
25,drug_fingerprint_bit_139,-0.010174371184989126
25,drug_fingerprint_bit_241,-0.010769592808309886
25,drug_fingerprint_bit_53,-0.012269251686483537
25,drug_fingerprint_bit_210,-0.013642212263266689
25,drug_fingerprint_bit_121,-0.014573279904664017
25,fingerprint_H_bit_218,-0.015165510003248926
25,drug_fingerprint_bit_124,-0.017325662146462133
25,drug_fingerprint_bit_149,-0.019394753050458947
25,drug_fingerprint_bit_43,-0.021910437849079197
25,drug_fingerprint_bit_38,-0.024276867152623376
25,fingerprint_H_bit_7,-0.02775591476292524
25,drug_fingerprint_bit_95,-0.028668763348817565
25,drug_fingerprint_bit_182,-0.0346553718000467
25,fingerprint_H_bit_138,-0.0406983255531359
25,drug_fingerprint_bit_80,-0.0446125171892734
25,drug_fingerprint_bit_240,-0.05070725845517622
25,drug_fingerprint_bit_193,-0.050845550184662705
25,drug_fingerprint_bit_29,-0.052891483007740124
25,drug_fingerprint_bit_131,-0.05383875261766054
25,drug_fingerprint_bit_174,-0.05541937365282957
25,homo_eV_H,-0.057629087204917696
25,fingerprint_H_bit_207,-0.06329715156252287
25,drug_fingerprint_bit_85,-0.07298376460783808
25,drug_fingerprint_bit_230,-0.07630068771348775
25,fingerprint_H_bit_213,-0.07915300022027738
25,drug_fingerprint_bit_91,-0.07994104506276593
25,drug_fingerprint_bit_138,-0.0831272857878553
25,poly_num_hbond_acceptors_sum_fullpolymerfeaturizer,-0.08812959145354755
25,drug_double_bonds_sum_fullmolecularfeaturizer,-0.09511749940996403
25,drug_fingerprint_bit_1,-0.0997705694498062
25,drug_fingerprint_bit_113,-0.10409973673828331
25,poly_topological_surface_area_sum_fullpolymerfeaturizer,-0.1190117362981142
25,fingerprint_H_bit_38,-0.12142843977293251
25,fingerprint_H_bit_39,-0.12656394541148017
25,drug_fingerprint_bit_132,-0.13484507380202815
25,fingerprint_H_bit_120,-0.1409010741917755
25,poly_num_hbond_donors_sum_fullpolymerfeaturizer,-0.14702949117894767
25,poly_balaban_j_index_sum_fullpolymerfeaturizer,-0.14860067855811265
25,drug_fingerprint_bit_243,-0.15059002973194535
25,drug_charge_at_WATER_PH,-0.15421149507454585
25,poly_molecular_weight_sum_fullpolymerfeaturizer,-0.16430927186710462
25,logp_H,-0.17345284134143205
25,drug_fingerprint_bit_40,-0.18732649669384932
25,poly_heteroatom_count_sum_fullpolymerfeaturizer,-0.18783820360138412
25,drug_fingerprint_bit_111,-0.1918338897367133
25,drug_fingerprint_bit_93,-0.1966032961565237
25,drug_fingerprint_bit_168,-0.20473394158963448
25,drug_fingerprint_bit_153,-0.20918813665424363
25,WATER_PH,-0.22285653327597815
25,drug_fingerprint_bit_118,-0.22593767514924104
25,drug_fingerprint_bit_5,-0.24092553289708588
25,drug_fingerprint_bit_73,-0.24207914100403174
25,drug_fingerprint_bit_228,-0.24447976291701007
25,fingerprint_H_bit_125,-0.24722062803874204
25,drug_slogp_vsa1_sum_fullmolecularfeaturizer,-0.24769063920422857
25,poly_num_rings_sum_fullpolymerfeaturizer,-0.25980831448351527
25,poly_heteroatom_density_sum_backbonefeaturizer,-0.26701327823533644
25,drug_max_estate_index_sum_fullmolecularfeaturizer,-0.26923802688159654
25,poly_max_estate_index_sum_fullpolymerfeaturizer,-0.27292521050285395
25,charge_at_WATER_PH_H,-0.2883729343793612
25,drug_fingerprint_bit_207,-0.298967186404556
25,fingerprint_H_bit_222,-0.3175871536753655
25,fingerprint_H_bit_42,-0.3179592037513717
25,drug_fingerprint_bit_107,-0.3180505130653564
25,drug_fingerprint_bit_214,-0.3266970671131246
25,poly_smr_vsa5_sum_fullpolymerfeaturizer,-0.33618385452652383
25,fingerprint_H_bit_237,-0.3371989898400383
25,drug_fingerprint_bit_255,-0.33982406670151644
25,drug_fingerprint_bit_175,-0.36907311941154486
25,poly_max_ring_size_sum_backbonefeaturizer,-0.40494235372071696
25,fingerprint_H_bit_212,-0.42717513392898093
25,poly_num_atoms_sum_fullpolymerfeaturizer,-0.5040121577999535
25,drug_fingerprint_bit_151,-0.507136724222984
25,drug_fingerprint_bit_186,-0.5105440626567613
25,drug_fingerprint_bit_163,-0.5121469137528409
25,fingerprint_H_bit_204,-0.5609490397625403
25,drug_fingerprint_bit_133,-0.5917706330657537
25,drug_fingerprint_bit_4,-0.6255570670662011
25,drug_fingerprint_bit_64,-0.681586085432628
25,drug_fingerprint_bit_47,-0.7269879407205737
25,drug_fingerprint_bit_72,-0.7538444314843975
25,drug_fingerprint_bit_128,-0.797920154384164
25,drug_fingerprint_bit_115,-0.8001246740600981
25,CONCENTRATION,-0.8415746393583492
25,drug_fingerprint_bit_119,-1.1147940657878006
25,drug_fingerprint_bit_45,-1.129914357878859
25,drug_fingerprint_bit_200,-1.1539163436778315
25,fingerprint_H_bit_183,-1.1644311750826177
25,drug_fingerprint_bit_224,-1.3783229388453797
25,fingerprint_H_bit_98,-1.4873773293761114
25,drug_fingerprint_bit_233,-1.7992305308081964
25,drug_fingerprint_bit_52,-1.8667977348397364
25,poly_num_aromatic_rings_sum_fullpolymerfeaturizer,-1.9317205680578997
25,fingerprint_H_bit_147,-2.0312600070244575
25,poly_sp2_carbon_count_sum_fullpolymerfeaturizer,-2.1255546672840153
25,fingerprint_H_bit_66,-2.181490315413962
25,drug_fingerprint_bit_108,-2.3154112741043753
25,fingerprint_H_bit_233,-2.542162020903215
25,drug_fingerprint_bit_33,-2.6866156272003385
25,drug_fingerprint_bit_88,-3.8585734065643824
25,fingerprint_H_bit_191,-6.0183555991540425
26,drug_fingerprint_bit_190,13.072510401485017
26,drug_fingerprint_bit_98,9.903495672920448
26,fingerprint_H_bit_201,9.802612341893715
26,fingerprint_H_bit_58,2.00891029344366
26,poly_max_estate_index_sidechainfeaturizer_sum,1.7854388626802218
26,poly_heteroatom_density_sidechainfeaturizer_sum,1.7744269555596226
26,drug_fingerprint_bit_42,1.6777494714469052
26,fingerprint_H_bit_214,1.6345996003954766
26,poly_sp2_carbon_count_sum_backbonefeaturizer,1.6217112552332829
26,poly_balaban_j_index_sidechainfeaturizer_sum,1.584364074866803
26,poly_max_ring_size_sum_fullpolymerfeaturizer,1.5077910448248364
26,drug_fingerprint_bit_213,1.425502163173873
26,fingerprint_H_bit_182,1.3817966697864164
26,fingerprint_H_bit_28,1.3685696698597745
26,fingerprint_H_bit_186,1.3569294119209208
26,fingerprint_H_bit_81,1.2832593219567894
26,poly_num_atoms_sidechainfeaturizer_sum,1.2587694088024846
26,fingerprint_H_bit_155,1.2543699200482181
26,fingerprint_H_bit_245,1.226785923985372
26,poly_max_ring_size_sum_backbonefeaturizer,1.221249583401775
26,drug_fingerprint_bit_52,1.2054430593722725
26,fingerprint_H_bit_167,1.125414596710077
26,poly_num_rings_sidechainfeaturizer_sum,1.0913834835877319
26,poly_molecular_weight_sum_backbonefeaturizer,1.0823458673254371
26,fingerprint_H_bit_41,1.075963225497858
26,fingerprint_H_bit_128,1.0611792739428432
26,poly_max_ring_size_sidechainfeaturizer_sum,1.0350292041851383
26,poly_num_rotatable_bonds_sum_backbonefeaturizer,0.8741647176509615
26,drug_fingerprint_bit_110,0.8445703290552641
26,fingerprint_H_bit_147,0.8330026515752449
26,fingerprint_H_bit_1,0.8108536000891078
26,drug_fingerprint_bit_158,0.8031407354509172
26,fingerprint_H_bit_145,0.8024946308066419
26,drug_fingerprint_bit_218,0.7813615922086294
26,poly_heteroatom_count_sum_backbonefeaturizer,0.7585029604003279
26,poly_num_rings_sum_backbonefeaturizer,0.7464454003328862
26,fingerprint_H_bit_222,0.7367797545758376
26,poly_num_hbond_acceptors_sidechainfeaturizer_sum,0.7329550939642904
26,fingerprint_H_bit_53,0.7200429809860255
26,fingerprint_H_bit_197,0.7164393214978196
26,poly_smr_vsa5_sum_backbonefeaturizer,0.70095523962567
26,fingerprint_H_bit_118,0.6991818057176376
26,fingerprint_H_bit_232,0.6802317553567819
26,charge_at_WATER_PH_H,0.6625021757510192
26,poly_num_hbond_donors_sidechainfeaturizer_sum,0.6380018007650293
26,fingerprint_H_bit_204,0.6341257630367625
26,poly_balaban_j_index_sum_backbonefeaturizer,0.6315670164231403
26,fingerprint_H_bit_119,0.6173507145228057
26,poly_num_aromatic_rings_sidechainfeaturizer_sum,0.6161984229339363
26,poly_heteroatom_count_sidechainfeaturizer_sum,0.5885582517312778
26,poly_sp2_carbon_count_sidechainfeaturizer_sum,0.587875931387782
26,drug_fingerprint_bit_147,0.5769226610713402
26,fingerprint_H_bit_113,0.5664058143970738
26,fingerprint_H_bit_45,0.5635922026722656
26,fingerprint_H_bit_84,0.5498995408125805
26,poly_num_aromatic_rings_sum_fullpolymerfeaturizer,0.5336475590614739
26,drug_fingerprint_bit_63,0.5308323173165658
26,drug_fingerprint_bit_167,0.4956576027625062
26,fingerprint_H_bit_217,0.4888167757841905
26,poly_fp_density_morgan1_sum_fullpolymerfeaturizer,0.48623988295452386
26,fingerprint_H_bit_69,0.4719238776751614
26,poly_fp_density_morgan1_sidechainfeaturizer_sum,0.47116897176612343
26,poly_molecular_weight_sidechainfeaturizer_sum,0.47090698216387483
26,fingerprint_H_bit_100,0.4621894746197882
26,lumo_eV_H,0.46081768320701016
26,drug_fingerprint_bit_249,0.45882733438116985
26,fingerprint_H_bit_133,0.45375483109942305
26,poly_double_bonds_sum_backbonefeaturizer,0.449451202246803
26,fingerprint_H_bit_123,0.43724901034977065
26,drug_heteroatom_count_sum_fullmolecularfeaturizer,0.430304150546557
26,poly_topological_surface_area_sum_backbonefeaturizer,0.4232621798407762
26,fingerprint_H_bit_48,0.417343339736957
26,drug_fingerprint_bit_73,0.41487598576247275
26,fingerprint_H_bit_139,0.4129251784050267
26,drug_total_halogens_sum_fullmolecularfeaturizer,0.4112569536665012
26,drug_fingerprint_bit_22,0.4092557295098616
26,drug_num_aromatic_rings_sum_fullmolecularfeaturizer,0.4012860677460761
26,poly_num_rotatable_bonds_sidechainfeaturizer_sum,0.39682277547338984
26,drug_fingerprint_bit_159,0.39664945446716343
26,drug_fingerprint_bit_201,0.3864425717836711
26,poly_heteroatom_density_sum_fullpolymerfeaturizer,0.38430849721753646
26,poly_single_bonds_sum_backbonefeaturizer,0.37574916637583805
26,fingerprint_H_bit_236,0.374939418900571
26,drug_fingerprint_bit_188,0.3736283121161788
26,drug_fingerprint_bit_118,0.3689061226089877
26,fingerprint_H_bit_85,0.3687018120315259
26,drug_fingerprint_bit_142,0.3603440402877935
26,drug_fingerprint_bit_15,0.35008438657396657
26,drug_fingerprint_bit_141,0.34858856806129973
26,poly_heteroatom_density_sum_backbonefeaturizer,0.3480872824210576
26,fingerprint_H_bit_159,0.3448987457399103
26,fingerprint_H_bit_227,0.3445778570138321
26,drug_num_hbond_donors_sum_fullmolecularfeaturizer,0.34264479168360007
26,poly_slogp_vsa1_sum_fullpolymerfeaturizer,0.3312035419091447
26,poly_num_rotatable_bonds_sum_fullpolymerfeaturizer,0.3230886919785429
26,drug_fingerprint_bit_12,0.3180304663569413
26,drug_fingerprint_bit_71,0.31734305398087737
26,drug_fingerprint_bit_36,0.3084205001764157
26,drug_fingerprint_bit_252,0.3044537444414477
26,poly_slogp_vsa1_sum_backbonefeaturizer,0.3017471142416751
26,drug_fingerprint_bit_189,0.30008973784391374
26,drug_fingerprint_bit_185,0.2951750614565432
26,poly_single_bonds_sidechainfeaturizer_sum,0.29107634001197386
26,drug_fingerprint_bit_226,0.29053423009371526
26,poly_num_hbond_donors_sum_backbonefeaturizer,0.2899125255353313
26,drug_bridging_rings_count_sum_fullmolecularfeaturizer,0.2811890436124457
26,fingerprint_H_bit_251,0.27817031992349517
26,drug_fingerprint_bit_115,0.26988210514734445
26,poly_sp2_carbon_count_sum_fullpolymerfeaturizer,0.26621711105395435
26,drug_fingerprint_bit_223,0.26450242950168434
26,fingerprint_H_bit_33,0.2640040263726893
26,drug_fingerprint_bit_247,0.26355131628649453
26,drug_fingerprint_bit_126,0.26273227797720167
26,fingerprint_H_bit_67,0.2621465505502259
26,drug_fingerprint_bit_197,0.2607671171413898
26,drug_fingerprint_bit_165,0.2587648533345737
26,drug_fluorine_count_sum_fullmolecularfeaturizer,0.25469947165264434
26,fingerprint_H_bit_27,0.24227367800004873
26,drug_fingerprint_bit_177,0.23331966213757974
26,drug_fingerprint_bit_183,0.23052451959190615
26,drug_fingerprint_bit_139,0.22987387319909777
26,fingerprint_H_bit_13,0.22156483522549525
26,drug_fingerprint_bit_206,0.22071253348598077
26,drug_fingerprint_bit_145,0.21137181374829986
26,fingerprint_H_bit_52,0.20772236407025163
26,drug_topological_surface_area_sum_fullmolecularfeaturizer,0.2025606290770954
26,fingerprint_H_bit_89,0.2018203191120483
26,drug_num_atoms_sum_fullmolecularfeaturizer,0.20066524174426625
26,drug_balaban_j_index_sum_fullmolecularfeaturizer,0.19690861861268052
26,drug_fingerprint_bit_155,0.19672199979186128
26,drug_fingerprint_bit_160,0.19533920427459708
26,fingerprint_H_bit_78,0.19516482585104603
26,poly_sp3_carbon_count_sum_backbonefeaturizer,0.194486294297533
26,poly_double_bonds_sidechainfeaturizer_sum,0.1938051997799575
26,drug_fingerprint_bit_19,0.1906039204943934
26,drug_fingerprint_bit_6,0.18863247691408086
26,drug_single_bonds_sum_fullmolecularfeaturizer,0.18746923564253254
26,drug_fingerprint_bit_211,0.18717221439214393
26,poly_smr_vsa5_sidechainfeaturizer_sum,0.18643884775976963
26,fingerprint_H_bit_134,0.17668351100283117
26,fingerprint_H_bit_70,0.1761123442939616
26,drug_fingerprint_bit_246,0.17260086579938688
26,poly_num_aromatic_rings_sum_backbonefeaturizer,0.16916139986429352
26,poly_sp3_carbon_count_sidechainfeaturizer_sum,0.16816560439071232
26,fingerprint_H_bit_162,0.16716979222705713
26,drug_lumo_eV,0.16440176184490723
26,drug_fingerprint_bit_251,0.16293350208957394
26,drug_fingerprint_bit_161,0.16293263357929805
26,drug_fingerprint_bit_28,0.16129776783421942
26,drug_fingerprint_bit_125,0.15986764980153476
26,drug_fingerprint_bit_35,0.15912930455991328
26,drug_fingerprint_bit_184,0.15589451906644122
26,drug_fingerprint_bit_81,0.15394843688558763
26,drug_fingerprint_bit_106,0.15384860366056455
26,fingerprint_H_bit_151,0.15329921980847575
26,drug_fingerprint_bit_136,0.14777626148758896
26,drug_fingerprint_bit_0,0.14327170094156177
26,drug_fingerprint_bit_219,0.13911481102519463
26,poly_topological_surface_area_sidechainfeaturizer_sum,0.1383230260341715
26,drug_heteroatom_density_sum_fullmolecularfeaturizer,0.13631690834561172
26,drug_fingerprint_bit_122,0.13617781301629098
26,drug_fingerprint_bit_13,0.13568011834826407
26,drug_fingerprint_bit_11,0.13361173478566382
26,drug_fingerprint_bit_50,0.13340616878353131
26,drug_fingerprint_bit_180,0.1314862313001936
26,fingerprint_H_bit_226,0.1296921127807947
26,drug_fingerprint_bit_3,0.12850668956972014
26,drug_fingerprint_bit_140,0.12821472718105428
26,fingerprint_H_bit_216,0.1269638096954004
26,drug_fingerprint_bit_216,0.12673170098947578
26,drug_num_hbond_acceptors_sum_fullmolecularfeaturizer,0.1261499242048962
26,drug_fingerprint_bit_77,0.12439706707973361
26,drug_fingerprint_bit_75,0.12171266019012263
26,drug_sp3_carbon_count_sum_fullmolecularfeaturizer,0.12102711212901522
26,drug_fingerprint_bit_146,0.1202803238923331
26,drug_fingerprint_bit_255,0.12026156962704203
26,drug_fingerprint_bit_120,0.11977522742100548
26,drug_fingerprint_bit_83,0.11931225391157439
26,drug_fingerprint_bit_181,0.11464603132283195
26,drug_fingerprint_bit_164,0.11414701026752287
26,drug_fraction_bicyclic_rings_sum_fullmolecularfeaturizer,0.11280280129648665
26,drug_smr_vsa5_sum_fullmolecularfeaturizer,0.1117238306155907
26,drug_fingerprint_bit_44,0.11146733128618196
26,drug_fingerprint_bit_253,0.10998636791745663
26,fingerprint_H_bit_121,0.10940366086815945
26,poly_slogp_vsa1_sidechainfeaturizer_sum,0.10801848598197439
26,drug_molecular_weight_sum_fullmolecularfeaturizer,0.10747961035966946
26,drug_fingerprint_bit_242,0.10697405813853524
26,drug_fingerprint_bit_109,0.10197838439072168
26,drug_fingerprint_bit_127,0.09946156693796526
26,fingerprint_H_bit_219,0.09785321950671311
26,drug_fingerprint_bit_101,0.0966337792529324
26,drug_fingerprint_bit_199,0.09626130885117841
26,fingerprint_H_bit_54,0.09372447198308895
26,drug_fingerprint_bit_93,0.09369316436895538
26,drug_fingerprint_bit_137,0.09250873232674706
26,drug_fingerprint_bit_238,0.08884637050147967
26,drug_logd_at_WATER_PH,0.08740189054035045
26,fingerprint_H_bit_213,0.08732025774779693
26,drug_fingerprint_bit_95,0.08664955484384747
26,drug_fingerprint_bit_76,0.0837057079757522
26,fingerprint_H_bit_37,0.08335644004120371
26,drug_num_aliphatic_heterocycles_sum_fullmolecularfeaturizer,0.08256044035250129
26,poly_num_hbond_acceptors_sum_backbonefeaturizer,0.08210321646779763
26,drug_fingerprint_bit_236,0.08172744596754045
26,drug_fingerprint_bit_250,0.08014881137165222
26,drug_fingerprint_bit_130,0.07921603937853747
26,drug_fingerprint_bit_131,0.07787496133137538
26,drug_fingerprint_bit_5,0.07677476218563829
26,drug_homo_eV,0.07654155084540988
26,drug_fingerprint_bit_67,0.07338110341695746
26,drug_fingerprint_bit_169,0.07272902557578666
26,drug_fingerprint_bit_208,0.07242433346567438
26,fingerprint_H_bit_56,0.07210538081726428
26,drug_fingerprint_bit_105,0.07156338269001908
26,drug_fingerprint_bit_191,0.0711454713256304
26,drug_fingerprint_bit_116,0.07108494671121976
26,drug_fingerprint_bit_2,0.06889590904327823
26,drug_fingerprint_bit_74,0.06861628271551388
26,drug_fingerprint_bit_18,0.06847116810966739
26,drug_fingerprint_bit_114,0.0661765689718157
26,drug_fingerprint_bit_103,0.06254674750520302
26,drug_fingerprint_bit_39,0.06135436435923736
26,drug_fingerprint_bit_84,0.0600979464668843
26,drug_fingerprint_bit_34,0.05818612839904335
26,drug_fingerprint_bit_212,0.057748897798937916
26,drug_fingerprint_bit_205,0.05764472455037078
26,fingerprint_H_bit_46,0.055764492373571464
26,drug_fingerprint_bit_245,0.055335385052146815
26,drug_num_rings_sum_fullmolecularfeaturizer,0.053641287434378404
26,drug_fingerprint_bit_27,0.053400749141969336
26,drug_fingerprint_bit_62,0.05286633941505557
26,drug_fingerprint_bit_229,0.05197751211211153
26,drug_fingerprint_bit_7,0.051781050017219644
26,fingerprint_H_bit_224,0.05093294649884732
26,fingerprint_H_bit_98,0.04994981134291052
26,drug_fingerprint_bit_48,0.04971798046182233
26,drug_fingerprint_bit_57,0.049600655381937524
26,poly_num_non_aromatic_rings_sum_backbonefeaturizer,0.04850449574614757
26,drug_fingerprint_bit_24,0.04751006427235688
26,drug_fingerprint_bit_179,0.046610890036955524
26,drug_fingerprint_bit_150,0.045827360241033135
26,drug_fingerprint_bit_196,0.045517704092017795
26,drug_fingerprint_bit_26,0.04544335941338445
26,fingerprint_H_bit_61,0.04496686479719234
26,fingerprint_H_bit_30,0.04494277779778955
26,drug_fingerprint_bit_144,0.04467899544592812
26,drug_logp,0.0444348312592881
26,drug_fingerprint_bit_134,0.044410033867247685
26,drug_fingerprint_bit_14,0.04286821283533041
26,drug_fingerprint_bit_82,0.041563556818660786
26,drug_fingerprint_bit_56,0.04088466351394857
26,poly_fp_density_morgan1_sum_backbonefeaturizer,0.04049533162725156
26,drug_fingerprint_bit_41,0.040281645523992736
26,drug_fingerprint_bit_32,0.04009231340633511
26,drug_fingerprint_bit_194,0.03998693699183923
26,drug_fingerprint_bit_240,0.039255084464948166
26,drug_fingerprint_bit_170,0.038631517677719204
26,drug_fingerprint_bit_156,0.038252023080938884
26,drug_fingerprint_bit_97,0.03804835176293282
26,fingerprint_H_bit_233,0.036388258225513
26,drug_fingerprint_bit_104,0.03569934191344058
26,drug_fingerprint_bit_30,0.03562040895762076
26,drug_fingerprint_bit_69,0.03523250630661653
26,drug_fingerprint_bit_148,0.034410963663847896
26,drug_fingerprint_bit_94,0.03429263999681927
26,drug_fingerprint_bit_60,0.03280106331364413
26,fingerprint_H_bit_18,0.03249004990455267
26,drug_fingerprint_bit_37,0.0319591243972996
26,drug_fingerprint_bit_90,0.0314706287444923
26,fingerprint_H_bit_57,0.0314129676786649
26,drug_fingerprint_bit_58,0.031302193883850284
26,drug_fingerprint_bit_46,0.031300137527939205
26,fingerprint_H_bit_185,0.030041813966659336
26,drug_fingerprint_bit_248,0.029791488617041697
26,drug_fingerprint_bit_149,0.029754335499873625
26,drug_fingerprint_bit_237,0.029549818525882485
26,drug_fingerprint_bit_23,0.02901619646945866
26,drug_fingerprint_bit_182,0.028864701496482396
26,fingerprint_H_bit_114,0.027102667270986626
26,fingerprint_H_bit_174,0.02592492062180158
26,drug_fingerprint_bit_10,0.02477170993801448
26,fingerprint_H_bit_116,0.024630978951214196
26,logp_H,0.02449551038986985
26,drug_fingerprint_bit_99,0.02408683644746662
26,fingerprint_H_bit_68,0.023222562528726867
26,drug_fingerprint_bit_154,0.022676947476248162
26,drug_fingerprint_bit_222,0.02158163211291061
26,drug_fingerprint_bit_235,0.020854027331409508
26,drug_fingerprint_bit_178,0.020295194796393242
26,drug_fingerprint_bit_203,0.019756699945866648
26,drug_fingerprint_bit_152,0.019752578034198918
26,fingerprint_H_bit_158,0.019721709067318887
26,fingerprint_H_bit_66,0.019378638477364134
26,drug_chlorine_count_sum_fullmolecularfeaturizer,0.018866408324588708
26,drug_fingerprint_bit_225,0.01825484715923172
26,drug_fingerprint_bit_20,0.017646807979377916
26,fingerprint_H_bit_112,0.017424735382924744
26,fingerprint_H_bit_106,0.01734454477232777
26,fingerprint_H_bit_26,0.016977048922482422
26,drug_fingerprint_bit_204,0.015805367341224046
26,drug_fingerprint_bit_31,0.015221538201224087
26,fingerprint_H_bit_34,0.014674653795843016
26,drug_fingerprint_bit_70,0.014249101322982474
26,fingerprint_H_bit_131,0.013923066788335778
26,fingerprint_H_bit_32,0.012214509709523156
26,drug_fingerprint_bit_117,0.011883458280710687
26,fingerprint_H_bit_65,0.011265020647029497
26,drug_num_non_aromatic_rings_sum_fullmolecularfeaturizer,0.011185153432683568
26,drug_fingerprint_bit_121,0.009808249369088876
26,drug_fingerprint_bit_231,0.00928692137301439
26,drug_fingerprint_bit_78,0.008473206881093575
26,drug_fingerprint_bit_202,0.007961384370625105
26,drug_fingerprint_bit_171,0.007759336000980015
26,drug_fp_density_morgan1_sum_fullmolecularfeaturizer,0.007715108085349903
26,poly_num_aliphatic_heterocycles_sum_fullpolymerfeaturizer,0.00763861117455776
26,drug_fingerprint_bit_16,0.00672876893781568
26,drug_fingerprint_bit_162,0.006326429068236058
26,drug_fingerprint_bit_85,0.006218634889561869
26,drug_fingerprint_bit_132,0.005136683530896251
26,poly_num_non_aromatic_rings_sum_fullpolymerfeaturizer,0.004901919643312414
26,drug_fingerprint_bit_25,0.004619231444666528
26,drug_fingerprint_bit_43,0.003854191267870027
26,poly_num_aliphatic_heterocycles_sum_backbonefeaturizer,0.002949973703542454
26,drug_fingerprint_bit_239,0.0028570054538116277
26,drug_fingerprint_bit_135,0.0025924641590923353
26,drug_fingerprint_bit_241,0.0004881338661204747
26,drug_fingerprint_bit_100,0.0003730027117013613
26,fingerprint_H_bit_111,0.0
26,poly_chlorine_count_sidechainfeaturizer_sum,0.0
26,poly_bromine_count_sidechainfeaturizer_sum,0.0
26,fingerprint_H_bit_117,0.0
26,poly_fluorine_count_sidechainfeaturizer_sum,0.0
26,fingerprint_H_bit_115,0.0
26,drug_fingerprint_bit_232,0.0
26,poly_bridging_rings_count_sum_fullpolymerfeaturizer,0.0
26,poly_num_non_aromatic_rings_sidechainfeaturizer_sum,0.0
26,fingerprint_H_bit_160,0.0
26,fingerprint_H_bit_157,0.0
26,fingerprint_H_bit_156,0.0
26,fingerprint_H_bit_154,0.0
26,drug_triple_bonds_sum_fullmolecularfeaturizer,0.0
26,drug_iodine_count_sum_fullmolecularfeaturizer,0.0
26,fingerprint_H_bit_161,0.0
26,fingerprint_H_bit_2,0.0
26,fingerprint_H_bit_136,0.0
26,fingerprint_H_bit_137,0.0
26,poly_total_halogens_sum_fullpolymerfeaturizer,0.0
26,poly_iodine_count_sidechainfeaturizer_sum,0.0
26,poly_triple_bonds_sidechainfeaturizer_sum,0.0
26,poly_bridging_rings_count_sidechainfeaturizer_sum,0.0
26,fingerprint_H_bit_90,0.0
26,fingerprint_H_bit_91,0.0
26,fingerprint_H_bit_92,0.0
26,fingerprint_H_bit_93,0.0
26,fingerprint_H_bit_94,0.0
26,fingerprint_H_bit_95,0.0
26,fingerprint_H_bit_96,0.0
26,fingerprint_H_bit_105,0.0
26,fingerprint_H_bit_132,0.0
26,fingerprint_H_bit_135,0.0
26,poly_total_halogens_sum_backbonefeaturizer,0.0
26,poly_fluorine_count_sum_backbonefeaturizer,0.0
26,poly_chlorine_count_sum_backbonefeaturizer,0.0
26,poly_bromine_count_sum_backbonefeaturizer,0.0
26,poly_triple_bonds_sum_backbonefeaturizer,0.0
26,poly_iodine_count_sum_backbonefeaturizer,0.0
26,poly_bridging_rings_count_sum_backbonefeaturizer,0.0
26,poly_fluorine_count_sum_fullpolymerfeaturizer,0.0
26,drug_fingerprint_bit_215,0.0
26,drug_fingerprint_bit_217,0.0
26,drug_fingerprint_bit_220,0.0
26,drug_fingerprint_bit_221,0.0
26,fingerprint_H_bit_129,0.0
26,fingerprint_H_bit_127,0.0
26,fingerprint_H_bit_126,0.0
26,fingerprint_H_bit_130,0.0
26,drug_fingerprint_bit_17,0.0
26,drug_fingerprint_bit_21,0.0
26,drug_fingerprint_bit_209,0.0
26,poly_fraction_bicyclic_rings_sum_backbonefeaturizer,0.0
26,fingerprint_H_bit_82,0.0
26,fingerprint_H_bit_79,0.0
26,fingerprint_H_bit_110,0.0
26,poly_total_halogens_sidechainfeaturizer_sum,0.0
26,fingerprint_H_bit_109,0.0
26,fingerprint_H_bit_108,0.0
26,fingerprint_H_bit_107,0.0
26,poly_num_aliphatic_heterocycles_sidechainfeaturizer_sum,0.0
26,poly_fraction_bicyclic_rings_sidechainfeaturizer_sum,0.0
26,fingerprint_H_bit_104,0.0
26,fingerprint_H_bit_103,0.0
26,fingerprint_H_bit_102,0.0
26,fingerprint_H_bit_101,0.0
26,fingerprint_H_bit_99,0.0
26,fingerprint_H_bit_97,0.0
26,poly_triple_bonds_sum_fullpolymerfeaturizer,0.0
26,poly_iodine_count_sum_fullpolymerfeaturizer,0.0
26,poly_bromine_count_sum_fullpolymerfeaturizer,0.0
26,poly_chlorine_count_sum_fullpolymerfeaturizer,0.0
26,drug_fingerprint_bit_254,0.0
26,fingerprint_H_bit_25,0.0
26,fingerprint_H_bit_24,0.0
26,fingerprint_H_bit_23,0.0
26,fingerprint_H_bit_22,0.0
26,fingerprint_H_bit_21,0.0
26,fingerprint_H_bit_20,0.0
26,drug_fingerprint_bit_234,0.0
26,fingerprint_H_bit_163,0.0
26,drug_fingerprint_bit_54,0.0
26,fingerprint_H_bit_231,0.0
26,fingerprint_H_bit_188,0.0
26,fingerprint_H_bit_29,0.0
26,fingerprint_H_bit_31,0.0
26,fingerprint_H_bit_35,0.0
26,fingerprint_H_bit_40,0.0
26,fingerprint_H_bit_36,0.0
26,fingerprint_H_bit_250,0.0
26,fingerprint_H_bit_252,0.0
26,drug_fingerprint_bit_195,0.0
26,drug_fingerprint_bit_198,0.0
26,fingerprint_H_bit_253,0.0
26,fingerprint_H_bit_254,0.0
26,poly_fraction_bicyclic_rings_sum_fullpolymerfeaturizer,0.0
26,fingerprint_H_bit_255,0.0
26,fingerprint_H_bit_83,0.0
26,fingerprint_H_bit_86,0.0
26,drug_fingerprint_bit_9,0.0
26,fingerprint_H_bit_124,0.0
26,fingerprint_H_bit_74,0.0
26,fingerprint_H_bit_75,0.0
26,fingerprint_H_bit_77,0.0
26,fingerprint_H_bit_76,0.0
26,fingerprint_H_bit_87,0.0
26,fingerprint_H_bit_88,0.0
26,fingerprint_H_bit_248,0.0
26,fingerprint_H_bit_249,0.0
26,fingerprint_H_bit_171,0.0
26,fingerprint_H_bit_187,0.0
26,fingerprint_H_bit_181,0.0
26,fingerprint_H_bit_184,0.0
26,fingerprint_H_bit_225,0.0
26,fingerprint_H_bit_228,0.0
26,fingerprint_H_bit_229,0.0
26,fingerprint_H_bit_234,0.0
26,fingerprint_H_bit_235,0.0
26,fingerprint_H_bit_238,0.0
26,fingerprint_H_bit_239,0.0
26,fingerprint_H_bit_240,0.0
26,drug_fingerprint_bit_68,0.0
26,fingerprint_H_bit_211,0.0
26,fingerprint_H_bit_220,0.0
26,fingerprint_H_bit_60,0.0
26,drug_fingerprint_bit_102,0.0
26,fingerprint_H_bit_215,0.0
26,fingerprint_H_bit_223,0.0
26,fingerprint_H_bit_221,0.0
26,drug_fingerprint_bit_87,0.0
26,drug_fingerprint_bit_89,0.0
26,fingerprint_H_bit_59,0.0
26,fingerprint_H_bit_247,0.0
26,fingerprint_H_bit_246,0.0
26,fingerprint_H_bit_244,0.0
26,fingerprint_H_bit_243,0.0
26,fingerprint_H_bit_241,0.0
26,fingerprint_H_bit_180,0.0
26,fingerprint_H_bit_179,0.0
26,fingerprint_H_bit_177,0.0
26,fingerprint_H_bit_178,0.0
26,fingerprint_H_bit_176,0.0
26,fingerprint_H_bit_173,0.0
26,fingerprint_H_bit_172,0.0
26,drug_fingerprint_bit_51,0.0
26,fingerprint_H_bit_71,0.0
26,fingerprint_H_bit_72,0.0
26,fingerprint_H_bit_73,0.0
26,drug_fingerprint_bit_112,0.0
26,fingerprint_H_bit_47,0.0
26,fingerprint_H_bit_49,0.0
26,fingerprint_H_bit_50,0.0
26,fingerprint_H_bit_51,0.0
26,fingerprint_H_bit_230,0.0
26,fingerprint_H_bit_55,0.0
26,drug_fingerprint_bit_157,0.0
26,drug_fingerprint_bit_166,0.0
26,drug_fingerprint_bit_176,0.0
26,fingerprint_H_bit_142,0.0
26,fingerprint_H_bit_140,0.0
26,fingerprint_H_bit_141,0.0
26,fingerprint_H_bit_191,0.0
26,fingerprint_H_bit_190,0.0
26,fingerprint_H_bit_189,0.0
26,fingerprint_H_bit_210,0.0
26,fingerprint_H_bit_209,0.0
26,fingerprint_H_bit_208,0.0
26,fingerprint_H_bit_206,0.0
26,fingerprint_H_bit_62,0.0
26,fingerprint_H_bit_199,0.0
26,fingerprint_H_bit_198,0.0
26,fingerprint_H_bit_196,0.0
26,fingerprint_H_bit_195,0.0
26,fingerprint_H_bit_194,0.0
26,fingerprint_H_bit_193,0.0
26,fingerprint_H_bit_192,0.0
26,fingerprint_H_bit_200,0.0
26,fingerprint_H_bit_44,0.0
26,fingerprint_H_bit_146,0.0
26,fingerprint_H_bit_148,0.0
26,fingerprint_H_bit_149,0.0
26,fingerprint_H_bit_150,0.0
26,fingerprint_H_bit_152,0.0
26,fingerprint_H_bit_153,0.0
26,fingerprint_H_bit_202,0.0
26,fingerprint_H_bit_203,0.0
26,fingerprint_H_bit_3,0.0
26,fingerprint_H_bit_0,0.0
26,fingerprint_H_bit_12,0.0
26,drug_fingerprint_bit_244,0.0
26,fingerprint_H_bit_10,0.0
26,drug_fingerprint_bit_123,0.0
26,fingerprint_H_bit_43,0.0
26,fingerprint_H_bit_170,0.0
26,fingerprint_H_bit_11,0.0
26,fingerprint_H_bit_169,0.0
26,fingerprint_H_bit_168,0.0
26,fingerprint_H_bit_19,0.0
26,fingerprint_H_bit_17,0.0
26,fingerprint_H_bit_166,0.0
26,fingerprint_H_bit_165,0.0
26,fingerprint_H_bit_15,0.0
26,fingerprint_H_bit_16,0.0
26,drug_bromine_count_sum_fullmolecularfeaturizer,0.0
26,fingerprint_H_bit_14,0.0
26,fingerprint_H_bit_9,0.0
26,fingerprint_H_bit_8,0.0
26,fingerprint_H_bit_6,0.0
26,fingerprint_H_bit_5,0.0
26,fingerprint_H_bit_242,-6.081329881013422e-10
26,drug_fingerprint_bit_173,-0.0001062056474948148
26,drug_fingerprint_bit_86,-0.0007044955774125418
26,poly_sp3_carbon_count_sum_fullpolymerfeaturizer,-0.0010758174277637638
26,drug_max_ring_size_sum_fullmolecularfeaturizer,-0.0013701794486893507
26,poly_balaban_j_index_sum_fullpolymerfeaturizer,-0.0027565647154861
26,drug_fingerprint_bit_187,-0.002834206961814852
26,drug_fingerprint_bit_79,-0.004526424364382918
26,fingerprint_H_bit_212,-0.0048012709247234565
26,drug_fingerprint_bit_96,-0.0048158750987959175
26,drug_fingerprint_bit_55,-0.005012235726370541
26,fingerprint_H_bit_63,-0.005019278775817838
26,drug_fingerprint_bit_210,-0.006679834761318064
26,poly_num_rings_sum_fullpolymerfeaturizer,-0.010341170087996383
26,poly_single_bonds_sum_fullpolymerfeaturizer,-0.013109845927081351
26,drug_fingerprint_bit_92,-0.013283389022415446
26,drug_fingerprint_bit_124,-0.014276972505557943
26,drug_fingerprint_bit_172,-0.020413685369950047
26,drug_fingerprint_bit_59,-0.02390613791549829
26,drug_fingerprint_bit_138,-0.027195339730443125
26,drug_fingerprint_bit_29,-0.030198356759893557
26,drug_fingerprint_bit_65,-0.03072257666063654
26,drug_double_bonds_sum_fullmolecularfeaturizer,-0.031152182232877933
26,drug_sp2_carbon_count_sum_fullmolecularfeaturizer,-0.031970872971363785
26,drug_max_estate_index_sum_fullmolecularfeaturizer,-0.03345770841368607
26,drug_fingerprint_bit_192,-0.04367356039064918
26,fingerprint_H_bit_80,-0.04859814937950555
26,drug_fingerprint_bit_207,-0.052499377903386976
26,fingerprint_H_bit_7,-0.0535932926950133
26,drug_fingerprint_bit_38,-0.05458639617822242
26,poly_smr_vsa5_sum_fullpolymerfeaturizer,-0.05756286649794941
26,drug_charge_at_WATER_PH,-0.05777158214993169
26,drug_fingerprint_bit_53,-0.05949183828333316
26,drug_fingerprint_bit_91,-0.06243425511632624
26,fingerprint_H_bit_143,-0.06629933940133333
26,fingerprint_H_bit_237,-0.06838209370928874
26,logd_at_WATER_PH_H,-0.06886761299439795
26,drug_fingerprint_bit_129,-0.0701385717653848
26,drug_fingerprint_bit_230,-0.07054714351262466
26,drug_fingerprint_bit_227,-0.07109516972605587
26,drug_fingerprint_bit_8,-0.07211034188100207
26,fingerprint_H_bit_218,-0.08805629213929181
26,drug_fingerprint_bit_49,-0.09275789530925496
26,drug_fingerprint_bit_174,-0.09358877815752212
26,fingerprint_H_bit_207,-0.09460637183120116
26,poly_topological_surface_area_sum_fullpolymerfeaturizer,-0.09557623756509724
26,homo_eV_H,-0.10490366135901784
26,fingerprint_H_bit_38,-0.10777392002063417
26,poly_num_atoms_sum_backbonefeaturizer,-0.1093048961538315
26,drug_fingerprint_bit_80,-0.13187177927933585
26,drug_fingerprint_bit_113,-0.13695201075590685
26,drug_fingerprint_bit_193,-0.13755368673853163
26,drug_fingerprint_bit_243,-0.14641230220258272
26,drug_fingerprint_bit_40,-0.15068807842433887
26,drug_fingerprint_bit_61,-0.15419963021491995
26,fingerprint_H_bit_39,-0.15454376806905165
26,drug_fingerprint_bit_66,-0.16086687969730407
26,drug_fingerprint_bit_228,-0.16301387513963259
26,fingerprint_H_bit_42,-0.1765599709558067
26,drug_fingerprint_bit_45,-0.1933607867911494
26,poly_max_estate_index_sum_fullpolymerfeaturizer,-0.1948043069073974
26,drug_fingerprint_bit_1,-0.19729703336414778
26,drug_fingerprint_bit_143,-0.19761630655127438
26,poly_max_estate_index_sum_backbonefeaturizer,-0.20856540395785933
26,fingerprint_H_bit_125,-0.2174107320323089
26,drug_fingerprint_bit_168,-0.2337580056660306
26,poly_num_hbond_acceptors_sum_fullpolymerfeaturizer,-0.24046584179859637
26,poly_heteroatom_count_sum_fullpolymerfeaturizer,-0.2690413560485231
26,drug_slogp_vsa1_sum_fullmolecularfeaturizer,-0.27258261926767663
26,drug_fingerprint_bit_153,-0.27340492465775706
26,drug_fingerprint_bit_64,-0.29243530468170537
26,drug_fingerprint_bit_233,-0.30199542481944996
26,poly_num_hbond_donors_sum_fullpolymerfeaturizer,-0.30500463056018023
26,fingerprint_H_bit_64,-0.3150930719558876
26,WATER_PH,-0.31807881055062853
26,drug_fingerprint_bit_111,-0.3181645191821252
26,drug_fingerprint_bit_72,-0.3253554711083978
26,fingerprint_H_bit_120,-0.3298189732364883
26,drug_fingerprint_bit_175,-0.337422811858439
26,poly_molecular_weight_sum_fullpolymerfeaturizer,-0.33838862586177354
26,drug_fingerprint_bit_107,-0.36345447051927543
26,fingerprint_H_bit_175,-0.3716318069462426
26,poly_num_atoms_sum_fullpolymerfeaturizer,-0.37197405677684425
26,drug_fingerprint_bit_133,-0.3835365960896108
26,fingerprint_H_bit_183,-0.4121026069220791
26,drug_fingerprint_bit_186,-0.41484601012315153
26,drug_fingerprint_bit_214,-0.4892768505243827
26,fingerprint_H_bit_138,-0.49716623916524544
26,drug_fingerprint_bit_4,-0.5690997900819839
26,drug_fingerprint_bit_128,-0.5823289222808725
26,drug_fingerprint_bit_200,-0.6039304723907956
26,drug_fingerprint_bit_47,-0.6064037148150897
26,drug_fingerprint_bit_163,-0.6500242452303266
26,poly_double_bonds_sum_fullpolymerfeaturizer,-0.6851584587468242
26,drug_fingerprint_bit_151,-0.7452065207786903
26,fingerprint_H_bit_164,-1.0391118941902524
26,CONCENTRATION,-1.1009552894176797
26,drug_fingerprint_bit_119,-1.1216867136596438
26,drug_fingerprint_bit_224,-1.1305156645178716
26,drug_num_rotatable_bonds_sum_fullmolecularfeaturizer,-1.13191588796418
26,drug_fingerprint_bit_108,-1.4347703529804365
26,drug_fingerprint_bit_33,-2.3695077266720577
26,fingerprint_H_bit_205,-2.609826458218459
26,fingerprint_H_bit_144,-2.9021125758288084
26,fingerprint_H_bit_122,-3.1451291366078
26,drug_fingerprint_bit_88,-4.826980171256947
26,fingerprint_H_bit_4,-6.520975187311177
27,drug_fingerprint_bit_190,5.7830403158647545
27,fingerprint_H_bit_100,2.267312883069821
27,drug_fingerprint_bit_98,2.1079744104700286
27,poly_fp_density_morgan1_sidechainfeaturizer_sum,1.9981532875029415
27,poly_balaban_j_index_sidechainfeaturizer_sum,1.785111207565494
27,poly_max_estate_index_sidechainfeaturizer_sum,1.7475191229719125
27,poly_heteroatom_density_sidechainfeaturizer_sum,1.6541869570604224
27,poly_heteroatom_count_sum_backbonefeaturizer,1.6243864812262463
27,fingerprint_H_bit_147,1.4692881069330945
27,fingerprint_H_bit_53,1.372163510887533
27,poly_num_aromatic_rings_sum_backbonefeaturizer,1.3173924453279313
27,poly_fp_density_morgan1_sum_fullpolymerfeaturizer,1.1967984687847866
27,drug_fingerprint_bit_158,1.1890865836393967
27,poly_fp_density_morgan1_sum_backbonefeaturizer,1.1710113560114643
27,poly_molecular_weight_sidechainfeaturizer_sum,1.1098589551459654
27,fingerprint_H_bit_213,1.0964922902021401
27,fingerprint_H_bit_56,1.0959461302401503
27,poly_num_aromatic_rings_sidechainfeaturizer_sum,1.0860106830357243
27,drug_fingerprint_bit_218,1.082021326913502
27,fingerprint_H_bit_217,1.079974881577912
27,fingerprint_H_bit_151,1.0614404694727788
27,poly_smr_vsa5_sum_backbonefeaturizer,1.0180222265787886
27,poly_single_bonds_sum_backbonefeaturizer,1.0108230009105867
27,poly_max_ring_size_sum_fullpolymerfeaturizer,0.9724561052438647
27,poly_num_atoms_sum_backbonefeaturizer,0.9339147073704026
27,poly_sp2_carbon_count_sum_backbonefeaturizer,0.898806234891378
27,poly_num_atoms_sidechainfeaturizer_sum,0.8810192607952275
27,fingerprint_H_bit_45,0.8678061269370646
27,fingerprint_H_bit_232,0.8273142982353832
27,fingerprint_H_bit_186,0.8236031084696919
27,poly_topological_surface_area_sum_backbonefeaturizer,0.8179785951060896
27,fingerprint_H_bit_139,0.8137330183353987
27,fingerprint_H_bit_33,0.8043999821476102
27,fingerprint_H_bit_182,0.7946546545763854
27,fingerprint_H_bit_197,0.7924880321463464
27,lumo_eV_H,0.7631043784932773
27,poly_topological_surface_area_sidechainfeaturizer_sum,0.7478255861075789
27,drug_topological_surface_area_sum_fullmolecularfeaturizer,0.705317268956347
27,drug_fingerprint_bit_147,0.6944434659277654
27,fingerprint_H_bit_204,0.6872438661916507
27,fingerprint_H_bit_159,0.6825187783200084
27,fingerprint_H_bit_145,0.6800852899147534
27,poly_balaban_j_index_sum_backbonefeaturizer,0.6784208797154729
27,poly_single_bonds_sidechainfeaturizer_sum,0.6444390050772427
27,drug_fingerprint_bit_63,0.638318824704571
27,drug_fingerprint_bit_213,0.6370294439905014
27,drug_num_hbond_donors_sum_fullmolecularfeaturizer,0.6301395290227794
27,drug_fingerprint_bit_153,0.6120137602566013
27,fingerprint_H_bit_78,0.5956157292485127
27,poly_num_hbond_donors_sum_backbonefeaturizer,0.5910215777609255
27,drug_fingerprint_bit_159,0.5865462238001619
27,drug_fingerprint_bit_3,0.5804577582154653
27,poly_num_rotatable_bonds_sum_backbonefeaturizer,0.5775695094837107
27,drug_fingerprint_bit_249,0.5753231445883544
27,drug_heteroatom_count_sum_fullmolecularfeaturizer,0.5671457147820623
27,poly_slogp_vsa1_sum_fullpolymerfeaturizer,0.5519006042311736
27,logd_at_WATER_PH_H,0.5496739187060726
27,poly_num_hbond_donors_sidechainfeaturizer_sum,0.5386075763934409
27,fingerprint_H_bit_222,0.5363267002519254
27,drug_logd_at_WATER_PH,0.5303680535247794
27,drug_fingerprint_bit_250,0.5239123194396116
27,fingerprint_H_bit_128,0.5126032662099528
27,drug_fingerprint_bit_167,0.5115983309629332
27,fingerprint_H_bit_81,0.5104049070446343
27,poly_sp3_carbon_count_sum_backbonefeaturizer,0.5067993846847046
27,fingerprint_H_bit_236,0.5023223091855403
27,poly_heteroatom_density_sum_fullpolymerfeaturizer,0.4977435256423372
27,poly_num_hbond_acceptors_sidechainfeaturizer_sum,0.4932531792401794
27,poly_num_hbond_acceptors_sum_backbonefeaturizer,0.4877045375193124
27,fingerprint_H_bit_41,0.4851506669127029
27,poly_double_bonds_sum_backbonefeaturizer,0.45368427967469455
27,poly_max_ring_size_sum_backbonefeaturizer,0.4446128159836586
27,fingerprint_H_bit_119,0.442006261677898
27,drug_fingerprint_bit_206,0.44097530062384704
27,fingerprint_H_bit_84,0.42725765907205243
27,drug_fingerprint_bit_226,0.3854731426238319
27,drug_fingerprint_bit_223,0.38537428669193685
27,drug_logp,0.3830027088088515
27,drug_bridging_rings_count_sum_fullmolecularfeaturizer,0.3829899177888368
27,poly_smr_vsa5_sum_fullpolymerfeaturizer,0.38234810621889964
27,poly_heteroatom_count_sidechainfeaturizer_sum,0.3657647804471929
27,poly_double_bonds_sum_fullpolymerfeaturizer,0.35976488907292736
27,poly_num_rings_sum_fullpolymerfeaturizer,0.355999375910584
27,drug_num_atoms_sum_fullmolecularfeaturizer,0.3393647057425975
27,drug_fingerprint_bit_22,0.3362735954815343
27,fingerprint_H_bit_27,0.3356107251836232
27,drug_total_halogens_sum_fullmolecularfeaturizer,0.3338456985104709
27,poly_sp2_carbon_count_sidechainfeaturizer_sum,0.33332055475555933
27,drug_fingerprint_bit_201,0.33321677273717754
27,fingerprint_H_bit_28,0.3302335823721874
27,drug_num_aromatic_rings_sum_fullmolecularfeaturizer,0.32963838614256985
27,drug_fingerprint_bit_188,0.3295683332039198
27,fingerprint_H_bit_245,0.32698112748119973
27,fingerprint_H_bit_167,0.323242660191135
27,drug_fingerprint_bit_15,0.3143658994645068
27,drug_fingerprint_bit_253,0.31188249660730955
27,drug_fingerprint_bit_203,0.3065373868190878
27,fingerprint_H_bit_214,0.2955399632640589
27,drug_fingerprint_bit_118,0.2885958359748919
27,drug_lumo_eV,0.28606992027360917
27,drug_fingerprint_bit_189,0.27415871265184855
27,fingerprint_H_bit_227,0.27386044902574097
27,poly_sp3_carbon_count_sidechainfeaturizer_sum,0.2661151994362063
27,drug_fingerprint_bit_227,0.26608001441904044
27,drug_fingerprint_bit_165,0.26419335818994133
27,drug_fingerprint_bit_10,0.2599442829372132
27,fingerprint_H_bit_58,0.25064668218961
27,poly_num_rings_sum_backbonefeaturizer,0.24039213021533065
27,poly_smr_vsa5_sidechainfeaturizer_sum,0.235357878344337
27,drug_single_bonds_sum_fullmolecularfeaturizer,0.2343296118970642
27,drug_fingerprint_bit_50,0.23431877486955305
27,drug_fingerprint_bit_74,0.23278219377560544
27,drug_fingerprint_bit_164,0.21619687184448158
27,drug_fingerprint_bit_183,0.2150537280035853
27,fingerprint_H_bit_48,0.2146743460592422
27,poly_sp2_carbon_count_sum_fullpolymerfeaturizer,0.21268337637164905
27,drug_fingerprint_bit_197,0.20504522185992696
27,drug_heteroatom_density_sum_fullmolecularfeaturizer,0.2027285389745053
27,drug_fingerprint_bit_160,0.2024424845526175
27,drug_fingerprint_bit_115,0.20193609599776002
27,drug_fingerprint_bit_71,0.20154897895292925
27,drug_balaban_j_index_sum_fullmolecularfeaturizer,0.19935512940400826
27,fingerprint_H_bit_251,0.19623119284665233
27,drug_num_aliphatic_heterocycles_sum_fullmolecularfeaturizer,0.19548544591842892
27,drug_fingerprint_bit_49,0.19334628373310436
27,drug_fingerprint_bit_155,0.18644998444900646
27,drug_fingerprint_bit_252,0.1836336743929898
27,drug_fingerprint_bit_246,0.18363155110323176
27,poly_max_ring_size_sidechainfeaturizer_sum,0.18120750924006684
27,fingerprint_H_bit_89,0.1809384719109913
27,drug_fingerprint_bit_139,0.18081586344369532
27,fingerprint_H_bit_69,0.17989454921375994
27,drug_fingerprint_bit_196,0.17906403960897244
27,fingerprint_H_bit_1,0.17781676507498062
27,fingerprint_H_bit_63,0.17500038611118482
27,drug_fingerprint_bit_6,0.1742017961692684
27,drug_fingerprint_bit_216,0.17274030148177627
27,drug_fraction_bicyclic_rings_sum_fullmolecularfeaturizer,0.17088725349400033
27,poly_double_bonds_sidechainfeaturizer_sum,0.17002171124216878
27,fingerprint_H_bit_37,0.16921342832068334
27,drug_fingerprint_bit_142,0.16786165267446154
27,drug_fingerprint_bit_136,0.15975000586668095
27,drug_fingerprint_bit_146,0.15872183830427583
27,drug_fingerprint_bit_240,0.158603685941573
27,drug_fingerprint_bit_145,0.15416480914961656
27,drug_fingerprint_bit_93,0.1483808154291724
27,drug_fingerprint_bit_125,0.14535313360731666
27,drug_fingerprint_bit_169,0.14200975309869227
27,drug_fingerprint_bit_35,0.14057522191049607
27,drug_fingerprint_bit_11,0.1380509183912839
27,fingerprint_H_bit_123,0.1308437054437002
27,drug_fingerprint_bit_105,0.12952367283284374
27,drug_fluorine_count_sum_fullmolecularfeaturizer,0.12741236573121853
27,fingerprint_H_bit_226,0.12728331880999916
27,fingerprint_H_bit_162,0.12607441432290226
27,drug_fingerprint_bit_126,0.12303524435340722
27,drug_sp3_carbon_count_sum_fullmolecularfeaturizer,0.11866301685341682
27,drug_fingerprint_bit_144,0.11353395044162239
27,drug_fingerprint_bit_24,0.11210074134845284
27,drug_fingerprint_bit_181,0.10581969842854279
27,drug_fingerprint_bit_194,0.10344918433368187
27,drug_fingerprint_bit_170,0.1029596314714826
27,drug_smr_vsa5_sum_fullmolecularfeaturizer,0.09970237574144039
27,drug_fingerprint_bit_18,0.09919870634705284
27,fingerprint_H_bit_52,0.09901828282290874
27,fingerprint_H_bit_134,0.09776507214686593
27,drug_fingerprint_bit_1,0.09739686304467154
27,drug_fingerprint_bit_236,0.09678537791884279
27,drug_fingerprint_bit_69,0.09627597640891307
27,fingerprint_H_bit_38,0.09581205827404389
27,drug_fingerprint_bit_77,0.09417823789076976
27,fingerprint_H_bit_121,0.09277770792718254
27,poly_num_rotatable_bonds_sidechainfeaturizer_sum,0.09159908844958918
27,drug_fingerprint_bit_247,0.0902269369773194
27,drug_fingerprint_bit_177,0.08934599727627715
27,drug_fingerprint_bit_28,0.08883033133948046
27,drug_fingerprint_bit_180,0.08747569811193692
27,drug_fingerprint_bit_199,0.08735464527287717
27,drug_fingerprint_bit_95,0.08721379444260777
27,drug_fingerprint_bit_58,0.08613866658613989
27,drug_fingerprint_bit_42,0.08579837298364469
27,fingerprint_H_bit_67,0.084200947522406
27,fingerprint_H_bit_85,0.07985245146671911
27,drug_fingerprint_bit_248,0.07873856989322181
27,drug_fingerprint_bit_148,0.07799005383058362
27,poly_num_rings_sidechainfeaturizer_sum,0.07779664515114477
27,fingerprint_H_bit_212,0.07756032236570923
27,drug_molecular_weight_sum_fullmolecularfeaturizer,0.07717036117886682
27,drug_num_hbond_acceptors_sum_fullmolecularfeaturizer,0.07234010596450349
27,drug_fingerprint_bit_39,0.06979354733534716
27,drug_num_rings_sum_fullmolecularfeaturizer,0.06931960060484428
27,poly_slogp_vsa1_sum_backbonefeaturizer,0.06886736587361339
27,drug_fingerprint_bit_97,0.06873129549706117
27,drug_fingerprint_bit_27,0.0659977910724391
27,drug_fingerprint_bit_109,0.06547351616319584
27,drug_fingerprint_bit_202,0.06540738651287263
27,drug_fingerprint_bit_208,0.06260938061955308
27,fingerprint_H_bit_70,0.06222382028184044
27,drug_fingerprint_bit_99,0.06015587140258092
27,drug_num_non_aromatic_rings_sum_fullmolecularfeaturizer,0.058483226524234884
27,drug_fingerprint_bit_103,0.058480532378358575
27,drug_fingerprint_bit_251,0.058469635713330026
27,drug_fingerprint_bit_0,0.05846364610096194
27,drug_fingerprint_bit_150,0.05751612705696678
27,drug_fingerprint_bit_229,0.05701842757199286
27,drug_fingerprint_bit_84,0.05653499320697114
27,drug_fingerprint_bit_61,0.056021844571508404
27,drug_fingerprint_bit_173,0.05572093013179007
27,drug_fingerprint_bit_174,0.05495569637765337
27,drug_fingerprint_bit_127,0.05493041384759254
27,drug_fingerprint_bit_46,0.05446511429329019
27,poly_slogp_vsa1_sidechainfeaturizer_sum,0.054257983189109016
27,drug_fingerprint_bit_76,0.05387109858008276
27,drug_fingerprint_bit_106,0.05347853783951599
27,drug_fingerprint_bit_116,0.05098617186454912
27,drug_fingerprint_bit_13,0.0504109414997533
27,fingerprint_H_bit_216,0.049950980173047145
27,drug_fingerprint_bit_187,0.049881228523681743
27,drug_fingerprint_bit_239,0.049411314400753706
27,drug_fingerprint_bit_44,0.047876962068594285
27,drug_fingerprint_bit_41,0.04714511460391784
27,drug_fingerprint_bit_235,0.04562913455615937
27,drug_fingerprint_bit_57,0.0453596272080552
27,drug_fingerprint_bit_36,0.04416674735303279
27,drug_fingerprint_bit_140,0.0409466097260456
27,drug_fingerprint_bit_62,0.040497753901941255
27,drug_fingerprint_bit_238,0.03873663471990301
27,fingerprint_H_bit_61,0.037270481086947194
27,drug_fingerprint_bit_34,0.03651504421396234
27,drug_fingerprint_bit_26,0.035724987402634044
27,drug_fingerprint_bit_60,0.03409818939333874
27,drug_chlorine_count_sum_fullmolecularfeaturizer,0.034008488413025444
27,fingerprint_H_bit_98,0.03304060029560587
27,drug_fingerprint_bit_185,0.03301958965202757
27,drug_fingerprint_bit_78,0.031651444006967684
27,drug_fingerprint_bit_211,0.03139244146873207
27,drug_fingerprint_bit_149,0.0309338270100061
27,poly_molecular_weight_sum_backbonefeaturizer,0.0309089511597772
27,poly_num_aromatic_rings_sum_fullpolymerfeaturizer,0.03080021152184411
27,drug_fingerprint_bit_75,0.030148253858061136
27,drug_fingerprint_bit_82,0.029481910137186935
27,drug_fingerprint_bit_92,0.02911179965965646
27,fingerprint_H_bit_143,0.028867115185813395
27,fingerprint_H_bit_18,0.0282704811949003
27,drug_fingerprint_bit_67,0.028206856462861345
27,drug_fingerprint_bit_83,0.027987167226962918
27,drug_fingerprint_bit_56,0.027747399580847504
27,fingerprint_H_bit_185,0.027579430880487303
27,fingerprint_H_bit_144,0.026710415107768674
27,fingerprint_H_bit_224,0.02624803544727596
27,drug_fingerprint_bit_101,0.025122842117488064
27,drug_fingerprint_bit_231,0.02495987061306774
27,fingerprint_H_bit_30,0.02478567455749773
27,fingerprint_H_bit_233,0.02418222165409112
27,drug_fingerprint_bit_114,0.023670386584362522
27,drug_fingerprint_bit_2,0.023275127895742192
27,fingerprint_H_bit_57,0.023203524010798237
27,fingerprint_H_bit_116,0.023073247221358947
27,drug_fingerprint_bit_70,0.02285877063850144
27,drug_fingerprint_bit_137,0.02264551462223108
27,drug_fingerprint_bit_130,0.022578059286704255
27,drug_fingerprint_bit_172,0.022218413947572093
27,drug_fingerprint_bit_100,0.02139422150062209
27,fingerprint_H_bit_131,0.0213841781363946
27,drug_fingerprint_bit_191,0.0206677187790086
27,fingerprint_H_bit_112,0.020660672442738816
27,drug_fingerprint_bit_121,0.020500330713488325
27,poly_num_aliphatic_heterocycles_sum_backbonefeaturizer,0.02020044017949326
27,fingerprint_H_bit_158,0.020136135792700356
27,drug_fingerprint_bit_255,0.019892606944974467
27,drug_fingerprint_bit_32,0.019772050872176074
27,drug_fingerprint_bit_134,0.019561541767765273
27,fingerprint_H_bit_114,0.01894047536658649
27,drug_fingerprint_bit_117,0.01892233659998312
27,drug_fingerprint_bit_90,0.01837063483647414
27,drug_fingerprint_bit_59,0.017855578021994632
27,drug_fingerprint_bit_162,0.01782196316092056
27,drug_fingerprint_bit_12,0.017686358989404332
27,drug_fingerprint_bit_179,0.017418171829661544
27,poly_sp3_carbon_count_sum_fullpolymerfeaturizer,0.017367726034417847
27,drug_fingerprint_bit_7,0.01684307682335844
27,drug_fingerprint_bit_120,0.016355182828984623
27,drug_fingerprint_bit_23,0.016103768688969115
27,drug_fingerprint_bit_122,0.015482796989196126
27,fingerprint_H_bit_65,0.015205060530276534
27,drug_fingerprint_bit_171,0.015102835786492812
27,fingerprint_H_bit_32,0.014060418156931875
27,fingerprint_H_bit_34,0.013954433973047967
27,drug_num_rotatable_bonds_sum_fullmolecularfeaturizer,0.013499207648812964
27,fingerprint_H_bit_118,0.012312793717430283
27,drug_fingerprint_bit_204,0.012237713249307605
27,drug_fingerprint_bit_212,0.012007979299297299
27,fingerprint_H_bit_205,0.011309044942874607
27,drug_fingerprint_bit_37,0.011260329728737969
27,drug_fingerprint_bit_156,0.011173895679807635
27,fingerprint_H_bit_26,0.01097918427788941
27,drug_fingerprint_bit_222,0.010564611640332585
27,fingerprint_H_bit_106,0.009799940337406067
27,drug_fingerprint_bit_161,0.009764203081079424
27,drug_fingerprint_bit_184,0.00950356281934087
27,fingerprint_H_bit_80,0.00904838496940026
27,drug_fingerprint_bit_152,0.008805020064960947
27,drug_fingerprint_bit_14,0.008470659223914167
27,drug_fingerprint_bit_205,0.007360593990043506
27,drug_fingerprint_bit_225,0.006377221361434283
27,fingerprint_H_bit_155,0.0063269172590337
27,poly_num_non_aromatic_rings_sum_fullpolymerfeaturizer,0.005913033811433821
27,poly_topological_surface_area_sum_fullpolymerfeaturizer,0.005396782993943632
27,drug_fingerprint_bit_96,0.004919714761665398
27,drug_fingerprint_bit_30,0.004425608201777828
27,fingerprint_H_bit_54,0.0038333618268479616
27,drug_fingerprint_bit_81,0.0035196207017375975
27,fingerprint_H_bit_46,0.0034150381910557004
27,fingerprint_H_bit_68,0.003329434290355038
27,drug_fingerprint_bit_110,0.0033013852213110997
27,drug_fingerprint_bit_20,0.0031654434470709735
27,fingerprint_H_bit_164,0.003091262324557292
27,drug_fingerprint_bit_245,0.002270469536713484
27,drug_fingerprint_bit_104,0.0022512001345264565
27,poly_num_aliphatic_heterocycles_sum_fullpolymerfeaturizer,0.001964508576816396
27,poly_num_non_aromatic_rings_sum_backbonefeaturizer,0.0019390187811573142
27,drug_fingerprint_bit_141,0.0019188221639689412
27,drug_fingerprint_bit_16,0.0014561364073226665
27,drug_fingerprint_bit_65,0.0013868730819790516
27,drug_fingerprint_bit_135,0.001243592317103375
27,fingerprint_H_bit_66,0.0010944959482659619
27,drug_fingerprint_bit_31,0.00034718204051091995
27,fingerprint_H_bit_174,0.00022449458981552275
27,drug_fingerprint_bit_8,9.890710691194805e-05
27,drug_fingerprint_bit_21,1.7232247375074752e-14
27,poly_iodine_count_sum_fullpolymerfeaturizer,0.0
27,poly_chlorine_count_sum_fullpolymerfeaturizer,0.0
27,poly_fraction_bicyclic_rings_sidechainfeaturizer_sum,0.0
27,poly_num_non_aromatic_rings_sidechainfeaturizer_sum,0.0
27,fingerprint_H_bit_127,0.0
27,fingerprint_H_bit_126,0.0
27,fingerprint_H_bit_117,0.0
27,drug_fingerprint_bit_220,0.0
27,drug_fingerprint_bit_221,0.0
27,fingerprint_H_bit_247,0.0
27,poly_fluorine_count_sum_fullpolymerfeaturizer,0.0
27,fingerprint_H_bit_74,0.0
27,drug_iodine_count_sum_fullmolecularfeaturizer,0.0
27,fingerprint_H_bit_75,0.0
27,fingerprint_H_bit_79,0.0
27,drug_triple_bonds_sum_fullmolecularfeaturizer,0.0
27,fingerprint_H_bit_19,0.0
27,drug_fingerprint_bit_254,0.0
27,poly_num_aliphatic_heterocycles_sidechainfeaturizer_sum,0.0
27,fingerprint_H_bit_35,0.0
27,fingerprint_H_bit_31,0.0
27,fingerprint_H_bit_29,0.0
27,fingerprint_H_bit_62,0.0
27,fingerprint_H_bit_60,0.0
27,poly_bridging_rings_count_sum_fullpolymerfeaturizer,0.0
27,fingerprint_H_bit_55,0.0
27,poly_triple_bonds_sidechainfeaturizer_sum,0.0
27,fingerprint_H_bit_51,0.0
27,fingerprint_H_bit_50,0.0
27,poly_total_halogens_sum_backbonefeaturizer,0.0
27,fingerprint_H_bit_40,0.0
27,poly_total_halogens_sidechainfeaturizer_sum,0.0
27,poly_chlorine_count_sidechainfeaturizer_sum,0.0
27,poly_fluorine_count_sidechainfeaturizer_sum,0.0
27,poly_bridging_rings_count_sum_backbonefeaturizer,0.0
27,poly_triple_bonds_sum_backbonefeaturizer,0.0
27,poly_iodine_count_sum_backbonefeaturizer,0.0
27,poly_bromine_count_sum_backbonefeaturizer,0.0
27,fingerprint_H_bit_255,0.0
27,fingerprint_H_bit_248,0.0
27,poly_fraction_bicyclic_rings_sum_backbonefeaturizer,0.0
27,poly_fraction_bicyclic_rings_sum_fullpolymerfeaturizer,0.0
27,fingerprint_H_bit_238,0.0
27,fingerprint_H_bit_239,0.0
27,poly_fluorine_count_sum_backbonefeaturizer,0.0
27,poly_chlorine_count_sum_backbonefeaturizer,0.0
27,poly_bromine_count_sidechainfeaturizer_sum,0.0
27,poly_iodine_count_sidechainfeaturizer_sum,0.0
27,drug_fingerprint_bit_9,0.0
27,fingerprint_H_bit_36,0.0
27,fingerprint_H_bit_246,0.0
27,fingerprint_H_bit_244,0.0
27,fingerprint_H_bit_243,0.0
27,fingerprint_H_bit_242,0.0
27,fingerprint_H_bit_241,0.0
27,fingerprint_H_bit_240,0.0
27,fingerprint_H_bit_101,0.0
27,fingerprint_H_bit_97,0.0
27,fingerprint_H_bit_107,0.0
27,fingerprint_H_bit_108,0.0
27,fingerprint_H_bit_109,0.0
27,poly_bromine_count_sum_fullpolymerfeaturizer,0.0
27,poly_triple_bonds_sum_fullpolymerfeaturizer,0.0
27,fingerprint_H_bit_43,0.0
27,poly_total_halogens_sum_fullpolymerfeaturizer,0.0
27,drug_fingerprint_bit_217,0.0
27,fingerprint_H_bit_47,0.0
27,fingerprint_H_bit_44,0.0
27,poly_bridging_rings_count_sidechainfeaturizer_sum,0.0
27,drug_fingerprint_bit_215,0.0
27,fingerprint_H_bit_49,0.0
27,drug_fingerprint_bit_244,0.0
27,fingerprint_H_bit_77,0.0
27,fingerprint_H_bit_76,0.0
27,fingerprint_H_bit_115,0.0
27,fingerprint_H_bit_254,0.0
27,fingerprint_H_bit_122,0.0
27,fingerprint_H_bit_0,0.0
27,drug_bromine_count_sum_fullmolecularfeaturizer,0.0
27,fingerprint_H_bit_96,0.0
27,fingerprint_H_bit_25,0.0
27,fingerprint_H_bit_24,0.0
27,fingerprint_H_bit_129,0.0
27,drug_fingerprint_bit_17,0.0
27,fingerprint_H_bit_59,0.0
27,fingerprint_H_bit_130,0.0
27,fingerprint_H_bit_132,0.0
27,fingerprint_H_bit_135,0.0
27,fingerprint_H_bit_136,0.0
27,fingerprint_H_bit_137,0.0
27,fingerprint_H_bit_146,0.0
27,fingerprint_H_bit_148,0.0
27,fingerprint_H_bit_142,0.0
27,fingerprint_H_bit_110,0.0
27,fingerprint_H_bit_111,0.0
27,fingerprint_H_bit_235,0.0
27,fingerprint_H_bit_140,0.0
27,fingerprint_H_bit_141,0.0
27,fingerprint_H_bit_105,0.0
27,fingerprint_H_bit_104,0.0
27,fingerprint_H_bit_103,0.0
27,fingerprint_H_bit_102,0.0
27,fingerprint_H_bit_99,0.0
27,fingerprint_H_bit_231,0.0
27,fingerprint_H_bit_230,0.0
27,drug_fingerprint_bit_209,0.0
27,fingerprint_H_bit_252,0.0
27,fingerprint_H_bit_253,0.0
27,fingerprint_H_bit_221,0.0
27,fingerprint_H_bit_223,0.0
27,fingerprint_H_bit_225,0.0
27,fingerprint_H_bit_228,0.0
27,fingerprint_H_bit_249,0.0
27,fingerprint_H_bit_210,0.0
27,fingerprint_H_bit_209,0.0
27,fingerprint_H_bit_208,0.0
27,fingerprint_H_bit_82,0.0
27,fingerprint_H_bit_83,0.0
27,fingerprint_H_bit_88,0.0
27,fingerprint_H_bit_90,0.0
27,fingerprint_H_bit_86,0.0
27,fingerprint_H_bit_87,0.0
27,fingerprint_H_bit_93,0.0
27,fingerprint_H_bit_94,0.0
27,fingerprint_H_bit_95,0.0
27,fingerprint_H_bit_180,0.0
27,fingerprint_H_bit_211,0.0
27,fingerprint_H_bit_215,0.0
27,fingerprint_H_bit_91,0.0
27,fingerprint_H_bit_92,0.0
27,fingerprint_H_bit_184,0.0
27,fingerprint_H_bit_220,0.0
27,drug_fingerprint_bit_68,0.0
27,fingerprint_H_bit_234,0.0
27,drug_fingerprint_bit_54,0.0
27,drug_fingerprint_bit_195,0.0
27,drug_fingerprint_bit_198,0.0
27,drug_fingerprint_bit_51,0.0
27,fingerprint_H_bit_196,0.0
27,drug_fingerprint_bit_232,0.0
27,fingerprint_H_bit_202,0.0
27,drug_fingerprint_bit_234,0.0
27,fingerprint_H_bit_203,0.0
27,fingerprint_H_bit_206,0.0
27,fingerprint_H_bit_229,0.0
27,fingerprint_H_bit_250,0.0
27,fingerprint_H_bit_200,0.0
27,fingerprint_H_bit_199,0.0
27,fingerprint_H_bit_198,0.0
27,fingerprint_H_bit_165,0.0
27,drug_fingerprint_bit_89,0.0
27,drug_fingerprint_bit_87,0.0
27,fingerprint_H_bit_194,0.0
27,fingerprint_H_bit_195,0.0
27,fingerprint_H_bit_190,0.0
27,fingerprint_H_bit_189,0.0
27,fingerprint_H_bit_193,0.0
27,fingerprint_H_bit_192,0.0
27,fingerprint_H_bit_188,0.0
27,fingerprint_H_bit_187,0.0
27,fingerprint_H_bit_170,0.0
27,fingerprint_H_bit_201,0.0
27,drug_fingerprint_bit_102,0.0
27,fingerprint_H_bit_177,0.0
27,drug_fingerprint_bit_112,0.0
27,drug_fingerprint_bit_176,0.0
27,fingerprint_H_bit_181,0.0
27,fingerprint_H_bit_149,0.0
27,fingerprint_H_bit_150,0.0
27,drug_fingerprint_bit_123,0.0
27,fingerprint_H_bit_173,0.0
27,fingerprint_H_bit_172,0.0
27,fingerprint_H_bit_171,0.0
27,fingerprint_H_bit_176,0.0
27,fingerprint_H_bit_179,0.0
27,fingerprint_H_bit_178,0.0
27,fingerprint_H_bit_169,0.0
27,fingerprint_H_bit_168,0.0
27,fingerprint_H_bit_163,0.0
27,fingerprint_H_bit_161,0.0
27,fingerprint_H_bit_160,0.0
27,fingerprint_H_bit_157,0.0
27,fingerprint_H_bit_156,0.0
27,fingerprint_H_bit_154,0.0
27,fingerprint_H_bit_153,0.0
27,fingerprint_H_bit_152,0.0
27,fingerprint_H_bit_166,0.0
27,fingerprint_H_bit_17,0.0
27,fingerprint_H_bit_71,0.0
27,fingerprint_H_bit_72,0.0
27,fingerprint_H_bit_73,0.0
27,fingerprint_H_bit_2,0.0
27,drug_fingerprint_bit_157,0.0
27,drug_fingerprint_bit_166,0.0
27,fingerprint_H_bit_4,0.0
27,fingerprint_H_bit_3,0.0
27,fingerprint_H_bit_5,0.0
27,fingerprint_H_bit_6,0.0
27,fingerprint_H_bit_20,0.0
27,fingerprint_H_bit_21,0.0
27,fingerprint_H_bit_8,0.0
27,fingerprint_H_bit_9,0.0
27,fingerprint_H_bit_23,0.0
27,fingerprint_H_bit_22,0.0
27,fingerprint_H_bit_11,0.0
27,fingerprint_H_bit_10,0.0
27,fingerprint_H_bit_12,0.0
27,fingerprint_H_bit_14,0.0
27,fingerprint_H_bit_15,0.0
27,fingerprint_H_bit_16,0.0
27,drug_fingerprint_bit_79,-0.00010674878501827832
27,drug_fingerprint_bit_154,-0.0008885918460736021
27,drug_fingerprint_bit_86,-0.0017749198706077068
27,drug_fp_density_morgan1_sum_fullmolecularfeaturizer,-0.0018228018308139979
27,drug_fingerprint_bit_55,-0.001909891775584649
27,drug_max_ring_size_sum_fullmolecularfeaturizer,-0.002490129287552088
27,fingerprint_H_bit_64,-0.0042184838004654624
27,drug_fingerprint_bit_29,-0.005407617062794557
27,drug_fingerprint_bit_124,-0.006814911496293539
27,drug_fingerprint_bit_25,-0.007533282629283054
27,drug_fingerprint_bit_243,-0.009508579682864015
27,drug_fingerprint_bit_48,-0.00983091693410179
27,drug_fingerprint_bit_129,-0.011940743738826753
27,poly_num_rotatable_bonds_sum_fullpolymerfeaturizer,-0.017383261129998964
27,drug_fingerprint_bit_85,-0.019006800165464986
27,poly_heteroatom_count_sum_fullpolymerfeaturizer,-0.021600760166046094
27,drug_fingerprint_bit_38,-0.02456758496311275
27,drug_fingerprint_bit_241,-0.027585405043044044
27,drug_fingerprint_bit_193,-0.0320902649100947
27,drug_fingerprint_bit_94,-0.0331405603855896
27,drug_fingerprint_bit_242,-0.033912706246374234
27,drug_fingerprint_bit_192,-0.03468777983210281
27,drug_fingerprint_bit_5,-0.03498826824915252
27,drug_fingerprint_bit_66,-0.03776926854648076
27,drug_max_estate_index_sum_fullmolecularfeaturizer,-0.03789062275638182
27,drug_fingerprint_bit_53,-0.038491145309163734
27,poly_max_estate_index_sum_backbonefeaturizer,-0.038627536125274795
27,drug_double_bonds_sum_fullmolecularfeaturizer,-0.04283541892550656
27,poly_balaban_j_index_sum_fullpolymerfeaturizer,-0.0437789310293231
27,fingerprint_H_bit_113,-0.04548608371137737
27,drug_fingerprint_bit_80,-0.05111967470060152
27,poly_num_hbond_acceptors_sum_fullpolymerfeaturizer,-0.052001970794674994
27,poly_heteroatom_density_sum_backbonefeaturizer,-0.05517848261647731
27,fingerprint_H_bit_218,-0.056159951709219606
27,fingerprint_H_bit_207,-0.060023894642046154
27,drug_fingerprint_bit_91,-0.060618594434864434
27,drug_fingerprint_bit_210,-0.06138139167655025
27,fingerprint_H_bit_237,-0.0648856854037759
27,drug_fingerprint_bit_132,-0.06519999430330746
27,charge_at_WATER_PH_H,-0.06950062265423525
27,fingerprint_H_bit_7,-0.0766406065238733
27,fingerprint_H_bit_183,-0.07943300962241161
27,drug_fingerprint_bit_178,-0.08149523607564439
27,drug_homo_eV,-0.08438333585452683
27,fingerprint_H_bit_175,-0.08575708081683334
27,drug_fingerprint_bit_113,-0.0864058973225409
27,homo_eV_H,-0.09288088673899145
27,drug_fingerprint_bit_237,-0.10040588979261948
27,drug_fingerprint_bit_131,-0.10773431287231507
27,drug_fingerprint_bit_138,-0.11240073721353919
27,drug_fingerprint_bit_73,-0.11247053805687238
27,poly_single_bonds_sum_fullpolymerfeaturizer,-0.11381417025307718
27,drug_fingerprint_bit_230,-0.11725998160967697
27,drug_charge_at_WATER_PH,-0.1223027703538759
27,drug_fingerprint_bit_43,-0.12336242729838073
27,fingerprint_H_bit_39,-0.12943569140520292
27,drug_fingerprint_bit_182,-0.13095525805521072
27,fingerprint_H_bit_133,-0.1338158509573433
27,drug_fingerprint_bit_40,-0.14954976253541583
27,drug_fingerprint_bit_143,-0.15063049040767096
27,drug_fingerprint_bit_52,-0.1510355999521206
27,drug_fingerprint_bit_214,-0.1523027420918329
27,drug_fingerprint_bit_228,-0.1638514871760639
27,WATER_PH,-0.19140575062612028
27,poly_max_estate_index_sum_fullpolymerfeaturizer,-0.19267659983961874
27,drug_fingerprint_bit_168,-0.2038121186245305
27,logp_H,-0.23396341592376174
27,drug_fingerprint_bit_207,-0.2365202677450203
27,poly_num_atoms_sum_fullpolymerfeaturizer,-0.24892640659536952
27,drug_fingerprint_bit_111,-0.256407921910285
27,drug_fingerprint_bit_219,-0.26830321255133005
27,drug_slogp_vsa1_sum_fullmolecularfeaturizer,-0.28874967570094573
27,fingerprint_H_bit_120,-0.3037859397514634
27,drug_fingerprint_bit_47,-0.3122286991967515
27,drug_sp2_carbon_count_sum_fullmolecularfeaturizer,-0.33474041624049317
27,drug_fingerprint_bit_186,-0.3374799345372877
27,fingerprint_H_bit_138,-0.3397581312810428
27,fingerprint_H_bit_125,-0.36714889143937673
27,drug_fingerprint_bit_133,-0.3754015451694167
27,poly_molecular_weight_sum_fullpolymerfeaturizer,-0.3832832317336615
27,fingerprint_H_bit_42,-0.3840309447519287
27,drug_fingerprint_bit_163,-0.3957227135410955
27,poly_num_hbond_donors_sum_fullpolymerfeaturizer,-0.395889865733358
27,drug_fingerprint_bit_107,-0.39612693527927656
27,fingerprint_H_bit_13,-0.4276672494844174
27,drug_fingerprint_bit_151,-0.4488894224696977
27,drug_fingerprint_bit_72,-0.45535842722062453
27,drug_fingerprint_bit_175,-0.49308665683428554
27,drug_fingerprint_bit_45,-0.5117974677746584
27,drug_fingerprint_bit_4,-0.5196031172516669
27,drug_fingerprint_bit_233,-0.600500810141719
27,CONCENTRATION,-0.6483154806413568
27,drug_fingerprint_bit_200,-0.6622970313054773
27,drug_fingerprint_bit_19,-0.7167644261771476
27,drug_fingerprint_bit_108,-0.7866726592824681
27,fingerprint_H_bit_219,-0.8418282033655897
27,drug_fingerprint_bit_128,-0.9301304052539486
27,drug_fingerprint_bit_33,-1.0699507505019796
27,drug_fingerprint_bit_119,-1.1236047251611592
27,drug_fingerprint_bit_64,-1.274516287476923
27,drug_fingerprint_bit_224,-1.7696222865684128
27,fingerprint_H_bit_124,-3.0555097764270873
27,drug_fingerprint_bit_88,-3.1480594496160568
27,fingerprint_H_bit_191,-5.092535569148248
28,drug_fingerprint_bit_98,4.047541907620117
28,drug_fingerprint_bit_190,3.0513224436257373
28,fingerprint_H_bit_182,2.5282037312373133
28,poly_fp_density_morgan1_sidechainfeaturizer_sum,2.3527955866479293
28,fingerprint_H_bit_222,2.282661017219873
28,poly_sp2_carbon_count_sidechainfeaturizer_sum,2.02795314287392
28,poly_topological_surface_area_sum_backbonefeaturizer,1.7180074488600934
28,poly_balaban_j_index_sidechainfeaturizer_sum,1.5569053710851424
28,fingerprint_H_bit_217,1.5428562586550678
28,poly_num_atoms_sum_backbonefeaturizer,1.387897754508988
28,fingerprint_H_bit_53,1.3280185238264703
28,fingerprint_H_bit_236,1.3049324681593653
28,fingerprint_H_bit_128,1.221532941222437
28,fingerprint_H_bit_100,1.1917909106690767
28,fingerprint_H_bit_45,1.1847151527181428
28,poly_max_ring_size_sidechainfeaturizer_sum,1.1744825549501405
28,fingerprint_H_bit_213,1.1490165519932403
28,poly_num_hbond_acceptors_sidechainfeaturizer_sum,1.1172106287980887
28,homo_eV_H,1.0819839466553078
28,logd_at_WATER_PH_H,1.0678268213221285
28,poly_num_atoms_sidechainfeaturizer_sum,1.0542869365371832
28,fingerprint_H_bit_214,1.023147897442996
28,poly_molecular_weight_sum_backbonefeaturizer,1.0101393484155408
28,fingerprint_H_bit_28,0.9992876709220363
28,fingerprint_H_bit_145,0.9783150322648423
28,poly_heteroatom_density_sidechainfeaturizer_sum,0.9034839647324013
28,fingerprint_H_bit_251,0.8491341214542645
28,poly_single_bonds_sum_backbonefeaturizer,0.8264512796311044
28,drug_fingerprint_bit_213,0.8049799517066253
28,poly_num_aromatic_rings_sidechainfeaturizer_sum,0.7993396602698134
28,fingerprint_H_bit_197,0.7974100390469813
28,fingerprint_H_bit_113,0.7959236439870604
28,fingerprint_H_bit_80,0.790091371651209
28,poly_num_rotatable_bonds_sum_backbonefeaturizer,0.7835837965975502
28,drug_fingerprint_bit_158,0.7442758931436941
28,fingerprint_H_bit_81,0.733613915917992
28,fingerprint_H_bit_118,0.7298537170925675
28,poly_max_ring_size_sum_fullpolymerfeaturizer,0.72532698323903
28,poly_max_ring_size_sum_backbonefeaturizer,0.7084020379458992
28,poly_num_hbond_donors_sum_backbonefeaturizer,0.6955724587092079
28,fingerprint_H_bit_78,0.691888569571338
28,poly_num_rings_sum_fullpolymerfeaturizer,0.6887400073589494
28,poly_max_estate_index_sidechainfeaturizer_sum,0.6488501634364271
28,poly_num_rings_sum_backbonefeaturizer,0.6472824554875742
28,poly_smr_vsa5_sum_backbonefeaturizer,0.6348750613883406
28,poly_num_hbond_acceptors_sum_backbonefeaturizer,0.6291127299975076
28,drug_fingerprint_bit_223,0.6277353905733969
28,fingerprint_H_bit_147,0.6209348553037514
28,poly_single_bonds_sidechainfeaturizer_sum,0.6198488044547076
28,fingerprint_H_bit_151,0.6063857966649817
28,fingerprint_H_bit_85,0.5840887859389818
28,drug_fingerprint_bit_22,0.5434145307906738
28,drug_fingerprint_bit_42,0.510959090741582
28,drug_fingerprint_bit_147,0.5054051777244319
28,poly_num_rings_sidechainfeaturizer_sum,0.48404618628426294
28,poly_num_hbond_donors_sidechainfeaturizer_sum,0.4838552653777712
28,fingerprint_H_bit_204,0.48144359889262794
28,fingerprint_H_bit_58,0.48005376385210446
28,poly_sp3_carbon_count_sum_backbonefeaturizer,0.47359435201807415
28,drug_fingerprint_bit_63,0.4687284525819909
28,poly_num_aromatic_rings_sum_fullpolymerfeaturizer,0.46783924541014954
28,drug_fingerprint_bit_206,0.4601320469548203
28,fingerprint_H_bit_119,0.45954583942658667
28,fingerprint_H_bit_155,0.4433879673631808
28,drug_fingerprint_bit_110,0.4429932297069147
28,drug_fingerprint_bit_52,0.437040289813414
28,drug_fingerprint_bit_61,0.42021785407799
28,drug_bridging_rings_count_sum_fullmolecularfeaturizer,0.4086876699538652
28,poly_num_rotatable_bonds_sum_fullpolymerfeaturizer,0.4016587443799424
28,fingerprint_H_bit_41,0.4012368544921349
28,poly_slogp_vsa1_sum_fullpolymerfeaturizer,0.3939634215988234
28,drug_fingerprint_bit_201,0.3808492399528691
28,poly_fp_density_morgan1_sum_backbonefeaturizer,0.3803532072102288
28,drug_fingerprint_bit_73,0.38029136524484014
28,fingerprint_H_bit_56,0.37105309032892125
28,poly_molecular_weight_sidechainfeaturizer_sum,0.370686095298446
28,drug_fingerprint_bit_3,0.3685072447449174
28,drug_fingerprint_bit_177,0.3582326213132096
28,drug_fingerprint_bit_250,0.3579427678625605
28,poly_double_bonds_sum_backbonefeaturizer,0.356492099984229
28,fingerprint_H_bit_159,0.3510810974684851
28,drug_fingerprint_bit_144,0.3501984008079816
28,drug_num_hbond_acceptors_sum_fullmolecularfeaturizer,0.3495615620227865
28,lumo_eV_H,0.347945988735336
28,drug_fingerprint_bit_167,0.3366221639424638
28,drug_fingerprint_bit_115,0.3359273543834949
28,drug_total_halogens_sum_fullmolecularfeaturizer,0.3332999426125344
28,drug_num_atoms_sum_fullmolecularfeaturizer,0.31432341385123197
28,drug_balaban_j_index_sum_fullmolecularfeaturizer,0.3133878011333341
28,poly_sp2_carbon_count_sum_backbonefeaturizer,0.31158389593474806
28,drug_molecular_weight_sum_fullmolecularfeaturizer,0.3058781939599939
28,drug_num_aromatic_rings_sum_fullmolecularfeaturizer,0.30510037320331845
28,drug_fingerprint_bit_0,0.291708165034623
28,logp_H,0.2912473914633423
28,drug_logd_at_WATER_PH,0.2901514241993711
28,drug_lumo_eV,0.28730205369179346
28,poly_heteroatom_count_sidechainfeaturizer_sum,0.2867824300357791
28,drug_heteroatom_count_sum_fullmolecularfeaturizer,0.2859833608843016
28,drug_fingerprint_bit_15,0.2849514751850706
28,drug_chlorine_count_sum_fullmolecularfeaturizer,0.27975654926113974
28,drug_fingerprint_bit_197,0.27338874474769825
28,drug_smr_vsa5_sum_fullmolecularfeaturizer,0.27245846340593805
28,drug_fluorine_count_sum_fullmolecularfeaturizer,0.2720056415839838
28,poly_topological_surface_area_sidechainfeaturizer_sum,0.2718959020119143
28,poly_smr_vsa5_sidechainfeaturizer_sum,0.26601387850592284
28,fingerprint_H_bit_245,0.25895137708556726
28,drug_fingerprint_bit_165,0.2588593564242069
28,drug_fingerprint_bit_77,0.2574068058899196
28,fingerprint_H_bit_212,0.24736885052948937
28,drug_fingerprint_bit_181,0.2460175303730933
28,poly_smr_vsa5_sum_fullpolymerfeaturizer,0.2454013837923436
28,fingerprint_H_bit_37,0.24483267222585892
28,drug_fingerprint_bit_99,0.240180735755838
28,drug_fingerprint_bit_71,0.24007329649840278
28,drug_logp,0.23973288371377371
28,fingerprint_H_bit_52,0.23820649607116964
28,drug_fingerprint_bit_218,0.23804197219970086
28,drug_fingerprint_bit_249,0.23797025291573717
28,drug_topological_surface_area_sum_fullmolecularfeaturizer,0.23761736553621635
28,poly_balaban_j_index_sum_fullpolymerfeaturizer,0.23666897163214662
28,drug_fingerprint_bit_69,0.23351545836077134
28,drug_fingerprint_bit_251,0.23315524983578598
28,drug_fingerprint_bit_189,0.21883989207978802
28,poly_heteroatom_count_sum_backbonefeaturizer,0.21423815495174706
28,drug_fingerprint_bit_188,0.21262774062709403
28,drug_fingerprint_bit_141,0.21260954857939218
28,drug_fingerprint_bit_120,0.20553622606678565
28,drug_fingerprint_bit_145,0.20008179068547952
28,poly_slogp_vsa1_sum_backbonefeaturizer,0.1989147971010507
28,drug_fingerprint_bit_164,0.19875638223357392
28,drug_fingerprint_bit_6,0.1967678059396845
28,poly_double_bonds_sidechainfeaturizer_sum,0.19653943463129891
28,drug_fingerprint_bit_27,0.19650398764895854
28,drug_fingerprint_bit_184,0.19629038691081027
28,drug_fingerprint_bit_246,0.19339916713970676
28,drug_fingerprint_bit_35,0.19328677957019394
28,drug_fingerprint_bit_83,0.18895116805154868
28,drug_fingerprint_bit_5,0.18818809478540924
28,drug_fingerprint_bit_106,0.18391769987762066
28,drug_fingerprint_bit_194,0.17922113634383535
28,drug_fingerprint_bit_170,0.17900562304267087
28,drug_num_aliphatic_heterocycles_sum_fullmolecularfeaturizer,0.17740597732479355
28,drug_fingerprint_bit_180,0.17232745128469254
28,fingerprint_H_bit_89,0.16486313685046022
28,fingerprint_H_bit_227,0.1635042332849805
28,drug_fingerprint_bit_212,0.16169470155032367
28,drug_fingerprint_bit_10,0.1608170519697721
28,fingerprint_H_bit_237,0.15941046435491127
28,drug_fingerprint_bit_226,0.15872646995666542
28,drug_fingerprint_bit_136,0.15433762749030613
28,drug_fingerprint_bit_159,0.15357147377389455
28,drug_fingerprint_bit_203,0.15253694789287156
28,drug_fingerprint_bit_160,0.1514136408129883
28,drug_fingerprint_bit_75,0.15055874195550212
28,drug_fingerprint_bit_252,0.14951166882374003
28,drug_fingerprint_bit_240,0.14807667445444514
28,poly_sp3_carbon_count_sum_fullpolymerfeaturizer,0.14601405812782778
28,poly_fp_density_morgan1_sum_fullpolymerfeaturizer,0.14430846207812256
28,drug_fingerprint_bit_26,0.14135638843591697
28,drug_fingerprint_bit_50,0.14053940298340498
28,poly_heteroatom_density_sum_fullpolymerfeaturizer,0.14040802310017927
28,drug_fingerprint_bit_126,0.13980183850869238
28,drug_homo_eV,0.1374221163562014
28,poly_num_rotatable_bonds_sidechainfeaturizer_sum,0.13734294849439632
28,fingerprint_H_bit_1,0.13516464859010738
28,drug_fingerprint_bit_116,0.13395171495332134
28,drug_fingerprint_bit_49,0.12968060207947127
28,drug_fingerprint_bit_150,0.12939284804792808
28,poly_heteroatom_density_sum_backbonefeaturizer,0.1291792710979405
28,drug_fingerprint_bit_13,0.12520970818402868
28,drug_num_hbond_donors_sum_fullmolecularfeaturizer,0.12466917766068886
28,fingerprint_H_bit_162,0.12459957412038025
28,drug_fingerprint_bit_11,0.12453520175398902
28,drug_heteroatom_density_sum_fullmolecularfeaturizer,0.12424753532992956
28,drug_fingerprint_bit_183,0.1235634690739148
28,drug_fingerprint_bit_137,0.12291221284075886
28,fingerprint_H_bit_121,0.11938122720951053
28,drug_fingerprint_bit_229,0.11525038386184676
28,fingerprint_H_bit_13,0.11139156609224497
28,fingerprint_H_bit_48,0.11074261555174511
28,drug_fingerprint_bit_216,0.11023028818280778
28,drug_num_rings_sum_fullmolecularfeaturizer,0.10942106914909171
28,drug_fingerprint_bit_37,0.10929850973634145
28,drug_fingerprint_bit_227,0.10772096491734605
28,fingerprint_H_bit_70,0.10759342926427151
28,drug_fingerprint_bit_97,0.10705200184402083
28,drug_fingerprint_bit_173,0.10657374507371051
28,fingerprint_H_bit_226,0.10357610159176751
28,drug_fingerprint_bit_208,0.10325898772666105
28,drug_fingerprint_bit_122,0.10227356325600465
28,drug_fraction_bicyclic_rings_sum_fullmolecularfeaturizer,0.10219058275359676
28,fingerprint_H_bit_54,0.09874494208546958
28,drug_fingerprint_bit_202,0.09402634326640417
28,drug_fingerprint_bit_130,0.09325003913424335
28,drug_fingerprint_bit_28,0.09317703673460809
28,drug_fingerprint_bit_36,0.09014549129094342
28,drug_fingerprint_bit_18,0.08850452762948087
28,drug_fingerprint_bit_247,0.08590610634003519
28,drug_fingerprint_bit_219,0.08489254305591917
28,drug_fingerprint_bit_30,0.08408620248276522
28,drug_fingerprint_bit_24,0.0824014270957216
28,drug_fingerprint_bit_132,0.08213336119895899
28,fingerprint_H_bit_219,0.07850885398445638
28,fingerprint_H_bit_232,0.07820688830043447
28,drug_fingerprint_bit_48,0.07786669747399477
28,drug_fp_density_morgan1_sum_fullmolecularfeaturizer,0.07771207349700195
28,fingerprint_H_bit_61,0.07657756296470844
28,drug_fingerprint_bit_94,0.07348807291950345
28,drug_fingerprint_bit_155,0.0732188168068503
28,drug_fingerprint_bit_185,0.07278477437272403
28,fingerprint_H_bit_68,0.07256471194459314
28,drug_fingerprint_bit_236,0.07096087854625029
28,fingerprint_H_bit_84,0.0702796817828057
28,drug_fingerprint_bit_154,0.06940995175658599
28,drug_fingerprint_bit_34,0.06408748560853501
28,drug_fingerprint_bit_205,0.06335634122452463
28,drug_fingerprint_bit_146,0.06317006979938442
28,drug_fingerprint_bit_46,0.06257180626837557
28,drug_fingerprint_bit_7,0.06112146594470782
28,drug_sp3_carbon_count_sum_fullmolecularfeaturizer,0.06107231849828397
28,drug_fingerprint_bit_81,0.06024856989172408
28,drug_fingerprint_bit_95,0.060021953526044024
28,drug_fingerprint_bit_109,0.05998743467573377
28,drug_fingerprint_bit_74,0.05870266096802946
28,drug_fingerprint_bit_172,0.05860149725675385
28,drug_fingerprint_bit_139,0.058304472002435034
28,fingerprint_H_bit_67,0.05762556028244611
28,drug_fingerprint_bit_92,0.05474471395694743
28,fingerprint_H_bit_32,0.052251011932806964
28,fingerprint_H_bit_116,0.0513999686699098
28,drug_fingerprint_bit_105,0.05100152147566418
28,drug_fingerprint_bit_179,0.04992112316670938
28,drug_fingerprint_bit_238,0.04981613771018865
28,drug_fingerprint_bit_169,0.04865977779603351
28,drug_fingerprint_bit_125,0.04810410308138529
28,fingerprint_H_bit_57,0.04767444227173427
28,drug_fingerprint_bit_101,0.04726080002540768
28,drug_fingerprint_bit_156,0.046969464022037014
28,poly_single_bonds_sum_fullpolymerfeaturizer,0.04694404183811677
28,drug_fingerprint_bit_2,0.04464384798723423
28,drug_fingerprint_bit_114,0.04339137497063639
28,drug_fingerprint_bit_96,0.04306483467964585
28,drug_fingerprint_bit_44,0.042819497245481855
28,drug_fingerprint_bit_245,0.04155870454535959
28,drug_fingerprint_bit_248,0.04110875157821562
28,drug_fingerprint_bit_127,0.04098714685920872
28,fingerprint_H_bit_224,0.04027854348881701
28,drug_fingerprint_bit_148,0.03978577189825026
28,drug_fingerprint_bit_152,0.039528130817909186
28,drug_fingerprint_bit_23,0.03933112898354745
28,drug_fingerprint_bit_239,0.03862824259754786
28,poly_num_aliphatic_heterocycles_sum_fullpolymerfeaturizer,0.03770154408465626
28,drug_fingerprint_bit_41,0.036481804985959744
28,drug_fingerprint_bit_57,0.03544498331148514
28,drug_fingerprint_bit_174,0.03541441103142566
28,fingerprint_H_bit_26,0.035234031349085794
28,drug_fingerprint_bit_14,0.033105880508653554
28,poly_sp3_carbon_count_sidechainfeaturizer_sum,0.0328194640028725
28,drug_fingerprint_bit_235,0.03264516635043594
28,drug_fingerprint_bit_231,0.0321013351951016
28,drug_fingerprint_bit_60,0.031630763295201876
28,drug_fingerprint_bit_187,0.03129895521275538
28,poly_max_estate_index_sum_backbonefeaturizer,0.030979170863016665
28,fingerprint_H_bit_216,0.030863108333212933
28,fingerprint_H_bit_131,0.03030216340255962
28,drug_fingerprint_bit_78,0.030301818235880983
28,drug_fingerprint_bit_90,0.030219656462985075
28,drug_fingerprint_bit_39,0.03006827735888318
28,drug_fingerprint_bit_20,0.029910034893161932
28,poly_slogp_vsa1_sidechainfeaturizer_sum,0.02913783833288758
28,drug_fingerprint_bit_161,0.028572088299299435
28,drug_fingerprint_bit_76,0.02854335331919671
28,drug_fingerprint_bit_86,0.0273508684921672
28,poly_num_non_aromatic_rings_sum_fullpolymerfeaturizer,0.026835004962173666
28,drug_fingerprint_bit_103,0.026782511835691716
28,drug_fingerprint_bit_191,0.026718679341376013
28,drug_fingerprint_bit_62,0.026325982146593836
28,drug_fingerprint_bit_67,0.02515198484542289
28,drug_fingerprint_bit_100,0.024746038468300733
28,drug_fingerprint_bit_134,0.02432750868685954
28,fingerprint_H_bit_34,0.0232260966538567
28,fingerprint_H_bit_63,0.02293302054581915
28,drug_fingerprint_bit_162,0.021933113727969213
28,drug_fingerprint_bit_204,0.02143290734917424
28,fingerprint_H_bit_139,0.02142719114762894
28,fingerprint_H_bit_158,0.019098829163707778
28,fingerprint_H_bit_46,0.018835338098600527
28,drug_fingerprint_bit_8,0.018685928843978333
28,drug_fingerprint_bit_225,0.01867825840233159
28,drug_fingerprint_bit_253,0.018607800294261945
28,drug_fingerprint_bit_31,0.018607615086882297
28,poly_num_non_aromatic_rings_sum_backbonefeaturizer,0.018345800959344565
28,drug_fingerprint_bit_118,0.017684325992388384
28,drug_single_bonds_sum_fullmolecularfeaturizer,0.01765481265420357
28,fingerprint_H_bit_65,0.017317855563224696
28,fingerprint_H_bit_106,0.0162750661582786
28,drug_fingerprint_bit_211,0.014350195770730604
28,drug_fingerprint_bit_16,0.014177245476161327
28,drug_fingerprint_bit_70,0.013217510047596732
28,drug_fingerprint_bit_32,0.012315009311324166
28,drug_fingerprint_bit_104,0.011926843123022505
28,fingerprint_H_bit_114,0.010785510178351393
28,drug_num_non_aromatic_rings_sum_fullmolecularfeaturizer,0.010668613692731964
28,drug_fingerprint_bit_149,0.010141966085875167
28,drug_fingerprint_bit_171,0.009981638200565758
28,drug_fingerprint_bit_135,0.009364857390835576
28,drug_fingerprint_bit_178,0.008629241580120047
28,fingerprint_H_bit_174,0.008355765611106038
28,fingerprint_H_bit_205,0.00823276532950998
28,fingerprint_H_bit_167,0.008162239532850338
28,drug_fingerprint_bit_222,0.008076624966434501
28,fingerprint_H_bit_18,0.007725817863540129
28,fingerprint_H_bit_233,0.007556716221768725
28,drug_fingerprint_bit_193,0.007269145023212386
28,drug_fingerprint_bit_242,0.00717192769520769
28,drug_fingerprint_bit_199,0.006844780959639772
28,drug_fingerprint_bit_121,0.006833766360633249
28,fingerprint_H_bit_112,0.0064665951834985734
28,drug_fingerprint_bit_117,0.005847933660033724
28,drug_max_ring_size_sum_fullmolecularfeaturizer,0.005736265865969965
28,fingerprint_H_bit_144,0.004706890147156914
28,fingerprint_H_bit_30,0.004350994205163101
28,drug_fingerprint_bit_84,0.0032252895556239636
28,drug_fingerprint_bit_142,0.003031951752839134
28,drug_fingerprint_bit_56,0.0029037175573528137
28,drug_fingerprint_bit_65,0.0019211016091747488
28,drug_fingerprint_bit_59,0.0019187973702950673
28,drug_fingerprint_bit_93,0.0015721083453307783
28,fingerprint_H_bit_185,0.0003837330007907475
28,poly_num_aliphatic_heterocycles_sum_backbonefeaturizer,7.368042165395389e-05
28,drug_fingerprint_bit_234,0.0
28,fingerprint_H_bit_6,0.0
28,fingerprint_H_bit_96,0.0
28,fingerprint_H_bit_95,0.0
28,fingerprint_H_bit_3,0.0
28,fingerprint_H_bit_2,0.0
28,poly_bromine_count_sidechainfeaturizer_sum,0.0
28,fingerprint_H_bit_0,0.0
28,poly_iodine_count_sidechainfeaturizer_sum,0.0
28,poly_triple_bonds_sidechainfeaturizer_sum,0.0
28,poly_bridging_rings_count_sidechainfeaturizer_sum,0.0
28,poly_fraction_bicyclic_rings_sum_backbonefeaturizer,0.0
28,poly_total_halogens_sum_backbonefeaturizer,0.0
28,poly_fluorine_count_sum_backbonefeaturizer,0.0
28,poly_chlorine_count_sum_backbonefeaturizer,0.0
28,drug_triple_bonds_sum_fullmolecularfeaturizer,0.0
28,poly_iodine_count_sum_backbonefeaturizer,0.0
28,fingerprint_H_bit_5,0.0
28,fingerprint_H_bit_4,0.0
28,drug_fingerprint_bit_232,0.0
28,poly_num_aliphatic_heterocycles_sidechainfeaturizer_sum,0.0
28,poly_total_halogens_sidechainfeaturizer_sum,0.0
28,poly_fluorine_count_sidechainfeaturizer_sum,0.0
28,poly_chlorine_count_sidechainfeaturizer_sum,0.0
28,poly_bromine_count_sum_backbonefeaturizer,0.0
28,fingerprint_H_bit_62,0.0
28,poly_triple_bonds_sum_backbonefeaturizer,0.0
28,poly_bridging_rings_count_sum_backbonefeaturizer,0.0
28,fingerprint_H_bit_25,0.0
28,fingerprint_H_bit_29,0.0
28,fingerprint_H_bit_31,0.0
28,fingerprint_H_bit_35,0.0
28,fingerprint_H_bit_36,0.0
28,fingerprint_H_bit_40,0.0
28,poly_triple_bonds_sum_fullpolymerfeaturizer,0.0
28,drug_bromine_count_sum_fullmolecularfeaturizer,0.0
28,drug_iodine_count_sum_fullmolecularfeaturizer,0.0
28,fingerprint_H_bit_94,0.0
28,fingerprint_H_bit_254,0.0
28,fingerprint_H_bit_59,0.0
28,fingerprint_H_bit_60,0.0
28,drug_fingerprint_bit_215,0.0
28,drug_fingerprint_bit_217,0.0
28,poly_fraction_bicyclic_rings_sum_fullpolymerfeaturizer,0.0
28,drug_fingerprint_bit_209,0.0
28,drug_fingerprint_bit_9,0.0
28,fingerprint_H_bit_75,0.0
28,fingerprint_H_bit_253,0.0
28,fingerprint_H_bit_77,0.0
28,poly_total_halogens_sum_fullpolymerfeaturizer,0.0
28,poly_fluorine_count_sum_fullpolymerfeaturizer,0.0
28,poly_chlorine_count_sum_fullpolymerfeaturizer,0.0
28,poly_bromine_count_sum_fullpolymerfeaturizer,0.0
28,poly_iodine_count_sum_fullpolymerfeaturizer,0.0
28,fingerprint_H_bit_86,0.0
28,fingerprint_H_bit_87,0.0
28,fingerprint_H_bit_88,0.0
28,fingerprint_H_bit_90,0.0
28,fingerprint_H_bit_91,0.0
28,fingerprint_H_bit_92,0.0
28,fingerprint_H_bit_93,0.0
28,fingerprint_H_bit_76,0.0
28,drug_fingerprint_bit_17,0.0
28,drug_fingerprint_bit_21,0.0
28,fingerprint_H_bit_23,0.0
28,fingerprint_H_bit_24,0.0
28,fingerprint_H_bit_234,0.0
28,fingerprint_H_bit_235,0.0
28,fingerprint_H_bit_255,0.0
28,fingerprint_H_bit_242,0.0
28,fingerprint_H_bit_243,0.0
28,fingerprint_H_bit_244,0.0
28,fingerprint_H_bit_246,0.0
28,fingerprint_H_bit_247,0.0
28,fingerprint_H_bit_248,0.0
28,fingerprint_H_bit_249,0.0
28,fingerprint_H_bit_250,0.0
28,fingerprint_H_bit_252,0.0
28,drug_fingerprint_bit_195,0.0
28,drug_fingerprint_bit_198,0.0
28,drug_fingerprint_bit_166,0.0
28,poly_bridging_rings_count_sum_fullpolymerfeaturizer,0.0
28,poly_num_non_aromatic_rings_sidechainfeaturizer_sum,0.0
28,poly_fraction_bicyclic_rings_sidechainfeaturizer_sum,0.0
28,fingerprint_H_bit_79,0.0
28,fingerprint_H_bit_215,0.0
28,drug_fingerprint_bit_176,0.0
28,fingerprint_H_bit_82,0.0
28,fingerprint_H_bit_229,0.0
28,fingerprint_H_bit_230,0.0
28,fingerprint_H_bit_225,0.0
28,fingerprint_H_bit_83,0.0
28,fingerprint_H_bit_72,0.0
28,fingerprint_H_bit_73,0.0
28,fingerprint_H_bit_74,0.0
28,fingerprint_H_bit_192,0.0
28,fingerprint_H_bit_193,0.0
28,fingerprint_H_bit_194,0.0
28,fingerprint_H_bit_231,0.0
28,fingerprint_H_bit_228,0.0
28,fingerprint_H_bit_196,0.0
28,fingerprint_H_bit_195,0.0
28,fingerprint_H_bit_198,0.0
28,fingerprint_H_bit_199,0.0
28,fingerprint_H_bit_240,0.0
28,fingerprint_H_bit_241,0.0
28,fingerprint_H_bit_238,0.0
28,fingerprint_H_bit_239,0.0
28,fingerprint_H_bit_209,0.0
28,fingerprint_H_bit_208,0.0
28,fingerprint_H_bit_210,0.0
28,fingerprint_H_bit_211,0.0
28,drug_fingerprint_bit_54,0.0
28,drug_fingerprint_bit_51,0.0
28,drug_fingerprint_bit_89,0.0
28,fingerprint_H_bit_71,0.0
28,fingerprint_H_bit_177,0.0
28,fingerprint_H_bit_178,0.0
28,fingerprint_H_bit_179,0.0
28,fingerprint_H_bit_180,0.0
28,fingerprint_H_bit_181,0.0
28,fingerprint_H_bit_220,0.0
28,fingerprint_H_bit_221,0.0
28,fingerprint_H_bit_223,0.0
28,fingerprint_H_bit_187,0.0
28,fingerprint_H_bit_188,0.0
28,fingerprint_H_bit_189,0.0
28,fingerprint_H_bit_190,0.0
28,fingerprint_H_bit_191,0.0
28,drug_fingerprint_bit_68,0.0
28,drug_fingerprint_bit_102,0.0
28,drug_fingerprint_bit_87,0.0
28,fingerprint_H_bit_14,0.0
28,fingerprint_H_bit_15,0.0
28,fingerprint_H_bit_16,0.0
28,fingerprint_H_bit_17,0.0
28,fingerprint_H_bit_19,0.0
28,fingerprint_H_bit_20,0.0
28,fingerprint_H_bit_21,0.0
28,fingerprint_H_bit_22,0.0
28,fingerprint_H_bit_160,0.0
28,fingerprint_H_bit_161,0.0
28,fingerprint_H_bit_163,0.0
28,fingerprint_H_bit_165,0.0
28,fingerprint_H_bit_166,0.0
28,fingerprint_H_bit_168,0.0
28,fingerprint_H_bit_200,0.0
28,fingerprint_H_bit_176,0.0
28,fingerprint_H_bit_201,0.0
28,fingerprint_H_bit_202,0.0
28,fingerprint_H_bit_170,0.0
28,fingerprint_H_bit_203,0.0
28,fingerprint_H_bit_172,0.0
28,fingerprint_H_bit_173,0.0
28,drug_fingerprint_bit_123,0.0
28,fingerprint_H_bit_171,0.0
28,fingerprint_H_bit_140,0.0
28,fingerprint_H_bit_141,0.0
28,fingerprint_H_bit_146,0.0
28,fingerprint_H_bit_142,0.0
28,fingerprint_H_bit_148,0.0
28,fingerprint_H_bit_149,0.0
28,fingerprint_H_bit_150,0.0
28,fingerprint_H_bit_184,0.0
28,fingerprint_H_bit_152,0.0
28,fingerprint_H_bit_153,0.0
28,fingerprint_H_bit_154,0.0
28,fingerprint_H_bit_156,0.0
28,fingerprint_H_bit_157,0.0
28,fingerprint_H_bit_9,0.0
28,fingerprint_H_bit_10,0.0
28,fingerprint_H_bit_11,0.0
28,fingerprint_H_bit_12,0.0
28,fingerprint_H_bit_117,0.0
28,fingerprint_H_bit_122,0.0
28,fingerprint_H_bit_124,0.0
28,fingerprint_H_bit_126,0.0
28,fingerprint_H_bit_127,0.0
28,fingerprint_H_bit_129,0.0
28,fingerprint_H_bit_130,0.0
28,fingerprint_H_bit_132,0.0
28,fingerprint_H_bit_47,0.0
28,fingerprint_H_bit_169,0.0
28,fingerprint_H_bit_135,0.0
28,fingerprint_H_bit_136,0.0
28,fingerprint_H_bit_137,0.0
28,drug_fingerprint_bit_112,0.0
28,drug_fingerprint_bit_157,0.0
28,fingerprint_H_bit_51,0.0
28,fingerprint_H_bit_55,0.0
28,fingerprint_H_bit_105,0.0
28,fingerprint_H_bit_107,0.0
28,fingerprint_H_bit_108,0.0
28,fingerprint_H_bit_109,0.0
28,fingerprint_H_bit_110,0.0
28,fingerprint_H_bit_111,0.0
28,fingerprint_H_bit_115,0.0
28,fingerprint_H_bit_97,0.0
28,fingerprint_H_bit_99,0.0
28,fingerprint_H_bit_101,0.0
28,fingerprint_H_bit_102,0.0
28,fingerprint_H_bit_103,0.0
28,fingerprint_H_bit_104,0.0
28,fingerprint_H_bit_43,0.0
28,fingerprint_H_bit_44,0.0
28,drug_fingerprint_bit_220,0.0
28,drug_fingerprint_bit_221,0.0
28,fingerprint_H_bit_49,0.0
28,fingerprint_H_bit_50,0.0
28,drug_fingerprint_bit_244,0.0
28,drug_fingerprint_bit_254,0.0
28,fingerprint_H_bit_8,0.0
28,fingerprint_H_bit_206,-3.8925482519809e-08
28,drug_fingerprint_bit_79,-2.1542090643820373e-05
28,drug_fingerprint_bit_82,-0.0001900266581676096
28,drug_fingerprint_bit_124,-0.0026225564209609318
28,fingerprint_H_bit_133,-0.0029836524809073134
28,fingerprint_H_bit_143,-0.0034671572234780757
28,drug_fingerprint_bit_25,-0.004192273055371444
28,drug_fingerprint_bit_55,-0.005430271233584895
28,drug_fingerprint_bit_85,-0.007047480902616409
28,drug_fingerprint_bit_210,-0.011780747786482939
28,drug_fingerprint_bit_140,-0.012705633145847562
28,fingerprint_H_bit_134,-0.014060114602150389
28,fingerprint_H_bit_123,-0.01658838208850161
28,drug_fingerprint_bit_153,-0.019411257260146347
28,drug_fingerprint_bit_192,-0.02050379116269489
28,poly_num_atoms_sum_fullpolymerfeaturizer,-0.02500615279005346
28,drug_fingerprint_bit_182,-0.02641675965123607
28,drug_max_estate_index_sum_fullmolecularfeaturizer,-0.027212205557791302
28,drug_fingerprint_bit_53,-0.03067109453737532
28,drug_fingerprint_bit_58,-0.0335793653786575
28,drug_fingerprint_bit_66,-0.03652124364873311
28,drug_fingerprint_bit_207,-0.03868809567985803
28,poly_topological_surface_area_sum_fullpolymerfeaturizer,-0.038811625715095825
28,fingerprint_H_bit_125,-0.03894555939720331
28,poly_num_aromatic_rings_sum_backbonefeaturizer,-0.04132880673654488
28,fingerprint_H_bit_218,-0.04295737964395774
28,fingerprint_H_bit_183,-0.04339327663160681
28,drug_fingerprint_bit_129,-0.04569617931333786
28,fingerprint_H_bit_207,-0.048237919695313096
28,fingerprint_H_bit_138,-0.0570483360096506
28,drug_fingerprint_bit_230,-0.05723090047801149
28,drug_fingerprint_bit_43,-0.060334617742166814
28,fingerprint_H_bit_175,-0.062440392135074234
28,drug_fingerprint_bit_243,-0.06496738437488202
28,drug_fingerprint_bit_80,-0.07162779604966689
28,drug_fingerprint_bit_138,-0.07688742793963785
28,poly_num_hbond_acceptors_sum_fullpolymerfeaturizer,-0.0799482856621541
28,drug_double_bonds_sum_fullmolecularfeaturizer,-0.08105711080711404
28,drug_fingerprint_bit_1,-0.0830150363223647
28,fingerprint_H_bit_7,-0.0874996746753351
28,drug_fingerprint_bit_107,-0.09011483223446394
28,drug_fingerprint_bit_131,-0.09509418224659198
28,poly_balaban_j_index_sum_backbonefeaturizer,-0.10146273113650477
28,drug_fingerprint_bit_29,-0.10550415126062616
28,drug_fingerprint_bit_241,-0.10719241843630199
28,fingerprint_H_bit_39,-0.10771981500932681
28,drug_fingerprint_bit_91,-0.10852169677332137
28,drug_slogp_vsa1_sum_fullmolecularfeaturizer,-0.13451368711003067
28,drug_fingerprint_bit_143,-0.13554950245355554
28,drug_fingerprint_bit_196,-0.13809756630621045
28,drug_fingerprint_bit_38,-0.14702342018786443
28,drug_fingerprint_bit_168,-0.15539620944755983
28,fingerprint_H_bit_38,-0.16279773725383806
28,drug_fingerprint_bit_113,-0.16381625021916157
28,drug_sp2_carbon_count_sum_fullmolecularfeaturizer,-0.17769760746194305
28,fingerprint_H_bit_64,-0.18403504478263719
28,drug_fingerprint_bit_40,-0.19131156479835862
28,drug_fingerprint_bit_72,-0.22494723573590644
28,poly_molecular_weight_sum_fullpolymerfeaturizer,-0.23136157498464488
28,poly_double_bonds_sum_fullpolymerfeaturizer,-0.2376905037259595
28,drug_fingerprint_bit_228,-0.2533423843258672
28,drug_fingerprint_bit_45,-0.2729064935226432
28,drug_charge_at_WATER_PH,-0.2733407119363248
28,poly_heteroatom_count_sum_fullpolymerfeaturizer,-0.2791780114009927
28,fingerprint_H_bit_33,-0.28971970789923474
28,fingerprint_H_bit_42,-0.3248207303247366
28,drug_fingerprint_bit_12,-0.3328520800608122
28,poly_num_hbond_donors_sum_fullpolymerfeaturizer,-0.3335476108679876
28,drug_fingerprint_bit_111,-0.3379695181855385
28,drug_fingerprint_bit_128,-0.342014490702276
28,drug_fingerprint_bit_255,-0.38534892844182866
28,drug_fingerprint_bit_214,-0.3990807012569349
28,WATER_PH,-0.42554206810897305
28,drug_fingerprint_bit_47,-0.42642214362697867
28,drug_fingerprint_bit_4,-0.46435582675527254
28,drug_fingerprint_bit_151,-0.46698730429667135
28,drug_fingerprint_bit_175,-0.4778071031816777
28,poly_sp2_carbon_count_sum_fullpolymerfeaturizer,-0.5397992876925259
28,drug_fingerprint_bit_108,-0.5790158934002224
28,drug_fingerprint_bit_163,-0.605105067622217
28,drug_fingerprint_bit_237,-0.6108398657770316
28,fingerprint_H_bit_120,-0.6350676447987122
28,drug_fingerprint_bit_64,-0.6815304876025795
28,drug_fingerprint_bit_19,-0.6859155397894962
28,drug_fingerprint_bit_186,-0.7429759834090509
28,charge_at_WATER_PH_H,-0.8050708641857665
28,drug_num_rotatable_bonds_sum_fullmolecularfeaturizer,-0.8429392080243422
28,poly_max_estate_index_sum_fullpolymerfeaturizer,-0.8446576979429182
28,drug_fingerprint_bit_233,-0.8809096703630683
28,drug_fingerprint_bit_119,-0.9226927116319751
28,fingerprint_H_bit_69,-1.0264391675386866
28,drug_fingerprint_bit_88,-1.0446203828854073
28,drug_fingerprint_bit_200,-1.0576279253002852
28,drug_fingerprint_bit_133,-1.1945721955417412
28,fingerprint_H_bit_164,-1.3061107658702542
28,fingerprint_H_bit_186,-1.445245311652539
28,CONCENTRATION,-1.8251654885594646
28,fingerprint_H_bit_66,-1.9219357870081772
28,drug_fingerprint_bit_33,-1.9892814612425618
28,drug_fingerprint_bit_224,-2.05277774323505
28,fingerprint_H_bit_27,-2.6961861505052496
28,fingerprint_H_bit_98,-4.682652006590975
29,fingerprint_H_bit_177,8.524678359213087
29,drug_fingerprint_bit_190,8.372554648178715
29,drug_fingerprint_bit_98,6.814766587299294
29,poly_num_hbond_acceptors_sum_backbonefeaturizer,3.240179713229374
29,poly_num_atoms_sum_backbonefeaturizer,2.4559682021659834
29,poly_smr_vsa5_sum_backbonefeaturizer,2.3838816823071225
29,poly_balaban_j_index_sidechainfeaturizer_sum,2.298720877921962
29,drug_fingerprint_bit_219,2.167740452141834
29,drug_fingerprint_bit_72,1.9875769206751763
29,fingerprint_H_bit_237,1.946626044187499
29,fingerprint_H_bit_100,1.7104932338279617
29,drug_fingerprint_bit_52,1.6846568721611903
29,fingerprint_H_bit_85,1.5724833891249654
29,poly_heteroatom_density_sidechainfeaturizer_sum,1.5330427660310586
29,fingerprint_H_bit_28,1.4332904037162402
29,charge_at_WATER_PH_H,1.4289641516911544
29,poly_single_bonds_sum_backbonefeaturizer,1.3638958814631172
29,poly_sp2_carbon_count_sum_fullpolymerfeaturizer,1.348969668962987
29,poly_num_aromatic_rings_sum_fullpolymerfeaturizer,1.2999856125072102
29,fingerprint_H_bit_147,1.2941682899425493
29,poly_balaban_j_index_sum_fullpolymerfeaturizer,1.157140202916543
29,poly_max_ring_size_sum_fullpolymerfeaturizer,1.149254204184789
29,poly_max_ring_size_sidechainfeaturizer_sum,1.068182424509218
29,fingerprint_H_bit_58,1.0504086492009737
29,fingerprint_H_bit_197,1.028678253365769
29,poly_balaban_j_index_sum_backbonefeaturizer,1.0272204844327784
29,poly_num_atoms_sidechainfeaturizer_sum,1.0112567919502762
29,fingerprint_H_bit_183,1.0072411464732822
29,fingerprint_H_bit_48,0.9412189821940684
29,drug_fingerprint_bit_45,0.9024212615866526
29,poly_num_aromatic_rings_sum_backbonefeaturizer,0.8395681269756802
29,poly_max_estate_index_sidechainfeaturizer_sum,0.8171809314649762
29,poly_molecular_weight_sidechainfeaturizer_sum,0.7993052154951509
29,drug_fingerprint_bit_158,0.7476244023298896
29,fingerprint_H_bit_159,0.7229838583276926
29,fingerprint_H_bit_151,0.7169991072793517
29,fingerprint_H_bit_133,0.6961339895976268
29,fingerprint_H_bit_128,0.6953045327503377
29,drug_fingerprint_bit_22,0.6796234805154524
29,fingerprint_H_bit_33,0.6685351630994647
29,fingerprint_H_bit_155,0.6616243074436949
29,poly_num_rings_sum_fullpolymerfeaturizer,0.6461535226853581
29,drug_fingerprint_bit_139,0.6367794477169495
29,drug_fingerprint_bit_167,0.6178742923656486
29,lumo_eV_H,0.6024397283193359
29,drug_fingerprint_bit_19,0.5927116535500102
29,poly_slogp_vsa1_sum_fullpolymerfeaturizer,0.5748092048420878
29,drug_fingerprint_bit_99,0.562744400135333
29,drug_fingerprint_bit_144,0.557642266723556
29,drug_fingerprint_bit_36,0.5541678826538029
29,fingerprint_H_bit_182,0.5538193208252251
29,fingerprint_H_bit_214,0.5376313114564131
29,drug_fingerprint_bit_3,0.5263246012077538
29,fingerprint_H_bit_204,0.5113455733555243
29,poly_num_hbond_donors_sum_backbonefeaturizer,0.4936218246586761
29,poly_sp3_carbon_count_sum_backbonefeaturizer,0.4802501273977802
29,fingerprint_H_bit_81,0.46045801816287674
29,fingerprint_H_bit_56,0.44447091054980037
29,drug_fingerprint_bit_160,0.44042213635302335
29,drug_fingerprint_bit_155,0.4344732142012192
29,logp_H,0.410261687250015
29,poly_num_rings_sum_backbonefeaturizer,0.4084586601680433
29,fingerprint_H_bit_186,0.40459434835958813
29,poly_fp_density_morgan1_sidechainfeaturizer_sum,0.3935256080628821
29,drug_fingerprint_bit_206,0.38438712317650825
29,poly_sp2_carbon_count_sum_backbonefeaturizer,0.3794056039525933
29,drug_fingerprint_bit_223,0.37803304675971877
29,drug_fingerprint_bit_71,0.3672045458592291
29,drug_fingerprint_bit_189,0.3633779655176393
29,fingerprint_H_bit_69,0.3607431887981568
29,poly_single_bonds_sidechainfeaturizer_sum,0.3590156969256581
29,drug_fingerprint_bit_24,0.35842927036328043
29,drug_fingerprint_bit_47,0.3544174166535628
29,drug_fingerprint_bit_224,0.3406003991859971
29,poly_double_bonds_sum_fullpolymerfeaturizer,0.33915207328175867
29,drug_fingerprint_bit_12,0.3319291975990865
29,drug_fingerprint_bit_125,0.3278981554883637
29,drug_logd_at_WATER_PH,0.3276810359396069
29,drug_fingerprint_bit_63,0.316770361044234
29,drug_fingerprint_bit_145,0.3089193330361596
29,drug_fingerprint_bit_39,0.300154578931703
29,drug_fingerprint_bit_185,0.2966407786048512
29,fingerprint_H_bit_217,0.29477954277839763
29,drug_fingerprint_bit_10,0.29462543619983933
29,drug_num_hbond_acceptors_sum_fullmolecularfeaturizer,0.2930977770527373
29,drug_fingerprint_bit_26,0.29145769277285755
29,drug_fingerprint_bit_74,0.2857283548799284
29,drug_fingerprint_bit_249,0.2840127779177174
29,drug_fingerprint_bit_122,0.28185891393317625
29,drug_fingerprint_bit_218,0.27772715950651616
29,drug_num_aromatic_rings_sum_fullmolecularfeaturizer,0.2712993004956103
29,poly_heteroatom_density_sum_backbonefeaturizer,0.2704836592306831
29,drug_fingerprint_bit_141,0.26993518538294925
29,poly_num_hbond_acceptors_sidechainfeaturizer_sum,0.26909089717115375
29,poly_molecular_weight_sum_fullpolymerfeaturizer,0.2606507235166366
29,poly_num_hbond_donors_sidechainfeaturizer_sum,0.25660539332295473
29,drug_fingerprint_bit_159,0.24988944253161202
29,drug_fingerprint_bit_177,0.24816521880993594
29,drug_fingerprint_bit_213,0.24567574080571472
29,fingerprint_H_bit_232,0.23938815365100982
29,drug_fingerprint_bit_173,0.22736839476067364
29,drug_fingerprint_bit_6,0.22599721438159767
29,poly_num_rings_sidechainfeaturizer_sum,0.22269271309189223
29,drug_fingerprint_bit_250,0.22236191262830735
29,fingerprint_H_bit_41,0.2217138646873878
29,drug_fingerprint_bit_184,0.21997582213970723
29,poly_molecular_weight_sum_backbonefeaturizer,0.21760830595066397
29,drug_homo_eV,0.21718025793349
29,drug_fingerprint_bit_110,0.21607159556781047
29,poly_smr_vsa5_sidechainfeaturizer_sum,0.21402219545454718
29,drug_fingerprint_bit_30,0.21327841734364553
29,drug_fingerprint_bit_170,0.20661327916123565
29,drug_total_halogens_sum_fullmolecularfeaturizer,0.20218347427241004
29,drug_num_aliphatic_heterocycles_sum_fullmolecularfeaturizer,0.19894037085175428
29,drug_fingerprint_bit_252,0.19542221294733603
29,poly_num_rotatable_bonds_sum_fullpolymerfeaturizer,0.19188185421579065
29,drug_fraction_bicyclic_rings_sum_fullmolecularfeaturizer,0.19184808647821
29,drug_fingerprint_bit_174,0.19165425918340911
29,drug_fingerprint_bit_101,0.19123978585977822
29,fingerprint_H_bit_226,0.19090075766209438
29,drug_fingerprint_bit_13,0.19031417933825504
29,drug_fingerprint_bit_35,0.18409956255172646
29,drug_fingerprint_bit_247,0.18240269753571375
29,drug_fingerprint_bit_181,0.17982087622789672
29,drug_fingerprint_bit_0,0.17739074518333758
29,fingerprint_H_bit_70,0.17703505329037253
29,drug_fingerprint_bit_130,0.17302637577367172
29,drug_fingerprint_bit_229,0.17156703945520121
29,drug_fingerprint_bit_255,0.16936800703925275
29,drug_fingerprint_bit_137,0.16686460731691696
29,fingerprint_H_bit_118,0.16038876666539442
29,poly_smr_vsa5_sum_fullpolymerfeaturizer,0.15689018635681878
29,poly_sp3_carbon_count_sidechainfeaturizer_sum,0.15111150524147396
29,drug_fingerprint_bit_140,0.15030709175427498
29,drug_fingerprint_bit_75,0.15016153341487154
29,fingerprint_H_bit_13,0.1489032769863097
29,drug_fingerprint_bit_126,0.14559055438728588
29,fingerprint_H_bit_84,0.14450345156565053
29,drug_fingerprint_bit_197,0.14180218821776816
29,drug_fingerprint_bit_131,0.14159057820519624
29,drug_fingerprint_bit_37,0.14025861730310038
29,drug_fingerprint_bit_27,0.1401351090246276
29,drug_fingerprint_bit_183,0.139258932713176
29,drug_fingerprint_bit_44,0.13744768005372623
29,drug_fingerprint_bit_179,0.13591256145086597
29,drug_fingerprint_bit_2,0.1333637485475948
29,fingerprint_H_bit_67,0.13197057515359525
29,fingerprint_H_bit_37,0.13167558182395528
29,drug_fingerprint_bit_97,0.13067146302825391
29,drug_fingerprint_bit_118,0.1256201313315413
29,drug_fingerprint_bit_83,0.12534283714883596
29,drug_smr_vsa5_sum_fullmolecularfeaturizer,0.12463324383917948
29,drug_num_rings_sum_fullmolecularfeaturizer,0.12399338112658324
29,drug_fingerprint_bit_161,0.12226711815560865
29,drug_fingerprint_bit_84,0.12211418909227137
29,drug_heteroatom_density_sum_fullmolecularfeaturizer,0.12156820515920597
29,poly_slogp_vsa1_sum_backbonefeaturizer,0.1175336170176837
29,drug_fingerprint_bit_246,0.1160075166618197
29,drug_fingerprint_bit_106,0.11425841419854706
29,drug_fingerprint_bit_240,0.11373204804628742
29,drug_fingerprint_bit_210,0.11181382178935537
29,drug_fingerprint_bit_28,0.11113038673581911
29,fingerprint_H_bit_162,0.1097392897764365
29,drug_fingerprint_bit_203,0.10864022047286827
29,drug_fingerprint_bit_127,0.10814976978189965
29,drug_sp3_carbon_count_sum_fullmolecularfeaturizer,0.10803011236542306
29,drug_fingerprint_bit_93,0.10705983312862356
29,drug_fingerprint_bit_253,0.10670277926000524
29,fingerprint_H_bit_53,0.1065640848916903
29,poly_heteroatom_count_sidechainfeaturizer_sum,0.1059876232507699
29,fingerprint_H_bit_119,0.10517655547637146
29,logd_at_WATER_PH_H,0.1034082448901306
29,drug_fingerprint_bit_121,0.10107048720319967
29,drug_fingerprint_bit_95,0.10000410451414983
29,drug_fingerprint_bit_115,0.09989919194850524
29,poly_double_bonds_sidechainfeaturizer_sum,0.09847009524332904
29,fingerprint_H_bit_32,0.09584731535415403
29,drug_fingerprint_bit_236,0.09417899888380475
29,drug_fingerprint_bit_129,0.09398187301825053
29,drug_fingerprint_bit_146,0.09389149937355443
29,fingerprint_H_bit_212,0.09258281410724956
29,drug_fingerprint_bit_77,0.09246580096663491
29,drug_fingerprint_bit_202,0.091366922756709
29,drug_fingerprint_bit_69,0.08771865672105662
29,fingerprint_H_bit_57,0.08664469541045679
29,fingerprint_H_bit_89,0.08640395431206262
29,drug_fingerprint_bit_81,0.08476114769095562
29,fingerprint_H_bit_167,0.08424584499095775
29,poly_num_hbond_donors_sum_fullpolymerfeaturizer,0.08352303081100562
29,drug_fingerprint_bit_152,0.08298324180317933
29,drug_fingerprint_bit_15,0.08278485194669317
29,drug_fingerprint_bit_180,0.08143017614880999
29,drug_fingerprint_bit_18,0.07691453682338069
29,poly_num_non_aromatic_rings_sum_fullpolymerfeaturizer,0.07508556901051469
29,drug_fingerprint_bit_132,0.0735022008278448
29,drug_fingerprint_bit_196,0.07347033180142878
29,drug_fingerprint_bit_201,0.07286033624310269
29,poly_slogp_vsa1_sidechainfeaturizer_sum,0.07167857815284251
29,drug_fingerprint_bit_50,0.07105236628280216
29,drug_fingerprint_bit_103,0.07086949286528375
29,drug_fingerprint_bit_60,0.06990144830113083
29,drug_fingerprint_bit_150,0.06318812660111432
29,fingerprint_H_bit_27,0.06261003143101185
29,drug_num_non_aromatic_rings_sum_fullmolecularfeaturizer,0.062054527808984225
29,drug_fingerprint_bit_182,0.06088097152823711
29,drug_fingerprint_bit_241,0.06014634860455477
29,drug_fingerprint_bit_136,0.05690645732597748
29,drug_fingerprint_bit_199,0.056883150273441485
29,fingerprint_H_bit_144,0.05573945049488798
29,drug_fingerprint_bit_5,0.05528632978772096
29,drug_fingerprint_bit_142,0.051898477108476074
29,drug_fingerprint_bit_231,0.05005753857446743
29,drug_fingerprint_bit_169,0.04927576275403943
29,drug_fingerprint_bit_109,0.048977973673392884
29,poly_sp3_carbon_count_sum_fullpolymerfeaturizer,0.04818615362667365
29,drug_max_ring_size_sum_fullmolecularfeaturizer,0.044757190683240945
29,drug_fingerprint_bit_235,0.044640446921097254
29,drug_fingerprint_bit_245,0.04430567475790313
29,fingerprint_H_bit_216,0.04415274381318592
29,drug_fingerprint_bit_205,0.04231951592965725
29,fingerprint_H_bit_98,0.041416316758070386
29,drug_sp2_carbon_count_sum_fullmolecularfeaturizer,0.04124609247528296
29,drug_fingerprint_bit_192,0.03616682255447273
29,fingerprint_H_bit_114,0.03474914704212761
29,drug_fluorine_count_sum_fullmolecularfeaturizer,0.034071844888832414
29,drug_fingerprint_bit_248,0.03396861549490108
29,drug_heteroatom_count_sum_fullmolecularfeaturizer,0.033879915868169554
29,fingerprint_H_bit_224,0.03362115155182256
29,drug_logp,0.03313666241413503
29,drug_fingerprint_bit_120,0.03179215238510302
29,drug_fingerprint_bit_164,0.031289893336061934
29,drug_fingerprint_bit_239,0.031180369417488085
29,drug_fingerprint_bit_23,0.031104774165623343
29,drug_lumo_eV,0.031046751002437496
29,drug_fingerprint_bit_62,0.03040100691620589
29,drug_fingerprint_bit_38,0.03033463359562194
29,fingerprint_H_bit_251,0.03010616720312455
29,fingerprint_H_bit_106,0.02998954917929291
29,fingerprint_H_bit_233,0.029989134747453655
29,drug_fingerprint_bit_70,0.028577163134844295
29,drug_fingerprint_bit_149,0.028452857546042352
29,fingerprint_H_bit_121,0.027955564472314842
29,drug_fingerprint_bit_251,0.027859375614412447
29,fingerprint_H_bit_185,0.027721779776287647
29,drug_fingerprint_bit_165,0.027138011180316463
29,fingerprint_H_bit_158,0.026963969483976963
29,fingerprint_H_bit_131,0.02638200539980926
29,drug_fingerprint_bit_61,0.02588528169615189
29,drug_fingerprint_bit_226,0.02525387538294537
29,drug_fingerprint_bit_46,0.025113564030920372
29,poly_heteroatom_density_sum_fullpolymerfeaturizer,0.02458251095943742
29,drug_fingerprint_bit_57,0.024526454408640826
29,drug_fingerprint_bit_94,0.023513984981824037
29,fingerprint_H_bit_66,0.023034329699444883
29,fingerprint_H_bit_112,0.02290421374312726
29,poly_topological_surface_area_sidechainfeaturizer_sum,0.022792210318545805
29,poly_num_aliphatic_heterocycles_sum_fullpolymerfeaturizer,0.02207034537279834
29,fingerprint_H_bit_63,0.021692822497321636
29,drug_fingerprint_bit_156,0.02085549154601874
29,drug_fingerprint_bit_114,0.019915717952805414
29,drug_fingerprint_bit_104,0.019463798739907372
29,fingerprint_H_bit_116,0.018823694449626432
29,fingerprint_H_bit_18,0.016636540275246327
29,fingerprint_H_bit_174,0.01626864910656047
29,fingerprint_H_bit_61,0.01588015693323397
29,drug_fingerprint_bit_16,0.015636489022895998
29,poly_num_non_aromatic_rings_sum_backbonefeaturizer,0.014117776214451871
29,drug_fingerprint_bit_135,0.013964060785517865
29,drug_fingerprint_bit_191,0.013232178709470284
29,drug_fingerprint_bit_171,0.012017955074641753
29,poly_num_aliphatic_heterocycles_sum_backbonefeaturizer,0.011877763846460656
29,drug_fingerprint_bit_243,0.011065913934147903
29,drug_fingerprint_bit_85,0.009958027221855856
29,drug_fingerprint_bit_96,0.009481131346159435
29,drug_fingerprint_bit_172,0.008880188808163245
29,fingerprint_H_bit_34,0.007521306752981045
29,drug_fingerprint_bit_78,0.006863049837037116
29,fingerprint_H_bit_26,0.005467173773398448
29,drug_fingerprint_bit_100,0.005335434021946551
29,drug_max_estate_index_sum_fullmolecularfeaturizer,0.004886830399069929
29,drug_fingerprint_bit_222,0.004164026696546871
29,fingerprint_H_bit_134,0.0038930242607633425
29,drug_fingerprint_bit_238,0.002453862419580534
29,drug_fingerprint_bit_143,0.001891765253672196
29,fingerprint_H_bit_46,0.0018045198683837146
29,fingerprint_H_bit_139,0.001418518256373426
29,drug_single_bonds_sum_fullmolecularfeaturizer,0.0009823751988364906
29,drug_fingerprint_bit_124,0.0008369858401196131
29,drug_num_atoms_sum_fullmolecularfeaturizer,0.0008191306229599864
29,fingerprint_H_bit_205,0.00012179940832538325
29,fingerprint_H_bit_65,2.7713542055083996e-05
29,fingerprint_H_bit_208,0.0
29,fingerprint_H_bit_209,0.0
29,fingerprint_H_bit_211,0.0
29,fingerprint_H_bit_111,0.0
29,fingerprint_H_bit_189,0.0
29,fingerprint_H_bit_190,0.0
29,drug_fingerprint_bit_234,0.0
29,fingerprint_H_bit_191,0.0
29,fingerprint_H_bit_90,0.0
29,fingerprint_H_bit_91,0.0
29,drug_fingerprint_bit_123,0.0
29,drug_triple_bonds_sum_fullmolecularfeaturizer,0.0
29,fingerprint_H_bit_115,0.0
29,fingerprint_H_bit_117,0.0
29,fingerprint_H_bit_206,0.0
29,fingerprint_H_bit_210,0.0
29,fingerprint_H_bit_215,0.0
29,fingerprint_H_bit_187,0.0
29,fingerprint_H_bit_0,0.0
29,fingerprint_H_bit_92,0.0
29,poly_bromine_count_sum_fullpolymerfeaturizer,0.0
29,poly_chlorine_count_sum_fullpolymerfeaturizer,0.0
29,fingerprint_H_bit_62,0.0
29,poly_iodine_count_sum_fullpolymerfeaturizer,0.0
29,fingerprint_H_bit_72,0.0
29,poly_triple_bonds_sum_fullpolymerfeaturizer,0.0
29,poly_bridging_rings_count_sum_fullpolymerfeaturizer,0.0
29,fingerprint_H_bit_71,0.0
29,fingerprint_H_bit_17,0.0
29,fingerprint_H_bit_19,0.0
29,fingerprint_H_bit_20,0.0
29,fingerprint_H_bit_21,0.0
29,fingerprint_H_bit_22,0.0
29,poly_num_non_aromatic_rings_sidechainfeaturizer_sum,0.0
29,poly_fraction_bicyclic_rings_sidechainfeaturizer_sum,0.0
29,fingerprint_H_bit_16,0.0
29,poly_num_aliphatic_heterocycles_sidechainfeaturizer_sum,0.0
29,poly_total_halogens_sidechainfeaturizer_sum,0.0
29,poly_chlorine_count_sidechainfeaturizer_sum,0.0
29,poly_fluorine_count_sidechainfeaturizer_sum,0.0
29,poly_iodine_count_sidechainfeaturizer_sum,0.0
29,poly_triple_bonds_sidechainfeaturizer_sum,0.0
29,poly_bridging_rings_count_sidechainfeaturizer_sum,0.0
29,poly_bromine_count_sidechainfeaturizer_sum,0.0
29,fingerprint_H_bit_43,0.0
29,fingerprint_H_bit_59,0.0
29,fingerprint_H_bit_11,0.0
29,fingerprint_H_bit_60,0.0
29,fingerprint_H_bit_12,0.0
29,fingerprint_H_bit_14,0.0
29,fingerprint_H_bit_15,0.0
29,fingerprint_H_bit_44,0.0
29,fingerprint_H_bit_47,0.0
29,fingerprint_H_bit_49,0.0
29,fingerprint_H_bit_50,0.0
29,fingerprint_H_bit_51,0.0
29,fingerprint_H_bit_55,0.0
29,poly_fraction_bicyclic_rings_sum_backbonefeaturizer,0.0
29,fingerprint_H_bit_165,0.0
29,fingerprint_H_bit_73,0.0
29,fingerprint_H_bit_74,0.0
29,fingerprint_H_bit_75,0.0
29,fingerprint_H_bit_76,0.0
29,fingerprint_H_bit_77,0.0
29,fingerprint_H_bit_79,0.0
29,fingerprint_H_bit_82,0.0
29,fingerprint_H_bit_83,0.0
29,fingerprint_H_bit_86,0.0
29,poly_total_halogens_sum_backbonefeaturizer,0.0
29,drug_fingerprint_bit_209,0.0
29,drug_fingerprint_bit_215,0.0
29,drug_fingerprint_bit_217,0.0
29,fingerprint_H_bit_9,0.0
29,fingerprint_H_bit_10,0.0
29,drug_fingerprint_bit_198,0.0
29,poly_fluorine_count_sum_backbonefeaturizer,0.0
29,poly_chlorine_count_sum_backbonefeaturizer,0.0
29,poly_bromine_count_sum_backbonefeaturizer,0.0
29,poly_iodine_count_sum_backbonefeaturizer,0.0
29,fingerprint_H_bit_193,0.0
29,poly_total_halogens_sum_fullpolymerfeaturizer,0.0
29,poly_fluorine_count_sum_fullpolymerfeaturizer,0.0
29,fingerprint_H_bit_188,0.0
29,fingerprint_H_bit_132,0.0
29,fingerprint_H_bit_108,0.0
29,fingerprint_H_bit_168,0.0
29,fingerprint_H_bit_166,0.0
29,poly_bridging_rings_count_sum_backbonefeaturizer,0.0
29,poly_triple_bonds_sum_backbonefeaturizer,0.0
29,fingerprint_H_bit_109,0.0
29,fingerprint_H_bit_225,0.0
29,drug_fingerprint_bit_9,0.0
29,fingerprint_H_bit_234,0.0
29,fingerprint_H_bit_235,0.0
29,fingerprint_H_bit_200,0.0
29,fingerprint_H_bit_199,0.0
29,fingerprint_H_bit_229,0.0
29,fingerprint_H_bit_230,0.0
29,fingerprint_H_bit_231,0.0
29,fingerprint_H_bit_228,0.0
29,fingerprint_H_bit_178,0.0
29,fingerprint_H_bit_179,0.0
29,fingerprint_H_bit_180,0.0
29,fingerprint_H_bit_181,0.0
29,fingerprint_H_bit_184,0.0
29,fingerprint_H_bit_238,0.0
29,fingerprint_H_bit_23,0.0
29,fingerprint_H_bit_24,0.0
29,drug_fingerprint_bit_220,0.0
29,drug_fingerprint_bit_221,0.0
29,fingerprint_H_bit_255,0.0
29,poly_fraction_bicyclic_rings_sum_fullpolymerfeaturizer,0.0
29,fingerprint_H_bit_201,0.0
29,fingerprint_H_bit_202,0.0
29,fingerprint_H_bit_203,0.0
29,fingerprint_H_bit_176,0.0
29,fingerprint_H_bit_146,0.0
29,fingerprint_H_bit_110,0.0
29,drug_fingerprint_bit_195,0.0
29,fingerprint_H_bit_161,0.0
29,fingerprint_H_bit_163,0.0
29,fingerprint_H_bit_94,0.0
29,fingerprint_H_bit_95,0.0
29,fingerprint_H_bit_96,0.0
29,fingerprint_H_bit_97,0.0
29,fingerprint_H_bit_99,0.0
29,fingerprint_H_bit_101,0.0
29,fingerprint_H_bit_102,0.0
29,fingerprint_H_bit_103,0.0
29,fingerprint_H_bit_104,0.0
29,fingerprint_H_bit_105,0.0
29,fingerprint_H_bit_107,0.0
29,drug_fingerprint_bit_51,0.0
29,drug_fingerprint_bit_54,0.0
29,fingerprint_H_bit_25,0.0
29,fingerprint_H_bit_148,0.0
29,fingerprint_H_bit_149,0.0
29,fingerprint_H_bit_150,0.0
29,fingerprint_H_bit_152,0.0
29,fingerprint_H_bit_153,0.0
29,fingerprint_H_bit_154,0.0
29,fingerprint_H_bit_156,0.0
29,fingerprint_H_bit_157,0.0
29,fingerprint_H_bit_160,0.0
29,fingerprint_H_bit_239,0.0
29,fingerprint_H_bit_240,0.0
29,drug_fingerprint_bit_17,0.0
29,drug_fingerprint_bit_21,0.0
29,fingerprint_H_bit_35,0.0
29,fingerprint_H_bit_31,0.0
29,fingerprint_H_bit_29,0.0
29,drug_fingerprint_bit_176,0.0
29,fingerprint_H_bit_252,0.0
29,fingerprint_H_bit_40,0.0
29,fingerprint_H_bit_249,0.0
29,fingerprint_H_bit_36,0.0
29,fingerprint_H_bit_254,0.0
29,fingerprint_H_bit_87,0.0
29,fingerprint_H_bit_88,0.0
29,fingerprint_H_bit_169,0.0
29,fingerprint_H_bit_170,0.0
29,fingerprint_H_bit_253,0.0
29,fingerprint_H_bit_220,0.0
29,fingerprint_H_bit_250,0.0
29,fingerprint_H_bit_173,0.0
29,fingerprint_H_bit_172,0.0
29,fingerprint_H_bit_171,0.0
29,drug_fingerprint_bit_68,0.0
29,drug_fingerprint_bit_157,0.0
29,drug_fingerprint_bit_87,0.0
29,drug_fingerprint_bit_89,0.0
29,fingerprint_H_bit_127,0.0
29,fingerprint_H_bit_137,0.0
29,fingerprint_H_bit_136,0.0
29,drug_fingerprint_bit_166,0.0
29,fingerprint_H_bit_140,0.0
29,fingerprint_H_bit_142,0.0
29,fingerprint_H_bit_141,0.0
29,fingerprint_H_bit_126,0.0
29,fingerprint_H_bit_221,0.0
29,fingerprint_H_bit_124,0.0
29,fingerprint_H_bit_122,0.0
29,fingerprint_H_bit_192,0.0
29,drug_fingerprint_bit_102,0.0
29,fingerprint_H_bit_223,0.0
29,drug_bromine_count_sum_fullmolecularfeaturizer,0.0
29,drug_iodine_count_sum_fullmolecularfeaturizer,0.0
29,fingerprint_H_bit_241,0.0
29,fingerprint_H_bit_242,0.0
29,fingerprint_H_bit_243,0.0
29,fingerprint_H_bit_244,0.0
29,fingerprint_H_bit_246,0.0
29,fingerprint_H_bit_247,0.0
29,fingerprint_H_bit_248,0.0
29,drug_fingerprint_bit_112,0.0
29,fingerprint_H_bit_129,0.0
29,fingerprint_H_bit_130,0.0
29,drug_fingerprint_bit_244,0.0
29,fingerprint_H_bit_135,0.0
29,fingerprint_H_bit_93,0.0
29,fingerprint_H_bit_2,0.0
29,fingerprint_H_bit_3,0.0
29,fingerprint_H_bit_4,0.0
29,fingerprint_H_bit_5,0.0
29,fingerprint_H_bit_6,0.0
29,fingerprint_H_bit_8,0.0
29,drug_fingerprint_bit_254,0.0
29,fingerprint_H_bit_194,0.0
29,fingerprint_H_bit_195,0.0
29,fingerprint_H_bit_196,0.0
29,fingerprint_H_bit_198,0.0
29,drug_fingerprint_bit_232,0.0
29,drug_fingerprint_bit_134,-0.0006078160968792894
29,drug_fingerprint_bit_79,-0.0011216844377410615
29,drug_fingerprint_bit_20,-0.0018970339217179108
29,drug_fingerprint_bit_73,-0.002365849164882678
29,drug_fingerprint_bit_11,-0.002685746339847306
29,fingerprint_H_bit_45,-0.0028648379788366795
29,drug_fingerprint_bit_204,-0.00305401803477523
29,drug_fingerprint_bit_154,-0.0041547633870541644
29,drug_topological_surface_area_sum_fullmolecularfeaturizer,-0.004718950846882041
29,drug_fingerprint_bit_31,-0.00557280573264062
29,fingerprint_H_bit_113,-0.006053530886312711
29,drug_fingerprint_bit_117,-0.007875086609476714
29,drug_fingerprint_bit_41,-0.008857229301023891
29,drug_fingerprint_bit_67,-0.00893856603148934
29,drug_fingerprint_bit_34,-0.010646807078292821
29,drug_double_bonds_sum_fullmolecularfeaturizer,-0.011038234772794118
29,drug_fingerprint_bit_25,-0.011611595346295673
29,drug_fingerprint_bit_14,-0.016122444498795758
29,drug_fingerprint_bit_56,-0.017070210080453483
29,drug_fingerprint_bit_200,-0.018194972742531727
29,drug_fingerprint_bit_208,-0.019452720456249795
29,drug_fingerprint_bit_80,-0.019502370396250603
29,drug_fingerprint_bit_162,-0.019985566686762785
29,drug_charge_at_WATER_PH,-0.02038084192843723
29,drug_fingerprint_bit_7,-0.020586796146929393
29,drug_fingerprint_bit_53,-0.022988939245116895
29,drug_fingerprint_bit_48,-0.02379286026572544
29,drug_fingerprint_bit_29,-0.025275935254399726
29,drug_fingerprint_bit_207,-0.026452025843456104
29,drug_fingerprint_bit_92,-0.02717608826408151
29,drug_fingerprint_bit_55,-0.027866520640531942
29,poly_single_bonds_sum_fullpolymerfeaturizer,-0.028379024118262566
29,drug_balaban_j_index_sum_fullmolecularfeaturizer,-0.028500214989570585
29,fingerprint_H_bit_68,-0.030120745424143558
29,drug_fingerprint_bit_138,-0.03304738651021953
29,drug_fingerprint_bit_105,-0.03405008858394049
29,fingerprint_H_bit_30,-0.03426223099519644
29,drug_fingerprint_bit_214,-0.03521512416946087
29,drug_fingerprint_bit_194,-0.035954054981726435
29,drug_fingerprint_bit_65,-0.03815520260710974
29,drug_fingerprint_bit_225,-0.039711317496997064
29,fingerprint_H_bit_143,-0.0398072275230726
29,drug_fingerprint_bit_116,-0.04516352233902483
29,drug_fingerprint_bit_32,-0.0465388120458773
29,drug_fingerprint_bit_212,-0.050824517703606485
29,drug_fingerprint_bit_59,-0.05392645607859575
29,drug_fingerprint_bit_230,-0.060802661548849335
29,drug_fingerprint_bit_76,-0.0608708986447018
29,drug_fingerprint_bit_90,-0.06636411212438881
29,drug_bridging_rings_count_sum_fullmolecularfeaturizer,-0.0686108754616822
29,poly_max_estate_index_sum_backbonefeaturizer,-0.07178716250064814
29,drug_fingerprint_bit_82,-0.07494626610851815
29,fingerprint_H_bit_123,-0.07511082103662224
29,drug_fingerprint_bit_187,-0.0757931836842898
29,drug_fingerprint_bit_147,-0.08314351640160131
29,poly_max_ring_size_sum_backbonefeaturizer,-0.08402142877673158
29,drug_fingerprint_bit_91,-0.08405187018488192
29,fingerprint_H_bit_7,-0.08441421172634396
29,drug_fingerprint_bit_8,-0.08561134574408046
29,drug_fp_density_morgan1_sum_fullmolecularfeaturizer,-0.0920238953587058
29,fingerprint_H_bit_227,-0.09203405444173744
29,poly_num_rotatable_bonds_sidechainfeaturizer_sum,-0.09629841667347405
29,drug_fingerprint_bit_178,-0.102627405002687
29,drug_fingerprint_bit_1,-0.11016602574218914
29,fingerprint_H_bit_219,-0.11267064604721076
29,drug_fingerprint_bit_66,-0.11604122848730106
29,drug_fingerprint_bit_148,-0.12909829359020306
29,drug_fingerprint_bit_228,-0.12912854230786205
29,drug_fingerprint_bit_153,-0.13061479687681213
29,fingerprint_H_bit_80,-0.1315778336015612
29,drug_fingerprint_bit_86,-0.131619213199643
29,poly_max_estate_index_sum_fullpolymerfeaturizer,-0.13166749193775956
29,drug_fingerprint_bit_211,-0.13548198705135128
29,fingerprint_H_bit_54,-0.13652896792435568
29,fingerprint_H_bit_39,-0.1427888903222117
29,drug_fingerprint_bit_113,-0.15273356623700626
29,fingerprint_H_bit_222,-0.15445663562465148
29,drug_num_rotatable_bonds_sum_fullmolecularfeaturizer,-0.16484089716746841
29,fingerprint_H_bit_38,-0.1690571112548067
29,drug_fingerprint_bit_168,-0.1813204504322877
29,poly_num_atoms_sum_fullpolymerfeaturizer,-0.19120853378535316
29,drug_fingerprint_bit_175,-0.19915968209179638
29,fingerprint_H_bit_218,-0.20974920174557538
29,drug_fingerprint_bit_188,-0.21434882034111183
29,drug_fingerprint_bit_40,-0.21651932231751853
29,fingerprint_H_bit_42,-0.22820202741261397
29,homo_eV_H,-0.22999337537015446
29,drug_molecular_weight_sum_fullmolecularfeaturizer,-0.24716135762707322
29,drug_fingerprint_bit_233,-0.24879083913795316
29,drug_chlorine_count_sum_fullmolecularfeaturizer,-0.25387855220658967
29,drug_fingerprint_bit_58,-0.26378670936109944
29,poly_topological_surface_area_sum_backbonefeaturizer,-0.26682232869455835
29,fingerprint_H_bit_207,-0.27417056478755414
29,fingerprint_H_bit_78,-0.279783428035657
29,drug_num_hbond_donors_sum_fullmolecularfeaturizer,-0.28457085679466687
29,poly_fp_density_morgan1_sum_fullpolymerfeaturizer,-0.2859131629420834
29,drug_fingerprint_bit_107,-0.2941010626728092
29,drug_fingerprint_bit_163,-0.3186845331671303
29,fingerprint_H_bit_245,-0.3240683716540526
29,poly_num_aromatic_rings_sidechainfeaturizer_sum,-0.33752499027994126
29,drug_fingerprint_bit_193,-0.371966117612578
29,poly_topological_surface_area_sum_fullpolymerfeaturizer,-0.38007097620424535
29,WATER_PH,-0.3921541259224241
29,drug_fingerprint_bit_186,-0.413875880254921
29,poly_sp2_carbon_count_sidechainfeaturizer_sum,-0.42644959816919664
29,drug_fingerprint_bit_133,-0.4477749804530326
29,drug_fingerprint_bit_108,-0.4813231883737958
29,fingerprint_H_bit_1,-0.4818602698558915
29,drug_fingerprint_bit_49,-0.48674744003968845
29,fingerprint_H_bit_175,-0.4904046150165522
29,drug_fingerprint_bit_237,-0.5370564939511026
29,drug_slogp_vsa1_sum_fullmolecularfeaturizer,-0.5508984473891215
29,poly_fp_density_morgan1_sum_backbonefeaturizer,-0.5633025580806852
29,poly_heteroatom_count_sum_backbonefeaturizer,-0.6250875195986091
29,fingerprint_H_bit_138,-0.6276273642354627
29,fingerprint_H_bit_213,-0.6434652853843837
29,drug_fingerprint_bit_43,-0.6672657417941676
29,drug_fingerprint_bit_111,-0.6673151312667841
29,drug_fingerprint_bit_119,-0.6753221626805236
29,fingerprint_H_bit_145,-0.6791667556216453
29,drug_fingerprint_bit_64,-0.6835723252479283
29,drug_fingerprint_bit_227,-0.6843076541185654
29,fingerprint_H_bit_125,-0.7052682240400434
29,drug_fingerprint_bit_216,-0.7146553144453642
29,drug_fingerprint_bit_88,-0.7910475277248377
29,fingerprint_H_bit_120,-0.7918998513364812
29,poly_num_rotatable_bonds_sum_backbonefeaturizer,-0.8089259799144604
29,fingerprint_H_bit_236,-0.8359685237226551
29,poly_heteroatom_count_sum_fullpolymerfeaturizer,-0.9544392784192147
29,drug_fingerprint_bit_151,-0.9705093922181478
29,drug_fingerprint_bit_242,-1.0337688022352323
29,fingerprint_H_bit_64,-1.1334730072179833
29,drug_fingerprint_bit_33,-1.1573176761323194
29,drug_fingerprint_bit_128,-1.2124553922252872
29,poly_num_hbond_acceptors_sum_fullpolymerfeaturizer,-1.258222300778572
29,drug_fingerprint_bit_4,-1.264747438366521
29,drug_fingerprint_bit_42,-1.2988038665552852
29,fingerprint_H_bit_52,-1.5468234475534095
29,poly_double_bonds_sum_backbonefeaturizer,-2.217457235639774
29,CONCENTRATION,-2.505504205710497
29,fingerprint_H_bit_164,-2.5736963502659944
30,drug_fingerprint_bit_190,13.008363487930863
30,fingerprint_H_bit_177,11.800954602071801
30,drug_fingerprint_bit_98,7.910584140025899
30,fingerprint_H_bit_12,7.384533866600568
30,poly_num_rings_sum_backbonefeaturizer,5.709160019962602
30,fingerprint_H_bit_120,3.5107796506535522
30,poly_sp2_carbon_count_sidechainfeaturizer_sum,2.5701436785852003
30,fingerprint_H_bit_237,2.4221149907753476
30,logd_at_WATER_PH_H,2.4094480752525422
30,poly_num_aromatic_rings_sum_backbonefeaturizer,2.195885686575308
30,poly_max_ring_size_sum_backbonefeaturizer,1.9992757911693797
30,poly_max_estate_index_sidechainfeaturizer_sum,1.7137981308082242
30,poly_fp_density_morgan1_sidechainfeaturizer_sum,1.6442162737942567
30,fingerprint_H_bit_155,1.5699196582509103
30,fingerprint_H_bit_33,1.5296840984191202
30,fingerprint_H_bit_58,1.4409344952900616
30,poly_molecular_weight_sum_backbonefeaturizer,1.4276721341591887
30,drug_fingerprint_bit_47,1.4206427850472585
30,drug_fingerprint_bit_72,1.4144358361082898
30,poly_heteroatom_density_sidechainfeaturizer_sum,1.2947888031888435
30,drug_fingerprint_bit_52,1.229605022375507
30,fingerprint_H_bit_56,1.2132533650615487
30,poly_sp2_carbon_count_sum_fullpolymerfeaturizer,1.177073195974994
30,drug_fingerprint_bit_119,1.1409872026376613
30,fingerprint_H_bit_45,1.1232345240096542
30,fingerprint_H_bit_232,1.097750696904166
30,fingerprint_H_bit_41,1.0569775247298814
30,drug_fingerprint_bit_219,1.0470405369362585
30,drug_fingerprint_bit_213,1.025082073858902
30,fingerprint_H_bit_28,0.9950233605505161
30,drug_fingerprint_bit_73,0.9755932723700239
30,fingerprint_H_bit_222,0.9681533202652117
30,fingerprint_H_bit_145,0.9241617175981729
30,poly_max_ring_size_sum_fullpolymerfeaturizer,0.8907483154939028
30,drug_fingerprint_bit_110,0.8781782278193191
30,poly_sp2_carbon_count_sum_backbonefeaturizer,0.8498446914619172
30,fingerprint_H_bit_245,0.8364436181644598
30,poly_num_atoms_sidechainfeaturizer_sum,0.7994573559070893
30,fingerprint_H_bit_100,0.7209503718794225
30,fingerprint_H_bit_85,0.7093308035633685
30,poly_balaban_j_index_sum_backbonefeaturizer,0.7079631649789698
30,drug_fingerprint_bit_19,0.6922520158571289
30,poly_double_bonds_sum_backbonefeaturizer,0.6682255763288151
30,poly_num_rings_sum_fullpolymerfeaturizer,0.6540556185022487
30,drug_fingerprint_bit_147,0.6532977695358875
30,drug_fingerprint_bit_125,0.6498071597360574
30,poly_heteroatom_density_sum_backbonefeaturizer,0.6072288598560757
30,drug_fingerprint_bit_158,0.5984571380278849
30,fingerprint_H_bit_213,0.5640093778075415
30,poly_slogp_vsa1_sum_backbonefeaturizer,0.5352990690357473
30,drug_fingerprint_bit_39,0.5095889522612949
30,drug_fingerprint_bit_36,0.4925760358571925
30,poly_sp3_carbon_count_sidechainfeaturizer_sum,0.47542224402747435
30,poly_max_ring_size_sidechainfeaturizer_sum,0.47222422910923917
30,fingerprint_H_bit_204,0.47136442843351745
30,drug_fingerprint_bit_42,0.46285518463728664
30,drug_fingerprint_bit_188,0.46143797825768207
30,drug_fingerprint_bit_249,0.45440151492079073
30,fingerprint_H_bit_151,0.42840643252081273
30,fingerprint_H_bit_186,0.4215445585704226
30,fingerprint_H_bit_119,0.41965355146815686
30,fingerprint_H_bit_84,0.40325778120322714
30,drug_fingerprint_bit_164,0.4015657200402935
30,poly_num_aromatic_rings_sum_fullpolymerfeaturizer,0.3828383548032038
30,lumo_eV_H,0.35939440445462606
30,poly_heteroatom_count_sidechainfeaturizer_sum,0.35466012024503446
30,drug_total_halogens_sum_fullmolecularfeaturizer,0.3524300122604698
30,fingerprint_H_bit_67,0.34872043723280305
30,poly_num_hbond_donors_sum_backbonefeaturizer,0.3438736956253131
30,poly_num_hbond_acceptors_sidechainfeaturizer_sum,0.3437577710106069
30,fingerprint_H_bit_214,0.34261401385471385
30,drug_fingerprint_bit_133,0.3425338142405601
30,fingerprint_H_bit_13,0.3317597915319613
30,drug_fingerprint_bit_160,0.32372456517480097
30,drug_fingerprint_bit_71,0.319231709098519
30,poly_heteroatom_density_sum_fullpolymerfeaturizer,0.31849543489426996
30,drug_fingerprint_bit_144,0.3176704448447108
30,fingerprint_H_bit_113,0.31521636864197894
30,drug_fingerprint_bit_22,0.30216013614740234
30,poly_double_bonds_sidechainfeaturizer_sum,0.29811274701937673
30,drug_fingerprint_bit_88,0.2876248048831398
30,drug_num_hbond_acceptors_sum_fullmolecularfeaturizer,0.28137396805293635
30,poly_num_rotatable_bonds_sidechainfeaturizer_sum,0.2770603139189613
30,drug_fingerprint_bit_159,0.2756570274527813
30,poly_molecular_weight_sum_fullpolymerfeaturizer,0.27237154967815796
30,drug_fingerprint_bit_189,0.2539285820208387
30,drug_fingerprint_bit_3,0.24766306392766604
30,drug_fingerprint_bit_167,0.24161301571330704
30,drug_fingerprint_bit_181,0.23724701348851454
30,drug_fingerprint_bit_183,0.23588896198990955
30,drug_fingerprint_bit_28,0.227511898567937
30,drug_fingerprint_bit_69,0.22666762475173138
30,fingerprint_H_bit_81,0.226521789736937
30,fingerprint_H_bit_217,0.226291126277769
30,drug_fingerprint_bit_0,0.22189431232712756
30,drug_fingerprint_bit_139,0.21860658938733282
30,drug_fingerprint_bit_120,0.21580219148771476
30,drug_fingerprint_bit_197,0.20704212295267593
30,drug_num_aromatic_rings_sum_fullmolecularfeaturizer,0.20389438345542674
30,drug_fingerprint_bit_18,0.20265445258304932
30,drug_fingerprint_bit_95,0.19848024513530496
30,drug_fingerprint_bit_246,0.19751296407193428
30,drug_fingerprint_bit_5,0.1952293066807854
30,poly_slogp_vsa1_sum_fullpolymerfeaturizer,0.19390611247206538
30,drug_fingerprint_bit_203,0.18222455150800013
30,drug_fingerprint_bit_15,0.18038784637357969
30,drug_fingerprint_bit_253,0.17928994390637815
30,drug_fingerprint_bit_145,0.17870469263783662
30,drug_fingerprint_bit_146,0.17373542141765835
30,poly_smr_vsa5_sum_fullpolymerfeaturizer,0.1717551617425562
30,drug_fingerprint_bit_155,0.17085706153251254
30,drug_fingerprint_bit_84,0.16592306959631345
30,drug_num_rotatable_bonds_sum_fullmolecularfeaturizer,0.16435932241786994
30,drug_fingerprint_bit_63,0.15106648846184595
30,fingerprint_H_bit_159,0.14899125852103848
30,drug_fingerprint_bit_211,0.14650098210509993
30,fingerprint_H_bit_226,0.14384569985996976
30,drug_fingerprint_bit_206,0.14118679329761266
30,drug_fingerprint_bit_140,0.1400625559659741
30,fingerprint_H_bit_162,0.1344831514001556
30,drug_fingerprint_bit_35,0.12896973818972493
30,drug_fingerprint_bit_185,0.12565989336564612
30,drug_fingerprint_bit_194,0.12489579422470827
30,drug_fingerprint_bit_199,0.11712119254402696
30,drug_fingerprint_bit_118,0.11526888999952244
30,fingerprint_H_bit_121,0.11399822548455592
30,drug_fingerprint_bit_44,0.11313471062782131
30,drug_fingerprint_bit_216,0.10991724571804366
30,fingerprint_H_bit_32,0.10914250337742597
30,drug_fingerprint_bit_150,0.10819087779537473
30,drug_molecular_weight_sum_fullmolecularfeaturizer,0.10669602723563841
30,drug_fingerprint_bit_26,0.10648358095140158
30,drug_fingerprint_bit_132,0.10278223687052565
30,homo_eV_H,0.09916609093530418
30,drug_fingerprint_bit_24,0.09906025268055192
30,poly_num_rotatable_bonds_sum_backbonefeaturizer,0.09864845581754715
30,drug_fingerprint_bit_201,0.09786739418755759
30,drug_fingerprint_bit_75,0.0974319052521501
30,drug_fingerprint_bit_46,0.09642502640418509
30,drug_fluorine_count_sum_fullmolecularfeaturizer,0.09415096124300541
30,fingerprint_H_bit_227,0.09296914024759437
30,drug_fingerprint_bit_172,0.09292306225577099
30,drug_fingerprint_bit_105,0.09154463195405946
30,drug_fingerprint_bit_236,0.09132459862892858
30,drug_fingerprint_bit_200,0.08968520803934343
30,drug_max_ring_size_sum_fullmolecularfeaturizer,0.0884015792190748
30,drug_fingerprint_bit_99,0.08775590858271924
30,drug_topological_surface_area_sum_fullmolecularfeaturizer,0.08708134877230776
30,drug_fingerprint_bit_196,0.08456653850415455
30,drug_fingerprint_bit_116,0.0844176803239526
30,drug_fingerprint_bit_182,0.08407544343204923
30,drug_fingerprint_bit_57,0.0829173197334869
30,drug_fingerprint_bit_218,0.08150307168445241
30,drug_balaban_j_index_sum_fullmolecularfeaturizer,0.07911808826460727
30,drug_fingerprint_bit_12,0.07603663784144321
30,fingerprint_H_bit_68,0.0759028325521246
30,poly_sp3_carbon_count_sum_fullpolymerfeaturizer,0.07560574343976509
30,drug_fingerprint_bit_23,0.07434414714255606
30,drug_fingerprint_bit_1,0.07413081447541482
30,drug_fingerprint_bit_103,0.07164487220145911
30,drug_fingerprint_bit_202,0.07141395676441188
30,drug_fingerprint_bit_205,0.07021304569628857
30,drug_num_rings_sum_fullmolecularfeaturizer,0.06389304435141148
30,fingerprint_H_bit_89,0.06360771596922925
30,fingerprint_H_bit_219,0.06329312739784461
30,drug_fingerprint_bit_173,0.06285605440454019
30,drug_fingerprint_bit_130,0.05952096550199657
30,drug_fingerprint_bit_141,0.0576875274249384
30,drug_fingerprint_bit_77,0.05683740302909152
30,drug_fingerprint_bit_30,0.05593263432501916
30,drug_lumo_eV,0.05552029841666463
30,drug_fingerprint_bit_122,0.05422171636887417
30,drug_fingerprint_bit_83,0.05324097688500213
30,drug_fingerprint_bit_34,0.05324040949499641
30,drug_fingerprint_bit_177,0.0528968116841721
30,fingerprint_H_bit_216,0.05039317781912846
30,drug_fingerprint_bit_161,0.048727461494879366
30,drug_fingerprint_bit_109,0.04837253989109645
30,poly_num_non_aromatic_rings_sum_fullpolymerfeaturizer,0.04818712022037935
30,drug_fingerprint_bit_126,0.048121561357923386
30,drug_fingerprint_bit_149,0.0478284311388424
30,drug_sp3_carbon_count_sum_fullmolecularfeaturizer,0.04779280666369285
30,drug_fingerprint_bit_81,0.04756968871238485
30,drug_fingerprint_bit_129,0.04510025809183831
30,drug_heteroatom_density_sum_fullmolecularfeaturizer,0.044915840916654695
30,drug_fingerprint_bit_48,0.04444175641240205
30,fingerprint_H_bit_251,0.044368083791732835
30,drug_fingerprint_bit_152,0.043888353292974816
30,poly_slogp_vsa1_sidechainfeaturizer_sum,0.04302930877186906
30,poly_num_hbond_acceptors_sum_fullpolymerfeaturizer,0.04291909193821004
30,drug_homo_eV,0.04273865767113013
30,drug_fingerprint_bit_184,0.0425083148779292
30,drug_fingerprint_bit_117,0.0411738673831613
30,fingerprint_H_bit_54,0.04041780331661845
30,poly_num_non_aromatic_rings_sum_backbonefeaturizer,0.03934108575299842
30,drug_fingerprint_bit_224,0.03889007281753714
30,drug_fingerprint_bit_114,0.03885034220123235
30,fingerprint_H_bit_63,0.036582093027503496
30,drug_fingerprint_bit_208,0.03583674278874012
30,fingerprint_H_bit_46,0.03582830637156874
30,drug_fingerprint_bit_174,0.035485962519386335
30,drug_single_bonds_sum_fullmolecularfeaturizer,0.03436707277893943
30,drug_fingerprint_bit_13,0.03166427667963242
30,poly_fp_density_morgan1_sum_fullpolymerfeaturizer,0.03134208399524758
30,drug_fingerprint_bit_11,0.030494381707889064
30,drug_fingerprint_bit_121,0.030474484308968985
30,drug_fingerprint_bit_250,0.03022666273145989
30,fingerprint_H_bit_224,0.030012384276256743
30,fingerprint_H_bit_53,0.02987285533678344
30,drug_fingerprint_bit_135,0.029842254070282022
30,fingerprint_H_bit_26,0.02936404725653264
30,fingerprint_H_bit_174,0.029299596302012676
30,drug_sp2_carbon_count_sum_fullmolecularfeaturizer,0.02910175388166253
30,fingerprint_H_bit_134,0.028833458031859858
30,fingerprint_H_bit_98,0.02855723784789162
30,drug_fingerprint_bit_210,0.027807676847471288
30,fingerprint_H_bit_112,0.027695648735449458
30,drug_fingerprint_bit_70,0.0276183478117002
30,drug_fingerprint_bit_106,0.027222707021622765
30,drug_fingerprint_bit_2,0.026693261040858285
30,drug_fingerprint_bit_131,0.026668938240330058
30,drug_fingerprint_bit_7,0.026380487418580012
30,drug_fingerprint_bit_192,0.02536940992942147
30,fingerprint_H_bit_233,0.024826494990477854
30,drug_fingerprint_bit_138,0.024348851857656974
30,fingerprint_H_bit_205,0.02403756827403624
30,fingerprint_H_bit_106,0.02394104439448116
30,drug_fingerprint_bit_231,0.023782387385507482
30,drug_fingerprint_bit_136,0.023204869965277836
30,drug_fingerprint_bit_225,0.022710955069456855
30,drug_fingerprint_bit_6,0.020954640300721156
30,fingerprint_H_bit_65,0.020552348363638537
30,charge_at_WATER_PH_H,0.01979082942380972
30,drug_fingerprint_bit_82,0.01923826136376789
30,fingerprint_H_bit_158,0.019007790977774924
30,drug_num_non_aromatic_rings_sum_fullmolecularfeaturizer,0.018755996353119458
30,drug_fingerprint_bit_240,0.018260865882446624
30,drug_fingerprint_bit_41,0.017376217541739507
30,drug_fingerprint_bit_56,0.01730001993941705
30,fingerprint_H_bit_48,0.017093072788554414
30,drug_fingerprint_bit_104,0.01652526438080491
30,fingerprint_H_bit_131,0.013128686325251437
30,drug_fingerprint_bit_170,0.011777847392176466
30,poly_molecular_weight_sidechainfeaturizer_sum,0.011699242964554126
30,drug_num_aliphatic_heterocycles_sum_fullmolecularfeaturizer,0.01155175529816924
30,drug_fingerprint_bit_235,0.011242627490265921
30,poly_num_aliphatic_heterocycles_sum_backbonefeaturizer,0.01025214277949211
30,poly_balaban_j_index_sum_fullpolymerfeaturizer,0.010167579526396908
30,drug_fingerprint_bit_115,0.00993628787514013
30,drug_fingerprint_bit_127,0.009537824132079844
30,drug_fingerprint_bit_248,0.009159086062069468
30,drug_fingerprint_bit_247,0.008943040875487624
30,drug_fingerprint_bit_10,0.008283140092848125
30,drug_fingerprint_bit_61,0.007935245949496397
30,drug_fingerprint_bit_191,0.005964754030772916
30,drug_fingerprint_bit_59,0.005673576823572188
30,drug_fingerprint_bit_20,0.004937677394412393
30,fingerprint_H_bit_116,0.003973478501865009
30,fingerprint_H_bit_185,0.0037469536592230545
30,fingerprint_H_bit_66,0.0037340813815712748
30,drug_fingerprint_bit_62,0.0033380737988699355
30,fingerprint_H_bit_164,0.0029101361894019622
30,poly_num_aliphatic_heterocycles_sum_fullpolymerfeaturizer,0.0019410605950507809
30,drug_fingerprint_bit_16,0.0017022641651695339
30,drug_fingerprint_bit_100,0.0016212111434018572
30,fingerprint_H_bit_30,0.0015497898037281394
30,drug_fingerprint_bit_252,0.0013532601373522119
30,drug_fingerprint_bit_93,0.0009229901266696316
30,fingerprint_H_bit_34,0.0006279851282688891
30,drug_fingerprint_bit_238,0.0003329299646962452
30,fingerprint_H_bit_9,5.56078307210685e-09
30,fingerprint_H_bit_220,0.0
30,fingerprint_H_bit_221,0.0
30,fingerprint_H_bit_225,0.0
30,fingerprint_H_bit_223,0.0
30,fingerprint_H_bit_229,0.0
30,fingerprint_H_bit_231,0.0
30,drug_fingerprint_bit_232,0.0
30,fingerprint_H_bit_228,0.0
30,drug_fingerprint_bit_220,0.0
30,fingerprint_H_bit_249,0.0
30,fingerprint_H_bit_0,0.0
30,fingerprint_H_bit_129,0.0
30,fingerprint_H_bit_130,0.0
30,fingerprint_H_bit_132,0.0
30,fingerprint_H_bit_135,0.0
30,drug_fingerprint_bit_244,0.0
30,fingerprint_H_bit_208,0.0
30,fingerprint_H_bit_206,0.0
30,fingerprint_H_bit_203,0.0
30,fingerprint_H_bit_202,0.0
30,fingerprint_H_bit_201,0.0
30,fingerprint_H_bit_200,0.0
30,fingerprint_H_bit_199,0.0
30,fingerprint_H_bit_198,0.0
30,fingerprint_H_bit_248,0.0
30,fingerprint_H_bit_10,0.0
30,fingerprint_H_bit_209,0.0
30,fingerprint_H_bit_243,0.0
30,fingerprint_H_bit_244,0.0
30,fingerprint_H_bit_246,0.0
30,fingerprint_H_bit_247,0.0
30,fingerprint_H_bit_241,0.0
30,poly_bromine_count_sum_fullpolymerfeaturizer,0.0
30,poly_iodine_count_sum_fullpolymerfeaturizer,0.0
30,poly_bridging_rings_count_sum_fullpolymerfeaturizer,0.0
30,poly_triple_bonds_sum_fullpolymerfeaturizer,0.0
30,poly_fraction_bicyclic_rings_sum_fullpolymerfeaturizer,0.0
30,fingerprint_H_bit_195,0.0
30,fingerprint_H_bit_196,0.0
30,poly_total_halogens_sidechainfeaturizer_sum,0.0
30,poly_fluorine_count_sidechainfeaturizer_sum,0.0
30,poly_chlorine_count_sidechainfeaturizer_sum,0.0
30,poly_bromine_count_sidechainfeaturizer_sum,0.0
30,fingerprint_H_bit_210,0.0
30,poly_total_halogens_sum_fullpolymerfeaturizer,0.0
30,poly_fluorine_count_sum_fullpolymerfeaturizer,0.0
30,poly_chlorine_count_sum_fullpolymerfeaturizer,0.0
30,fingerprint_H_bit_242,0.0
30,fingerprint_H_bit_72,0.0
30,fingerprint_H_bit_71,0.0
30,poly_bridging_rings_count_sidechainfeaturizer_sum,0.0
30,poly_triple_bonds_sidechainfeaturizer_sum,0.0
30,poly_iodine_count_sidechainfeaturizer_sum,0.0
30,fingerprint_H_bit_76,0.0
30,fingerprint_H_bit_75,0.0
30,fingerprint_H_bit_73,0.0
30,drug_fingerprint_bit_217,0.0
30,fingerprint_H_bit_179,0.0
30,fingerprint_H_bit_250,0.0
30,fingerprint_H_bit_252,0.0
30,fingerprint_H_bit_253,0.0
30,fingerprint_H_bit_254,0.0
30,fingerprint_H_bit_255,0.0
30,fingerprint_H_bit_24,0.0
30,fingerprint_H_bit_43,0.0
30,fingerprint_H_bit_44,0.0
30,fingerprint_H_bit_47,0.0
30,fingerprint_H_bit_49,0.0
30,fingerprint_H_bit_50,0.0
30,fingerprint_H_bit_51,0.0
30,fingerprint_H_bit_55,0.0
30,fingerprint_H_bit_234,0.0
30,fingerprint_H_bit_142,0.0
30,fingerprint_H_bit_141,0.0
30,fingerprint_H_bit_140,0.0
30,fingerprint_H_bit_137,0.0
30,drug_fingerprint_bit_221,0.0
30,fingerprint_H_bit_211,0.0
30,fingerprint_H_bit_215,0.0
30,fingerprint_H_bit_136,0.0
30,fingerprint_H_bit_92,0.0
30,fingerprint_H_bit_91,0.0
30,fingerprint_H_bit_40,0.0
30,fingerprint_H_bit_36,0.0
30,fingerprint_H_bit_35,0.0
30,fingerprint_H_bit_31,0.0
30,poly_num_aliphatic_heterocycles_sidechainfeaturizer_sum,0.0
30,fingerprint_H_bit_29,0.0
30,fingerprint_H_bit_191,0.0
30,fingerprint_H_bit_192,0.0
30,poly_fraction_bicyclic_rings_sidechainfeaturizer_sum,0.0
30,poly_num_non_aromatic_rings_sidechainfeaturizer_sum,0.0
30,fingerprint_H_bit_190,0.0
30,fingerprint_H_bit_187,0.0
30,fingerprint_H_bit_188,0.0
30,fingerprint_H_bit_189,0.0
30,fingerprint_H_bit_74,0.0
30,drug_fingerprint_bit_215,0.0
30,drug_fingerprint_bit_209,0.0
30,fingerprint_H_bit_184,0.0
30,fingerprint_H_bit_180,0.0
30,fingerprint_H_bit_181,0.0
30,poly_bridging_rings_count_sum_backbonefeaturizer,0.0
30,poly_triple_bonds_sum_backbonefeaturizer,0.0
30,fingerprint_H_bit_90,0.0
30,poly_total_halogens_sum_backbonefeaturizer,0.0
30,poly_fluorine_count_sum_backbonefeaturizer,0.0
30,poly_chlorine_count_sum_backbonefeaturizer,0.0
30,fingerprint_H_bit_62,0.0
30,fingerprint_H_bit_93,0.0
30,drug_fingerprint_bit_195,0.0
30,drug_fingerprint_bit_198,0.0
30,fingerprint_H_bit_172,0.0
30,fingerprint_H_bit_171,0.0
30,fingerprint_H_bit_170,0.0
30,fingerprint_H_bit_169,0.0
30,fingerprint_H_bit_83,0.0
30,fingerprint_H_bit_107,0.0
30,drug_fingerprint_bit_176,0.0
30,fingerprint_H_bit_77,0.0
30,fingerprint_H_bit_109,0.0
30,fingerprint_H_bit_108,0.0
30,drug_fingerprint_bit_157,0.0
30,fingerprint_H_bit_110,0.0
30,drug_fingerprint_bit_166,0.0
30,fingerprint_H_bit_173,0.0
30,fingerprint_H_bit_79,0.0
30,fingerprint_H_bit_82,0.0
30,fingerprint_H_bit_178,0.0
30,fingerprint_H_bit_176,0.0
30,poly_iodine_count_sum_backbonefeaturizer,0.0
30,fingerprint_H_bit_194,0.0
30,poly_fraction_bicyclic_rings_sum_backbonefeaturizer,0.0
30,fingerprint_H_bit_25,0.0
30,drug_fingerprint_bit_9,0.0
30,fingerprint_H_bit_193,0.0
30,fingerprint_H_bit_163,0.0
30,fingerprint_H_bit_165,0.0
30,fingerprint_H_bit_166,0.0
30,fingerprint_H_bit_168,0.0
30,poly_bromine_count_sum_backbonefeaturizer,0.0
30,fingerprint_H_bit_86,0.0
30,fingerprint_H_bit_87,0.0
30,fingerprint_H_bit_88,0.0
30,fingerprint_H_bit_104,0.0
30,fingerprint_H_bit_103,0.0
30,fingerprint_H_bit_102,0.0
30,fingerprint_H_bit_101,0.0
30,fingerprint_H_bit_99,0.0
30,fingerprint_H_bit_97,0.0
30,fingerprint_H_bit_96,0.0
30,fingerprint_H_bit_95,0.0
30,fingerprint_H_bit_94,0.0
30,fingerprint_H_bit_157,0.0
30,fingerprint_H_bit_156,0.0
30,fingerprint_H_bit_154,0.0
30,drug_fingerprint_bit_17,0.0
30,drug_fingerprint_bit_21,0.0
30,fingerprint_H_bit_235,0.0
30,drug_fingerprint_bit_102,0.0
30,fingerprint_H_bit_23,0.0
30,fingerprint_H_bit_22,0.0
30,fingerprint_H_bit_21,0.0
30,fingerprint_H_bit_20,0.0
30,fingerprint_H_bit_19,0.0
30,fingerprint_H_bit_161,0.0
30,drug_fingerprint_bit_51,0.0
30,fingerprint_H_bit_105,0.0
30,fingerprint_H_bit_15,0.0
30,fingerprint_H_bit_16,0.0
30,fingerprint_H_bit_17,0.0
30,fingerprint_H_bit_238,0.0
30,fingerprint_H_bit_239,0.0
30,fingerprint_H_bit_240,0.0
30,fingerprint_H_bit_11,0.0
30,fingerprint_H_bit_14,0.0
30,fingerprint_H_bit_153,0.0
30,fingerprint_H_bit_152,0.0
30,fingerprint_H_bit_150,0.0
30,fingerprint_H_bit_149,0.0
30,fingerprint_H_bit_148,0.0
30,fingerprint_H_bit_146,0.0
30,fingerprint_H_bit_160,0.0
30,drug_fingerprint_bit_54,0.0
30,drug_fingerprint_bit_89,0.0
30,drug_fingerprint_bit_87,0.0
30,fingerprint_H_bit_117,0.0
30,fingerprint_H_bit_122,0.0
30,drug_fingerprint_bit_68,0.0
30,fingerprint_H_bit_115,0.0
30,drug_fingerprint_bit_112,0.0
30,fingerprint_H_bit_111,0.0
30,drug_fingerprint_bit_123,0.0
30,fingerprint_H_bit_127,0.0
30,fingerprint_H_bit_124,0.0
30,fingerprint_H_bit_126,0.0
30,fingerprint_H_bit_5,0.0
30,fingerprint_H_bit_6,0.0
30,fingerprint_H_bit_3,0.0
30,fingerprint_H_bit_2,0.0
30,drug_fingerprint_bit_254,0.0
30,fingerprint_H_bit_8,0.0
30,fingerprint_H_bit_59,0.0
30,drug_triple_bonds_sum_fullmolecularfeaturizer,0.0
30,fingerprint_H_bit_60,0.0
30,drug_fingerprint_bit_234,0.0
30,drug_bromine_count_sum_fullmolecularfeaturizer,0.0
30,drug_iodine_count_sum_fullmolecularfeaturizer,0.0
30,fingerprint_H_bit_230,-1.1024831841106268e-12
30,drug_fingerprint_bit_148,-0.0002414347888581065
30,drug_fingerprint_bit_175,-0.00048521060150565266
30,drug_fingerprint_bit_32,-0.0017031828512143346
30,drug_fingerprint_bit_134,-0.0025929479997436255
30,drug_fingerprint_bit_245,-0.003955587290369759
30,drug_fingerprint_bit_229,-0.00399568426799162
30,drug_fingerprint_bit_79,-0.004132617098325928
30,drug_fingerprint_bit_14,-0.00432465563986824
30,drug_fingerprint_bit_60,-0.004495335683075823
30,drug_fingerprint_bit_171,-0.004515145499579554
30,drug_fingerprint_bit_179,-0.005422509929529703
30,fingerprint_H_bit_139,-0.005922908952358226
30,drug_fingerprint_bit_241,-0.006656268252330296
30,drug_fingerprint_bit_137,-0.008598093473769244
30,drug_smr_vsa5_sum_fullmolecularfeaturizer,-0.008892572949526167
30,drug_fingerprint_bit_67,-0.008961149061530647
30,drug_fingerprint_bit_25,-0.00951557237905131
30,drug_fingerprint_bit_154,-0.009878768986506399
30,poly_num_rotatable_bonds_sum_fullpolymerfeaturizer,-0.010080309100257414
30,drug_fingerprint_bit_65,-0.010339750269130152
30,drug_fingerprint_bit_85,-0.010621240637992592
30,fingerprint_H_bit_70,-0.010649816995939396
30,drug_fingerprint_bit_124,-0.01104212000947912
30,drug_fingerprint_bit_78,-0.01265742274894304
30,drug_fingerprint_bit_101,-0.013517851418557467
30,drug_fingerprint_bit_31,-0.014502775251329996
30,drug_fingerprint_bit_165,-0.015240359227422617
30,drug_fingerprint_bit_96,-0.01610228995921335
30,drug_fingerprint_bit_237,-0.016423909882500476
30,drug_fingerprint_bit_142,-0.017052814442438207
30,drug_fingerprint_bit_255,-0.017240332637231674
30,drug_fingerprint_bit_212,-0.017789465848582812
30,drug_fingerprint_bit_243,-0.019607477367626785
30,drug_fingerprint_bit_92,-0.021431647898845513
30,drug_fingerprint_bit_242,-0.02165910798232007
30,drug_fingerprint_bit_97,-0.0217045620153267
30,drug_fingerprint_bit_156,-0.022358656003579478
30,drug_fingerprint_bit_162,-0.02294081777378181
30,fingerprint_H_bit_37,-0.02362578023222945
30,drug_fingerprint_bit_29,-0.023823605820382645
30,drug_fingerprint_bit_55,-0.02520513032604537
30,fingerprint_H_bit_69,-0.02562210695222535
30,drug_fingerprint_bit_222,-0.02709563806716889
30,drug_num_atoms_sum_fullmolecularfeaturizer,-0.02912912905271902
30,drug_fingerprint_bit_239,-0.02935512708562022
30,drug_fingerprint_bit_169,-0.030575208837601675
30,drug_double_bonds_sum_fullmolecularfeaturizer,-0.03232485199903538
30,poly_num_hbond_donors_sum_fullpolymerfeaturizer,-0.034725638739073084
30,drug_fingerprint_bit_49,-0.03544894457318215
30,drug_charge_at_WATER_PH,-0.03679333046852203
30,drug_fingerprint_bit_204,-0.03699658197233529
30,drug_fingerprint_bit_74,-0.03815906637003159
30,drug_fingerprint_bit_91,-0.03825205808057761
30,drug_fingerprint_bit_80,-0.04140457706669266
30,fingerprint_H_bit_18,-0.04975202105345925
30,drug_fingerprint_bit_53,-0.04988836246742553
30,drug_fingerprint_bit_207,-0.0625995250346867
30,poly_topological_surface_area_sum_fullpolymerfeaturizer,-0.06263759133597714
30,drug_fingerprint_bit_187,-0.06425287478797871
30,drug_fingerprint_bit_113,-0.06479581890287123
30,fingerprint_H_bit_57,-0.06554919774413515
30,drug_fingerprint_bit_94,-0.06606295670115234
30,drug_fingerprint_bit_90,-0.07086025815953387
30,drug_fp_density_morgan1_sum_fullmolecularfeaturizer,-0.07297740209770913
30,drug_fingerprint_bit_76,-0.07519116933540308
30,drug_fingerprint_bit_38,-0.07617235028562837
30,poly_fp_density_morgan1_sum_backbonefeaturizer,-0.07767264284843901
30,fingerprint_H_bit_27,-0.07806689124009437
30,poly_single_bonds_sidechainfeaturizer_sum,-0.07897658469062771
30,drug_fingerprint_bit_8,-0.08069871947548256
30,drug_fingerprint_bit_227,-0.08409949396678848
30,drug_fingerprint_bit_230,-0.08509869690500604
30,poly_num_atoms_sum_fullpolymerfeaturizer,-0.09675411891802639
30,drug_fingerprint_bit_226,-0.09696603959930154
30,fingerprint_H_bit_212,-0.09790136134268987
30,drug_fingerprint_bit_168,-0.10901798982965909
30,drug_fingerprint_bit_37,-0.11219148375487621
30,fingerprint_H_bit_39,-0.12029700063363269
30,fingerprint_H_bit_143,-0.12292250578133877
30,drug_fingerprint_bit_180,-0.12362928839053734
30,fingerprint_H_bit_61,-0.1334153886466419
30,drug_fingerprint_bit_233,-0.14032217890858117
30,drug_fingerprint_bit_228,-0.14564903414979305
30,fingerprint_H_bit_42,-0.14829957589463713
30,fingerprint_H_bit_123,-0.14876085228386607
30,fingerprint_H_bit_207,-0.15084555716098327
30,drug_max_estate_index_sum_fullmolecularfeaturizer,-0.15177502809627016
30,drug_fingerprint_bit_178,-0.161362426247132
30,drug_bridging_rings_count_sum_fullmolecularfeaturizer,-0.17314262692698687
30,fingerprint_H_bit_167,-0.17331893769706644
30,fingerprint_H_bit_7,-0.1751782889046267
30,drug_fingerprint_bit_27,-0.17880533830339182
30,drug_fingerprint_bit_143,-0.1903263111710038
30,logp_H,-0.19318190152763726
30,WATER_PH,-0.19954035583724242
30,drug_fingerprint_bit_50,-0.20162192125849865
30,fingerprint_H_bit_64,-0.20613210930048717
30,drug_fingerprint_bit_43,-0.20710841227369553
30,drug_fingerprint_bit_40,-0.20947528964510537
30,drug_fingerprint_bit_223,-0.21283094934104024
30,fingerprint_H_bit_80,-0.21683413390934536
30,poly_smr_vsa5_sidechainfeaturizer_sum,-0.22140598824654809
30,fingerprint_H_bit_78,-0.229052196227662
30,drug_fingerprint_bit_86,-0.24223697063279545
30,drug_fingerprint_bit_111,-0.24407897605376044
30,drug_fingerprint_bit_58,-0.2525055775129671
30,poly_heteroatom_count_sum_fullpolymerfeaturizer,-0.2651028944390426
30,drug_fraction_bicyclic_rings_sum_fullmolecularfeaturizer,-0.2819746323046359
30,fingerprint_H_bit_218,-0.2821669982571469
30,drug_fingerprint_bit_66,-0.29781122444932956
30,drug_fingerprint_bit_163,-0.3230690283658007
30,drug_fingerprint_bit_214,-0.3290619244598432
30,poly_num_hbond_donors_sidechainfeaturizer_sum,-0.33735090906956416
30,fingerprint_H_bit_38,-0.3488613309431585
30,drug_logp,-0.3490878848296869
30,drug_slogp_vsa1_sum_fullmolecularfeaturizer,-0.35479495311281567
30,poly_heteroatom_count_sum_backbonefeaturizer,-0.3685371018954048
30,poly_topological_surface_area_sum_backbonefeaturizer,-0.37484140737073074
30,drug_heteroatom_count_sum_fullmolecularfeaturizer,-0.3824322850939837
30,poly_max_estate_index_sum_fullpolymerfeaturizer,-0.3926283113622832
30,drug_chlorine_count_sum_fullmolecularfeaturizer,-0.3962106521205585
30,drug_fingerprint_bit_186,-0.4059790039643797
30,fingerprint_H_bit_175,-0.40752537826119273
30,drug_fingerprint_bit_64,-0.40826258439676344
30,drug_fingerprint_bit_251,-0.4162100079542163
30,poly_balaban_j_index_sidechainfeaturizer_sum,-0.42208086399283623
30,drug_fingerprint_bit_107,-0.4232120434977456
30,fingerprint_H_bit_138,-0.42824699415766243
30,drug_fingerprint_bit_193,-0.4451850733039699
30,poly_num_aromatic_rings_sidechainfeaturizer_sum,-0.4489877760888345
30,drug_num_hbond_donors_sum_fullmolecularfeaturizer,-0.5070918869741308
30,fingerprint_H_bit_125,-0.5139091963787425
30,fingerprint_H_bit_147,-0.5297777696922961
30,poly_single_bonds_sum_fullpolymerfeaturizer,-0.5331998548606353
30,drug_fingerprint_bit_153,-0.5619721057059653
30,fingerprint_H_bit_133,-0.6525056208850096
30,fingerprint_H_bit_183,-0.6637412295824416
30,drug_fingerprint_bit_128,-0.6762787999228527
30,poly_topological_surface_area_sidechainfeaturizer_sum,-0.6825960685907149
30,poly_sp3_carbon_count_sum_backbonefeaturizer,-0.6920707312098572
30,poly_double_bonds_sum_fullpolymerfeaturizer,-0.7111693755562368
30,poly_max_estate_index_sum_backbonefeaturizer,-0.7146044975549969
30,drug_logd_at_WATER_PH,-0.8115610275331279
30,drug_fingerprint_bit_4,-0.8711726682639117
30,drug_fingerprint_bit_45,-0.9749155999743163
30,fingerprint_H_bit_1,-1.0923779777617173
30,fingerprint_H_bit_118,-1.0948044193409538
30,drug_fingerprint_bit_151,-1.1027694210325028
30,poly_num_hbond_acceptors_sum_backbonefeaturizer,-1.1255516286402718
30,drug_fingerprint_bit_108,-1.1632281722290168
30,poly_num_rings_sidechainfeaturizer_sum,-1.3029247520184057
30,fingerprint_H_bit_236,-1.3036594348139836
30,fingerprint_H_bit_128,-1.4351906088734656
30,poly_single_bonds_sum_backbonefeaturizer,-1.4901870556054229
30,fingerprint_H_bit_197,-1.520007044862356
30,drug_fingerprint_bit_33,-1.5486224172830172
30,fingerprint_H_bit_182,-1.566941927926076
30,poly_smr_vsa5_sum_backbonefeaturizer,-1.6437449077158226
30,fingerprint_H_bit_114,-1.999369498458383
30,fingerprint_H_bit_52,-2.0333194004957336
30,CONCENTRATION,-2.303617851288647
30,fingerprint_H_bit_144,-2.3558137254468066
30,poly_num_atoms_sum_backbonefeaturizer,-2.8506660015184813
30,fingerprint_H_bit_4,-3.8214486154734018
31,drug_fingerprint_bit_190,8.536443621015827
31,drug_fingerprint_bit_98,6.436419123086604
31,poly_heteroatom_density_sidechainfeaturizer_sum,2.8135173358234624
31,poly_num_atoms_sum_backbonefeaturizer,2.7024133844803537
31,poly_fp_density_morgan1_sidechainfeaturizer_sum,2.3396366857727102
31,poly_slogp_vsa1_sum_backbonefeaturizer,2.2546118005227043
31,poly_fp_density_morgan1_sum_backbonefeaturizer,2.050543189541544
31,poly_sp2_carbon_count_sum_backbonefeaturizer,1.8737715105170396
31,poly_slogp_vsa1_sum_fullpolymerfeaturizer,1.8571927877515375
31,poly_molecular_weight_sum_backbonefeaturizer,1.6214715699480835
31,poly_sp2_carbon_count_sidechainfeaturizer_sum,1.6183162543766032
31,fingerprint_H_bit_236,1.5373670471433045
31,poly_heteroatom_count_sum_backbonefeaturizer,1.4657186687299482
31,fingerprint_H_bit_53,1.4514253144852731
31,fingerprint_H_bit_214,1.4066437658793842
31,drug_fingerprint_bit_158,1.3775440056846833
31,poly_num_hbond_acceptors_sum_backbonefeaturizer,1.332538773777959
31,logd_at_WATER_PH_H,1.306759300423175
31,drug_fingerprint_bit_147,1.2960231631142771
31,fingerprint_H_bit_128,1.2799665240783717
31,fingerprint_H_bit_183,1.2579242319530544
31,fingerprint_H_bit_222,1.233056416786749
31,fingerprint_H_bit_58,1.2096522794551114
31,fingerprint_H_bit_213,1.1694875004875167
31,poly_balaban_j_index_sidechainfeaturizer_sum,1.1652010350673496
31,drug_num_hbond_donors_sum_fullmolecularfeaturizer,1.162862583335856
31,fingerprint_H_bit_1,1.1439052539465335
31,fingerprint_H_bit_28,1.1422777106100324
31,drug_fingerprint_bit_42,1.128894647520637
31,poly_smr_vsa5_sum_backbonefeaturizer,1.1097137270886792
31,fingerprint_H_bit_80,1.1000587178475765
31,poly_max_ring_size_sum_fullpolymerfeaturizer,1.0784740589040238
31,poly_num_atoms_sidechainfeaturizer_sum,1.0609671975960178
31,poly_double_bonds_sum_fullpolymerfeaturizer,1.0349298652272017
31,fingerprint_H_bit_133,1.0093264336330623
31,fingerprint_H_bit_113,0.9393946106436067
31,poly_num_rings_sidechainfeaturizer_sum,0.908210910209511
31,poly_molecular_weight_sidechainfeaturizer_sum,0.8791899787627508
31,fingerprint_H_bit_217,0.8317105325760303
31,drug_fingerprint_bit_22,0.7649595522200218
31,fingerprint_H_bit_118,0.7543502861252939
31,fingerprint_H_bit_175,0.749969027655623
31,drug_fingerprint_bit_3,0.7339513697626181
31,fingerprint_H_bit_56,0.7166531918369287
31,poly_topological_surface_area_sidechainfeaturizer_sum,0.7086923307565762
31,lumo_eV_H,0.670227650592922
31,fingerprint_H_bit_85,0.6637661978671733
31,fingerprint_H_bit_159,0.65931684317741
31,poly_sp3_carbon_count_sum_backbonefeaturizer,0.6481147877201021
31,drug_fingerprint_bit_227,0.6467168745029547
31,fingerprint_H_bit_69,0.6159615331231737
31,poly_max_ring_size_sidechainfeaturizer_sum,0.6135450423466274
31,poly_num_rotatable_bonds_sum_backbonefeaturizer,0.6044561254243295
31,poly_max_estate_index_sidechainfeaturizer_sum,0.6015139976734959
31,poly_topological_surface_area_sum_backbonefeaturizer,0.596566835434834
31,fingerprint_H_bit_151,0.5938324412557233
31,drug_total_halogens_sum_fullmolecularfeaturizer,0.5803627890241119
31,drug_fingerprint_bit_213,0.5662833450760231
31,drug_fingerprint_bit_36,0.5558994585939948
31,homo_eV_H,0.5527487735208936
31,drug_fingerprint_bit_153,0.5418968207030654
31,poly_num_rotatable_bonds_sidechainfeaturizer_sum,0.538841419856015
31,poly_num_aromatic_rings_sidechainfeaturizer_sum,0.5249615675621466
31,poly_num_hbond_donors_sidechainfeaturizer_sum,0.4976656080946849
31,fingerprint_H_bit_41,0.4823644043419912
31,drug_fingerprint_bit_165,0.4810683950097251
31,poly_single_bonds_sum_backbonefeaturizer,0.4808504368574288
31,drug_fingerprint_bit_64,0.47908498319882076
31,drug_fingerprint_bit_160,0.4768513027336211
31,drug_fingerprint_bit_110,0.47012085169599843
31,poly_fp_density_morgan1_sum_fullpolymerfeaturizer,0.4653895604593018
31,drug_fingerprint_bit_177,0.46243674566435683
31,drug_heteroatom_count_sum_fullmolecularfeaturizer,0.44638264539114025
31,drug_fingerprint_bit_223,0.4252010814171435
31,fingerprint_H_bit_84,0.42339415510783407
31,drug_single_bonds_sum_fullmolecularfeaturizer,0.4172973444936101
31,drug_fingerprint_bit_203,0.41055453270553216
31,drug_fingerprint_bit_167,0.39884024385829686
31,drug_fingerprint_bit_251,0.38644113075767106
31,drug_fingerprint_bit_218,0.38477611229408076
31,poly_heteroatom_count_sidechainfeaturizer_sum,0.3814166357346989
31,drug_bridging_rings_count_sum_fullmolecularfeaturizer,0.38049616566496386
31,drug_fingerprint_bit_71,0.3728001517231241
31,fingerprint_H_bit_64,0.3656779757286625
31,poly_sp3_carbon_count_sidechainfeaturizer_sum,0.35588101507663833
31,poly_num_hbond_acceptors_sidechainfeaturizer_sum,0.3462022126203916
31,fingerprint_H_bit_119,0.325558992247262
31,fingerprint_H_bit_45,0.3243121503550613
31,drug_fingerprint_bit_185,0.32161751068441957
31,drug_fingerprint_bit_49,0.3208194206541642
31,drug_logp,0.31949725702229476
31,poly_num_hbond_donors_sum_backbonefeaturizer,0.3183981405975279
31,drug_fingerprint_bit_211,0.31817013663788823
31,drug_sp3_carbon_count_sum_fullmolecularfeaturizer,0.30844097477390914
31,drug_topological_surface_area_sum_fullmolecularfeaturizer,0.30353526098030287
31,fingerprint_H_bit_78,0.2997302598308442
31,drug_fingerprint_bit_201,0.29848706660918206
31,fingerprint_H_bit_70,0.2976963683038196
31,drug_fingerprint_bit_155,0.2972645683997378
31,drug_molecular_weight_sum_fullmolecularfeaturizer,0.2908206506936689
31,drug_num_hbond_acceptors_sum_fullmolecularfeaturizer,0.28881860350197297
31,drug_fingerprint_bit_75,0.28839422263826053
31,drug_fingerprint_bit_206,0.2809004490439334
31,poly_single_bonds_sidechainfeaturizer_sum,0.28005993817347885
31,drug_fingerprint_bit_226,0.27875120738381903
31,fingerprint_H_bit_167,0.2734167186712632
31,fingerprint_H_bit_81,0.2717368473326057
31,drug_fingerprint_bit_63,0.2703754622480327
31,drug_fingerprint_bit_26,0.26134934143767563
31,drug_balaban_j_index_sum_fullmolecularfeaturizer,0.25471211423835405
31,drug_fingerprint_bit_142,0.2480550964176522
31,drug_fingerprint_bit_126,0.2444612952846696
31,drug_fingerprint_bit_205,0.24288569700499577
31,fingerprint_H_bit_13,0.24283259166903376
31,drug_chlorine_count_sum_fullmolecularfeaturizer,0.2397804700332911
31,drug_fingerprint_bit_250,0.2376824130144601
31,drug_fingerprint_bit_136,0.23532076519428574
31,drug_fingerprint_bit_164,0.2322280207792573
31,fingerprint_H_bit_227,0.23193815163597717
31,drug_heteroatom_density_sum_fullmolecularfeaturizer,0.2298116981220369
31,fingerprint_H_bit_48,0.22799769061793151
31,drug_fingerprint_bit_125,0.22762065313495689
31,drug_fingerprint_bit_81,0.22582223344995625
31,drug_fingerprint_bit_74,0.21992256684252331
31,drug_fingerprint_bit_249,0.21965955477632293
31,drug_fingerprint_bit_180,0.21926035774901667
31,drug_fingerprint_bit_105,0.211417864602859
31,drug_fingerprint_bit_159,0.20971891823199854
31,drug_fingerprint_bit_253,0.20720966795520196
31,drug_fingerprint_bit_246,0.20665512801675262
31,drug_num_rings_sum_fullmolecularfeaturizer,0.2043018766970184
31,fingerprint_H_bit_245,0.20294074171030746
31,drug_fingerprint_bit_37,0.19931489960988705
31,fingerprint_H_bit_27,0.19833248479401241
31,fingerprint_H_bit_100,0.19824909580694164
31,drug_fingerprint_bit_145,0.19578466545375495
31,poly_balaban_j_index_sum_fullpolymerfeaturizer,0.1918183971313411
31,drug_fingerprint_bit_197,0.1802245895506188
31,fingerprint_H_bit_37,0.17802585483115124
31,drug_fingerprint_bit_48,0.17572588186536858
31,fingerprint_H_bit_139,0.17503163890107998
31,poly_heteroatom_density_sum_fullpolymerfeaturizer,0.1742462394556872
31,drug_fingerprint_bit_170,0.17226127431119417
31,fingerprint_H_bit_251,0.1716751299952122
31,fingerprint_H_bit_162,0.16708939772587073
31,drug_num_aromatic_rings_sum_fullmolecularfeaturizer,0.16707971017371223
31,drug_fingerprint_bit_144,0.16535281587423598
31,drug_fraction_bicyclic_rings_sum_fullmolecularfeaturizer,0.16342136922372816
31,drug_fingerprint_bit_73,0.1625401754808844
31,fingerprint_H_bit_182,0.1592442857383067
31,poly_double_bonds_sidechainfeaturizer_sum,0.15907522680191108
31,drug_fingerprint_bit_28,0.15712880540953564
31,drug_fluorine_count_sum_fullmolecularfeaturizer,0.15514276052847306
31,drug_fingerprint_bit_0,0.15265637787036607
31,drug_fingerprint_bit_122,0.14975756573106166
31,drug_fingerprint_bit_99,0.14917380075319228
31,fingerprint_H_bit_226,0.14409863667663816
31,fingerprint_H_bit_52,0.14360894480274514
31,drug_fingerprint_bit_6,0.1410386324556806
31,fingerprint_H_bit_121,0.1409030767050005
31,drug_num_atoms_sum_fullmolecularfeaturizer,0.13965714442177515
31,poly_max_estate_index_sum_backbonefeaturizer,0.13809024393484762
31,fingerprint_H_bit_155,0.13709040161721106
31,drug_fingerprint_bit_181,0.1367533700884329
31,drug_fingerprint_bit_27,0.13460973432191364
31,drug_fingerprint_bit_69,0.13454869617573423
31,drug_smr_vsa5_sum_fullmolecularfeaturizer,0.1343434400923145
31,drug_fingerprint_bit_92,0.13069554158364283
31,fingerprint_H_bit_68,0.12445366178609851
31,fingerprint_H_bit_134,0.12136774406850405
31,drug_fingerprint_bit_188,0.11949752594988626
31,drug_logd_at_WATER_PH,0.117258156701445
31,drug_fingerprint_bit_120,0.11638439344939401
31,drug_fingerprint_bit_50,0.11350000694185668
31,poly_num_rotatable_bonds_sum_fullpolymerfeaturizer,0.11033710817830016
31,poly_smr_vsa5_sidechainfeaturizer_sum,0.10921501249398681
31,drug_fingerprint_bit_41,0.10707953129673778
31,drug_fingerprint_bit_109,0.1058396074547557
31,drug_fingerprint_bit_11,0.10186423629195766
31,drug_fingerprint_bit_137,0.0989915949663681
31,fingerprint_H_bit_143,0.09895787558892168
31,drug_fingerprint_bit_174,0.09797172830821689
31,fingerprint_H_bit_89,0.0972023238350953
31,drug_fingerprint_bit_140,0.09615918434740071
31,drug_fingerprint_bit_212,0.09582032357747541
31,fingerprint_H_bit_67,0.09330425992861723
31,drug_fingerprint_bit_44,0.09260809040352398
31,drug_fingerprint_bit_247,0.08967478417595064
31,drug_fingerprint_bit_189,0.08844370409336173
31,drug_fingerprint_bit_169,0.08829513830623434
31,drug_fingerprint_bit_34,0.087868110539399
31,fingerprint_H_bit_204,0.08590417489171873
31,drug_fingerprint_bit_35,0.08326351474553063
31,drug_fingerprint_bit_46,0.07925928403219017
31,drug_fingerprint_bit_161,0.07901953245227458
31,poly_single_bonds_sum_fullpolymerfeaturizer,0.07597597370188879
31,drug_num_aliphatic_heterocycles_sum_fullmolecularfeaturizer,0.07554271470136129
31,drug_fingerprint_bit_116,0.07447275460534572
31,drug_fingerprint_bit_184,0.07437576747420739
31,drug_num_non_aromatic_rings_sum_fullmolecularfeaturizer,0.07409386455554234
31,fingerprint_H_bit_145,0.0739128741558945
31,drug_fingerprint_bit_202,0.07361607233814153
31,drug_fingerprint_bit_141,0.07320475614687974
31,fingerprint_H_bit_147,0.07301110284718108
31,drug_fingerprint_bit_236,0.07124076823852522
31,drug_fp_density_morgan1_sum_fullmolecularfeaturizer,0.06553850085619986
31,drug_fingerprint_bit_191,0.06256312423934803
31,drug_fingerprint_bit_77,0.06255039114768811
31,fingerprint_H_bit_123,0.061139122236383577
31,drug_fingerprint_bit_139,0.06092160936003823
31,drug_fingerprint_bit_150,0.06009483609671536
31,drug_fingerprint_bit_30,0.05977851169733176
31,drug_fingerprint_bit_103,0.05934568866909979
31,fingerprint_H_bit_32,0.058740147629384176
31,drug_fingerprint_bit_106,0.05649112268908991
31,drug_fingerprint_bit_252,0.0551630380945067
31,fingerprint_H_bit_212,0.05440331433962751
31,fingerprint_H_bit_232,0.054357853596019
31,drug_fingerprint_bit_127,0.05411097365388407
31,drug_fingerprint_bit_182,0.05304919238481768
31,drug_fingerprint_bit_231,0.052921682515245094
31,drug_fingerprint_bit_148,0.05124522059734961
31,drug_homo_eV,0.049493807124946686
31,fingerprint_H_bit_18,0.04896831154934083
31,fingerprint_H_bit_54,0.04812448721311694
31,drug_fingerprint_bit_245,0.048071808297232135
31,fingerprint_H_bit_30,0.04727784457584322
31,drug_fingerprint_bit_15,0.04684830116309544
31,drug_fingerprint_bit_239,0.046072236024649195
31,drug_fingerprint_bit_24,0.045876325127927255
31,drug_max_estate_index_sum_fullmolecularfeaturizer,0.04385727105408686
31,drug_fingerprint_bit_238,0.04335305510904507
31,drug_fingerprint_bit_97,0.04312442213696001
31,drug_fingerprint_bit_10,0.042290313671264415
31,drug_fingerprint_bit_154,0.040826543735604695
31,drug_fingerprint_bit_90,0.04055268116496973
31,poly_double_bonds_sum_backbonefeaturizer,0.04048309812028803
31,drug_fingerprint_bit_96,0.03960592623350374
31,drug_fingerprint_bit_101,0.03807703924759535
31,drug_fingerprint_bit_248,0.03665917160279186
31,drug_fingerprint_bit_13,0.03557716262068817
31,drug_fingerprint_bit_82,0.035334440832026415
31,drug_fingerprint_bit_59,0.03459712082371089
31,drug_fingerprint_bit_56,0.03384562105947778
31,fingerprint_H_bit_216,0.03305514484398796
31,drug_fingerprint_bit_67,0.03225129934210832
31,fingerprint_H_bit_61,0.03122553747798728
31,drug_fingerprint_bit_242,0.031191406972548432
31,drug_fingerprint_bit_235,0.03110620904312236
31,fingerprint_H_bit_174,0.030760984452652747
31,drug_fingerprint_bit_114,0.03050082821409996
31,drug_fingerprint_bit_183,0.030266870115651035
31,drug_fingerprint_bit_207,0.030211357642145588
31,fingerprint_H_bit_116,0.029612379680167906
31,drug_fingerprint_bit_146,0.029314340142062776
31,drug_fingerprint_bit_241,0.029049994048003323
31,poly_num_aliphatic_heterocycles_sum_fullpolymerfeaturizer,0.027645856152709675
31,fingerprint_H_bit_26,0.027157372136191064
31,drug_fingerprint_bit_61,0.027136237758770755
31,drug_fingerprint_bit_222,0.02669971444737379
31,drug_fingerprint_bit_58,0.0266758770264856
31,fingerprint_H_bit_98,0.026095810184209072
31,drug_fingerprint_bit_32,0.025827902647485013
31,fingerprint_H_bit_114,0.024736202281751878
31,drug_fingerprint_bit_156,0.024705279043294007
31,drug_fingerprint_bit_171,0.02416931027477621
31,fingerprint_H_bit_112,0.02413329123196602
31,drug_fingerprint_bit_178,0.024048802966458647
31,drug_fingerprint_bit_83,0.02346172222053657
31,fingerprint_H_bit_57,0.022497388667818558
31,drug_fingerprint_bit_86,0.022479926955390948
31,drug_fingerprint_bit_172,0.021337329833809874
31,drug_fingerprint_bit_31,0.021325292234198233
31,fingerprint_H_bit_65,0.02088920360899548
31,drug_fingerprint_bit_100,0.020051401612183096
31,drug_fingerprint_bit_229,0.01963453845018467
31,drug_fingerprint_bit_7,0.01935171720199852
31,drug_fingerprint_bit_199,0.019219713766357754
31,drug_fingerprint_bit_187,0.018879404705765008
31,drug_fingerprint_bit_78,0.018805867260057698
31,poly_num_non_aromatic_rings_sum_backbonefeaturizer,0.01864716066921665
31,fingerprint_H_bit_46,0.018229484478724384
31,drug_fingerprint_bit_57,0.017664012609255934
31,drug_fingerprint_bit_60,0.017658660708548192
31,fingerprint_H_bit_34,0.01714887488554195
31,fingerprint_H_bit_205,0.016762172006696167
31,fingerprint_H_bit_224,0.01650754852885885
31,drug_fingerprint_bit_131,0.015427556091654202
31,drug_fingerprint_bit_149,0.015180759652585704
31,poly_num_aliphatic_heterocycles_sum_backbonefeaturizer,0.014653753501448343
31,fingerprint_H_bit_131,0.014121761214263348
31,fingerprint_H_bit_185,0.014117133388561782
31,drug_fingerprint_bit_8,0.013801889123504454
31,drug_fingerprint_bit_162,0.013181659546469394
31,drug_fingerprint_bit_94,0.012697399122637688
31,drug_fingerprint_bit_62,0.012176730009874542
31,drug_fingerprint_bit_76,0.012147916955301515
31,drug_fingerprint_bit_194,0.01213987254794335
31,drug_fingerprint_bit_70,0.011916571485062161
31,drug_fingerprint_bit_135,0.011902595774191668
31,drug_fingerprint_bit_208,0.01169995067566352
31,drug_fingerprint_bit_134,0.01156154262802585
31,drug_fingerprint_bit_117,0.011550538949465398
31,fingerprint_H_bit_237,0.011319780741439125
31,drug_fingerprint_bit_152,0.011217285263626054
31,drug_fingerprint_bit_104,0.011198489763541078
31,drug_fingerprint_bit_20,0.010965591676813486
31,fingerprint_H_bit_158,0.010930837063984868
31,drug_fingerprint_bit_225,0.009979940776079563
31,poly_num_non_aromatic_rings_sum_fullpolymerfeaturizer,0.009813307656291502
31,fingerprint_H_bit_106,0.00819585426999465
31,fingerprint_H_bit_144,0.008181256621210555
31,drug_fingerprint_bit_55,0.004950656186643243
31,fingerprint_H_bit_164,0.004330767152324258
31,fingerprint_H_bit_63,0.004136252518276307
31,drug_fingerprint_bit_18,0.003203518172797838
31,drug_fingerprint_bit_23,0.0021698861408784584
31,fingerprint_H_bit_219,0.0016695371102194104
31,drug_fingerprint_bit_14,0.0007216955936426545
31,drug_fingerprint_bit_25,0.0006899365846134867
31,drug_fingerprint_bit_16,0.0006395667397161585
31,drug_fingerprint_bit_65,0.0004378624234437039
31,drug_fingerprint_bit_79,0.000268571671394766
31,drug_fingerprint_bit_204,0.0002446837275176421
31,poly_slogp_vsa1_sidechainfeaturizer_sum,0.00020704461677067084
31,drug_fingerprint_bit_53,0.0001107910413805656
31,fingerprint_H_bit_176,0.0
31,fingerprint_H_bit_248,0.0
31,fingerprint_H_bit_249,0.0
31,fingerprint_H_bit_163,0.0
31,fingerprint_H_bit_161,0.0
31,fingerprint_H_bit_25,0.0
31,fingerprint_H_bit_177,0.0
31,fingerprint_H_bit_181,0.0
31,fingerprint_H_bit_184,0.0
31,fingerprint_H_bit_178,0.0
31,fingerprint_H_bit_109,0.0
31,drug_fingerprint_bit_254,0.0
31,fingerprint_H_bit_179,0.0
31,fingerprint_H_bit_203,0.0
31,drug_fingerprint_bit_54,0.0
31,fingerprint_H_bit_132,0.0
31,fingerprint_H_bit_135,0.0
31,fingerprint_H_bit_136,0.0
31,fingerprint_H_bit_247,0.0
31,drug_fingerprint_bit_157,0.0
31,fingerprint_H_bit_2,0.0
31,fingerprint_H_bit_110,0.0
31,drug_fingerprint_bit_166,0.0
31,fingerprint_H_bit_246,0.0
31,fingerprint_H_bit_180,0.0
31,fingerprint_H_bit_244,0.0
31,fingerprint_H_bit_243,0.0
31,drug_fingerprint_bit_51,0.0
31,fingerprint_H_bit_242,0.0
31,fingerprint_H_bit_202,0.0
31,fingerprint_H_bit_168,0.0
31,fingerprint_H_bit_169,0.0
31,fingerprint_H_bit_170,0.0
31,drug_fingerprint_bit_102,0.0
31,fingerprint_H_bit_140,0.0
31,fingerprint_H_bit_141,0.0
31,fingerprint_H_bit_142,0.0
31,fingerprint_H_bit_146,0.0
31,fingerprint_H_bit_148,0.0
31,fingerprint_H_bit_9,0.0
31,fingerprint_H_bit_149,0.0
31,fingerprint_H_bit_150,0.0
31,fingerprint_H_bit_29,0.0
31,fingerprint_H_bit_153,0.0
31,fingerprint_H_bit_19,0.0
31,fingerprint_H_bit_103,0.0
31,fingerprint_H_bit_104,0.0
31,fingerprint_H_bit_105,0.0
31,fingerprint_H_bit_17,0.0
31,fingerprint_H_bit_115,0.0
31,fingerprint_H_bit_16,0.0
31,fingerprint_H_bit_10,0.0
31,fingerprint_H_bit_11,0.0
31,fingerprint_H_bit_12,0.0
31,fingerprint_H_bit_14,0.0
31,fingerprint_H_bit_15,0.0
31,fingerprint_H_bit_152,0.0
31,fingerprint_H_bit_187,0.0
31,fingerprint_H_bit_24,0.0
31,fingerprint_H_bit_188,0.0
31,drug_fingerprint_bit_68,0.0
31,fingerprint_H_bit_23,0.0
31,fingerprint_H_bit_127,0.0
31,fingerprint_H_bit_129,0.0
31,fingerprint_H_bit_130,0.0
31,fingerprint_H_bit_22,0.0
31,fingerprint_H_bit_31,0.0
31,fingerprint_H_bit_35,0.0
31,fingerprint_H_bit_36,0.0
31,fingerprint_H_bit_21,0.0
31,fingerprint_H_bit_166,0.0
31,drug_fingerprint_bit_89,0.0
31,fingerprint_H_bit_154,0.0
31,fingerprint_H_bit_156,0.0
31,fingerprint_H_bit_173,0.0
31,fingerprint_H_bit_157,0.0
31,fingerprint_H_bit_160,0.0
31,fingerprint_H_bit_122,0.0
31,fingerprint_H_bit_124,0.0
31,fingerprint_H_bit_126,0.0
31,fingerprint_H_bit_40,0.0
31,drug_fingerprint_bit_112,0.0
31,drug_fingerprint_bit_123,0.0
31,fingerprint_H_bit_165,0.0
31,drug_fingerprint_bit_87,0.0
31,poly_fluorine_count_sum_fullpolymerfeaturizer,0.0
31,poly_chlorine_count_sum_fullpolymerfeaturizer,0.0
31,poly_bromine_count_sum_fullpolymerfeaturizer,0.0
31,poly_iodine_count_sum_fullpolymerfeaturizer,0.0
31,poly_triple_bonds_sum_fullpolymerfeaturizer,0.0
31,fingerprint_H_bit_238,0.0
31,fingerprint_H_bit_239,0.0
31,fingerprint_H_bit_240,0.0
31,fingerprint_H_bit_241,0.0
31,poly_fraction_bicyclic_rings_sum_fullpolymerfeaturizer,0.0
31,fingerprint_H_bit_74,0.0
31,fingerprint_H_bit_76,0.0
31,fingerprint_H_bit_71,0.0
31,fingerprint_H_bit_72,0.0
31,fingerprint_H_bit_111,0.0
31,fingerprint_H_bit_101,0.0
31,fingerprint_H_bit_102,0.0
31,drug_fingerprint_bit_215,0.0
31,drug_fingerprint_bit_217,0.0
31,drug_fingerprint_bit_220,0.0
31,drug_fingerprint_bit_221,0.0
31,fingerprint_H_bit_82,0.0
31,fingerprint_H_bit_83,0.0
31,fingerprint_H_bit_86,0.0
31,fingerprint_H_bit_87,0.0
31,poly_fraction_bicyclic_rings_sum_backbonefeaturizer,0.0
31,fingerprint_H_bit_43,0.0
31,fingerprint_H_bit_44,0.0
31,poly_bridging_rings_count_sum_fullpolymerfeaturizer,0.0
31,poly_num_non_aromatic_rings_sidechainfeaturizer_sum,0.0
31,fingerprint_H_bit_73,0.0
31,fingerprint_H_bit_137,0.0
31,fingerprint_H_bit_0,0.0
31,drug_fingerprint_bit_244,0.0
31,drug_bromine_count_sum_fullmolecularfeaturizer,0.0
31,drug_iodine_count_sum_fullmolecularfeaturizer,0.0
31,drug_triple_bonds_sum_fullmolecularfeaturizer,0.0
31,fingerprint_H_bit_107,0.0
31,fingerprint_H_bit_108,0.0
31,fingerprint_H_bit_8,0.0
31,fingerprint_H_bit_20,0.0
31,fingerprint_H_bit_6,0.0
31,fingerprint_H_bit_5,0.0
31,fingerprint_H_bit_4,0.0
31,fingerprint_H_bit_3,0.0
31,poly_total_halogens_sum_fullpolymerfeaturizer,0.0
31,fingerprint_H_bit_79,0.0
31,fingerprint_H_bit_250,0.0
31,fingerprint_H_bit_252,0.0
31,fingerprint_H_bit_253,0.0
31,fingerprint_H_bit_254,0.0
31,fingerprint_H_bit_255,0.0
31,fingerprint_H_bit_225,0.0
31,fingerprint_H_bit_228,0.0
31,fingerprint_H_bit_229,0.0
31,fingerprint_H_bit_230,0.0
31,fingerprint_H_bit_231,0.0
31,fingerprint_H_bit_234,0.0
31,fingerprint_H_bit_235,0.0
31,drug_fingerprint_bit_234,0.0
31,fingerprint_H_bit_88,0.0
31,fingerprint_H_bit_77,0.0
31,fingerprint_H_bit_221,0.0
31,fingerprint_H_bit_223,0.0
31,fingerprint_H_bit_55,0.0
31,poly_total_halogens_sum_backbonefeaturizer,0.0
31,poly_fluorine_count_sum_backbonefeaturizer,0.0
31,poly_chlorine_count_sum_backbonefeaturizer,0.0
31,poly_bromine_count_sum_backbonefeaturizer,0.0
31,poly_iodine_count_sum_backbonefeaturizer,0.0
31,poly_triple_bonds_sum_backbonefeaturizer,0.0
31,poly_bridging_rings_count_sum_backbonefeaturizer,0.0
31,drug_fingerprint_bit_209,0.0
31,fingerprint_H_bit_194,0.0
31,fingerprint_H_bit_195,0.0
31,fingerprint_H_bit_196,0.0
31,poly_fraction_bicyclic_rings_sidechainfeaturizer_sum,0.0
31,fingerprint_H_bit_199,0.0
31,fingerprint_H_bit_200,0.0
31,fingerprint_H_bit_201,0.0
31,drug_fingerprint_bit_9,0.0
31,drug_fingerprint_bit_17,0.0
31,drug_fingerprint_bit_21,0.0
31,drug_fingerprint_bit_176,0.0
31,drug_fingerprint_bit_195,0.0
31,drug_fingerprint_bit_198,0.0
31,fingerprint_H_bit_189,0.0
31,fingerprint_H_bit_190,0.0
31,fingerprint_H_bit_192,0.0
31,fingerprint_H_bit_193,0.0
31,fingerprint_H_bit_171,0.0
31,fingerprint_H_bit_172,0.0
31,fingerprint_H_bit_198,0.0
31,poly_num_aliphatic_heterocycles_sidechainfeaturizer_sum,0.0
31,fingerprint_H_bit_59,0.0
31,fingerprint_H_bit_60,0.0
31,fingerprint_H_bit_62,0.0
31,fingerprint_H_bit_206,0.0
31,fingerprint_H_bit_208,0.0
31,fingerprint_H_bit_209,0.0
31,fingerprint_H_bit_210,0.0
31,fingerprint_H_bit_211,0.0
31,fingerprint_H_bit_215,0.0
31,fingerprint_H_bit_220,0.0
31,poly_total_halogens_sidechainfeaturizer_sum,0.0
31,poly_fluorine_count_sidechainfeaturizer_sum,0.0
31,poly_chlorine_count_sidechainfeaturizer_sum,0.0
31,poly_bromine_count_sidechainfeaturizer_sum,0.0
31,fingerprint_H_bit_51,0.0
31,poly_triple_bonds_sidechainfeaturizer_sum,0.0
31,poly_bridging_rings_count_sidechainfeaturizer_sum,0.0
31,fingerprint_H_bit_117,0.0
31,fingerprint_H_bit_90,0.0
31,fingerprint_H_bit_91,0.0
31,fingerprint_H_bit_92,0.0
31,fingerprint_H_bit_93,0.0
31,fingerprint_H_bit_94,0.0
31,fingerprint_H_bit_95,0.0
31,fingerprint_H_bit_96,0.0
31,fingerprint_H_bit_97,0.0
31,fingerprint_H_bit_99,0.0
31,fingerprint_H_bit_47,0.0
31,fingerprint_H_bit_49,0.0
31,fingerprint_H_bit_50,0.0
31,poly_iodine_count_sidechainfeaturizer_sum,0.0
31,drug_fingerprint_bit_232,-9.731370553822671e-08
31,drug_fingerprint_bit_130,-0.004090634204779937
31,drug_fingerprint_bit_240,-0.004145741414302041
31,drug_fingerprint_bit_93,-0.0046070416489930825
31,drug_fingerprint_bit_121,-0.005825822891533746
31,drug_lumo_eV,-0.010731320961444437
31,drug_fingerprint_bit_124,-0.011857256065008934
31,drug_fingerprint_bit_80,-0.01276663511348955
31,drug_fingerprint_bit_179,-0.013703798886750027
31,drug_fingerprint_bit_2,-0.015870620312066715
31,drug_fingerprint_bit_173,-0.02088197534052371
31,drug_fingerprint_bit_193,-0.021757093953087194
31,drug_fingerprint_bit_196,-0.02729030651513798
31,drug_fingerprint_bit_43,-0.028939645083523265
31,drug_max_ring_size_sum_fullmolecularfeaturizer,-0.03165374162243813
31,drug_fingerprint_bit_66,-0.03285635615598973
31,drug_fingerprint_bit_129,-0.0338635758669555
31,drug_fingerprint_bit_5,-0.03879349787831491
31,poly_num_hbond_acceptors_sum_fullpolymerfeaturizer,-0.04072423556735578
31,drug_fingerprint_bit_95,-0.04174084033431737
31,drug_fingerprint_bit_118,-0.041948578430701385
31,fingerprint_H_bit_207,-0.045026726295255344
31,drug_fingerprint_bit_91,-0.04684026357661829
31,fingerprint_H_bit_218,-0.04748776253984762
31,fingerprint_H_bit_7,-0.049324209804197015
31,poly_smr_vsa5_sum_fullpolymerfeaturizer,-0.061103548419876606
31,poly_num_hbond_donors_sum_fullpolymerfeaturizer,-0.0634489650145719
31,drug_fingerprint_bit_230,-0.06899549868488948
31,drug_fingerprint_bit_85,-0.07219852566396787
31,drug_fingerprint_bit_210,-0.0790193463034833
31,drug_double_bonds_sum_fullmolecularfeaturizer,-0.08652345254789717
31,drug_fingerprint_bit_216,-0.08848946729791665
31,drug_slogp_vsa1_sum_fullmolecularfeaturizer,-0.09594342201492963
31,drug_fingerprint_bit_29,-0.09612471721745126
31,drug_fingerprint_bit_39,-0.09635416753370762
31,drug_fingerprint_bit_255,-0.11104315390841658
31,poly_topological_surface_area_sum_fullpolymerfeaturizer,-0.12011369798470495
31,fingerprint_H_bit_39,-0.12040089251945466
31,drug_fingerprint_bit_40,-0.12651509593841775
31,fingerprint_H_bit_38,-0.12694990218236127
31,drug_sp2_carbon_count_sum_fullmolecularfeaturizer,-0.1361305766885259
31,drug_fingerprint_bit_84,-0.1406259008639548
31,poly_sp3_carbon_count_sum_fullpolymerfeaturizer,-0.14454982934360844
31,poly_max_ring_size_sum_backbonefeaturizer,-0.14519243995927322
31,drug_fingerprint_bit_111,-0.15346691968573253
31,drug_fingerprint_bit_38,-0.1633734403400508
31,drug_fingerprint_bit_168,-0.16423800532598223
31,poly_num_aromatic_rings_sum_fullpolymerfeaturizer,-0.16552956128079238
31,drug_fingerprint_bit_1,-0.17746953235628338
31,poly_heteroatom_density_sum_backbonefeaturizer,-0.18933665074540698
31,drug_fingerprint_bit_12,-0.19666879346742266
31,drug_fingerprint_bit_192,-0.1987112598488035
31,drug_fingerprint_bit_132,-0.22110647895208427
31,drug_fingerprint_bit_138,-0.24122783679485796
31,drug_fingerprint_bit_228,-0.24663873480594903
31,drug_fingerprint_bit_113,-0.25969003198998525
31,fingerprint_H_bit_197,-0.26259057323927176
31,drug_charge_at_WATER_PH,-0.27633969741725567
31,poly_molecular_weight_sum_fullpolymerfeaturizer,-0.2794043668642169
31,WATER_PH,-0.2856567234951699
31,poly_heteroatom_count_sum_fullpolymerfeaturizer,-0.2990871903677009
31,drug_fingerprint_bit_115,-0.3277372855000648
31,fingerprint_H_bit_138,-0.34899472864817144
31,fingerprint_H_bit_125,-0.357509064867405
31,drug_fingerprint_bit_107,-0.38144357973048376
31,drug_fingerprint_bit_219,-0.40008091168782417
31,poly_num_rings_sum_fullpolymerfeaturizer,-0.4005831079877971
31,drug_fingerprint_bit_143,-0.40178365497260465
31,drug_fingerprint_bit_186,-0.41396065321669695
31,poly_num_atoms_sum_fullpolymerfeaturizer,-0.4156146993287355
31,poly_sp2_carbon_count_sum_fullpolymerfeaturizer,-0.4314527556820842
31,fingerprint_H_bit_42,-0.47290113994053484
31,poly_num_rings_sum_backbonefeaturizer,-0.47469286350989204
31,fingerprint_H_bit_120,-0.4905082051436366
31,drug_fingerprint_bit_52,-0.5259243751211244
31,charge_at_WATER_PH_H,-0.5318962274654262
31,drug_fingerprint_bit_133,-0.5757482298585546
31,drug_fingerprint_bit_233,-0.6232628829487171
31,fingerprint_H_bit_186,-0.6629326908645304
31,CONCENTRATION,-0.6703299067498801
31,drug_fingerprint_bit_4,-0.6988235733953231
31,drug_fingerprint_bit_243,-0.7064572629191345
31,poly_max_estate_index_sum_fullpolymerfeaturizer,-0.7200403256979403
31,poly_num_aromatic_rings_sum_backbonefeaturizer,-0.7462783559849572
31,drug_fingerprint_bit_128,-0.7600148231603293
31,drug_fingerprint_bit_151,-0.76992102619984
31,drug_fingerprint_bit_175,-0.7934221917921711
31,drug_fingerprint_bit_45,-0.8378456292251774
31,drug_fingerprint_bit_163,-0.8479366406270151
31,drug_fingerprint_bit_72,-0.8603283605047122
31,drug_num_rotatable_bonds_sum_fullmolecularfeaturizer,-0.9006087519516373
31,fingerprint_H_bit_33,-1.0110643002579245
31,drug_fingerprint_bit_214,-1.135357179791857
31,drug_fingerprint_bit_47,-1.5115130044014264
31,logp_H,-1.5808281067328103
31,drug_fingerprint_bit_19,-1.6304872062507612
31,drug_fingerprint_bit_237,-1.7539686432863373
31,drug_fingerprint_bit_33,-1.7675537996059032
31,drug_fingerprint_bit_119,-1.80326661883966
31,fingerprint_H_bit_233,-1.8738535953655457
31,drug_fingerprint_bit_200,-1.8806878338512567
31,poly_balaban_j_index_sum_backbonefeaturizer,-2.5153159495208337
31,drug_fingerprint_bit_224,-2.634631589830305
31,drug_fingerprint_bit_108,-2.731449019119641
31,fingerprint_H_bit_66,-3.1298713247758916
31,drug_fingerprint_bit_88,-3.269315289435576
31,fingerprint_H_bit_191,-7.893356857800421
31,fingerprint_H_bit_75,-9.45527778882513
32,drug_fingerprint_bit_98,7.21517262163889
32,drug_fingerprint_bit_190,5.8666009225753495
32,poly_max_estate_index_sidechainfeaturizer_sum,2.729057540495139
32,fingerprint_H_bit_133,2.653843895271026
32,poly_slogp_vsa1_sum_fullpolymerfeaturizer,2.590627581509761
32,poly_smr_vsa5_sum_backbonefeaturizer,2.338537842978135
32,poly_num_rotatable_bonds_sum_fullpolymerfeaturizer,1.9958481230592184
32,poly_slogp_vsa1_sum_backbonefeaturizer,1.9801058159658496
32,poly_balaban_j_index_sidechainfeaturizer_sum,1.6415936775679907
32,fingerprint_H_bit_33,1.5922455583034478
32,drug_fingerprint_bit_19,1.5436140204663402
32,fingerprint_H_bit_118,1.405702222092239
32,fingerprint_H_bit_197,1.356293740884029
32,fingerprint_H_bit_236,1.344502694902971
32,fingerprint_H_bit_64,1.2297759299742317
32,fingerprint_H_bit_48,1.2295959925214404
32,fingerprint_H_bit_214,1.1739799224245056
32,fingerprint_H_bit_1,1.1523240444451173
32,drug_fingerprint_bit_223,1.0962814102550111
32,poly_num_atoms_sidechainfeaturizer_sum,1.0264693633467519
32,fingerprint_H_bit_41,1.0103152944503901
32,drug_fingerprint_bit_72,0.9813848793756162
32,fingerprint_H_bit_56,0.9742442611600702
32,fingerprint_H_bit_85,0.9642536176985299
32,fingerprint_H_bit_151,0.9404570572284905
32,fingerprint_H_bit_84,0.9182969354446009
32,drug_fingerprint_bit_218,0.9032289272986759
32,fingerprint_H_bit_155,0.8542139968631025
32,fingerprint_H_bit_78,0.8435736610064529
32,poly_sp2_carbon_count_sum_fullpolymerfeaturizer,0.8254252556713023
32,poly_sp3_carbon_count_sum_backbonefeaturizer,0.8229969449736391
32,poly_balaban_j_index_sum_backbonefeaturizer,0.8207641830719047
32,poly_max_ring_size_sum_backbonefeaturizer,0.8047587408456974
32,fingerprint_H_bit_167,0.7672554722261092
32,poly_fp_density_morgan1_sidechainfeaturizer_sum,0.7599521496573319
32,fingerprint_H_bit_175,0.7500774659820595
32,poly_max_ring_size_sum_fullpolymerfeaturizer,0.7105014375235333
32,fingerprint_H_bit_182,0.7000396480094864
32,fingerprint_H_bit_53,0.6931470935621392
32,charge_at_WATER_PH_H,0.6788807326503578
32,fingerprint_H_bit_222,0.635172659053173
32,fingerprint_H_bit_232,0.6307350666770237
32,fingerprint_H_bit_81,0.6227521925098906
32,poly_num_hbond_donors_sum_backbonefeaturizer,0.6140694180154487
32,poly_num_hbond_acceptors_sidechainfeaturizer_sum,0.5943782979743502
32,poly_heteroatom_count_sidechainfeaturizer_sum,0.5937131107099466
32,homo_eV_H,0.5923598547268812
32,poly_smr_vsa5_sidechainfeaturizer_sum,0.5720179337086237
32,fingerprint_H_bit_183,0.5624349862583329
32,drug_fingerprint_bit_213,0.5305800113056055
32,drug_fingerprint_bit_201,0.5301718758892561
32,poly_topological_surface_area_sidechainfeaturizer_sum,0.5234718283935155
32,fingerprint_H_bit_28,0.5228562617121006
32,drug_logd_at_WATER_PH,0.5175049482296301
32,fingerprint_H_bit_58,0.5109007146644025
32,fingerprint_H_bit_213,0.5071873488556523
32,fingerprint_H_bit_251,0.5006873466652609
32,poly_num_hbond_acceptors_sum_backbonefeaturizer,0.48461008113267334
32,poly_heteroatom_density_sidechainfeaturizer_sum,0.4781358238676967
32,poly_num_hbond_donors_sidechainfeaturizer_sum,0.4751145483173911
32,fingerprint_H_bit_217,0.4576510228312299
32,fingerprint_H_bit_119,0.4503215268556749
32,drug_fingerprint_bit_15,0.44863782221798265
32,fingerprint_H_bit_113,0.4441051028535873
32,drug_fingerprint_bit_158,0.4324262316991611
32,poly_num_rings_sum_backbonefeaturizer,0.4317393787177804
32,poly_num_aromatic_rings_sum_backbonefeaturizer,0.43173898450774917
32,poly_single_bonds_sum_fullpolymerfeaturizer,0.42825190810095576
32,fingerprint_H_bit_45,0.4158080275376916
32,lumo_eV_H,0.4054598277464838
32,drug_fingerprint_bit_167,0.3923156684963158
32,fingerprint_H_bit_147,0.37486669932821703
32,drug_fingerprint_bit_159,0.3616776466259169
32,drug_fingerprint_bit_180,0.33972048494874735
32,drug_fingerprint_bit_47,0.332556536609187
32,drug_fingerprint_bit_155,0.31527611980742193
32,drug_num_aromatic_rings_sum_fullmolecularfeaturizer,0.30860713344469176
32,fingerprint_H_bit_70,0.3079311563065153
32,drug_fingerprint_bit_249,0.30704191622520904
32,drug_fingerprint_bit_10,0.3068005412928569
32,drug_fingerprint_bit_115,0.3056764989567844
32,poly_sp2_carbon_count_sum_backbonefeaturizer,0.30518780624918407
32,drug_fingerprint_bit_24,0.3019997376234017
32,drug_fingerprint_bit_252,0.2940032310182757
32,drug_fingerprint_bit_74,0.28526421962254755
32,poly_single_bonds_sum_backbonefeaturizer,0.28521545344858595
32,drug_fingerprint_bit_141,0.28272611420981486
32,drug_fingerprint_bit_39,0.2760007176574559
32,drug_fingerprint_bit_36,0.27214771360297646
32,drug_logp,0.2720309883968017
32,drug_fingerprint_bit_253,0.2720096904167953
32,fingerprint_H_bit_67,0.2664925425854406
32,drug_fingerprint_bit_189,0.2661324672391341
32,logp_H,0.2517444698482816
32,drug_fingerprint_bit_3,0.2511766248546255
32,poly_num_atoms_sum_backbonefeaturizer,0.24461425985945254
32,fingerprint_H_bit_27,0.24081971030070085
32,fingerprint_H_bit_100,0.24002472208466008
32,drug_fingerprint_bit_118,0.23819839514099847
32,poly_num_rings_sidechainfeaturizer_sum,0.23753696226830096
32,poly_num_hbond_donors_sum_fullpolymerfeaturizer,0.2371754054117783
32,drug_fingerprint_bit_139,0.22783312481126158
32,drug_total_halogens_sum_fullmolecularfeaturizer,0.22529471672212026
32,drug_fingerprint_bit_211,0.21679426931516416
32,drug_fingerprint_bit_246,0.21575034576248633
32,drug_molecular_weight_sum_fullmolecularfeaturizer,0.21474773416499598
32,drug_fingerprint_bit_130,0.2116545350387352
32,poly_single_bonds_sidechainfeaturizer_sum,0.21039250770100645
32,drug_fingerprint_bit_81,0.20945019313839047
32,drug_fingerprint_bit_6,0.20847476753746258
32,drug_fingerprint_bit_184,0.20819187453737756
32,drug_fingerprint_bit_0,0.20564774148311
32,poly_sp2_carbon_count_sidechainfeaturizer_sum,0.20199231848139876
32,drug_fingerprint_bit_247,0.19907762820925073
32,drug_fingerprint_bit_137,0.19688192781643152
32,drug_num_hbond_acceptors_sum_fullmolecularfeaturizer,0.1963753434536558
32,drug_fingerprint_bit_18,0.19592325679864708
32,drug_heteroatom_count_sum_fullmolecularfeaturizer,0.1934148774811773
32,fingerprint_H_bit_186,0.1918862648819172
32,logd_at_WATER_PH_H,0.1916880763953007
32,drug_fingerprint_bit_12,0.19096280415340378
32,drug_smr_vsa5_sum_fullmolecularfeaturizer,0.18692827302932719
32,drug_fingerprint_bit_188,0.18014674093463606
32,drug_fingerprint_bit_120,0.17949951623666266
32,drug_fingerprint_bit_105,0.17807130686279043
32,drug_fingerprint_bit_126,0.17610591868060213
32,drug_fingerprint_bit_61,0.1742257042874475
32,poly_heteroatom_count_sum_backbonefeaturizer,0.17271942030793688
32,fingerprint_H_bit_245,0.17176464692858387
32,drug_fingerprint_bit_255,0.16951126659052215
32,fingerprint_H_bit_69,0.166418392677309
32,drug_fingerprint_bit_203,0.16467897915486765
32,drug_fingerprint_bit_28,0.1643187435973463
32,drug_fingerprint_bit_251,0.16399994079737937
32,drug_fingerprint_bit_153,0.16325133614383616
32,drug_fingerprint_bit_250,0.16141132778620879
32,drug_fingerprint_bit_110,0.15520209664660906
32,drug_fingerprint_bit_146,0.15492381913348502
32,poly_molecular_weight_sidechainfeaturizer_sum,0.1540629785276888
32,fingerprint_H_bit_13,0.14961369876880623
32,poly_fp_density_morgan1_sum_backbonefeaturizer,0.1471507074636287
32,drug_fingerprint_bit_69,0.14549990330015233
32,fingerprint_H_bit_37,0.14305662117992032
32,drug_fingerprint_bit_197,0.14061139283841045
32,drug_fingerprint_bit_196,0.1384913198056288
32,poly_double_bonds_sidechainfeaturizer_sum,0.13825001165659223
32,drug_fingerprint_bit_185,0.13527152332390865
32,drug_fingerprint_bit_145,0.13510374642973375
32,drug_fingerprint_bit_160,0.13351771665220744
32,poly_balaban_j_index_sum_fullpolymerfeaturizer,0.12197008491631596
32,drug_num_rings_sum_fullmolecularfeaturizer,0.12152480585509796
32,drug_fingerprint_bit_183,0.11959492392362174
32,poly_num_rings_sum_fullpolymerfeaturizer,0.11809211988602966
32,drug_fingerprint_bit_106,0.1172822076469778
32,poly_max_ring_size_sidechainfeaturizer_sum,0.11476406536877734
32,drug_fingerprint_bit_127,0.11378568663720531
32,drug_fingerprint_bit_99,0.11346665359018335
32,drug_fingerprint_bit_44,0.11084835051655444
32,fingerprint_H_bit_52,0.10949619353075894
32,drug_fingerprint_bit_140,0.1067839812506447
32,fingerprint_H_bit_162,0.10199675053073583
32,drug_fingerprint_bit_150,0.1001197269239675
32,drug_fingerprint_bit_35,0.09841753310800898
32,drug_fingerprint_bit_240,0.09823308845395065
32,drug_fingerprint_bit_205,0.09493467395609911
32,fingerprint_H_bit_121,0.09452842019009719
32,drug_fingerprint_bit_26,0.09401660207480203
32,drug_lumo_eV,0.09378366241873505
32,drug_fluorine_count_sum_fullmolecularfeaturizer,0.09349218866770692
32,drug_fingerprint_bit_181,0.09265818206769907
32,drug_fingerprint_bit_85,0.09219933756225529
32,drug_fingerprint_bit_22,0.09113613068845462
32,poly_num_aromatic_rings_sum_fullpolymerfeaturizer,0.08875155060539239
32,drug_fingerprint_bit_132,0.0841118687772863
32,drug_fingerprint_bit_122,0.08359203781826804
32,poly_num_atoms_sum_fullpolymerfeaturizer,0.08322645895361343
32,drug_fingerprint_bit_179,0.08166892786564141
32,drug_fingerprint_bit_161,0.07966136584246952
32,drug_sp3_carbon_count_sum_fullmolecularfeaturizer,0.07754593522140703
32,drug_fraction_bicyclic_rings_sum_fullmolecularfeaturizer,0.07599995676920915
32,drug_fingerprint_bit_77,0.07530672107700374
32,drug_fingerprint_bit_30,0.07488540328702839
32,drug_fingerprint_bit_236,0.07061359017515437
32,drug_fingerprint_bit_164,0.06970328765829271
32,drug_max_estate_index_sum_fullmolecularfeaturizer,0.06898847044330418
32,drug_heteroatom_density_sum_fullmolecularfeaturizer,0.0655258500153745
32,poly_molecular_weight_sum_fullpolymerfeaturizer,0.06270763221530382
32,drug_fingerprint_bit_208,0.06249598499302301
32,drug_fingerprint_bit_222,0.06246524031065088
32,drug_fingerprint_bit_199,0.06225146723379815
32,fingerprint_H_bit_46,0.06098548596260898
32,poly_fp_density_morgan1_sum_fullpolymerfeaturizer,0.060781748015879676
32,drug_fingerprint_bit_238,0.058703534877683504
32,drug_fingerprint_bit_116,0.05845051226915419
32,drug_fingerprint_bit_29,0.05569836058429739
32,drug_fingerprint_bit_114,0.054950262262430306
32,drug_num_non_aromatic_rings_sum_fullmolecularfeaturizer,0.053438397595286166
32,drug_fingerprint_bit_82,0.051776448924153846
32,drug_fingerprint_bit_46,0.05138048445062975
32,fingerprint_H_bit_89,0.04832130185196859
32,poly_smr_vsa5_sum_fullpolymerfeaturizer,0.04705352049654933
32,drug_fingerprint_bit_125,0.04666233579989722
32,drug_fingerprint_bit_142,0.04494621333166683
32,drug_fingerprint_bit_169,0.04487521365109003
32,drug_fingerprint_bit_13,0.0448601773962719
32,drug_fingerprint_bit_241,0.043334953057284964
32,drug_fingerprint_bit_67,0.042607223281960926
32,drug_fingerprint_bit_97,0.04082590212827609
32,drug_fingerprint_bit_101,0.04053499367110314
32,drug_fingerprint_bit_103,0.0392930654069111
32,fingerprint_H_bit_158,0.039234942645504846
32,fingerprint_H_bit_63,0.03769369739902813
32,drug_fingerprint_bit_75,0.03700388068286277
32,drug_fingerprint_bit_171,0.034505779830385684
32,drug_fingerprint_bit_229,0.031601111161543925
32,drug_fingerprint_bit_149,0.03151982290174071
32,fingerprint_H_bit_57,0.03081299112289588
32,drug_fingerprint_bit_231,0.029803623882734116
32,drug_fingerprint_bit_216,0.029084254691789872
32,fingerprint_H_bit_30,0.02900350287276848
32,drug_fingerprint_bit_173,0.028367772628281968
32,drug_fingerprint_bit_41,0.02828450264341883
32,poly_slogp_vsa1_sidechainfeaturizer_sum,0.02714592817620015
32,fingerprint_H_bit_185,0.026694380835799985
32,fingerprint_H_bit_106,0.026533645588402075
32,drug_fingerprint_bit_63,0.025523160138815854
32,drug_fingerprint_bit_152,0.02543094151179253
32,fingerprint_H_bit_98,0.025267705538026763
32,poly_num_hbond_acceptors_sum_fullpolymerfeaturizer,0.025156426354133114
32,fingerprint_H_bit_112,0.02483000991326193
32,drug_fingerprint_bit_60,0.024352164991991363
32,drug_fingerprint_bit_90,0.024129948680866542
32,drug_fingerprint_bit_93,0.02397327332705747
32,drug_fingerprint_bit_194,0.022866027603878996
32,drug_fingerprint_bit_245,0.02259413262208852
32,drug_fingerprint_bit_84,0.02130392337563528
32,drug_fingerprint_bit_235,0.02099258478941873
32,fingerprint_H_bit_224,0.01996932944972851
32,fingerprint_H_bit_144,0.019083813097943745
32,drug_fingerprint_bit_66,0.017824015380579327
32,fingerprint_H_bit_219,0.017179330269687106
32,drug_fingerprint_bit_23,0.01696241737961162
32,drug_fingerprint_bit_136,0.016768692054427554
32,fingerprint_H_bit_66,0.016642877440825928
32,fingerprint_H_bit_18,0.016570065904488358
32,poly_num_non_aromatic_rings_sum_backbonefeaturizer,0.016086120378825286
32,fingerprint_H_bit_26,0.01427673467531128
32,drug_fingerprint_bit_71,0.01384752443449053
32,drug_fingerprint_bit_172,0.013200911265618438
32,fingerprint_H_bit_34,0.012618990085902452
32,fingerprint_H_bit_65,0.012610405097801036
32,fingerprint_H_bit_116,0.01237686145603196
32,poly_num_non_aromatic_rings_sum_fullpolymerfeaturizer,0.012214578771857776
32,drug_fingerprint_bit_95,0.012086647354674762
32,drug_fingerprint_bit_170,0.011399344709907768
32,fingerprint_H_bit_114,0.011169106382024837
32,drug_fingerprint_bit_206,0.010863329848763066
32,drug_fingerprint_bit_104,0.009908751454492258
32,drug_fingerprint_bit_34,0.009684982158581395
32,drug_max_ring_size_sum_fullmolecularfeaturizer,0.009586465584717414
32,fingerprint_H_bit_205,0.008909065502627081
32,drug_fingerprint_bit_202,0.00850901368981623
32,drug_fingerprint_bit_56,0.007995229144429163
32,drug_chlorine_count_sum_fullmolecularfeaturizer,0.007316097912613633
32,drug_fingerprint_bit_210,0.00715309322442622
32,drug_fingerprint_bit_191,0.006565923012153275
32,poly_num_aliphatic_heterocycles_sum_fullpolymerfeaturizer,0.0065197325024775885
32,drug_fingerprint_bit_100,0.006046955530205701
32,drug_fingerprint_bit_117,0.006039243039568384
32,drug_fingerprint_bit_96,0.00531803109944889
32,fingerprint_H_bit_204,0.0045858407603400365
32,poly_num_aliphatic_heterocycles_sum_backbonefeaturizer,0.004553950657540527
32,drug_fingerprint_bit_109,0.002879427413927677
32,drug_fingerprint_bit_70,0.0024341332332482512
32,fingerprint_H_bit_164,0.0022056682193400284
32,drug_fingerprint_bit_134,0.0018237972869144267
32,drug_fingerprint_bit_14,0.0013978986251884967
32,drug_fingerprint_bit_226,0.00085797787528376
32,fingerprint_H_bit_131,0.0005262112360204241
32,drug_fingerprint_bit_112,0.0
32,drug_fingerprint_bit_123,0.0
32,drug_fingerprint_bit_102,0.0
32,fingerprint_H_bit_153,0.0
32,fingerprint_H_bit_154,0.0
32,fingerprint_H_bit_156,0.0
32,fingerprint_H_bit_122,0.0
32,fingerprint_H_bit_124,0.0
32,fingerprint_H_bit_126,0.0
32,fingerprint_H_bit_127,0.0
32,fingerprint_H_bit_129,0.0
32,fingerprint_H_bit_130,0.0
32,drug_fingerprint_bit_254,0.0
32,fingerprint_H_bit_8,0.0
32,fingerprint_H_bit_24,0.0
32,fingerprint_H_bit_25,0.0
32,fingerprint_H_bit_10,0.0
32,fingerprint_H_bit_11,0.0
32,fingerprint_H_bit_12,0.0
32,fingerprint_H_bit_14,0.0
32,fingerprint_H_bit_15,0.0
32,fingerprint_H_bit_16,0.0
32,fingerprint_H_bit_17,0.0
32,fingerprint_H_bit_91,0.0
32,fingerprint_H_bit_92,0.0
32,fingerprint_H_bit_93,0.0
32,fingerprint_H_bit_94,0.0
32,fingerprint_H_bit_95,0.0
32,fingerprint_H_bit_96,0.0
32,poly_bridging_rings_count_sidechainfeaturizer_sum,0.0
32,fingerprint_H_bit_74,0.0
32,fingerprint_H_bit_75,0.0
32,fingerprint_H_bit_76,0.0
32,fingerprint_H_bit_77,0.0
32,fingerprint_H_bit_79,0.0
32,fingerprint_H_bit_99,0.0
32,fingerprint_H_bit_101,0.0
32,fingerprint_H_bit_102,0.0
32,drug_fingerprint_bit_217,0.0
32,drug_fingerprint_bit_220,0.0
32,drug_fingerprint_bit_221,0.0
32,fingerprint_H_bit_253,0.0
32,fingerprint_H_bit_254,0.0
32,fingerprint_H_bit_255,0.0
32,poly_fraction_bicyclic_rings_sidechainfeaturizer_sum,0.0
32,poly_num_aliphatic_heterocycles_sidechainfeaturizer_sum,0.0
32,poly_total_halogens_sum_fullpolymerfeaturizer,0.0
32,poly_fluorine_count_sum_fullpolymerfeaturizer,0.0
32,poly_chlorine_count_sum_fullpolymerfeaturizer,0.0
32,poly_bromine_count_sum_fullpolymerfeaturizer,0.0
32,poly_iodine_count_sum_fullpolymerfeaturizer,0.0
32,poly_triple_bonds_sum_fullpolymerfeaturizer,0.0
32,fingerprint_H_bit_103,0.0
32,fingerprint_H_bit_104,0.0
32,fingerprint_H_bit_105,0.0
32,poly_bridging_rings_count_sum_fullpolymerfeaturizer,0.0
32,poly_num_non_aromatic_rings_sidechainfeaturizer_sum,0.0
32,fingerprint_H_bit_87,0.0
32,fingerprint_H_bit_88,0.0
32,poly_fraction_bicyclic_rings_sum_backbonefeaturizer,0.0
32,poly_total_halogens_sum_backbonefeaturizer,0.0
32,poly_total_halogens_sidechainfeaturizer_sum,0.0
32,poly_fluorine_count_sidechainfeaturizer_sum,0.0
32,poly_chlorine_count_sidechainfeaturizer_sum,0.0
32,poly_bromine_count_sidechainfeaturizer_sum,0.0
32,poly_iodine_count_sidechainfeaturizer_sum,0.0
32,fingerprint_H_bit_181,0.0
32,fingerprint_H_bit_184,0.0
32,fingerprint_H_bit_203,0.0
32,fingerprint_H_bit_206,0.0
32,fingerprint_H_bit_208,0.0
32,fingerprint_H_bit_209,0.0
32,fingerprint_H_bit_210,0.0
32,fingerprint_H_bit_211,0.0
32,fingerprint_H_bit_215,0.0
32,fingerprint_H_bit_194,0.0
32,fingerprint_H_bit_195,0.0
32,fingerprint_H_bit_196,0.0
32,fingerprint_H_bit_198,0.0
32,fingerprint_H_bit_199,0.0
32,poly_triple_bonds_sidechainfeaturizer_sum,0.0
32,drug_fingerprint_bit_195,0.0
32,drug_fingerprint_bit_198,0.0
32,fingerprint_H_bit_82,0.0
32,fingerprint_H_bit_83,0.0
32,fingerprint_H_bit_86,0.0
32,fingerprint_H_bit_71,0.0
32,fingerprint_H_bit_72,0.0
32,fingerprint_H_bit_73,0.0
32,drug_fingerprint_bit_9,0.0
32,poly_fluorine_count_sum_backbonefeaturizer,0.0
32,poly_chlorine_count_sum_backbonefeaturizer,0.0
32,poly_bromine_count_sum_backbonefeaturizer,0.0
32,poly_iodine_count_sum_backbonefeaturizer,0.0
32,poly_triple_bonds_sum_backbonefeaturizer,0.0
32,poly_bridging_rings_count_sum_backbonefeaturizer,0.0
32,fingerprint_H_bit_59,0.0
32,fingerprint_H_bit_60,0.0
32,fingerprint_H_bit_165,0.0
32,fingerprint_H_bit_107,0.0
32,fingerprint_H_bit_108,0.0
32,fingerprint_H_bit_109,0.0
32,fingerprint_H_bit_110,0.0
32,fingerprint_H_bit_111,0.0
32,poly_fraction_bicyclic_rings_sum_fullpolymerfeaturizer,0.0
32,fingerprint_H_bit_235,0.0
32,fingerprint_H_bit_238,0.0
32,fingerprint_H_bit_239,0.0
32,fingerprint_H_bit_240,0.0
32,fingerprint_H_bit_241,0.0
32,fingerprint_H_bit_242,0.0
32,fingerprint_H_bit_243,0.0
32,fingerprint_H_bit_244,0.0
32,fingerprint_H_bit_97,0.0
32,drug_fingerprint_bit_209,0.0
32,drug_fingerprint_bit_215,0.0
32,fingerprint_H_bit_115,0.0
32,fingerprint_H_bit_176,0.0
32,fingerprint_H_bit_177,0.0
32,fingerprint_H_bit_178,0.0
32,fingerprint_H_bit_179,0.0
32,fingerprint_H_bit_180,0.0
32,fingerprint_H_bit_62,0.0
32,drug_fingerprint_bit_176,0.0
32,drug_fingerprint_bit_157,0.0
32,drug_fingerprint_bit_166,0.0
32,drug_fingerprint_bit_17,0.0
32,fingerprint_H_bit_150,0.0
32,fingerprint_H_bit_152,0.0
32,fingerprint_H_bit_187,0.0
32,fingerprint_H_bit_188,0.0
32,fingerprint_H_bit_189,0.0
32,fingerprint_H_bit_190,0.0
32,fingerprint_H_bit_191,0.0
32,fingerprint_H_bit_192,0.0
32,fingerprint_H_bit_193,0.0
32,fingerprint_H_bit_157,0.0
32,fingerprint_H_bit_160,0.0
32,fingerprint_H_bit_161,0.0
32,fingerprint_H_bit_246,0.0
32,fingerprint_H_bit_247,0.0
32,fingerprint_H_bit_248,0.0
32,fingerprint_H_bit_249,0.0
32,fingerprint_H_bit_250,0.0
32,fingerprint_H_bit_252,0.0
32,fingerprint_H_bit_220,0.0
32,fingerprint_H_bit_221,0.0
32,fingerprint_H_bit_223,0.0
32,fingerprint_H_bit_225,0.0
32,fingerprint_H_bit_228,0.0
32,fingerprint_H_bit_229,0.0
32,fingerprint_H_bit_230,0.0
32,fingerprint_H_bit_163,0.0
32,drug_fingerprint_bit_21,0.0
32,fingerprint_H_bit_51,0.0
32,fingerprint_H_bit_29,0.0
32,fingerprint_H_bit_31,0.0
32,fingerprint_H_bit_35,0.0
32,fingerprint_H_bit_36,0.0
32,fingerprint_H_bit_40,0.0
32,drug_fingerprint_bit_68,0.0
32,drug_fingerprint_bit_51,0.0
32,drug_fingerprint_bit_54,0.0
32,fingerprint_H_bit_43,0.0
32,fingerprint_H_bit_44,0.0
32,fingerprint_H_bit_47,0.0
32,drug_fingerprint_bit_244,0.0
32,fingerprint_H_bit_166,0.0
32,fingerprint_H_bit_168,0.0
32,fingerprint_H_bit_169,0.0
32,fingerprint_H_bit_170,0.0
32,fingerprint_H_bit_171,0.0
32,fingerprint_H_bit_172,0.0
32,fingerprint_H_bit_173,0.0
32,fingerprint_H_bit_140,0.0
32,fingerprint_H_bit_141,0.0
32,fingerprint_H_bit_142,0.0
32,fingerprint_H_bit_146,0.0
32,fingerprint_H_bit_148,0.0
32,fingerprint_H_bit_149,0.0
32,fingerprint_H_bit_49,0.0
32,fingerprint_H_bit_50,0.0
32,drug_fingerprint_bit_87,0.0
32,drug_fingerprint_bit_89,0.0
32,fingerprint_H_bit_55,0.0
32,fingerprint_H_bit_0,0.0
32,fingerprint_H_bit_19,0.0
32,fingerprint_H_bit_5,0.0
32,fingerprint_H_bit_3,0.0
32,fingerprint_H_bit_200,0.0
32,fingerprint_H_bit_201,0.0
32,fingerprint_H_bit_231,0.0
32,fingerprint_H_bit_234,0.0
32,drug_fingerprint_bit_232,0.0
32,drug_fingerprint_bit_234,0.0
32,fingerprint_H_bit_117,0.0
32,fingerprint_H_bit_202,0.0
32,fingerprint_H_bit_6,0.0
32,fingerprint_H_bit_135,0.0
32,fingerprint_H_bit_136,0.0
32,fingerprint_H_bit_137,0.0
32,fingerprint_H_bit_9,0.0
32,drug_bromine_count_sum_fullmolecularfeaturizer,0.0
32,drug_iodine_count_sum_fullmolecularfeaturizer,0.0
32,drug_triple_bonds_sum_fullmolecularfeaturizer,0.0
32,fingerprint_H_bit_20,0.0
32,fingerprint_H_bit_21,0.0
32,fingerprint_H_bit_22,0.0
32,fingerprint_H_bit_23,0.0
32,fingerprint_H_bit_2,0.0
32,fingerprint_H_bit_132,0.0
32,drug_fingerprint_bit_57,-0.00028022732351606905
32,drug_fingerprint_bit_131,-0.0007784302638363898
32,drug_fingerprint_bit_135,-0.002010951170563467
32,drug_fingerprint_bit_174,-0.0021500018792171955
32,drug_fingerprint_bit_248,-0.0023139864760964323
32,drug_fingerprint_bit_129,-0.002540511531977263
32,drug_fingerprint_bit_31,-0.002695260782416014
32,drug_fingerprint_bit_62,-0.0030788527612148025
32,drug_homo_eV,-0.0031370084425562665
32,drug_fingerprint_bit_243,-0.004270597457974802
32,drug_fingerprint_bit_76,-0.0047846642374215365
32,drug_fingerprint_bit_239,-0.008418488572779683
32,drug_fingerprint_bit_204,-0.008779291253903877
32,drug_fingerprint_bit_154,-0.009233208468514878
32,drug_fingerprint_bit_177,-0.0108667643166901
32,drug_fingerprint_bit_16,-0.010955884135558258
32,drug_num_aliphatic_heterocycles_sum_fullmolecularfeaturizer,-0.0110579090221038
32,drug_fingerprint_bit_79,-0.012087674722121093
32,drug_fingerprint_bit_237,-0.013904149510459854
32,drug_fingerprint_bit_2,-0.014516598913610953
32,drug_fingerprint_bit_225,-0.016717510418718474
32,fingerprint_H_bit_226,-0.017967321519031805
32,drug_fingerprint_bit_121,-0.018069489150319435
32,poly_sp3_carbon_count_sidechainfeaturizer_sum,-0.02031589583292311
32,drug_fingerprint_bit_162,-0.02077476006338041
32,drug_fingerprint_bit_92,-0.021255628414784518
32,drug_fingerprint_bit_138,-0.0213135282014933
32,drug_fingerprint_bit_65,-0.02185268625563056
32,drug_fingerprint_bit_20,-0.02240346269697919
32,drug_fingerprint_bit_78,-0.022948414680438217
32,drug_fingerprint_bit_165,-0.023398779820934048
32,drug_fingerprint_bit_59,-0.026097711144602742
32,fingerprint_H_bit_134,-0.02622748664171463
32,drug_fingerprint_bit_5,-0.029646125663960774
32,drug_fingerprint_bit_182,-0.03036495835945317
32,drug_fingerprint_bit_7,-0.03073178202500441
32,drug_fingerprint_bit_124,-0.031111395406761826
32,drug_fingerprint_bit_214,-0.03112787973695858
32,fingerprint_H_bit_54,-0.03168376238723516
32,drug_fingerprint_bit_25,-0.033014387663586255
32,fingerprint_H_bit_128,-0.03369678088499648
32,drug_fingerprint_bit_11,-0.034417055130721484
32,drug_fingerprint_bit_192,-0.037463778569283734
32,drug_fingerprint_bit_48,-0.0409096816639522
32,drug_fingerprint_bit_80,-0.043350129614374754
32,drug_fingerprint_bit_32,-0.04654536532271232
32,drug_fingerprint_bit_175,-0.04752771604019992
32,drug_double_bonds_sum_fullmolecularfeaturizer,-0.048188259091755996
32,drug_fingerprint_bit_8,-0.04866863442425705
32,drug_fingerprint_bit_83,-0.04886187689270779
32,fingerprint_H_bit_32,-0.050437879777298585
32,drug_single_bonds_sum_fullmolecularfeaturizer,-0.05092817275924698
32,drug_fp_density_morgan1_sum_fullmolecularfeaturizer,-0.05515738599883128
32,poly_sp3_carbon_count_sum_fullpolymerfeaturizer,-0.055764479451802074
32,drug_fingerprint_bit_187,-0.05660566004581074
32,drug_fingerprint_bit_91,-0.05753290218557263
32,drug_fingerprint_bit_58,-0.05785329826223516
32,drug_fingerprint_bit_55,-0.05955881265252143
32,drug_fingerprint_bit_148,-0.059759895473530146
32,drug_fingerprint_bit_143,-0.06201326175016674
32,fingerprint_H_bit_7,-0.06231358463144727
32,drug_fingerprint_bit_144,-0.06577424709157718
32,fingerprint_H_bit_123,-0.06837683811861238
32,drug_fingerprint_bit_178,-0.07144360905308786
32,fingerprint_H_bit_61,-0.0758110776092129
32,drug_num_atoms_sum_fullmolecularfeaturizer,-0.08290399924829951
32,drug_fingerprint_bit_53,-0.08516638239114875
32,drug_fingerprint_bit_27,-0.08618233247193817
32,drug_fingerprint_bit_37,-0.08629536113765557
32,drug_fingerprint_bit_40,-0.10018585431376248
32,drug_fingerprint_bit_228,-0.10072302748788511
32,poly_topological_surface_area_sum_fullpolymerfeaturizer,-0.10556076743741163
32,fingerprint_H_bit_39,-0.10760527007672391
32,drug_fingerprint_bit_227,-0.10803293333241974
32,drug_fingerprint_bit_38,-0.10971088765732909
32,drug_charge_at_WATER_PH,-0.11035808370577094
32,drug_fingerprint_bit_94,-0.11099908510361865
32,drug_fingerprint_bit_73,-0.11185334540171694
32,drug_fingerprint_bit_212,-0.11218215902918474
32,poly_num_rotatable_bonds_sum_backbonefeaturizer,-0.1156277585845954
32,drug_fingerprint_bit_147,-0.12365554212235076
32,drug_fingerprint_bit_1,-0.12642704774199046
32,drug_fingerprint_bit_52,-0.1273368281879515
32,drug_fingerprint_bit_156,-0.1282731180246483
32,drug_balaban_j_index_sum_fullmolecularfeaturizer,-0.12904654312532973
32,drug_fingerprint_bit_113,-0.13076969712184333
32,fingerprint_H_bit_207,-0.13548956936299075
32,fingerprint_H_bit_159,-0.1366055755006404
32,drug_fingerprint_bit_50,-0.14678624934926482
32,drug_sp2_carbon_count_sum_fullmolecularfeaturizer,-0.14727067112175732
32,poly_max_estate_index_sum_backbonefeaturizer,-0.14765288385973335
32,fingerprint_H_bit_68,-0.14908063424512363
32,poly_max_estate_index_sum_fullpolymerfeaturizer,-0.14990564931494857
32,drug_fingerprint_bit_224,-0.15686201700326144
32,drug_fingerprint_bit_193,-0.15844738453124324
32,fingerprint_H_bit_80,-0.16064967275780914
32,drug_fingerprint_bit_168,-0.16415275651506206
32,drug_fingerprint_bit_207,-0.16645621854581374
32,drug_bridging_rings_count_sum_fullmolecularfeaturizer,-0.16658708774846
32,drug_fingerprint_bit_108,-0.17594025176567926
32,drug_fingerprint_bit_64,-0.1765606407568375
32,drug_fingerprint_bit_111,-0.178063315765967
32,fingerprint_H_bit_212,-0.19679164619438133
32,fingerprint_H_bit_227,-0.201469425708215
32,poly_num_rotatable_bonds_sidechainfeaturizer_sum,-0.20324022136875275
32,fingerprint_H_bit_143,-0.20531632985003606
32,drug_fingerprint_bit_86,-0.2074223101139541
32,fingerprint_H_bit_42,-0.21465169028012449
32,fingerprint_H_bit_120,-0.2154435507103948
32,drug_topological_surface_area_sum_fullmolecularfeaturizer,-0.2292543935543283
32,drug_fingerprint_bit_42,-0.23948179050466512
32,drug_fingerprint_bit_242,-0.24523757042956187
32,drug_num_hbond_donors_sum_fullmolecularfeaturizer,-0.25067819579304407
32,fingerprint_H_bit_38,-0.2532701380077048
32,fingerprint_H_bit_237,-0.2623644680783245
32,poly_heteroatom_density_sum_backbonefeaturizer,-0.26256264971613275
32,drug_fingerprint_bit_219,-0.26642635114519847
32,poly_topological_surface_area_sum_backbonefeaturizer,-0.2681578109927684
32,fingerprint_H_bit_218,-0.2729142031130464
32,drug_fingerprint_bit_230,-0.3088629619149104
32,drug_fingerprint_bit_43,-0.332549265228495
32,drug_fingerprint_bit_49,-0.33396512893655206
32,drug_fingerprint_bit_233,-0.35326842601321246
32,drug_num_rotatable_bonds_sum_fullmolecularfeaturizer,-0.3553237688607367
32,fingerprint_H_bit_138,-0.3656234655478024
32,poly_num_aromatic_rings_sidechainfeaturizer_sum,-0.38079966792474884
32,drug_fingerprint_bit_45,-0.38082700726921875
32,fingerprint_H_bit_139,-0.38899979529256573
32,drug_slogp_vsa1_sum_fullmolecularfeaturizer,-0.41072902842381254
32,drug_fingerprint_bit_163,-0.4114798533225237
32,drug_fingerprint_bit_133,-0.43741252666167035
32,poly_heteroatom_density_sum_fullpolymerfeaturizer,-0.43885473581870194
32,drug_fingerprint_bit_4,-0.4389567660457924
32,fingerprint_H_bit_145,-0.4708137843645704
32,fingerprint_H_bit_125,-0.489316540277847
32,WATER_PH,-0.4965819280500125
32,drug_fingerprint_bit_107,-0.5070821409891028
32,drug_fingerprint_bit_119,-0.573465624931756
32,drug_fingerprint_bit_186,-0.6126009848961776
32,poly_molecular_weight_sum_backbonefeaturizer,-0.621012616100037
32,poly_heteroatom_count_sum_fullpolymerfeaturizer,-0.6431980482935635
32,drug_fingerprint_bit_128,-0.9551473707179846
32,drug_fingerprint_bit_33,-1.085311947342746
32,poly_double_bonds_sum_backbonefeaturizer,-1.1885449326078004
32,fingerprint_H_bit_216,-1.2133430759073036
32,poly_double_bonds_sum_fullpolymerfeaturizer,-1.2688706272865498
32,fingerprint_H_bit_90,-1.3409996107727535
32,drug_fingerprint_bit_200,-1.386946649291229
32,CONCENTRATION,-1.6064810581622577
32,drug_fingerprint_bit_151,-1.8920661543536457
32,drug_fingerprint_bit_88,-3.0538483611558904
32,fingerprint_H_bit_233,-3.501856655243735
32,fingerprint_H_bit_4,-3.5275493974580594
32,fingerprint_H_bit_174,-4.432126776839211
33,drug_fingerprint_bit_190,8.504424366544665
33,drug_fingerprint_bit_98,3.570282718225775
33,poly_num_rings_sum_backbonefeaturizer,2.4462398497526254
33,fingerprint_H_bit_41,1.703504544265188
33,fingerprint_H_bit_1,1.673366789221592
33,poly_max_estate_index_sidechainfeaturizer_sum,1.509772836569809
33,logd_at_WATER_PH_H,1.4770472214616261
33,poly_slogp_vsa1_sum_fullpolymerfeaturizer,1.2482302975278732
33,drug_fingerprint_bit_223,1.041589456381848
33,drug_fingerprint_bit_52,0.9877052579152802
33,poly_max_ring_size_sum_fullpolymerfeaturizer,0.9329478062370481
33,drug_fingerprint_bit_218,0.9205705607336955
33,poly_molecular_weight_sidechainfeaturizer_sum,0.8496477090707374
33,drug_fingerprint_bit_110,0.8416895752292639
33,poly_slogp_vsa1_sum_backbonefeaturizer,0.8176153908822068
33,poly_heteroatom_density_sidechainfeaturizer_sum,0.7795891693439586
33,poly_sp2_carbon_count_sum_backbonefeaturizer,0.7396468414119745
33,fingerprint_H_bit_64,0.7390649187485462
33,fingerprint_H_bit_245,0.7135952656934813
33,drug_fingerprint_bit_158,0.7113969039065946
33,poly_num_hbond_acceptors_sidechainfeaturizer_sum,0.689289217256853
33,poly_num_atoms_sidechainfeaturizer_sum,0.5754744934087908
33,poly_num_rings_sidechainfeaturizer_sum,0.5730302838537176
33,drug_fingerprint_bit_147,0.5681332550852929
33,drug_num_aromatic_rings_sum_fullmolecularfeaturizer,0.5660184137194862
33,poly_sp2_carbon_count_sidechainfeaturizer_sum,0.5633933898523696
33,poly_num_aromatic_rings_sidechainfeaturizer_sum,0.5566405835532618
33,fingerprint_H_bit_175,0.5405421534055295
33,poly_balaban_j_index_sidechainfeaturizer_sum,0.5231341637524953
33,poly_fp_density_morgan1_sum_fullpolymerfeaturizer,0.5204546660388906
33,fingerprint_H_bit_133,0.5132302290743929
33,poly_num_rings_sum_fullpolymerfeaturizer,0.5059180643901928
33,poly_num_hbond_donors_sum_backbonefeaturizer,0.4991631964160915
33,drug_fingerprint_bit_213,0.49418965814394483
33,fingerprint_H_bit_204,0.48533078657575807
33,fingerprint_H_bit_159,0.47718577377506
33,poly_topological_surface_area_sidechainfeaturizer_sum,0.4646931733664263
33,logp_H,0.45546405890407027
33,poly_fp_density_morgan1_sum_backbonefeaturizer,0.45221541276656785
33,drug_fingerprint_bit_253,0.44956636017400703
33,fingerprint_H_bit_58,0.44702865796751506
33,drug_fingerprint_bit_24,0.4417897316538169
33,fingerprint_H_bit_81,0.4342813563163131
33,fingerprint_H_bit_139,0.4218911458151427
33,drug_fingerprint_bit_188,0.4168105079328586
33,fingerprint_H_bit_222,0.411796438535144
33,fingerprint_H_bit_197,0.4113353092841376
33,fingerprint_H_bit_214,0.4075052948092918
33,drug_bridging_rings_count_sum_fullmolecularfeaturizer,0.40280020121251386
33,drug_logd_at_WATER_PH,0.3737236255381739
33,fingerprint_H_bit_84,0.35752731092681467
33,poly_num_aromatic_rings_sum_fullpolymerfeaturizer,0.3543535132712733
33,fingerprint_H_bit_151,0.3431231039012852
33,fingerprint_H_bit_100,0.32676485278360234
33,drug_fingerprint_bit_61,0.32468982860771584
33,drug_fingerprint_bit_249,0.3200757719038913
33,drug_topological_surface_area_sum_fullmolecularfeaturizer,0.31807864840322797
33,drug_fingerprint_bit_167,0.2991523809771606
33,fingerprint_H_bit_213,0.28939076729850005
33,fingerprint_H_bit_182,0.28573211076246646
33,fingerprint_H_bit_186,0.27788955705814783
33,poly_molecular_weight_sum_backbonefeaturizer,0.2717985158176206
33,poly_heteroatom_density_sum_fullpolymerfeaturizer,0.2661818319586443
33,poly_smr_vsa5_sidechainfeaturizer_sum,0.2661681471890442
33,poly_heteroatom_count_sidechainfeaturizer_sum,0.2615406860836795
33,fingerprint_H_bit_85,0.25172351819294875
33,drug_fingerprint_bit_159,0.24678746101137522
33,drug_fraction_bicyclic_rings_sum_fullmolecularfeaturizer,0.24578337093441466
33,drug_fingerprint_bit_64,0.23810043552004895
33,drug_fingerprint_bit_118,0.23668887773232658
33,fingerprint_H_bit_33,0.23219535799453098
33,drug_fingerprint_bit_180,0.22999624947920508
33,fingerprint_H_bit_183,0.22648687170530463
33,poly_balaban_j_index_sum_fullpolymerfeaturizer,0.22490444316252153
33,lumo_eV_H,0.21801753137180896
33,drug_fingerprint_bit_160,0.2150702374692613
33,drug_fingerprint_bit_211,0.21226960030654873
33,fingerprint_H_bit_118,0.208474402929441
33,poly_heteroatom_density_sum_backbonefeaturizer,0.20385847624892753
33,drug_fingerprint_bit_36,0.20323401271940952
33,drug_fingerprint_bit_0,0.20035641786504368
33,poly_fp_density_morgan1_sidechainfeaturizer_sum,0.19364606305467907
33,drug_fingerprint_bit_216,0.1925900666036033
33,drug_total_halogens_sum_fullmolecularfeaturizer,0.19257340342350077
33,drug_fingerprint_bit_75,0.19179655776460658
33,drug_fingerprint_bit_252,0.1897346392132766
33,poly_num_hbond_donors_sum_fullpolymerfeaturizer,0.1867657658480772
33,drug_fingerprint_bit_202,0.18298992650460846
33,fingerprint_H_bit_167,0.17960074935301776
33,fingerprint_H_bit_251,0.17934936139253455
33,fingerprint_H_bit_70,0.17266210935796944
33,drug_fingerprint_bit_15,0.1697091972953906
33,charge_at_WATER_PH_H,0.16787192088549632
33,fingerprint_H_bit_227,0.16698537907944624
33,fingerprint_H_bit_52,0.16443574811477848
33,fingerprint_H_bit_119,0.16383097014991016
33,drug_fingerprint_bit_164,0.16323443797532253
33,drug_fingerprint_bit_155,0.1557157999579501
33,drug_fingerprint_bit_250,0.15395110275801865
33,drug_fingerprint_bit_189,0.15286514024052075
33,drug_fingerprint_bit_183,0.15253809251508774
33,drug_fluorine_count_sum_fullmolecularfeaturizer,0.15124638988187064
33,drug_fingerprint_bit_81,0.1494720599831445
33,drug_sp3_carbon_count_sum_fullmolecularfeaturizer,0.14796244272980802
33,drug_fingerprint_bit_39,0.14667493999449702
33,drug_fingerprint_bit_71,0.1446802155120781
33,drug_fingerprint_bit_3,0.14031024091686506
33,poly_heteroatom_count_sum_backbonefeaturizer,0.13728365453508257
33,poly_single_bonds_sidechainfeaturizer_sum,0.13691860798697214
33,drug_fingerprint_bit_73,0.13481377853092044
33,drug_fingerprint_bit_203,0.13263941833335577
33,drug_fingerprint_bit_142,0.13167235430709318
33,drug_smr_vsa5_sum_fullmolecularfeaturizer,0.1303997529212581
33,drug_fingerprint_bit_165,0.12882886431289114
33,drug_fingerprint_bit_22,0.12796237664759066
33,fingerprint_H_bit_37,0.1279606492377987
33,fingerprint_H_bit_217,0.12719815947993404
33,fingerprint_H_bit_48,0.1267494105059909
33,drug_fingerprint_bit_207,0.12627256018456753
33,fingerprint_H_bit_54,0.11920217922296586
33,drug_logp,0.11819573272585306
33,drug_fingerprint_bit_99,0.11751726835216858
33,drug_fingerprint_bit_50,0.11341730724283552
33,drug_fingerprint_bit_226,0.11262025507953499
33,fingerprint_H_bit_27,0.11237718353493877
33,drug_fingerprint_bit_199,0.11196457271024955
33,drug_fingerprint_bit_251,0.10908002473411015
33,fingerprint_H_bit_69,0.10641967058065263
33,drug_fingerprint_bit_177,0.10004906543085056
33,drug_fingerprint_bit_109,0.09935491114009819
33,drug_fingerprint_bit_185,0.09499357678751938
33,drug_fingerprint_bit_106,0.09038972844175701
33,drug_fingerprint_bit_197,0.08862440670050095
33,poly_max_ring_size_sum_backbonefeaturizer,0.08849805933277989
33,drug_fingerprint_bit_27,0.08769556653141715
33,drug_num_rings_sum_fullmolecularfeaturizer,0.08703613090801564
33,drug_fingerprint_bit_35,0.08690593953410357
33,drug_fingerprint_bit_63,0.08413280807638299
33,drug_fingerprint_bit_236,0.08143532600411896
33,drug_fingerprint_bit_23,0.08026517146117715
33,drug_fingerprint_bit_7,0.07993872206427674
33,drug_num_atoms_sum_fullmolecularfeaturizer,0.07877696882204112
33,drug_fingerprint_bit_246,0.07785789601951405
33,drug_homo_eV,0.07636239222093137
33,drug_num_hbond_acceptors_sum_fullmolecularfeaturizer,0.07551481455576259
33,poly_sp3_carbon_count_sum_fullpolymerfeaturizer,0.07493013417196101
33,drug_fingerprint_bit_77,0.07398099372832267
33,drug_fingerprint_bit_30,0.07100362079936441
33,drug_fingerprint_bit_136,0.07093109545387309
33,fingerprint_H_bit_155,0.0703088259444156
33,poly_double_bonds_sidechainfeaturizer_sum,0.06963363928090933
33,drug_fingerprint_bit_181,0.06944279578631404
33,drug_fingerprint_bit_34,0.0692754398521256
33,drug_fingerprint_bit_140,0.06750297395823021
33,drug_fingerprint_bit_103,0.06699841064189536
33,fingerprint_H_bit_67,0.06599944567597009
33,drug_fingerprint_bit_145,0.06526135055682128
33,drug_fingerprint_bit_172,0.06526120334557231
33,drug_fingerprint_bit_95,0.06236315066435368
33,drug_fingerprint_bit_240,0.06177589535268546
33,drug_molecular_weight_sum_fullmolecularfeaturizer,0.06090641937061471
33,drug_fingerprint_bit_121,0.06026581158530469
33,drug_fingerprint_bit_83,0.05914018936468807
33,drug_fingerprint_bit_205,0.057411369009020205
33,drug_fingerprint_bit_146,0.05731969945697107
33,drug_fingerprint_bit_247,0.05730432085615515
33,drug_lumo_eV,0.05680474932292713
33,drug_fingerprint_bit_18,0.056734859522281536
33,drug_fingerprint_bit_69,0.056564167166562464
33,drug_fingerprint_bit_153,0.05603255184169441
33,drug_fingerprint_bit_114,0.055324207054398354
33,drug_fingerprint_bit_206,0.05419208042200503
33,drug_fingerprint_bit_44,0.04885506471997118
33,drug_fingerprint_bit_191,0.0483832293671956
33,drug_fingerprint_bit_6,0.047291861533774085
33,drug_fingerprint_bit_48,0.047081589796315104
33,drug_fingerprint_bit_26,0.04664039197957697
33,drug_fingerprint_bit_137,0.046450776970592036
33,drug_fingerprint_bit_201,0.04507896561844628
33,drug_fingerprint_bit_41,0.044319138222241115
33,drug_fingerprint_bit_11,0.043561674057281785
33,drug_num_aliphatic_heterocycles_sum_fullmolecularfeaturizer,0.042752750832560735
33,drug_fingerprint_bit_141,0.0419870593007451
33,drug_fingerprint_bit_1,0.04159976161908167
33,drug_fingerprint_bit_194,0.04085581196458032
33,drug_fingerprint_bit_154,0.040565828383938976
33,fingerprint_H_bit_147,0.040234993887273085
33,drug_fingerprint_bit_129,0.04018017953381937
33,drug_fingerprint_bit_84,0.039505885600092015
33,drug_fingerprint_bit_208,0.039025975810413234
33,fingerprint_H_bit_18,0.03876580504854742
33,drug_fingerprint_bit_14,0.03794643779881809
33,drug_fingerprint_bit_126,0.03763370877445203
33,drug_fingerprint_bit_161,0.03742519620137309
33,drug_fingerprint_bit_227,0.03697680272582155
33,drug_fingerprint_bit_67,0.03637635177425102
33,drug_fingerprint_bit_13,0.03226851877677397
33,drug_fingerprint_bit_231,0.030779328641865243
33,drug_fingerprint_bit_125,0.03037020478607202
33,drug_heteroatom_count_sum_fullmolecularfeaturizer,0.0302510071016926
33,drug_fingerprint_bit_132,0.029173962134378346
33,fingerprint_H_bit_56,0.02861159748994167
33,drug_fingerprint_bit_248,0.028035031786112847
33,drug_fingerprint_bit_117,0.02775713484308421
33,fingerprint_H_bit_232,0.027444890194731064
33,drug_chlorine_count_sum_fullmolecularfeaturizer,0.025899241040776216
33,drug_fingerprint_bit_97,0.02568819474353947
33,fingerprint_H_bit_57,0.025318253047627075
33,drug_fingerprint_bit_12,0.024558063882122984
33,fingerprint_H_bit_236,0.02377148967567042
33,drug_fingerprint_bit_150,0.023335582006697213
33,drug_fingerprint_bit_255,0.022672564996622426
33,poly_num_rotatable_bonds_sidechainfeaturizer_sum,0.022635911886681355
33,drug_fingerprint_bit_122,0.021671424376249363
33,fingerprint_H_bit_164,0.020145839541022583
33,drug_fingerprint_bit_245,0.020085629659448927
33,drug_fingerprint_bit_235,0.019242689051896928
33,drug_fingerprint_bit_2,0.01898051577802121
33,drug_fingerprint_bit_105,0.018075817415529556
33,fingerprint_H_bit_216,0.01777088260142466
33,drug_fingerprint_bit_179,0.016555348851241564
33,drug_fingerprint_bit_196,0.016506948322414925
33,drug_fingerprint_bit_42,0.01636969364995879
33,drug_fingerprint_bit_74,0.016320574558314115
33,drug_fingerprint_bit_130,0.016035087274140807
33,drug_fingerprint_bit_31,0.015706432475881903
33,drug_fingerprint_bit_60,0.015690694560495773
33,fingerprint_H_bit_212,0.014996026758099289
33,fingerprint_H_bit_66,0.014971502566575005
33,drug_fingerprint_bit_127,0.014707933016323057
33,fingerprint_H_bit_224,0.014061320889856963
33,fingerprint_H_bit_28,0.013446980958552327
33,drug_fingerprint_bit_162,0.013376426495004201
33,drug_fingerprint_bit_116,0.013372606250683853
33,poly_slogp_vsa1_sidechainfeaturizer_sum,0.01308811264272523
33,fingerprint_H_bit_174,0.012183007792146263
33,drug_fingerprint_bit_222,0.01175213147079183
33,drug_fingerprint_bit_144,0.011112464813408576
33,poly_num_hbond_acceptors_sum_fullpolymerfeaturizer,0.011073781766811673
33,drug_fingerprint_bit_115,0.011063794504455497
33,drug_fingerprint_bit_101,0.010793328584640913
33,drug_num_non_aromatic_rings_sum_fullmolecularfeaturizer,0.010635663324956662
33,fingerprint_H_bit_106,0.010227964605199568
33,fingerprint_H_bit_34,0.009661257064506209
33,drug_fingerprint_bit_16,0.009240821070539714
33,drug_max_ring_size_sum_fullmolecularfeaturizer,0.008581715036504931
33,drug_fingerprint_bit_100,0.008524348776096669
33,poly_num_non_aromatic_rings_sum_backbonefeaturizer,0.008010310859165207
33,drug_fingerprint_bit_78,0.007607091995664906
33,drug_fingerprint_bit_104,0.0076031952238108545
33,fingerprint_H_bit_131,0.007278605873412382
33,drug_fingerprint_bit_70,0.006509141469082436
33,drug_fingerprint_bit_92,0.0062802457286508994
33,drug_fp_density_morgan1_sum_fullmolecularfeaturizer,0.006255913074554842
33,drug_heteroatom_density_sum_fullmolecularfeaturizer,0.006115053167966638
33,fingerprint_H_bit_116,0.005908803965723978
33,fingerprint_H_bit_46,0.005355267969199022
33,drug_fingerprint_bit_171,0.005192453162389007
33,drug_fingerprint_bit_239,0.005145372259032123
33,fingerprint_H_bit_78,0.005142874417550363
33,poly_num_aliphatic_heterocycles_sum_backbonefeaturizer,0.004147730769806548
33,drug_fingerprint_bit_10,0.0040345086445754946
33,fingerprint_H_bit_205,0.00397130988420727
33,fingerprint_H_bit_185,0.003941633334723939
33,drug_fingerprint_bit_93,0.003751206565773089
33,fingerprint_H_bit_233,0.0028979178484478127
33,drug_sp2_carbon_count_sum_fullmolecularfeaturizer,0.0028891223699439067
33,drug_fingerprint_bit_152,0.002771132182016464
33,drug_fingerprint_bit_62,0.002710005351332091
33,drug_fingerprint_bit_134,0.0024710797291093317
33,drug_fingerprint_bit_184,0.002437331170696024
33,drug_fingerprint_bit_173,0.002226799348120639
33,fingerprint_H_bit_98,0.002146198458776854
33,fingerprint_H_bit_112,0.002051623671798307
33,drug_fingerprint_bit_170,0.0016447419089275137
33,poly_num_aliphatic_heterocycles_sum_fullpolymerfeaturizer,0.0015146836161924189
33,drug_fingerprint_bit_46,0.0014971396795334412
33,fingerprint_H_bit_144,0.0012027185653992046
33,fingerprint_H_bit_158,0.0010077964255266352
33,drug_fingerprint_bit_28,0.0009286710227630394
33,poly_num_non_aromatic_rings_sum_fullpolymerfeaturizer,0.0006446299555671198
33,drug_fingerprint_bit_120,0.0004866160026987387
33,drug_fingerprint_bit_56,0.00043293897407572265
33,fingerprint_H_bit_114,0.0003566073925720452
33,fingerprint_H_bit_65,0.00018034726360194225
33,fingerprint_H_bit_26,1.8657172290916452e-05
33,fingerprint_H_bit_3,0.0
33,fingerprint_H_bit_2,0.0
33,fingerprint_H_bit_95,0.0
33,drug_fingerprint_bit_123,0.0
33,fingerprint_H_bit_124,0.0
33,fingerprint_H_bit_96,0.0
33,fingerprint_H_bit_94,0.0
33,fingerprint_H_bit_97,0.0
33,fingerprint_H_bit_234,0.0
33,fingerprint_H_bit_8,0.0
33,fingerprint_H_bit_248,0.0
33,fingerprint_H_bit_235,0.0
33,fingerprint_H_bit_238,0.0
33,fingerprint_H_bit_240,0.0
33,fingerprint_H_bit_12,0.0
33,drug_fingerprint_bit_254,0.0
33,fingerprint_H_bit_24,0.0
33,fingerprint_H_bit_4,0.0
33,fingerprint_H_bit_15,0.0
33,fingerprint_H_bit_230,0.0
33,fingerprint_H_bit_229,0.0
33,fingerprint_H_bit_228,0.0
33,fingerprint_H_bit_225,0.0
33,fingerprint_H_bit_255,0.0
33,drug_fingerprint_bit_234,0.0
33,drug_fingerprint_bit_232,0.0
33,poly_fraction_bicyclic_rings_sum_fullpolymerfeaturizer,0.0
33,fingerprint_H_bit_203,0.0
33,fingerprint_H_bit_55,0.0
33,fingerprint_H_bit_59,0.0
33,fingerprint_H_bit_60,0.0
33,drug_fingerprint_bit_217,0.0
33,drug_fingerprint_bit_220,0.0
33,poly_total_halogens_sum_fullpolymerfeaturizer,0.0
33,fingerprint_H_bit_231,0.0
33,fingerprint_H_bit_25,0.0
33,drug_fingerprint_bit_221,0.0
33,fingerprint_H_bit_31,0.0
33,fingerprint_H_bit_29,0.0
33,fingerprint_H_bit_36,0.0
33,fingerprint_H_bit_40,0.0
33,poly_num_non_aromatic_rings_sidechainfeaturizer_sum,0.0
33,fingerprint_H_bit_35,0.0
33,poly_fraction_bicyclic_rings_sidechainfeaturizer_sum,0.0
33,poly_num_aliphatic_heterocycles_sidechainfeaturizer_sum,0.0
33,fingerprint_H_bit_193,0.0
33,fingerprint_H_bit_192,0.0
33,fingerprint_H_bit_194,0.0
33,fingerprint_H_bit_47,0.0
33,fingerprint_H_bit_49,0.0
33,poly_fluorine_count_sum_fullpolymerfeaturizer,0.0
33,fingerprint_H_bit_50,0.0
33,fingerprint_H_bit_51,0.0
33,poly_fluorine_count_sidechainfeaturizer_sum,0.0
33,poly_total_halogens_sidechainfeaturizer_sum,0.0
33,poly_bromine_count_sidechainfeaturizer_sum,0.0
33,poly_iodine_count_sidechainfeaturizer_sum,0.0
33,poly_triple_bonds_sidechainfeaturizer_sum,0.0
33,poly_chlorine_count_sidechainfeaturizer_sum,0.0
33,fingerprint_H_bit_208,0.0
33,fingerprint_H_bit_209,0.0
33,poly_chlorine_count_sum_fullpolymerfeaturizer,0.0
33,poly_bromine_count_sum_fullpolymerfeaturizer,0.0
33,poly_iodine_count_sum_fullpolymerfeaturizer,0.0
33,poly_triple_bonds_sum_fullpolymerfeaturizer,0.0
33,poly_bridging_rings_count_sum_fullpolymerfeaturizer,0.0
33,fingerprint_H_bit_23,0.0
33,fingerprint_H_bit_243,0.0
33,fingerprint_H_bit_244,0.0
33,fingerprint_H_bit_247,0.0
33,fingerprint_H_bit_246,0.0
33,fingerprint_H_bit_196,0.0
33,fingerprint_H_bit_198,0.0
33,fingerprint_H_bit_199,0.0
33,fingerprint_H_bit_195,0.0
33,fingerprint_H_bit_200,0.0
33,fingerprint_H_bit_201,0.0
33,fingerprint_H_bit_202,0.0
33,fingerprint_H_bit_239,0.0
33,fingerprint_H_bit_21,0.0
33,fingerprint_H_bit_22,0.0
33,fingerprint_H_bit_6,0.0
33,fingerprint_H_bit_14,0.0
33,fingerprint_H_bit_163,0.0
33,fingerprint_H_bit_161,0.0
33,fingerprint_H_bit_160,0.0
33,poly_bridging_rings_count_sum_backbonefeaturizer,0.0
33,poly_triple_bonds_sum_backbonefeaturizer,0.0
33,poly_iodine_count_sum_backbonefeaturizer,0.0
33,drug_fingerprint_bit_215,0.0
33,drug_fingerprint_bit_209,0.0
33,fingerprint_H_bit_77,0.0
33,fingerprint_H_bit_76,0.0
33,fingerprint_H_bit_184,0.0
33,fingerprint_H_bit_181,0.0
33,fingerprint_H_bit_180,0.0
33,fingerprint_H_bit_179,0.0
33,fingerprint_H_bit_178,0.0
33,fingerprint_H_bit_177,0.0
33,fingerprint_H_bit_176,0.0
33,poly_bromine_count_sum_backbonefeaturizer,0.0
33,poly_chlorine_count_sum_backbonefeaturizer,0.0
33,poly_fluorine_count_sum_backbonefeaturizer,0.0
33,poly_total_halogens_sum_backbonefeaturizer,0.0
33,fingerprint_H_bit_206,0.0
33,poly_fraction_bicyclic_rings_sum_backbonefeaturizer,0.0
33,poly_bridging_rings_count_sidechainfeaturizer_sum,0.0
33,drug_fingerprint_bit_9,0.0
33,fingerprint_H_bit_173,0.0
33,fingerprint_H_bit_172,0.0
33,fingerprint_H_bit_171,0.0
33,fingerprint_H_bit_170,0.0
33,fingerprint_H_bit_188,0.0
33,fingerprint_H_bit_74,0.0
33,drug_fingerprint_bit_198,0.0
33,fingerprint_H_bit_150,0.0
33,fingerprint_H_bit_149,0.0
33,fingerprint_H_bit_148,0.0
33,fingerprint_H_bit_146,0.0
33,drug_fingerprint_bit_21,0.0
33,fingerprint_H_bit_189,0.0
33,fingerprint_H_bit_190,0.0
33,fingerprint_H_bit_152,0.0
33,fingerprint_H_bit_157,0.0
33,fingerprint_H_bit_156,0.0
33,drug_fingerprint_bit_51,0.0
33,fingerprint_H_bit_165,0.0
33,fingerprint_H_bit_153,0.0
33,fingerprint_H_bit_154,0.0
33,fingerprint_H_bit_166,0.0
33,fingerprint_H_bit_88,0.0
33,fingerprint_H_bit_93,0.0
33,fingerprint_H_bit_92,0.0
33,fingerprint_H_bit_91,0.0
33,fingerprint_H_bit_90,0.0
33,drug_fingerprint_bit_54,0.0
33,fingerprint_H_bit_129,0.0
33,drug_fingerprint_bit_17,0.0
33,fingerprint_H_bit_187,0.0
33,drug_fingerprint_bit_176,0.0
33,fingerprint_H_bit_168,0.0
33,fingerprint_H_bit_169,0.0
33,drug_fingerprint_bit_195,0.0
33,fingerprint_H_bit_71,0.0
33,fingerprint_H_bit_72,0.0
33,fingerprint_H_bit_73,0.0
33,fingerprint_H_bit_62,0.0
33,fingerprint_H_bit_135,0.0
33,fingerprint_H_bit_87,0.0
33,fingerprint_H_bit_86,0.0
33,fingerprint_H_bit_83,0.0
33,fingerprint_H_bit_82,0.0
33,fingerprint_H_bit_79,0.0
33,drug_fingerprint_bit_166,0.0
33,drug_fingerprint_bit_157,0.0
33,fingerprint_H_bit_130,0.0
33,fingerprint_H_bit_132,0.0
33,fingerprint_H_bit_142,0.0
33,drug_fingerprint_bit_102,0.0
33,fingerprint_H_bit_141,0.0
33,fingerprint_H_bit_126,0.0
33,fingerprint_H_bit_127,0.0
33,fingerprint_H_bit_136,0.0
33,fingerprint_H_bit_104,0.0
33,fingerprint_H_bit_103,0.0
33,fingerprint_H_bit_102,0.0
33,fingerprint_H_bit_101,0.0
33,fingerprint_H_bit_109,0.0
33,fingerprint_H_bit_105,0.0
33,fingerprint_H_bit_108,0.0
33,fingerprint_H_bit_107,0.0
33,fingerprint_H_bit_241,0.0
33,drug_fingerprint_bit_112,0.0
33,fingerprint_H_bit_99,0.0
33,fingerprint_H_bit_242,0.0
33,fingerprint_H_bit_9,0.0
33,fingerprint_H_bit_140,0.0
33,drug_fingerprint_bit_68,0.0
33,fingerprint_H_bit_137,0.0
33,drug_iodine_count_sum_fullmolecularfeaturizer,0.0
33,drug_bromine_count_sum_fullmolecularfeaturizer,0.0
33,drug_fingerprint_bit_244,0.0
33,drug_triple_bonds_sum_fullmolecularfeaturizer,0.0
33,fingerprint_H_bit_252,0.0
33,fingerprint_H_bit_0,0.0
33,fingerprint_H_bit_249,0.0
33,fingerprint_H_bit_250,0.0
33,fingerprint_H_bit_110,0.0
33,fingerprint_H_bit_254,0.0
33,fingerprint_H_bit_253,0.0
33,fingerprint_H_bit_111,0.0
33,fingerprint_H_bit_115,0.0
33,fingerprint_H_bit_117,0.0
33,fingerprint_H_bit_122,0.0
33,drug_fingerprint_bit_87,0.0
33,drug_fingerprint_bit_89,0.0
33,fingerprint_H_bit_16,0.0
33,fingerprint_H_bit_17,0.0
33,fingerprint_H_bit_19,0.0
33,fingerprint_H_bit_20,0.0
33,fingerprint_H_bit_210,0.0
33,fingerprint_H_bit_211,0.0
33,fingerprint_H_bit_215,0.0
33,fingerprint_H_bit_220,0.0
33,fingerprint_H_bit_221,0.0
33,fingerprint_H_bit_223,0.0
33,fingerprint_H_bit_43,0.0
33,fingerprint_H_bit_44,0.0
33,fingerprint_H_bit_10,0.0
33,fingerprint_H_bit_11,0.0
33,fingerprint_H_bit_5,0.0
33,drug_fingerprint_bit_57,-0.0006926268860038791
33,drug_fingerprint_bit_229,-0.0007626858700654473
33,fingerprint_H_bit_80,-0.0008631058296810172
33,fingerprint_H_bit_219,-0.001034863723612198
33,drug_fingerprint_bit_149,-0.002155699660255876
33,drug_fingerprint_bit_79,-0.002205337095774501
33,fingerprint_H_bit_145,-0.0023374207917826817
33,drug_fingerprint_bit_204,-0.002492789315931359
33,drug_fingerprint_bit_225,-0.002515737308033222
33,drug_fingerprint_bit_90,-0.0026942101095322225
33,drug_fingerprint_bit_135,-0.0035417111425721263
33,drug_fingerprint_bit_25,-0.005176083395011766
33,drug_fingerprint_bit_182,-0.005237309789086102
33,drug_fingerprint_bit_192,-0.005992243115167217
33,drug_fingerprint_bit_20,-0.0069818441720243
33,drug_num_hbond_donors_sum_fullmolecularfeaturizer,-0.006997146229254244
33,homo_eV_H,-0.00715017125027434
33,drug_fingerprint_bit_5,-0.009065290840236233
33,drug_fingerprint_bit_85,-0.009456455720981107
33,drug_fingerprint_bit_65,-0.009546541792623656
33,drug_fingerprint_bit_43,-0.01032602937051141
33,drug_fingerprint_bit_139,-0.010715778350988405
33,fingerprint_H_bit_30,-0.012054130537377429
33,poly_smr_vsa5_sum_fullpolymerfeaturizer,-0.01343594229375503
33,drug_max_estate_index_sum_fullmolecularfeaturizer,-0.01625548665966666
33,drug_fingerprint_bit_96,-0.01676461398196174
33,drug_fingerprint_bit_124,-0.017748028788597443
33,drug_fingerprint_bit_76,-0.01914948680044597
33,drug_charge_at_WATER_PH,-0.0207429595944281
33,drug_fingerprint_bit_169,-0.02084400306337789
33,drug_fingerprint_bit_86,-0.021370707793297937
33,drug_fingerprint_bit_243,-0.022137543457833645
33,drug_fingerprint_bit_238,-0.022433421388932014
33,drug_fingerprint_bit_210,-0.022525186530730684
33,drug_fingerprint_bit_241,-0.02347649412823328
33,drug_fingerprint_bit_32,-0.02534600430135123
33,drug_double_bonds_sum_fullmolecularfeaturizer,-0.028101322238431196
33,drug_fingerprint_bit_38,-0.029797236412495105
33,drug_fingerprint_bit_138,-0.030685093000733108
33,drug_fingerprint_bit_53,-0.03091932543562857
33,drug_fingerprint_bit_174,-0.03128464711852572
33,fingerprint_H_bit_13,-0.031419502768281295
33,drug_fingerprint_bit_82,-0.0346182695688819
33,drug_fingerprint_bit_80,-0.036081188021751344
33,fingerprint_H_bit_134,-0.04069012412148293
33,drug_fingerprint_bit_29,-0.04759127795740511
33,drug_fingerprint_bit_91,-0.048976744086538085
33,poly_num_hbond_acceptors_sum_backbonefeaturizer,-0.051483735064177104
33,poly_topological_surface_area_sum_fullpolymerfeaturizer,-0.05239391829982996
33,drug_single_bonds_sum_fullmolecularfeaturizer,-0.05506295313682928
33,drug_fingerprint_bit_187,-0.05703857894327382
33,drug_fingerprint_bit_72,-0.05954759318584996
33,fingerprint_H_bit_226,-0.060300422856602975
33,drug_fingerprint_bit_59,-0.06314407080386016
33,drug_fingerprint_bit_66,-0.06385725665498743
33,fingerprint_H_bit_128,-0.06665129036062233
33,poly_num_atoms_sum_backbonefeaturizer,-0.06890829823488112
33,drug_fingerprint_bit_55,-0.06936050130825182
33,drug_fingerprint_bit_37,-0.07299140000074811
33,drug_fingerprint_bit_8,-0.07542234448751818
33,drug_fingerprint_bit_148,-0.07586568182870894
33,fingerprint_H_bit_68,-0.08011108497240962
33,fingerprint_H_bit_121,-0.08439126274397722
33,drug_fingerprint_bit_94,-0.08662068110931018
33,fingerprint_H_bit_143,-0.08873306222696144
33,poly_sp3_carbon_count_sidechainfeaturizer_sum,-0.08954257517373107
33,poly_num_aromatic_rings_sum_backbonefeaturizer,-0.09314934305825216
33,drug_fingerprint_bit_143,-0.09769014020295418
33,drug_fingerprint_bit_131,-0.098764412944538
33,poly_num_hbond_donors_sidechainfeaturizer_sum,-0.10500762568437684
33,poly_molecular_weight_sum_fullpolymerfeaturizer,-0.10592978661376014
33,fingerprint_H_bit_237,-0.10621377519233079
33,drug_fingerprint_bit_178,-0.10637093406535525
33,drug_fingerprint_bit_113,-0.10854979916169132
33,drug_balaban_j_index_sum_fullmolecularfeaturizer,-0.1132095247318964
33,drug_fingerprint_bit_214,-0.11339056396910949
33,drug_num_rotatable_bonds_sum_fullmolecularfeaturizer,-0.11426967870641093
33,fingerprint_H_bit_113,-0.1321742569328832
33,drug_fingerprint_bit_168,-0.13245832260436083
33,drug_fingerprint_bit_156,-0.14406800240963705
33,fingerprint_H_bit_42,-0.14854348147608326
33,fingerprint_H_bit_53,-0.1596459267651093
33,fingerprint_H_bit_32,-0.16387902839677668
33,fingerprint_H_bit_123,-0.16547729671056652
33,drug_fingerprint_bit_212,-0.17391403039890468
33,drug_fingerprint_bit_230,-0.177561158095594
33,fingerprint_H_bit_7,-0.17878012396772716
33,drug_fingerprint_bit_58,-0.1824565379864477
33,drug_fingerprint_bit_45,-0.1862330355335636
33,poly_num_atoms_sum_fullpolymerfeaturizer,-0.18719489476472503
33,fingerprint_H_bit_61,-0.1927398573936098
33,fingerprint_H_bit_63,-0.19468456505023496
33,fingerprint_H_bit_38,-0.19847152789860992
33,drug_fingerprint_bit_40,-0.2034303703615891
33,drug_fingerprint_bit_175,-0.2127863764654335
33,fingerprint_H_bit_39,-0.21456395507987688
33,drug_fingerprint_bit_49,-0.22021810987998952
33,fingerprint_H_bit_207,-0.2214118047996824
33,drug_fingerprint_bit_228,-0.2264217899422601
33,drug_fingerprint_bit_186,-0.2305679900369336
33,drug_slogp_vsa1_sum_fullmolecularfeaturizer,-0.2332639506668712
33,drug_fingerprint_bit_219,-0.24050051047724355
33,poly_heteroatom_count_sum_fullpolymerfeaturizer,-0.242293378491714
33,fingerprint_H_bit_218,-0.24255378176307343
33,poly_max_estate_index_sum_fullpolymerfeaturizer,-0.25744994679978367
33,drug_fingerprint_bit_119,-0.27615425870686217
33,drug_fingerprint_bit_107,-0.2764733886638305
33,drug_fingerprint_bit_233,-0.2804934959950906
33,drug_fingerprint_bit_163,-0.28471964082292894
33,poly_single_bonds_sum_fullpolymerfeaturizer,-0.30490027935995684
33,drug_fingerprint_bit_47,-0.3095415115320915
33,poly_double_bonds_sum_backbonefeaturizer,-0.3146783546278034
33,fingerprint_H_bit_45,-0.33012185204415895
33,drug_fingerprint_bit_193,-0.3411624228457443
33,drug_fingerprint_bit_133,-0.3735285365611435
33,poly_max_ring_size_sidechainfeaturizer_sum,-0.3982484197539459
33,drug_fingerprint_bit_111,-0.41467343835036735
33,fingerprint_H_bit_125,-0.4165845846559596
33,drug_fingerprint_bit_237,-0.43242732891516056
33,poly_sp2_carbon_count_sum_fullpolymerfeaturizer,-0.45079018158438827
33,WATER_PH,-0.47751750696993855
33,poly_num_rotatable_bonds_sum_backbonefeaturizer,-0.500689238245157
33,drug_fingerprint_bit_200,-0.5034477970105009
33,poly_double_bonds_sum_fullpolymerfeaturizer,-0.5085298824745662
33,drug_fingerprint_bit_19,-0.5465407875326063
33,poly_balaban_j_index_sum_backbonefeaturizer,-0.5715459886146361
33,drug_fingerprint_bit_242,-0.5764695825376129
33,poly_max_estate_index_sum_backbonefeaturizer,-0.614587886762361
33,fingerprint_H_bit_120,-0.637916804967518
33,poly_num_rotatable_bonds_sum_fullpolymerfeaturizer,-0.6977049747609462
33,drug_fingerprint_bit_128,-0.78352985846336
33,poly_sp3_carbon_count_sum_backbonefeaturizer,-0.8293622616516967
33,drug_fingerprint_bit_108,-0.8897482858257202
33,fingerprint_H_bit_138,-0.9551002538866377
33,drug_fingerprint_bit_224,-1.0122813868983773
33,drug_fingerprint_bit_88,-1.0130843080589123
33,drug_fingerprint_bit_4,-1.017011534234471
33,drug_fingerprint_bit_151,-1.0265776923671688
33,fingerprint_H_bit_89,-1.120762791509238
33,poly_topological_surface_area_sum_backbonefeaturizer,-1.135025322492979
33,drug_fingerprint_bit_33,-1.3470010640078331
33,poly_smr_vsa5_sum_backbonefeaturizer,-1.3527497072192194
33,poly_single_bonds_sum_backbonefeaturizer,-1.566430144804373
33,fingerprint_H_bit_162,-1.883737564264227
33,fingerprint_H_bit_191,-3.2405778215104633
33,CONCENTRATION,-3.5201422984871296
33,fingerprint_H_bit_75,-6.539627670083811
