PSMILES,SA_score,diversity,num_hbond_donors_sum_fullmolecularfeaturizer,num_hbond_acceptors_sum_fullmolecularfeaturizer,num_rotatable_bonds_sum_fullmolecularfeaturizer,num_rings_sum_fullmolecularfeaturizer,num_non_aromatic_rings_sum_fullmolecularfeaturizer,num_aromatic_rings_sum_fullmolecularfeaturizer,num_atoms_sum_fullmolecularfeaturizer,topological_surface_area_sum_fullmolecularfeaturizer,fraction_bicyclic_rings_sum_fullmolecularfeaturizer,num_aliphatic_heterocycles_sum_fullmolecularfeaturizer,slogp_vsa1_sum_fullmolecularfeaturizer,balaban_j_index_sum_fullmolecularfeaturizer,molecular_weight_sum_fullmolecularfeaturizer,sp3_carbon_count_sum_fullmolecularfeaturizer,sp2_carbon_count_sum_fullmolecularfeaturizer,max_estate_index_sum_fullmolecularfeaturizer,smr_vsa5_sum_fullmolecularfeaturizer,fp_density_morgan1_sum_fullmolecularfeaturizer,total_halogens_sum_fullmolecularfeaturizer,fluorine_count_sum_fullmolecularfeaturizer,chlorine_count_sum_fullmolecularfeaturizer,bromine_count_sum_fullmolecularfeaturizer,iodine_count_sum_fullmolecularfeaturizer,single_bonds_sum_fullmolecularfeaturizer,double_bonds_sum_fullmolecularfeaturizer,triple_bonds_sum_fullmolecularfeaturizer,bridging_rings_count_sum_fullmolecularfeaturizer,max_ring_size_sum_fullmolecularfeaturizer,heteroatom_count_sum_fullmolecularfeaturizer,heteroatom_density_sum_fullmolecularfeaturizer,num_hbond_donors_sum_fullpolymerfeaturizer,num_hbond_acceptors_sum_fullpolymerfeaturizer,num_rotatable_bonds_sum_fullpolymerfeaturizer,num_rings_sum_fullpolymerfeaturizer,num_non_aromatic_rings_sum_fullpolymerfeaturizer,num_aromatic_rings_sum_fullpolymerfeaturizer,num_atoms_sum_fullpolymerfeaturizer,topological_surface_area_sum_fullpolymerfeaturizer,fraction_bicyclic_rings_sum_fullpolymerfeaturizer,num_aliphatic_heterocycles_sum_fullpolymerfeaturizer,slogp_vsa1_sum_fullpolymerfeaturizer,balaban_j_index_sum_fullpolymerfeaturizer,molecular_weight_sum_fullpolymerfeaturizer,sp3_carbon_count_sum_fullpolymerfeaturizer,sp2_carbon_count_sum_fullpolymerfeaturizer,max_estate_index_sum_fullpolymerfeaturizer,smr_vsa5_sum_fullpolymerfeaturizer,fp_density_morgan1_sum_fullpolymerfeaturizer,total_halogens_sum_fullpolymerfeaturizer,fluorine_count_sum_fullpolymerfeaturizer,chlorine_count_sum_fullpolymerfeaturizer,bromine_count_sum_fullpolymerfeaturizer,iodine_count_sum_fullpolymerfeaturizer,single_bonds_sum_fullpolymerfeaturizer,double_bonds_sum_fullpolymerfeaturizer,triple_bonds_sum_fullpolymerfeaturizer,bridging_rings_count_sum_fullpolymerfeaturizer,max_ring_size_sum_fullpolymerfeaturizer,heteroatom_count_sum_fullpolymerfeaturizer,heteroatom_density_sum_fullpolymerfeaturizer
*/CCC[Fe]CCCC(=O)OCCCCOCCCNCC(*)=O,,,,,,,,,,,,,,,,,,,,,,,,,,,,,,,,,1.0,5.0,18.0,0.0,0.0,0.0,24.0,64.63,0.0,0.0,5.316788604006331,3.1496981287080668,355.14459590800004,16.0,5.0,11.545432629116238,56.087150767951,1.0454545454545454,0.0,0.0,0.0,0.0,0.0,21.0,2.0,0.0,0.0,0.0,8.0,0.3333333333333333
C[C@@]1(C(=O)C=C(O1)C(=O)[O-])c2ccccc2,3.4582263714425157,0.8644404170064952,0.0,4.0,2.0,2.0,1.0,1.0,16.0,66.43,0.0,1.0,5.106527394840706,2.377813803871396,217.05063234791,2.0,14.0,11.718846371882087,12.524788010674312,1.3125,0.0,0.0,0.0,0.0,0.0,8.0,3.0,0.0,0.0,6.0,4.0,0.25,,,,,,,,,,,,,,,,,,,,,,,,,,,,,,
*CCCC1CCCC(*)c2ccc2Ncc1,,,,,,,,,,,,,,,,,,,,,,,,,,,,,,,,,1.0,1.0,3.0,2.0,2.0,0.0,17.0,12.03,0.5,1.0,5.316788604006331,1.9288348916977525,201.151749608,8.0,7.0,3.493521589191232,45.448666937246685,1.4666666666666666,0.0,0.0,0.0,0.0,0.0,15.0,3.0,0.0,1.0,10.0,3.0,0.17647058823529413
c1ccc(cc1)C(c2ccccc2)[S@](=O)CC(=O)NO,2.75965368412456,0.8646074877218685,2.0,3.0,5.0,2.0,0.0,2.0,20.0,66.4,0.0,0.0,5.480096598121202,2.3506948952001725,289.07726434,4.0,16.0,12.452600151171579,5.249938029982174,1.0,0.0,0.0,0.0,0.0,0.0,7.0,2.0,0.0,0.0,6.0,5.0,0.25,,,,,,,,,,,,,,,,,,,,,,,,,,,,,,
*CCC/*,,,,,,,,,,,,,,,,,,,,,,,,,,,,,,,,,0.0,0.0,2.0,0.0,0.0,0.0,5.0,0.0,0.0,0.0,0.0,2.19060968716425,42.046950192,3.0,0.0,1.65625,20.268296022307258,1.6666666666666667,0.0,0.0,0.0,0.0,0.0,4.0,0.0,0.0,0.0,0.0,2.0,0.4
CCC[S@](=O)c1ccc2c(c1)[nH]/c(=N\C(=O)OC)/[nH]2,3.812618487593367,0.8851498794310065,2.0,3.0,3.0,2.0,0.0,2.0,19.0,87.31,0.5,1.0,5.618183454609236,2.4128024698604245,281.08341234000005,5.0,14.0,11.908725837187237,18.24004229813441,1.368421052631579,0.0,0.0,0.0,0.0,0.0,7.0,3.0,0.0,1.0,6.0,7.0,0.3684210526315789,,,,,,,,,,,,,,,,,,,,,,,,,,,,,,
*C(=O)CNC(*)C(=O)OCCCCCNC,,,,,,,,,,,,,,,,,,,,,,,,,,,,,,,,,2.0,5.0,10.0,0.0,0.0,0.0,17.0,67.43,0.0,0.0,10.633577208012662,3.4684905510563984,214.131742436,10.0,5.0,11.518964710884354,25.807221274690605,1.4666666666666666,0.0,0.0,0.0,0.0,0.0,14.0,2.0,0.0,0.0,0.0,7.0,0.4117647058823529
CCC[S@](=O)c1ccc2c(c1)[nH]/c(=N/C(=O)OC)/[nH]2,3.812618487593367,0.8851498794310065,2.0,3.0,3.0,2.0,0.0,2.0,19.0,87.31,0.5,1.0,5.618183454609236,2.4128024698604245,281.08341234000005,5.0,14.0,11.908725837187237,18.24004229813441,1.368421052631579,0.0,0.0,0.0,0.0,0.0,7.0,3.0,0.0,1.0,6.0,7.0,0.3684210526315789,,,,,,,,,,,,,,,,,,,,,,,,,,,,,,
*CC(C)(C)CCCCCCC(C)C(=O)N*,,,,,,,,,,,,,,,,,,,,,,,,,,,,,,,,,1.0,1.0,9.0,0.0,0.0,0.0,17.0,29.1,0.0,0.0,5.733667477162185,3.442355690957018,211.19361442,12.0,3.0,11.360340213488211,66.21987853631856,1.4,0.0,0.0,0.0,0.0,0.0,15.0,1.0,0.0,0.0,0.0,4.0,0.23529411764705882
CC(C)C[C@@H]1C(=O)N(C(=S)N1)CC=C,3.205145402973243,0.9229540227101359,1.0,2.0,4.0,1.0,1.0,0.0,14.0,32.34,0.0,1.0,5.316788604006331,2.636438425340596,212.098334132,6.0,8.0,11.76949074074074,26.31013685145522,1.7142857142857142,0.0,0.0,0.0,0.0,0.0,11.0,3.0,0.0,0.0,5.0,4.0,0.2857142857142857,,,,,,,,,,,,,,,,,,,,,,,,,,,,,,
*Oc1ccc(CCCNC(=O)NCCCC(=O)C(C)C(*)=O)cc1,,,,,,,,,,,,,,,,,,,,,,,,,,,,,,,,,2.0,4.0,11.0,1.0,0.0,1.0,25.0,84.5,0.0,0.0,15.740104602853368,2.0837988449597633,318.157957184,8.0,15.0,11.701535092056703,32.60702369139466,1.173913043478261,0.0,0.0,0.0,0.0,0.0,16.0,3.0,0.0,0.0,6.0,8.0,0.32
CCC(=O)O[C@]1(CC[NH+](C[C@@H]1CC=C)C)c2ccccc2,4.600303999559022,0.8639870886172191,1.0,2.0,5.0,2.0,1.0,1.0,21.0,30.740000000000002,0.0,1.0,4.899909730850478,2.421156675524895,288.19580549208996,10.0,11.0,12.035035430839002,31.78725287945234,1.4761904761904763,0.0,0.0,0.0,0.0,0.0,14.0,2.0,0.0,0.0,6.0,3.0,0.14285714285714285,,,,,,,,,,,,,,,,,,,,,,,,,,,,,,
*CCCCC*,,,,,,,,,,,,,,,,,,,,,,,,,,,,,,,,,0.0,0.0,4.0,0.0,0.0,0.0,7.0,0.0,0.0,0.0,0.0,2.447472887876344,70.07825032,5.0,0.0,1.6388888888888888,33.10993926815928,1.0,0.0,0.0,0.0,0.0,0.0,6.0,0.0,0.0,0.0,0.0,2.0,0.2857142857142857
C[C@@H](c1ccc(cc1)NCC(=C)C)C(=O)[O-],3.1383474317775297,0.867070518326392,1.0,3.0,5.0,1.0,0.0,1.0,16.0,52.16,0.0,0.0,10.423315998847038,2.67386682451243,218.11865233191,4.0,12.0,10.66134484467953,19.76538044554264,1.4375,0.0,0.0,0.0,0.0,0.0,8.0,2.0,0.0,0.0,6.0,3.0,0.1875,,,,,,,,,,,,,,,,,,,,,,,,,,,,,,
*CC(*)C(C)(C)CCC,,,,,,,,,,,,,,,,,,,,,,,,,,,,,,,,,0.0,0.0,4.0,0.0,0.0,0.0,10.0,0.0,0.0,0.0,0.0,3.8231802758378657,112.12520051199999,8.0,0.0,2.48212962962963,46.95741366754052,1.75,0.0,0.0,0.0,0.0,0.0,9.0,0.0,0.0,0.0,0.0,2.0,0.2
C[C@H](Cc1ccccc1)[NH2+][C@@H](C#N)c2ccccc2,3.500292918590903,0.8829104209100076,1.0,1.0,5.0,2.0,0.0,2.0,19.0,40.4,0.0,0.0,5.316788604006331,1.9777433209729276,251.15427502808998,5.0,12.0,9.313185311161503,25.428240480912557,1.0,0.0,0.0,0.0,0.0,0.0,7.0,0.0,1.0,0.0,6.0,2.0,0.10526315789473684,,,,,,,,,,,,,,,,,,,,,,,,,,,,,,
*CC(*)(C)CC=O,,,,,,,,,,,,,,,,,,,,,,,,,,,,,,,,,0.0,1.0,3.0,0.0,0.0,0.0,8.0,17.07,0.0,0.0,0.0,3.5256248299571906,84.057514876,4.0,2.0,10.047152777777779,26.18620206846865,2.3333333333333335,0.0,0.0,0.0,0.0,0.0,6.0,1.0,0.0,0.0,0.0,3.0,0.375
C[C@@H](CC(c1ccccc1)(c2ccccc2)C(=O)N)[NH+](C)C,3.3892488745121687,0.8520199423124121,2.0,1.0,6.0,2.0,0.0,2.0,22.0,47.53,0.0,0.0,10.633577208012664,2.628783313688539,297.19613984009004,7.0,15.0,12.593394746787602,24.801390121161376,1.0,0.0,0.0,0.0,0.0,0.0,10.0,1.0,0.0,0.0,6.0,3.0,0.13636363636363635,,,,,,,,,,,,,,,,,,,,,,,,,,,,,,
*Oc1ccc(*)cc1O,,,,,,,,,,,,,,,,,,,,,,,,,,,,,,,,,1.0,2.0,1.0,1.0,0.0,1.0,10.0,29.46,0.0,0.0,11.172894463302317,3.0699827149988397,108.021129368,0.0,8.0,9.246342592592592,0.0,1.75,0.0,0.0,0.0,0.0,0.0,4.0,0.0,0.0,0.0,6.0,4.0,0.4
Cc1c(c(=O)n(n1C)c2ccccc2)NC(=O)[C@H](C)[NH+](C)C,3.435772451574172,0.8701078497009268,2.0,4.0,4.0,2.0,0.0,2.0,22.0,60.47,0.0,1.0,15.775965229908817,2.43644083335036,303.18155239609,7.0,15.0,12.659591836734695,19.88931522852921,1.2272727272727273,0.0,0.0,0.0,0.0,0.0,10.0,2.0,0.0,0.0,6.0,6.0,0.2727272727272727,,,,,,,,,,,,,,,,,,,,,,,,,,,,,,
*CC(*)COCCCCC(C)=O,,,,,,,,,,,,,,,,,,,,,,,,,,,,,,,,,0.0,2.0,8.0,0.0,0.0,0.0,13.0,26.3,0.0,0.0,0.0,3.035493331772603,156.115029752,9.0,2.0,10.608439473802479,39.53076089108528,1.7272727272727273,0.0,0.0,0.0,0.0,0.0,11.0,1.0,0.0,0.0,0.0,4.0,0.3076923076923077
c1ccc(cc1)[C@@H](C(=O)[O-])O,2.8240557149088943,0.8464411843563225,1.0,3.0,2.0,1.0,0.0,1.0,11.0,60.36,0.0,0.0,5.106527394840706,2.8511778901644047,151.04006766391,2.0,9.0,10.138614890400603,6.103966387748303,1.3636363636363635,0.0,0.0,0.0,0.0,0.0,4.0,1.0,0.0,0.0,6.0,3.0,0.2727272727272727,,,,,,,,,,,,,,,,,,,,,,,,,,,,,,
*O*,,,,,,,,,,,,,,,,,,,,,,,,,,,,,,,,,0.0,1.0,0.0,0.0,0.0,0.0,3.0,9.23,0.0,0.0,0.0,1.6329931618554523,15.99491462,1.0,0.0,4.75,0.0,4.0,0.0,0.0,0.0,0.0,0.0,2.0,0.0,0.0,0.0,0.0,3.0,1.0
CC[C@](C)(C[NH+](C)C)OC(=O)c1ccccc1,3.573413131020785,0.8465873931604979,1.0,2.0,5.0,1.0,0.0,1.0,17.0,30.740000000000002,0.0,0.0,4.899909730850478,2.7198859109315947,236.16450536409,8.0,9.0,11.969197373393802,25.869346833290944,1.2941176470588236,0.0,0.0,0.0,0.0,0.0,10.0,1.0,0.0,0.0,6.0,3.0,0.17647058823529413,,,,,,,,,,,,,,,,,,,,,,,,,,,,,,
*C(=O)O*,,,,,,,,,,,,,,,,,,,,,,,,,,,,,,,,,0.0,2.0,0.0,0.0,0.0,0.0,5.0,26.3,0.0,0.0,0.0,2.8473789230876716,43.98982924,0.0,3.0,9.76388888888889,0.0,3.0,0.0,0.0,0.0,0.0,0.0,3.0,1.0,0.0,0.0,0.0,4.0,0.8
COc1cc(c(c2c1OCO2)OC)CC=C,2.556031552271408,0.9070800507648166,0.0,4.0,4.0,2.0,1.0,1.0,16.0,36.92,0.5,1.0,18.947451815200196,2.575034626719236,222.089208928,4.0,12.0,5.388444822373394,6.4208216229260096,1.3125,0.0,0.0,0.0,0.0,0.0,10.0,1.0,0.0,1.0,6.0,4.0,0.25,,,,,,,,,,,,,,,,,,,,,,,,,,,,,,
*Cc1ccc(C(=O)OCCCCCOC(=O)OCCCCCCC(=O)C(*)=O)cc1,,,,,,,,,,,,,,,,,,,,,,,,,,,,,,,,,0.0,7.0,16.0,1.0,0.0,1.0,31.0,95.97,0.0,0.0,0.0,1.930484532162762,404.183503236,12.0,17.0,11.94413155721221,58.29031018309871,0.7586206896551724,0.0,0.0,0.0,0.0,0.0,21.0,4.0,0.0,0.0,6.0,9.0,0.2903225806451613
Cc1ccccc1NC(=O)[C@H](C)[NH+]2CCCC2,3.809179268144531,0.8546870254762375,2.0,1.0,3.0,2.0,1.0,1.0,17.0,33.54,0.0,1.0,10.216698334856808,1.986640575007798,233.16483971209,8.0,9.0,12.119726001511715,32.730958474381225,1.2941176470588236,0.0,0.0,0.0,0.0,0.0,11.0,1.0,0.0,0.0,6.0,3.0,0.17647058823529413,,,,,,,,,,,,,,,,,,,,,,,,,,,,,,
*CCN(CF)c1ccc(*)cc1,,,,,,,,,,,,,,,,,,,,,,,,,,,,,,,,,0.0,1.0,4.0,1.0,0.0,1.0,13.0,3.24,0.0,0.0,10.966276799312087,2.729874915494075,151.07972754,4.0,7.0,12.600154478458052,6.923737199690624,1.4545454545454546,1.0,1.0,0.0,0.0,0.0,7.0,0.0,0.0,0.0,6.0,4.0,0.3076923076923077
COc1cccc2c1cc(c3c2c4c(cc3C(=O)[O-])OCO4)[N+](=O)[O-],2.961695192220599,0.8815056364875462,0.0,7.0,3.0,4.0,1.0,3.0,25.0,110.96000000000001,0.75,1.0,19.31711625624085,2.33535825227751,340.04627523990996,2.0,23.0,11.612564720332578,0.0,1.2,0.0,0.0,0.0,0.0,0.0,10.0,2.0,0.0,3.0,6.0,8.0,0.32,,,,,,,,,,,,,,,,,,,,,,,,,,,,,,
*CN(*)c1ccc1,,,,,,,,,,,,,,,,,,,,,,,,,,,,,,,,,0.0,1.0,2.0,1.0,1.0,0.0,8.0,3.24,0.0,0.0,0.0,2.35837459457946,79.04219916,1.0,5.0,2.5694444444444446,0.0,2.1666666666666665,0.0,0.0,0.0,0.0,0.0,6.0,2.0,0.0,0.0,4.0,3.0,0.375
CC(=O)Oc1ccccc1C(=O)[O-],2.369947002756078,0.8435137447593098,0.0,4.0,2.0,1.0,0.0,1.0,13.0,66.43,0.0,0.0,9.843390348640755,3.0435273546341013,179.03498228391,1.0,12.0,10.5524111866969,6.923737199690624,1.3076923076923077,0.0,0.0,0.0,0.0,0.0,5.0,2.0,0.0,0.0,6.0,4.0,0.3076923076923077,,,,,,,,,,,,,,,,,,,,,,,,,,,,,,
*Oc1c(C)c(C)c(S(=O)/c2ccc(*)cc2OC)cc1,,,,,,,,,,,,,,,,,,,,,,,,,,,,,,,,,0.0,3.0,4.0,2.0,0.0,2.0,21.0,35.53,0.0,0.0,15.909757417102366,2.529174997843545,274.066365308,4.0,15.0,12.936331254724111,23.638441350416798,1.105263157894737,0.0,0.0,0.0,0.0,0.0,9.0,1.0,0.0,0.0,6.0,6.0,0.2857142857142857
C[NH+]1[C@@H]2CC[C@H]1CC(C2)OC(=O)[C@H](CO)c3ccccc3,5.379587089036747,0.844852381502002,2.0,3.0,4.0,3.0,2.0,1.0,21.0,50.97,0.3333333333333333,2.0,4.899909730850478,1.632677623313254,290.17507004809,12.0,9.0,12.36919359410431,49.78884058390966,1.2857142857142858,0.0,0.0,0.0,0.0,0.0,16.0,1.0,0.0,1.0,6.0,4.0,0.19047619047619047,,,,,,,,,,,,,,,,,,,,,,,,,,,,,,
*OC(=O)CCCCCOC(=O)O*,,,,,,,,,,,,,,,,,,,,,,,,,,,,,,,,,0.0,5.0,6.0,0.0,0.0,0.0,14.0,61.83,0.0,0.0,0.0,3.1381552197716123,174.05282342,5.0,7.0,10.742223907328976,25.683286491704038,1.1666666666666667,0.0,0.0,0.0,0.0,0.0,11.0,2.0,0.0,0.0,0.0,7.0,0.5
C[N+]1([C@@H]2CC[C@H]1CC(C2)OC(=O)[C@H](CO)c3ccccc3)[O-],4.806618786089102,0.8496712149979672,1.0,4.0,4.0,3.0,2.0,1.0,22.0,69.59,0.3333333333333333,2.0,0.0,1.650048832778602,305.162708216,13.0,9.0,12.44720061407381,49.78884058390966,1.3181818181818181,0.0,0.0,0.0,0.0,0.0,17.0,1.0,0.0,1.0,6.0,5.0,0.22727272727272727,,,,,,,,,,,,,,,,,,,,,,,,,,,,,,
*C(=O)/C(*)=O,,,,,,,,,,,,,,,,,,,,,,,,,,,,,,,,,0.0,2.0,1.0,0.0,0.0,0.0,6.0,34.14,0.0,0.0,0.0,3.5677034550432034,55.989829240000006,0.0,4.0,9.967592592592592,0.0,1.5,0.0,0.0,0.0,0.0,0.0,3.0,2.0,0.0,0.0,0.0,4.0,0.6666666666666666
c1cc(ccc1[C@@H](CC(=O)[O-])C[NH3+])Cl,3.8259415513483397,0.8719645523362384,1.0,2.0,4.0,1.0,0.0,1.0,14.0,67.77,0.0,0.0,10.84019487200289,2.7829771877466487,213.055656304,5.0,9.0,10.443913594244282,12.338727669087403,1.4285714285714286,1.0,0.0,1.0,0.0,0.0,7.0,1.0,0.0,0.0,6.0,4.0,0.2857142857142857,,,,,,,,,,,,,,,,,,,,,,,,,,,,,,
*CCCOC(=O)Nc1ccc(C(*)=O)cc1OC,,,,,,,,,,,,,,,,,,,,,,,,,,,,,,,,,1.0,4.0,6.0,1.0,0.0,1.0,19.0,64.63,0.0,0.0,10.05365155780638,2.720252864196301,235.084457896,4.0,13.0,11.551157407407407,13.344558822616634,1.5294117647058822,0.0,0.0,0.0,0.0,0.0,11.0,2.0,0.0,0.0,6.0,7.0,0.3684210526315789
c1cc(ccc1C(=O)[O-])N[C@@H]2[C@@H]([C@H]([C@@H](CO2)O)O)O,3.932762440652496,0.8912987187190103,4.0,7.0,3.0,2.0,1.0,1.0,19.0,122.08000000000001,0.0,1.0,10.423315998847038,2.0250296944126527,268.08266074791004,9.0,10.0,10.576328729558348,24.539800333979777,1.2105263157894737,0.0,0.0,0.0,0.0,0.0,13.0,1.0,0.0,0.0,6.0,7.0,0.3684210526315789,,,,,,,,,,,,,,,,,,,,,,,,,,,,,,
*NC(=O)OCc1ccc(O*)c(C)ccc1,,,,,,,,,,,,,,,,,,,,,,,,,,,,,,,,,1.0,3.0,3.0,1.0,1.0,0.0,17.0,47.56,0.0,0.0,5.733667477162185,2.715005060252312,205.073893212,2.0,13.0,11.016676797262114,6.923737199690624,1.6,0.0,0.0,0.0,0.0,0.0,12.0,5.0,0.0,0.0,8.0,6.0,0.35294117647058826
C[C@@H](c1ccccc1)NNC(=O)c2ccccc2,2.1095927572663022,0.8484672075143282,2.0,2.0,4.0,2.0,0.0,2.0,18.0,41.129999999999995,0.0,0.0,10.85158279422077,1.907184204743615,240.126263132,3.0,15.0,11.806828546233309,12.965578028838586,0.9444444444444444,0.0,0.0,0.0,0.0,0.0,6.0,1.0,0.0,0.0,6.0,3.0,0.16666666666666666,,,,,,,,,,,,,,,,,,,,,,,,,,,,,,
*CCC(*)(C)CC,,,,,,,,,,,,,,,,,,,,,,,,,,,,,,,,,0.0,0.0,3.0,0.0,0.0,0.0,8.0,0.0,0.0,0.0,0.0,3.373381552563661,84.093900384,6.0,0.0,2.4809722222222224,39.53076089108528,2.0,0.0,0.0,0.0,0.0,0.0,7.0,0.0,0.0,0.0,0.0,2.0,0.25
C[C@@H](c1ccc2c(c1)nc(o2)c3ccc(cc3)Cl)C(=O)[O-],2.8829380863971608,0.8749911579032966,0.0,4.0,3.0,3.0,0.0,3.0,21.0,66.16,0.3333333333333333,1.0,5.106527394840706,2.0377604789298283,300.04329447191,3.0,18.0,10.926949660772262,12.841643245852017,1.2380952380952381,1.0,0.0,1.0,0.0,0.0,6.0,1.0,0.0,1.0,6.0,5.0,0.23809523809523808,,,,,,,,,,,,,,,,,,,,,,,,,,,,,,
*c1ccc(/C=C/c2c(*)cc2)cc1,,,,,,,,,,,,,,,,,,,,,,,,,,,,,,,,,0.0,0.0,2.0,2.0,1.0,1.0,14.0,0.0,0.0,0.0,6.06636706846161,2.1109397489275756,152.062600256,0.0,12.0,2.263168461829176,0.0,1.0,0.0,0.0,0.0,0.0,0.0,6.0,3.0,0.0,0.0,6.0,2.0,0.14285714285714285
CCc1c(c2ccccc2o1)C(=O)c3ccc(cc3)O,2.044948993772003,0.8647147083641616,1.0,3.0,3.0,3.0,0.0,3.0,20.0,50.44,0.3333333333333333,1.0,0.0,2.173924697713828,266.09429430800003,2.0,18.0,12.67078231292517,13.344558822616634,1.1,0.0,0.0,0.0,0.0,0.0,5.0,1.0,0.0,1.0,6.0,3.0,0.15,,,,,,,,,,,,,,,,,,,,,,,,,,,,,,
*C(=O)CC(C)(C)CCO*,,,,,,,,,,,,,,,,,,,,,,,,,,,,,,,,,0.0,2.0,5.0,0.0,0.0,0.0,11.0,26.3,0.0,0.0,0.0,3.6952549816499474,128.083729624,7.0,2.0,10.908442460317461,26.689117645233267,1.8888888888888888,0.0,0.0,0.0,0.0,0.0,9.0,1.0,0.0,0.0,0.0,4.0,0.36363636363636365
c1ccc(cc1)C(=O)O[C@@H]2C[NH+]3CCC2CC3,4.637255082371755,0.8644389519953181,1.0,2.0,2.0,4.0,3.0,1.0,17.0,30.740000000000002,0.75,3.0,4.899909730850478,1.6572441159130684,232.13320523609,8.0,9.0,11.957730536659108,18.94560963360032,1.1764705882352942,0.0,0.0,0.0,0.0,0.0,12.0,1.0,0.0,2.0,6.0,3.0,0.17647058823529413,,,,,,,,,,,,,,,,,,,,,,,,,,,,,,
*CCCCCCCCCCCCCCCCNC(=O)CCCCCCCCCCCCC(=O)NCCCCCCCCCCN1C(=C/C(*)=O)c1,,,,,,,,,,,,,,,,,,,,,,,,,,,,,,,,,2.0,4.0,41.0,1.0,1.0,0.0,52.0,78.28,0.0,1.0,10.633577208012662,1.6910483479720435,699.627793452,39.0,11.0,12.12612935069582,225.23167237917505,0.48,0.0,0.0,0.0,0.0,0.0,48.0,4.0,0.0,0.0,3.0,8.0,0.15384615384615385
c1ccc(cc1)[C@@H](C(=O)c2ccccc2)O,1.975409740247624,0.8547893254787954,1.0,2.0,3.0,2.0,0.0,2.0,16.0,37.3,0.0,0.0,0.0,2.2393989303204456,212.083729624,2.0,14.0,11.895096371882087,6.103966387748303,0.875,0.0,0.0,0.0,0.0,0.0,4.0,1.0,0.0,0.0,6.0,2.0,0.125,,,,,,,,,,,,,,,,,,,,,,,,,,,,,,
*CCCCNC(=O)CC*,,,,,,,,,,,,,,,,,,,,,,,,,,,,,,,,,1.0,1.0,6.0,0.0,0.0,0.0,11.0,29.1,0.0,0.0,5.316788604006331,3.040425665876032,127.099714036,6.0,3.0,10.950717120181405,33.10993926815928,1.4444444444444444,0.0,0.0,0.0,0.0,0.0,9.0,1.0,0.0,0.0,0.0,4.0,0.36363636363636365
c1ccc(cc1)COC(=O)[C@H](c2ccccc2)O,2.0384634673254745,0.8460271485207869,1.0,3.0,4.0,2.0,0.0,2.0,18.0,46.53,0.0,0.0,0.0,1.9259496439299544,242.094294308,3.0,15.0,11.644571523053667,12.71084835226122,1.0,0.0,0.0,0.0,0.0,0.0,6.0,1.0,0.0,0.0,6.0,3.0,0.16666666666666666,,,,,,,,,,,,,,,,,,,,,,,,,,,,,,
*NC(=O)c1ccc(C(=O)OCCCCCCCCCCCc2ccc(*)cc2)cc1,,,,,,,,,,,,,,,,,,,,,,,,,,,,,,,,,1.0,3.0,14.0,2.0,0.0,2.0,31.0,55.400000000000006,0.0,0.0,11.800034545623795,1.4156089516028745,393.230393852,11.0,18.0,12.053508761636902,64.20821622926012,0.7586206896551724,0.0,0.0,0.0,0.0,0.0,18.0,2.0,0.0,0.0,6.0,6.0,0.1935483870967742
C[C@@H](C[N+](C)(C)C)OC(=O)N,3.5139546892678704,0.9152039639128488,1.0,2.0,3.0,0.0,0.0,0.0,11.0,52.32,0.0,0.0,5.733667477162185,3.6942591252386228,161.12845420409,7.0,4.0,10.288622448979591,13.027703587438927,1.5454545454545454,0.0,0.0,0.0,0.0,0.0,9.0,1.0,0.0,0.0,0.0,4.0,0.36363636363636365,,,,,,,,,,,,,,,,,,,,,,,,,,,,,,
*C(=C)c1ccc(S(=O)(=O)Oc2ccc(*)c(F)c2)cc1,,,,,,,,,,,,,,,,,,,,,,,,,,,,,,,,,0.0,3.0,4.0,2.0,0.0,2.0,21.0,43.370000000000005,0.0,0.0,10.249452501111318,2.287765329786338,276.02564336800003,2.0,17.0,13.48352073611814,4.895483475517775,1.263157894736842,1.0,1.0,0.0,0.0,0.0,7.0,3.0,0.0,0.0,6.0,7.0,0.3333333333333333
C[N+](C)(C)CCO[C@H](Cc1ccccc1)c2ccccc2,2.58920515288999,0.8801068082311033,0.0,1.0,7.0,2.0,0.0,2.0,21.0,9.23,0.0,0.0,0.0,2.040753706567096,284.20089087209,9.0,12.0,6.192510393046108,12.524788010674312,0.8571428571428571,0.0,0.0,0.0,0.0,0.0,10.0,0.0,0.0,0.0,6.0,2.0,0.09523809523809523,,,,,,,,,,,,,,,,,,,,,,,,,,,,,,
*CC(O)CCC(=O)NCCCCCCCCCCCCCCCCCC(=O)N*,,,,,,,,,,,,,,,,,,,,,,,,,,,,,,,,,3.0,3.0,22.0,0.0,0.0,0.0,30.0,78.43,0.0,0.0,11.050456081168516,3.1434658154856416,396.335193268,22.0,6.0,11.64338577871907,128.60249280010714,0.7142857142857143,0.0,0.0,0.0,0.0,0.0,27.0,2.0,0.0,0.0,0.0,7.0,0.23333333333333334
CC1=C(C(=O)C[C@@H]1OC(=O)[C@H]2[C@H](C2(C)C)C=C(C)C)CC=C,4.167391302739001,0.9127453789776906,0.0,3.0,5.0,2.0,2.0,0.0,22.0,43.370000000000005,0.0,0.0,0.0,2.067252683908674,302.18819469199997,11.0,11.0,12.480061098513481,53.564295632053444,1.4090909090909092,0.0,0.0,0.0,0.0,0.0,18.0,5.0,0.0,0.0,5.0,3.0,0.13636363636363635,,,,,,,,,,,,,,,,,,,,,,,,,,,,,,
*O[Si](*)(C)O,,,,,,,,,,,,,,,,,,,,,,,,,,,,,,,,,1.0,2.0,1.0,0.0,0.0,0.0,6.0,29.46,0.0,0.0,0.0,3.168489872670569,75.998055898,4.0,0.0,8.916666666666668,6.5470113536810866,2.75,0.0,0.0,0.0,0.0,0.0,5.0,0.0,0.0,0.0,0.0,5.0,0.8333333333333334
C[C@H](Cc1cc(c(cc1OC)Br)OC)[NH3+],3.2562650358771217,0.9005906229302675,1.0,2.0,4.0,1.0,0.0,1.0,15.0,46.1,0.0,0.0,15.207393384762284,3.10253018838229,274.04371730409,7.0,8.0,5.313204837490551,19.386399651764595,1.2666666666666666,1.0,0.0,0.0,1.0,0.0,9.0,0.0,0.0,0.0,6.0,4.0,0.26666666666666666,,,,,,,,,,,,,,,,,,,,,,,,,,,,,,
*CC(C)OC(=O)CNC(=O)NCCCC(C)COC(=O)NCC(C)CN=C(C)C(=O)O*,,,,,,,,,,,,,,,,,,,,,,,,,,,,,,,,,3.0,8.0,15.0,0.0,0.0,0.0,33.0,144.42,0.0,0.0,15.950365812018994,3.8636732462347085,442.24274942799997,15.0,16.0,11.84234686666241,53.56429563205343,1.096774193548387,0.0,0.0,0.0,0.0,0.0,27.0,5.0,0.0,0.0,0.0,13.0,0.3939393939393939
COc1ccc(cc1)C(=O)/C(=C/C(=O)[O-])/Br,2.7533152016452913,0.8749229695329681,0.0,4.0,4.0,1.0,0.0,1.0,16.0,66.43,0.0,0.0,9.843390348640755,2.922272653330866,282.96114441591,2.0,14.0,11.63267857142857,0.0,1.3125,1.0,0.0,0.0,1.0,0.0,7.0,3.0,0.0,0.0,6.0,5.0,0.3125,,,,,,,,,,,,,,,,,,,,,,,,,,,,,,
*OC(=O)NCCCCC(=O)OC(=O)OCCCCCCCNC(=O)N*,,,,,,,,,,,,,,,,,,,,,,,,,,,,,,,,,3.0,7.0,13.0,0.0,0.0,0.0,27.0,132.06,0.0,0.0,16.367244685174846,3.4326492870794922,359.1692501400001,11.0,14.0,11.45636039250737,51.36657298340809,0.88,0.0,0.0,0.0,0.0,0.0,22.0,4.0,0.0,0.0,0.0,12.0,0.4444444444444444
C[NH+](C)CCO[C@H](c1ccccc1)c2ccc(cc2)Br,3.3231605667156536,0.8761419877006859,1.0,1.0,6.0,2.0,0.0,2.0,20.0,13.670000000000002,0.0,0.0,4.899909730850478,2.175532947780809,334.08010281209,8.0,12.0,6.128778344671202,6.103966387748303,0.95,1.0,0.0,0.0,1.0,0.0,9.0,0.0,0.0,0.0,6.0,3.0,0.15,,,,,,,,,,,,,,,,,,,,,,,,,,,,,,
*OC(=O)OCCCCCOc1ccc(C(=O)CCCCCCCCC(=O)CCCCCCC(C2(*)O)cc2)cc1,,,,,,,,,,,,,,,,,,,,,,,,,,,,,,,,,1.0,7.0,24.0,2.0,1.0,1.0,41.0,99.13000000000001,0.0,0.0,4.736862953800049,1.37811478153568,542.3243538119999,22.0,17.0,12.483732139684008,115.25793397749051,0.7948717948717948,0.0,0.0,0.0,0.0,0.0,32.0,4.0,0.0,0.0,6.0,9.0,0.21951219512195122
C[NH+](C)CC[C@@H](c1ccc(cc1)Br)c2ccccn2,3.522859706751569,0.8823264221173022,1.0,1.0,5.0,2.0,0.0,2.0,19.0,17.330000000000002,0.0,1.0,4.899909730850478,2.25847511572667,319.08043716009,7.0,12.0,4.534850127551021,12.338727669087403,1.105263157894737,1.0,0.0,0.0,1.0,0.0,8.0,0.0,0.0,0.0,6.0,3.0,0.15789473684210525,,,,,,,,,,,,,,,,,,,,,,,,,,,,,,
*Oc1cccc(C(=O)NCC(O*)CS(C)(C)C)c1,,,,,,,,,,,,,,,,,,,,,,,,,,,,,,,,,1.0,3.0,7.0,1.0,0.0,1.0,20.0,47.56,0.0,0.0,10.423315998847038,2.567173670781402,269.108564468,7.0,10.0,12.124209656084656,6.103966387748303,1.5,0.0,0.0,0.0,0.0,0.0,13.0,1.0,0.0,0.0,6.0,7.0,0.35
CCOc1ccc(cc1)NC(=O)C[C@@H](C)O,2.1074176301837735,0.8570022073339598,2.0,3.0,5.0,1.0,0.0,1.0,16.0,58.56,0.0,0.0,10.05365155780638,2.512025760546569,223.120843404,6.0,10.0,11.33115449420509,26.37226241005556,1.4375,0.0,0.0,0.0,0.0,0.0,9.0,1.0,0.0,0.0,6.0,4.0,0.25,,,,,,,,,,,,,,,,,,,,,,,,,,,,,,
*c1ccc(OC(=O)CCCCCCCCCCCCCCCCCCCC(=O)C=C/C(=O)O*)cc1CCCCSC,,,,,,,,,,,,,,,,,,,,,,,,,,,,,,,,,0.0,6.0,28.0,1.0,0.0,1.0,43.0,69.67,0.0,0.0,10.803230022261658,1.8743153399856491,586.369195828,25.0,16.0,12.31115414206965,141.25807570437226,0.7317073170731707,0.0,0.0,0.0,0.0,0.0,33.0,4.0,0.0,0.0,6.0,8.0,0.18604651162790697
CCc1cccc2c1oc(c2)[C@@H](C[NH2+]C(C)(C)C)O,3.80572716237287,0.8713563024722756,2.0,2.0,4.0,2.0,0.0,2.0,19.0,49.980000000000004,0.5,1.0,5.316788604006331,2.209614177708545,262.18015542809,10.0,9.0,10.223481670445956,45.75866206182015,1.3157894736842106,0.0,0.0,0.0,0.0,0.0,10.0,0.0,0.0,1.0,6.0,3.0,0.15789473684210525,,,,,,,,,,,,,,,,,,,,,,,,,,,,,,
*CCCCCCCCCCCCCCCCCCCNC(=O)C(=O)Oc1ccc(C(=O)CCCCCCCCC(CCCCCC)(CC)C(=O)O*)cc1,,,,,,,,,,,,,,,,,,,,,,,,,,,,,,,,,1.0,6.0,37.0,1.0,0.0,1.0,55.0,98.77,0.0,0.0,10.05365155780638,2.0911299856204733,739.5750891839999,36.0,17.0,12.722750953263322,219.81668190977828,0.6037735849056604,0.0,0.0,0.0,0.0,0.0,45.0,4.0,0.0,0.0,6.0,9.0,0.16363636363636364
C[NH+]1CCc2cc3c(c-4c2[C@@H]1Cc5c4c(c(cc5)OC)O)OCO3,4.4191966817623936,0.9014491191224905,2.0,4.0,1.0,5.0,3.0,2.0,24.0,52.360000000000014,1.0,2.0,19.110498592250625,1.883409285300213,326.1386845400899,8.0,16.0,10.818268849206351,18.88348407499998,1.2083333333333333,0.0,0.0,0.0,0.0,0.0,16.0,0.0,0.0,3.0,6.0,5.0,0.20833333333333334,,,,,,,,,,,,,,,,,,,,,,,,,,,,,,
*c1ccc(C(=O)c2ccc(*)cc2)cc1,,,,,,,,,,,,,,,,,,,,,,,,,,,,,,,,,0.0,1.0,2.0,2.0,0.0,2.0,16.0,17.07,0.0,0.0,12.13273413692322,2.3156276954086836,180.057514876,0.0,14.0,12.109712773998488,0.0,0.7857142857142857,0.0,0.0,0.0,0.0,0.0,4.0,1.0,0.0,0.0,6.0,3.0,0.1875
CC(C)(C)[NH2+]C[C@H](COc1ccccc1C#N)O,3.5932786224999704,0.8740379535320892,2.0,3.0,5.0,1.0,0.0,1.0,18.0,69.86,0.0,0.0,10.05365155780638,2.4317419278932815,249.15975433209,9.0,7.0,9.798258692365836,32.41410323920352,1.3888888888888888,0.0,0.0,0.0,0.0,0.0,11.0,0.0,1.0,0.0,6.0,4.0,0.2222222222222222,,,,,,,,,,,,,,,,,,,,,,,,,,,,,,
*CCCCCCCCCCCCN(C)C(=O)NCC(*)=O,,,,,,,,,,,,,,,,,,,,,,,,,,,,,,,,,1.0,2.0,14.0,0.0,0.0,0.0,22.0,49.410000000000004,0.0,0.0,5.316788604006331,3.3085295582339826,282.2307282,14.0,6.0,11.654886836725208,71.13195342895074,0.95,0.0,0.0,0.0,0.0,0.0,19.0,2.0,0.0,0.0,0.0,6.0,0.2727272727272727
Cc1ccc(c(c1)OC[C@H](C[NH2+]C(C)(C)C)O)Cl,3.5245079199881957,0.8776778314556617,2.0,2.0,5.0,1.0,0.0,1.0,18.0,46.07,0.0,0.0,10.05365155780638,2.4235298819629367,272.14118307609,11.0,7.0,9.834681594860166,39.33784043889415,1.3888888888888888,1.0,0.0,1.0,0.0,0.0,12.0,0.0,0.0,0.0,6.0,4.0,0.2222222222222222,,,,,,,,,,,,,,,,,,,,,,,,,,,,,,
*CS(*)(Cl)C(=O)S(C)(C)F,,,,,,,,,,,,,,,,,,,,,,,,,,,,,,,,,0.0,1.0,1.0,0.0,0.0,0.0,11.0,17.07,0.0,0.0,0.0,4.4975656797147,189.968912776,5.0,2.0,13.203078703703703,0.0,2.0,2.0,1.0,1.0,0.0,0.0,9.0,1.0,0.0,0.0,0.0,7.0,0.6363636363636364
CC[C@@H](c1ccc(cc1)c2ccccc2)C(=O)[O-],2.5052261892189662,0.840115961120777,0.0,2.0,4.0,2.0,0.0,2.0,18.0,40.129999999999995,0.0,0.0,5.106527394840706,2.278413079195737,239.10775329991,3.0,15.0,10.974780048995417,19.262464868778025,1.0,0.0,0.0,0.0,0.0,0.0,6.0,1.0,0.0,0.0,6.0,2.0,0.1111111111111111,,,,,,,,,,,,,,,,,,,,,,,,,,,,,,
*OC/C(*)=O,,,,,,,,,,,,,,,,,,,,,,,,,,,,,,,,,0.0,2.0,2.0,0.0,0.0,0.0,6.0,26.3,0.0,0.0,0.0,2.831257109931365,58.005479304000005,2.0,2.0,10.069861111111111,0.0,2.75,0.0,0.0,0.0,0.0,0.0,4.0,1.0,0.0,0.0,0.0,4.0,0.6666666666666666
C[C@]12CC[C@H](C1(C)C)[C@@H](C2=O)Br,4.513710135339785,0.9282490296977971,0.0,1.0,0.0,2.0,2.0,0.0,12.0,17.07,0.5,0.0,0.0,2.5049326155667955,230.0306272,10.0,2.0,11.85726851851852,38.4400289152207,1.4166666666666667,1.0,0.0,0.0,1.0,0.0,12.0,1.0,0.0,1.0,5.0,2.0,0.16666666666666666,,,,,,,,,,,,,,,,,,,,,,,,,,,,,,
*CCCCOc1sc(*)cc1C,,,,,,,,,,,,,,,,,,,,,,,,,,,,,,,,,0.0,2.0,5.0,1.0,0.0,1.0,13.0,9.23,0.0,1.0,10.116925724265965,2.318301529430329,168.060886004,5.0,6.0,5.745972222222222,26.689117645233267,1.7272727272727273,0.0,0.0,0.0,0.0,0.0,8.0,0.0,0.0,0.0,5.0,4.0,0.3076923076923077
C[NH+](C)CCO[C@@H](c1ccc(cc1)Cl)c2ccccn2,3.5493119837197034,0.8784955318800974,1.0,2.0,6.0,2.0,0.0,2.0,20.0,26.560000000000002,0.0,1.0,4.899909730850478,2.17553294778081,291.12586736009,8.0,12.0,6.038500566893424,6.103966387748303,1.15,1.0,0.0,1.0,0.0,0.0,9.0,0.0,0.0,0.0,6.0,4.0,0.2,,,,,,,,,,,,,,,,,,,,,,,,,,,,,,
*CCCCCCCCCCCCCCNC(=O)O*,,,,,,,,,,,,,,,,,,,,,,,,,,,,,,,,,1.0,2.0,14.0,0.0,0.0,0.0,20.0,38.33,0.0,0.0,5.316788604006331,2.9733874326069434,255.219829168,14.0,4.0,10.86256670544557,83.97359667480276,0.8333333333333334,0.0,0.0,0.0,0.0,0.0,18.0,1.0,0.0,0.0,0.0,5.0,0.25
C#C[C@@H](c1ccccc1)OC(=O)N,2.9085851286204925,0.8633204345192854,1.0,2.0,2.0,1.0,0.0,1.0,13.0,52.32,0.0,0.0,5.733667477162185,2.804394774418995,175.063328528,1.0,10.0,10.446373299319728,6.103966387748303,1.4615384615384615,0.0,0.0,0.0,0.0,0.0,5.0,1.0,1.0,0.0,6.0,3.0,0.23076923076923078,,,,,,,,,,,,,,,,,,,,,,,,,,,,,,
*CC(*)c1ccc(C(C)(C)OC#N)cc1,,,,,,,,,,,,,,,,,,,,,,,,,,,,,,,,,0.0,2.0,4.0,1.0,0.0,1.0,16.0,33.019999999999996,0.0,0.0,0.0,2.909849201988885,187.099714036,5.0,7.0,8.590117455562982,32.79308403298157,1.5714285714285714,0.0,0.0,0.0,0.0,0.0,9.0,0.0,1.0,0.0,6.0,4.0,0.25
CC(C)(C)[NH2+]C[C@H](COc1cccc2c1CCC(=O)N2)O,3.7152000070013953,0.8689637765407972,3.0,3.0,5.0,2.0,1.0,1.0,21.0,75.17,0.5,1.0,15.37044016181271,1.9182621722216335,293.18596908009,11.0,10.0,11.38627414969472,45.25574648505554,1.380952380952381,0.0,0.0,0.0,0.0,0.0,15.0,1.0,0.0,1.0,6.0,5.0,0.23809523809523808,,,,,,,,,,,,,,,,,,,,,,,,,,,,,,
*NC(=O)CCCC(=O)N*,,,,,,,,,,,,,,,,,,,,,,,,,,,,,,,,,2.0,2.0,4.0,0.0,0.0,0.0,11.0,58.2,0.0,0.0,11.46733495432437,3.2703753945873237,128.058577496,3.0,6.0,10.71692932728647,19.26246486877803,1.2222222222222223,0.0,0.0,0.0,0.0,0.0,8.0,2.0,0.0,0.0,0.0,6.0,0.5454545454545454
CN1[C@@H](S(=O)(=O)CCC1=O)c2ccc(cc2)Cl,3.1331385490809858,0.8912636945918399,0.0,3.0,1.0,2.0,1.0,1.0,17.0,54.45,0.0,1.0,0.0,2.460046269675074,273.022641924,6.0,11.0,11.996250944822375,11.79469443589475,1.2941176470588236,1.0,0.0,1.0,0.0,0.0,9.0,3.0,0.0,0.0,6.0,6.0,0.35294117647058826,,,,,,,,,,,,,,,,,,,,,,,,,,,,,,
*CCCCCCCC*,,,,,,,,,,,,,,,,,,,,,,,,,,,,,,,,,0.0,0.0,7.0,0.0,0.0,0.0,10.0,0.0,0.0,0.0,0.0,2.6476048489438337,112.12520051199999,8.0,0.0,1.6311728395061729,52.372404136937305,0.625,0.0,0.0,0.0,0.0,0.0,9.0,0.0,0.0,0.0,0.0,2.0,0.2
c1ccc(cc1)[C@@H](C(=O)NC(=O)N)Cl,2.4549609845467195,0.8640830765615729,2.0,2.0,2.0,1.0,0.0,1.0,14.0,72.19,0.0,0.0,11.050456081168516,2.7073870394662696,212.035255208,2.0,12.0,11.210003779289494,5.3770878682057255,1.2857142857142858,1.0,0.0,1.0,0.0,0.0,6.0,2.0,0.0,0.0,6.0,5.0,0.35714285714285715,,,,,,,,,,,,,,,,,,,,,,,,,,,,,,
*CCCCOC(=O)C*,,,,,,,,,,,,,,,,,,,,,,,,,,,,,,,,,0.0,2.0,5.0,0.0,0.0,0.0,10.0,26.3,0.0,0.0,0.0,2.9617756061821483,114.06807956,5.0,3.0,10.630856009070294,26.689117645233267,1.625,0.0,0.0,0.0,0.0,0.0,8.0,1.0,0.0,0.0,0.0,4.0,0.4
c1cc(ccc1OC[C@@H](CO)O)Cl,2.1021428209281847,0.879093222410837,2.0,3.0,4.0,1.0,0.0,1.0,13.0,49.69,0.0,0.0,4.736862953800049,2.411261457917634,202.039671892,6.0,7.0,8.972765477590213,6.103966387748303,1.3076923076923077,1.0,0.0,1.0,0.0,0.0,7.0,0.0,0.0,0.0,6.0,4.0,0.3076923076923077,,,,,,,,,,,,,,,,,,,,,,,,,,,,,,
*C#CCOC(=O)N=CCCCOC(=O)c1ccc(O*)cc1,,,,,,,,,,,,,,,,,,,,,,,,,,,,,,,,,0.0,5.0,7.0,1.0,0.0,1.0,23.0,74.19000000000001,0.0,0.0,5.106527394840706,2.1904574651793074,287.07937251600003,4.0,15.0,11.768997759182437,12.841643245852019,1.3333333333333333,0.0,0.0,0.0,0.0,0.0,13.0,3.0,1.0,0.0,6.0,8.0,0.34782608695652173
c1cc(ccc1OC[C@@H](COC(=O)N)O)Cl,2.3833557420718847,0.8679777759120554,2.0,4.0,5.0,1.0,0.0,1.0,16.0,81.78,0.0,0.0,10.470530430962235,2.2812283973730882,245.045485544,5.0,11.0,10.248885336044427,6.103966387748303,1.375,1.0,0.0,1.0,0.0,0.0,9.0,1.0,0.0,0.0,6.0,6.0,0.375,,,,,,,,,,,,,,,,,,,,,,,,,,,,,,
*OCCNCC(=O)c1ccc(C)c(*)c1,,,,,,,,,,,,,,,,,,,,,,,,,,,,,,,,,1.0,3.0,6.0,1.0,0.0,1.0,16.0,38.33,0.0,0.0,11.383155672467941,2.4956378920796323,191.094628656,6.0,8.0,11.811432350718064,6.923737199690624,1.7142857142857142,0.0,0.0,0.0,0.0,0.0,9.0,1.0,0.0,0.0,6.0,5.0,0.3125
C[C@@](c1ccccc1)(c2ccc(cc2)Cl)OCC[NH+](C)C,3.4593886730985943,0.8755402011187845,1.0,1.0,6.0,2.0,0.0,2.0,21.0,13.670000000000002,0.0,0.0,4.899909730850478,2.3144370213061762,304.14626845609,9.0,12.0,6.288500566893424,12.524788010674312,0.9523809523809523,1.0,0.0,1.0,0.0,0.0,10.0,0.0,0.0,0.0,6.0,3.0,0.14285714285714285,,,,,,,,,,,,,,,,,,,,,,,,,,,,,,
*OC(=O)CCCCCC(=O)NCCCNC(=O)N*,,,,,,,,,,,,,,,,,,,,,,,,,,,,,,,,,3.0,4.0,10.0,0.0,0.0,0.0,20.0,96.53,0.0,0.0,16.367244685174846,3.32837048959684,257.137556088,8.0,10.0,11.467013731418493,38.524929737556064,1.0,0.0,0.0,0.0,0.0,0.0,16.0,3.0,0.0,0.0,0.0,9.0,0.45
c1ccc(cc1)C2(C[C@@H]2C3=[NH+]CCN3)c4ccccc4,3.7086427124646413,0.9064829200056036,2.0,1.0,3.0,4.0,2.0,2.0,20.0,26.0,0.0,1.0,10.309193336642,1.7972389555410482,263.15427502809,5.0,15.0,3.518362622826908,11.83581209232279,0.9,0.0,0.0,0.0,0.0,0.0,10.0,1.0,0.0,0.0,6.0,2.0,0.1,,,,,,,,,,,,,,,,,,,,,,,,,,,,,,
*CCOCCO*,,,,,,,,,,,,,,,,,,,,,,,,,,,,,,,,,0.0,2.0,5.0,0.0,0.0,0.0,8.0,18.46,0.0,0.0,0.0,2.53006045688352,88.052429496,6.0,0.0,5.200694444444444,6.923737199690624,1.5,0.0,0.0,0.0,0.0,0.0,7.0,0.0,0.0,0.0,0.0,4.0,0.5
C[C@@H]([C@H](c1ccccc1)O)[NH+](C)C/C=C/c2ccccc2,3.7981797622708857,0.8733646643957633,2.0,1.0,6.0,2.0,0.0,2.0,21.0,24.67,0.0,0.0,4.899909730850478,1.9054167529793362,282.18524080809,7.0,14.0,10.430886491955217,19.069544416586886,1.0,0.0,0.0,0.0,0.0,0.0,9.0,1.0,0.0,0.0,6.0,2.0,0.09523809523809523,,,,,,,,,,,,,,,,,,,,,,,,,,,,,,
*CC(*)O[Si](C)(C)c1ccccc1,,,,,,,,,,,,,,,,,,,,,,,,,,,,,,,,,0.0,1.0,4.0,1.0,0.0,1.0,14.0,9.23,0.0,0.0,5.186725645687458,2.749839315458928,178.08139159799998,6.0,6.0,6.285509259259259,26.624641871565714,1.5,0.0,0.0,0.0,0.0,0.0,8.0,0.0,0.0,0.0,6.0,4.0,0.2857142857142857
COc1cc(cc(c1OC)OC)/C=C/C(=O)N2CCCCCCC2,2.0185794103248593,0.8877335356259033,0.0,4.0,5.0,2.0,1.0,1.0,24.0,48.00000000000001,0.0,1.0,14.210588861400147,2.1324612456412115,333.194008344,10.0,14.0,12.420418083900227,32.10410811463005,0.9166666666666666,0.0,0.0,0.0,0.0,0.0,17.0,2.0,0.0,0.0,8.0,5.0,0.20833333333333334,,,,,,,,,,,,,,,,,,,,,,,,,,,,,,
*CCCCCCCCCCCCCCCCCCCC(=O)O*,,,,,,,,,,,,,,,,,,,,,,,,,,,,,,,,,0.0,2.0,19.0,0.0,0.0,0.0,24.0,26.3,0.0,0.0,0.0,2.989461330653366,310.287180456,19.0,3.0,11.025988413287525,122.49852641235884,0.5909090909090909,0.0,0.0,0.0,0.0,0.0,22.0,1.0,0.0,0.0,0.0,4.0,0.16666666666666666
COc1ccc2c(c1)c(nc(=O)n2CC3CC3)c4ccccc4,2.0610936191276803,0.8673730130328637,0.0,4.0,4.0,4.0,1.0,3.0,23.0,44.12,0.25,1.0,10.426606352003523,2.000423950211796,306.136827816,5.0,18.0,12.565660509574199,19.386399651764595,1.173913043478261,0.0,0.0,0.0,0.0,0.0,8.0,1.0,0.0,1.0,6.0,4.0,0.17391304347826086,,,,,,,,,,,,,,,,,,,,,,,,,,,,,,
*c1ccc(OCCCCCCCCCCCCSCCCCCCNC(=O)O*)c(OC)c1,,,,,,,,,,,,,,,,,,,,,,,,,,,,,,,,,1.0,5.0,22.0,1.0,0.0,1.0,34.0,56.790000000000006,0.0,0.0,20.856881580068038,1.7550060387910056,465.29127985599996,20.0,12.0,10.984717904594609,89.89150272096417,0.875,0.0,0.0,0.0,0.0,0.0,27.0,1.0,0.0,0.0,6.0,8.0,0.23529411764705882
CN1c2ccc(cc2[C@@H]3c4ccccc4CC[NH+]3CC1=O)Cl,4.107607731853542,0.8827149225026697,1.0,1.0,0.0,4.0,2.0,2.0,22.0,24.75,0.75,2.0,9.799819461700956,1.968735910043968,313.11021729608996,7.0,15.0,12.500715545477451,12.462662452073971,1.1818181818181819,1.0,0.0,1.0,0.0,0.0,12.0,1.0,0.0,2.0,7.0,4.0,0.18181818181818182,,,,,,,,,,,,,,,,,,,,,,,,,,,,,,
*Oc1ccc(NC(=O)c2ccc(-c3ccc(CC(*)=O)cc3)C2=O)cc1,,,,,,,,,,,,,,,,,,,,,,,,,,,,,,,,,1.0,4.0,6.0,3.0,1.0,2.0,27.0,72.47,0.0,0.0,10.423315998847038,1.671939899309223,331.084457896,1.0,24.0,12.647497800836996,6.4208216229260096,1.04,0.0,0.0,0.0,0.0,0.0,12.0,5.0,0.0,0.0,6.0,7.0,0.25925925925925924
c1c2c(cc(c1C3CCCCC3)Cl)[C@H](CC2)C(=O)[O-],3.2729673990592616,0.9007209112261089,0.0,2.0,2.0,3.0,2.0,1.0,19.0,40.129999999999995,0.3333333333333333,0.0,5.106527394840706,1.9428743918499836,277.10008107591,10.0,9.0,11.10801580143842,56.78156345280486,1.105263157894737,1.0,0.0,1.0,0.0,0.0,14.0,1.0,0.0,1.0,6.0,3.0,0.15789473684210525,,,,,,,,,,,,,,,,,,,,,,,,,,,,,,
*CC(*)(C)C(=O)OCC([2H])(F)C(F)(F)C(F)(F)C(F)(F)C(F)(F)C(F)(F)C(F)(F)C(F)(F)C(F)(F)F,,,,,,,,,,,,,,,,,,,,,,,,,,,,,,,,,0.0,2.0,11.0,0.0,0.0,0.0,37.0,26.3,0.0,0.0,0.0,6.68485379257229,551.029964202,31.0,3.0,14.023683035714285,73.54711017436013,0.7647058823529411,18.0,18.0,0.0,0.0,0.0,35.0,1.0,0.0,0.0,0.0,23.0,0.6216216216216216
CC(C)(C)C(=O)[C@@H](n1ccnc1)Oc2ccc(cc2)Cl,2.9363271180590473,0.876314672423652,0.0,4.0,4.0,2.0,0.0,2.0,20.0,44.120000000000005,0.0,1.0,4.736862953800049,2.281223550397853,292.097855464,6.0,14.0,12.534793223873912,26.999112769806743,1.3,1.0,0.0,1.0,0.0,0.0,9.0,1.0,0.0,0.0,6.0,5.0,0.25,,,,,,,,,,,,,,,,,,,,,,,,,,,,,,
*CC(O)CNC(=O)O*,,,,,,,,,,,,,,,,,,,,,,,,,,,,,,,,,2.0,3.0,3.0,0.0,0.0,0.0,10.0,58.56,0.0,0.0,5.316788604006331,3.2581847008164337,117.042593084,4.0,4.0,10.47064342403628,13.027703587438927,2.25,0.0,0.0,0.0,0.0,0.0,8.0,1.0,0.0,0.0,0.0,6.0,0.6
C[C@H](C[NH+](C)C)[C@@](C)(Cc1ccc(cc1)Cl)O,4.06949293452932,0.8842222142790507,2.0,1.0,5.0,1.0,0.0,1.0,17.0,24.67,0.0,0.0,4.899909730850478,2.676866218816005,256.14626845609,11.0,6.0,10.508273337112623,25.869346833290944,1.2941176470588236,1.0,0.0,1.0,0.0,0.0,11.0,0.0,0.0,0.0,6.0,3.0,0.17647058823529413,,,,,,,,,,,,,,,,,,,,,,,,,,,,,,
*CC(C#N)C(=O)COC(=O)C(*)=O,,,,,,,,,,,,,,,,,,,,,,,,,,,,,,,,,0.0,5.0,5.0,0.0,0.0,0.0,14.0,84.22999999999999,0.0,0.0,0.0,4.035680579544304,167.02185764,3.0,7.0,11.181754535147391,6.923737199690624,1.6666666666666667,0.0,0.0,0.0,0.0,0.0,9.0,3.0,1.0,0.0,0.0,7.0,0.5
Cc1c(cccc1Cl)Nc2c(cccn2)C(=O)OC[C@@H](CO)O,2.663795488123961,0.8700946832204276,3.0,6.0,6.0,2.0,0.0,2.0,23.0,91.68,0.0,1.0,5.316788604006331,2.2020015909341764,336.08768470399997,7.0,16.0,12.106926947733825,13.027703587438927,1.391304347826087,1.0,0.0,1.0,0.0,0.0,11.0,1.0,0.0,0.0,6.0,7.0,0.30434782608695654,,,,,,,,,,,,,,,,,,,,,,,,,,,,,,
*CCCCCNC(=O)c1ccc(O*)c(N(C)CC)c1,,,,,,,,,,,,,,,,,,,,,,,,,,,,,,,,,1.0,3.0,9.0,1.0,0.0,1.0,21.0,41.57,0.0,0.0,15.323225729697516,2.6730508731909164,262.168127944,8.0,11.0,12.197669831821617,33.10993926815928,1.4736842105263157,0.0,0.0,0.0,0.0,0.0,14.0,1.0,0.0,0.0,6.0,6.0,0.2857142857142857
CC(C)(C)[NH2+]C[C@@H](COc1cc(ccc1Cl)Cl)O,3.5582233046035814,0.8741163097739805,2.0,2.0,5.0,1.0,0.0,1.0,18.0,46.07,0.0,0.0,10.05365155780638,2.4235298819629367,292.08656066008996,11.0,7.0,9.801695483749056,32.41410323920352,1.3333333333333333,2.0,0.0,2.0,0.0,0.0,12.0,0.0,0.0,0.0,6.0,5.0,0.2777777777777778,,,,,,,,,,,,,,,,,,,,,,,,,,,,,,
*Oc1ccc(C(C)(C)c2ccc(C(*)=O)cc2)cc1,,,,,,,,,,,,,,,,,,,,,,,,,,,,,,,,,0.0,2.0,4.0,2.0,0.0,2.0,20.0,26.3,0.0,0.0,5.106527394840706,2.3438180315011925,238.099379688,3.0,15.0,11.450013452094705,19.26246486877803,1.0555555555555556,0.0,0.0,0.0,0.0,0.0,8.0,1.0,0.0,0.0,6.0,4.0,0.2
CC(C)[NH2+]C[C@H](c1ccccc1Cl)O,3.6520885149110907,0.8593869596589756,2.0,1.0,4.0,1.0,0.0,1.0,14.0,36.84,0.0,0.0,5.316788604006331,2.602226377809166,214.09931826409,8.0,6.0,9.834537037037038,25.993281616277514,1.3571428571428572,1.0,0.0,1.0,0.0,0.0,8.0,0.0,0.0,0.0,6.0,3.0,0.21428571428571427,,,,,,,,,,,,,,,,,,,,,,,,,,,,,,
*CCOC(=O)c1ccc(C(=O)Oc2ccc(*)cc2)cc1,,,,,,,,,,,,,,,,,,,,,,,,,,,,,,,,,0.0,4.0,5.0,2.0,0.0,2.0,22.0,52.60000000000001,0.0,0.0,10.803230022261658,2.0138308149053032,268.073558864,2.0,18.0,12.037686660331412,6.923737199690624,0.95,0.0,0.0,0.0,0.0,0.0,9.0,2.0,0.0,0.0,6.0,6.0,0.2727272727272727
C[NH+](C)CC[C@@H]1c2ccc(cc2CCc3c1nccc3)Cl,3.7528982298130664,0.8865808693958258,1.0,1.0,3.0,3.0,1.0,2.0,21.0,17.330000000000002,0.6666666666666666,1.0,4.899909730850478,2.0568440233312324,301.14660280409,9.0,12.0,6.196727633954815,25.18037091493942,1.1904761904761905,1.0,0.0,1.0,0.0,0.0,11.0,0.0,0.0,1.0,7.0,3.0,0.14285714285714285,,,,,,,,,,,,,,,,,,,,,,,,,,,,,,
*/C=C/C(\C)(*)c1ccccc1,,,,,,,,,,,,,,,,,,,,,,,,,,,,,,,,,0.0,0.0,2.0,1.0,0.0,1.0,12.0,0.0,0.0,0.0,0.0,2.973912195704303,130.07825032,2.0,8.0,2.446759259259259,12.841643245852017,1.5,0.0,0.0,0.0,0.0,0.0,5.0,1.0,0.0,0.0,6.0,2.0,0.16666666666666666
C[NH+]1CC[C@@]23CC(=O)C(=C[C@H]2[C@@H]1Cc4c3c(c(cc4)OC)O)OC,5.598300379674463,0.8952858383489317,2.0,4.0,2.0,4.0,3.0,1.0,24.0,60.2,1.0,1.0,9.636772684650527,1.970986439711085,330.1699846680899,11.0,13.0,12.619190365961199,30.71929616732277,1.2916666666666667,0.0,0.0,0.0,0.0,0.0,19.0,2.0,0.0,3.0,6.0,5.0,0.20833333333333334,,,,,,,,,,,,,,,,,,,,,,,,,,,,,,
*Nc1ccc(C[Te](*)COC(=O)c2ccc(OC)cc2)cc1,,,,,,,,,,,,,,,,,,,,,,,,,,,,,,,,,1.0,4.0,7.0,2.0,0.0,2.0,23.0,47.56,0.0,0.0,10.470530430962235,1.820871874336678,400.019242772,4.0,17.0,12.075318055685695,4.468764629492488,1.2380952380952381,0.0,0.0,0.0,0.0,0.0,11.0,1.0,0.0,0.0,6.0,7.0,0.30434782608695654
CC(C)(C)[NH2+]C[C@@H](c1ccc(c(c1)O)O)O,3.8144075902237358,0.8778800591572534,4.0,3.0,3.0,1.0,0.0,1.0,16.0,77.30000000000001,0.0,0.0,5.316788604006331,2.660835341965092,226.14376992009,8.0,8.0,9.875185185185185,32.41410323920352,1.1875,0.0,0.0,0.0,0.0,0.0,10.0,0.0,0.0,0.0,6.0,4.0,0.25,,,,,,,,,,,,,,,,,,,,,,,,,,,,,,
*CC(*)(C)C(C)(C)C,,,,,,,,,,,,,,,,,,,,,,,,,,,,,,,,,0.0,0.0,1.0,0.0,0.0,0.0,9.0,0.0,0.0,0.0,0.0,4.1447263667447585,98.109550448,7.0,0.0,2.5,40.53659204461451,1.4285714285714286,0.0,0.0,0.0,0.0,0.0,8.0,0.0,0.0,0.0,0.0,2.0,0.2222222222222222
CN1CCc2cc3c(c(c2[C@H]1O)OC)OCO3,3.1834859989137616,0.9059137434481308,1.0,5.0,1.0,3.0,2.0,1.0,17.0,51.16000000000001,0.6666666666666666,2.0,14.210588861400147,2.202759011289915,237.10010796,8.0,9.0,10.222625661375663,12.64872279366088,1.4705882352941178,0.0,0.0,0.0,0.0,0.0,13.0,0.0,0.0,2.0,6.0,5.0,0.29411764705882354,,,,,,,,,,,,,,,,,,,,,,,,,,,,,,
*/C=C/C(*)(F)C(F)(F)C(F)(F)F,,,,,,,,,,,,,,,,,,,,,,,,,,,,,,,,,0.0,0.0,2.0,0.0,0.0,0.0,13.0,0.0,0.0,0.0,0.0,5.031406708139257,176.006069384,9.0,2.0,12.958819444444444,18.270503081048343,1.0909090909090908,6.0,6.0,0.0,0.0,0.0,11.0,1.0,0.0,0.0,0.0,8.0,0.6153846153846154
C[C@@H](CN1c2ccccc2Sc3c1cc(cc3)C#N)C[NH+](C)C,3.7085398853133107,0.8957043101876191,1.0,3.0,4.0,3.0,1.0,2.0,23.0,31.470000000000002,0.6666666666666666,1.0,9.799819461700956,2.0084221742735635,324.15289512409,8.0,13.0,9.242880158261652,16.714704150726174,1.1304347826086956,0.0,0.0,0.0,0.0,0.0,12.0,0.0,1.0,1.0,6.0,4.0,0.17391304347826086,,,,,,,,,,,,,,,,,,,,,,,,,,,,,,
*c1ccc(OCCCCCCOc2ccc(*)cc2)cc1,,,,,,,,,,,,,,,,,,,,,,,,,,,,,,,,,0.0,2.0,9.0,2.0,0.0,2.0,22.0,18.46,0.0,0.0,21.606460044523317,1.4721091337127663,268.14632988,6.0,14.0,5.7504900629283195,25.683286491704038,0.6,0.0,0.0,0.0,0.0,0.0,11.0,0.0,0.0,0.0,6.0,4.0,0.18181818181818182
C[C@@H]1C[C@H](CC(C1)(C)C)OC(=O)[C@@H](c2ccccc2)O,3.2542713078595256,0.8550556875358774,1.0,3.0,3.0,2.0,1.0,1.0,20.0,46.53,0.0,0.0,0.0,1.9736831307621752,276.172544628,11.0,9.0,12.057167422524566,52.2416092433465,1.3,0.0,0.0,0.0,0.0,0.0,14.0,1.0,0.0,0.0,6.0,3.0,0.15,,,,,,,,,,,,,,,,,,,,,,,,,,,,,,
*OC(=O)O*,,,,,,,,,,,,,,,,,,,,,,,,,,,,,,,,,0.0,3.0,0.0,0.0,0.0,0.0,6.0,35.53,0.0,0.0,0.0,2.9881608821342693,59.984743859999995,0.0,4.0,9.86111111111111,0.0,2.0,0.0,0.0,0.0,0.0,0.0,4.0,1.0,0.0,0.0,0.0,5.0,0.8333333333333334
c1ccc(cc1)[C@H]2C(=O)N=C(O2)NC3CC3,3.046397700113845,0.8868217032806024,1.0,3.0,2.0,3.0,2.0,1.0,16.0,50.69,0.0,1.0,5.316788604006331,1.7319049896639793,216.089877624,4.0,12.0,11.634539871504156,24.98745046274828,1.25,0.0,0.0,0.0,0.0,0.0,10.0,2.0,0.0,0.0,6.0,4.0,0.25,,,,,,,,,,,,,,,,,,,,,,,,,,,,,,
*C(=O)Nc1ccc(C/C(=O)OCCCCCCCCCO*)cc1,,,,,,,,,,,,,,,,,,,,,,,,,,,,,,,,,1.0,4.0,13.0,1.0,0.0,1.0,25.0,64.63000000000001,0.0,0.0,5.316788604006331,2.04053937845408,319.17835828,11.0,12.0,11.822026807531998,51.36657298340809,0.9565217391304348,0.0,0.0,0.0,0.0,0.0,17.0,2.0,0.0,0.0,6.0,7.0,0.28
CC[C@H](C(=O)[O-])C1(CCCCC1)O,3.673536667082031,0.9054292846734089,1.0,3.0,3.0,1.0,1.0,0.0,13.0,60.36,0.0,0.0,5.106527394840706,2.6846399953017768,185.11831798391,10.0,3.0,10.763888416477702,51.04971774823038,1.4615384615384615,0.0,0.0,0.0,0.0,0.0,12.0,1.0,0.0,0.0,6.0,3.0,0.23076923076923078,,,,,,,,,,,,,,,,,,,,,,,,,,,,,,
*CC(*)(C)C(=O)Nc1ccc(C#N)cc1,,,,,,,,,,,,,,,,,,,,,,,,,,,,,,,,,1.0,2.0,3.0,1.0,0.0,1.0,16.0,52.89,0.0,0.0,5.316788604006331,2.7462623542990525,186.07931294,3.0,9.0,11.946085049760647,19.76538044554264,1.7142857142857142,0.0,0.0,0.0,0.0,0.0,8.0,1.0,1.0,0.0,6.0,5.0,0.3125
C[NH+](C)CCOC(=O)[C@H](c1ccccc1)C2(CCCC2)O,3.876218920816978,0.8502063807997924,2.0,3.0,6.0,2.0,1.0,1.0,21.0,50.97,0.0,0.0,4.899909730850478,2.141559991439467,292.19072011209,12.0,9.0,12.525914115646259,37.20224334884912,1.2857142857142858,0.0,0.0,0.0,0.0,0.0,15.0,1.0,0.0,0.0,6.0,4.0,0.19047619047619047,,,,,,,,,,,,,,,,,,,,,,,,,,,,,,
*c1ccc([Si](*)(C)SCCCCCCCC)cc1,,,,,,,,,,,,,,,,,,,,,,,,,,,,,,,,,0.0,1.0,9.0,1.0,0.0,1.0,19.0,0.0,0.0,0.0,11.25309271414907,2.249360561698644,264.136798298,11.0,6.0,2.617051288107836,51.99567829092777,1.1176470588235294,0.0,0.0,0.0,0.0,0.0,13.0,0.0,0.0,0.0,6.0,4.0,0.21052631578947367
C[NH+](C)CC(=O)N1c2ccccc2Sc3c1cccc3,3.039270451261883,0.8603763616439086,1.0,2.0,2.0,3.0,1.0,2.0,20.0,24.75,0.6666666666666666,1.0,9.799819461700956,2.0992556211047315,285.10561058409,5.0,15.0,12.629822373393802,9.79096695103555,1.0,0.0,0.0,0.0,0.0,0.0,9.0,1.0,0.0,1.0,6.0,4.0,0.2,,,,,,,,,,,,,,,,,,,,,,,,,,,,,,
*CCCCCCCCNC(=O)CCCCCCCCC(=O)O*,,,,,,,,,,,,,,,,,,,,,,,,,,,,,,,,,1.0,3.0,17.0,0.0,0.0,0.0,24.0,55.400000000000006,0.0,0.0,5.316788604006331,3.1958738514779403,311.24604391599996,16.0,6.0,11.710674126297043,96.81523992065479,0.7727272727272727,0.0,0.0,0.0,0.0,0.0,21.0,2.0,0.0,0.0,0.0,6.0,0.25
CC(C)[NH2+]C[C@H](c1ccc(cc1)O)O,3.689986895477894,0.8693082676289491,3.0,2.0,4.0,1.0,0.0,1.0,14.0,57.07000000000001,0.0,0.0,5.316788604006331,2.5168467986049006,196.13320523609,7.0,7.0,9.747407407407408,25.993281616277514,1.2142857142857142,0.0,0.0,0.0,0.0,0.0,8.0,0.0,0.0,0.0,6.0,3.0,0.21428571428571427,,,,,,,,,,,,,,,,,,,,,,,,,,,,,,
*CCCCCCCNC(=O)CCCCCCCCCCCCCCCC(=O)N*,,,,,,,,,,,,,,,,,,,,,,,,,,,,,,,,,2.0,2.0,23.0,0.0,0.0,0.0,30.0,58.2,0.0,0.0,11.050456081168516,3.1478926592779573,394.355928712,22.0,6.0,11.822394875624655,135.34016965821087,0.5357142857142857,0.0,0.0,0.0,0.0,0.0,27.0,2.0,0.0,0.0,0.0,6.0,0.2
C[NH+]1Cc2cc(ccc2[C@@H](C1)c3ccc(c(c3)Cl)Cl)OC,3.8490660096267995,0.9007274469499058,1.0,1.0,2.0,3.0,1.0,2.0,21.0,13.670000000000002,0.3333333333333333,1.0,9.636772684650527,2.056194200393402,322.07599597609,8.0,13.0,6.185455662424307,12.462662452073968,1.0952380952380953,2.0,0.0,2.0,0.0,0.0,11.0,0.0,0.0,1.0,6.0,4.0,0.19047619047619047,,,,,,,,,,,,,,,,,,,,,,,,,,,,,,
*CC(*)C(=O)OCC(F)(C)C(=O)OCCCCCCCCCCCCCCCC,,,,,,,,,,,,,,,,,,,,,,,,,,,,,,,,,0.0,4.0,20.0,0.0,0.0,0.0,30.0,52.60000000000001,0.0,0.0,0.0,3.540768694367337,400.298888012,22.0,6.0,14.37661295618295,122.75229576170773,0.8928571428571429,1.0,1.0,0.0,0.0,0.0,27.0,2.0,0.0,0.0,0.0,7.0,0.23333333333333334
CC[NH+](CC)CC(=O)N1c2ccccc2Sc3c1cccc3,3.1904837967471966,0.8645972472167187,1.0,2.0,4.0,3.0,1.0,2.0,22.0,24.75,0.6666666666666666,1.0,9.799819461700956,2.007491063054381,313.13691071209,7.0,15.0,12.94760015117158,23.638441350416798,0.9545454545454546,0.0,0.0,0.0,0.0,0.0,11.0,1.0,0.0,1.0,6.0,4.0,0.18181818181818182,,,,,,,,,,,,,,,,,,,,,,,,,,,,,,
*CC(*)c1ccc(N(C)c2ccc(OC)cc2)cc1,,,,,,,,,,,,,,,,,,,,,,,,,,,,,,,,,0.0,2.0,5.0,2.0,0.0,2.0,20.0,12.47,0.0,0.0,9.636772684650527,2.1702667297768388,239.131014164,4.0,14.0,5.203388483417829,13.344558822616634,1.1111111111111112,0.0,0.0,0.0,0.0,0.0,9.0,0.0,0.0,0.0,6.0,4.0,0.2
CC[NH+](CC)[C@@H](C)C(=O)c1ccccc1,3.6342823435694296,0.8377666972342042,1.0,1.0,5.0,1.0,0.0,1.0,15.0,21.51,0.0,0.0,4.899909730850478,2.765462427915391,206.15394068009,7.0,8.0,12.083055555555557,26.813052428219834,1.2,0.0,0.0,0.0,0.0,0.0,8.0,1.0,0.0,0.0,6.0,2.0,0.13333333333333333,,,,,,,,,,,,,,,,,,,,,,,,,,,,,,
*CC(*)=O,,,,,,,,,,,,,,,,,,,,,,,,,,,,,,,,,0.0,1.0,1.0,0.0,0.0,0.0,5.0,17.07,0.0,0.0,0.0,2.847378923087672,42.010564684,1.0,2.0,9.98611111111111,6.923737199690624,3.0,0.0,0.0,0.0,0.0,0.0,3.0,1.0,0.0,0.0,0.0,3.0,0.6
CC[NH+](CC)[C@@H](C)C=C(c1cccs1)c2cccs2,4.116026373418235,0.8851130263110021,1.0,2.0,6.0,2.0,0.0,2.0,19.0,4.44,0.0,2.0,4.899909730850478,2.330638620967531,292.11881812408996,7.0,12.0,2.4444444444444446,26.813052428219834,1.105263157894737,0.0,0.0,0.0,0.0,0.0,9.0,1.0,0.0,0.0,5.0,3.0,0.15789473684210525,,,,,,,,,,,,,,,,,,,,,,,,,,,,,,
*CC(*)(C)COc1ccc(OC(=O)CCCCCC)cc1,,,,,,,,,,,,,,,,,,,,,,,,,,,,,,,,,0.0,3.0,10.0,1.0,0.0,1.0,22.0,35.53,0.0,0.0,9.473725907600098,2.363499374875037,276.172544628,10.0,10.0,11.718304695194576,58.79322575986332,1.25,0.0,0.0,0.0,0.0,0.0,15.0,1.0,0.0,0.0,6.0,5.0,0.22727272727272727
CC[C@@H]1C[NH+]2CC[C@H]1C[C@@H]2[C@@H](c3ccnc4c3cc(cc4)OC)O,5.382811456541084,0.8873227390802852,2.0,3.0,4.0,5.0,3.0,2.0,24.0,46.790000000000006,0.8,4.0,9.636772684650527,1.6755568373637348,327.20670452408996,13.0,11.0,11.198517573696144,38.33200928536491,1.375,0.0,0.0,0.0,0.0,0.0,16.0,0.0,0.0,3.0,6.0,4.0,0.16666666666666666,,,,,,,,,,,,,,,,,,,,,,,,,,,,,,
*CC(*)(C)CC(F)(F)F,,,,,,,,,,,,,,,,,,,,,,,,,,,,,,,,,0.0,0.0,2.0,0.0,0.0,0.0,10.0,0.0,0.0,0.0,0.0,3.887594744367081,124.049984884,8.0,0.0,11.806041666666667,32.36250058591212,1.625,3.0,3.0,0.0,0.0,0.0,9.0,0.0,0.0,0.0,0.0,5.0,0.5
Cn1cnc2c1c(=O)n(c(=O)n2C)C[C@@H](CO)O,2.9891608046035802,0.8992369396776767,2.0,8.0,3.0,2.0,0.0,2.0,18.0,102.28,0.5,2.0,11.24901029325548,2.7767177923519997,254.101504928,7.0,11.0,12.130917422524565,12.648722793660877,1.3888888888888888,0.0,0.0,0.0,0.0,0.0,7.0,2.0,0.0,1.0,6.0,8.0,0.4444444444444444,,,,,,,,,,,,,,,,,,,,,,,,,,,,,,
*CC(*)C(=O)OCCCNCCCCC,,,,,,,,,,,,,,,,,,,,,,,,,,,,,,,,,1.0,3.0,10.0,0.0,0.0,0.0,16.0,38.33,0.0,0.0,5.316788604006331,3.175090977494035,199.157228912,11.0,3.0,11.407981866568177,45.95158251401129,1.5,0.0,0.0,0.0,0.0,0.0,14.0,1.0,0.0,0.0,0.0,5.0,0.3125
Cc1c(=O)c2ccc(c(c2oc1c3ccccc3)C[NH+](C)C)OC,2.988690668513554,0.8781508483361999,1.0,3.0,4.0,3.0,0.0,3.0,24.0,43.879999999999995,0.3333333333333333,1.0,15.065563076551069,2.370234613051452,324.15941998408994,6.0,18.0,12.852409297052153,13.4684936056032,1.0833333333333333,0.0,0.0,0.0,0.0,0.0,8.0,1.0,0.0,1.0,6.0,4.0,0.16666666666666666,,,,,,,,,,,,,,,,,,,,,,,,,,,,,,
*CC(*)(C)CC(C)(C)C,,,,,,,,,,,,,,,,,,,,,,,,,,,,,,,,,0.0,0.0,2.0,0.0,0.0,0.0,10.0,0.0,0.0,0.0,0.0,3.887594744367081,112.12520051199999,8.0,0.0,2.5190972222222223,46.95741366754052,1.375,0.0,0.0,0.0,0.0,0.0,9.0,0.0,0.0,0.0,0.0,2.0,0.2
CC(=O)Nc1ccc(cc1)C(=O)[O-],2.1640982115472873,0.8686002965580522,1.0,3.0,2.0,1.0,0.0,1.0,13.0,69.23,0.0,0.0,10.423315998847038,2.809454194164694,178.05096669591,1.0,12.0,10.5921768707483,6.923737199690624,1.2307692307692308,0.0,0.0,0.0,0.0,0.0,5.0,2.0,0.0,0.0,6.0,4.0,0.3076923076923077,,,,,,,,,,,,,,,,,,,,,,,,,,,,,,
*CC(*)C(=O)NC(F)(F)C,,,,,,,,,,,,,,,,,,,,,,,,,,,,,,,,,1.0,1.0,3.0,0.0,0.0,0.0,11.0,29.1,0.0,0.0,5.316788604006331,3.880008135544113,135.049570284,6.0,3.0,12.185634920634921,26.3147599733884,2.111111111111111,2.0,2.0,0.0,0.0,0.0,9.0,1.0,0.0,0.0,0.0,6.0,0.5454545454545454
C[C@@H]1C(=O)N(c2cc(ccc2O1)Cl)C[C@@H](CO)O,3.05575035010925,0.8654727147769405,2.0,4.0,3.0,2.0,1.0,1.0,18.0,70.0,0.5,1.0,9.636772684650527,2.373403189973416,271.061135608,8.0,10.0,12.015850340136055,19.13166997518723,1.5555555555555556,1.0,0.0,1.0,0.0,0.0,12.0,1.0,0.0,1.0,6.0,6.0,0.3333333333333333,,,,,,,,,,,,,,,,,,,,,,,,,,,,,,
*CCCCCCCCCCCCOc1ccc(C(C)(C)C)cc1OC(CO*)=O,,,,,,,,,,,,,,,,,,,,,,,,,,,,,,,,,0.0,4.0,16.0,1.0,0.0,1.0,30.0,44.760000000000005,0.0,0.0,9.473725907600098,2.351186864715795,390.27700969599994,18.0,10.0,11.940666008545286,97.31815549741938,0.9285714285714286,0.0,0.0,0.0,0.0,0.0,23.0,1.0,0.0,0.0,6.0,6.0,0.2
C1[C@@H](O[C@H](O1)CI)CO,4.2906543599143205,0.9546566774103995,1.0,3.0,2.0,1.0,1.0,0.0,9.0,38.69,0.0,1.0,0.0,2.204974083399939,243.959642148,9.0,0.0,8.571868858654573,12.393993117083514,1.6666666666666667,1.0,0.0,0.0,0.0,1.0,9.0,0.0,0.0,0.0,5.0,4.0,0.4444444444444444,,,,,,,,,,,,,,,,,,,,,,,,,,,,,,
*Nc1ccc(OC(=O)CCCCCCCCCC(=O)O*)cc1,,,,,,,,,,,,,,,,,,,,,,,,,,,,,,,,,1.0,5.0,12.0,1.0,0.0,1.0,24.0,64.63,0.0,0.0,10.470530430962235,1.9813659836258646,305.162708216,9.0,13.0,11.769099852799489,57.787394606334104,0.9090909090909091,0.0,0.0,0.0,0.0,0.0,16.0,2.0,0.0,0.0,6.0,7.0,0.2916666666666667
C[C@](c1ccccc1)(c2ccccn2)OCC[NH+](C)C,3.683641538375573,0.8835810731345657,1.0,2.0,6.0,2.0,0.0,2.0,20.0,26.560000000000002,0.0,1.0,4.899909730850478,2.287167069228302,271.18048977609,8.0,12.0,6.229212962962963,12.524788010674312,1.05,0.0,0.0,0.0,0.0,0.0,9.0,0.0,0.0,0.0,6.0,3.0,0.15,,,,,,,,,,,,,,,,,,,,,,,,,,,,,,
*CC(*)c1ccc(C(=O)OCCCCCC/C(C)C)cc1,,,,,,,,,,,,,,,,,,,,,,,,,,,,,,,,,0.0,2.0,10.0,1.0,0.0,1.0,22.0,26.3,0.0,0.0,0.0,2.2220575284996484,274.193280072,11.0,9.0,11.979293500611142,59.296141336627926,1.2,0.0,0.0,0.0,0.0,0.0,15.0,1.0,0.0,0.0,6.0,4.0,0.18181818181818182
C[C@@](c1ccccc1)(c2ccc(cc2)Br)OCC[NH+](C)C,3.5223370433723895,0.8850961137486003,1.0,1.0,6.0,2.0,0.0,2.0,21.0,13.670000000000002,0.0,0.0,4.899909730850478,2.3144370213061762,348.09575287609005,9.0,12.0,6.316278344671202,12.524788010674312,0.9523809523809523,1.0,0.0,0.0,1.0,0.0,10.0,0.0,0.0,0.0,6.0,3.0,0.14285714285714285,,,,,,,,,,,,,,,,,,,,,,,,,,,,,,
*CCCCCCCCCCCCCCCCCCCNC(=O)COCCCCCCCCCCOC(=O)OCCCC(=O)O*,,,,,,,,,,,,,,,,,,,,,,,,,,,,,,,,,1.0,7.0,36.0,0.0,0.0,0.0,46.0,100.16000000000001,0.0,0.0,5.316788604006331,3.2157302679692448,625.4917534839999,34.0,10.0,11.954402292534464,180.28592101869296,0.5,0.0,0.0,0.0,0.0,0.0,42.0,3.0,0.0,0.0,0.0,10.0,0.21739130434782608
CCc1ccc(cc1)C(=O)[C@H](C)C[NH+]2CCCCC2,3.847108424700287,0.8656906930026688,1.0,1.0,5.0,2.0,1.0,1.0,19.0,21.51,0.0,1.0,4.899909730850478,1.9288804066759146,260.20089087209,11.0,8.0,12.404639786470144,39.53076089108529,1.1578947368421053,0.0,0.0,0.0,0.0,0.0,13.0,1.0,0.0,0.0,6.0,2.0,0.10526315789473684,,,,,,,,,,,,,,,,,,,,,,,,,,,,,,
*Oc1ccc(Oc2ccc(/C=C/c3ccc(OC(=O)c4ccc(O*)cc4)cc3)cc2)cc1,,,,,,,,,,,,,,,,,,,,,,,,,,,,,,,,,0.0,5.0,8.0,4.0,0.0,4.0,34.0,53.99000000000001,0.0,0.0,19.68678069728151,1.3239441719774865,422.115423676,0.0,32.0,12.306311788154565,0.0,0.5625,0.0,0.0,0.0,0.0,0.0,11.0,2.0,0.0,0.0,6.0,7.0,0.20588235294117646
CC[NH+]1CCC[C@@H]1CNC(=O)C(c2ccccc2)(c3ccccc3)O,3.94992297348079,0.8618193787138455,3.0,2.0,6.0,3.0,1.0,2.0,25.0,53.769999999999996,0.0,1.0,10.216698334856808,1.834693293888176,339.20670452409,10.0,15.0,13.047228363567651,31.40827208567429,1.12,0.0,0.0,0.0,0.0,0.0,14.0,1.0,0.0,0.0,6.0,4.0,0.16,,,,,,,,,,,,,,,,,,,,,,,,,,,,,,
*/C=C/C1CC(=O)NCN(*)CC1,,,,,,,,,,,,,,,,,,,,,,,,,,,,,,,,,1.0,2.0,1.0,1.0,1.0,0.0,13.0,32.34,0.0,1.0,5.316788604006331,2.5016054924538773,152.094963004,6.0,5.0,11.343143424036281,12.841643245852019,1.9090909090909092,0.0,0.0,0.0,0.0,0.0,11.0,2.0,0.0,0.0,8.0,5.0,0.38461538461538464
CCN(CC)C(=O)c1ccc(c(c1)OC)O,1.7645227150621068,0.860667164424703,1.0,3.0,4.0,1.0,0.0,1.0,16.0,49.77,0.0,0.0,4.736862953800049,2.9978343784915906,223.120843404,5.0,11.0,11.975134164777021,13.847474399381248,1.375,0.0,0.0,0.0,0.0,0.0,9.0,1.0,0.0,0.0,6.0,4.0,0.25,,,,,,,,,,,,,,,,,,,,,,,,,,,,,,
*Oc1cc(C)c(NC(=O)Nc2ccc(O*)cc2)cc1,,,,,,,,,,,,,,,,,,,,,,,,,,,,,,,,,2.0,3.0,4.0,2.0,0.0,2.0,21.0,59.59,0.0,0.0,20.846631997694075,2.003860016888734,256.084792244,1.0,18.0,11.98298800075586,6.923737199690624,1.0526315789473684,0.0,0.0,0.0,0.0,0.0,9.0,1.0,0.0,0.0,6.0,7.0,0.3333333333333333
CCOC(=O)[C@@]1(CCC[NH+](CC1)C)c2ccccc2,4.008816834674819,0.8523328479047605,1.0,2.0,3.0,2.0,1.0,1.0,19.0,30.740000000000002,0.0,1.0,4.899909730850478,2.347146931507007,262.18015542809,10.0,9.0,12.548479780801209,31.601192537865433,1.263157894736842,0.0,0.0,0.0,0.0,0.0,13.0,1.0,0.0,0.0,7.0,3.0,0.15789473684210525,,,,,,,,,,,,,,,,,,,,,,,,,,,,,,
*CCOC(=O)CCCCC(=O)N*,,,,,,,,,,,,,,,,,,,,,,,,,,,,,,,,,1.0,3.0,7.0,0.0,0.0,0.0,14.0,55.400000000000006,0.0,0.0,5.733667477162185,3.2674643165825263,171.089543276,6.0,6.0,11.033507889266819,32.60702369139466,1.4166666666666667,0.0,0.0,0.0,0.0,0.0,11.0,2.0,0.0,0.0,0.0,6.0,0.42857142857142855
CCN1C(=O)[C@H](NC1=O)c2ccccc2,2.5289438820309673,0.8580043580443033,1.0,2.0,2.0,2.0,1.0,1.0,15.0,49.410000000000004,0.0,1.0,5.316788604006331,2.271025752228069,204.089877624,3.0,12.0,11.790003779289496,12.965578028838586,1.2666666666666666,0.0,0.0,0.0,0.0,0.0,8.0,2.0,0.0,0.0,6.0,4.0,0.26666666666666666,,,,,,,,,,,,,,,,,,,,,,,,,,,,,,
*NC(OCCCO)C(=O)O*,,,,,,,,,,,,,,,,,,,,,,,,,,,,,,,,,2.0,5.0,6.0,0.0,0.0,0.0,12.0,67.78999999999999,0.0,0.0,5.733667477162185,3.5961173656928063,147.053157768,7.0,3.0,10.967499527588814,12.64872279366088,2.0,0.0,0.0,0.0,0.0,0.0,10.0,1.0,0.0,0.0,0.0,7.0,0.5833333333333334
CC[NH+](C)[C@@H](C)C=C(c1cccs1)c2cccs2,4.314444855603755,0.8852208850549668,1.0,2.0,5.0,2.0,0.0,2.0,18.0,4.44,0.0,2.0,4.899909730850478,2.343505301674574,278.10316806008996,6.0,12.0,2.4131944444444446,19.88931522852921,1.2222222222222223,0.0,0.0,0.0,0.0,0.0,8.0,1.0,0.0,0.0,5.0,3.0,0.16666666666666666,,,,,,,,,,,,,,,,,,,,,,,,,,,,,,
*CC(C)N(*)CCCC,,,,,,,,,,,,,,,,,,,,,,,,,,,,,,,,,0.0,1.0,5.0,0.0,0.0,0.0,10.0,3.24,0.0,0.0,0.0,3.3088402550227185,113.12044947999999,8.0,0.0,2.7465277777777777,39.654695674071846,1.875,0.0,0.0,0.0,0.0,0.0,9.0,0.0,0.0,0.0,0.0,3.0,0.3
CCC[NH+](CC)[C@@H](CC)C(=O)Nc1c(cccc1C)C,4.033388814746868,0.8731731899775825,2.0,1.0,7.0,1.0,0.0,1.0,20.0,33.54,0.0,0.0,10.216698334856808,2.8685736011754854,277.22743996809,11.0,9.0,12.59135015117158,53.50217007345309,1.2,0.0,0.0,0.0,0.0,0.0,13.0,1.0,0.0,0.0,6.0,3.0,0.15,,,,,,,,,,,,,,,,,,,,,,,,,,,,,,
*CC(*)C(=O)CC1CC1,,,,,,,,,,,,,,,,,,,,,,,,,,,,,,,,,0.0,1.0,4.0,1.0,1.0,0.0,10.0,17.07,0.0,0.0,0.0,2.181341368311716,110.07316494,6.0,2.0,11.32699074074074,32.60702369139466,2.0,0.0,0.0,0.0,0.0,0.0,9.0,1.0,0.0,0.0,3.0,3.0,0.3
CC/[NH+]=C/1\Nc2ccc(cc2[C@](O1)(C)c3ccccc3)Cl,3.711188999043836,0.8922713745438863,2.0,1.0,2.0,3.0,1.0,2.0,21.0,35.230000000000004,0.3333333333333333,1.0,10.309193336642,2.189578134752269,301.11021729608996,5.0,16.0,6.217654320987654,19.448525210364934,1.1904761904761905,1.0,0.0,1.0,0.0,0.0,10.0,1.0,0.0,1.0,6.0,4.0,0.19047619047619047,,,,,,,,,,,,,,,,,,,,,,,,,,,,,,
*CCCCN(*)C(=O)OCCCCCCCSOC,,,,,,,,,,,,,,,,,,,,,,,,,,,,,,,,,0.0,4.0,13.0,0.0,0.0,0.0,20.0,38.77,0.0,0.0,0.0,3.2971112436575174,275.15551466,14.0,4.0,11.709502942709632,51.8694885601727,1.2222222222222223,0.0,0.0,0.0,0.0,0.0,18.0,1.0,0.0,0.0,0.0,7.0,0.35
C[C@@H]1C[C@@H](CC([NH+]1C)(C)C)OC(=O)[C@@H](c2ccccc2)O,4.422332452346819,0.8601799159514246,2.0,3.0,3.0,2.0,1.0,1.0,21.0,50.97,0.0,1.0,4.899909730850478,1.9992087343267197,292.19072011209,12.0,9.0,12.131891061980348,57.4015537019518,1.380952380952381,0.0,0.0,0.0,0.0,0.0,15.0,1.0,0.0,0.0,6.0,4.0,0.19047619047619047,,,,,,,,,,,,,,,,,,,,,,,,,,,,,,
*CCN(C)c1c(OC)cc(/C=C/C(*)=O)cc1C,,,,,,,,,,,,,,,,,,,,,,,,,,,,,,,,,0.0,3.0,6.0,1.0,0.0,1.0,19.0,29.54,0.0,0.0,9.636772684650527,3.175247390922873,231.125928784,5.0,12.0,11.108577577074602,13.847474399381248,1.6470588235294117,0.0,0.0,0.0,0.0,0.0,11.0,2.0,0.0,0.0,6.0,5.0,0.2631578947368421
c1ccc(cc1)N2CC[C@@H](C2=O)[NH+]3CCCCC3,3.96982096425525,0.8829358421153676,1.0,1.0,2.0,3.0,2.0,1.0,18.0,24.750000000000004,0.0,2.0,9.799819461700956,1.721744099484458,245.16483971209,9.0,9.0,12.51030423280423,31.725127320852,1.0555555555555556,0.0,0.0,0.0,0.0,0.0,13.0,1.0,0.0,0.0,6.0,3.0,0.16666666666666666,,,,,,,,,,,,,,,,,,,,,,,,,,,,,,
*NC(*)(F)C(F)(F)C(F)(F)F,,,,,,,,,,,,,,,,,,,,,,,,,,,,,,,,,1.0,1.0,2.0,0.0,0.0,0.0,12.0,12.03,0.0,0.0,5.733667477162185,4.847021821216797,165.001318352,10.0,0.0,12.68576388888889,18.39443786403491,1.1,6.0,6.0,0.0,0.0,0.0,11.0,0.0,0.0,0.0,0.0,9.0,0.75
c1cc(ccc1C[C@H](C(=O)[O-])[NH3+])Cl,3.5463142494996136,0.8681306093572779,1.0,2.0,3.0,1.0,0.0,1.0,13.0,67.77,0.0,0.0,10.84019487200289,2.641763904889644,199.04000624,4.0,9.0,10.370904334985022,12.462662452073971,1.4615384615384615,1.0,0.0,1.0,0.0,0.0,6.0,1.0,0.0,0.0,6.0,4.0,0.3076923076923077,,,,,,,,,,,,,,,,,,,,,,,,,,,,,,
*c1ccc(/C=C2/C[Si]2*)cc1,,,,,,,,,,,,,,,,,,,,,,,,,,,,,,,,,0.0,0.0,1.0,2.0,1.0,1.0,12.0,0.0,0.0,1.0,6.06636706846161,2.1965023203503704,143.031701754,2.0,8.0,2.4451748971193417,6.044095776916472,1.5,0.0,0.0,0.0,0.0,0.0,6.0,1.0,0.0,0.0,6.0,3.0,0.25
C[C@H](Cc1ccccc1)[NH2+]CCn2cnc3c2c(=O)n(c(=O)n3C)C,3.5081672741289687,0.8809658605922219,1.0,6.0,6.0,3.0,0.0,3.0,25.0,78.43,0.3333333333333333,2.0,16.565798897261814,1.6992795775188174,342.19245142808995,8.0,17.0,12.400035132131162,25.93115605767717,1.12,0.0,0.0,0.0,0.0,0.0,9.0,2.0,0.0,1.0,6.0,7.0,0.28,,,,,,,,,,,,,,,,,,,,,,,,,,,,,,
*CC(*)OC(=O)Cc1ccccc1,,,,,,,,,,,,,,,,,,,,,,,,,,,,,,,,,0.0,2.0,4.0,1.0,0.0,1.0,14.0,26.3,0.0,0.0,0.0,2.4180801176461197,162.06807956,3.0,9.0,11.42731859410431,19.951440787129552,1.5833333333333333,0.0,0.0,0.0,0.0,0.0,7.0,1.0,0.0,0.0,6.0,4.0,0.2857142857142857
CC[NH2+][C@@H](C)Cc1cccc(c1)C(F)(F)F,3.514524891527082,0.8881628610749212,1.0,0.0,4.0,1.0,0.0,1.0,16.0,16.61,0.0,0.0,5.316788604006331,2.7505823470987134,232.13076062409,10.0,6.0,12.445560594608214,32.4864353688987,1.3125,3.0,3.0,0.0,0.0,0.0,10.0,0.0,0.0,0.0,6.0,4.0,0.25,,,,,,,,,,,,,,,,,,,,,,,,,,,,,,
*Oc1ccc(C(OCC)c2nc(*)nc(C(=O)OCCCCCCCCNC(COC)CCOC)c2)cc1COC,,,,,,,,,,,,,,,,,,,,,,,,,,,,,,,,,1.0,10.0,23.0,2.0,0.0,2.0,42.0,110.26000000000002,0.0,1.0,16.750636073611577,1.8229580848397304,559.32575078,24.0,16.0,12.887973288717875,70.62217774158188,1.0,0.0,0.0,0.0,0.0,0.0,30.0,1.0,0.0,0.0,6.0,12.0,0.2857142857142857
CC[C@H]1C(=O)NC(=O)[C@@]1(C)c2ccccc2,3.32976916370143,0.8691497419993262,1.0,2.0,2.0,2.0,1.0,1.0,16.0,46.17,0.0,1.0,5.316788604006331,2.507597474988768,217.11027872,5.0,11.0,11.944263038548755,25.683286491704038,1.25,0.0,0.0,0.0,0.0,0.0,9.0,2.0,0.0,0.0,6.0,3.0,0.1875,,,,,,,,,,,,,,,,,,,,,,,,,,,,,,
*c1c(C)c(OCCCCCCCCCCCCC)c(*)n1CCCCCCCCCCCCCCCCCCC,,,,,,,,,,,,,,,,,,,,,,,,,,,,,,,,,0.0,2.0,31.0,1.0,0.0,1.0,41.0,14.16,0.0,1.0,17.1305500970262,2.006948359099278,543.537915828,33.0,6.0,6.4301219148204325,207.0989734469128,0.46153846153846156,0.0,0.0,0.0,0.0,0.0,36.0,0.0,0.0,0.0,5.0,4.0,0.0975609756097561
CC(C)(C(=O)[O-])Oc1ccc(cc1)[C@@H](c2ccc(cc2)Cl)O,2.835129505029194,0.8624731806370958,1.0,4.0,5.0,2.0,0.0,2.0,22.0,69.59,0.0,0.0,9.843390348640755,2.1453330088338154,319.07426025190995,6.0,16.0,10.926176967362588,25.552491598113235,1.0909090909090908,1.0,0.0,1.0,0.0,0.0,10.0,1.0,0.0,0.0,6.0,5.0,0.22727272727272727,,,,,,,,,,,,,,,,,,,,,,,,,,,,,,
*OC(CC)O*,,,,,,,,,,,,,,,,,,,,,,,,,,,,,,,,,0.0,2.0,3.0,0.0,0.0,0.0,7.0,18.46,0.0,0.0,0.0,2.9923028831940863,74.036779432,5.0,0.0,5.138888888888889,19.634585551951847,2.0,0.0,0.0,0.0,0.0,0.0,6.0,0.0,0.0,0.0,0.0,4.0,0.5714285714285714
C[C@@H](C(=O)[O-])Oc1ccc(cc1)Oc2ccc(cc2)Cl,2.523761723453653,0.8609114934023647,0.0,4.0,5.0,2.0,0.0,2.0,20.0,58.59,0.0,0.0,14.580253302440804,2.008260133749961,291.04296012391,3.0,17.0,10.567668736909912,13.027703587438927,1.0,1.0,0.0,1.0,0.0,0.0,8.0,1.0,0.0,0.0,6.0,5.0,0.25,,,,,,,,,,,,,,,,,,,,,,,,,,,,,,
*CC(*)C(=O)Oc1cccc(F)c1,,,,,,,,,,,,,,,,,,,,,,,,,,,,,,,,,0.0,2.0,3.0,1.0,0.0,1.0,14.0,26.3,0.0,0.0,4.736862953800049,2.6471866995606024,166.043007684,3.0,9.0,12.73724576404636,13.344558822616634,1.8333333333333333,1.0,1.0,0.0,0.0,0.0,7.0,1.0,0.0,0.0,6.0,5.0,0.35714285714285715
C[C@@H](c1cccc(c1)Oc2ccccc2)C(=O)[O-],2.5712533385402327,0.8383628863846695,0.0,3.0,4.0,2.0,0.0,2.0,18.0,49.36,0.0,0.0,9.843390348640755,2.2004230467040573,241.08701785591,2.0,16.0,10.817415158594812,12.841643245852017,1.0555555555555556,0.0,0.0,0.0,0.0,0.0,6.0,1.0,0.0,0.0,6.0,3.0,0.16666666666666666,,,,,,,,,,,,,,,,,,,,,,,,,,,,,,
*CCCCCCCCCCOC(=O)C(S*)OCC,,,,,,,,,,,,,,,,,,,,,,,,,,,,,,,,,0.0,4.0,14.0,0.0,0.0,0.0,20.0,35.53,0.0,0.0,0.0,3.3224559988607147,274.160265692,15.0,3.0,11.676824431207443,70.65004575435842,1.1666666666666667,0.0,0.0,0.0,0.0,0.0,18.0,1.0,0.0,0.0,0.0,6.0,0.3
CN1C[C@H](OC1=O)CC[NH+]2CCC(=CC2)c3ccccc3,4.376665988253341,0.882357387163166,1.0,2.0,4.0,3.0,2.0,1.0,21.0,33.98,0.0,2.0,4.899909730850478,1.4767581411916153,287.17540439609,9.0,12.0,11.32285710374559,18.94560963360032,1.3333333333333333,0.0,0.0,0.0,0.0,0.0,15.0,2.0,0.0,0.0,6.0,4.0,0.19047619047619047,,,,,,,,,,,,,,,,,,,,,,,,,,,,,,
*CC(*)(C(F)(F)F)OCCCCCOc1ccccc1,,,,,,,,,,,,,,,,,,,,,,,,,,,,,,,,,0.0,2.0,9.0,1.0,0.0,1.0,21.0,18.46,0.0,0.0,4.736862953800049,2.117874821228335,274.118064444,12.0,7.0,12.87981112354749,38.46646697366043,1.0526315789473684,3.0,3.0,0.0,0.0,0.0,15.0,0.0,0.0,0.0,6.0,7.0,0.3333333333333333
c1ccc(cc1)[C@@H](CNc2ncccn2)O,2.3387428719632712,0.8711774685868784,2.0,4.0,4.0,2.0,0.0,2.0,16.0,58.040000000000006,0.0,1.0,5.316788604006331,1.9173511714265792,215.105862036,3.0,13.0,9.863774565381709,6.103966387748303,1.0625,0.0,0.0,0.0,0.0,0.0,5.0,0.0,0.0,0.0,6.0,4.0,0.25,,,,,,,,,,,,,,,,,,,,,,,,,,,,,,
*CCCCCCCCCCCCCOC(=O)CCC(=O)N*,,,,,,,,,,,,,,,,,,,,,,,,,,,,,,,,,1.0,3.0,16.0,0.0,0.0,0.0,23.0,55.400000000000006,0.0,0.0,5.733667477162185,3.152741810706825,297.230393852,15.0,6.0,11.386421714769561,90.39441829772878,0.8095238095238095,0.0,0.0,0.0,0.0,0.0,20.0,2.0,0.0,0.0,0.0,6.0,0.2608695652173913
C[NH+]1CC[C@]([C@@H](C1)C(=O)c2ccc(cc2)F)(c3ccc(cc3)F)O,4.053082114600262,0.8895374454177046,2.0,2.0,3.0,3.0,1.0,2.0,24.0,41.74,0.0,1.0,4.899909730850478,1.9834677020951146,332.14566174008996,10.0,14.0,13.210986457893023,12.021872433909698,1.0833333333333333,2.0,2.0,0.0,0.0,0.0,13.0,1.0,0.0,0.0,6.0,5.0,0.20833333333333334,,,,,,,,,,,,,,,,,,,,,,,,,,,,,,
*c1ccc(*)cc1-c1ccccc1C,,,,,,,,,,,,,,,,,,,,,,,,,,,,,,,,,0.0,0.0,1.0,2.0,0.0,2.0,15.0,0.0,0.0,0.0,12.13273413692322,2.6351653177505687,166.07825032,1.0,12.0,2.435185185185185,6.923737199690624,1.0,0.0,0.0,0.0,0.0,0.0,4.0,0.0,0.0,0.0,6.0,2.0,0.13333333333333333
C[NH+](C)[C@H]1CCc2c(c3cc(cc(c3[nH]2)F)F)C1,4.161199419988196,0.9290285357349042,2.0,0.0,1.0,3.0,1.0,2.0,18.0,20.23,0.6666666666666666,1.0,4.899909730850478,2.152853030197215,251.13543140408999,9.0,9.0,13.712712112622826,25.30430569792599,1.2777777777777777,2.0,2.0,0.0,0.0,0.0,10.0,0.0,0.0,2.0,6.0,4.0,0.2222222222222222,,,,,,,,,,,,,,,,,,,,,,,,,,,,,,
*CCCCCCCCCOC(=O)CCCCCCCC(*)OC(=O)c1ccccc1,,,,,,,,,,,,,,,,,,,,,,,,,,,,,,,,,0.0,4.0,19.0,1.0,0.0,1.0,31.0,52.6,0.0,0.0,0.0,1.8755683337385232,402.27700969599994,17.0,12.0,12.044092820548741,103.42212188516771,0.8275862068965517,0.0,0.0,0.0,0.0,0.0,23.0,2.0,0.0,0.0,6.0,6.0,0.1935483870967742
C[NH2+]C[C@H](c1cccc(c1)C(F)(F)F)OC,3.6200969845503383,0.886689219398754,1.0,1.0,4.0,1.0,0.0,1.0,16.0,25.84,0.0,0.0,5.316788604006331,2.967205645305955,234.11002518009,10.0,6.0,12.472452758881332,12.280264905191778,1.375,3.0,3.0,0.0,0.0,0.0,10.0,0.0,0.0,0.0,6.0,5.0,0.3125,,,,,,,,,,,,,,,,,,,,,,,,,,,,,,
*CC(*)(CC(F)(F)F)C(F)(F)F,,,,,,,,,,,,,,,,,,,,,,,,,,,,,,,,,0.0,0.0,2.0,0.0,0.0,0.0,13.0,0.0,0.0,0.0,0.0,4.6683107706577776,178.021719448,11.0,0.0,12.2375,31.615061903664973,1.0909090909090908,6.0,6.0,0.0,0.0,0.0,12.0,0.0,0.0,0.0,0.0,8.0,0.6153846153846154
C[C@H]1CCc2cc(cc3c2n1cc(c3=O)C(=O)[O-])F,3.419422132787071,0.894079483904238,0.0,4.0,1.0,3.0,1.0,2.0,19.0,62.129999999999995,1.0,2.0,10.535317786741246,2.534425296750556,260.07284501191003,5.0,14.0,13.53868102796674,25.807221274690605,1.4736842105263157,1.0,1.0,0.0,0.0,0.0,8.0,2.0,0.0,2.0,6.0,5.0,0.2631578947368421,,,,,,,,,,,,,,,,,,,,,,,,,,,,,,
*CC(*)C(=O)OCCCCCCCOC(=O)OC,,,,,,,,,,,,,,,,,,,,,,,,,,,,,,,,,0.0,5.0,10.0,0.0,0.0,0.0,19.0,61.83,0.0,0.0,0.0,3.2327680067100353,244.13107374,10.0,7.0,11.460396182281693,45.448666937246685,1.1176470588235294,0.0,0.0,0.0,0.0,0.0,16.0,2.0,0.0,0.0,0.0,7.0,0.3684210526315789
C[C@@H](c1ccc(c(c1)F)c2ccccc2)C(=O)[O-],2.6537021892189667,0.8522525936731575,0.0,2.0,3.0,2.0,0.0,2.0,18.0,40.129999999999995,0.0,0.0,5.106527394840706,2.4013638717125736,243.08268142391,3.0,15.0,13.946228269085411,12.841643245852017,1.1666666666666667,1.0,1.0,0.0,0.0,0.0,6.0,1.0,0.0,0.0,6.0,3.0,0.16666666666666666,,,,,,,,,,,,,,,,,,,,,,,,,,,,,,
*c1nc(*)oc1O,,,,,,,,,,,,,,,,,,,,,,,,,,,,,,,,,1.0,3.0,0.0,1.0,0.0,1.0,8.0,46.260000000000005,0.0,1.0,12.5904830704036,3.1432884389630606,83.000728272,0.0,6.0,8.813425925925927,0.0,2.0,0.0,0.0,0.0,0.0,0.0,3.0,0.0,0.0,0.0,5.0,5.0,0.625
C[C@@H](Cc1ccccc1)NC=O,2.4302428223724455,0.8598473433041949,1.0,1.0,4.0,1.0,0.0,1.0,12.0,29.1,0.0,0.0,5.316788604006331,2.4633603639684996,163.099714036,3.0,9.0,10.094374842529604,19.386399651764595,1.4166666666666667,0.0,0.0,0.0,0.0,0.0,5.0,1.0,0.0,0.0,6.0,2.0,0.16666666666666666,,,,,,,,,,,,,,,,,,,,,,,,,,,,,,
*CCCCCCCC(=O)NCCCCCCNC(=O)CCCS*,,,,,,,,,,,,,,,,,,,,,,,,,,,,,,,,,2.0,3.0,18.0,0.0,0.0,0.0,25.0,58.2,0.0,0.0,10.633577208012662,3.2390141831302577,342.234099328,17.0,6.0,11.703944910635823,83.97359667480276,0.7391304347826086,0.0,0.0,0.0,0.0,0.0,22.0,2.0,0.0,0.0,0.0,7.0,0.28
c1cc(oc1/C=N/N2C[C@@H](OC2=O)C[NH+]3CCOCC3)[N+](=O)[O-],4.62761417256452,0.9133525452422012,1.0,7.0,5.0,3.0,2.0,1.0,23.0,111.85,0.0,3.0,4.899909730850478,1.541433709733193,325.11426068408997,9.0,14.0,11.778221529352482,6.103966387748303,1.434782608695652,0.0,0.0,0.0,0.0,0.0,17.0,3.0,0.0,0.0,6.0,10.0,0.43478260869565216,,,,,,,,,,,,,,,,,,,,,,,,,,,,,,
*CCCCCN(*)C(=O)c1ccc(Cc2ccccc2)cc1,,,,,,,,,,,,,,,,,,,,,,,,,,,,,,,,,0.0,1.0,8.0,2.0,0.0,2.0,23.0,20.310000000000002,0.0,0.0,0.0,1.8909099101110631,279.162314292,6.0,15.0,12.478771214906224,32.60702369139466,0.9523809523809523,0.0,0.0,0.0,0.0,0.0,11.0,1.0,0.0,0.0,6.0,4.0,0.17391304347826086
C[C@H](Cc1cccc(c1)O)[NH3+],3.273875714908896,0.8611526781932595,2.0,1.0,2.0,1.0,0.0,1.0,11.0,47.870000000000005,0.0,0.0,5.733667477162185,2.712830680866848,152.10699048809,4.0,7.0,9.105542328042327,19.386399651764595,1.5454545454545454,0.0,0.0,0.0,0.0,0.0,5.0,0.0,0.0,0.0,6.0,2.0,0.18181818181818182,,,,,,,,,,,,,,,,,,,,,,,,,,,,,,
*Cc1cccc(NC(=O)CCCCCCCCCCCCC(*)=O)c1,,,,,,,,,,,,,,,,,,,,,,,,,,,,,,,,,1.0,2.0,15.0,1.0,0.0,1.0,26.0,46.17,0.0,0.0,5.316788604006331,1.9197044600126696,329.235479232,13.0,11.0,12.001857736196106,83.97359667480276,0.875,0.0,0.0,0.0,0.0,0.0,18.0,2.0,0.0,0.0,6.0,5.0,0.19230769230769232
C[C@H]([C@H]1OC[C@@H](O1)CO)I,4.559937046975768,0.91625342196221,1.0,3.0,2.0,1.0,1.0,0.0,10.0,38.69,0.0,1.0,0.0,2.282964202308462,257.975292212,10.0,0.0,8.658131141345427,23.242367142303934,1.8,1.0,0.0,0.0,0.0,1.0,10.0,0.0,0.0,0.0,5.0,4.0,0.4,,,,,,,,,,,,,,,,,,,,,,,,,,,,,,
*CC(O)CCCCc1ccc(CCCCC)cc(/C=N/c2ccc(S(=O)(*)=O)cc2)cc1,,,,,,,,,,,,,,,,,,,,,,,,,,,,,,,,,1.0,4.0,13.0,2.0,1.0,1.0,33.0,66.73,0.0,0.0,0.0,2.125198718394059,439.218114916,13.0,18.0,11.771186757169431,76.21349724605541,1.064516129032258,0.0,0.0,0.0,0.0,0.0,21.0,7.0,0.0,0.0,8.0,7.0,0.21212121212121213
C[N+]1(CC[C@@H](C1)OC(=O)[C@](c2ccccc2)(C3CCCC3)O)C,3.512159498443662,0.8707153066946512,1.0,3.0,4.0,3.0,2.0,1.0,23.0,46.53,0.0,1.0,0.0,1.8197636228721978,318.20637017608993,14.0,9.0,12.940289115646259,43.809125313362046,1.173913043478261,0.0,0.0,0.0,0.0,0.0,18.0,1.0,0.0,0.0,6.0,4.0,0.17391304347826086,,,,,,,,,,,,,,,,,,,,,,,,,,,,,,
*CC(C)CCC(*)OC1C(=O)OCC1(C)C,,,,,,,,,,,,,,,,,,,,,,,,,,,,,,,,,0.0,3.0,6.0,1.0,1.0,0.0,17.0,35.53,0.0,1.0,0.0,2.3957859053237565,212.1412445,12.0,3.0,11.610254157218444,53.24744039687573,1.7333333333333334,0.0,0.0,0.0,0.0,0.0,16.0,1.0,0.0,0.0,5.0,5.0,0.29411764705882354
Cn1c2ccccc2c(n1)C(=O)NC3C[C@@H]4CCC[C@H](C3)[NH+]4C,5.139354243554427,0.8775201005137158,2.0,3.0,2.0,4.0,2.0,2.0,23.0,51.36,0.5,3.0,10.216698334856808,1.5354917180568548,313.20228784009004,11.0,12.0,12.747677390400604,50.229630602073925,1.2608695652173914,0.0,0.0,0.0,0.0,0.0,15.0,1.0,0.0,2.0,6.0,5.0,0.21739130434782608,,,,,,,,,,,,,,,,,,,,,,,,,,,,,,
*C(=O)Nc1ccc(NC(=O)c2ccc(*)cc2)cc1,,,,,,,,,,,,,,,,,,,,,,,,,,,,,,,,,2.0,2.0,3.0,2.0,0.0,2.0,20.0,58.2,0.0,0.0,16.699944276474273,2.039615178793104,238.07422756,0.0,18.0,12.037633823591165,0.0,0.8888888888888888,0.0,0.0,0.0,0.0,0.0,7.0,2.0,0.0,0.0,6.0,6.0,0.3
CC(=O)Oc1ccccc1C(=O)Oc2ccccc2OC,1.7114861236916212,0.8510451353355538,0.0,5.0,4.0,2.0,0.0,2.0,21.0,61.83000000000001,0.0,0.0,14.210588861400147,2.2637953129109274,286.084123548,2.0,19.0,12.215474300831444,6.923737199690624,0.8095238095238095,0.0,0.0,0.0,0.0,0.0,8.0,2.0,0.0,0.0,6.0,5.0,0.23809523809523808,,,,,,,,,,,,,,,,,,,,,,,,,,,,,,
*C[Si](*)(C#N)C(=O)OCCCCCCCC[N+](=O)[O-],,,,,,,,,,,,,,,,,,,,,,,,,,,,,,,,,0.0,5.0,11.0,0.0,0.0,0.0,20.0,93.23,0.0,0.0,0.0,3.5171496577141848,270.103583586,10.0,6.0,11.82062768415447,45.07194109123715,1.3888888888888888,0.0,0.0,0.0,0.0,0.0,16.0,2.0,1.0,0.0,0.0,9.0,0.45
COc1ccccc1OC(=O)c2ccccc2,1.3420480575077463,0.8371716600822166,0.0,3.0,3.0,2.0,0.0,2.0,17.0,35.53,0.0,0.0,9.473725907600098,2.1888408802345443,228.078644244,1.0,16.0,11.804452003023432,0.0,0.8823529411764706,0.0,0.0,0.0,0.0,0.0,5.0,1.0,0.0,0.0,6.0,3.0,0.17647058823529413,,,,,,,,,,,,,,,,,,,,,,,,,,,,,,
*CCOC(=O)C(C)=N*,,,,,,,,,,,,,,,,,,,,,,,,,,,,,,,,,0.0,3.0,3.0,0.0,0.0,0.0,10.0,38.66,0.0,0.0,0.0,3.6331012593654077,113.047678464,3.0,5.0,10.847731481481482,13.847474399381248,2.125,0.0,0.0,0.0,0.0,0.0,7.0,2.0,0.0,0.0,0.0,5.0,0.5
COc1ccccc1OC(=O)Oc2ccccc2OC,1.6761773338529764,0.8375635941506614,0.0,5.0,4.0,2.0,0.0,2.0,20.0,53.99000000000001,0.0,0.0,18.947451815200196,2.0913662656720033,274.08412354800004,2.0,18.0,11.762607709750567,0.0,0.7,0.0,0.0,0.0,0.0,0.0,8.0,1.0,0.0,0.0,6.0,5.0,0.25,,,,,,,,,,,,,,,,,,,,,,,,,,,,,,
*CC(*)C(=O)C(Cl)C(F)(F)C(F)(F)C(F)(F)C(F)(F)F,,,,,,,,,,,,,,,,,,,,,,,,,,,,,,,,,0.0,1.0,6.0,0.0,0.0,0.0,21.0,17.07,0.0,0.0,0.0,5.731388074566796,321.980696408,17.0,2.0,13.333528439153438,42.66553271254957,1.0526315789473684,10.0,9.0,1.0,0.0,0.0,19.0,1.0,0.0,0.0,0.0,13.0,0.6190476190476191
CCOc1ccccc1OC[C@@H](CO)O,2.162429596316681,0.8544550243370291,2.0,4.0,6.0,1.0,0.0,1.0,15.0,58.92,0.0,0.0,9.473725907600098,2.583395224484379,212.104858992,7.0,8.0,9.124212411816579,13.027703587438927,1.2,0.0,0.0,0.0,0.0,0.0,9.0,0.0,0.0,0.0,6.0,4.0,0.26666666666666666,,,,,,,,,,,,,,,,,,,,,,,,,,,,,,
*CCN(*)c1ccc(O)c(OCC)c1,,,,,,,,,,,,,,,,,,,,,,,,,,,,,,,,,1.0,3.0,5.0,1.0,0.0,1.0,15.0,32.7,0.0,0.0,10.05365155780638,2.857575593940652,179.094628656,4.0,9.0,9.56698326089695,13.847474399381248,1.6923076923076923,0.0,0.0,0.0,0.0,0.0,9.0,0.0,0.0,0.0,6.0,5.0,0.3333333333333333
COc1ccccc1OC(=O)Cc2ccccc2,1.4815988579445794,0.8297610506299032,0.0,3.0,4.0,2.0,0.0,2.0,18.0,35.53,0.0,0.0,9.473725907600098,2.032830420904826,242.094294308,2.0,16.0,11.772233560090704,6.4208216229260096,0.9444444444444444,0.0,0.0,0.0,0.0,0.0,6.0,1.0,0.0,0.0,6.0,3.0,0.16666666666666666,,,,,,,,,,,,,,,,,,,,,,,,,,,,,,
*CC(*)(C(=O)OC)c1ccc(OC(C)C)cc1,,,,,,,,,,,,,,,,,,,,,,,,,,,,,,,,,0.0,3.0,5.0,1.0,0.0,1.0,18.0,35.53,0.0,0.0,4.736862953800049,2.9834431883382457,220.109944372,6.0,10.0,11.976962107373815,32.79308403298157,1.5,0.0,0.0,0.0,0.0,0.0,11.0,1.0,0.0,0.0,6.0,5.0,0.2777777777777778
COc1ccccc1OC[C@@H](CO)O,2.100741053061201,0.8502134479209027,2.0,4.0,5.0,1.0,0.0,1.0,14.0,58.92,0.0,0.0,9.473725907600098,2.569521757324299,198.089208928,6.0,8.0,9.067017195767196,6.103966387748303,1.2857142857142858,0.0,0.0,0.0,0.0,0.0,8.0,0.0,0.0,0.0,6.0,4.0,0.2857142857142857,,,,,,,,,,,,,,,,,,,,,,,,,,,,,,
*CCCCOC(=O)Nc1ccc(NC(=O)OCCCCCCC(*)=O)cc1,,,,,,,,,,,,,,,,,,,,,,,,,,,,,,,,,2.0,5.0,13.0,1.0,0.0,1.0,28.0,93.73000000000002,0.0,0.0,10.633577208012662,2.1814016912503225,362.18417193199997,10.0,16.0,11.769785772398855,51.8694885601727,0.8076923076923077,0.0,0.0,0.0,0.0,0.0,19.0,3.0,0.0,0.0,6.0,9.0,0.32142857142857145
c1ccc2c(c1)OC[C@@H](O2)CNC(=[NH2+])N,3.290186100277837,0.8885646591310474,3.0,2.0,2.0,2.0,1.0,1.0,15.0,82.1,0.5,1.0,25.933465594560136,1.9648460992136842,208.10805310809,3.0,12.0,5.670370370370371,6.103966387748303,1.4666666666666666,0.0,0.0,0.0,0.0,0.0,9.0,1.0,0.0,1.0,6.0,5.0,0.3333333333333333,,,,,,,,,,,,,,,,,,,,,,,,,,,,,,
*CC(*)(C)C(=O)OC(=O)O,,,,,,,,,,,,,,,,,,,,,,,,,,,,,,,,,1.0,3.0,2.0,0.0,0.0,0.0,11.0,63.60000000000001,0.0,0.0,0.0,4.130841572096518,130.026608672,3.0,6.0,11.005694444444444,19.76538044554264,2.0,0.0,0.0,0.0,0.0,0.0,8.0,2.0,0.0,0.0,0.0,6.0,0.5454545454545454
C[C@@H](c1ccc(cc1)c2ccccc2)C(=O)[O-],2.46214176814453,0.8383212131221396,0.0,2.0,3.0,2.0,0.0,2.0,17.0,40.129999999999995,0.0,0.0,5.106527394840706,2.2772986688308854,225.09210323591,2.0,15.0,10.743530048995417,12.841643245852017,0.9411764705882353,0.0,0.0,0.0,0.0,0.0,5.0,1.0,0.0,0.0,6.0,2.0,0.11764705882352941,,,,,,,,,,,,,,,,,,,,,,,,,,,,,,
*CCCCOC(=O)c1c(C#N)cc1C(=O)O*,,,,,,,,,,,,,,,,,,,,,,,,,,,,,,,,,0.0,5.0,6.0,1.0,1.0,0.0,18.0,76.39,0.0,0.0,0.0,2.5982120477830373,219.053157768,4.0,10.0,11.744786470143612,19.765380445542643,1.5,0.0,0.0,0.0,0.0,0.0,13.0,4.0,1.0,0.0,4.0,7.0,0.3888888888888889
C[N+]1(CCN(CC1)C[C@@](c2ccccc2)(C3CCCCC3)O)C,3.2874365501868983,0.8794784921952206,1.0,2.0,4.0,3.0,2.0,1.0,23.0,23.47,0.0,1.0,0.0,1.779776364494164,317.25874009609,17.0,6.0,11.742947845804988,37.70515892561373,1.0434782608695652,0.0,0.0,0.0,0.0,0.0,19.0,0.0,0.0,0.0,6.0,3.0,0.13043478260869565,,,,,,,,,,,,,,,,,,,,,,,,,,,,,,
*CC1OC(=O)N(C(C)C)CC(*)COC(=O)C(C)C(Cl)C1=O,,,,,,,,,,,,,,,,,,,,,,,,,,,,,,,,,0.0,5.0,2.0,1.0,1.0,0.0,23.0,72.91,0.0,1.0,0.0,3.0765912869870697,317.10300042,12.0,9.0,12.451594387755101,51.638665506790495,1.4761904761904763,1.0,0.0,1.0,0.0,0.0,20.0,3.0,0.0,0.0,12.0,9.0,0.391304347826087
C[C@H](C[NH2+]C1CCCCC1)OC(=O)c2ccccc2,3.4411164899683513,0.8431583219888249,1.0,2.0,5.0,2.0,1.0,1.0,19.0,42.91,0.0,0.0,5.316788604006331,1.7140263316063709,262.18015542809,10.0,9.0,11.870082986898463,51.173652531216945,1.263157894736842,0.0,0.0,0.0,0.0,0.0,13.0,1.0,0.0,0.0,6.0,3.0,0.15789473684210525,,,,,,,,,,,,,,,,,,,,,,,,,,,,,,
*CC(*)NC(=O)OC,,,,,,,,,,,,,,,,,,,,,,,,,,,,,,,,,1.0,2.0,2.0,0.0,0.0,0.0,9.0,38.33,0.0,0.0,5.316788604006331,3.3430002458353805,101.047678464,3.0,4.0,10.515555555555556,13.4684936056032,2.4285714285714284,0.0,0.0,0.0,0.0,0.0,7.0,1.0,0.0,0.0,0.0,5.0,0.5555555555555556
C[NH+]1[C@@H]2CC[C@H]1CC(C2)OC(=O)[C@@H](c3ccccc3)O,5.400329547396825,0.8475225421027175,2.0,3.0,3.0,3.0,2.0,1.0,20.0,50.97,0.3333333333333333,2.0,4.899909730850478,1.5975120721745049,276.15941998409,11.0,9.0,12.047943594104309,49.97490092549657,1.25,0.0,0.0,0.0,0.0,0.0,15.0,1.0,0.0,1.0,6.0,4.0,0.2,,,,,,,,,,,,,,,,,,,,,,,,,,,,,,
*CCCCCCOCCOC(=O)Cc1ccc(C(=O)O*)cc1,,,,,,,,,,,,,,,,,,,,,,,,,,,,,,,,,0.0,5.0,12.0,1.0,0.0,1.0,24.0,61.83,0.0,0.0,0.0,2.102974653887815,306.146723804,10.0,12.0,11.741038994964132,39.02784531432067,1.0,0.0,0.0,0.0,0.0,0.0,16.0,2.0,0.0,0.0,6.0,7.0,0.2916666666666667
C[N+]1([C@@H]2CC[C@H]1CC(C2)OC(=O)[C@@H](c3ccccc3)O)C,4.49419188264486,0.850664669031486,1.0,3.0,3.0,3.0,2.0,1.0,21.0,46.53,0.3333333333333333,2.0,0.0,1.6180182458726402,290.17507004809,12.0,9.0,12.129469954648528,49.97490092549657,1.1904761904761905,0.0,0.0,0.0,0.0,0.0,16.0,1.0,0.0,1.0,6.0,4.0,0.19047619047619047,,,,,,,,,,,,,,,,,,,,,,,,,,,,,,
*C/C=C/c1ccc(OC(=O)c2ccc(O*)cc2)cc1,,,,,,,,,,,,,,,,,,,,,,,,,,,,,,,,,0.0,3.0,5.0,2.0,0.0,2.0,21.0,35.53,0.0,0.0,9.843390348640755,2.025892060502422,252.078644244,1.0,18.0,12.017536354838844,6.923737199690624,1.105263157894737,0.0,0.0,0.0,0.0,0.0,8.0,2.0,0.0,0.0,6.0,5.0,0.23809523809523808
C[C@@H]1C[C@@H](CC(C1)(C)C)OC(=O)c2ccccc2O,2.9790863613020377,0.8654783409667396,1.0,3.0,2.0,2.0,1.0,1.0,19.0,46.53,0.0,0.0,0.0,2.0508210540811196,262.156894564,9.0,10.0,12.06920068027211,46.1376428555982,1.3157894736842106,0.0,0.0,0.0,0.0,0.0,13.0,1.0,0.0,0.0,6.0,3.0,0.15789473684210525,,,,,,,,,,,,,,,,,,,,,,,,,,,,,,
*CCCCCC(C#N)C(=O)O*,,,,,,,,,,,,,,,,,,,,,,,,,,,,,,,,,0.0,3.0,6.0,0.0,0.0,0.0,13.0,50.09,0.0,0.0,0.0,3.6172400764349835,153.078978592,6.0,3.0,11.036886101662887,32.60702369139466,1.7272727272727273,0.0,0.0,0.0,0.0,0.0,10.0,1.0,1.0,0.0,0.0,5.0,0.38461538461538464
C[NH+]1CCc2cc3c(cc2[C@H]1[O-])OCO3,4.629074534104487,0.9167323596878825,1.0,3.0,0.0,3.0,2.0,1.0,15.0,45.96000000000001,0.6666666666666666,2.0,19.480163033291284,2.096597930656998,207.089543276,7.0,8.0,11.966312358276644,12.64872279366088,1.3333333333333333,0.0,0.0,0.0,0.0,0.0,11.0,0.0,0.0,2.0,6.0,4.0,0.26666666666666666,,,,,,,,,,,,,,,,,,,,,,,,,,,,,,
*CC(O)COC(C)=N/*,,,,,,,,,,,,,,,,,,,,,,,,,,,,,,,,,1.0,3.0,3.0,0.0,0.0,0.0,10.0,41.82,0.0,0.0,0.0,3.3519601387951004,115.063328528,5.0,3.0,9.105235260770975,19.95144078712955,2.25,0.0,0.0,0.0,0.0,0.0,8.0,1.0,0.0,0.0,0.0,5.0,0.5
C[C@H](Cc1ccc(cc1)O)[NH3+],3.132335714908896,0.8712188581341114,2.0,1.0,2.0,1.0,0.0,1.0,11.0,47.870000000000005,0.0,0.0,5.733667477162185,2.6612170674040825,152.10699048809,4.0,7.0,8.975168650793652,19.386399651764595,1.3636363636363635,0.0,0.0,0.0,0.0,0.0,5.0,0.0,0.0,0.0,6.0,2.0,0.18181818181818182,,,,,,,,,,,,,,,,,,,,,,,,,,,,,,
*CCC(*)OC(=O)C(OCC)(C)C#N,,,,,,,,,,,,,,,,,,,,,,,,,,,,,,,,,0.0,4.0,6.0,0.0,0.0,0.0,15.0,59.32,0.0,0.0,0.0,4.347546370673399,183.089543276,8.0,3.0,11.661893424036283,39.39996599749449,1.9230769230769231,0.0,0.0,0.0,0.0,0.0,12.0,1.0,1.0,0.0,0.0,6.0,0.4
C[C@@H](c1ccc(cc1)CC(C)C)C(=O)OCc2ccccn2,2.4402611675602106,0.8559773229551726,0.0,3.0,6.0,2.0,0.0,2.0,22.0,39.19,0.0,1.0,0.0,1.9212388949017296,297.17287897600005,7.0,15.0,12.12949281410095,39.71682123267219,1.0909090909090908,0.0,0.0,0.0,0.0,0.0,10.0,1.0,0.0,0.0,6.0,3.0,0.13636363636363635,,,,,,,,,,,,,,,,,,,,,,,,,,,,,,
*CCCCCC(=O)OCCCCCCCCCCCOC(=O)OCCCCCCCCCCCCCCCC(=O)O*,,,,,,,,,,,,,,,,,,,,,,,,,,,,,,,,,0.0,7.0,33.0,0.0,0.0,0.0,43.0,88.13000000000001,0.0,0.0,0.0,3.2109602033853113,582.4495543239999,31.0,10.0,11.720156752580053,180.28592101869296,0.3902439024390244,0.0,0.0,0.0,0.0,0.0,39.0,3.0,0.0,0.0,0.0,9.0,0.20930232558139536
C[C@@H](c1ccc(cc1)CC(C)C)C(=O)NO,2.474273013172878,0.8666405341452709,2.0,2.0,4.0,1.0,0.0,1.0,16.0,49.33,0.0,0.0,5.480096598121202,2.7418154035054956,221.141578848,7.0,9.0,11.213813959225664,33.10993926815927,1.25,0.0,0.0,0.0,0.0,0.0,9.0,1.0,0.0,0.0,6.0,3.0,0.1875,,,,,,,,,,,,,,,,,,,,,,,,,,,,,,
*Nc1c(OCC(C)C)cc(*)cc1-c1ccccc1C(F)(F)F,,,,,,,,,,,,,,,,,,,,,,,,,,,,,,,,,1.0,2.0,5.0,2.0,0.0,2.0,24.0,21.259999999999998,0.0,0.0,16.536897499423844,2.6294320883714604,307.118398792,8.0,14.0,13.40427756291528,20.023772916824722,1.2272727272727273,3.0,3.0,0.0,0.0,0.0,13.0,0.0,0.0,0.0,6.0,7.0,0.2916666666666667
CCn1cc[nH+]c1C[C@H]2COc3ccccc3O2,3.9501907755760044,0.8949909150806836,0.0,3.0,3.0,3.0,1.0,2.0,18.0,37.53,0.3333333333333333,2.0,14.457704428547306,1.73084966375711,245.12845420409,5.0,13.0,5.946399281934996,25.993281616277514,1.3333333333333333,0.0,0.0,0.0,0.0,0.0,9.0,0.0,0.0,1.0,6.0,4.0,0.2222222222222222,,,,,,,,,,,,,,,,,,,,,,,,,,,,,,
*CCCCCCCCCCCCCCOC(=O)C(CCCCCC)(CCCCCCCNC(=O)O*)c1ccc(OCCCC)cc1,,,,,,,,,,,,,,,,,,,,,,,,,,,,,,,,,1.0,5.0,33.0,1.0,0.0,1.0,48.0,73.86,0.0,0.0,10.05365155780638,2.7231953075892688,643.517574308,32.0,14.0,14.143775149959982,186.70674264161897,0.6521739130434783,0.0,0.0,0.0,0.0,0.0,40.0,2.0,0.0,0.0,6.0,8.0,0.16666666666666666
C[C@@H](c1ccc(cc1)N2Cc3ccccc3C2=O)C(=O)[O-],2.8674679429812535,0.8591058309520726,0.0,3.0,3.0,3.0,1.0,2.0,21.0,60.44,0.3333333333333333,1.0,10.006437125691184,1.8662912801910778,280.09791688791,3.0,18.0,12.346022035357354,19.38639965176459,1.1428571428571428,0.0,0.0,0.0,0.0,0.0,9.0,2.0,0.0,1.0,6.0,4.0,0.19047619047619047,,,,,,,,,,,,,,,,,,,,,,,,,,,,,,
*OC(=O)Nc1ccc(OCc2ccc(C(=O)O*)cc2)cc1,,,,,,,,,,,,,,,,,,,,,,,,,,,,,,,,,1.0,5.0,5.0,2.0,0.0,2.0,23.0,73.86,0.0,0.0,10.05365155780638,1.9014349290728363,285.06372245200004,1.0,20.0,11.408251806301742,6.606881964512918,1.0,0.0,0.0,0.0,0.0,0.0,10.0,2.0,0.0,0.0,6.0,8.0,0.34782608695652173
CCC[NH+]1CCC[C@@H](C1)c2cccc(c2)O,4.438697637401644,0.8767220504878032,2.0,1.0,3.0,2.0,1.0,1.0,16.0,24.67,0.0,1.0,4.899909730850478,2.0346842250717216,220.16959074409,9.0,7.0,9.506174886621315,32.104108114630044,1.4375,0.0,0.0,0.0,0.0,0.0,11.0,0.0,0.0,0.0,6.0,2.0,0.125,,,,,,,,,,,,,,,,,,,,,,,,,,,,,,
*CC(*)([2H])C(=O)OCCC[N+](C)(C)Cl,,,,,,,,,,,,,,,,,,,,,,,,,,,,,,,,,0.0,2.0,6.0,0.0,0.0,0.0,15.0,26.3,0.0,0.0,0.0,3.74449492102522,193.08485956609,9.0,3.0,11.475022675736962,19.74143208474433,2.0,1.0,0.0,1.0,0.0,0.0,13.0,1.0,0.0,0.0,0.0,7.0,0.4666666666666667
CC[C@@H]([C@H](c1ccc(c(c1)O)O)O)[NH2+]C(C)C,4.151812934529319,0.8849665441364012,4.0,3.0,5.0,1.0,0.0,1.0,17.0,77.3,0.0,0.0,5.316788604006331,2.8523989627322273,240.15941998409,9.0,8.0,10.22050925925926,45.379681268042106,1.1764705882352942,0.0,0.0,0.0,0.0,0.0,11.0,0.0,0.0,0.0,6.0,4.0,0.23529411764705882,,,,,,,,,,,,,,,,,,,,,,,,,,,,,,
*CC(*)(C)C(=O)OCCCOC(=O)c1ccc(-c2ccc(C#N)cc2)cc1,,,,,,,,,,,,,,,,,,,,,,,,,,,,,,,,,0.0,5.0,8.0,2.0,0.0,2.0,28.0,76.39,0.0,0.0,0.0,1.7977532745474598,349.13140808800006,6.0,18.0,12.130845264643966,26.18620206846865,1.0769230769230769,0.0,0.0,0.0,0.0,0.0,14.0,2.0,1.0,0.0,6.0,7.0,0.25
C[C@@H](CN1c2ccccc2Sc3c1nccc3)[NH+](C)C,3.7422034816954115,0.8863245409668857,1.0,3.0,3.0,3.0,1.0,2.0,20.0,20.570000000000004,0.6666666666666666,2.0,9.799819461700956,2.0315697070684253,286.13724506009,7.0,13.0,4.607798563869992,22.756544979874135,1.15,0.0,0.0,0.0,0.0,0.0,10.0,0.0,0.0,1.0,6.0,4.0,0.2,,,,,,,,,,,,,,,,,,,,,,,,,,,,,,
*CCCNC(=O)CCCCC(=O)Nc1ccc(-c2ccc(NC(=O)O*)cc2)cc1,,,,,,,,,,,,,,,,,,,,,,,,,,,,,,,,,3.0,4.0,11.0,2.0,0.0,2.0,31.0,96.53000000000002,0.0,0.0,15.950365812018994,1.7428630036967152,395.18450628,7.0,22.0,12.128304608223544,39.02784531432067,0.7931034482758621,0.0,0.0,0.0,0.0,0.0,17.0,3.0,0.0,0.0,6.0,9.0,0.2903225806451613
C[C@H](COc1ccccc1)[NH2+][C@@H](C)[C@H](c2ccc(cc2)O)O,3.6863292508865158,0.8651602220911985,3.0,3.0,7.0,2.0,0.0,2.0,22.0,66.3,0.0,0.0,10.05365155780638,1.8218107604044422,302.17507004808994,8.0,14.0,10.36036683964985,32.03512244542547,1.0,0.0,0.0,0.0,0.0,0.0,11.0,0.0,0.0,0.0,6.0,4.0,0.18181818181818182,,,,,,,,,,,,,,,,,,,,,,,,,,,,,,
*CCC(=O)OCCCCCCOC(=O)OCCCCOC(=O)NCc1ccc(NC(=O)O*)cc1,,,,,,,,,,,,,,,,,,,,,,,,,,,,,,,,,2.0,9.0,17.0,1.0,0.0,1.0,36.0,138.48999999999998,0.0,0.0,10.633577208012662,1.9423998717328324,480.210780604,13.0,21.0,11.769629215611563,58.41424496608527,0.7647058823529411,0.0,0.0,0.0,0.0,0.0,26.0,4.0,0.0,0.0,6.0,13.0,0.3611111111111111
C[NH2+][C@@]1(CCCCC1=O)c2ccccc2Cl,3.699777700113845,0.8809476988285259,1.0,1.0,2.0,2.0,1.0,1.0,16.0,33.68,0.0,0.0,5.316788604006331,2.4834146744155157,238.09931826409,8.0,8.0,12.210065507684554,31.22221174408738,1.3125,1.0,0.0,1.0,0.0,0.0,10.0,1.0,0.0,0.0,6.0,3.0,0.1875,,,,,,,,,,,,,,,,,,,,,,,,,,,,,,
*CCNC(=O)CC(*)=O,,,,,,,,,,,,,,,,,,,,,,,,,,,,,,,,,1.0,2.0,4.0,0.0,0.0,0.0,10.0,46.17,0.0,0.0,5.316788604006331,3.346959626471701,113.047678464,3.0,5.0,10.748194444444444,13.344558822616634,1.75,0.0,0.0,0.0,0.0,0.0,7.0,2.0,0.0,0.0,0.0,5.0,0.5
CCOc1ccc(cc1)NC(=O)[C@@H](C)O,2.044152887659486,0.8553448229734502,2.0,3.0,4.0,1.0,0.0,1.0,15.0,58.56,0.0,0.0,10.05365155780638,2.601044089440692,209.10519334,5.0,10.0,11.130506346056942,19.95144078712955,1.4666666666666666,0.0,0.0,0.0,0.0,0.0,8.0,1.0,0.0,0.0,6.0,4.0,0.26666666666666666,,,,,,,,,,,,,,,,,,,,,,,,,,,,,,
*CC(*)(C)C(=O)Oc1ccc(C)c(C)c1,,,,,,,,,,,,,,,,,,,,,,,,,,,,,,,,,0.0,2.0,3.0,1.0,0.0,1.0,16.0,26.3,0.0,0.0,4.736862953800049,2.8154443903029223,190.099379688,5.0,9.0,11.941740835222978,33.61285484492389,1.5714285714285714,0.0,0.0,0.0,0.0,0.0,9.0,1.0,0.0,0.0,6.0,4.0,0.25
c1cc(ccc1C(=O)OC[C@@H](CO)O)N,2.3676057957270267,0.877899524726234,3.0,5.0,4.0,1.0,0.0,1.0,15.0,92.78,0.0,0.0,5.733667477162185,2.5030835256922077,211.084457896,5.0,10.0,11.32056783824641,6.103966387748303,1.4,0.0,0.0,0.0,0.0,0.0,8.0,1.0,0.0,0.0,6.0,5.0,0.3333333333333333,,,,,,,,,,,,,,,,,,,,,,,,,,,,,,
*Oc1ccc(COc2ccc(Oc3ccc(/C=N/c4ccc(*)cc4)cc3)cc2)cc1,,,,,,,,,,,,,,,,,,,,,,,,,,,,,,,,,0.0,4.0,8.0,4.0,0.0,4.0,32.0,40.05,0.0,0.0,20.646620370902415,1.2990530648210854,393.136493468,1.0,29.0,5.951509856393098,6.606881964512918,0.7,0.0,0.0,0.0,0.0,0.0,10.0,1.0,0.0,0.0,6.0,6.0,0.1875
c1ccc(c(c1)C2=N[C@H](C(=O)Nc3c2cc(cc3)Cl)O)Cl,2.807837956019064,0.8811565563544079,2.0,3.0,1.0,3.0,1.0,2.0,21.0,61.69,0.3333333333333333,1.0,5.316788604006331,2.26892535252096,320.01193292,4.0,17.0,11.789372952884861,6.22790117073487,1.0952380952380953,2.0,0.0,2.0,0.0,0.0,9.0,2.0,0.0,1.0,7.0,6.0,0.2857142857142857,,,,,,,,,,,,,,,,,,,,,,,,,,,,,,
*CC(*)CCl,,,,,,,,,,,,,,,,,,,,,,,,,,,,,,,,,0.0,0.0,2.0,0.0,0.0,0.0,6.0,0.0,0.0,0.0,0.0,2.7541847860376616,76.00797784,4.0,0.0,5.554614197530864,13.344558822616634,2.5,1.0,0.0,1.0,0.0,0.0,5.0,0.0,0.0,0.0,0.0,3.0,0.5
CN1c2ccc(cc2C(=N[C@H](C1=O)O)c3ccccc3Cl)Cl,2.8177068820783724,0.8704157259230976,1.0,3.0,1.0,3.0,1.0,2.0,22.0,52.900000000000006,0.3333333333333333,1.0,4.899909730850478,2.3062339416912496,334.027582984,5.0,17.0,12.157428508440415,6.22790117073487,1.1363636363636365,2.0,0.0,2.0,0.0,0.0,10.0,2.0,0.0,1.0,7.0,6.0,0.2727272727272727,,,,,,,,,,,,,,,,,,,,,,,,,,,,,,
*Oc1ccc(OC(=O)CC(C)(C)C(=O)O*)cc1,,,,,,,,,,,,,,,,,,,,,,,,,,,,,,,,,0.0,5.0,5.0,1.0,0.0,1.0,19.0,61.83,0.0,0.0,9.843390348640755,2.616987342481335,236.068473484,4.0,13.0,11.774429091080876,20.268296022307258,1.2352941176470589,0.0,0.0,0.0,0.0,0.0,11.0,2.0,0.0,0.0,6.0,7.0,0.3684210526315789
C[C@@H](c1ccc(cc1)C[C@H]2CCCC2=O)C(=O)[O-],3.3577863940652932,0.858453169292938,0.0,3.0,4.0,2.0,1.0,1.0,18.0,57.2,0.0,0.0,5.106527394840706,2.0331905666563372,245.11831798391,7.0,11.0,11.55714233224154,38.52492973755605,1.3888888888888888,0.0,0.0,0.0,0.0,0.0,11.0,2.0,0.0,0.0,6.0,3.0,0.16666666666666666,,,,,,,,,,,,,,,,,,,,,,,,,,,,,,
*CCCCCCCC#CCCCCCCCCCCCCCCCOc1ccc(C(=O)c2ccc(*)cc2)cc1,,,,,,,,,,,,,,,,,,,,,,,,,,,,,,,,,0.0,2.0,24.0,2.0,0.0,2.0,41.0,26.3,0.0,0.0,10.803230022261658,1.318681823117095,528.3967309039999,22.0,15.0,12.618590335511382,135.34016965821087,0.5641025641025641,0.0,0.0,0.0,0.0,0.0,28.0,1.0,1.0,0.0,6.0,4.0,0.0975609756097561
Cc1cc(c(c(c1)C)OC[C@@H](CO)O)C,2.4432881128001984,0.8894012147574388,2.0,3.0,4.0,1.0,0.0,1.0,15.0,49.69,0.0,0.0,4.736862953800049,2.7654973633835707,210.125594436,8.0,7.0,9.180612402368354,26.875177986820173,1.2,0.0,0.0,0.0,0.0,0.0,9.0,0.0,0.0,0.0,6.0,3.0,0.2,,,,,,,,,,,,,,,,,,,,,,,,,,,,,,
*CC(*)(C)C(=O)OCCOCCOC(=O)CCC(F)(F)C(F)(F)C(F)(F)C(F)(F)F,,,,,,,,,,,,,,,,,,,,,,,,,,,,,,,,,0.0,5.0,13.0,0.0,0.0,0.0,31.0,61.830000000000005,0.0,0.0,0.0,4.312179128547076,448.09322762400006,23.0,6.0,13.294725036538692,56.55090971312187,0.8620689655172413,9.0,9.0,0.0,0.0,0.0,28.0,2.0,0.0,0.0,0.0,16.0,0.5161290322580645
CC(C)(C)[NH2+]C[C@H](c1cc(c(c(c1)Cl)N)C(F)(F)F)O,3.9207102690257285,0.9014197395917969,3.0,2.0,3.0,1.0,0.0,1.0,20.0,62.86,0.0,0.0,11.050456081168516,3.049341694161187,311.11325198809,13.0,7.0,12.819132968002016,38.590401756647,1.3,4.0,3.0,1.0,0.0,0.0,14.0,0.0,0.0,0.0,6.0,7.0,0.35,,,,,,,,,,,,,,,,,,,,,,,,,,,,,,
*C(=O)NCCCNC(=O)O*,,,,,,,,,,,,,,,,,,,,,,,,,,,,,,,,,2.0,3.0,4.0,0.0,0.0,0.0,12.0,67.43,0.0,0.0,10.633577208012662,3.1063175637506864,144.053492116,3.0,7.0,10.562994142101285,6.4208216229260096,1.5,0.0,0.0,0.0,0.0,0.0,9.0,2.0,0.0,0.0,0.0,7.0,0.5833333333333334
c1ccc2c(c1)C3=[NH+]CCN3[C@]2(c4ccc(cc4)Cl)O,3.7625955241357296,0.8996819130325916,2.0,2.0,1.0,4.0,2.0,2.0,20.0,37.44,0.5,2.0,4.992404732635669,1.9674758827331187,285.07891716808996,5.0,15.0,11.397854308390023,5.724985593970254,1.1,1.0,0.0,1.0,0.0,0.0,10.0,1.0,0.0,2.0,6.0,4.0,0.2,,,,,,,,,,,,,,,,,,,,,,,,,,,,,,
*CCCCCNC(=O)CCCCCCCC(=O)O*,,,,,,,,,,,,,,,,,,,,,,,,,,,,,,,,,1.0,3.0,13.0,0.0,0.0,0.0,20.0,55.400000000000006,0.0,0.0,5.316788604006331,3.207646314281886,255.18344366,12.0,6.0,11.539765724395053,71.13195342895074,0.9444444444444444,0.0,0.0,0.0,0.0,0.0,17.0,2.0,0.0,0.0,0.0,6.0,0.3
CC[NH2+][C@@H](C)Cc1ccc2c(c1)OCO2,3.5985882469683554,0.8872612573047663,1.0,2.0,4.0,2.0,1.0,1.0,15.0,35.07,0.5,1.0,14.790514511606428,2.031835923147027,208.13320523609,7.0,8.0,5.34821523053666,26.31013685145522,1.3333333333333333,0.0,0.0,0.0,0.0,0.0,10.0,0.0,0.0,1.0,6.0,3.0,0.2,,,,,,,,,,,,,,,,,,,,,,,,,,,,,,
*/C=C/c1ccc(-c2ccc(OC(=O)COCC(*)=O)cc2)cc1,,,,,,,,,,,,,,,,,,,,,,,,,,,,,,,,,0.0,4.0,7.0,2.0,0.0,2.0,24.0,52.6,0.0,0.0,4.736862953800049,1.945107023113628,294.089208928,3.0,19.0,11.60842263397916,0.0,1.0,0.0,0.0,0.0,0.0,0.0,10.0,3.0,0.0,0.0,6.0,6.0,0.25
C[NH+](C)CCO[C@H](c1ccccc1)c2ccc(cc2)OC,3.1917666913515275,0.8704949539661907,1.0,2.0,7.0,2.0,0.0,2.0,21.0,22.900000000000002,0.0,0.0,9.636772684650527,2.1767102670918557,286.18015542808996,8.0,13.0,6.136909722222223,6.103966387748303,0.9047619047619048,0.0,0.0,0.0,0.0,0.0,10.0,0.0,0.0,0.0,6.0,3.0,0.14285714285714285,,,,,,,,,,,,,,,,,,,,,,,,,,,,,,
*CC(*)(C)C(=O)OCCCCCCCCCCCCCCCCC,,,,,,,,,,,,,,,,,,,,,,,,,,,,,,,,,0.0,2.0,18.0,0.0,0.0,0.0,25.0,26.3,0.0,0.0,0.0,3.1812200371681065,324.30283052,20.0,3.0,11.92389784152163,123.00144198912345,0.8260869565217391,0.0,0.0,0.0,0.0,0.0,23.0,1.0,0.0,0.0,0.0,4.0,0.16
COc1ccc(c2c1cccc2)C(=O)CCC(=O)[O-],2.312816432639176,0.8543342937483118,0.0,4.0,5.0,2.0,0.0,2.0,19.0,66.43,0.5,0.0,9.843390348640755,2.4402076672098674,257.08193247591004,3.0,16.0,12.030807350718064,12.841643245852019,1.0526315789473684,0.0,0.0,0.0,0.0,0.0,7.0,2.0,0.0,1.0,6.0,4.0,0.21052631578947367,,,,,,,,,,,,,,,,,,,,,,,,,,,,,,
*Oc1ccc(CC(*)=O)cc1CCOCCOCCOCCOCCOc1ccc(C)cc1,,,,,,,,,,,,,,,,,,,,,,,,,,,,,,,,,0.0,7.0,19.0,2.0,0.0,2.0,34.0,72.45000000000002,0.0,0.0,9.843390348640755,1.3948878491566339,444.214803364,16.0,16.0,11.462853847808688,19.765380445542643,0.8125,0.0,0.0,0.0,0.0,0.0,22.0,1.0,0.0,0.0,6.0,9.0,0.2647058823529412
C[N+]1(CCC[C@@H](C1)OC(=O)C(c2ccccc2)(c3ccccc3)O)C,3.038730255091667,0.8641905053259121,1.0,3.0,4.0,3.0,1.0,2.0,25.0,46.53,0.0,1.0,0.0,1.9107385131310979,340.19072011208993,10.0,15.0,13.065963718820864,24.546660444584006,1.04,0.0,0.0,0.0,0.0,0.0,14.0,1.0,0.0,0.0,6.0,4.0,0.16,,,,,,,,,,,,,,,,,,,,,,,,,,,,,,
*CCCCNC(=O)CCCC(=O)N*,,,,,,,,,,,,,,,,,,,,,,,,,,,,,,,,,2.0,2.0,8.0,0.0,0.0,0.0,15.0,58.2,0.0,0.0,11.050456081168516,3.294298442737432,184.121177752,7.0,6.0,11.264452003023433,39.02784531432067,1.1538461538461537,0.0,0.0,0.0,0.0,0.0,12.0,2.0,0.0,0.0,0.0,6.0,0.4
Cc1ccccc1OC[C@@H](CO)O,2.156942820928185,0.8545590724300577,2.0,3.0,4.0,1.0,0.0,1.0,13.0,49.69,0.0,0.0,4.736862953800049,2.4953895881253176,182.094294308,6.0,7.0,9.035129440665155,13.027703587438927,1.3846153846153846,0.0,0.0,0.0,0.0,0.0,7.0,0.0,0.0,0.0,6.0,3.0,0.23076923076923078,,,,,,,,,,,,,,,,,,,,,,,,,,,,,,
*CC(*)(C)C(=O)OCOc1ccc(/C=C/c2ccc(OCCCC)cc2)cc1,,,,,,,,,,,,,,,,,,,,,,,,,,,,,,,,,0.0,4.0,11.0,2.0,0.0,2.0,29.0,44.760000000000005,0.0,0.0,9.473725907600098,1.8144084743002453,366.183109312,8.0,19.0,12.030103356472427,39.53076089108528,1.037037037037037,0.0,0.0,0.0,0.0,0.0,16.0,2.0,0.0,0.0,6.0,6.0,0.20689655172413793
Cc1ccccc1OC[C@@H](COC(=O)N)O,2.4281921057082503,0.8457949309810634,2.0,4.0,5.0,1.0,0.0,1.0,16.0,81.78,0.0,0.0,10.470530430962235,2.3407339219077827,225.10010796,5.0,11.0,10.280184013050174,13.027703587438927,1.4375,0.0,0.0,0.0,0.0,0.0,9.0,1.0,0.0,0.0,6.0,5.0,0.3125,,,,,,,,,,,,,,,,,,,,,,,,,,,,,,
*C(=O)NCCCCCNC(=NOCCCCCCC)C(=O)NC(=O)C(C)[Si](*)(OC)CC(C)(C)C,,,,,,,,,,,,,,,,,,,,,,,,,,,,,,,,,3.0,6.0,17.0,0.0,0.0,0.0,36.0,118.11999999999999,0.0,0.0,15.950365812018994,5.0215711456346,498.32374710199997,22.0,12.0,13.039001010012914,97.57053495892953,1.0294117647058822,0.0,0.0,0.0,0.0,0.0,31.0,4.0,0.0,0.0,0.0,12.0,0.3333333333333333
COc1ccccc1OC[C@@H]2CNC(=O)O2,2.5969605763680246,0.8597027333064772,1.0,4.0,4.0,2.0,1.0,1.0,16.0,56.790000000000006,0.0,1.0,14.790514511606428,1.9131063587894068,223.084457896,4.0,12.0,10.774329648526077,6.103966387748303,1.4375,0.0,0.0,0.0,0.0,0.0,10.0,1.0,0.0,0.0,6.0,5.0,0.3125,,,,,,,,,,,,,,,,,,,,,,,,,,,,,,
*C(*)C(=O)OCC(C)(C)C,,,,,,,,,,,,,,,,,,,,,,,,,,,,,,,,,0.0,2.0,2.0,0.0,0.0,0.0,11.0,26.3,0.0,0.0,0.0,3.636616381160675,128.083729624,6.0,3.0,11.09226851851852,27.694948798762496,1.7777777777777777,0.0,0.0,0.0,0.0,0.0,9.0,1.0,0.0,0.0,0.0,4.0,0.36363636363636365
CC[C@]1(C(=O)N(C(=O)N1)C)c2ccccc2,2.655797700113844,0.8721005750348861,1.0,2.0,2.0,2.0,1.0,1.0,16.0,49.410000000000004,0.0,1.0,5.316788604006331,2.499091813335234,218.105527688,4.0,12.0,12.111763038548755,18.883484074999977,1.25,0.0,0.0,0.0,0.0,0.0,9.0,2.0,0.0,0.0,6.0,4.0,0.25,,,,,,,,,,,,,,,,,,,,,,,,,,,,,,
*OCCOC#COC(=O)CCCCCC(*)O,,,,,,,,,,,,,,,,,,,,,,,,,,,,,,,,,1.0,5.0,9.0,0.0,0.0,0.0,18.0,64.99000000000001,0.0,0.0,0.0,3.3659653235565057,228.099773612,10.0,4.0,11.196931925547997,38.71099007914297,1.375,0.0,0.0,0.0,0.0,0.0,15.0,1.0,1.0,0.0,0.0,7.0,0.3888888888888889
CC(C)[C@@H](c1ccccc1)[C@@H](CC[N+]2(CCCCC2)C)O,3.5648866093660434,0.8718761470900129,1.0,1.0,6.0,2.0,1.0,1.0,21.0,20.23,0.0,1.0,0.0,1.9739419295061378,290.24784106409,15.0,6.0,10.767887140967499,51.552633324994986,1.0476190476190477,0.0,0.0,0.0,0.0,0.0,16.0,0.0,0.0,0.0,6.0,2.0,0.09523809523809523,,,,,,,,,,,,,,,,,,,,,,,,,,,,,,
*CCCCCCCCCC(*)=O,,,,,,,,,,,,,,,,,,,,,,,,,,,,,,,,,0.0,1.0,9.0,0.0,0.0,0.0,13.0,17.07,0.0,0.0,0.0,2.8729187591669154,154.135765196,9.0,2.0,10.735843733537186,58.29031018309871,1.0,0.0,0.0,0.0,0.0,0.0,11.0,1.0,0.0,0.0,0.0,3.0,0.23076923076923078
Cc1cccc(c1NC(=O)[C@H]2CCCC[NH+]2C)C,4.010480240219139,0.8684827079410471,2.0,1.0,2.0,2.0,1.0,1.0,18.0,33.54,0.0,1.0,10.216698334856808,2.1094798492313362,247.18048977608998,9.0,9.0,12.35042044595616,39.15178009730724,1.2777777777777777,0.0,0.0,0.0,0.0,0.0,12.0,1.0,0.0,0.0,6.0,3.0,0.16666666666666666,,,,,,,,,,,,,,,,,,,,,,,,,,,,,,
*O[Si](C)(C)Oc1ccc(C(C)(C)c2ccc(C)c(*)c2)cc1OC,,,,,,,,,,,,,,,,,,,,,,,,,,,,,,,,,0.0,3.0,6.0,2.0,0.0,2.0,25.0,27.69,0.0,0.0,15.229235048380911,2.42803913068575,328.149471158,9.0,14.0,6.145406005964268,39.28022477583082,1.0434782608695652,0.0,0.0,0.0,0.0,0.0,14.0,0.0,0.0,0.0,6.0,6.0,0.24
CC[C@@]1(CCCC[NH+](C1)C)c2cccc(c2)O,4.325770049913935,0.8786646246268772,2.0,1.0,2.0,2.0,1.0,1.0,17.0,24.67,0.0,1.0,4.899909730850478,2.343811250460894,234.18524080809,10.0,7.0,9.683085317460318,38.02201416079144,1.3529411764705883,0.0,0.0,0.0,0.0,0.0,12.0,0.0,0.0,0.0,7.0,2.0,0.11764705882352941,,,,,,,,,,,,,,,,,,,,,,,,,,,,,,
*CC(*)c1ccccc1C(=O)OCCc1ccccc1,,,,,,,,,,,,,,,,,,,,,,,,,,,,,,,,,0.0,2.0,6.0,2.0,0.0,2.0,21.0,26.3,0.0,0.0,0.0,1.974264313531929,252.115029752,4.0,15.0,12.302055303602923,19.765380445542643,1.1578947368421053,0.0,0.0,0.0,0.0,0.0,9.0,1.0,0.0,0.0,6.0,4.0,0.19047619047619047
C[C@@H]1C[C@H]2N(O1)C(=O)c3cc(ccc3O2)Cl,3.660608674190941,0.890421208577683,0.0,3.0,0.0,3.0,2.0,1.0,16.0,38.769999999999996,0.6666666666666666,2.0,4.736862953800049,2.0368835853453655,239.03492086,6.0,10.0,12.058256172839506,25.676426381099805,1.5,1.0,0.0,1.0,0.0,0.0,11.0,1.0,0.0,2.0,6.0,5.0,0.3125,,,,,,,,,,,,,,,,,,,,,,,,,,,,,,
*CC(*)CCCCCC(=O)Nc1ccc(C)cc1,,,,,,,,,,,,,,,,,,,,,,,,,,,,,,,,,1.0,1.0,8.0,1.0,0.0,1.0,19.0,29.1,0.0,0.0,5.316788604006331,2.1270044401728905,231.162314292,8.0,9.0,11.761813744016127,52.372404136937305,1.3529411764705883,0.0,0.0,0.0,0.0,0.0,12.0,1.0,0.0,0.0,6.0,4.0,0.21052631578947367
C[C@@H](C(=O)c1ccccc1)[NH+](C)C,3.466706776972142,0.8427645618381084,1.0,1.0,3.0,1.0,0.0,1.0,13.0,21.51,0.0,0.0,4.899909730850478,2.8017456005067656,178.12264055209,5.0,8.0,11.76527777777778,12.965578028838586,1.2307692307692308,0.0,0.0,0.0,0.0,0.0,6.0,1.0,0.0,0.0,6.0,2.0,0.15384615384615385,,,,,,,,,,,,,,,,,,,,,,,,,,,,,,
*Oc1ccc(OC(=O)c2ccc(OC(=O)c3ccc(*)cc3)cc2)cc1,,,,,,,,,,,,,,,,,,,,,,,,,,,,,,,,,0.0,5.0,5.0,3.0,0.0,3.0,27.0,61.830000000000005,0.0,0.0,20.646620370902415,1.6228121388010954,332.06847348400004,0.0,25.0,12.212469335440288,0.0,0.64,0.0,0.0,0.0,0.0,0.0,9.0,2.0,0.0,0.0,6.0,7.0,0.25925925925925924
CC(C)[NH2+]C[C@H](c1cc(cc(c1)O)O)O,4.024041189723276,0.8844572723819604,4.0,3.0,4.0,1.0,0.0,1.0,15.0,77.30000000000001,0.0,0.0,5.316788604006331,2.683389959596669,212.12811985609,7.0,8.0,9.764814814814816,25.993281616277514,1.1333333333333333,0.0,0.0,0.0,0.0,0.0,9.0,0.0,0.0,0.0,6.0,4.0,0.26666666666666666,,,,,,,,,,,,,,,,,,,,,,,,,,,,,,
*CCCCCNC(=O)c1ccc(NC(=O)NCCCOC(=O)c2ccc(O*)c(C)c2)cc1C#N,,,,,,,,,,,,,,,,,,,,,,,,,,,,,,,,,3.0,6.0,13.0,2.0,0.0,2.0,36.0,129.55,0.0,0.0,21.056893206859698,1.7432440382868803,464.20596999599996,9.0,23.0,12.388874969343025,39.53076089108528,1.0588235294117647,0.0,0.0,0.0,0.0,0.0,21.0,3.0,1.0,0.0,6.0,11.0,0.3055555555555556
Cc1cc(cc(c1)OC[C@H]2CNC(=O)O2)C,2.842106930883075,0.8899939060896477,1.0,3.0,3.0,2.0,1.0,1.0,16.0,47.56,0.0,1.0,10.05365155780638,1.9147662796967868,221.10519334,5.0,11.0,10.784141891324431,19.95144078712955,1.375,0.0,0.0,0.0,0.0,0.0,10.0,1.0,0.0,0.0,6.0,4.0,0.25,,,,,,,,,,,,,,,,,,,,,,,,,,,,,,
*Oc1ccc(NC(=O)CCCCC(=O)Nc2ccc(O*)cc2)cc1,,,,,,,,,,,,,,,,,,,,,,,,,,,,,,,,,2.0,4.0,9.0,2.0,0.0,2.0,26.0,76.66,0.0,0.0,20.846631997694075,1.6332269259712253,326.126657056,4.0,20.0,11.925692072842285,25.683286491704038,0.75,0.0,0.0,0.0,0.0,0.0,13.0,2.0,0.0,0.0,6.0,8.0,0.3076923076923077
CC[C@@H](c1ccc2cc(ccc2c1)OC)C(C)(C)C(=O)[O-],3.0617588371005144,0.8605038982296616,0.0,3.0,5.0,2.0,0.0,2.0,21.0,49.36,0.5,0.0,9.843390348640755,2.4812893438157313,285.14961811191,7.0,14.0,11.414169541477442,33.10993926815927,1.1904761904761905,0.0,0.0,0.0,0.0,0.0,10.0,1.0,0.0,1.0,6.0,3.0,0.14285714285714285,,,,,,,,,,,,,,,,,,,,,,,,,,,,,,
*CCCCCOc1ccc(C(=O)Nc2ccc(C3(c4ccc(OC(=O)c5ccc(O*)cc5)cc4)cc3)cc2)cc1,,,,,,,,,,,,,,,,,,,,,,,,,,,,,,,,,1.0,5.0,13.0,5.0,1.0,4.0,42.0,73.86,0.0,0.0,19.897041906447136,1.1548735988328118,531.2045730279999,6.0,34.0,12.80371922329647,31.601192537865433,0.7,0.0,0.0,0.0,0.0,0.0,19.0,3.0,0.0,0.0,6.0,8.0,0.19047619047619047
C[NH+]1CC[C@@H](C1)CN2c3ccccc3Sc4c2cccc4,3.966135581061379,0.8831824634104216,1.0,2.0,2.0,4.0,2.0,2.0,21.0,7.680000000000001,0.5,2.0,9.799819461700956,1.710790811252337,297.14199609209004,8.0,13.0,2.546064814814815,16.21178857396156,1.0476190476190477,0.0,0.0,0.0,0.0,0.0,12.0,0.0,0.0,2.0,6.0,3.0,0.14285714285714285,,,,,,,,,,,,,,,,,,,,,,,,,,,,,,
*CC(*)(CC(C)O)C(=O)Oc1ccc(Oc2ccc([N+](=O)[O-])cc2)cc1,,,,,,,,,,,,,,,,,,,,,,,,,,,,,,,,,1.0,6.0,8.0,2.0,0.0,2.0,27.0,98.9,0.0,0.0,9.473725907600098,2.0176757427757015,343.105587264,6.0,19.0,12.546697678322477,32.290168456216946,1.24,0.0,0.0,0.0,0.0,0.0,14.0,2.0,0.0,0.0,6.0,9.0,0.3333333333333333
CN(C)c1ccc(cc1)NC(=O)c2cc(c(c(c2)OC)OC)OC,1.7856558809130956,0.8794528189040944,1.0,5.0,6.0,2.0,0.0,2.0,24.0,60.030000000000015,0.0,0.0,24.427287196256955,2.2562871443535086,330.15795718399994,5.0,19.0,12.49535682791635,0.0,0.9166666666666666,0.0,0.0,0.0,0.0,0.0,12.0,1.0,0.0,0.0,6.0,6.0,0.25,,,,,,,,,,,,,,,,,,,,,,,,,,,,,,
*C(=O)NCCCCCCCCNC(=O)C(C(=O)OCCCC)c1ccc(*)cc1C,,,,,,,,,,,,,,,,,,,,,,,,,,,,,,,,,2.0,4.0,15.0,1.0,0.0,1.0,31.0,84.50000000000001,0.0,0.0,16.699944276474273,2.471875040733486,402.251857568,14.0,15.0,12.891398123904994,71.13195342895072,1.0344827586206897,0.0,0.0,0.0,0.0,0.0,22.0,3.0,0.0,0.0,6.0,8.0,0.25806451612903225
C[C@@H](C(=O)c1ccc(cc1)OC)[NH2+]C,3.1862273813078534,0.8652767313299702,1.0,2.0,4.0,1.0,0.0,1.0,14.0,42.91,0.0,0.0,10.05365155780638,2.8118805107353584,194.11755517209,5.0,9.0,11.703257275132275,12.965578028838586,1.3571428571428572,0.0,0.0,0.0,0.0,0.0,7.0,1.0,0.0,0.0,6.0,3.0,0.21428571428571427,,,,,,,,,,,,,,,,,,,,,,,,,,,,,,
*c1ccc(-c2ccc([Si](*)(C)C)cc2)cc1,,,,,,,,,,,,,,,,,,,,,,,,,,,,,,,,,0.0,0.0,2.0,2.0,0.0,2.0,17.0,0.0,0.0,0.0,11.25309271414907,2.325416728953674,210.086476978,3.0,12.0,2.5021968135279824,13.094022707362173,0.8666666666666667,0.0,0.0,0.0,0.0,0.0,6.0,0.0,0.0,0.0,6.0,3.0,0.17647058823529413
C[C@@H](Cc1ccccc1OC)[NH2+]C,3.3281889747743385,0.8702766278964071,1.0,1.0,4.0,1.0,0.0,1.0,13.0,25.84,0.0,0.0,10.05365155780638,2.744893232862398,180.13829061609,6.0,7.0,5.276815948601663,19.386399651764595,1.3846153846153846,0.0,0.0,0.0,0.0,0.0,7.0,0.0,0.0,0.0,6.0,2.0,0.15384615384615385,,,,,,,,,,,,,,,,,,,,,,,,,,,,,,
*OC(C)COC(=O)c1ccc(O*)cc1,,,,,,,,,,,,,,,,,,,,,,,,,,,,,,,,,0.0,4.0,5.0,1.0,0.0,1.0,16.0,44.760000000000005,0.0,0.0,5.106527394840706,2.523655207468609,194.0579088,4.0,10.0,11.582118291761148,13.027703587438927,1.5,0.0,0.0,0.0,0.0,0.0,9.0,1.0,0.0,0.0,6.0,6.0,0.375
C[NH+](C)CCCN1c2ccccc2Sc3c1cc(cc3)OC,3.0296772033406025,0.885237834658668,1.0,3.0,5.0,3.0,1.0,2.0,22.0,16.91,0.6666666666666666,1.0,14.536682415501005,1.948579193489968,315.15256077609,8.0,14.0,5.419231911900563,16.21178857396156,1.0454545454545454,0.0,0.0,0.0,0.0,0.0,12.0,0.0,0.0,1.0,6.0,4.0,0.18181818181818182,,,,,,,,,,,,,,,,,,,,,,,,,,,,,,
*Oc1c(C(C)(C)C)cc(*)c(C)c1-c1cc(C)ccc1C,,,,,,,,,,,,,,,,,,,,,,,,,,,,,,,,,0.0,1.0,2.0,2.0,0.0,2.0,22.0,9.23,0.0,0.0,11.172894463302317,2.90570894024436,266.167065324,7.0,13.0,6.165877267573697,46.95741366754052,1.1,0.0,0.0,0.0,0.0,0.0,11.0,0.0,0.0,0.0,6.0,3.0,0.13636363636363635
COC(=O)c1ccccc1O,1.4617049516818454,0.8430546852382284,1.0,3.0,1.0,1.0,0.0,1.0,11.0,46.53,0.0,0.0,0.0,3.0326621558006566,152.047344116,1.0,10.0,10.852037037037038,0.0,1.4545454545454546,0.0,0.0,0.0,0.0,0.0,4.0,1.0,0.0,0.0,6.0,3.0,0.2727272727272727,,,,,,,,,,,,,,,,,,,,,,,,,,,,,,
*CCCCCCCCOC(=O)c1ccc(S(*)(C)C)cc1,,,,,,,,,,,,,,,,,,,,,,,,,,,,,,,,,0.0,2.0,10.0,1.0,0.0,1.0,22.0,26.3,0.0,0.0,0.0,2.226071937681884,294.16535107199996,10.0,9.0,11.986845245252983,50.34415041276446,1.1,0.0,0.0,0.0,0.0,0.0,15.0,1.0,0.0,0.0,6.0,5.0,0.22727272727272727
C[C@@H]([C@@H](c1ccccc1)O)[NH+](C)C,3.855542146653633,0.8606963482231272,2.0,1.0,3.0,1.0,0.0,1.0,13.0,24.67,0.0,0.0,4.899909730850478,2.734739280022577,180.13829061609,7.0,6.0,9.938611111111111,19.069544416586886,1.1538461538461537,0.0,0.0,0.0,0.0,0.0,7.0,0.0,0.0,0.0,6.0,2.0,0.15384615384615385,,,,,,,,,,,,,,,,,,,,,,,,,,,,,,
*CC(*)(C)C(=O)ONc1ccc(F)cc1,,,,,,,,,,,,,,,,,,,,,,,,,,,,,,,,,1.0,3.0,4.0,1.0,0.0,1.0,16.0,38.33,0.0,0.0,5.480096598121202,2.521271372382053,195.06955678,4.0,10.0,12.61210309782009,19.76538044554264,1.7142857142857142,1.0,1.0,0.0,0.0,0.0,9.0,1.0,0.0,0.0,6.0,6.0,0.375
C[N+]1=C2c3c(c4cc(ccc4n3CC1)OC)CCN2,3.160818733734308,0.9121925803096113,1.0,3.0,1.0,4.0,2.0,2.0,19.0,29.200000000000003,1.0,3.0,10.05365155780638,2.0974258603912226,256.14443861609,6.0,13.0,5.377693452380953,12.965578028838586,1.368421052631579,0.0,0.0,0.0,0.0,0.0,11.0,1.0,0.0,3.0,6.0,4.0,0.21052631578947367,,,,,,,,,,,,,,,,,,,,,,,,,,,,,,
*CCCCCCCCCCCCCN(C)C(=O)CNC(=O)c1ccc(C(=O)O*)cc1,,,,,,,,,,,,,,,,,,,,,,,,,,,,,,,,,1.0,4.0,17.0,1.0,0.0,1.0,32.0,75.71000000000001,0.0,0.0,5.316788604006331,2.088991869190084,416.26750763199993,15.0,15.0,12.253888423879488,77.55277505187675,0.8666666666666667,0.0,0.0,0.0,0.0,0.0,23.0,3.0,0.0,0.0,6.0,8.0,0.25
Cc1ccc(cc1)C(=O)c2ccc(cc2O)OC,1.6141800413765282,0.8685458684134607,1.0,3.0,3.0,2.0,0.0,2.0,18.0,46.53,0.0,0.0,4.736862953800049,2.366490797687836,242.094294308,2.0,16.0,12.17724253590325,6.923737199690624,1.1111111111111112,0.0,0.0,0.0,0.0,0.0,6.0,1.0,0.0,0.0,6.0,3.0,0.16666666666666666,,,,,,,,,,,,,,,,,,,,,,,,,,,,,,
*Cc1cc(-c2ccccc2)c(*)cc1C,,,,,,,,,,,,,,,,,,,,,,,,,,,,,,,,,0.0,0.0,2.0,2.0,0.0,2.0,16.0,0.0,0.0,0.0,6.06636706846161,2.5721684757926235,180.093900384,2.0,12.0,2.4583333333333335,13.847474399381248,1.2142857142857142,0.0,0.0,0.0,0.0,0.0,5.0,0.0,0.0,0.0,6.0,2.0,0.125
C[C@H]1C(=O)N[C@H](S1)c2ccc(c(c2)OC)OC,3.1393981391119716,0.8911987380785032,1.0,4.0,3.0,2.0,1.0,1.0,17.0,47.56,0.0,1.0,14.790514511606428,2.2513414652248156,253.07726434,6.0,11.0,11.447500866087175,17.547548042641537,1.2352941176470589,0.0,0.0,0.0,0.0,0.0,11.0,1.0,0.0,0.0,6.0,5.0,0.29411764705882354,,,,,,,,,,,,,,,,,,,,,,,,,,,,,,
*O[Si](*)(C)CCCCC(F)(F)C(F)(F)C(F)(F)C(F)(F)C(F)(F)C(F)(F)C(F)(F)C(F)(F)C(F)(F)C(F)(F)C(F)(F)C(F)(F)C(F)(F)F,,,,,,,,,,,,,,,,,,,,,,,,,,,,,,,,,0.0,1.0,17.0,0.0,0.0,0.0,49.0,9.23,0.0,0.0,0.0,7.131982409583874,784.014803442,47.0,0.0,13.983281709686306,109.10022053395394,0.40425531914893614,27.0,27.0,0.0,0.0,0.0,48.0,0.0,0.0,0.0,0.0,31.0,0.6326530612244898
C[NH+]1CCN2c3ccccc3Cc4ccccc4[C@@H]2C1,3.915747050296628,0.8906251515282977,1.0,1.0,0.0,4.0,2.0,2.0,20.0,7.680000000000001,0.75,2.0,9.799819461700956,1.9017661245550799,265.16992509209,7.0,13.0,2.633101851851852,12.462662452073971,1.0,0.0,0.0,0.0,0.0,0.0,11.0,0.0,0.0,3.0,7.0,2.0,0.1,,,,,,,,,,,,,,,,,,,,,,,,,,,,,,
*c1ccc(-c2ccc(C(*)=O)cc2)cc1,,,,,,,,,,,,,,,,,,,,,,,,,,,,,,,,,0.0,1.0,2.0,2.0,0.0,2.0,16.0,17.07,0.0,0.0,6.06636706846161,2.3439600893903725,180.057514876,0.0,14.0,11.257211178472001,0.0,0.9285714285714286,0.0,0.0,0.0,0.0,0.0,4.0,1.0,0.0,0.0,6.0,3.0,0.1875
CCN(CC)C(=O)[C@]1(C[C@H]1C[NH3+])c2ccccc2,3.7137876248345236,0.8561832917116815,1.0,1.0,5.0,2.0,1.0,1.0,18.0,47.95,0.0,0.0,5.733667477162185,2.324807176888777,247.18048977608998,9.0,9.0,12.757457482993196,25.683286491704038,1.3333333333333333,0.0,0.0,0.0,0.0,0.0,12.0,1.0,0.0,0.0,6.0,3.0,0.16666666666666666,,,,,,,,,,,,,,,,,,,,,,,,,,,,,,
*c1cccc([Si](*)(C)C#N)n1,,,,,,,,,,,,,,,,,,,,,,,,,,,,,,,,,0.0,2.0,1.0,1.0,0.0,1.0,12.0,36.68,0.0,1.0,11.514045720452,3.135431452191993,146.030024722,2.0,6.0,8.992994457042077,6.5470113536810866,1.9,0.0,0.0,0.0,0.0,0.0,5.0,0.0,1.0,0.0,6.0,5.0,0.4166666666666667
COc1ccc(c(c1)[C@@H](CNC(=O)C[NH3+])O)OC,3.082474226895574,0.8690691040812197,3.0,4.0,6.0,1.0,0.0,1.0,18.0,95.43,0.0,0.0,20.524181988768614,2.815288501012191,255.13393350809,7.0,11.0,11.084483890778532,6.103966387748303,1.4444444444444444,0.0,0.0,0.0,0.0,0.0,11.0,1.0,0.0,0.0,6.0,6.0,0.3333333333333333,,,,,,,,,,,,,,,,,,,,,,,,,,,,,,
*CC(*)c1ccccc1-c1ccccc1,,,,,,,,,,,,,,,,,,,,,,,,,,,,,,,,,0.0,0.0,3.0,2.0,0.0,2.0,16.0,0.0,0.0,0.0,0.0,2.4877600908685777,180.093900384,2.0,12.0,2.3490277777777777,13.344558822616634,1.0,0.0,0.0,0.0,0.0,0.0,5.0,0.0,0.0,0.0,6.0,2.0,0.125
C[C@@H](c1ccc(cc1)c2cn3ccccc3n2)C(=O)[O-],2.979741943233872,0.8693918741689984,0.0,4.0,3.0,3.0,0.0,3.0,20.0,57.43000000000001,0.3333333333333333,2.0,5.106527394840706,1.9608382261450654,265.09825123591,2.0,18.0,10.845284461810436,12.841643245852017,1.2,0.0,0.0,0.0,0.0,0.0,5.0,1.0,0.0,1.0,6.0,4.0,0.2,,,,,,,,,,,,,,,,,,,,,,,,,,,,,,
*Oc1ccc(C(=O)c2ccc(Oc3ccc(C(C)(C)c4ccc(/C=N/c5cc(C(F)(F)F)ccc5C)c(C(*)=O)c4)cc3C(=O)O)cc2C)c(C)c1,,,,,,,,,,,,,,,,,,,,,,,,,,,,,,,,,1.0,6.0,11.0,5.0,0.0,5.0,53.0,102.26,0.0,0.0,9.843390348640755,1.41972244402927,691.218172404,10.0,41.0,13.37126644687838,46.20997498529337,0.7254901960784313,3.0,3.0,0.0,0.0,0.0,23.0,4.0,0.0,0.0,6.0,12.0,0.22641509433962265
COC[C@H](Cn1ccnc1[N+](=O)[O-])O,3.1211796080285,0.8900436216940811,1.0,6.0,5.0,1.0,0.0,1.0,14.0,90.42,0.0,1.0,0.0,2.660686459664466,201.074955832,6.0,8.0,10.431568956286217,12.648722793660877,1.8571428571428572,0.0,0.0,0.0,0.0,0.0,8.0,1.0,0.0,0.0,5.0,7.0,0.5,,,,,,,,,,,,,,,,,,,,,,,,,,,,,,
*C(=O)Nc1ccc(NC(=O)c2ccc(C(*)=O)cc2)cc1,,,,,,,,,,,,,,,,,,,,,,,,,,,,,,,,,2.0,3.0,4.0,2.0,0.0,2.0,22.0,75.27000000000001,0.0,0.0,10.633577208012662,2.04555781570062,266.06914218000003,0.0,20.0,12.117778381414295,0.0,0.75,0.0,0.0,0.0,0.0,0.0,8.0,3.0,0.0,0.0,6.0,7.0,0.3181818181818182
CCc1c([nH]c2c1C(=O)[C@H](CC2)C[NH+]3CCOCC3)C,4.5928334412095815,0.9262272007450633,2.0,2.0,3.0,3.0,2.0,1.0,20.0,46.53,0.3333333333333333,2.0,4.899909730850478,1.773233755152085,277.19105446009,13.0,7.0,12.81889951814059,33.10993926815928,1.35,0.0,0.0,0.0,0.0,0.0,16.0,1.0,0.0,1.0,6.0,4.0,0.2,,,,,,,,,,,,,,,,,,,,,,,,,,,,,,
*Cc1cccc(*)c1,,,,,,,,,,,,,,,,,,,,,,,,,,,,,,,,,0.0,0.0,1.0,1.0,0.0,1.0,9.0,0.0,0.0,0.0,6.06636706846161,2.9368661023365914,90.046950192,1.0,6.0,2.3958333333333335,6.923737199690624,1.7142857142857142,0.0,0.0,0.0,0.0,0.0,3.0,0.0,0.0,0.0,6.0,2.0,0.2222222222222222
CC(C)[NH2+]C[C@H](COc1ccccc1OC)O,3.3202115512869197,0.8541326440589443,2.0,3.0,7.0,1.0,0.0,1.0,17.0,55.3,0.0,0.0,14.790514511606428,2.386082053327402,240.15941998409,9.0,8.0,9.725906084656085,25.993281616277514,1.2352941176470589,0.0,0.0,0.0,0.0,0.0,11.0,0.0,0.0,0.0,6.0,4.0,0.23529411764705882,,,,,,,,,,,,,,,,,,,,,,,,,,,,,,
*CCCNc1ccc(CCCCCOC(=O)c2ccc(C(=O)O*)cc2)cc1C,,,,,,,,,,,,,,,,,,,,,,,,,,,,,,,,,1.0,5.0,12.0,2.0,0.0,2.0,30.0,64.63,0.0,0.0,5.316788604006331,1.6487418570055046,381.194008344,9.0,19.0,12.084659088427106,45.95158251401129,1.0,0.0,0.0,0.0,0.0,0.0,17.0,2.0,0.0,0.0,6.0,7.0,0.23333333333333334
C[C@H]1CC(=O)NN=C1c2cc(cs2)n3ccnc3,3.6983324022367174,0.9186299931824018,1.0,5.0,2.0,3.0,1.0,2.0,18.0,59.28,0.0,3.0,5.425791397110385,1.9193618170006201,260.073182004,3.0,15.0,11.215142479474189,13.344558822616634,1.5555555555555556,0.0,0.0,0.0,0.0,0.0,8.0,2.0,0.0,0.0,6.0,6.0,0.3333333333333333,,,,,,,,,,,,,,,,,,,,,,,,,,,,,,
*CCSCO*,,,,,,,,,,,,,,,,,,,,,,,,,,,,,,,,,0.0,2.0,4.0,0.0,0.0,0.0,7.0,9.23,0.0,0.0,0.0,2.447472887876344,90.013935812,5.0,0.0,5.08462962962963,6.923737199690624,2.2,0.0,0.0,0.0,0.0,0.0,6.0,0.0,0.0,0.0,0.0,4.0,0.5714285714285714
C[C@H]1[C@H]2Cc3ccc(cc3[C@@]1(CC[NH+]2CC=C)C)O,5.7676104255841985,0.894238862338094,2.0,1.0,2.0,3.0,2.0,1.0,19.0,24.67,0.6666666666666666,1.0,4.899909730850478,2.05693669448668,258.18524080809,10.0,9.0,9.803894389941469,38.14594894377801,1.5263157894736843,0.0,0.0,0.0,0.0,0.0,14.0,1.0,0.0,1.0,6.0,2.0,0.10526315789473684,,,,,,,,,,,,,,,,,,,,,,,,,,,,,,
*c1cc(OC)c(C(C)CC(C)O)c(CNC(=O)CCCCCCC(*)=O)c1C(=O)O,,,,,,,,,,,,,,,,,,,,,,,,,,,,,,,,,3.0,5.0,14.0,1.0,0.0,1.0,31.0,112.92999999999999,0.0,0.0,16.12001862626799,2.9503840409416977,405.21513771199994,14.0,15.0,12.378491984756863,77.35985459968559,1.206896551724138,0.0,0.0,0.0,0.0,0.0,22.0,3.0,0.0,0.0,6.0,9.0,0.2903225806451613
COc1cc2c(cc1O)N=C[C@H]3CC[C@@H](N3C2=O)O,3.7861968056472426,0.89191913125073,2.0,5.0,1.0,3.0,2.0,1.0,19.0,82.36,0.6666666666666666,2.0,4.736862953800049,2.124296432024022,262.095356928,6.0,13.0,12.456800831443688,25.11138524573485,1.4210526315789473,0.0,0.0,0.0,0.0,0.0,13.0,2.0,0.0,2.0,7.0,6.0,0.3157894736842105,,,,,,,,,,,,,,,,,,,,,,,,,,,,,,
*Oc1ccc(OC(=O)c2ccc(S(*)(=O)=O)cc2)cc1,,,,,,,,,,,,,,,,,,,,,,,,,,,,,,,,,0.0,5.0,4.0,2.0,0.0,2.0,21.0,69.67,0.0,0.0,9.843390348640755,2.123982479603284,276.009244356,1.0,18.0,11.954578845427061,4.895483475517775,1.0,0.0,0.0,0.0,0.0,0.0,7.0,3.0,0.0,0.0,6.0,8.0,0.38095238095238093
CC(C)[NH2+]C[C@H](c1ccc(cc1)[N+](=O)[O-])O,3.5805452850870108,0.8716509373293222,2.0,3.0,5.0,1.0,0.0,1.0,16.0,79.98,0.0,0.0,5.316788604006331,2.625273902305632,225.12336882409,7.0,9.0,10.43398918907171,25.993281616277514,1.375,0.0,0.0,0.0,0.0,0.0,9.0,1.0,0.0,0.0,6.0,5.0,0.3125,,,,,,,,,,,,,,,,,,,,,,,,,,,,,,
*Cc1ccc(S(=O)(=O)NC(=O)c2ccc(C(=O)O*)cc2)cc1,,,,,,,,,,,,,,,,,,,,,,,,,,,,,,,,,1.0,5.0,5.0,2.0,0.0,2.0,24.0,89.54,0.0,0.0,4.722094864452088,2.1614062983865723,317.035793452,2.0,20.0,12.254858780722778,11.819220675208399,1.0454545454545454,0.0,0.0,0.0,0.0,0.0,9.0,4.0,0.0,0.0,6.0,9.0,0.375
CSC[C@@H]1CN(C(=O)O1)/N=C/c2ccc(o2)[N+](=O)[O-],3.684724438246489,0.9028621046493189,0.0,7.0,5.0,2.0,1.0,1.0,19.0,98.18,0.0,2.0,0.0,1.97915486979991,285.041941452,5.0,14.0,11.436058043587806,6.103966387748303,1.6842105263157894,0.0,0.0,0.0,0.0,0.0,12.0,3.0,0.0,0.0,5.0,9.0,0.47368421052631576,,,,,,,,,,,,,,,,,,,,,,,,,,,,,,
*CC(O)O[Si](*)(C)C,,,,,,,,,,,,,,,,,,,,,,,,,,,,,,,,,1.0,2.0,3.0,0.0,0.0,0.0,9.0,29.46,0.0,0.0,0.0,3.467261091454156,118.04500609,7.0,0.0,9.108541666666667,26.30778663638801,2.142857142857143,0.0,0.0,0.0,0.0,0.0,8.0,0.0,0.0,0.0,0.0,5.0,0.5555555555555556
C[C@@H]1CN(C(=O)N1)/N=C/c2ccc(o2)[N+](=O)[O-],3.646412205951405,0.904654884310172,1.0,5.0,3.0,2.0,1.0,1.0,17.0,100.98,0.0,2.0,5.316788604006331,2.0458585767844966,238.0702048,3.0,14.0,11.281609819853866,12.965578028838586,1.7058823529411764,0.0,0.0,0.0,0.0,0.0,10.0,3.0,0.0,0.0,5.0,8.0,0.47058823529411764,,,,,,,,,,,,,,,,,,,,,,,,,,,,,,
*CC(*)(C)C(=O)OCCOCC(O)CO,,,,,,,,,,,,,,,,,,,,,,,,,,,,,,,,,2.0,5.0,8.0,0.0,0.0,0.0,16.0,75.99000000000001,0.0,0.0,0.0,3.56130193612681,204.099773612,11.0,3.0,11.58436681153943,25.86934683329094,1.7142857142857142,0.0,0.0,0.0,0.0,0.0,14.0,1.0,0.0,0.0,0.0,7.0,0.4375
C[C@@H]1CS(=O)(=O)CCN1/N=C/c2ccc(o2)[N+](=O)[O-],3.6113937304202066,0.9128255085121142,0.0,7.0,3.0,2.0,1.0,1.0,19.0,106.02000000000001,0.0,2.0,0.0,2.0399443030418256,287.057591516,6.0,13.0,11.387051401981054,12.965578028838586,1.5789473684210527,0.0,0.0,0.0,0.0,0.0,11.0,4.0,0.0,0.0,6.0,9.0,0.47368421052631576,,,,,,,,,,,,,,,,,,,,,,,,,,,,,,
*CC(*)(C)C(=O)OCCCCOC(F)(F)F,,,,,,,,,,,,,,,,,,,,,,,,,,,,,,,,,0.0,3.0,7.0,0.0,0.0,0.0,17.0,35.53,0.0,0.0,0.0,3.563169804539535,226.081678936,12.0,3.0,11.602728553096068,38.96938255042504,1.4,3.0,3.0,0.0,0.0,0.0,15.0,1.0,0.0,0.0,0.0,8.0,0.47058823529411764
CC[C@]1(C(=O)NC(=O)N1)c2ccccc2,2.6903273985144853,0.8719786255094997,2.0,2.0,2.0,2.0,1.0,1.0,15.0,58.2,0.0,1.0,10.633577208012662,2.469015651551825,204.089877624,3.0,12.0,11.743707482993198,18.883484074999977,1.2,0.0,0.0,0.0,0.0,0.0,8.0,2.0,0.0,0.0,6.0,4.0,0.26666666666666666,,,,,,,,,,,,,,,,,,,,,,,,,,,,,,
*CCCCCCCCCOC(=O)C1CCC(NCC(=O)O*)CC1,,,,,,,,,,,,,,,,,,,,,,,,,,,,,,,,,1.0,5.0,13.0,1.0,1.0,0.0,25.0,64.63,0.0,0.0,5.316788604006331,1.9864795466812208,325.225308472,17.0,6.0,12.121727250995551,83.59461588102471,1.0,0.0,0.0,0.0,0.0,0.0,23.0,2.0,0.0,0.0,6.0,7.0,0.28
C[NH+]1Cc2c(cccc2N)[C@@H](C1)c3ccccc3,3.9216667490948804,0.8927562764973761,2.0,1.0,1.0,3.0,1.0,2.0,18.0,30.46,0.3333333333333333,1.0,10.633577208012664,2.107473718104637,239.15427502808998,5.0,13.0,6.130536974048878,12.462662452073968,1.0555555555555556,0.0,0.0,0.0,0.0,0.0,8.0,0.0,0.0,1.0,6.0,2.0,0.1111111111111111,,,,,,,,,,,,,,,,,,,,,,,,,,,,,,
*CC(C#N)C(*)=O,,,,,,,,,,,,,,,,,,,,,,,,,,,,,,,,,0.0,2.0,2.0,0.0,0.0,0.0,8.0,40.86,0.0,0.0,0.0,3.755107462553939,81.021463716,2.0,2.0,10.53462962962963,6.923737199690624,2.5,0.0,0.0,0.0,0.0,0.0,5.0,1.0,1.0,0.0,0.0,4.0,0.5
CN1C(=O)[C@H](NC1=O)c2ccccc2,2.4943126506943383,0.8642738740997186,1.0,2.0,1.0,2.0,1.0,1.0,14.0,49.410000000000004,0.0,1.0,5.316788604006331,2.3025561536017793,190.07422756,2.0,12.0,11.558753779289495,6.041840829147961,1.2142857142857142,0.0,0.0,0.0,0.0,0.0,7.0,2.0,0.0,0.0,6.0,4.0,0.2857142857142857,,,,,,,,,,,,,,,,,,,,,,,,,,,,,,
*CNc1cc(/N=N/c2ccc([N+](=O)[O-])cc2)cc(C(*)=O)c1,,,,,,,,,,,,,,,,,,,,,,,,,,,,,,,,,1.0,6.0,6.0,2.0,0.0,2.0,23.0,96.96000000000001,0.0,0.0,5.316788604006331,2.2658863271879177,282.07529017999997,1.0,20.0,11.692476290944906,0.0,1.2380952380952381,0.0,0.0,0.0,0.0,0.0,9.0,3.0,0.0,0.0,6.0,9.0,0.391304347826087
C1[C@@H]2C=C[C@H]1[C@H]3[C@@H]2C(=O)NC3=O,4.568385567159143,0.9188123451035916,1.0,2.0,0.0,3.0,3.0,0.0,12.0,46.17,0.6666666666666666,1.0,5.316788604006331,2.0817410277858737,163.063328528,5.0,7.0,11.290185185185186,6.4208216229260096,1.0833333333333333,0.0,0.0,0.0,0.0,0.0,11.0,3.0,0.0,2.0,5.0,3.0,0.25,,,,,,,,,,,,,,,,,,,,,,,,,,,,,,
*O[Si](*)(C)CCCCCCCCCC,,,,,,,,,,,,,,,,,,,,,,,,,,,,,,,,,0.0,1.0,10.0,0.0,0.0,0.0,15.0,9.23,0.0,0.0,0.0,3.1128317512449626,200.15964191799998,13.0,0.0,5.897314387952916,70.88141731369628,1.0769230769230769,0.0,0.0,0.0,0.0,0.0,14.0,0.0,0.0,0.0,0.0,4.0,0.26666666666666666
c1cc(ccc1[C@@H](C[NH3+])O)O,3.342944945678127,0.8837961771778824,3.0,2.0,2.0,1.0,0.0,1.0,11.0,68.10000000000001,0.0,0.0,5.733667477162185,2.8057445316140477,154.08625504409,4.0,7.0,9.27601851851852,6.103966387748303,1.2727272727272727,0.0,0.0,0.0,0.0,0.0,5.0,0.0,0.0,0.0,6.0,3.0,0.2727272727272727,,,,,,,,,,,,,,,,,,,,,,,,,,,,,,
*C(=O)OCCOCCOCCOCCN(CCO*)c1ccc(Cc2ccccc2)cc1,,,,,,,,,,,,,,,,,,,,,,,,,,,,,,,,,0.0,7.0,18.0,2.0,0.0,2.0,33.0,66.46000000000001,0.0,0.0,4.899909730850478,1.6178283079448452,429.21513771200006,15.0,16.0,10.741942210830725,6.4208216229260096,0.7419354838709677,0.0,0.0,0.0,0.0,0.0,21.0,1.0,0.0,0.0,6.0,9.0,0.2727272727272727
Cc1cnc(c(c1OC)C)C[S@@](=O)c2[nH]c3ccccc3n2,2.9823626563939563,0.8917224592944406,1.0,4.0,4.0,3.0,0.0,3.0,22.0,67.87,0.3333333333333333,2.0,4.736862953800049,1.9093365100058817,315.1041477840001,5.0,17.0,12.557038926681784,24.756764487948743,1.2727272727272727,0.0,0.0,0.0,0.0,0.0,7.0,1.0,0.0,1.0,6.0,6.0,0.2727272727272727,,,,,,,,,,,,,,,,,,,,,,,,,,,,,,
*CCCCCCCCOC(=O)CCCCCCCCC(=O)N*,,,,,,,,,,,,,,,,,,,,,,,,,,,,,,,,,1.0,3.0,17.0,0.0,0.0,0.0,24.0,55.400000000000006,0.0,0.0,5.733667477162185,3.1958738514779403,311.246043916,16.0,6.0,11.606507459630377,96.81523992065479,0.7727272727272727,0.0,0.0,0.0,0.0,0.0,21.0,2.0,0.0,0.0,0.0,6.0,0.25
Cc1cc(c(cc1Cc2cnc(nc2N)N)OC)OC,2.246815096090737,0.9094226559342677,2.0,6.0,4.0,2.0,0.0,2.0,20.0,96.28,0.0,1.0,20.94106086192447,2.377222348789377,274.142975816,4.0,16.0,5.85887747228521,13.344558822616634,1.05,0.0,0.0,0.0,0.0,0.0,9.0,0.0,0.0,0.0,6.0,6.0,0.3,,,,,,,,,,,,,,,,,,,,,,,,,,,,,,
*CCCOCOC(=O)c1ccc(-c2ccc(C(=O)NCc3ccc(O*)cc3)cc2)cc1,,,,,,,,,,,,,,,,,,,,,,,,,,,,,,,,,1.0,5.0,11.0,3.0,0.0,3.0,33.0,73.86,0.0,0.0,10.423315998847038,1.5190996684521698,417.157622836,6.0,25.0,12.468706380515169,19.88931522852921,0.8709677419354839,0.0,0.0,0.0,0.0,0.0,15.0,2.0,0.0,0.0,6.0,8.0,0.24242424242424243
Cc1ncc(n1C[C@@H](CCl)O)[N+](=O)[O-],3.3558364632643034,0.8925292515696013,1.0,5.0,4.0,1.0,0.0,1.0,14.0,81.19,0.0,1.0,0.0,2.932869020340953,219.04106886,6.0,8.0,10.5350141723356,19.5724599933515,1.8571428571428572,1.0,0.0,1.0,0.0,0.0,8.0,1.0,0.0,0.0,5.0,7.0,0.5,,,,,,,,,,,,,,,,,,,,,,,,,,,,,,
*Oc1ccc(C2(c3ccc(O*)cc3)cc2)cc1,,,,,,,,,,,,,,,,,,,,,,,,,,,,,,,,,0.0,2.0,4.0,3.0,1.0,2.0,19.0,18.46,0.0,0.0,10.213054789681411,1.9245509582325204,222.06807956,1.0,16.0,5.458245937263794,5.41499046939678,0.7058823529411765,0.0,0.0,0.0,0.0,0.0,8.0,1.0,0.0,0.0,6.0,4.0,0.21052631578947367
Cc1ccccc1[C@@H](c2ccccc2)OCC[NH+](C)C,3.321112793436302,0.8775233119266886,1.0,1.0,6.0,2.0,0.0,2.0,20.0,13.670000000000002,0.0,0.0,4.899909730850478,2.2287102460666923,270.18524080809,8.0,12.0,6.1850462962962975,13.027703587438927,0.95,0.0,0.0,0.0,0.0,0.0,9.0,0.0,0.0,0.0,6.0,2.0,0.1,,,,,,,,,,,,,,,,,,,,,,,,,,,,,,
*CC(F)(F)C(F)(C(F)(F)F)C(*)(F)F,,,,,,,,,,,,,,,,,,,,,,,,,,,,,,,,,0.0,0.0,3.0,0.0,0.0,0.0,15.0,0.0,0.0,0.0,0.0,5.645277983617009,214.002875824,13.0,0.0,13.061250000000001,31.116769448833544,0.9230769230769231,8.0,8.0,0.0,0.0,0.0,14.0,0.0,0.0,0.0,0.0,10.0,0.6666666666666666
CC(=CCc1c(ccc2c1oc(=O)cc2)OC)C,2.4091403490688386,0.8849531074076049,0.0,3.0,3.0,2.0,0.0,2.0,18.0,39.44,0.5,1.0,10.362449272878036,2.673114417994772,244.109944372,4.0,14.0,11.350517920131015,20.268296022307258,1.2777777777777777,0.0,0.0,0.0,0.0,0.0,6.0,2.0,0.0,1.0,6.0,3.0,0.16666666666666666,,,,,,,,,,,,,,,,,,,,,,,,,,,,,,
*CCSCCOCCOC(=O)NCCC#CNC(=O)O*,,,,,,,,,,,,,,,,,,,,,,,,,,,,,,,,,2.0,6.0,10.0,0.0,0.0,0.0,22.0,85.89,0.0,0.0,10.633577208012662,3.3428507641191145,302.09364267599994,10.0,8.0,11.288613695707852,13.344558822616634,1.25,0.0,0.0,0.0,0.0,0.0,18.0,2.0,1.0,0.0,0.0,10.0,0.45454545454545453
CC(=O)N1C[C@@H](C[C@@H]1C(=O)[O-])O,3.8246737205482138,0.9251412587201053,1.0,4.0,1.0,1.0,1.0,0.0,12.0,80.67,0.0,1.0,5.106527394840706,2.7198223880133643,172.06153137991,6.0,6.0,10.83013888888889,25.490366039512896,1.5833333333333333,0.0,0.0,0.0,0.0,0.0,10.0,2.0,0.0,0.0,5.0,5.0,0.4166666666666667,,,,,,,,,,,,,,,,,,,,,,,,,,,,,,
*/C=C/N=N/S(*)(Cl)C,,,,,,,,,,,,,,,,,,,,,,,,,,,,,,,,,0.0,2.0,2.0,0.0,0.0,0.0,9.0,24.72,0.0,0.0,0.0,3.708793920549296,135.98619684,2.0,4.0,5.889448853615519,0.0,2.142857142857143,1.0,0.0,1.0,0.0,0.0,6.0,2.0,0.0,0.0,0.0,6.0,0.6666666666666666
CC(C)[NH2+]C[C@H]1CCc2cc(c(cc2N1)[N+](=O)[O-])CO,4.06332599917793,0.8945960101541531,3.0,4.0,5.0,2.0,1.0,1.0,20.0,92.01,0.5,1.0,10.633577208012662,2.1844284388602553,280.16556798409,10.0,10.0,11.023491031475338,45.37968126804211,1.55,0.0,0.0,0.0,0.0,0.0,14.0,1.0,0.0,1.0,6.0,6.0,0.3,,,,,,,,,,,,,,,,,,,,,,,,,,,,,,
*CCNC(=O)CCCCCC(=O)O*,,,,,,,,,,,,,,,,,,,,,,,,,,,,,,,,,1.0,3.0,8.0,0.0,0.0,0.0,15.0,55.400000000000006,0.0,0.0,5.316788604006331,3.2307983431853735,185.10519334,7.0,6.0,11.190176996724615,39.02784531432067,1.3076923076923077,0.0,0.0,0.0,0.0,0.0,12.0,2.0,0.0,0.0,0.0,6.0,0.4
C[N+]1(CCCCC1)C[C@H]2CO[C@@](O2)(c3ccccc3)C4CCCCC4,3.778908316516133,0.8939880632753358,0.0,2.0,4.0,4.0,3.0,1.0,25.0,18.46,0.0,2.0,0.0,1.5348894589507174,344.25840574808996,19.0,6.0,6.804705215419501,63.257650523726994,0.96,0.0,0.0,0.0,0.0,0.0,22.0,0.0,0.0,0.0,6.0,3.0,0.12,,,,,,,,,,,,,,,,,,,,,,,,,,,,,,
*CCCCNC(=O)CCOC(=O)c1ccc(O*)cc1,,,,,,,,,,,,,,,,,,,,,,,,,,,,,,,,,1.0,4.0,9.0,1.0,0.0,1.0,21.0,64.63,0.0,0.0,10.423315998847038,2.2141840808902113,263.115758024,6.0,13.0,11.752836363922674,26.186202068468653,1.263157894736842,0.0,0.0,0.0,0.0,0.0,13.0,2.0,0.0,0.0,6.0,7.0,0.3333333333333333
c1ccc(cc1)C2=N[C@H](C(=O)Nc3c2cc(cc3)Cl)O,2.6955338460678817,0.8782770972747271,2.0,3.0,1.0,3.0,1.0,2.0,20.0,61.69,0.3333333333333333,1.0,5.316788604006331,2.231586455482015,286.050905272,3.0,17.0,11.737431342907534,6.22790117073487,1.15,1.0,0.0,1.0,0.0,0.0,8.0,2.0,0.0,1.0,7.0,5.0,0.25,,,,,,,,,,,,,,,,,,,,,,,,,,,,,,
*CCCCCCCCCCOC(=O)c1ccc(C(=O)N*)cc1,,,,,,,,,,,,,,,,,,,,,,,,,,,,,,,,,1.0,3.0,12.0,1.0,0.0,1.0,24.0,55.400000000000006,0.0,0.0,5.733667477162185,2.1031297932137356,303.18344366,10.0,12.0,11.92561009825204,58.29031018309871,0.9090909090909091,0.0,0.0,0.0,0.0,0.0,16.0,2.0,0.0,0.0,6.0,6.0,0.25
C[C@@H](CN1c2ccccc2S(=O)(=O)c3c1cccc3)C[NH+](C)C,3.68458154581627,0.8747315273984543,1.0,3.0,4.0,3.0,1.0,2.0,23.0,41.82,0.6666666666666666,1.0,9.799819461700956,2.106593162685156,331.14747539609004,8.0,15.0,12.873793120643318,16.714704150726174,0.9565217391304348,0.0,0.0,0.0,0.0,0.0,11.0,2.0,0.0,1.0,6.0,5.0,0.21739130434782608,,,,,,,,,,,,,,,,,,,,,,,,,,,,,,
*CCOCCOCCOCCOc1ccc(OC(=O)CCCCCCCCCCC(=O)O*)cc1,,,,,,,,,,,,,,,,,,,,,,,,,,,,,,,,,0.0,8.0,24.0,1.0,0.0,1.0,36.0,89.52000000000001,0.0,0.0,9.473725907600098,1.958586915120432,480.27231823999995,21.0,13.0,12.050991009187566,71.13195342895074,0.6176470588235294,0.0,0.0,0.0,0.0,0.0,28.0,2.0,0.0,0.0,6.0,10.0,0.2777777777777778
C[C@@H](c1ccc(cc1)/C=C/2\CCCCC2=O)C(=O)[O-],3.130287863500479,0.8725486481679299,0.0,3.0,3.0,2.0,1.0,1.0,19.0,57.2,0.0,0.0,5.106527394840706,2.1629248606867466,257.11831798391,6.0,13.0,11.708855295204502,38.52492973755605,1.2105263157894737,0.0,0.0,0.0,0.0,0.0,11.0,3.0,0.0,0.0,6.0,3.0,0.15789473684210525,,,,,,,,,,,,,,,,,,,,,,,,,,,,,,
*CCCCCCNC(=O)CCCCCSC=CCC(=O)NC(=O)CCC(=O)N*,,,,,,,,,,,,,,,,,,,,,,,,,,,,,,,,,3.0,5.0,18.0,0.0,0.0,0.0,30.0,104.37,0.0,0.0,16.367244685174846,3.513608644568645,411.219177536,15.0,13.0,11.739508425542962,77.55277505187675,0.8214285714285714,0.0,0.0,0.0,0.0,0.0,24.0,5.0,0.0,0.0,0.0,10.0,0.3333333333333333
c1ccc(cc1)[C@H]2C(=O)N=C(O2)N,3.0531324259177897,0.8870664763286381,1.0,3.0,1.0,2.0,1.0,1.0,13.0,64.67999999999999,0.0,1.0,5.733667477162185,2.2637060984012773,176.058577496,1.0,12.0,11.192642668178383,6.103966387748303,1.3076923076923077,0.0,0.0,0.0,0.0,0.0,6.0,2.0,0.0,0.0,6.0,4.0,0.3076923076923077,,,,,,,,,,,,,,,,,,,,,,,,,,,,,,
*Oc1ccc(CC(C)(C)c2ccc(C(*)=O)cc2)cc1,,,,,,,,,,,,,,,,,,,,,,,,,,,,,,,,,0.0,2.0,5.0,2.0,0.0,2.0,21.0,26.3,0.0,0.0,5.106527394840706,2.1756479985990707,252.115029752,4.0,15.0,11.462122770121194,25.683286491704038,1.1578947368421053,0.0,0.0,0.0,0.0,0.0,9.0,1.0,0.0,0.0,6.0,4.0,0.19047619047619047
CC[C@@H](C)[C@@H](c1ccccc1)C(=O)OC2CC[NH+](CC2)C,4.078546061778038,0.8411522224629856,1.0,2.0,5.0,2.0,1.0,1.0,21.0,30.740000000000002,0.0,1.0,4.899909730850478,2.0462951764051045,290.21145555608996,12.0,9.0,12.664750094482237,45.13181170206897,1.2857142857142858,0.0,0.0,0.0,0.0,0.0,15.0,1.0,0.0,0.0,6.0,3.0,0.14285714285714285,,,,,,,,,,,,,,,,,,,,,,,,,,,,,,
*CC(*)(C)C(=O)OCCOCCOCCOC(=O)CC[Si](C)(C)[Se],,,,,,,,,,,,,,,,,,,,,,,,,,,,,,,,,0.0,6.0,14.0,0.0,0.0,0.0,25.0,71.06,0.0,0.0,0.0,3.4247108016003067,411.07421141400005,17.0,6.0,11.81835364995392,45.324320552747295,1.0869565217391304,0.0,0.0,0.0,0.0,0.0,22.0,2.0,0.0,0.0,0.0,10.0,0.4
CC[C@@H](C)[C@@H](c1ccccc1)C(=O)OC2CC[N+](CC2)(C)C,3.39889049171663,0.8473458254486065,0.0,2.0,5.0,2.0,1.0,1.0,22.0,26.3,0.0,1.0,0.0,2.0391545956086055,304.22710562008996,13.0,9.0,12.746276455026454,45.13181170206897,1.2272727272727273,0.0,0.0,0.0,0.0,0.0,16.0,1.0,0.0,0.0,6.0,3.0,0.13636363636363635,,,,,,,,,,,,,,,,,,,,,,,,,,,,,,
*=C=Cc1ccc(CCc2ccc(NC(=O)CCCCC(=O)O*)cc2)cc1,,,,,,,,,,,,,,,,,,,,,,,,,,,,,,,,,1.0,3.0,10.0,2.0,0.0,2.0,28.0,55.400000000000006,0.0,0.0,5.316788604006331,1.7368809045150628,348.15996856399994,6.0,19.0,11.978299012168165,38.524929737556064,1.0,0.0,0.0,0.0,0.0,0.0,13.0,4.0,0.0,0.0,6.0,6.0,0.21428571428571427
C[C@H]1[C@H]2Cc3ccc(cc3[C@@]1(CC[NH+]2CC=C(C)C)C)O,5.651089342519876,0.8949105673344482,2.0,1.0,2.0,3.0,2.0,1.0,21.0,24.67,0.6666666666666666,1.0,4.899909730850478,1.956845653717473,286.21654093609,12.0,9.0,9.87046922924358,51.99342334315925,1.4285714285714286,0.0,0.0,0.0,0.0,0.0,16.0,1.0,0.0,1.0,6.0,2.0,0.09523809523809523,,,,,,,,,,,,,,,,,,,,,,,,,,,,,,
*CCCCCCCCCNC(=O)CCCCCCC*,,,,,,,,,,,,,,,,,,,,,,,,,,,,,,,,,1.0,1.0,16.0,0.0,0.0,0.0,21.0,29.1,0.0,0.0,5.316788604006331,3.1211355316075773,267.256214676,16.0,3.0,11.64381921353304,97.3181554974194,0.6842105263157895,0.0,0.0,0.0,0.0,0.0,19.0,1.0,0.0,0.0,0.0,4.0,0.19047619047619047
CCOc1ccc(cc1)NC(=O)C,1.313193596162673,0.8561317444828194,1.0,2.0,3.0,1.0,0.0,1.0,13.0,38.33,0.0,0.0,10.05365155780638,2.6359726406075623,179.094628656,3.0,10.0,10.681432271982867,13.847474399381248,1.3846153846153846,0.0,0.0,0.0,0.0,0.0,6.0,1.0,0.0,0.0,6.0,3.0,0.23076923076923078,,,,,,,,,,,,,,,,,,,,,,,,,,,,,,
*CCCCCCOC(=O)NC(=O)NC(=O)CCCCCCCCCCOC(=O)N*,,,,,,,,,,,,,,,,,,,,,,,,,,,,,,,,,3.0,6.0,17.0,0.0,0.0,0.0,31.0,122.83000000000001,0.0,0.0,16.367244685174846,3.48696844276886,413.25258584,16.0,13.0,11.745617689146764,90.39441829772878,0.6551724137931034,0.0,0.0,0.0,0.0,0.0,26.0,4.0,0.0,0.0,0.0,11.0,0.3548387096774194
CCC(=O)N(c1ccccc1)[C@H](C)C[NH+]2CCCCC2,3.9870666395901484,0.8524246604358297,1.0,1.0,5.0,2.0,1.0,1.0,20.0,24.750000000000004,0.0,1.0,9.799819461700956,2.0743743057763617,275.21178990409,11.0,9.0,12.312232772738724,45.57260172023325,1.2,0.0,0.0,0.0,0.0,0.0,14.0,1.0,0.0,0.0,6.0,3.0,0.15,,,,,,,,,,,,,,,,,,,,,,,,,,,,,,
*OC(P)C(*)=O,,,,,,,,,,,,,,,,,,,,,,,,,,,,,,,,,0.0,2.0,2.0,0.0,0.0,0.0,7.0,26.3,0.0,0.0,0.0,3.3434170589539596,89.987065966,3.0,2.0,10.380046296296296,5.845054792290216,2.6,0.0,0.0,0.0,0.0,0.0,5.0,1.0,0.0,0.0,0.0,5.0,0.7142857142857143
C[NH+](C)CC[C@@H](c1ccccc1)c2ccccn2,3.410867609337309,0.8743620403712038,1.0,1.0,5.0,2.0,0.0,2.0,18.0,17.330000000000002,0.0,1.0,4.899909730850478,2.236037923027508,241.16992509208998,6.0,12.0,4.524141156462585,12.338727669087403,1.0,0.0,0.0,0.0,0.0,0.0,7.0,0.0,0.0,0.0,6.0,2.0,0.1111111111111111,,,,,,,,,,,,,,,,,,,,,,,,,,,,,,
*CC(*)C(=O)OCCCCO[Si](C)(C)O,,,,,,,,,,,,,,,,,,,,,,,,,,,,,,,,,1.0,4.0,8.0,0.0,0.0,0.0,16.0,55.760000000000005,0.0,0.0,0.0,3.3740131963371143,218.097435586,11.0,3.0,11.381908392472216,39.280224775830824,1.5714285714285714,0.0,0.0,0.0,0.0,0.0,14.0,1.0,0.0,0.0,0.0,7.0,0.4375
C[C@@H]1[C@H](OCC[NH2+]1)c2ccccc2,4.114895495410139,0.8825795225192015,1.0,1.0,1.0,2.0,1.0,1.0,13.0,25.84,0.0,1.0,5.316788604006331,2.1506396388249778,178.12264055209,7.0,6.0,5.745,19.069544416586886,1.3076923076923077,0.0,0.0,0.0,0.0,0.0,8.0,0.0,0.0,0.0,6.0,2.0,0.15384615384615385,,,,,,,,,,,,,,,,,,,,,,,,,,,,,,
*CCCNC(=O)CCCCCCCCOc1ccc(C(=O)O*)cc1,,,,,,,,,,,,,,,,,,,,,,,,,,,,,,,,,1.0,4.0,14.0,1.0,0.0,1.0,26.0,64.63,0.0,0.0,10.05365155780638,1.9599354078897218,333.194008344,11.0,13.0,11.572353556986226,58.29031018309871,1.0,0.0,0.0,0.0,0.0,0.0,18.0,2.0,0.0,0.0,6.0,7.0,0.2692307692307692
c1ccc(cc1)[C@@H](CNc2cccc[nH+]2)O,3.6328633302284103,0.8822725485007283,2.0,2.0,4.0,2.0,0.0,2.0,16.0,46.400000000000006,0.0,1.0,10.30076712495354,1.9173511714265792,215.11788952009,3.0,13.0,9.905441232048375,6.103966387748303,1.0625,0.0,0.0,0.0,0.0,0.0,5.0,0.0,0.0,0.0,6.0,3.0,0.1875,,,,,,,,,,,,,,,,,,,,,,,,,,,,,,
*CCC(C)COC(CCCCCCCCCCC)O*,,,,,,,,,,,,,,,,,,,,,,,,,,,,,,,,,0.0,2.0,16.0,0.0,0.0,0.0,21.0,18.46,0.0,0.0,0.0,3.3804890309982625,270.255880328,19.0,0.0,5.945680868338627,97.69027618059322,0.9473684210526315,0.0,0.0,0.0,0.0,0.0,20.0,0.0,0.0,0.0,0.0,4.0,0.19047619047619047
C[C@H](Cc1ccccc1)NC(=O)Cc2ccc(cc2)N,2.1145978136792163,0.8530056389273636,2.0,2.0,5.0,2.0,0.0,2.0,20.0,55.120000000000005,0.0,0.0,11.050456081168516,1.8314684267019308,268.15756326,4.0,16.0,11.955648935500127,25.807221274690605,1.05,0.0,0.0,0.0,0.0,0.0,8.0,1.0,0.0,0.0,6.0,3.0,0.15,,,,,,,,,,,,,,,,,,,,,,,,,,,,,,
*CC(*)C(=O)CCCCCC,,,,,,,,,,,,,,,,,,,,,,,,,,,,,,,,,0.0,1.0,7.0,0.0,0.0,0.0,12.0,17.07,0.0,0.0,0.0,3.3104752935444957,140.120115132,8.0,2.0,11.439721749811035,52.372404136937305,1.6,0.0,0.0,0.0,0.0,0.0,10.0,1.0,0.0,0.0,0.0,3.0,0.25
C[C@@H](Cc1ccc(cc1)O)[NH2+]C,3.5160404365229994,0.8767893919869983,2.0,1.0,3.0,1.0,0.0,1.0,12.0,36.84,0.0,0.0,5.316788604006331,2.5824747372960353,166.12264055209,5.0,7.0,9.040176366843035,19.386399651764595,1.3333333333333333,0.0,0.0,0.0,0.0,0.0,6.0,0.0,0.0,0.0,6.0,2.0,0.16666666666666666,,,,,,,,,,,,,,,,,,,,,,,,,,,,,,
*Sc1ccc(C(*)=S)cc1C,,,,,,,,,,,,,,,,,,,,,,,,,,,,,,,,,0.0,2.0,2.0,1.0,0.0,1.0,12.0,0.0,0.0,0.0,0.0,3.0981803500525973,165.991092192,2.0,8.0,5.221118669690098,11.819220675208399,1.8,0.0,0.0,0.0,0.0,0.0,5.0,1.0,0.0,0.0,6.0,4.0,0.3333333333333333
CC[C@@](C)(C#C)OC(=O)c1ccccc1C(=O)[O-],3.43482234306512,0.8602750644070339,0.0,4.0,4.0,1.0,0.0,1.0,18.0,66.43,0.0,0.0,5.106527394840706,3.062349524874274,245.08193247591,4.0,12.0,11.894467592592592,25.869346833290944,1.3888888888888888,0.0,0.0,0.0,0.0,0.0,9.0,2.0,1.0,0.0,6.0,4.0,0.2222222222222222,,,,,,,,,,,,,,,,,,,,,,,,,,,,,,
*CCCCCCNC(=O)CCCCCCCCCCCCCCC/C=C/C1CCC(*)CC1,,,,,,,,,,,,,,,,,,,,,,,,,,,,,,,,,1.0,1.0,23.0,1.0,1.0,0.0,34.0,29.1,0.0,0.0,5.316788604006331,1.7120326998041355,445.42836538,27.0,5.0,11.846130285736942,161.02345614991492,0.71875,0.0,0.0,0.0,0.0,0.0,32.0,2.0,0.0,0.0,6.0,4.0,0.11764705882352941
C1CC[NH+](CC1)C[C@H]2CCCCC2=O,4.562987784191234,0.9261854601954433,1.0,1.0,2.0,2.0,2.0,0.0,14.0,21.51,0.0,1.0,4.899909730850478,1.7916837009804853,196.16959074409,12.0,2.0,11.65464025888133,44.94575136048208,1.0714285714285714,0.0,0.0,0.0,0.0,0.0,14.0,1.0,0.0,0.0,6.0,2.0,0.14285714285714285,,,,,,,,,,,,,,,,,,,,,,,,,,,,,,
*Oc1cccc(C(=O)OCCCCCCCCC(*)=O)c1,,,,,,,,,,,,,,,,,,,,,,,,,,,,,,,,,0.0,4.0,11.0,1.0,0.0,1.0,22.0,52.6,0.0,0.0,5.106527394840706,2.063984800813725,276.13615912,8.0,12.0,11.867314190227422,44.94575136048208,1.1,0.0,0.0,0.0,0.0,0.0,14.0,2.0,0.0,0.0,6.0,6.0,0.2727272727272727
C[NH+]1CCC(=C2c3ccccc3Sc4c2cccc4)CC1,3.413780841275841,0.8938339965569395,1.0,1.0,0.0,4.0,2.0,2.0,21.0,4.44,0.5,2.0,4.899909730850478,1.915037490068007,294.13109706009,7.0,14.0,2.3056167590492986,22.63261019688757,0.8095238095238095,0.0,0.0,0.0,0.0,0.0,11.0,1.0,0.0,2.0,6.0,2.0,0.09523809523809523,,,,,,,,,,,,,,,,,,,,,,,,,,,,,,
*Oc1ccc(C(=O)c2ccc(C(=O)Nc3ccc(-c4ccc(C(=O)c5ccc(*)cc5)cc4)cc3)cc2)cc1,,,,,,,,,,,,,,,,,,,,,,,,,,,,,,,,,1.0,4.0,8.0,5.0,0.0,5.0,40.0,72.47,0.0,0.0,16.489683067308647,1.210560682324934,495.147058152,0.0,38.0,12.795069945093747,0.0,0.5263157894736842,0.0,0.0,0.0,0.0,0.0,11.0,3.0,0.0,0.0,6.0,7.0,0.175
c1cn(c(n1)[N+](=O)[O-])C[C@@H](C[NH+]2CCCCC2)O,4.640267818178241,0.9004961960861885,2.0,5.0,5.0,2.0,1.0,1.0,18.0,85.63,0.0,2.0,4.899909730850478,1.8757096696414253,255.14516688809,10.0,8.0,10.689743409148171,31.911187662438905,1.5,0.0,0.0,0.0,0.0,0.0,13.0,1.0,0.0,0.0,6.0,7.0,0.3888888888888889,,,,,,,,,,,,,,,,,,,,,,,,,,,,,,
*CCCCC(*)c1ccccc1CC#N,,,,,,,,,,,,,,,,,,,,,,,,,,,,,,,,,0.0,1.0,6.0,1.0,0.0,1.0,16.0,23.79,0.0,0.0,0.0,2.663333574896894,185.12044948,6.0,6.0,8.818719092205294,39.02784531432067,1.4285714285714286,0.0,0.0,0.0,0.0,0.0,9.0,0.0,1.0,0.0,6.0,3.0,0.1875
c1ccc(cc1)C(c2ccccc2)([C@@H]3CCCC[NH2+]3)O,3.420691095776246,0.8883072511483995,2.0,1.0,3.0,3.0,1.0,2.0,20.0,36.84,0.0,1.0,5.316788604006331,2.069930143588577,268.16959074409,8.0,12.0,11.547453703703704,30.905356508909676,0.85,0.0,0.0,0.0,0.0,0.0,10.0,0.0,0.0,0.0,6.0,2.0,0.1,,,,,,,,,,,,,,,,,,,,,,,,,,,,,,
*O[Si](*)(C)CCCCCCC,,,,,,,,,,,,,,,,,,,,,,,,,,,,,,,,,0.0,1.0,7.0,0.0,0.0,0.0,12.0,9.23,0.0,0.0,0.0,3.188993239131051,158.11269172599998,10.0,0.0,5.844195956160242,51.618952444918236,1.4,0.0,0.0,0.0,0.0,0.0,11.0,0.0,0.0,0.0,0.0,4.0,0.3333333333333333
CC(C)(C)[NH2+]C[C@H](c1ccc(c(n1)CO)O)O,4.18159426814453,0.8890817039205331,4.0,4.0,4.0,1.0,0.0,1.0,17.0,90.19000000000001,0.0,1.0,5.316788604006331,2.720205866139174,241.15466895209,10.0,7.0,9.937685185185185,39.020985203716435,1.3529411764705883,0.0,0.0,0.0,0.0,0.0,11.0,0.0,0.0,0.0,6.0,5.0,0.29411764705882354,,,,,,,,,,,,,,,,,,,,,,,,,,,,,,
*CCC(*)C(=O)OCC(F)(F)C(F)(F)C(F)(F)C(F)(F)C(F)(F)C(F)(F)C(F)(F)C(F)(F)F,,,,,,,,,,,,,,,,,,,,,,,,,,,,,,,,,0.0,2.0,11.0,0.0,0.0,0.0,34.0,26.3,0.0,0.0,0.0,6.371888092340832,518.017459204,29.0,3.0,13.589921776581,67.39938313964815,0.65625,17.0,17.0,0.0,0.0,0.0,32.0,1.0,0.0,0.0,0.0,21.0,0.6176470588235294
Cc1c(cnc2c1c(nc(n2)N)N)Cc3cc(ccc3OC)OC,2.5208745950347957,0.9051975292368629,2.0,7.0,4.0,3.0,0.0,3.0,24.0,109.17,0.3333333333333333,2.0,20.94106086192447,2.0961858786724665,325.153874848,4.0,20.0,6.006064125502257,13.344558822616634,1.0416666666666667,0.0,0.0,0.0,0.0,0.0,9.0,0.0,0.0,1.0,6.0,7.0,0.2916666666666667,,,,,,,,,,,,,,,,,,,,,,,,,,,,,,
*CCCCCCCCCCC(=O)NCCCCNCCNC(=O)CCSC(=O)N*,,,,,,,,,,,,,,,,,,,,,,,,,,,,,,,,,4.0,5.0,21.0,0.0,0.0,0.0,31.0,99.33000000000001,0.0,0.0,21.68403328918118,3.2787520223676943,428.28211214,20.0,9.0,11.835912685473595,83.97359667480276,0.6896551724137931,0.0,0.0,0.0,0.0,0.0,27.0,3.0,0.0,0.0,0.0,10.0,0.3225806451612903
Cc1ccc2c(c1)c3c4n2CC[NH2+][C@H]4CCC3,4.016862575836838,0.9130734819735333,1.0,1.0,0.0,4.0,2.0,2.0,17.0,21.54,1.0,2.0,5.316788604006331,2.1101824675516276,227.15427502808998,8.0,9.0,2.5912037037037035,38.7727993035292,1.3529411764705883,0.0,0.0,0.0,0.0,0.0,10.0,0.0,0.0,3.0,6.0,2.0,0.11764705882352941,,,,,,,,,,,,,,,,,,,,,,,,,,,,,,
*Oc1ccc(/C=C/c2ccc(O*)cc2)cc1,,,,,,,,,,,,,,,,,,,,,,,,,,,,,,,,,0.0,2.0,4.0,2.0,0.0,2.0,18.0,18.46,0.0,0.0,10.213054789681411,2.0827542678712074,210.06807956,0.0,16.0,5.3754061964947955,0.0,0.6875,0.0,0.0,0.0,0.0,0.0,6.0,1.0,0.0,0.0,6.0,4.0,0.2222222222222222
Cc1cc(n(c(=O)c1)[O-])C[C@@H](C)CC(C)(C)C,3.6660179045081662,0.8974597111062717,0.0,3.0,3.0,1.0,0.0,1.0,17.0,45.06,0.0,1.0,5.559266895052008,2.8518205085309187,236.16560252391,9.0,8.0,11.62621267951625,47.46032924430513,1.3529411764705883,0.0,0.0,0.0,0.0,0.0,10.0,1.0,0.0,0.0,6.0,3.0,0.17647058823529413,,,,,,,,,,,,,,,,,,,,,,,,,,,,,,
*C1C(CC(C)CSC(*)=O)CC1,,,,,,,,,,,,,,,,,,,,,,,,,,,,,,,,,0.0,2.0,4.0,1.0,1.0,0.0,13.0,17.07,0.0,0.0,0.0,2.096879409349701,170.076536068,9.0,2.0,10.868258141219451,32.60702369139466,1.9090909090909092,0.0,0.0,0.0,0.0,0.0,12.0,1.0,0.0,0.0,4.0,4.0,0.3076923076923077
Cc1csc(n1)N2CC[NH+](CC2)[C@@H](C)Cc3ccc4c(c3)OCO4,3.944879830953334,0.901191780356156,1.0,5.0,4.0,4.0,2.0,2.0,24.0,39.03,0.25,3.0,19.273545369301054,1.3345394819127108,346.1583744280899,10.0,14.0,5.489706887705972,26.31013685145522,1.25,0.0,0.0,0.0,0.0,0.0,16.0,0.0,0.0,1.0,6.0,6.0,0.25,,,,,,,,,,,,,,,,,,,,,,,,,,,,,,
*OC/C=C([O-])CC(*)C(=O)OC(C)CC(F)(F)C(F)(F)C(F)(F)C(F)(F)C(F)(F)C(F)(F)F,,,,,,,,,,,,,,,,,,,,,,,,,,,,,,,,,0.0,4.0,12.0,0.0,0.0,0.0,34.0,58.59,0.0,0.0,5.106527394840706,5.676065087816107,503.05334930391,26.0,6.0,13.831423428908824,68.07911281413331,0.9375,13.0,13.0,0.0,0.0,0.0,31.0,2.0,0.0,0.0,0.0,19.0,0.5588235294117647
CC(C)[NH2+]C[C@H](COc1ccc(cc1)NC(=O)C)O,3.2675697659231657,0.8633209416235192,3.0,3.0,7.0,1.0,0.0,1.0,19.0,75.17,0.0,0.0,15.37044016181271,2.346203475304779,267.17031901609,9.0,10.0,10.861091149291594,32.917018815968135,1.368421052631579,0.0,0.0,0.0,0.0,0.0,12.0,1.0,0.0,0.0,6.0,5.0,0.2631578947368421,,,,,,,,,,,,,,,,,,,,,,,,,,,,,,
*C(C)CCC(*)COC(=O)Oc1ccc(F)c(F)c1F,,,,,,,,,,,,,,,,,,,,,,,,,,,,,,,,,0.0,3.0,6.0,1.0,0.0,1.0,21.0,35.53,0.0,0.0,4.736862953800049,2.457600614448062,274.081678936,9.0,10.0,13.302795776253568,32.60702369139466,1.3157894736842106,3.0,3.0,0.0,0.0,0.0,14.0,1.0,0.0,0.0,6.0,8.0,0.38095238095238093
CC(C)[N+](C)(C)C[C@H](COc1cccc2c1cccc2)O,2.909301333261343,0.8647210533791487,1.0,2.0,6.0,2.0,0.0,2.0,21.0,29.46,0.5,0.0,4.736862953800049,2.0188717681858246,288.19580549208996,10.0,11.0,10.226453766691861,25.993281616277514,1.0476190476190477,0.0,0.0,0.0,0.0,0.0,11.0,0.0,0.0,1.0,6.0,3.0,0.14285714285714285,,,,,,,,,,,,,,,,,,,,,,,,,,,,,,
*CC1CCC(*)C1C,,,,,,,,,,,,,,,,,,,,,,,,,,,,,,,,,0.0,0.0,1.0,1.0,1.0,0.0,9.0,0.0,0.0,0.0,0.0,2.4116033848032283,96.093900384,7.0,0.0,2.511064814814815,33.10993926815928,1.8571428571428572,0.0,0.0,0.0,0.0,0.0,9.0,0.0,0.0,0.0,5.0,2.0,0.2222222222222222
C[C@@H](c1ccc2c(c1)Cc3cccnc3O2)C(=O)[O-],3.3934597067515684,0.8667821878503351,0.0,4.0,2.0,3.0,1.0,2.0,19.0,62.25,0.6666666666666666,2.0,9.843390348640755,1.9823597964939954,254.08226682391,3.0,16.0,10.913836932551309,19.262464868778025,1.368421052631579,0.0,0.0,0.0,0.0,0.0,8.0,1.0,0.0,2.0,6.0,4.0,0.21052631578947367,,,,,,,,,,,,,,,,,,,,,,,,,,,,,,
*C(*)C(=O)OC(C)C#N,,,,,,,,,,,,,,,,,,,,,,,,,,,,,,,,,0.0,3.0,2.0,0.0,0.0,0.0,10.0,50.09,0.0,0.0,0.0,3.713068281919246,111.0320284,3.0,3.0,10.863796296296297,19.95144078712955,2.125,0.0,0.0,0.0,0.0,0.0,7.0,1.0,1.0,0.0,0.0,5.0,0.5
c1ccc2c(c1)CCN3[C@H]2CN(CC3=O)C(=O)C4CCCCC4,2.7092694799437087,0.8902216662353282,0.0,2.0,1.0,4.0,3.0,1.0,23.0,40.620000000000005,0.5,2.0,0.0,1.5676188764312606,312.183778008,11.0,12.0,12.840378480095742,44.56677056670402,1.0869565217391304,0.0,0.0,0.0,0.0,0.0,18.0,2.0,0.0,2.0,6.0,4.0,0.17391304347826086,,,,,,,,,,,,,,,,,,,,,,,,,,,,,,
*CC(*)(C)C(=O)OCC(C)CO,,,,,,,,,,,,,,,,,,,,,,,,,,,,,,,,,1.0,3.0,5.0,0.0,0.0,0.0,13.0,46.53,0.0,0.0,0.0,3.8758857586198934,158.094294308,8.0,3.0,11.51485260770975,26.689117645233264,2.0,0.0,0.0,0.0,0.0,0.0,11.0,1.0,0.0,0.0,0.0,5.0,0.38461538461538464
CCC[C@]1(c2c(c3ccccc3[nH]2)CCO1)CC(=O)[O-],3.507188097080027,0.8743594090214285,1.0,3.0,4.0,3.0,1.0,2.0,20.0,65.15,0.6666666666666666,2.0,5.106527394840706,2.176331473386713,272.12921701591,8.0,12.0,11.167536060720584,38.20807450237835,1.45,0.0,0.0,0.0,0.0,0.0,11.0,1.0,0.0,2.0,6.0,4.0,0.2,,,,,,,,,,,,,,,,,,,,,,,,,,,,,,
*CCCCCCCOC(=O)OC(=O)CCCCC(=O)O*,,,,,,,,,,,,,,,,,,,,,,,,,,,,,,,,,0.0,6.0,12.0,0.0,0.0,0.0,22.0,78.9,0.0,0.0,0.0,3.458226375566325,286.141638424,11.0,9.0,11.35381291471722,64.71113180602472,0.85,0.0,0.0,0.0,0.0,0.0,18.0,3.0,0.0,0.0,0.0,8.0,0.36363636363636365
CC(C)[NH2+]C[C@H](c1ccc2ccccc2c1)O,3.315765806606069,0.8565478938895662,2.0,1.0,4.0,2.0,0.0,2.0,17.0,36.84,0.5,0.0,5.316788604006331,2.177086674282994,230.15394068009,7.0,10.0,10.097617157974302,25.993281616277514,1.0588235294117647,0.0,0.0,0.0,0.0,0.0,7.0,0.0,0.0,1.0,6.0,2.0,0.11764705882352941,,,,,,,,,,,,,,,,,,,,,,,,,,,,,,
*CCN(*)CCCCC(C)OCc1ccccc1,,,,,,,,,,,,,,,,,,,,,,,,,,,,,,,,,0.0,2.0,10.0,1.0,0.0,1.0,19.0,12.47,0.0,0.0,0.0,2.0336085583172534,233.177964356,11.0,6.0,5.894597584404131,45.8207876204205,1.2941176470588236,0.0,0.0,0.0,0.0,0.0,13.0,0.0,0.0,0.0,6.0,4.0,0.21052631578947367
CCC(=O)c1ccc2c(c1)N(c3ccccc3S2)C[C@H](C)[NH+](C)C,3.5517684811091472,0.8652377350727641,1.0,3.0,5.0,3.0,1.0,2.0,24.0,24.750000000000004,0.6666666666666666,1.0,9.799819461700956,2.0688638935912076,341.16821084009007,9.0,15.0,12.152466826236669,36.10110380249077,1.125,0.0,0.0,0.0,0.0,0.0,13.0,1.0,0.0,2.0,6.0,4.0,0.16666666666666666,,,,,,,,,,,,,,,,,,,,,,,,,,,,,,
*O[Si](*)(C)C#Cc1ccccc1,,,,,,,,,,,,,,,,,,,,,,,,,,,,,,,,,0.0,1.0,1.0,1.0,0.0,1.0,13.0,9.23,0.0,0.0,0.0,2.7909362086049523,160.03444140599998,3.0,6.0,5.68577310090703,6.5470113536810866,1.5454545454545454,0.0,0.0,0.0,0.0,0.0,6.0,0.0,1.0,0.0,6.0,4.0,0.3076923076923077
CC(C)Oc1cc2c(cc1OC(C)C)[nH]cc(c2=O)C(=O)OC,2.351358135256712,0.8893582932583245,1.0,5.0,5.0,2.0,0.0,2.0,23.0,77.62,0.5,1.0,14.90251629950064,2.6618171298462943,319.141972772,7.0,16.0,12.483101064499873,39.9028815742591,1.0434782608695652,0.0,0.0,0.0,0.0,0.0,11.0,2.0,0.0,1.0,6.0,6.0,0.2608695652173913,,,,,,,,,,,,,,,,,,,,,,,,,,,,,,
*C(=O)Nc1ccc(NC(=O)c2ccc(C(=O)NNC(=O)c3ccc(C(=O)c4ccc(*)cc4)cc3)cc2)cc1,,,,,,,,,,,,,,,,,,,,,,,,,,,,,,,,,4.0,5.0,7.0,4.0,0.0,4.0,40.0,133.47,0.0,0.0,27.55152707069504,1.2880281530200457,504.14336973999997,0.0,38.0,12.639412933709316,0.0,0.47368421052631576,0.0,0.0,0.0,0.0,0.0,14.0,5.0,0.0,0.0,6.0,11.0,0.275
CC[NH+](CC)C[C@H]1COc2ccccc2O1,3.887915760314513,0.883151057036443,1.0,2.0,4.0,2.0,1.0,1.0,16.0,22.900000000000002,0.5,1.0,14.373635638450576,1.9706487570621027,222.14885530009,8.0,8.0,5.920231481481482,19.95144078712955,1.1875,0.0,0.0,0.0,0.0,0.0,11.0,0.0,0.0,1.0,6.0,3.0,0.1875,,,,,,,,,,,,,,,,,,,,,,,,,,,,,,
*O[Si](C)(C)O[Si](C)(C)O[Si](C)(C)O[Si](C)c1cc(OC)c(C(=O)OCCCCOc2ccc(N3C(=O)c4ccc(*)cc4C3=O)cc2)cc1C,,,,,,,,,,,,,,,,,,,,,,,,,,,,,,,,,0.0,10.0,17.0,4.0,1.0,3.0,51.0,119.06,0.25,1.0,25.626728352599642,1.2500446792499569,738.204227728,21.0,28.0,13.081981128754958,65.59445992131025,0.8571428571428571,0.0,0.0,0.0,0.0,0.0,33.0,3.0,0.0,1.0,6.0,17.0,0.3333333333333333
C[C@@H](c1ccc2c(c1)N(c3ccc(cc3S2)OC)C)C(=O)[O-],3.2008390384465946,0.8748514077966296,0.0,5.0,3.0,3.0,1.0,2.0,22.0,52.599999999999994,0.6666666666666666,1.0,14.743300079491233,2.0318214571588564,314.08563795191,5.0,17.0,11.074445692894084,22.632610196887565,1.1818181818181819,0.0,0.0,0.0,0.0,0.0,11.0,1.0,0.0,2.0,6.0,5.0,0.22727272727272727,,,,,,,,,,,,,,,,,,,,,,,,,,,,,,
*c1cc(OCCCCCCCCCCCCCCCCC)c(N(*)CC)cc1OCCCCCCCCC,,,,,,,,,,,,,,,,,,,,,,,,,,,,,,,,,0.0,3.0,28.0,1.0,0.0,1.0,39.0,21.700000000000003,0.0,0.0,20.856881580068038,2.2012821813144074,515.470230192,28.0,9.0,6.381910715671529,162.02928730344414,0.5405405405405406,0.0,0.0,0.0,0.0,0.0,33.0,0.0,0.0,0.0,6.0,5.0,0.1282051282051282
CCC[C@H](C(=O)c1ccc(cc1)C)[NH+]2CCCC2,3.9568542435176095,0.8679855424962545,1.0,1.0,5.0,2.0,1.0,1.0,18.0,21.51,0.0,1.0,4.899909730850478,2.1372472366535207,246.18524080809,10.0,8.0,12.612272297808012,45.57260172023325,1.2222222222222223,0.0,0.0,0.0,0.0,0.0,12.0,1.0,0.0,0.0,6.0,2.0,0.1111111111111111,,,,,,,,,,,,,,,,,,,,,,,,,,,,,,
*C(=O)NNC(=O)CNC(=O)N*,,,,,,,,,,,,,,,,,,,,,,,,,,,,,,,,,4.0,3.0,2.0,0.0,0.0,0.0,13.0,99.33000000000001,0.0,0.0,21.902038875389287,3.515971525738805,158.043990052,1.0,10.0,10.847726757369614,0.0,1.3636363636363635,0.0,0.0,0.0,0.0,0.0,9.0,3.0,0.0,0.0,0.0,9.0,0.6923076923076923
c1cc2c(cc1O)CC[N+]3=C2CC[C@@H]4[C@@H]3CCC4,4.029389122657456,0.9114614148412667,1.0,1.0,0.0,4.0,3.0,1.0,18.0,23.240000000000002,0.75,2.0,0.0,1.825789664040528,242.15394068009,9.0,9.0,9.611626537960863,44.56677056670402,1.1111111111111112,0.0,0.0,0.0,0.0,0.0,14.0,1.0,0.0,3.0,6.0,2.0,0.1111111111111111,,,,,,,,,,,,,,,,,,,,,,,,,,,,,,
*Cc1ccc(C)c(*)c1C(=O)OC(C)C,,,,,,,,,,,,,,,,,,,,,,,,,,,,,,,,,0.0,2.0,3.0,1.0,0.0,1.0,16.0,26.3,0.0,0.0,6.06636706846161,3.1877486316509795,190.099379688,5.0,9.0,12.053425925925927,33.7989151865108,1.6428571428571428,0.0,0.0,0.0,0.0,0.0,9.0,1.0,0.0,0.0,6.0,4.0,0.25
CC[C@@H]1Nc2cc(c(cc2C(=O)N1)S(=O)(=O)N)Cl,3.3864213815266577,0.9054882623071442,3.0,4.0,2.0,2.0,1.0,1.0,18.0,101.29,0.5,1.0,15.772550945620605,2.5759478838468004,289.02878992399997,6.0,12.0,11.81545918367347,24.405817910268937,1.3888888888888888,1.0,0.0,1.0,0.0,0.0,10.0,3.0,0.0,1.0,6.0,8.0,0.4444444444444444,,,,,,,,,,,,,,,,,,,,,,,,,,,,,,
*CC(*)(C)C(=O)OCCOC(=O)Oc1ccc(OC(=O)c2ccc(OCc3ccc(OC)cc3)c(C)c2)cc1,,,,,,,,,,,,,,,,,,,,,,,,,,,,,,,,,0.0,9.0,12.0,3.0,0.0,3.0,40.0,106.59,0.0,0.0,18.947451815200196,1.4450948152434049,520.1733324759999,8.0,30.0,12.647122435982252,33.29599960974618,0.868421052631579,0.0,0.0,0.0,0.0,0.0,21.0,3.0,0.0,0.0,6.0,11.0,0.275
CCN(CC)C(=O)[C@@H]1CC=CC[C@@H]1C(=O)[O-],3.767449819092551,0.8997396009983735,0.0,3.0,4.0,1.0,1.0,0.0,16.0,60.44,0.0,0.0,5.106527394840706,2.794569497290684,224.12921701591,8.0,8.0,12.076157407407408,26.689117645233267,1.1875,0.0,0.0,0.0,0.0,0.0,13.0,3.0,0.0,0.0,6.0,4.0,0.25,,,,,,,,,,,,,,,,,,,,,,,,,,,,,,
*/C=C/c1cccc(S(=O)(=O)[Si](*)(=O)NCCCCCC)c1,,,,,,,,,,,,,,,,,,,,,,,,,,,,,,,,,,,,,,,,,,,,,,,,,,,,,,,,,,,,,,
CC(C)[NH2+]C[C@H](c1ccc(c2c1cccn2)O)O,3.7160760353728115,0.8756404663812667,3.0,3.0,4.0,2.0,0.0,2.0,18.0,69.96000000000001,0.5,1.0,5.316788604006331,2.3587835547958442,247.14410426809,7.0,11.0,10.217651171579742,25.993281616277514,1.2777777777777777,0.0,0.0,0.0,0.0,0.0,8.0,0.0,0.0,1.0,6.0,4.0,0.2222222222222222,,,,,,,,,,,,,,,,,,,,,,,,,,,,,,
*/C=C(\C#N)C(=O)NCCCCCC(=O)NCCCCCOC(=O)O*,,,,,,,,,,,,,,,,,,,,,,,,,,,,,,,,,2.0,6.0,13.0,0.0,0.0,0.0,26.0,117.52000000000002,0.0,0.0,10.633577208012662,3.462175341439809,337.16377083599997,10.0,12.0,11.671675754834125,44.94575136048208,1.0833333333333333,0.0,0.0,0.0,0.0,0.0,20.0,4.0,1.0,0.0,0.0,10.0,0.38461538461538464
C[C@](Cc1ccc(cc1)O)(C(=O)[O-])[NH3+],3.7012980017258412,0.8672759064178287,2.0,3.0,3.0,1.0,0.0,1.0,14.0,88.0,0.0,0.0,10.84019487200289,2.78645821345238,195.089543276,4.0,10.0,10.669343978332073,18.883484074999977,1.5,0.0,0.0,0.0,0.0,0.0,7.0,1.0,0.0,0.0,6.0,4.0,0.2857142857142857,,,,,,,,,,,,,,,,,,,,,,,,,,,,,,
*CC(*)(C)C1CC1(C(O)Cl)C(Cc1ccccc1)OC(=O)Oc1ccccc1,,,,,,,,,,,,,,,,,,,,,,,,,,,,,,,,,1.0,4.0,8.0,3.0,1.0,2.0,29.0,55.760000000000005,0.0,0.0,4.736862953800049,1.8501812363955932,386.12848689599997,11.0,16.0,12.594829065885614,44.27413828893559,1.3333333333333333,1.0,0.0,1.0,0.0,0.0,18.0,1.0,0.0,0.0,6.0,7.0,0.2413793103448276
C[C@H](CCc1ccc(cc1)O)[NH2+]C[C@H](c2ccc(cc2)O)O,3.618925243374279,0.8812199949586557,4.0,3.0,7.0,2.0,0.0,2.0,22.0,77.30000000000001,0.0,0.0,5.316788604006331,1.7349847672779113,302.17507004808994,8.0,14.0,10.135419468598581,31.911187662438905,0.9090909090909091,0.0,0.0,0.0,0.0,0.0,11.0,0.0,0.0,0.0,6.0,4.0,0.18181818181818182,,,,,,,,,,,,,,,,,,,,,,,,,,,,,,
*Oc1ccc(Cc2ccc(S(=O)(=O)c3ccc(C(*)=O)cc3)cc2)cc1,,,,,,,,,,,,,,,,,,,,,,,,,,,,,,,,,0.0,4.0,6.0,3.0,0.0,3.0,27.0,60.440000000000005,0.0,0.0,5.106527394840706,1.7929476984292936,350.061279928,2.0,23.0,12.777829022767417,16.21178857396156,0.84,0.0,0.0,0.0,0.0,0.0,8.0,3.0,0.0,0.0,6.0,7.0,0.25925925925925924
C[n+]1cc2c(ccc3c2OCO3)c4c1c5cc6c(cc5cc4)OCO6,2.8985067455321527,0.9206722756375255,0.0,4.0,0.0,6.0,2.0,4.0,25.0,40.8,0.8333333333333334,3.0,23.51455146299155,1.7932999160675815,332.0917343480899,3.0,22.0,5.6915417332120075,0.0,0.72,0.0,0.0,0.0,0.0,0.0,9.0,0.0,0.0,3.0,6.0,5.0,0.2,,,,,,,,,,,,,,,,,,,,,,,,,,,,,,
*CCCCC(=O)NCCCCCCNC(=O)NCCCCCNC(=O)O*,,,,,,,,,,,,,,,,,,,,,,,,,,,,,,,,,4.0,4.0,17.0,0.0,0.0,0.0,28.0,108.56000000000002,0.0,0.0,21.267154416025324,3.2850293081219566,370.25800556799993,15.0,11.0,11.64589522182856,71.13195342895074,0.6923076923076923,0.0,0.0,0.0,0.0,0.0,24.0,3.0,0.0,0.0,0.0,10.0,0.35714285714285715
C[C@@H]1[C@@H]2CC[C@@]3(C=CC(=O)C(=C3[C@@H]2OC1=O)C)C,4.304783312686371,0.9124875915736569,0.0,3.0,0.0,3.0,3.0,0.0,18.0,43.370000000000005,0.6666666666666666,1.0,0.0,2.0989565315857823,246.125594436,9.0,9.0,11.85763747165533,39.71682123267219,1.3888888888888888,0.0,0.0,0.0,0.0,0.0,16.0,4.0,0.0,2.0,6.0,3.0,0.16666666666666666,,,,,,,,,,,,,,,,,,,,,,,,,,,,,,
*CCCCCCCCOC(=O)CCCCCCNC(=O)CCCCCCCCC(=O)N*,,,,,,,,,,,,,,,,,,,,,,,,,,,,,,,,,2.0,4.0,24.0,0.0,0.0,0.0,33.0,84.5,0.0,0.0,11.050456081168516,3.297090087257548,438.345757952,22.0,9.0,11.868727086439428,128.91934803528486,0.6129032258064516,0.0,0.0,0.0,0.0,0.0,29.0,3.0,0.0,0.0,0.0,8.0,0.24242424242424243
Cc1ncc(n1C[C@@H](C)O)[N+](=O)[O-],3.1762007394802207,0.8888924768397853,1.0,5.0,3.0,1.0,0.0,1.0,13.0,81.19,0.0,1.0,0.0,3.0132683327205707,185.080041212,5.0,8.0,10.479671201814059,26.496197193042125,1.8461538461538463,0.0,0.0,0.0,0.0,0.0,7.0,1.0,0.0,0.0,5.0,6.0,0.46153846153846156,,,,,,,,,,,,,,,,,,,,,,,,,,,,,,
*c1ccc(Oc2ccc(N3C(=O)c4ccc(-c5ccc6c(c6)C(=O)N(*)C5=O)C4=O)cc3C2=O)c(C)c1,,,,,,,,,,,,,,,,,,,,,,,,,,,,,,,,,0.0,6.0,4.0,7.0,5.0,2.0,38.0,101.06,0.5714285714285714,3.0,21.131930145012678,1.250382171005139,474.08518616799995,1.0,35.0,13.450140060156292,6.923737199690624,0.8888888888888888,0.0,0.0,0.0,0.0,0.0,20.0,10.0,0.0,3.0,8.0,10.0,0.2631578947368421
C1CC[NH+]2[C@H](C1)[C@@]34C[C@@H]2C=CC3=CC(=O)O4,6.919315384501907,0.930064825717732,1.0,2.0,0.0,4.0,4.0,0.0,16.0,30.740000000000002,1.0,3.0,4.899909730850478,1.8392063171901885,218.11755517209,9.0,7.0,11.524802295918366,43.36801896098365,1.4375,0.0,0.0,0.0,0.0,0.0,16.0,3.0,0.0,3.0,6.0,3.0,0.1875,,,,,,,,,,,,,,,,,,,,,,,,,,,,,,
*CC(*)C(=O)OCCSCCCCOc1ccc(-c2ccc(C)cc2)cc1,,,,,,,,,,,,,,,,,,,,,,,,,,,,,,,,,0.0,4.0,12.0,2.0,0.0,2.0,28.0,35.53,0.0,0.0,4.736862953800049,1.5390388592260849,370.160265692,10.0,16.0,11.652385752804705,33.10993926815928,1.0384615384615385,0.0,0.0,0.0,0.0,0.0,16.0,1.0,0.0,0.0,6.0,6.0,0.21428571428571427
C1CC[NH+]2C[C@@H]3C[C@H]([C@H]2C1)C[NH+]4[C@@H]3CCCC4,7.295884247852227,0.9701060355351491,2.0,0.0,0.0,4.0,4.0,0.0,17.0,8.88,0.75,4.0,9.799819461700956,1.5611579447848867,236.22415173617998,17.0,0.0,2.015855064247922,57.02943301877799,0.6470588235294118,0.0,0.0,0.0,0.0,0.0,20.0,0.0,0.0,3.0,6.0,2.0,0.11764705882352941,,,,,,,,,,,,,,,,,,,,,,,,,,,,,,
*CC(*)(C)CC(=O)OC(C)(C)O,,,,,,,,,,,,,,,,,,,,,,,,,,,,,,,,,1.0,3.0,4.0,0.0,0.0,0.0,13.0,46.53,0.0,0.0,0.0,4.028024660791933,158.094294308,8.0,3.0,11.31875,45.82078762042049,1.7272727272727273,0.0,0.0,0.0,0.0,0.0,11.0,1.0,0.0,0.0,0.0,5.0,0.38461538461538464
CC(C)(C)[C@H](/C=C/c1ccc2c(c1)OCO2)O,2.872777508733728,0.894646393870974,1.0,3.0,2.0,2.0,1.0,1.0,17.0,38.69,0.5,1.0,9.473725907600098,2.115546402761142,234.125594436,7.0,10.0,9.897703058075082,26.875177986820177,1.2352941176470589,0.0,0.0,0.0,0.0,0.0,11.0,1.0,0.0,1.0,6.0,3.0,0.17647058823529413,,,,,,,,,,,,,,,,,,,,,,,,,,,,,,
*OC(C(=O)OCCCCCC(NC(=O)O*)OCCOCCN1CCCCCC)cc1,,,,,,,,,,,,,,,,,,,,,,,,,,,,,,,,,1.0,8.0,7.0,1.0,1.0,0.0,32.0,95.56,0.0,1.0,5.316788604006331,2.6792392781359533,428.252251492,20.0,10.0,12.373652633496782,70.62217774158188,1.2333333333333334,0.0,0.0,0.0,0.0,0.0,29.0,3.0,0.0,0.0,18.0,11.0,0.34375
c1ccc(cc1)[C@@H](COC(=O)N)O,2.3745312824666467,0.8459830812824454,2.0,3.0,3.0,1.0,0.0,1.0,13.0,72.55,0.0,0.0,5.733667477162185,2.4886894486840974,181.073893212,3.0,10.0,10.223958175862938,6.103966387748303,1.4615384615384615,0.0,0.0,0.0,0.0,0.0,6.0,1.0,0.0,0.0,6.0,4.0,0.3076923076923077,,,,,,,,,,,,,,,,,,,,,,,,,,,,,,
*Oc1ccc(S(=O)(=O)c2ccc(Oc3ccc(S(=O)(=O)c4ccc(OC(*)=O)cc4)cc3)cc2)cc1,,,,,,,,,,,,,,,,,,,,,,,,,,,,,,,,,0.0,8.0,8.0,4.0,0.0,4.0,37.0,113.04000000000002,0.0,0.0,14.580253302440804,1.4668881668372675,508.0286594719999,2.0,33.0,12.924177610400251,19.5819339020711,0.5428571428571428,0.0,0.0,0.0,0.0,0.0,11.0,5.0,0.0,0.0,6.0,12.0,0.32432432432432434
C[NH2+]C[C@H](c1ccc(cc1)O)O,3.7075033735859364,0.8739397656537429,3.0,2.0,3.0,1.0,0.0,1.0,12.0,57.07000000000001,0.0,0.0,5.316788604006331,2.681773182315252,168.10190510809,5.0,7.0,9.49851851851852,6.103966387748303,1.3333333333333333,0.0,0.0,0.0,0.0,0.0,6.0,0.0,0.0,0.0,6.0,3.0,0.25,,,,,,,,,,,,,,,,,,,,,,,,,,,,,,
*C1C(C)C(*)C1N,,,,,,,,,,,,,,,,,,,,,,,,,,,,,,,,,1.0,1.0,0.0,1.0,1.0,0.0,8.0,26.02,0.0,0.0,5.733667477162185,2.4219954412369677,83.073499288,6.0,0.0,5.880925925925926,25.807221274690605,1.6666666666666667,0.0,0.0,0.0,0.0,0.0,8.0,0.0,0.0,0.0,4.0,3.0,0.375
CN1c2ccc(cc2C(=N[C@H](C1=O)O)c3ccccc3)Cl,2.7072914110386215,0.8674057237347302,1.0,3.0,1.0,3.0,1.0,2.0,21.0,52.900000000000006,0.3333333333333333,1.0,4.899909730850478,2.2716729569381777,300.066555336,4.0,17.0,12.105486898463088,6.22790117073487,1.1904761904761905,1.0,0.0,1.0,0.0,0.0,9.0,2.0,0.0,1.0,7.0,5.0,0.23809523809523808,,,,,,,,,,,,,,,,,,,,,,,,,,,,,,
*CCCCCCCCSc1ccc(*)cc1,,,,,,,,,,,,,,,,,,,,,,,,,,,,,,,,,0.0,1.0,9.0,1.0,0.0,1.0,17.0,0.0,0.0,0.0,6.06636706846161,1.9521392168932064,220.12857164,9.0,6.0,2.3184980715663572,50.34415041276446,0.9333333333333333,0.0,0.0,0.0,0.0,0.0,11.0,0.0,0.0,0.0,6.0,3.0,0.17647058823529413
C[C@H](Cc1ccc2c(c1)OCO2)[NH3+],3.1986031119884766,0.8844973547047528,1.0,2.0,2.0,2.0,1.0,1.0,13.0,46.1,0.5,1.0,15.207393384762284,2.2069506601399076,180.10190510809,5.0,8.0,5.278038548752835,19.386399651764595,1.3846153846153846,0.0,0.0,0.0,0.0,0.0,8.0,0.0,0.0,1.0,6.0,3.0,0.23076923076923078,,,,,,,,,,,,,,,,,,,,,,,,,,,,,,
*Oc1ccc(S(=O)(=O)c2ccc(Oc3cccc(S(=O)(=O)c4ccc(Oc5ccc(NC(=O)Nc6ccc(C(*)(C(F)(F)F)C(F)(F)F)cc6)cc5)cc4)c3)c(Cl)c2C)cc1C(F)(F)F,,,,,,,,,,,,,,,,,,,,,,,,,,,,,,,,,2.0,8.0,12.0,6.0,0.0,6.0,66.0,137.10000000000002,0.0,0.0,25.213830510453466,1.085269362248907,956.0675394520001,17.0,47.0,13.66533962806194,50.952472700253544,0.609375,10.0,9.0,1.0,0.0,0.0,30.0,5.0,0.0,0.0,6.0,24.0,0.36363636363636365
CC(C)(C)[NH2+]C[C@@H](c1cc(cc(c1)O)O)O,3.978135062751207,0.8898488942439675,4.0,3.0,3.0,1.0,0.0,1.0,16.0,77.30000000000001,0.0,0.0,5.316788604006331,2.69077931391418,226.14376992009,8.0,8.0,9.87925925925926,32.41410323920352,1.125,0.0,0.0,0.0,0.0,0.0,10.0,0.0,0.0,0.0,6.0,4.0,0.25,,,,,,,,,,,,,,,,,,,,,,,,,,,,,,
*Nc1ccc(NC(=O)c2cccc(S(*)=O)c2)cc1OCCCCCCCCC,,,,,,,,,,,,,,,,,,,,,,,,,,,,,,,,,2.0,4.0,13.0,2.0,0.0,2.0,30.0,67.42999999999999,0.0,0.0,15.787319034968565,1.9223075428292902,400.182063756,10.0,18.0,12.628189030287816,56.76497203569046,1.1071428571428572,0.0,0.0,0.0,0.0,0.0,17.0,2.0,0.0,0.0,6.0,8.0,0.26666666666666666
c1c(ccc(c1)/C=N/[C@@H]2C(=O)NOC2)/C=N/[C@H]3C(=O)NOC3,4.479597979106289,0.913043273289958,2.0,6.0,4.0,3.0,2.0,1.0,22.0,101.38000000000001,0.0,2.0,10.960193196242404,1.5997332958327293,302.101504928,6.0,16.0,11.277114958888047,12.083681658295921,0.8636363636363636,0.0,0.0,0.0,0.0,0.0,14.0,4.0,0.0,0.0,6.0,8.0,0.36363636363636365,,,,,,,,,,,,,,,,,,,,,,,,,,,,,,
*Oc1c(-c2ccccc2)cc1OC(=O)c1ccc(C(=O)N*)cc1,,,,,,,,,,,,,,,,,,,,,,,,,,,,,,,,,1.0,4.0,5.0,3.0,1.0,2.0,25.0,64.63,0.0,0.0,5.733667477162185,1.707951649677602,305.06880783200006,0.0,23.0,12.294229418619299,0.0,1.0,0.0,0.0,0.0,0.0,0.0,11.0,4.0,0.0,0.0,6.0,7.0,0.28
CC(C)(C)[NH2+]C[C@H](COc1cccc2c1SCCC2)O,3.952749086091016,0.8811548924050717,2.0,3.0,5.0,2.0,1.0,1.0,20.0,46.07,0.5,1.0,10.05365155780638,1.8771235919985767,296.16787649209,13.0,7.0,10.014847411186697,50.15122996057332,1.4,0.0,0.0,0.0,0.0,0.0,15.0,0.0,0.0,1.0,6.0,4.0,0.2,,,,,,,,,,,,,,,,,,,,,,,,,,,,,,
*CCCS(=O)(=S)CCCCC(=O)NCCCCCS*,,,,,,,,,,,,,,,,,,,,,,,,,,,,,,,,,1.0,4.0,14.0,0.0,0.0,0.0,21.0,46.17,0.0,0.0,5.316788604006331,3.489649987206582,323.10474204,14.0,5.0,12.031648221834805,51.8694885601727,1.2105263157894737,0.0,0.0,0.0,0.0,0.0,17.0,3.0,0.0,0.0,0.0,8.0,0.38095238095238093
c1ccc2c(c1)[C@@H](C(=O)NC2=O)C(=O)Nc3ccc(cc3)Cl,2.5023991328207558,0.8812282886269934,2.0,3.0,2.0,3.0,1.0,2.0,22.0,75.27,0.3333333333333333,1.0,10.633577208012662,1.9130538376957753,314.04581989200005,2.0,20.0,12.416023242630388,5.917906046161393,1.0454545454545454,1.0,0.0,1.0,0.0,0.0,9.0,3.0,0.0,1.0,6.0,6.0,0.2727272727272727,,,,,,,,,,,,,,,,,,,,,,,,,,,,,,
*NNC(=O)C(=O)NCCCCCCCNC(=O)c1ccc(C(=O)N*)cc1,,,,,,,,,,,,,,,,,,,,,,,,,,,,,,,,,5.0,5.0,11.0,1.0,0.0,1.0,28.0,128.42999999999998,0.0,0.0,27.63570635255147,2.078598301598027,361.175004216,8.0,18.0,12.062097584627452,32.10410811463005,0.7307692307692307,0.0,0.0,0.0,0.0,0.0,18.0,4.0,0.0,0.0,6.0,11.0,0.39285714285714285
CC(C)C[C@@H]1C[NH+]2CCc3cc(c(cc3[C@H]2CC1=O)OC)OC,4.510139424427935,0.896952253912124,1.0,3.0,4.0,3.0,2.0,1.0,23.0,39.97,0.6666666666666666,2.0,14.373635638450576,1.8850854790019058,318.20637017608993,13.0,10.0,12.602755023305617,39.15178009730724,1.2173913043478262,0.0,0.0,0.0,0.0,0.0,18.0,1.0,0.0,2.0,6.0,4.0,0.17391304347826086,,,,,,,,,,,,,,,,,,,,,,,,,,,,,,
*CCCCCCOC(=O)c1ccccc1OC(=O)CCCCCCC(*)=O,,,,,,,,,,,,,,,,,,,,,,,,,,,,,,,,,0.0,5.0,15.0,1.0,0.0,1.0,28.0,69.67,0.0,0.0,4.736862953800049,2.3577640957262287,360.193673996,12.0,14.0,12.29719964821842,71.13195342895074,0.8846153846153846,0.0,0.0,0.0,0.0,0.0,19.0,3.0,0.0,0.0,6.0,7.0,0.25
CC(=C[C@@H]1[C@H](C1(C)C)C(=O)OCN2C(=O)C3=C(C2=O)CCCC3)C,3.7129651921817404,0.906162181773126,0.0,4.0,4.0,3.0,3.0,0.0,24.0,63.68,0.3333333333333333,1.0,0.0,1.61158435496958,331.17835828,12.0,12.0,12.38303413958176,53.378235290466534,1.1666666666666667,0.0,0.0,0.0,0.0,0.0,21.0,5.0,0.0,1.0,6.0,5.0,0.20833333333333334,,,,,,,,,,,,,,,,,,,,,,,,,,,,,,
*c1cc(CCCCCCCCCCCCCCCCCCCCC)cc(S(*)(=O)=O)c1,,,,,,,,,,,,,,,,,,,,,,,,,,,,,,,,,0.0,2.0,21.0,1.0,0.0,1.0,32.0,34.14,0.0,0.0,6.06636706846161,1.8746552784731658,434.32185171199995,22.0,8.0,11.92632887315835,140.23565313372865,0.6333333333333333,0.0,0.0,0.0,0.0,0.0,24.0,2.0,0.0,0.0,6.0,5.0,0.15625
c1ccc2c(c1)CC[C@@]3(C2)C(=O)NC(=O)N3,3.299601105481364,0.8975982057849105,2.0,2.0,0.0,3.0,2.0,1.0,16.0,58.2,0.6666666666666666,1.0,10.633577208012662,1.9831937110947453,216.089877624,4.0,12.0,11.776882558578986,24.801390121161372,1.125,0.0,0.0,0.0,0.0,0.0,10.0,2.0,0.0,1.0,6.0,4.0,0.25,,,,,,,,,,,,,,,,,,,,,,,,,,,,,,
*C(=O)/C=C(/*)CCOc1ccc(C(=O)OCCCCCCCC)cc1,,,,,,,,,,,,,,,,,,,,,,,,,,,,,,,,,0.0,4.0,13.0,1.0,0.0,1.0,26.0,52.60000000000001,0.0,0.0,4.736862953800049,2.2611218349054267,330.183109312,10.0,14.0,12.008946413173227,51.8694885601727,1.0416666666666667,0.0,0.0,0.0,0.0,0.0,17.0,3.0,0.0,0.0,6.0,6.0,0.23076923076923078
CNc1c2c([nH+]n1C)CCCC2,4.181483190367114,0.94394916256553,1.0,2.0,1.0,2.0,1.0,1.0,12.0,31.1,0.5,1.0,10.415470412307368,2.4637475996743206,166.13387393208998,6.0,6.0,3.370185185185185,25.683286491704038,1.3333333333333333,0.0,0.0,0.0,0.0,0.0,8.0,0.0,0.0,1.0,6.0,3.0,0.25,,,,,,,,,,,,,,,,,,,,,,,,,,,,,,
*Oc1ccc(C(*)(C)C)cc1,,,,,,,,,,,,,,,,,,,,,,,,,,,,,,,,,0.0,1.0,2.0,1.0,0.0,1.0,12.0,9.23,0.0,0.0,5.106527394840706,2.9253054988786795,134.07316494,3.0,7.0,5.352244897959183,19.76538044554264,1.4,0.0,0.0,0.0,0.0,0.0,6.0,0.0,0.0,0.0,6.0,3.0,0.25
C[C@@H](CN1c2ccccc2Sc3c1cccc3)[N+](C)(C)C,2.975275504910851,0.884321546784075,0.0,2.0,3.0,3.0,1.0,2.0,21.0,3.24,0.6666666666666666,1.0,4.899909730850478,2.0262983046473857,299.15764615609004,8.0,13.0,2.4814814814814814,22.756544979874135,0.9047619047619048,0.0,0.0,0.0,0.0,0.0,11.0,0.0,0.0,1.0,6.0,3.0,0.14285714285714285,,,,,,,,,,,,,,,,,,,,,,,,,,,,,,
*CC(*)(C)C(=O)OC(C)CCCCCCCCCOc1ccc(OC(=O)c2ccc(OC(=O)CCCCCCCCC)cc2)cc1,,,,,,,,,,,,,,,,,,,,,,,,,,,,,,,,,0.0,7.0,25.0,2.0,0.0,2.0,47.0,88.13,0.0,0.0,14.210588861400147,1.5376029418442263,622.3869540679999,23.0,22.0,12.59270885487233,142.4499671994884,0.7333333333333333,0.0,0.0,0.0,0.0,0.0,33.0,3.0,0.0,0.0,6.0,9.0,0.19148936170212766
CN(C)C1=NC(=O)[C@@H](O1)c2ccccc2,3.144210914998001,0.8798675946883893,0.0,3.0,1.0,2.0,1.0,1.0,15.0,41.900000000000006,0.0,1.0,0.0,2.2015650210486433,204.089877624,3.0,12.0,11.55042044595616,6.103966387748303,1.2666666666666666,0.0,0.0,0.0,0.0,0.0,8.0,2.0,0.0,0.0,6.0,4.0,0.26666666666666666,,,,,,,,,,,,,,,,,,,,,,,,,,,,,,
*CC(*)(C)C(=O)OCCCCCOc1ccc(C(=O)OCCCCCCCC)cc1,,,,,,,,,,,,,,,,,,,,,,,,,,,,,,,,,0.0,5.0,17.0,1.0,0.0,1.0,31.0,61.83,0.0,0.0,4.736862953800049,2.121860935265947,404.256274252,16.0,13.0,12.089503852968509,84.47651225156737,0.896551724137931,0.0,0.0,0.0,0.0,0.0,23.0,2.0,0.0,0.0,6.0,7.0,0.22580645161290322
C[C@@H](c1ccc(s1)C(=O)c2ccccc2)C(=O)[O-],2.9957409584497334,0.8598292680799184,0.0,4.0,4.0,2.0,0.0,2.0,18.0,57.2,0.0,1.0,5.106527394840706,2.257472117977395,259.04343879191003,2.0,16.0,12.099449168556312,12.841643245852017,1.1111111111111112,0.0,0.0,0.0,0.0,0.0,6.0,2.0,0.0,0.0,6.0,4.0,0.2222222222222222,,,,,,,,,,,,,,,,,,,,,,,,,,,,,,
*Nc1ccc(C(F)(F)C(=O)OC(F)(F)C(F)(F)C(*)(Cl)C(F)(F)F)cc1F,,,,,,,,,,,,,,,,,,,,,,,,,,,,,,,,,1.0,3.0,6.0,1.0,0.0,1.0,28.0,38.33,0.0,0.0,5.733667477162185,3.237497279540797,418.97708824800003,16.0,10.0,13.950399305555555,29.507034231519835,1.1153846153846154,11.0,10.0,1.0,0.0,0.0,21.0,1.0,0.0,0.0,6.0,16.0,0.5714285714285714
C[N+]1(C[C@@H](CC(=C(c2cccs2)c3cccs3)C1)OC)C,3.824293614428451,0.897126185157346,0.0,3.0,3.0,3.0,1.0,2.0,21.0,9.23,0.0,3.0,0.0,2.091178461255831,320.11373274408993,9.0,12.0,5.698881330309902,12.524788010674312,1.1428571428571428,0.0,0.0,0.0,0.0,0.0,12.0,1.0,0.0,0.0,6.0,4.0,0.19047619047619047,,,,,,,,,,,,,,,,,,,,,,,,,,,,,,
*C[Si](*)(C)CCCC,,,,,,,,,,,,,,,,,,,,,,,,,,,,,,,,,0.0,0.0,4.0,0.0,0.0,0.0,9.0,0.0,0.0,0.0,0.0,3.330074215693167,114.08647697800001,7.0,0.0,2.662361111111111,38.90349892982129,1.8571428571428572,0.0,0.0,0.0,0.0,0.0,8.0,0.0,0.0,0.0,0.0,3.0,0.3333333333333333
CC(C)(C(=O)N1CSC[C@@H]1C(=O)[O-])Oc2ccc(cc2)Cl,3.3197661245499095,0.8774447971735672,0.0,5.0,4.0,2.0,1.0,1.0,21.0,69.67,0.0,1.0,9.843390348640755,2.1233995913688966,328.04158021991003,8.0,13.0,12.523635816466504,25.490366039512896,1.380952380952381,1.0,0.0,1.0,0.0,0.0,14.0,2.0,0.0,0.0,6.0,7.0,0.3333333333333333,,,,,,,,,,,,,,,,,,,,,,,,,,,,,,
*c1ccc(NC(=O)CCCCCCCCC(=O)N*)cc1,,,,,,,,,,,,,,,,,,,,,,,,,,,,,,,,,2.0,2.0,10.0,1.0,0.0,1.0,22.0,58.2,0.0,0.0,17.116823149630125,1.9877912552069028,274.168127944,8.0,12.0,11.806590596841492,51.36657298340809,0.9,0.0,0.0,0.0,0.0,0.0,14.0,2.0,0.0,0.0,6.0,6.0,0.2727272727272727
C/[NH+]=C\1/N([C@](CS1)(c2ccc(c(c2)S(=O)(=O)N)Cl)O)C,4.139857182711378,0.8926874491229677,3.0,4.0,2.0,2.0,1.0,1.0,20.0,97.60000000000001,0.0,1.0,10.131378470243611,2.5499176982758516,336.02378744009,9.0,11.0,11.502529525699167,10.620469069488028,1.55,1.0,0.0,1.0,0.0,0.0,12.0,3.0,0.0,0.0,6.0,9.0,0.45,,,,,,,,,,,,,,,,,,,,,,,,,,,,,,
*CC(*)(C#N)CCCCCCC,,,,,,,,,,,,,,,,,,,,,,,,,,,,,,,,,0.0,1.0,7.0,0.0,0.0,0.0,13.0,23.79,0.0,0.0,0.0,3.4610294774675268,151.136099544,9.0,0.0,9.040482568027212,58.2903101830987,1.4545454545454546,0.0,0.0,0.0,0.0,0.0,11.0,0.0,1.0,0.0,0.0,3.0,0.23076923076923078
Cc1cccc(c1NC(=O)[C@@H](C)[NH3+])C,2.972672222100062,0.8593250133360126,2.0,1.0,2.0,1.0,0.0,1.0,14.0,56.74,0.0,0.0,11.050456081168516,2.9126516466884773,193.13353958409,5.0,9.0,11.44305933484505,26.813052428219834,1.3571428571428572,0.0,0.0,0.0,0.0,0.0,7.0,1.0,0.0,0.0,6.0,3.0,0.21428571428571427,,,,,,,,,,,,,,,,,,,,,,,,,,,,,,
*Cc1cc(OC)c(/N=N/c2ccc(OCC(C)CCCCCCOc3ccc(C(*)=O)cc3)cc2)cc1,,,,,,,,,,,,,,,,,,,,,,,,,,,,,,,,,0.0,6.0,16.0,3.0,0.0,3.0,38.0,69.48000000000002,0.0,0.0,14.210588861400147,1.290671039127676,486.25185756799993,11.0,25.0,11.439244450987484,45.95158251401131,0.9166666666666666,0.0,0.0,0.0,0.0,0.0,20.0,2.0,0.0,0.0,6.0,8.0,0.21052631578947367
Cc1ccccc1N2CC[NH+](CC2)[C@H]3CCc4cc(ccc4C3)O,3.7929004902939916,0.8796390924971598,2.0,2.0,2.0,4.0,2.0,2.0,24.0,27.91,0.25,1.0,9.799819461700956,1.3993575861533083,323.21178990409,10.0,14.0,9.651908804671667,32.22804289761662,1.0416666666666667,0.0,0.0,0.0,0.0,0.0,15.0,0.0,0.0,1.0,6.0,3.0,0.125,,,,,,,,,,,,,,,,,,,,,,,,,,,,,,
*CCCCCCCOC(=O)CCCCCCC(=O)O*,,,,,,,,,,,,,,,,,,,,,,,,,,,,,,,,,0.0,4.0,14.0,0.0,0.0,0.0,21.0,52.60000000000001,0.0,0.0,0.0,3.216091218510976,270.183109312,13.0,6.0,11.485672094493342,77.55277505187675,0.7894736842105263,0.0,0.0,0.0,0.0,0.0,18.0,2.0,0.0,0.0,0.0,6.0,0.2857142857142857
COc1ccc(cc1OC)/C=C/C(=O)Nc2ccccc2C(=O)[O-],2.2388904388924296,0.868676807524308,1.0,5.0,6.0,2.0,0.0,2.0,24.0,87.69,0.0,0.0,19.897041906447136,2.1266540136519008,326.10339619190995,2.0,22.0,11.970976867598893,0.0,1.0416666666666667,0.0,0.0,0.0,0.0,0.0,10.0,3.0,0.0,0.0,6.0,6.0,0.25,,,,,,,,,,,,,,,,,,,,,,,,,,,,,,
*SC(C)C[Si](*)(C)C,,,,,,,,,,,,,,,,,,,,,,,,,,,,,,,,,0.0,1.0,3.0,0.0,0.0,0.0,9.0,0.0,0.0,0.0,0.0,3.467261091454156,132.042897914,7.0,0.0,2.569166666666667,31.31179371395144,2.0,0.0,0.0,0.0,0.0,0.0,8.0,0.0,0.0,0.0,0.0,4.0,0.4444444444444444
CC(C)(C)C(=O)[C@@H](n1cncn1)Oc2ccc(cc2)Cl,2.911781663513594,0.8801914558149752,0.0,5.0,4.0,2.0,0.0,2.0,20.0,57.010000000000005,0.0,1.0,4.736862953800049,2.281223550397853,293.093104432,6.0,14.0,12.494793223873913,26.999112769806743,1.3,1.0,0.0,1.0,0.0,0.0,9.0,1.0,0.0,0.0,6.0,6.0,0.3,,,,,,,,,,,,,,,,,,,,,,,,,,,,,,
*c1ccc2c(c1)C(=O)N(c1ccc(N3C(=O)c4ccc(Oc5ccc5c(c5)C(=O)N(*)C5=O)cc4c3=O)c(C(C)(C)C)c2)cc1,,,,,,,,,,,,,,,,,,,,,,,,,,,,,,,,,0.0,7.0,4.0,7.0,4.0,3.0,46.0,105.99000000000001,0.42857142857142855,4.0,21.262406648164145,1.3070327990196342,581.1586854559998,4.0,40.0,14.117999369424334,26.186202068468653,0.8181818181818182,0.0,0.0,0.0,0.0,0.0,22.0,9.0,0.0,3.0,10.0,11.0,0.2391304347826087
CCC(=O)O[C@@]1(C[C@H]([NH+](C[C@@H]1C)C)C)c2ccccc2,4.567519857339212,0.8610516005010842,1.0,2.0,3.0,2.0,1.0,1.0,20.0,30.740000000000002,0.0,1.0,4.899909730850478,2.4082446714010852,276.19580549209,11.0,9.0,11.963276171579743,45.25574648505554,1.35,0.0,0.0,0.0,0.0,0.0,14.0,1.0,0.0,0.0,6.0,3.0,0.15,,,,,,,,,,,,,,,,,,,,,,,,,,,,,,
*CC(*)(C)C(=O)OCCOC(=O)c1cc(C)c(C)c(OC)c1,,,,,,,,,,,,,,,,,,,,,,,,,,,,,,,,,0.0,5.0,7.0,1.0,0.0,1.0,23.0,61.83,0.0,0.0,4.736862953800049,2.5531883683852725,292.13107374000003,8.0,13.0,12.078185586734694,33.61285484492389,1.2857142857142858,0.0,0.0,0.0,0.0,0.0,15.0,2.0,0.0,0.0,6.0,7.0,0.30434782608695654
C[C@@H](CN1c2ccccc2Sc3c1cccc3)C[NH+](C)C,3.508042845197682,0.8778014635126733,1.0,2.0,4.0,3.0,1.0,2.0,21.0,7.680000000000001,0.6666666666666666,1.0,9.799819461700956,1.9466038815218274,299.15764615609004,8.0,13.0,2.4948148148148146,16.714704150726174,0.9523809523809523,0.0,0.0,0.0,0.0,0.0,11.0,0.0,0.0,1.0,6.0,3.0,0.14285714285714285,,,,,,,,,,,,,,,,,,,,,,,,,,,,,,
*CC(CO*)c1ccc(-c2cnc(/N=N/c3ccc(OC)cc3)cc2)cc1,,,,,,,,,,,,,,,,,,,,,,,,,,,,,,,,,0.0,5.0,8.0,3.0,0.0,3.0,28.0,56.07000000000001,0.0,1.0,4.736862953800049,1.6840142170988506,345.147726848,5.0,21.0,5.598242224459408,12.841643245852017,1.0,0.0,0.0,0.0,0.0,0.0,11.0,1.0,0.0,0.0,6.0,7.0,0.25
C[C@]12CC[C@H](C1(C)C)C[N+](C2)(C)CCC[N+](C)(C)C,5.338354976513536,0.9545830637840999,0.0,0.0,4.0,2.0,2.0,0.0,19.0,0.0,0.5,1.0,0.0,1.9986778103258218,268.28675199218,19.0,0.0,2.558016581632653,40.0336764678499,1.1578947368421053,0.0,0.0,0.0,0.0,0.0,20.0,0.0,0.0,1.0,6.0,2.0,0.10526315789473684,,,,,,,,,,,,,,,,,,,,,,,,,,,,,,
*CC(*)c1ccc(CCOCCCCCCS)cc1,,,,,,,,,,,,,,,,,,,,,,,,,,,,,,,,,1.0,2.0,11.0,1.0,0.0,1.0,20.0,9.23,0.0,0.0,0.0,2.0987263053012954,264.154786388,12.0,6.0,5.7198979591836725,45.448666937246685,1.1111111111111112,0.0,0.0,0.0,0.0,0.0,14.0,0.0,0.0,0.0,6.0,4.0,0.2
COc1cc(cc(c1OC)OC)C(=O)N2CCOCC2,1.8316251360507785,0.8826692764458609,0.0,5.0,4.0,2.0,1.0,1.0,20.0,57.230000000000004,0.0,1.0,14.210588861400147,2.3303594105861096,281.12632270800003,8.0,12.0,12.454098167044595,0.0,1.05,0.0,0.0,0.0,0.0,0.0,14.0,1.0,0.0,0.0,6.0,6.0,0.3,,,,,,,,,,,,,,,,,,,,,,,,,,,,,,
*CCOCCCCCCOCC(=O)Nc1ccc(P(=O)(Oc2ccccc2)(C(=O)OC)C(*)=O)cc1,,,,,,,,,,,,,,,,,,,,,,,,,,,,,,,,,,,,,,,,,,,,,,,,,,,,,,,,,,,,,,
C1COCC[NH+]1[C@H](C(Cl)(Cl)Cl)NC=O,5.376379203170201,0.9545485291265576,2.0,2.0,3.0,1.0,1.0,0.0,14.0,42.77,0.0,1.0,10.216698334856808,2.600699124467958,260.99588708409,11.0,3.0,10.372973592214663,9.958311547664298,1.3571428571428572,3.0,0.0,3.0,0.0,0.0,13.0,1.0,0.0,0.0,6.0,7.0,0.5,,,,,,,,,,,,,,,,,,,,,,,,,,,,,,
*C[N+](*)(CCCCC)C(=O)OCCCCCCCCCOc1ccc(C(=O)O[Na])cc1,,,,,,,,,,,,,,,,,,,,,,,,,,,,,,,,,0.0,5.0,17.0,1.0,0.0,1.0,32.0,61.83,0.0,0.0,4.736862953800049,2.012598635433764,428.24074392009,16.0,13.0,12.51016882294111,71.13195342895074,0.9666666666666667,0.0,0.0,0.0,0.0,0.0,24.0,2.0,0.0,0.0,6.0,9.0,0.28125
COc1cc(cc(c1OC)OC)C(=S)N2CCOCC2,2.145500136050778,0.8986518941941679,0.0,5.0,4.0,2.0,1.0,1.0,20.0,40.16,0.0,1.0,14.210588861400147,2.3303594105861096,297.10347908800003,8.0,12.0,5.553488756613756,0.0,1.05,0.0,0.0,0.0,0.0,0.0,14.0,1.0,0.0,0.0,6.0,6.0,0.3,,,,,,,,,,,,,,,,,,,,,,,,,,,,,,
*O[Si](C)(C)c1cc(C(C)(C)C)c(/N=N/c2ccc(-c3ccc(*)cc3)cc2)cc1,,,,,,,,,,,,,,,,,,,,,,,,,,,,,,,,,0.0,3.0,5.0,3.0,0.0,3.0,30.0,33.95,0.0,0.0,11.25309271414907,1.885513874055507,386.181439982,8.0,20.0,6.052996675658448,39.28022477583082,0.8571428571428571,0.0,0.0,0.0,0.0,0.0,13.0,1.0,0.0,0.0,6.0,6.0,0.2
COc1cc(cc(c1OC)OC)C(=O)N2CCCCCCC2,1.7824893621495352,0.879286050889316,0.0,4.0,4.0,2.0,1.0,1.0,22.0,48.00000000000001,0.0,1.0,14.210588861400147,2.275157513731636,307.17835828,10.0,12.0,12.774676398337112,32.10410811463005,0.8636363636363636,0.0,0.0,0.0,0.0,0.0,16.0,1.0,0.0,0.0,8.0,5.0,0.22727272727272727,,,,,,,,,,,,,,,,,,,,,,,,,,,,,,
*CC(*)(C)C(=O)OCCCCCCOC,,,,,,,,,,,,,,,,,,,,,,,,,,,,,,,,,0.0,3.0,9.0,0.0,0.0,0.0,16.0,35.53,0.0,0.0,0.0,3.4163907440650547,200.1412445,11.0,3.0,11.691294835465559,45.448666937246685,1.3571428571428572,0.0,0.0,0.0,0.0,0.0,14.0,1.0,0.0,0.0,0.0,5.0,0.3125
C1CN([P@@](=O)(OC1)N(CCCl)CCCl)CCCl,4.162331682219817,0.9540089876859831,0.0,2.0,7.0,1.0,1.0,0.0,17.0,32.78,0.0,1.0,0.0,2.796471085690024,322.017147486,16.0,1.0,12.88810185185185,6.4208216229260096,1.1764705882352942,3.0,0.0,3.0,0.0,0.0,16.0,1.0,0.0,0.0,6.0,8.0,0.47058823529411764,,,,,,,,,,,,,,,,,,,,,,,,,,,,,,
*CCC(*)C(=O)c1ccc(S(=O)(=O)C(F)(F)C(F)(F)C(F)(F)C(F)(F)C(F)(F)C(F)(F)C(F)(F)F)cc1,,,,,,,,,,,,,,,,,,,,,,,,,,,,,,,,,0.0,3.0,11.0,1.0,0.0,1.0,38.0,51.21,0.0,0.0,0.0,3.6361618756660095,578.003288448,26.0,10.0,14.241492914895016,65.70436943089213,0.7222222222222222,15.0,15.0,0.0,0.0,0.0,29.0,3.0,0.0,0.0,6.0,21.0,0.5526315789473685
COc1cc(cc(c1OC)OC)C(=O)N[C@@H]2CCC[NH2+]C2,3.4206429103867304,0.8832678569825683,2.0,4.0,5.0,2.0,1.0,1.0,21.0,73.4,0.0,1.0,24.844166069412807,2.194067207749172,295.16523363609,9.0,12.0,12.371898620559335,18.88348407499998,1.1904761904761905,0.0,0.0,0.0,0.0,0.0,15.0,1.0,0.0,0.0,6.0,6.0,0.2857142857142857,,,,,,,,,,,,,,,,,,,,,,,,,,,,,,
*c1cc(CCCCCCCCCCCCCCCC)c(*)o1,,,,,,,,,,,,,,,,,,,,,,,,,,,,,,,,,0.0,1.0,15.0,1.0,0.0,1.0,23.0,13.14,0.0,1.0,12.526325991278114,1.788284299835956,290.260965708,16.0,5.0,5.80631181664517,103.2360615435808,0.7619047619047619,0.0,0.0,0.0,0.0,0.0,18.0,0.0,0.0,0.0,5.0,3.0,0.13043478260869565
C[C@@H](c1ccc(c2c1cccc2)C3CCCCC3)C(=O)[O-],2.908617460582297,0.8556396369416723,0.0,2.0,3.0,3.0,1.0,2.0,21.0,40.129999999999995,0.3333333333333333,0.0,5.106527394840706,2.117439341727831,281.15470349191,8.0,13.0,11.218904406880597,50.86365740664347,1.0476190476190477,0.0,0.0,0.0,0.0,0.0,11.0,1.0,0.0,1.0,6.0,2.0,0.09523809523809523,,,,,,,,,,,,,,,,,,,,,,,,,,,,,,
*CCCCCCCCCCCCCCCCOC(=O)CCC(=O)O*,,,,,,,,,,,,,,,,,,,,,,,,,,,,,,,,,0.0,4.0,19.0,0.0,0.0,0.0,26.0,52.60000000000001,0.0,0.0,0.0,3.1293453005319445,340.26135963199994,18.0,6.0,11.404124598891244,109.65688316650682,0.625,0.0,0.0,0.0,0.0,0.0,23.0,2.0,0.0,0.0,0.0,6.0,0.23076923076923078
CCOc1ccccc1OC[C@@H]2C[NH2+]CCO2,3.5486465758368384,0.8789957787786334,1.0,3.0,5.0,2.0,1.0,1.0,17.0,44.3,0.0,1.0,14.790514511606428,1.8827714968841787,238.14376992009,9.0,8.0,5.759166666666667,13.027703587438927,1.2941176470588236,0.0,0.0,0.0,0.0,0.0,12.0,0.0,0.0,0.0,6.0,4.0,0.23529411764705882,,,,,,,,,,,,,,,,,,,,,,,,,,,,,,
*CC1C(=O)N(CCC)C1C(=O)O*,,,,,,,,,,,,,,,,,,,,,,,,,,,,,,,,,0.0,3.0,4.0,1.0,1.0,0.0,14.0,46.61,0.0,1.0,0.0,2.674861781692886,169.073893212,6.0,6.0,11.592078609221467,26.31013685145522,1.9166666666666667,0.0,0.0,0.0,0.0,0.0,12.0,2.0,0.0,0.0,4.0,6.0,0.42857142857142855
CC[C@]12CCC[NH+]3[C@@H]1c4c(c5ccccc5n4C(=O)C2)CC3,4.8074311817177815,0.8891096483964092,1.0,2.0,1.0,5.0,3.0,2.0,22.0,26.44,1.2,4.0,4.899909730850478,1.8751782423735952,295.18048977609004,11.0,11.0,13.016275982615268,45.06968614346863,1.3181818181818181,0.0,0.0,0.0,0.0,0.0,15.0,1.0,0.0,4.0,6.0,3.0,0.13636363636363635,,,,,,,,,,,,,,,,,,,,,,,,,,,,,,
*CC(C)(C)C[Si](*)(C)C,,,,,,,,,,,,,,,,,,,,,,,,,,,,,,,,,0.0,0.0,3.0,0.0,0.0,0.0,10.0,0.0,0.0,0.0,0.0,3.887594744367081,128.102127042,8.0,0.0,2.5877083333333335,39.90933008335052,1.625,0.0,0.0,0.0,0.0,0.0,9.0,0.0,0.0,0.0,0.0,3.0,0.3
CC[C@]1(CCC[NH+]2[C@@H]1c3c(c4ccccc4[nH]3)CC2)CO,4.724001590770256,0.8886648638353307,3.0,1.0,2.0,4.0,2.0,2.0,21.0,40.46,0.75,3.0,4.899909730850478,1.9066112714448369,285.19613984009,12.0,9.0,10.153676618795666,38.64886452054262,1.3333333333333333,0.0,0.0,0.0,0.0,0.0,14.0,0.0,0.0,3.0,6.0,3.0,0.14285714285714285,,,,,,,,,,,,,,,,,,,,,,,,,,,,,,
*CCCCCCCCOC(=O)CCCCCCCCCCCCCC(=O)O*,,,,,,,,,,,,,,,,,,,,,,,,,,,,,,,,,0.0,4.0,22.0,0.0,0.0,0.0,29.0,52.60000000000001,0.0,0.0,0.0,3.163239729587559,382.30830982399993,21.0,6.0,11.715838982091174,128.91934803528486,0.5555555555555556,0.0,0.0,0.0,0.0,0.0,26.0,2.0,0.0,0.0,0.0,6.0,0.20689655172413793
C[C@H](c1c(cncn1)F)[C@@](Cn2cncn2)(c3ccc(cc3F)F)O,3.590676270184087,0.9108454576912456,1.0,6.0,5.0,3.0,0.0,3.0,25.0,76.72,0.0,2.0,0.0,2.1271464030010665,349.11504472799993,8.0,17.0,14.379223670949862,24.98745046274828,1.16,3.0,3.0,0.0,0.0,0.0,10.0,0.0,0.0,0.0,6.0,9.0,0.36,,,,,,,,,,,,,,,,,,,,,,,,,,,,,,
*CC(*)C(=O)OC(C)c1ccc(OCCCC)cc1,,,,,,,,,,,,,,,,,,,,,,,,,,,,,,,,,0.0,3.0,8.0,1.0,0.0,1.0,20.0,35.53,0.0,0.0,4.736862953800049,2.5227858983204046,248.1412445,8.0,10.0,11.854739260874792,46.1376428555982,1.4444444444444444,0.0,0.0,0.0,0.0,0.0,13.0,1.0,0.0,0.0,6.0,5.0,0.25
Cn1c2c(c(=O)n(c1=O)C)n(cn2)C[C@@H](C[NH+](C)CCO)O,4.363032578193643,0.9058729814407774,3.0,8.0,6.0,2.0,0.0,2.0,22.0,106.72000000000001,0.5,2.0,16.14892002410596,2.338954777643364,312.1666306040899,11.0,11.0,12.258324931441814,12.648722793660877,1.3181818181818181,0.0,0.0,0.0,0.0,0.0,11.0,2.0,0.0,1.0,6.0,9.0,0.4090909090909091,,,,,,,,,,,,,,,,,,,,,,,,,,,,,,
*CC(*)CCCCn1c2ccccc21,,,,,,,,,,,,,,,,,,,,,,,,,,,,,,,,,0.0,1.0,6.0,2.0,1.0,1.0,15.0,3.01,0.5,1.0,4.899909730850478,1.6170877459815247,173.12044948,6.0,7.0,2.4632279856387,32.60702369139466,1.3076923076923077,0.0,0.0,0.0,0.0,0.0,10.0,0.0,0.0,1.0,6.0,3.0,0.2
Cc1cccc(c1C)OC[C@@H](C[NH2+]C(C)(C)C)O,3.5035858046035813,0.8734972387111793,2.0,2.0,5.0,1.0,0.0,1.0,18.0,46.07,0.0,0.0,10.05365155780638,2.4283016345084856,252.19580549209,11.0,7.0,9.877765495086923,46.261577638584754,1.2777777777777777,0.0,0.0,0.0,0.0,0.0,12.0,0.0,0.0,0.0,6.0,3.0,0.16666666666666666,,,,,,,,,,,,,,,,,,,,,,,,,,,,,,
*CCCCCOC(=O)Oc1ccc(OC(=O)C(CC(C)C)c2ccc(O*)cc2)cc1,,,,,,,,,,,,,,,,,,,,,,,,,,,,,,,,,0.0,6.0,12.0,2.0,0.0,2.0,32.0,71.06,0.0,0.0,14.580253302440804,1.9297764498097845,412.188588616,10.0,20.0,12.916384826353159,52.37240413693729,0.9,0.0,0.0,0.0,0.0,0.0,19.0,2.0,0.0,0.0,6.0,8.0,0.25
c1ccc2c(c1)c3c([nH]2)[C@@H]4C[C@H]5[C@H](CC[C@H]([C@H]5C(=O)[O-])O)C[NH+]4CC3,5.2695389069656144,0.8964464823026,3.0,3.0,1.0,5.0,3.0,2.0,25.0,80.59,0.8,3.0,10.006437125691184,1.5381337158995316,340.178692628,13.0,12.0,11.680429439554619,37.8290937086003,1.28,0.0,0.0,0.0,0.0,0.0,18.0,1.0,0.0,3.0,6.0,5.0,0.2,,,,,,,,,,,,,,,,,,,,,,,,,,,,,,
*CCCCOC(=O)OCCSCCCCCCCOC(=O)O*,,,,,,,,,,,,,,,,,,,,,,,,,,,,,,,,,0.0,7.0,15.0,0.0,0.0,0.0,24.0,71.06,0.0,0.0,0.0,3.1422321221361984,334.1450095519999,14.0,8.0,11.254173273726478,51.8694885601727,0.7727272727272727,0.0,0.0,0.0,0.0,0.0,21.0,2.0,0.0,0.0,0.0,9.0,0.375
COc1cc(c(cc1C(=O)N[C@H]2C[NH+]3CCC2CC3)Cl)N,4.775276772853852,0.8898790352121051,3.0,3.0,3.0,4.0,3.0,1.0,21.0,68.78999999999999,0.75,3.0,20.687228765819043,1.7762356289742276,310.13168101209004,10.0,11.0,12.5326278659612,18.88348407499998,1.4285714285714286,1.0,0.0,1.0,0.0,0.0,16.0,1.0,0.0,2.0,6.0,6.0,0.2857142857142857,,,,,,,,,,,,,,,,,,,,,,,,,,,,,,
*CC(*)OC(=O)C(C)(C)C,,,,,,,,,,,,,,,,,,,,,,,,,,,,,,,,,0.0,2.0,2.0,0.0,0.0,0.0,11.0,26.3,0.0,0.0,0.0,3.883902436643611,128.083729624,6.0,3.0,11.279444444444444,34.30183076327542,1.8888888888888888,0.0,0.0,0.0,0.0,0.0,9.0,1.0,0.0,0.0,0.0,4.0,0.36363636363636365
C[C@@H](c1cc2ccccc2s1)N(C(=O)N)O,2.992633714099858,0.8705572818229419,2.0,3.0,2.0,2.0,0.0,2.0,16.0,66.56,0.5,1.0,5.733667477162185,2.362960926704292,236.061948624,3.0,13.0,10.832023494583018,12.965578028838586,1.5,0.0,0.0,0.0,0.0,0.0,6.0,1.0,0.0,1.0,6.0,5.0,0.3125,,,,,,,,,,,,,,,,,,,,,,,,,,,,,,
*CCOCOC(=O)c1ccc(C(=O)O*)cc1,,,,,,,,,,,,,,,,,,,,,,,,,,,,,,,,,0.0,5.0,6.0,1.0,0.0,1.0,18.0,61.83,0.0,0.0,0.0,2.511191897655054,222.05282342,4.0,12.0,11.568090750188965,6.923737199690624,1.1875,0.0,0.0,0.0,0.0,0.0,10.0,2.0,0.0,0.0,6.0,7.0,0.3888888888888889
C[NH+](C)C[C@H]1CCCC[C@@]1(c2cccc(c2)OC)O,3.946146007388897,0.8767349652860741,2.0,2.0,4.0,2.0,1.0,1.0,19.0,33.900000000000006,0.0,0.0,9.636772684650527,2.297593905275676,264.19580549209,12.0,7.0,11.20232709750567,31.284337302687725,1.368421052631579,0.0,0.0,0.0,0.0,0.0,14.0,0.0,0.0,0.0,6.0,3.0,0.15789473684210525,,,,,,,,,,,,,,,,,,,,,,,,,,,,,,
*c1ccc([Si](*)(C)c2ccc(OCCCCCC)Oc3ccccc32)cc1,,,,,,,,,,,,,,,,,,,,,,,,,,,,,,,,,0.0,2.0,8.0,3.0,1.0,2.0,28.0,18.46,0.3333333333333333,1.0,15.989955667949118,1.886416355076988,362.170206602,8.0,18.0,6.190669931552868,39.154035045075744,1.0384615384615385,0.0,0.0,0.0,0.0,0.0,16.0,2.0,0.0,1.0,7.0,5.0,0.17857142857142858
CC[C@]1(CCCC[NH+](C1)C)c2cccc(c2)O,4.325770049913935,0.8786646246268772,2.0,1.0,2.0,2.0,1.0,1.0,17.0,24.67,0.0,1.0,4.899909730850478,2.343811250460894,234.18524080809,10.0,7.0,9.683085317460318,38.02201416079144,1.3529411764705883,0.0,0.0,0.0,0.0,0.0,12.0,0.0,0.0,0.0,7.0,2.0,0.11764705882352941,,,,,,,,,,,,,,,,,,,,,,,,,,,,,,
*CC(*)(C)C(=O)OCC(F)(F)C(F)(F)C(F)(F)CC(F)(F)F,,,,,,,,,,,,,,,,,,,,,,,,,,,,,,,,,0.0,2.0,7.0,0.0,0.0,0.0,23.0,26.3,0.0,0.0,0.0,5.20920918705229,332.04588350800003,18.0,3.0,13.286292517006803,50.13008809019586,1.0476190476190477,9.0,9.0,0.0,0.0,0.0,21.0,1.0,0.0,0.0,0.0,13.0,0.5652173913043478
c1cc(ccc1C[C@H]2c3cc(c(cc3CC[NH2+]2)O)O)O,3.770741133517273,0.9023559531582143,4.0,3.0,2.0,3.0,1.0,2.0,20.0,77.30000000000001,0.3333333333333333,1.0,5.316788604006331,1.8936796973544021,272.12811985609,5.0,15.0,9.69857457797934,18.88348407499998,1.0,0.0,0.0,0.0,0.0,0.0,10.0,0.0,0.0,1.0,6.0,4.0,0.2,,,,,,,,,,,,,,,,,,,,,,,,,,,,,,
*NC(C)NC(=O)Nc1ccc(C)c(NC(=O)N*)c1,,,,,,,,,,,,,,,,,,,,,,,,,,,,,,,,,5.0,3.0,4.0,1.0,0.0,1.0,20.0,94.28999999999999,0.0,0.0,27.417700766343362,2.7404618841560593,249.12257472,4.0,14.0,11.73223119803477,20.013250011515776,1.2777777777777777,0.0,0.0,0.0,0.0,0.0,12.0,2.0,0.0,0.0,6.0,9.0,0.45
C[C@@H](Cc1ccc2c(c1)OCO2)[NH2+]C,3.519169810457651,0.8886887592590206,1.0,2.0,3.0,2.0,1.0,1.0,14.0,35.07,0.5,1.0,14.790514511606428,2.123807884161831,194.11755517209,6.0,8.0,5.321884212018141,19.386399651764595,1.3571428571428572,0.0,0.0,0.0,0.0,0.0,9.0,0.0,0.0,1.0,6.0,3.0,0.21428571428571427,,,,,,,,,,,,,,,,,,,,,,,,,,,,,,
*Nc1ccc(Sc2ccc(NC(=O)Nc3ccc(*)cc3)cc2)cc1,,,,,,,,,,,,,,,,,,,,,,,,,,,,,,,,,3.0,3.0,5.0,3.0,0.0,3.0,26.0,53.16,0.0,0.0,22.433611753636455,1.5600573906380297,333.0935831,1.0,23.0,12.090486547420413,9.79096695103555,0.75,0.0,0.0,0.0,0.0,0.0,9.0,1.0,0.0,0.0,6.0,7.0,0.2692307692307692
COc1ccc(c(c1)OC)/C=C/2\CCCN=C2c3cccnc3,2.42638202326086,0.9046848344043511,0.0,4.0,4.0,3.0,1.0,2.0,23.0,43.71,0.0,2.0,9.473725907600098,2.0037741270620724,308.15247788000005,5.0,18.0,5.493520250692869,12.841643245852019,1.1304347826086956,0.0,0.0,0.0,0.0,0.0,11.0,2.0,0.0,0.0,6.0,4.0,0.17391304347826086,,,,,,,,,,,,,,,,,,,,,,,,,,,,,,
*CCN(*)C(=O)CCCOC(=O)CCCCCCCCCCCCCCC,,,,,,,,,,,,,,,,,,,,,,,,,,,,,,,,,0.0,3.0,20.0,0.0,0.0,0.0,28.0,46.61,0.0,0.0,0.0,3.298577936437867,367.308644172,20.0,6.0,11.862048714818606,116.58062036619744,0.8076923076923077,0.0,0.0,0.0,0.0,0.0,25.0,2.0,0.0,0.0,0.0,6.0,0.21428571428571427
CC(=O)Nc1ccc(cc1)S(=O)(=O)c2ccc(cc2)NC(=O)C,1.729460652094712,0.8743056911288419,2.0,4.0,4.0,2.0,0.0,2.0,23.0,92.34,0.0,0.0,10.633577208012662,2.266778226967321,332.08307799199997,3.0,20.0,12.526111740992693,23.638441350416798,0.6956521739130435,0.0,0.0,0.0,0.0,0.0,8.0,4.0,0.0,0.0,6.0,7.0,0.30434782608695654,,,,,,,,,,,,,,,,,,,,,,,,,,,,,,
*O[Si](*)(C)O[Si](C)(C)C,,,,,,,,,,,,,,,,,,,,,,,,,,,,,,,,,0.0,2.0,3.0,0.0,0.0,0.0,10.0,18.46,0.0,0.0,0.0,3.887594744367081,148.037582684,8.0,0.0,6.003472222222221,26.188045414724346,1.375,0.0,0.0,0.0,0.0,0.0,9.0,0.0,0.0,0.0,0.0,6.0,0.6
c1cc(ccc1N)S(=O)(=O)c2ccc(cc2)NCC(=O)[O-],2.3724396416523295,0.8910910016330779,2.0,6.0,5.0,2.0,0.0,2.0,21.0,112.32,0.0,0.0,16.156983476009223,2.2449592927348943,305.06015147591,2.0,19.0,12.357157160703789,9.79096695103555,1.0,0.0,0.0,0.0,0.0,0.0,7.0,3.0,0.0,0.0,6.0,7.0,0.3333333333333333,,,,,,,,,,,,,,,,,,,,,,,,,,,,,,
*CCCCC/C=C/C(=C(CC)COP(=O)(O*)OCC)CCNC(=O)c1ccc2ccc(C(=O)NCc3ccccc32)c1,,,,,,,,,,,,,,,,,,,,,,,,,,,,,,,,,2.0,6.0,17.0,3.0,2.0,1.0,44.0,102.96000000000001,0.6666666666666666,1.0,10.633577208012662,1.7788043762332313,592.270223662,17.0,25.0,13.399688371935813,65.8408977425405,1.1428571428571428,0.0,0.0,0.0,0.0,0.0,31.0,9.0,0.0,2.0,9.0,11.0,0.25
CC(=O)Nc1ccc(cc1)OC(=O)c2ccccc2O,1.6557913448419868,0.8598019652259494,2.0,4.0,3.0,2.0,0.0,2.0,20.0,75.63,0.0,0.0,10.05365155780638,2.0851617087182137,271.084457896,1.0,19.0,11.84564780696229,6.923737199690624,1.05,0.0,0.0,0.0,0.0,0.0,7.0,2.0,0.0,0.0,6.0,5.0,0.25,,,,,,,,,,,,,,,,,,,,,,,,,,,,,,
*/C=C/C(C)C(*)=O,,,,,,,,,,,,,,,,,,,,,,,,,,,,,,,,,0.0,1.0,2.0,0.0,0.0,0.0,8.0,17.07,0.0,0.0,0.0,3.643005519221602,82.041864812,2.0,4.0,10.621296296296297,6.923737199690624,2.3333333333333335,0.0,0.0,0.0,0.0,0.0,5.0,2.0,0.0,0.0,0.0,3.0,0.375
Cc1cc(c2ccccc2c1OC(=O)C)OC(=O)C,2.04864864766653,0.8532582520630736,0.0,4.0,2.0,2.0,0.0,2.0,19.0,52.6,0.5,0.0,9.473725907600098,2.6877436250959574,258.089208928,3.0,16.0,11.164173884059796,20.771211599071872,0.9473684210526315,0.0,0.0,0.0,0.0,0.0,7.0,2.0,0.0,1.0,6.0,4.0,0.21052631578947367,,,,,,,,,,,,,,,,,,,,,,,,,,,,,,
*Oc1cccc(NC(=O)c2cccc(*)c2)c1,,,,,,,,,,,,,,,,,,,,,,,,,,,,,,,,,1.0,2.0,3.0,2.0,0.0,2.0,18.0,38.33,0.0,0.0,16.489683067308647,2.1567801303952545,211.063328528,0.0,16.0,12.057404572940287,0.0,1.25,0.0,0.0,0.0,0.0,0.0,6.0,1.0,0.0,0.0,6.0,5.0,0.2777777777777778
CC(=O)Nc1c-2sscc2n(c1=O)C,3.2511862537083323,0.9071359585508142,1.0,5.0,1.0,2.0,0.0,2.0,14.0,51.1,0.5,2.0,10.876055499058339,2.639968522869451,228.002719496,2.0,12.0,11.644305555555555,6.923737199690624,1.5714285714285714,0.0,0.0,0.0,0.0,0.0,5.0,2.0,0.0,1.0,5.0,6.0,0.42857142857142855,,,,,,,,,,,,,,,,,,,,,,,,,,,,,,
*c1c(CCCC)c(*)cc(C)c1OCCCCCCCCCCCCC,,,,,,,,,,,,,,,,,,,,,,,,,,,,,,,,,0.0,1.0,16.0,1.0,0.0,1.0,27.0,9.23,0.0,0.0,16.869597090723268,2.208085569395059,344.3079159,18.0,7.0,6.316101891530941,110.66271432003605,0.8,0.0,0.0,0.0,0.0,0.0,21.0,0.0,0.0,0.0,6.0,3.0,0.1111111111111111
CC(=O)Oc1cccc(c1OC(=O)C)OC(=O)C,2.105876002914993,0.8510266472862597,0.0,6.0,3.0,1.0,0.0,1.0,18.0,78.9,0.0,0.0,14.210588861400147,3.192867770116727,252.063388104,3.0,15.0,10.985977891156463,20.771211599071872,0.7777777777777778,0.0,0.0,0.0,0.0,0.0,9.0,3.0,0.0,0.0,6.0,6.0,0.3333333333333333,,,,,,,,,,,,,,,,,,,,,,,,,,,,,,
*c1ccc(S(*)(=O)=O)c(C(F)(F)F)c1,,,,,,,,,,,,,,,,,,,,,,,,,,,,,,,,,0.0,2.0,1.0,1.0,0.0,1.0,15.0,34.14,0.0,0.0,6.06636706846161,3.550165158448646,207.980584996,5.0,8.0,12.549814814814814,11.071781992961249,1.3846153846153846,3.0,3.0,0.0,0.0,0.0,7.0,2.0,0.0,0.0,6.0,8.0,0.5333333333333333
c1cc(cc(c1)O)/C=N/NC(=O)c2ccncc2,1.9897101005481286,0.884533805140436,2.0,4.0,3.0,2.0,0.0,2.0,18.0,74.58000000000001,0.0,1.0,5.425791397110385,1.978745810851924,241.085126592,0.0,18.0,11.599799225245654,0.0,1.2777777777777777,0.0,0.0,0.0,0.0,0.0,5.0,2.0,0.0,0.0,6.0,5.0,0.2777777777777778,,,,,,,,,,,,,,,,,,,,,,,,,,,,,,
*CCC([2H])C(*)(Cl)Cl,,,,,,,,,,,,,,,,,,,,,,,,,,,,,,,,,0.0,0.0,3.0,0.0,0.0,0.0,9.0,0.0,0.0,0.0,0.0,3.5887346042650643,124.99093229799999,6.0,0.0,7.462083333333333,24.577701774994384,2.1666666666666665,2.0,0.0,2.0,0.0,0.0,8.0,0.0,0.0,0.0,0.0,5.0,0.5555555555555556
CC1(c2cc3c(cc2NC1=O)[nH]c(n3)c4ccncc4)C,2.6251428512013995,0.9139649253742745,2.0,3.0,1.0,4.0,1.0,3.0,21.0,70.67,0.5,3.0,5.316788604006331,1.9047090895939216,278.116761068,3.0,18.0,11.993253933549747,19.26246486877803,1.1428571428571428,0.0,0.0,0.0,0.0,0.0,7.0,1.0,0.0,2.0,6.0,5.0,0.23809523809523808,,,,,,,,,,,,,,,,,,,,,,,,,,,,,,
*CCN(CCOC(=O)NCCCCCCC(*)=O)C(=O)O,,,,,,,,,,,,,,,,,,,,,,,,,,,,,,,,,2.0,4.0,12.0,0.0,0.0,0.0,22.0,95.94000000000001,0.0,0.0,5.316788604006331,3.5327080681945966,286.152871804,10.0,10.0,11.407117641057035,39.02784531432067,1.2,0.0,0.0,0.0,0.0,0.0,18.0,3.0,0.0,0.0,0.0,9.0,0.4090909090909091
c1cc(c(cc1[N+](=O)[O-])Cl)C(=O)N,1.8393130531762463,0.8904146592256517,1.0,3.0,2.0,1.0,0.0,1.0,13.0,86.23,0.0,0.0,5.733667477162185,3.2021054375890703,199.9988697,1.0,12.0,10.670837112622827,0.0,1.5384615384615385,1.0,0.0,1.0,0.0,0.0,5.0,2.0,0.0,0.0,6.0,6.0,0.46153846153846156,,,,,,,,,,,,,,,,,,,,,,,,,,,,,,
*NC(C)C(=O)NCC(=O)O*,,,,,,,,,,,,,,,,,,,,,,,,,,,,,,,,,2.0,4.0,4.0,0.0,0.0,0.0,12.0,67.43,0.0,0.0,11.050456081168516,3.6373085946936614,144.053492116,4.0,6.0,11.073467498110356,12.965578028838586,1.9,0.0,0.0,0.0,0.0,0.0,9.0,2.0,0.0,0.0,0.0,7.0,0.5833333333333334
C[C@@H]1CCC[C@]2(C1=C[C@H]3[C@@H](C2)OC(=O)C3=C)C,4.518825376714979,0.9135051406107546,0.0,2.0,0.0,3.0,3.0,0.0,17.0,26.3,0.6666666666666666,1.0,0.0,2.0107532436824265,232.14632988,10.0,7.0,11.580950491307634,45.63472727883358,1.5294117647058822,0.0,0.0,0.0,0.0,0.0,16.0,3.0,0.0,2.0,6.0,2.0,0.11764705882352941,,,,,,,,,,,,,,,,,,,,,,,,,,,,,,
*CCCCCCOC(=O)c1ccc(NC(=O)O*)cc1,,,,,,,,,,,,,,,,,,,,,,,,,,,,,,,,,1.0,4.0,8.0,1.0,0.0,1.0,21.0,64.63,0.0,0.0,5.316788604006331,2.3221139263465664,263.115758024,6.0,13.0,11.808954317838246,32.60702369139466,1.1578947368421053,0.0,0.0,0.0,0.0,0.0,13.0,2.0,0.0,0.0,6.0,7.0,0.3333333333333333
CC(C)/C=c\1/c(=O)[nH]/c(=C/c2ccccc2)/c(=O)[nH]1,2.7476065632632682,0.8802454754757244,2.0,2.0,2.0,2.0,0.0,2.0,19.0,65.72,0.0,1.0,21.816786747616682,2.6357031957496853,256.121177752,3.0,16.0,11.901149376417234,13.847474399381248,0.9473684210526315,0.0,0.0,0.0,0.0,0.0,4.0,4.0,0.0,0.0,6.0,4.0,0.21052631578947367,,,,,,,,,,,,,,,,,,,,,,,,,,,,,,
*CC(*)c1cccc(C#N)c1,,,,,,,,,,,,,,,,,,,,,,,,,,,,,,,,,0.0,1.0,2.0,1.0,0.0,1.0,12.0,23.79,0.0,0.0,0.0,2.9524992191110897,129.057849224,2.0,6.0,8.702558106575964,13.344558822616634,1.8,0.0,0.0,0.0,0.0,0.0,5.0,0.0,1.0,0.0,6.0,3.0,0.25
CN(C)NC(=O)c1ccc(c(c1)S(=O)(=O)N)Cl,2.189494903518879,0.8832092939751173,2.0,4.0,3.0,1.0,0.0,1.0,17.0,92.5,0.0,0.0,10.564765134718327,3.1805661936319103,277.02878992399997,6.0,11.0,11.61407029478458,4.895483475517775,1.411764705882353,1.0,0.0,1.0,0.0,0.0,8.0,3.0,0.0,0.0,6.0,8.0,0.47058823529411764,,,,,,,,,,,,,,,,,,,,,,,,,,,,,,
*Oc1ccc(C(=O)Nc2ccc(*)cc2)cc1-c1ccccc1,,,,,,,,,,,,,,,,,,,,,,,,,,,,,,,,,1.0,2.0,4.0,3.0,0.0,3.0,24.0,38.33,0.0,0.0,16.489683067308647,1.9075847200627232,287.09462865600005,0.0,22.0,12.561498803224993,0.0,1.0,0.0,0.0,0.0,0.0,0.0,7.0,1.0,0.0,0.0,6.0,5.0,0.20833333333333334
c1ccc(cc1)/C=C(/C=O)\Br,2.4197804851806044,0.8825051891019334,0.0,1.0,2.0,1.0,0.0,1.0,11.0,17.07,0.0,0.0,0.0,2.8717118913324153,209.968026944,1.0,10.0,10.194035336356766,0.0,1.2727272727272727,1.0,0.0,0.0,1.0,0.0,3.0,2.0,0.0,0.0,6.0,2.0,0.18181818181818182,,,,,,,,,,,,,,,,,,,,,,,,,,,,,,
*C(=O)Nc1ccc(Cc2ccc(OC(=O)CCCCCCCCCCCCC(*)=O)cc2)cc1,,,,,,,,,,,,,,,,,,,,,,,,,,,,,,,,,1.0,4.0,17.0,2.0,0.0,2.0,35.0,72.47,0.0,0.0,10.05365155780638,1.5285682679405121,449.2566086,13.0,20.0,12.134262745445694,83.47068109803816,0.6666666666666666,0.0,0.0,0.0,0.0,0.0,21.0,3.0,0.0,0.0,6.0,7.0,0.2
Cc1nnc2n1-c3ccc(cc3C(=NC2)c4ccccc4)Cl,2.3414865783406036,0.8924390484304455,0.0,4.0,1.0,4.0,1.0,3.0,22.0,43.07,0.5,2.0,0.0,2.0133815691934758,308.082874096,3.0,19.0,6.228015890512583,13.4684936056032,1.0454545454545454,1.0,0.0,1.0,0.0,0.0,7.0,1.0,0.0,2.0,7.0,5.0,0.22727272727272727,,,,,,,,,,,,,,,,,,,,,,,,,,,,,,
*Oc1ccc(-c2ccc(NC(=O)c3ccc(C(=O)c4ccc(Oc5ccc(C(=O)Nc6ccc(*)cc6)cc5)cc4)cc3)cc2)cc1,,,,,,,,,,,,,,,,,,,,,,,,,,,,,,,,,2.0,5.0,10.0,6.0,0.0,6.0,48.0,93.72999999999999,0.0,0.0,26.543334625115026,1.0189609130866775,602.184171932,0.0,46.0,13.141632629032676,0.0,0.45652173913043476,0.0,0.0,0.0,0.0,0.0,14.0,3.0,0.0,0.0,6.0,9.0,0.1875
CN(C)c1nc(nc(n1)N(C)C)N(C)C,2.365282665481141,0.9469867557241294,0.0,6.0,3.0,1.0,0.0,1.0,15.0,48.39000000000001,0.0,1.0,14.699729192551434,3.2008180791458556,210.15929457599998,6.0,9.0,4.317777777777778,0.0,0.5333333333333333,0.0,0.0,0.0,0.0,0.0,9.0,0.0,0.0,0.0,6.0,6.0,0.4,,,,,,,,,,,,,,,,,,,,,,,,,,,,,,
*CC(*)(CCl)C(=O)OCC,,,,,,,,,,,,,,,,,,,,,,,,,,,,,,,,,0.0,2.0,4.0,0.0,0.0,0.0,11.0,26.3,0.0,0.0,0.0,4.124662408819221,148.029107208,6.0,3.0,11.322916666666668,19.76538044554264,2.111111111111111,1.0,0.0,1.0,0.0,0.0,9.0,1.0,0.0,0.0,0.0,5.0,0.45454545454545453
c1ccc(cc1)Nc2ncnc(n2)N,1.9063657639285374,0.9033575876660143,2.0,5.0,2.0,2.0,0.0,2.0,14.0,76.72,0.0,1.0,11.050456081168516,2.1930492216170263,187.08579528799999,0.0,14.0,5.410027714789619,0.0,1.0714285714285714,0.0,0.0,0.0,0.0,0.0,3.0,0.0,0.0,0.0,6.0,5.0,0.35714285714285715,,,,,,,,,,,,,,,,,,,,,,,,,,,,,,
*CCCCCC/C(=*)NCC,,,,,,,,,,,,,,,,,,,,,,,,,,,,,,,,,1.0,1.0,8.0,0.0,0.0,0.0,12.0,12.03,0.0,0.0,5.316788604006331,3.0296226214745263,140.143924576,9.0,1.0,3.476496126228269,45.95158251401129,1.4,0.0,0.0,0.0,0.0,0.0,10.0,1.0,0.0,0.0,0.0,3.0,0.25
c1ccc(cc1)C(=O)c2cccc(c2N)CC(=O)[O-],2.3512173034664627,0.8697694408444578,1.0,4.0,4.0,2.0,0.0,2.0,19.0,83.22,0.0,0.0,10.84019487200289,2.4064052858396363,254.08226682391,1.0,18.0,12.262084278155706,6.4208216229260096,1.0,0.0,0.0,0.0,0.0,0.0,6.0,2.0,0.0,0.0,6.0,4.0,0.21052631578947367,,,,,,,,,,,,,,,,,,,,,,,,,,,,,,
*c1ccc(Oc2ccc(N3C(=O)c4ccc(Oc5ccc6c(c5)C(=O)N(*)C6=O)ccc4c3)cc2)cc1,,,,,,,,,,,,,,,,,,,,,,,,,,,,,,,,,0.0,6.0,5.0,6.0,1.0,5.0,38.0,77.84,0.3333333333333333,2.0,21.099359871113716,1.2345104073085875,472.105921612,0.0,36.0,13.199490761523485,0.0,0.6111111111111112,0.0,0.0,0.0,0.0,0.0,12.0,3.0,0.0,2.0,7.0,9.0,0.23684210526315788
CCn1cc(c(=O)c2c1nc(cc2)Cc3ccccc3)C(=O)[O-],2.5736611930921764,0.8626489720591891,0.0,5.0,4.0,3.0,0.0,3.0,23.0,75.02,0.3333333333333333,2.0,10.535317786741246,2.141916894226523,307.10881591990994,3.0,20.0,12.233509262903201,19.88931522852921,1.173913043478261,0.0,0.0,0.0,0.0,0.0,6.0,2.0,0.0,1.0,6.0,5.0,0.21739130434782608,,,,,,,,,,,,,,,,,,,,,,,,,,,,,,
*CCC(O)OC(=O)O*,,,,,,,,,,,,,,,,,,,,,,,,,,,,,,,,,1.0,4.0,3.0,0.0,0.0,0.0,10.0,55.760000000000005,0.0,0.0,0.0,3.3651282149775756,118.02660867200001,4.0,4.0,10.375504535147392,19.634585551951847,2.125,0.0,0.0,0.0,0.0,0.0,8.0,1.0,0.0,0.0,0.0,6.0,0.6
c1cc(ccc1N)S(=O)(=O)c2ccc(cc2)NC(=O)N,1.84784446672011,0.896198048302833,3.0,4.0,3.0,2.0,0.0,2.0,20.0,115.27999999999999,0.0,0.0,16.784123558330702,2.3442603328709755,291.06776227600005,1.0,19.0,12.32574640967498,9.79096695103555,0.9,0.0,0.0,0.0,0.0,0.0,6.0,3.0,0.0,0.0,6.0,7.0,0.35,,,,,,,,,,,,,,,,,,,,,,,,,,,,,,
*c1ccc(S(=O)(=O)c2ccc(N(*)c3ccccc3)cc2)cc1,,,,,,,,,,,,,,,,,,,,,,,,,,,,,,,,,0.0,3.0,4.0,3.0,0.0,3.0,24.0,37.38,0.0,0.0,11.383155672467941,1.9027336057269821,307.066699656,1.0,21.0,12.71866704823956,9.79096695103555,0.7272727272727273,0.0,0.0,0.0,0.0,0.0,6.0,2.0,0.0,0.0,6.0,6.0,0.25
CCn1c(=O)cc(n(c1=O)CC=C)N,2.66520116781272,0.9086353496809175,1.0,5.0,3.0,1.0,0.0,1.0,14.0,70.02,0.0,1.0,16.982677770417666,3.5170961601375037,195.100776656,3.0,11.0,11.629722222222222,20.013250011515776,1.5,0.0,0.0,0.0,0.0,0.0,5.0,3.0,0.0,0.0,6.0,5.0,0.35714285714285715,,,,,,,,,,,,,,,,,,,,,,,,,,,,,,
*Oc1ccc(C2(c3ccc(OC(*)=O)cc3)cc2)cc1,,,,,,,,,,,,,,,,,,,,,,,,,,,,,,,,,0.0,3.0,4.0,3.0,1.0,2.0,21.0,35.53,0.0,0.0,9.843390348640755,1.8575617431332043,250.06299418,1.0,18.0,11.058991668143367,5.41499046939678,0.9473684210526315,0.0,0.0,0.0,0.0,0.0,9.0,2.0,0.0,0.0,6.0,5.0,0.23809523809523808
c1cc(c(cc1N)O)C(=O)[O-],2.8225743416022695,0.8818800443841079,2.0,4.0,1.0,1.0,0.0,1.0,11.0,86.38,0.0,0.0,10.84019487200289,3.1960696621259204,152.03531663191,0.0,11.0,10.221131897203325,0.0,1.5454545454545454,0.0,0.0,0.0,0.0,0.0,4.0,1.0,0.0,0.0,6.0,4.0,0.36363636363636365,,,,,,,,,,,,,,,,,,,,,,,,,,,,,,
*CC(*)(C)C(=O)OCCCCCCCCCCCCOC(=O)c1ccc(C(=O)OCc2ccccc2Cl)cc1,,,,,,,,,,,,,,,,,,,,,,,,,,,,,,,,,0.0,6.0,19.0,2.0,0.0,2.0,40.0,78.9,0.0,0.0,0.0,1.4588836443579654,542.243516648,17.0,21.0,12.29411003717852,90.58047863931569,0.7368421052631579,1.0,0.0,1.0,0.0,0.0,26.0,3.0,0.0,0.0,6.0,9.0,0.225
COc1cc2c(ccnc2cc1OC)N,1.9010122396830376,0.8982153857985726,1.0,4.0,2.0,2.0,0.0,2.0,15.0,57.370000000000005,0.5,1.0,15.207393384762284,2.751964000699382,204.089877624,2.0,13.0,5.83495559334845,0.0,1.1333333333333333,0.0,0.0,0.0,0.0,0.0,5.0,0.0,0.0,1.0,6.0,4.0,0.26666666666666666,,,,,,,,,,,,,,,,,,,,,,,,,,,,,,
*CC(COC(=O)O*)c1ccc([SiH](F)(F)F)c(F)c1,,,,,,,,,,,,,,,,,,,,,,,,,,,,,,,,,,,,,,,,,,,,,,,,,,,,,,,,,,,,,,
c1ccc2c(c1)N=C(c3cc(ccc3O2)Cl)N4CC[NH2+]CC4,3.3192854873642705,0.9027282481449547,1.0,3.0,0.0,4.0,2.0,2.0,22.0,41.44,0.5,2.0,10.05365155780638,1.8840897775171104,314.10546626409007,6.0,16.0,6.210225235155789,0.0,1.0454545454545454,1.0,0.0,1.0,0.0,0.0,12.0,1.0,0.0,2.0,7.0,5.0,0.22727272727272727,,,,,,,,,,,,,,,,,,,,,,,,,,,,,,
*CCCCCCCCCCCCCCCC(=O)NCCCC(=O)O*,,,,,,,,,,,,,,,,,,,,,,,,,,,,,,,,,1.0,3.0,19.0,0.0,0.0,0.0,26.0,55.400000000000006,0.0,0.0,5.316788604006331,3.1609420998512263,339.27734404399996,18.0,6.0,11.66392181693461,109.65688316650682,0.7083333333333334,0.0,0.0,0.0,0.0,0.0,23.0,2.0,0.0,0.0,0.0,6.0,0.23076923076923078
c1ccn(c(=O)c1)c2cccc(c2)N,1.9511621241536758,0.8949586458752262,1.0,3.0,1.0,2.0,0.0,2.0,14.0,48.019999999999996,0.0,1.0,11.292934372214193,2.6082238177263637,186.07931294,0.0,14.0,11.453080120937264,0.0,1.0714285714285714,0.0,0.0,0.0,0.0,0.0,2.0,1.0,0.0,0.0,6.0,3.0,0.21428571428571427,,,,,,,,,,,,,,,,,,,,,,,,,,,,,,
*/C=C/C(CCl)(C)C(=O)OCCC(F)(F)C(F)(F)CCC(*)(F)F,,,,,,,,,,,,,,,,,,,,,,,,,,,,,,,,,0.0,2.0,10.0,0.0,0.0,0.0,24.0,26.3,0.0,0.0,0.0,4.6939725729443715,352.06647672,17.0,5.0,13.557816104322388,44.456705149517,1.1818181818181819,7.0,6.0,1.0,0.0,0.0,21.0,2.0,0.0,0.0,0.0,11.0,0.4583333333333333
CCCc1ncc(c(n1)N)C[n+]2ccccc2C,2.806343932779246,0.9030090627927855,1.0,3.0,4.0,2.0,0.0,2.0,18.0,55.68,0.0,2.0,10.30076712495354,2.221076988239577,243.16042302808998,5.0,13.0,5.985117157974301,33.23387405114585,1.3333333333333333,0.0,0.0,0.0,0.0,0.0,7.0,0.0,0.0,0.0,6.0,4.0,0.2222222222222222,,,,,,,,,,,,,,,,,,,,,,,,,,,,,,
*OC(C)OC(=O)N(C)Oc1ccc(/N=N/c2ccc(OCCCCCOP(=O)(O*)OCCOCCOC)cc2)cc1,,,,,,,,,,,,,,,,,,,,,,,,,,,,,,,,,0.0,13.0,22.0,2.0,0.0,2.0,43.0,145.17,0.0,0.0,9.574451537536682,1.6342258666819738,597.2087456019998,20.0,21.0,12.457169933078792,32.47622879780387,0.8780487804878049,0.0,0.0,0.0,0.0,0.0,29.0,3.0,0.0,0.0,6.0,17.0,0.3953488372093023
CC(C)(C#N)c1cc(cc(c1)C(C)(C)C#N)Cn2cncn2,2.8777918187252176,0.9261214630118442,0.0,5.0,4.0,2.0,0.0,2.0,22.0,78.29,0.0,1.0,0.0,2.547796960808831,293.16404560800004,7.0,11.0,9.403367268203578,45.06968614346863,1.0,0.0,0.0,0.0,0.0,0.0,10.0,0.0,2.0,0.0,6.0,5.0,0.22727272727272727,,,,,,,,,,,,,,,,,,,,,,,,,,,,,,
*CCCCCCCCCCCCCCCCOC(=O)NCCNCCCCCCCCNC(=O)O*,,,,,,,,,,,,,,,,,,,,,,,,,,,,,,,,,3.0,5.0,28.0,0.0,0.0,0.0,37.0,88.69000000000001,0.0,0.0,15.950365812018994,3.1644331635299623,497.41925724000004,27.0,8.0,11.741809756742285,135.34016965821087,0.5142857142857142,0.0,0.0,0.0,0.0,0.0,34.0,2.0,0.0,0.0,0.0,9.0,0.24324324324324326
COc1ccc(cc1)c2cc(=S)ss2,2.5353590472305996,0.9046498772722362,0.0,4.0,2.0,2.0,0.0,2.0,14.0,9.23,0.0,1.0,4.736862953800049,2.378384342190392,239.973727876,1.0,13.0,5.095681663097338,0.0,1.1428571428571428,0.0,0.0,0.0,0.0,0.0,3.0,1.0,0.0,0.0,6.0,4.0,0.2857142857142857,,,,,,,,,,,,,,,,,,,,,,,,,,,,,,
*CCCCCCOc1ccc(C(=O)OCCN(*)c2c(F)c(F)c(F)c(F)c2F)c(F)c1F,,,,,,,,,,,,,,,,,,,,,,,,,,,,,,,,,0.0,4.0,12.0,2.0,0.0,2.0,34.0,38.77,0.0,0.0,10.05365155780638,1.9597358082685163,465.117490976,15.0,17.0,14.306654571161696,32.60702369139466,0.8125,7.0,7.0,0.0,0.0,0.0,22.0,1.0,0.0,0.0,6.0,13.0,0.38235294117647056
CNC(=O)Oc1ccccc1C(=O)Nc2ccccc2,1.6621927184683614,0.8615925342538842,2.0,3.0,3.0,2.0,0.0,2.0,20.0,67.42999999999999,0.0,0.0,15.37044016181271,2.1922982742785417,270.100442308,1.0,19.0,12.181909958427816,0.0,0.95,0.0,0.0,0.0,0.0,0.0,7.0,2.0,0.0,0.0,6.0,5.0,0.25,,,,,,,,,,,,,,,,,,,,,,,,,,,,,,
*O[Si](C)(C)O[Si](C)(C)c1ccc(C(C)(C)c2ccc(OC(*)=O)cc2)cc1,,,,,,,,,,,,,,,,,,,,,,,,,,,,,,,,,0.0,4.0,7.0,2.0,0.0,2.0,28.0,44.760000000000005,0.0,0.0,9.923588599487507,2.242916687477116,386.1369623719999,11.0,15.0,11.215378206745655,45.45051028350237,0.9615384615384616,0.0,0.0,0.0,0.0,0.0,16.0,1.0,0.0,0.0,6.0,8.0,0.2857142857142857
c1ccc(cc1)N(CCCl)CCCl,2.086790269759346,0.8888799906222561,0.0,1.0,5.0,1.0,0.0,1.0,13.0,3.24,0.0,0.0,4.899909730850478,2.638916623033518,217.042504776,6.0,7.0,5.6971477387251195,0.0,0.9230769230769231,2.0,0.0,2.0,0.0,0.0,7.0,0.0,0.0,0.0,6.0,3.0,0.23076923076923078,,,,,,,,,,,,,,,,,,,,,,,,,,,,,,
*Nc1ccccc1CCCCCCCCOC(=O)c1ccc(C(=O)Oc2ccc(OC(=O)CCCCCCCCC(*)=O)cc2)C1=O,,,,,,,,,,,,,,,,,,,,,,,,,,,,,,,,,1.0,9.0,23.0,3.0,1.0,2.0,48.0,125.07,0.0,0.0,15.207393384762284,1.2508983632352917,629.298867336,16.0,30.0,12.724389770451879,96.31232434389018,0.6521739130434783,0.0,0.0,0.0,0.0,0.0,31.0,7.0,0.0,0.0,6.0,11.0,0.22916666666666666
C[NH+]1[C@H]2C[C@H](C[C@@H]1[C@@H](C2)O)OC(=O)[C@H](CO)c3ccccc3,5.505117070490795,0.8574031491467343,3.0,4.0,4.0,3.0,2.0,1.0,22.0,71.2,0.3333333333333333,2.0,4.899909730850478,1.6459402197809738,306.16998466809,13.0,9.0,12.388219954648527,49.47198534873195,1.3181818181818181,0.0,0.0,0.0,0.0,0.0,17.0,1.0,0.0,1.0,6.0,5.0,0.22727272727272727,,,,,,,,,,,,,,,,,,,,,,,,,,,,,,
*c1ccc(N2C(=O)c3ccc(-c4ccc5c(c4)C(=O)N(*)C5=O)cc3-c3ccccc32)cc1,,,,,,,,,,,,,,,,,,,,,,,,,,,,,,,,,0.0,4.0,2.0,6.0,1.0,5.0,34.0,59.38,0.5,2.0,11.625633963513618,1.5948330832677207,414.10044230799997,0.0,32.0,13.642051208505034,0.0,0.65625,0.0,0.0,0.0,0.0,0.0,8.0,3.0,0.0,2.0,6.0,7.0,0.20588235294117646
CC(=O)O[C@@H]1[C@H](C[NH2+][C@@H]1Cc2ccc(cc2)OC)O,4.048227509165847,0.8719784922901482,2.0,4.0,4.0,2.0,1.0,1.0,19.0,72.37,0.0,1.0,10.05365155780638,2.0154233929330507,266.13868454009,9.0,10.0,11.063031502928688,31.5943324272612,1.4210526315789473,0.0,0.0,0.0,0.0,0.0,13.0,1.0,0.0,0.0,6.0,5.0,0.2631578947368421,,,,,,,,,,,,,,,,,,,,,,,,,,,,,,
*CC(*)C(=O)OCC1(CCCCCCCCC)CC1,,,,,,,,,,,,,,,,,,,,,,,,,,,,,,,,,0.0,2.0,12.0,1.0,1.0,0.0,20.0,26.3,0.0,0.0,0.0,2.0336124870654886,252.208930136,15.0,3.0,11.805472390391117,84.47651225156737,1.2777777777777777,0.0,0.0,0.0,0.0,0.0,19.0,1.0,0.0,0.0,3.0,4.0,0.2
COc1ccc(cc1)C(=O)CCC[NH+]2CCC(=CC2)c3ccccc3,3.472348195399478,0.8665186028217112,1.0,2.0,7.0,3.0,1.0,2.0,25.0,30.740000000000002,0.0,1.0,9.636772684650527,1.4358162939588857,336.19580549208996,8.0,17.0,12.261041026772968,19.26246486877803,1.08,0.0,0.0,0.0,0.0,0.0,13.0,2.0,0.0,0.0,6.0,3.0,0.12,,,,,,,,,,,,,,,,,,,,,,,,,,,,,,
*CC(*)(C)C(=O)OCCCNCC(C)C,,,,,,,,,,,,,,,,,,,,,,,,,,,,,,,,,1.0,3.0,8.0,0.0,0.0,0.0,16.0,38.33,0.0,0.0,5.316788604006331,3.4890112185963043,199.157228912,11.0,3.0,11.696621971319392,40.0336764678499,1.7142857142857142,0.0,0.0,0.0,0.0,0.0,14.0,1.0,0.0,0.0,0.0,5.0,0.3125
Cc1nc(c(nn1)c2ccc(cc2)OC)c3ccc(cc3)OC,1.9460950177290783,0.9057409306693305,0.0,5.0,4.0,3.0,0.0,3.0,23.0,57.13000000000001,0.0,1.0,9.473725907600098,2.0901220973374395,307.132076784,3.0,20.0,5.206904790069855,6.923737199690624,0.6521739130434783,0.0,0.0,0.0,0.0,0.0,7.0,0.0,0.0,0.0,6.0,5.0,0.21739130434782608,,,,,,,,,,,,,,,,,,,,,,,,,,,,,,
*CC(*)(C)C(=O)Oc1ccc(C(=O)OCCC)cc1,,,,,,,,,,,,,,,,,,,,,,,,,,,,,,,,,0.0,4.0,6.0,1.0,0.0,1.0,20.0,52.60000000000001,0.0,0.0,4.736862953800049,2.67574566313008,248.104858992,6.0,12.0,12.0140357371905,33.10993926815927,1.3888888888888888,0.0,0.0,0.0,0.0,0.0,12.0,2.0,0.0,0.0,6.0,6.0,0.3
c1cc(nc(c1)Cl)SC2CC[NH2+]CC2,4.081157508769062,0.9113442435368214,1.0,2.0,2.0,2.0,1.0,1.0,14.0,29.5,0.0,2.0,5.316788604006331,1.9534150210817456,229.05607354808998,8.0,6.0,5.831921471263402,23.117541254503433,1.3571428571428572,1.0,0.0,1.0,0.0,0.0,9.0,0.0,0.0,0.0,6.0,4.0,0.2857142857142857,,,,,,,,,,,,,,,,,,,,,,,,,,,,,,
*Oc1ccc(C2(c3ccc(OCc4ccc(OC(*)=O)cc4)cc3)CC(CC)(CCCCCC)c2)cc1,,,,,,,,,,,,,,,,,,,,,,,,,,,,,,,,,0.0,4.0,13.0,4.0,1.0,3.0,38.0,44.760000000000005,0.0,0.0,14.580253302440804,1.4830607349720097,484.261359632,13.0,23.0,11.236439924408362,77.23591981669904,0.8333333333333334,0.0,0.0,0.0,0.0,0.0,22.0,1.0,0.0,0.0,6.0,6.0,0.15789473684210525
C[NH+]1[C@@H]2CC[C@H]1CC(C2)OC(=O)C(=C)c3ccccc3,5.427673733031288,0.8603642998328271,1.0,2.0,3.0,3.0,2.0,1.0,20.0,30.740000000000002,0.3333333333333333,2.0,4.899909730850478,1.6130760253618324,272.16450536409,9.0,11.0,12.198406557067273,43.87093453774827,1.2,0.0,0.0,0.0,0.0,0.0,14.0,2.0,0.0,1.0,6.0,3.0,0.15,,,,,,,,,,,,,,,,,,,,,,,,,,,,,,
*CCCCCCCOC(=O)c1cc(C(=O)O*)ccc1OCS=O,,,,,,,,,,,,,,,,,,,,,,,,,,,,,,,,,1.0,6.0,12.0,1.0,0.0,1.0,25.0,78.9,0.0,0.0,4.736862953800049,2.6578949775059444,340.0980593599999,9.0,14.0,12.316150379152273,39.02784531432067,1.1304347826086956,0.0,0.0,0.0,0.0,0.0,16.0,3.0,0.0,0.0,6.0,9.0,0.36
c1cc(ccc1O)O[C@@H]2[C@H]([C@@H]([C@H]([C@@H](O2)CO)O)O)O,3.330979964765774,0.9053133941612365,5.0,7.0,3.0,2.0,1.0,1.0,19.0,119.61000000000001,0.0,1.0,4.736862953800049,2.0803278325732957,272.08960285200004,11.0,8.0,9.746066232048374,30.70589228032842,1.0,0.0,0.0,0.0,0.0,0.0,14.0,0.0,0.0,0.0,6.0,7.0,0.3684210526315789,,,,,,,,,,,,,,,,,,,,,,,,,,,,,,
*C(CCCCCCCCCC)C(=O)O*,,,,,,,,,,,,,,,,,,,,,,,,,,,,,,,,,0.0,2.0,10.0,0.0,0.0,0.0,16.0,26.3,0.0,0.0,0.0,3.1730979104775594,198.161979944,11.0,3.0,11.252698050872272,71.13195342895074,1.2142857142857142,0.0,0.0,0.0,0.0,0.0,14.0,1.0,0.0,0.0,0.0,4.0,0.25
c1cc(c(c(c1)Cl)Cn2cnc3c2ncnc3N)F,2.268536123011696,0.9173451625962239,1.0,5.0,2.0,3.0,0.0,3.0,19.0,69.62,0.3333333333333333,2.0,5.733667477162185,2.092805624484576,277.05305118800004,3.0,16.0,13.746087962962964,6.544756405912575,1.263157894736842,2.0,1.0,1.0,0.0,0.0,5.0,0.0,0.0,1.0,6.0,7.0,0.3684210526315789,,,,,,,,,,,,,,,,,,,,,,,,,,,,,,
*CCCCCCCCCOC(=O)SC(=O)Nc1cccc(C(=O)O*)c1,,,,,,,,,,,,,,,,,,,,,,,,,,,,,,,,,1.0,6.0,11.0,1.0,0.0,1.0,27.0,81.7,0.0,0.0,5.316788604006331,2.176429441519841,365.12969383599994,10.0,15.0,11.885539708985222,51.8694885601727,1.08,0.0,0.0,0.0,0.0,0.0,18.0,3.0,0.0,0.0,6.0,9.0,0.3333333333333333
CC(C)(C)c1ccc(cc1)C(=O)CC(=O)c2ccc(cc2)OC,1.798579333413393,0.8648562860663235,0.0,3.0,5.0,2.0,0.0,2.0,23.0,43.370000000000005,0.0,0.0,4.736862953800049,2.0687244031316134,310.15689456399997,6.0,17.0,12.266976410934744,32.60702369139466,0.8260869565217391,0.0,0.0,0.0,0.0,0.0,10.0,2.0,0.0,0.0,6.0,3.0,0.13043478260869565,,,,,,,,,,,,,,,,,,,,,,,,,,,,,,
*CCCCCC(=O)NCCCCCNC(=O)O*,,,,,,,,,,,,,,,,,,,,,,,,,,,,,,,,,2.0,3.0,11.0,0.0,0.0,0.0,19.0,67.43,0.0,0.0,10.633577208012662,3.20329802049552,242.163042564,10.0,7.0,11.461158471308636,51.8694885601727,1.0,0.0,0.0,0.0,0.0,0.0,16.0,2.0,0.0,0.0,0.0,7.0,0.3684210526315789
c1cc(c(cc1Cl)Cl)C2(OCCO2)Cn3cncn3,2.749039153314728,0.9126360331552411,0.0,5.0,3.0,3.0,1.0,2.0,19.0,49.17,0.0,2.0,0.0,1.9975368888501366,299.02283195200005,8.0,11.0,6.249525069286973,12.331867558483172,1.263157894736842,2.0,0.0,2.0,0.0,0.0,10.0,0.0,0.0,0.0,6.0,7.0,0.3684210526315789,,,,,,,,,,,,,,,,,,,,,,,,,,,,,,
*CCCCCCCCCCCNC(=O)CCCCCCCCCCCCC(=O)N*,,,,,,,,,,,,,,,,,,,,,,,,,,,,,,,,,2.0,2.0,24.0,0.0,0.0,0.0,31.0,58.2,0.0,0.0,11.050456081168516,3.1722222281527075,408.371578776,23.0,6.0,11.896886192273302,141.76099128113688,0.5172413793103449,0.0,0.0,0.0,0.0,0.0,28.0,2.0,0.0,0.0,0.0,6.0,0.1935483870967742
CC(=O)NNC(=O)c1ccccn1,1.9097935961626717,0.8576806823322828,2.0,3.0,1.0,1.0,0.0,1.0,13.0,71.09,0.0,1.0,10.85158279422077,2.544573341953591,179.069476528,1.0,12.0,11.160787037037037,6.923737199690624,1.3076923076923077,0.0,0.0,0.0,0.0,0.0,5.0,2.0,0.0,0.0,6.0,5.0,0.38461538461538464,,,,,,,,,,,,,,,,,,,,,,,,,,,,,,
*CCCCCCCCCCCCCCCCCCOC(=O)Nc1ccc(C(=O)Nc2ccc(S(*)(=O)=O)cc2)cc1,,,,,,,,,,,,,,,,,,,,,,,,,,,,,,,,,2.0,5.0,22.0,2.0,0.0,2.0,42.0,101.57,0.0,0.0,10.633577208012662,1.4583862184238614,570.312743572,19.0,21.0,12.492624760430214,114.5523666420246,0.625,0.0,0.0,0.0,0.0,0.0,27.0,4.0,0.0,0.0,6.0,10.0,0.23809523809523808
CC[NH+]1CCc2c(oc(n2)N)CC1,5.2446866878720515,0.9285660853209297,2.0,3.0,1.0,2.0,1.0,1.0,13.0,56.49,0.5,2.0,10.633577208012664,2.1439677153556946,182.12878855209,7.0,6.0,5.4919284611992945,19.765380445542643,1.4615384615384615,0.0,0.0,0.0,0.0,0.0,9.0,0.0,0.0,1.0,7.0,4.0,0.3076923076923077,,,,,,,,,,,,,,,,,,,,,,,,,,,,,,
*CCC#CCCCC(*)c1ccc(CC(F)(F)C(F)(F)C(F)(F)C(F)(F)C(F)(F)F)cc1,,,,,,,,,,,,,,,,,,,,,,,,,,,,,,,,,0.0,0.0,10.0,1.0,0.0,1.0,33.0,0.0,0.0,0.0,0.0,2.929860839879955,466.115460964,23.0,6.0,13.927202658504637,75.31508212706846,0.7741935483870968,11.0,11.0,0.0,0.0,0.0,26.0,0.0,1.0,0.0,6.0,13.0,0.3939393939393939
CCN(CC)C(=O)CSc1ccc(nn1)Cl,2.359854419404275,0.884783012486907,0.0,4.0,5.0,1.0,0.0,1.0,16.0,46.09,0.0,1.0,0.0,2.4492413621653952,259.054610748,7.0,9.0,11.676422097645641,18.87343437805049,1.375,1.0,0.0,1.0,0.0,0.0,9.0,1.0,0.0,0.0,6.0,6.0,0.375,,,,,,,,,,,,,,,,,,,,,,,,,,,,,,
*C(=O)CCCCCCCCCCCCCCC(=O)N*,,,,,,,,,,,,,,,,,,,,,,,,,,,,,,,,,1.0,2.0,15.0,0.0,0.0,0.0,21.0,46.17,0.0,0.0,5.733667477162185,3.024297825403636,267.219829168,14.0,5.0,11.08421222639905,89.89150272096417,0.6842105263157895,0.0,0.0,0.0,0.0,0.0,18.0,2.0,0.0,0.0,0.0,5.0,0.23809523809523808
C[NH+]1CCC(CC1)N(Cc2ccccc2)c3ccccc3,3.0108934963626908,0.8749345363253559,1.0,1.0,4.0,3.0,1.0,2.0,21.0,7.680000000000001,0.0,1.0,9.799819461700956,1.8098090699760072,281.20122522009,8.0,13.0,2.5989814814814816,25.428240480912557,0.9047619047619048,0.0,0.0,0.0,0.0,0.0,11.0,0.0,0.0,0.0,6.0,2.0,0.09523809523809523,,,,,,,,,,,,,,,,,,,,,,,,,,,,,,
*/C(C)=C/C(*)(C)C(=O)Oc1cccc2ccccc21,,,,,,,,,,,,,,,,,,,,,,,,,,,,,,,,,0.0,2.0,3.0,2.0,0.0,2.0,20.0,26.3,0.5,0.0,4.736862953800049,2.3330164718502235,238.099379688,3.0,15.0,12.436840041572184,19.76538044554264,1.3333333333333333,0.0,0.0,0.0,0.0,0.0,8.0,2.0,0.0,1.0,6.0,4.0,0.2
Cc1cc(c2cccnc2c1N(C)C)Cc3cnc(nc3N)N,2.7203457825892183,0.905163813166579,2.0,6.0,3.0,3.0,0.0,3.0,23.0,93.95,0.3333333333333333,2.0,16.36724468517485,2.166558187466042,308.17494464000004,4.0,19.0,5.974511211892164,13.344558822616634,1.1304347826086956,0.0,0.0,0.0,0.0,0.0,8.0,0.0,0.0,1.0,6.0,6.0,0.2608695652173913,,,,,,,,,,,,,,,,,,,,,,,,,,,,,,
*CC(*)(C)C(=O)OCC[N+](C)(C)CC,,,,,,,,,,,,,,,,,,,,,,,,,,,,,,,,,0.0,2.0,6.0,0.0,0.0,0.0,15.0,26.3,0.0,0.0,0.0,3.931558837905641,186.14885530009,10.0,3.0,11.743340419501134,26.689117645233264,1.6923076923076923,0.0,0.0,0.0,0.0,0.0,13.0,1.0,0.0,0.0,0.0,5.0,0.3333333333333333
COc1cc(cc(c1OC)OC)C(=O)/C=C/C(=O)[O-],2.543019984248499,0.8836452742120882,0.0,6.0,6.0,1.0,0.0,1.0,19.0,84.89,0.0,0.0,19.31711625624085,3.225605491997522,265.07176171591004,3.0,16.0,11.755209278155707,0.0,1.0,0.0,0.0,0.0,0.0,0.0,10.0,3.0,0.0,0.0,6.0,6.0,0.3157894736842105,,,,,,,,,,,,,,,,,,,,,,,,,,,,,,
*CC(*)C(=O)Oc1c(Cl)cc(F)c(F)c1F,,,,,,,,,,,,,,,,,,,,,,,,,,,,,,,,,0.0,2.0,3.0,1.0,0.0,1.0,17.0,26.3,0.0,0.0,4.736862953800049,3.0739137730980115,235.985191708,6.0,9.0,13.310394463340891,13.344558822616634,1.6,4.0,3.0,1.0,0.0,0.0,10.0,1.0,0.0,0.0,6.0,8.0,0.47058823529411764
Cc1c(sc[n+]1Cc2cnc(nc2N)C)CCCl,3.291821579838068,0.9303792819582452,1.0,4.0,4.0,2.0,0.0,2.0,18.0,55.68,0.0,2.0,10.30076712495354,2.2309167535088155,283.07787161209,6.0,12.0,5.90262605505165,26.813052428219834,1.4444444444444444,1.0,0.0,1.0,0.0,0.0,8.0,0.0,0.0,0.0,6.0,6.0,0.3333333333333333,,,,,,,,,,,,,,,,,,,,,,,,,,,,,,
*OC(C)C(C)COc1ccc(/N=N/c2ccc(-c3ccc(C)c(Cl)c3)CCCCCC(CCCCCCCCC(C)C)C(*)C2)s1,,,,,,,,,,,,,,,,,,,,,,,,,,,,,,,,,0.0,5.0,17.0,3.0,1.0,2.0,47.0,43.18,0.0,1.0,4.736862953800049,1.732910384175982,652.3829277440001,27.0,18.0,6.572381245427899,137.03497673009159,0.9777777777777777,1.0,0.0,1.0,0.0,0.0,35.0,3.0,0.0,0.0,12.0,8.0,0.1702127659574468
Cc1c(c2cc(ccc2n1Cc3ccccc3)OC)CC[NH3+],2.4587629176263164,0.8802111174336014,1.0,2.0,5.0,3.0,0.0,3.0,22.0,41.8,0.3333333333333333,1.0,10.470530430962235,2.1442677469853213,295.18048977609004,6.0,16.0,5.3979517773592445,19.88931522852921,1.0909090909090908,0.0,0.0,0.0,0.0,0.0,8.0,0.0,0.0,1.0,6.0,3.0,0.13636363636363635,,,,,,,,,,,,,,,,,,,,,,,,,,,,,,
*CCCCCCSS=SSC(=O)NCCCCCCCCCCCNC(=O)O*,,,,,,,,,,,,,,,,,,,,,,,,,,,,,,,,,4.0,5.0,20.0,0.0,0.0,0.0,30.0,67.43,0.0,0.0,10.633577208012662,3.239615859538313,470.17652707599996,21.0,7.0,11.796851199930316,90.39441829772878,0.7857142857142857,0.0,0.0,0.0,0.0,0.0,26.0,3.0,0.0,0.0,0.0,11.0,0.36666666666666664
Cn1c2c(c(=O)n(c1=O)C)n(cn2)CCCl,2.5110686900173835,0.9100057419096367,0.0,6.0,2.0,2.0,0.0,2.0,16.0,61.82,0.5,2.0,11.24901029325548,2.9477693793520534,242.057053272,5.0,11.0,11.903771730914588,6.544756405912575,1.3125,1.0,0.0,1.0,0.0,0.0,5.0,2.0,0.0,1.0,6.0,7.0,0.4375,,,,,,,,,,,,,,,,,,,,,,,,,,,,,,
*Sc1ccc(C)c(NC(=O)O*)c1C,,,,,,,,,,,,,,,,,,,,,,,,,,,,,,,,,1.0,3.0,2.0,1.0,0.0,1.0,15.0,38.33,0.0,0.0,5.316788604006331,3.0907743761925364,195.035399528,3.0,10.0,11.223270030234316,18.742957874899023,1.6923076923076923,0.0,0.0,0.0,0.0,0.0,8.0,1.0,0.0,0.0,6.0,6.0,0.4
c1ccc(cc1)Cn2c3ccccc3c(n2)OCC(=O)[O-],2.387965688528009,0.8681026028801585,0.0,5.0,5.0,3.0,0.0,3.0,21.0,67.18,0.3333333333333333,1.0,9.843390348640755,1.9648531095370445,281.09316585591,2.0,19.0,10.535838573887364,6.544756405912575,1.0952380952380953,0.0,0.0,0.0,0.0,0.0,6.0,1.0,0.0,1.0,6.0,5.0,0.23809523809523808,,,,,,,,,,,,,,,,,,,,,,,,,,,,,,
*c1ccc(Oc2ccc(-n3c(=O)c4cc5c(=O)n(*)c(=O)c5cc4c3=O)cc2C(C)(C)C)cc1,,,,,,,,,,,,,,,,,,,,,,,,,,,,,,,,,0.0,7.0,3.0,5.0,0.0,5.0,35.0,87.37,0.4,2.0,33.04029760246969,1.7095234903816476,438.121571676,4.0,29.0,13.33156372319539,26.186202068468653,0.7575757575757576,0.0,0.0,0.0,0.0,0.0,9.0,4.0,0.0,2.0,6.0,9.0,0.2571428571428571
C[NH+](C)CCOc1cc2c(c3c1cccc3)-c4ccccc4C2=O,2.856213405996707,0.8693282521762178,1.0,2.0,4.0,4.0,1.0,3.0,24.0,30.740000000000002,0.75,0.0,9.636772684650527,1.8946163099425473,318.14885530008996,5.0,19.0,12.80623265201142,0.0,0.875,0.0,0.0,0.0,0.0,0.0,9.0,1.0,0.0,2.0,6.0,3.0,0.125,,,,,,,,,,,,,,,,,,,,,,,,,,,,,,
*CC(*)c1cc(OC)ccc1C,,,,,,,,,,,,,,,,,,,,,,,,,,,,,,,,,0.0,1.0,3.0,1.0,0.0,1.0,13.0,9.23,0.0,0.0,4.736862953800049,3.0313587961324893,148.088815004,4.0,7.0,5.252687074829932,20.268296022307258,1.7272727272727273,0.0,0.0,0.0,0.0,0.0,7.0,0.0,0.0,0.0,6.0,3.0,0.23076923076923078
c1ccc(cc1)Cn2c-3cccccc3nc2=O,1.940024714816298,0.8794731398303431,0.0,3.0,2.0,3.0,0.0,3.0,18.0,34.89,0.3333333333333333,1.0,5.689743398203474,2.0940625095572702,236.094963004,1.0,17.0,11.89688633786848,6.544756405912575,0.8888888888888888,0.0,0.0,0.0,0.0,0.0,3.0,1.0,0.0,1.0,7.0,3.0,0.16666666666666666,,,,,,,,,,,,,,,,,,,,,,,,,,,,,,
*CCCCCCCCCCCCCCCCCCCCCOC(=O)CCC(=O)O*,,,,,,,,,,,,,,,,,,,,,,,,,,,,,,,,,0.0,4.0,24.0,0.0,0.0,0.0,31.0,52.60000000000001,0.0,0.0,0.0,3.10735199720067,410.3396099519999,23.0,6.0,11.456255477120118,141.76099128113688,0.5172413793103449,0.0,0.0,0.0,0.0,0.0,28.0,2.0,0.0,0.0,0.0,6.0,0.1935483870967742
CC(=O)Nc1ccc(cc1)OC(=O)c2ccccc2OC(=O)C,1.7849190998969107,0.8620279236010869,1.0,5.0,4.0,2.0,0.0,2.0,23.0,81.69999999999999,0.0,0.0,14.790514511606428,2.1277600058411585,313.09502258,2.0,21.0,12.19583677143697,13.847474399381248,0.8695652173913043,0.0,0.0,0.0,0.0,0.0,9.0,3.0,0.0,0.0,6.0,6.0,0.2608695652173913,,,,,,,,,,,,,,,,,,,,,,,,,,,,,,
*CC/C(C)=C(/*)c1ccccc1,,,,,,,,,,,,,,,,,,,,,,,,,,,,,,,,,0.0,0.0,3.0,1.0,0.0,1.0,13.0,0.0,0.0,0.0,0.0,2.893477249820474,144.093900384,3.0,8.0,2.330509259259259,20.268296022307258,1.4545454545454546,0.0,0.0,0.0,0.0,0.0,6.0,1.0,0.0,0.0,6.0,2.0,0.15384615384615385
c1cc(ccc1C(=O)NCC(=O)NO)Cl,1.7081158580159244,0.8840429731977697,3.0,3.0,3.0,1.0,0.0,1.0,15.0,78.43,0.0,0.0,10.796885202127534,2.5396384810671315,228.030169828,3.0,12.0,11.360522486772485,0.0,1.2666666666666666,1.0,0.0,1.0,0.0,0.0,7.0,2.0,0.0,0.0,6.0,6.0,0.4,,,,,,,,,,,,,,,,,,,,,,,,,,,,,,
*CC(*)(C=S)C(=O)OCC1CCC(CC(C)CN1C(C)(C)C1)C1,,,,,,,,,,,,,,,,,,,,,,,,,,,,,,,,,0.0,4.0,5.0,3.0,3.0,0.0,24.0,29.54,1.0,3.0,0.0,2.1024538483394917,323.191900168,17.0,5.0,12.58641621000252,77.29772904108525,1.5454545454545454,0.0,0.0,0.0,0.0,0.0,23.0,2.0,0.0,2.0,8.0,6.0,0.25
c1ccc(cc1)C(=O)Oc2ccc3ccccc3c2,1.4544439984695714,0.8575878354208721,0.0,2.0,2.0,3.0,0.0,3.0,19.0,26.3,0.3333333333333333,0.0,4.736862953800049,1.873162656197739,248.083729624,0.0,19.0,11.9279368228773,0.0,0.7368421052631579,0.0,0.0,0.0,0.0,0.0,3.0,1.0,0.0,1.0,6.0,2.0,0.10526315789473684,,,,,,,,,,,,,,,,,,,,,,,,,,,,,,
*CC(*)(C)C(=O)OCCOCCOCCOCCCCCOc1ccc(-c2ccc(OC(=O)c3ccccc3)cc2)cc1,,,,,,,,,,,,,,,,,,,,,,,,,,,,,,,,,0.0,8.0,21.0,3.0,0.0,3.0,44.0,89.52000000000001,0.0,0.0,9.473725907600098,1.1532630124445333,576.27231824,17.0,25.0,12.234912007083217,39.02784531432067,0.6666666666666666,0.0,0.0,0.0,0.0,0.0,26.0,2.0,0.0,0.0,6.0,10.0,0.22727272727272727
c1ccc(cc1)C(=O)Oc2cccc3c2nccc3,1.6565879545135278,0.865296781006161,0.0,3.0,2.0,3.0,0.0,3.0,19.0,39.19,0.3333333333333333,1.0,4.736862953800049,1.959875547321879,249.078978592,0.0,19.0,12.00776596749811,0.0,0.8947368421052632,0.0,0.0,0.0,0.0,0.0,3.0,1.0,0.0,1.0,6.0,3.0,0.15789473684210525,,,,,,,,,,,,,,,,,,,,,,,,,,,,,,
*CCCCCOC(=O)CCCCCCCCCCCCCCC(=O)O*,,,,,,,,,,,,,,,,,,,,,,,,,,,,,,,,,0.0,4.0,20.0,0.0,0.0,0.0,27.0,52.60000000000001,0.0,0.0,0.0,3.138587838166876,354.27700969599994,19.0,6.0,11.595789814331217,116.07770478943283,0.6,0.0,0.0,0.0,0.0,0.0,24.0,2.0,0.0,0.0,0.0,6.0,0.2222222222222222
c1ccc(cc1)C(=O)OOC(=O)c2ccccc2,1.675686819960708,0.8480022510724765,0.0,4.0,2.0,2.0,0.0,2.0,18.0,52.6,0.0,0.0,0.0,1.9296630435110773,242.0579088,0.0,18.0,11.480995212899975,0.0,0.6111111111111112,0.0,0.0,0.0,0.0,0.0,5.0,2.0,0.0,0.0,6.0,4.0,0.2222222222222222,,,,,,,,,,,,,,,,,,,,,,,,,,,,,,
*CCCCCCCOC(=O)c1ccc(C(=O)Nc2cccc(C(=O)O*)c2)cc1,,,,,,,,,,,,,,,,,,,,,,,,,,,,,,,,,1.0,5.0,11.0,2.0,0.0,2.0,30.0,81.7,0.0,0.0,5.316788604006331,1.8366442028309915,381.157622836,7.0,21.0,12.437659181774338,39.02784531432067,0.8571428571428571,0.0,0.0,0.0,0.0,0.0,16.0,3.0,0.0,0.0,6.0,8.0,0.26666666666666666
c1ccc(cc1)C(=O)Nc2ccc(c(c2)O)C(=O)[O-],2.0578486532487545,0.8685243807081735,2.0,4.0,3.0,2.0,0.0,2.0,19.0,89.46000000000001,0.0,0.0,10.423315998847038,2.185084923001685,256.06153137991004,0.0,19.0,11.822770219198791,0.0,1.0526315789473684,0.0,0.0,0.0,0.0,0.0,6.0,2.0,0.0,0.0,6.0,5.0,0.2631578947368421,,,,,,,,,,,,,,,,,,,,,,,,,,,,,,
*CC(F)(F)C(F)(F)C(F)(F)C(F)(F)C(F)(F)C(F)(F)C(F)(F)C(F)(F)C(F)(F)C(F)(F)C(*)(F)C(F)(F)F,,,,,,,,,,,,,,,,,,,,,,,,,,,,,,,,,0.0,0.0,11.0,0.0,0.0,0.0,39.0,0.0,0.0,0.0,0.0,7.3108960852433125,613.9773273440001,37.0,0.0,13.62458620716805,78.49700279359016,0.32432432432432434,24.0,24.0,0.0,0.0,0.0,38.0,0.0,0.0,0.0,0.0,26.0,0.6666666666666666
C[NH+]1CCC(CC1)n2c(=O)c(c([nH]2)c3ccccc3)Cc4ccccc4,3.3425471007996927,0.8771882350979756,2.0,2.0,4.0,4.0,1.0,3.0,26.0,42.230000000000004,0.0,2.0,10.459176625902487,1.7610228913843873,348.20703887209,8.0,18.0,13.273141061980347,25.30430569792599,1.0,0.0,0.0,0.0,0.0,0.0,11.0,1.0,0.0,0.0,6.0,4.0,0.15384615384615385,,,,,,,,,,,,,,,,,,,,,,,,,,,,,,
*CC(O*)COCC(C)(C)O,,,,,,,,,,,,,,,,,,,,,,,,,,,,,,,,,1.0,3.0,6.0,0.0,0.0,0.0,12.0,38.69,0.0,0.0,0.0,3.414497424761068,146.094294308,10.0,0.0,9.341375661375661,32.47622879780386,1.8,0.0,0.0,0.0,0.0,0.0,11.0,0.0,0.0,0.0,0.0,5.0,0.4166666666666667
CN(C)C(=O)Oc1ccc[n+](c1)Cc2ccccc2,2.377072020447594,0.8667723270375096,0.0,2.0,3.0,2.0,0.0,2.0,19.0,33.42,0.0,1.0,9.303962601591405,2.0912482761680664,257.12845420409,3.0,16.0,11.47628704068098,6.544756405912575,1.1578947368421053,0.0,0.0,0.0,0.0,0.0,7.0,1.0,0.0,0.0,6.0,4.0,0.21052631578947367,,,,,,,,,,,,,,,,,,,,,,,,,,,,,,
*CCS(=O)(=O)c1ccc(O*)c(C)c1,,,,,,,,,,,,,,,,,,,,,,,,,,,,,,,,,0.0,3.0,4.0,1.0,0.0,1.0,15.0,43.370000000000005,0.0,0.0,5.106527394840706,3.1282413341774604,198.03506518,4.0,9.0,11.798835978835978,18.742957874899023,1.6153846153846154,0.0,0.0,0.0,0.0,0.0,7.0,2.0,0.0,0.0,6.0,6.0,0.4
c1ccc(cc1)COC(=O)c2ccccc2,1.206194956526728,0.8483299583577216,0.0,2.0,3.0,2.0,0.0,2.0,16.0,26.3,0.0,0.0,0.0,1.9460332806831828,212.083729624,1.0,15.0,11.595771447467877,6.606881964512918,0.875,0.0,0.0,0.0,0.0,0.0,4.0,1.0,0.0,0.0,6.0,2.0,0.125,,,,,,,,,,,,,,,,,,,,,,,,,,,,,,
*C(=O)Oc1ccc(NC(=O)c2ccc(-n3c(=O)c4cc5c(=O)n(*)c(=O)c5cc4c3=O)cc2)cc1,,,,,,,,,,,,,,,,,,,,,,,,,,,,,,,,,1.0,9.0,4.0,5.0,0.0,5.0,36.0,133.54,0.4,2.0,32.29071913801441,1.4574189170995109,453.059699692,0.0,34.0,13.035734606776378,0.0,0.7647058823529411,0.0,0.0,0.0,0.0,0.0,8.0,6.0,0.0,2.0,6.0,12.0,0.3333333333333333
c1ccc(cc1)CNc2ccc(cc2)S(=O)(=O)N,1.532503208797344,0.8845914800681136,2.0,3.0,4.0,2.0,0.0,2.0,18.0,72.19,0.0,0.0,10.455762341614273,2.0340144987216755,262.077598688,3.0,15.0,11.080892113821857,11.440239881430351,0.9444444444444444,0.0,0.0,0.0,0.0,0.0,5.0,2.0,0.0,0.0,6.0,5.0,0.2777777777777778,,,,,,,,,,,,,,,,,,,,,,,,,,,,,,
*[Si](*)(C)CCCCCCCCCCCCCCCCOc1ccc([N+](=O)[O-])cc1C(=O)OCC,,,,,,,,,,,,,,,,,,,,,,,,,,,,,,,,,0.0,5.0,21.0,1.0,0.0,1.0,35.0,78.67,0.0,0.0,4.736862953800049,2.029710768595635,477.291050006,20.0,13.0,12.122181758204878,109.40634705125235,0.9393939393939394,0.0,0.0,0.0,0.0,0.0,27.0,2.0,0.0,0.0,6.0,9.0,0.2571428571428571
C[N+](C)(CCOc1ccccc1)Cc2ccccc2,1.9591714610070348,0.8809808306428104,0.0,1.0,6.0,2.0,0.0,2.0,19.0,9.23,0.0,0.0,4.736862953800049,1.8096158927032018,256.16959074409,6.0,13.0,5.763932823129252,6.544756405912575,0.8421052631578947,0.0,0.0,0.0,0.0,0.0,8.0,0.0,0.0,0.0,6.0,2.0,0.10526315789473684,,,,,,,,,,,,,,,,,,,,,,,,,,,,,,
*CC(OC(=O)CCCCCCCCCC(=O)O*)c1ccccc1,,,,,,,,,,,,,,,,,,,,,,,,,,,,,,,,,0.0,4.0,13.0,1.0,0.0,1.0,25.0,52.60000000000001,0.0,0.0,0.0,2.0391013398315674,318.183109312,11.0,12.0,12.018909707296842,70.81509819377303,0.9130434782608695,0.0,0.0,0.0,0.0,0.0,17.0,2.0,0.0,0.0,6.0,6.0,0.24
c1cc(ccc1N=C=S)N=C=S,3.210342466385214,0.9315617120877863,0.0,4.0,2.0,1.0,0.0,1.0,12.0,24.72,0.0,0.0,0.0,2.992229626910403,191.981590128,0.0,10.0,4.448969618711682,0.0,0.8333333333333334,0.0,0.0,0.0,0.0,0.0,2.0,4.0,0.0,0.0,6.0,4.0,0.3333333333333333,,,,,,,,,,,,,,,,,,,,,,,,,,,,,,
*Oc1ccc(C(C)(C)c2ccc(OC(=O)c3ccccc3C(=O)Nc3ccc(NC(=O)c4ccc(*)cc4C3=O)cc2)C(C)CC)cc1,,,,,,,,,,,,,,,,,,,,,,,,,,,,,,,,,2.0,6.0,5.0,5.0,2.0,3.0,49.0,110.79999999999998,0.6,2.0,21.806471671314977,1.7467846423705575,626.2416868079999,7.0,40.0,13.999400913970478,39.53076089108528,0.8297872340425532,0.0,0.0,0.0,0.0,0.0,26.0,9.0,0.0,2.0,16.0,10.0,0.20408163265306123
CC(C)CC(=O)O[C@@H]1C[C@H]2CC[C@@]1(C2(C)C)C,4.148400614829575,0.9137072212877017,0.0,2.0,3.0,2.0,2.0,0.0,17.0,26.3,0.5,0.0,0.0,2.0331253269276415,238.193280072,14.0,3.0,11.816789493575207,66.40593887790546,1.3529411764705883,0.0,0.0,0.0,0.0,0.0,17.0,1.0,0.0,1.0,5.0,2.0,0.11764705882352941,,,,,,,,,,,,,,,,,,,,,,,,,,,,,,
*c1ccc(Oc2ccc(-c3ccc(-c4sc(*)cn4)cc3)cc2)cc1,,,,,,,,,,,,,,,,,,,,,,,,,,,,,,,,,0.0,3.0,4.0,4.0,0.0,4.0,26.0,22.12,0.0,1.0,16.183292792727574,1.5002282575658523,327.07178503600005,0.0,24.0,5.930284322000174,0.0,0.7083333333333334,0.0,0.0,0.0,0.0,0.0,6.0,0.0,0.0,0.0,6.0,5.0,0.19230769230769232
CC[N+](C)(C)Cc1ccccc1Br,2.5100265631956393,0.8894206383362351,0.0,0.0,3.0,1.0,0.0,1.0,13.0,0.0,0.0,0.0,0.0,2.8001498537198843,242.05388806409,7.0,6.0,3.5681070483749053,13.4684936056032,1.2307692307692308,1.0,0.0,0.0,1.0,0.0,7.0,0.0,0.0,0.0,6.0,2.0,0.15384615384615385,,,,,,,,,,,,,,,,,,,,,,,,,,,,,,
*OC(C)CCCOC(=O)c1ccc(C(=O)N*)c(O)c1,,,,,,,,,,,,,,,,,,,,,,,,,,,,,,,,,2.0,5.0,7.0,1.0,0.0,1.0,21.0,84.86,0.0,0.0,5.733667477162185,2.551914373001324,265.09502258000003,6.0,13.0,11.821364795918367,25.869346833290944,1.5789473684210527,0.0,0.0,0.0,0.0,0.0,13.0,2.0,0.0,0.0,6.0,8.0,0.38095238095238093
c1c(c(=O)[nH]c(=O)n1[C@@H]2C[C@H]([C@@H](O2)CO)O)/C=C/Br,3.850417215540748,0.9114649907888579,3.0,6.0,3.0,2.0,1.0,1.0,19.0,104.55000000000001,0.0,2.0,11.24901029325548,2.381025444596575,332.00078361600004,9.0,10.0,11.732651053476946,24.856655569157482,1.5789473684210527,1.0,0.0,0.0,1.0,0.0,11.0,3.0,0.0,0.0,6.0,8.0,0.42105263157894735,,,,,,,,,,,,,,,,,,,,,,,,,,,,,,
*=C(CC)C(*)(C)C,,,,,,,,,,,,,,,,,,,,,,,,,,,,,,,,,0.0,0.0,2.0,0.0,0.0,0.0,8.0,0.0,0.0,0.0,0.0,3.823378455220923,83.086075352,5.0,1.0,2.429398148148148,33.10993926815927,2.0,0.0,0.0,0.0,0.0,0.0,6.0,1.0,0.0,0.0,0.0,2.0,0.25
CC(=O)Oc1ccc(cc1C(=O)[O-])Br,2.5667325607441143,0.8648013432238005,0.0,4.0,2.0,1.0,0.0,1.0,14.0,66.43,0.0,0.0,9.843390348640755,3.144594642525885,256.94549435191004,2.0,12.0,10.632226001511714,6.923737199690624,1.4285714285714286,1.0,0.0,0.0,1.0,0.0,6.0,2.0,0.0,0.0,6.0,5.0,0.35714285714285715,,,,,,,,,,,,,,,,,,,,,,,,,,,,,,
*CCOCCOCCOC(=O)CNCCCCCCCCCSCCCN(*)C(F)(F)C(F)(F)F,,,,,,,,,,,,,,,,,,,,,,,,,,,,,,,,,1.0,7.0,25.0,0.0,0.0,0.0,36.0,60.03000000000001,0.0,0.0,5.316788604006331,3.336383086890203,522.255069828,31.0,3.0,13.146828609517538,70.51307265162332,0.8529411764705882,5.0,5.0,0.0,0.0,0.0,34.0,1.0,0.0,0.0,0.0,14.0,0.3888888888888889
c1ccnc(c1)C2=NCC(=O)Nc3c2cc(cc3)Br,2.4725667057622793,0.9001548533297398,1.0,3.0,1.0,3.0,1.0,2.0,19.0,54.35,0.3333333333333333,2.0,5.316788604006331,2.1951789491913205,315.00072403999997,2.0,17.0,11.657272022234821,0.0,1.2105263157894737,1.0,0.0,0.0,1.0,0.0,7.0,2.0,0.0,1.0,7.0,5.0,0.2631578947368421,,,,,,,,,,,,,,,,,,,,,,,,,,,,,,
*Oc1ccc(Oc2cccc(C(=O)c3ccc(C(=O)c4ccc(Oc5ccc(*)cc5)cc4)cc3)c2)cc1,,,,,,,,,,,,,,,,,,,,,,,,,,,,,,,,,0.0,5.0,9.0,5.0,0.0,5.0,39.0,61.83,0.0,0.0,20.646620370902415,1.2445991440353221,484.13107374,0.0,37.0,13.131221026917906,0.0,0.4864864864864865,0.0,0.0,0.0,0.0,0.0,11.0,2.0,0.0,0.0,6.0,7.0,0.1794871794871795
c1c2c(cc(c1Cl)Br)oc(=O)[nH]2,2.6225149879812637,0.9254047191788188,1.0,2.0,0.0,2.0,0.0,2.0,12.0,46.0,0.5,1.0,5.756062822229453,2.9154748859783175,246.903568116,2.0,10.0,10.730876795162509,0.0,1.5,2.0,0.0,1.0,1.0,0.0,2.0,1.0,0.0,1.0,6.0,5.0,0.4166666666666667,,,,,,,,,,,,,,,,,,,,,,,,,,,,,,
*CC=CCCCOC(=O)c1ccc(-c2ccc(-c3ccc(C(=O)CCCCCCCCCCCCCCCCCC(=O)c4ccc5c(c4)C(=O)N(*)C5=O)cc3)cc2)cc1,,,,,,,,,,,,,,,,,,,,,,,,,,,,,,,,,0.0,6.0,28.0,5.0,1.0,4.0,61.0,97.82,0.2,1.0,0.0,0.8410635640109128,793.434238608,21.0,38.0,12.875720303656284,128.91934803528486,0.4915254237288136,0.0,0.0,0.0,0.0,0.0,35.0,6.0,0.0,1.0,6.0,9.0,0.14754098360655737
c1ccc2c(c1)C(=C(C2=O)c3ccc(cc3)Br)[O-],2.3941575074398784,0.8950710420642164,0.0,2.0,1.0,3.0,1.0,2.0,18.0,40.129999999999995,0.3333333333333333,0.0,5.106527394840706,2.1782602899188093,298.97131517591,1.0,17.0,12.222934972600152,0.0,0.8888888888888888,1.0,0.0,0.0,1.0,0.0,6.0,2.0,0.0,1.0,6.0,3.0,0.16666666666666666,,,,,,,,,,,,,,,,,,,,,,,,,,,,,,
*OC(=O)C(CCC)C(=O)O*,,,,,,,,,,,,,,,,,,,,,,,,,,,,,,,,,0.0,4.0,4.0,0.0,0.0,0.0,12.0,52.60000000000001,0.0,0.0,0.0,4.210412433183387,144.042258736,4.0,6.0,11.069490740740742,19.765380445542643,1.5,0.0,0.0,0.0,0.0,0.0,9.0,2.0,0.0,0.0,0.0,6.0,0.5
Cc1cc(c(cc1Br)C(C)C)O,2.137454712772602,0.9023753294953906,1.0,1.0,1.0,1.0,0.0,1.0,12.0,20.23,0.0,0.0,0.0,3.231552503570133,228.014977136,5.0,7.0,9.56537037037037,26.689117645233264,1.3333333333333333,1.0,0.0,0.0,1.0,0.0,6.0,0.0,0.0,0.0,6.0,2.0,0.16666666666666666,,,,,,,,,,,,,,,,,,,,,,,,,,,,,,
*CC(O)COc1ccc(OC(=O)c2ccc(C(=O)Nc3ccc(OCCCCCCOc4ccc(Oc5ccc(O*)cc5)cc4)cc3)cc2)cc1,,,,,,,,,,,,,,,,,,,,,,,,,,,,,,,,,2.0,9.0,20.0,5.0,0.0,5.0,53.0,121.78000000000002,0.0,0.0,34.10763076784728,0.9335247454313433,689.262481828,10.0,41.0,12.810809126808572,38.71099007914296,0.5882352941176471,0.0,0.0,0.0,0.0,0.0,25.0,2.0,0.0,0.0,6.0,12.0,0.22641509433962265
Cc1ccc2c(cc(c(c2n1)O)Br)Br,2.431880180833838,0.897993312083582,1.0,2.0,0.0,2.0,0.0,2.0,14.0,33.120000000000005,0.5,1.0,0.0,2.9510532290571208,314.88943804400003,3.0,11.0,9.776921296296296,6.923737199690624,1.2142857142857142,2.0,0.0,0.0,2.0,0.0,4.0,0.0,0.0,1.0,6.0,4.0,0.2857142857142857,,,,,,,,,,,,,,,,,,,,,,,,,,,,,,
*CCCCCCCCOC(=O)C/C=C/C1CC(*)C1=O,,,,,,,,,,,,,,,,,,,,,,,,,,,,,,,,,0.0,3.0,11.0,1.0,1.0,0.0,21.0,43.370000000000005,0.0,0.0,0.0,1.920716461680108,264.172544628,12.0,7.0,11.511677539281706,64.71113180602472,1.3157894736842106,0.0,0.0,0.0,0.0,0.0,18.0,3.0,0.0,0.0,4.0,5.0,0.23809523809523808
c1c(c(=O)[nH]c(=O)n1[C@@H]2C[C@H]([C@@H](O2)CO)O)Br,3.5611586768565298,0.9130822684872425,3.0,6.0,2.0,2.0,1.0,1.0,17.0,104.55000000000001,0.0,2.0,11.24901029325548,2.335396041923273,305.98513355200004,9.0,8.0,11.543370653817082,24.856655569157482,1.588235294117647,1.0,0.0,0.0,1.0,0.0,10.0,2.0,0.0,0.0,6.0,8.0,0.47058823529411764,,,,,,,,,,,,,,,,,,,,,,,,,,,,,,
*CC(*)C(=O)OCCCCCCCCCCc1ccc(OC)cc1,,,,,,,,,,,,,,,,,,,,,,,,,,,,,,,,,0.0,3.0,14.0,1.0,0.0,1.0,25.0,35.53,0.0,0.0,4.736862953800049,1.8761728282936974,318.21949481999997,13.0,10.0,11.618231784800152,71.13195342895074,1.0434782608695652,0.0,0.0,0.0,0.0,0.0,18.0,1.0,0.0,0.0,6.0,5.0,0.2
c1cc2c(cc(c(c2nc1)O)Br)Br,2.306282057701134,0.8969667431921453,1.0,2.0,0.0,2.0,0.0,2.0,13.0,33.120000000000005,0.5,1.0,0.0,2.9668729339241464,300.87378798000003,2.0,11.0,9.652476851851851,0.0,1.2307692307692308,2.0,0.0,0.0,2.0,0.0,3.0,0.0,0.0,1.0,6.0,4.0,0.3076923076923077,,,,,,,,,,,,,,,,,,,,,,,,,,,,,,
*c1ccc(/C=C(\C)c2ccc(O*)cc2)cc1,,,,,,,,,,,,,,,,,,,,,,,,,,,,,,,,,0.0,1.0,3.0,2.0,0.0,2.0,18.0,9.23,0.0,0.0,11.172894463302317,2.234130538365633,208.088815004,1.0,15.0,5.417845912354841,6.923737199690624,1.125,0.0,0.0,0.0,0.0,0.0,6.0,1.0,0.0,0.0,6.0,3.0,0.16666666666666666
C[NH+](C)CCc1c[nH]c2c1cc(cc2)O,3.419925426496225,0.8956085494600864,3.0,1.0,3.0,2.0,0.0,2.0,15.0,40.46,0.5,1.0,4.899909730850478,2.3075046142032125,205.13353958409,5.0,10.0,9.431366055681533,6.4208216229260096,1.3333333333333333,0.0,0.0,0.0,0.0,0.0,6.0,0.0,0.0,1.0,6.0,3.0,0.2,,,,,,,,,,,,,,,,,,,,,,,,,,,,,,
*Oc1ccc(-c2ccc(*)cc2)cc1,,,,,,,,,,,,,,,,,,,,,,,,,,,,,,,,,0.0,1.0,2.0,2.0,0.0,2.0,15.0,9.23,0.0,0.0,11.172894463302317,2.32758411997621,168.057514876,0.0,13.0,5.384159160577811,0.0,0.8461538461538461,0.0,0.0,0.0,0.0,0.0,4.0,0.0,0.0,0.0,6.0,3.0,0.2
CC(C)(C)C1CCC(CC1)CC2=C(C(=O)c3ccccc3C2=O)[O-],2.828277559234774,0.8721687140008231,0.0,3.0,2.0,3.0,2.0,1.0,24.0,57.2,0.3333333333333333,0.0,5.106527394840706,1.7553122684958327,325.18091823991,11.0,13.0,12.659898746535653,52.87531971370193,0.9583333333333334,0.0,0.0,0.0,0.0,0.0,17.0,3.0,0.0,1.0,6.0,3.0,0.125,,,,,,,,,,,,,,,,,,,,,,,,,,,,,,
*Oc1ccccc1C(=O)Nc1ccc(Oc2ccc(/N=N/c3ccc(C(c4ccccc4)c4ccc(*)cc4)cc3)cc2)cc1,,,,,,,,,,,,,,,,,,,,,,,,,,,,,,,,,1.0,5.0,10.0,6.0,0.0,6.0,46.0,72.28,0.0,0.0,21.226546021108696,1.0754633170883219,573.205241724,1.0,43.0,12.69437620766469,5.917906046161393,0.6136363636363636,0.0,0.0,0.0,0.0,0.0,13.0,2.0,0.0,0.0,6.0,8.0,0.17391304347826086
CC(=O)Nc1ccc(cc1)OC(C)(C)C,1.6438146572654553,0.872627844115995,1.0,2.0,2.0,1.0,0.0,1.0,15.0,38.33,0.0,0.0,10.05365155780638,2.681702055072795,207.125928784,5.0,10.0,10.784518691735954,33.29599960974618,1.2,0.0,0.0,0.0,0.0,0.0,8.0,1.0,0.0,0.0,6.0,3.0,0.2,,,,,,,,,,,,,,,,,,,,,,,,,,,,,,
*CCCCCCCC(=O)NSCSCCC(=O)O*,,,,,,,,,,,,,,,,,,,,,,,,,,,,,,,,,1.0,5.0,13.0,0.0,0.0,0.0,20.0,55.400000000000006,0.0,0.0,4.722094864452088,3.2207513877632077,291.096285532,12.0,6.0,11.522103836152358,51.8694885601727,1.1666666666666667,0.0,0.0,0.0,0.0,0.0,17.0,2.0,0.0,0.0,0.0,8.0,0.4
C[C@H](CCc1ccc(cc1)O)[NH2+]C[C@@H](c2ccc(cc2)O)O,3.618925243374279,0.8812199949586557,4.0,3.0,7.0,2.0,0.0,2.0,22.0,77.30000000000001,0.0,0.0,5.316788604006331,1.7349847672779113,302.17507004808994,8.0,14.0,10.135419468598581,31.911187662438905,0.9090909090909091,0.0,0.0,0.0,0.0,0.0,11.0,0.0,0.0,0.0,6.0,4.0,0.18181818181818182,,,,,,,,,,,,,,,,,,,,,,,,,,,,,,
*CCOC(=O)C(=O)N*,,,,,,,,,,,,,,,,,,,,,,,,,,,,,,,,,1.0,3.0,2.0,0.0,0.0,0.0,10.0,55.400000000000006,0.0,0.0,5.733667477162185,3.5218802087779726,115.02694302,2.0,6.0,10.566481481481482,6.923737199690624,1.875,0.0,0.0,0.0,0.0,0.0,7.0,2.0,0.0,0.0,0.0,6.0,0.6
CC(C)(C)c1cc(ccc1O)OC,1.8166705192395955,0.8831416534260557,1.0,2.0,1.0,1.0,0.0,1.0,13.0,29.46,0.0,0.0,4.736862953800049,3.1917026765307637,180.115029752,5.0,8.0,9.610544690098262,26.186202068468653,1.2307692307692308,0.0,0.0,0.0,0.0,0.0,7.0,0.0,0.0,0.0,6.0,2.0,0.15384615384615385,,,,,,,,,,,,,,,,,,,,,,,,,,,,,,
*CCCCCCCCCCCNC(=O)CCCCCCCC(=O)N*,,,,,,,,,,,,,,,,,,,,,,,,,,,,,,,,,2.0,2.0,19.0,0.0,0.0,0.0,26.0,58.2,0.0,0.0,11.050456081168516,3.187829440329467,338.293328456,18.0,6.0,11.767778607452476,109.65688316650682,0.625,0.0,0.0,0.0,0.0,0.0,23.0,2.0,0.0,0.0,0.0,6.0,0.23076923076923078
Cn1c2c(nc1N(C)CCO)n(c(=O)n(c2=O)C)C,2.7540157127552867,0.9210622701506851,1.0,8.0,3.0,2.0,0.0,2.0,19.0,85.28999999999999,0.5,2.0,16.14892002410596,2.847394407347806,267.133139404,7.0,12.0,12.13682815255732,0.0,1.1578947368421053,0.0,0.0,0.0,0.0,0.0,8.0,2.0,0.0,1.0,6.0,8.0,0.42105263157894735,,,,,,,,,,,,,,,,,,,,,,,,,,,,,,
*c1cc(OCCCCCC)(C)c(Oc2ccccc2)c(*)s1,,,,,,,,,,,,,,,,,,,,,,,,,,,,,,,,,0.0,3.0,8.0,2.0,1.0,1.0,23.0,18.46,0.0,1.0,4.736862953800049,2.1001246957490727,302.13405094399997,10.0,11.0,6.350089049508693,45.13181170206897,1.1904761904761905,0.0,0.0,0.0,0.0,0.0,16.0,2.0,0.0,0.0,6.0,5.0,0.21739130434782608
c1ccc(cc1)CCOC(=O)/C=C/c2ccc(c(c2)O)O,1.9623620819706318,0.8747193409755291,2.0,4.0,5.0,2.0,0.0,2.0,21.0,66.76,0.0,0.0,0.0,1.8092297339060972,284.104858992,2.0,19.0,11.537535430839002,6.4208216229260096,1.0476190476190477,0.0,0.0,0.0,0.0,0.0,8.0,2.0,0.0,0.0,6.0,4.0,0.19047619047619047,,,,,,,,,,,,,,,,,,,,,,,,,,,,,,
*C1CC(*)C1C,,,,,,,,,,,,,,,,,,,,,,,,,,,,,,,,,0.0,0.0,0.0,1.0,1.0,0.0,7.0,0.0,0.0,0.0,0.0,2.2886409887251067,68.062600256,5.0,0.0,2.471064814814815,26.186202068468653,1.8,0.0,0.0,0.0,0.0,0.0,7.0,0.0,0.0,0.0,4.0,2.0,0.2857142857142857
Cn1cnc2c1c(=O)n(c(=O)n2C)C,2.29798245679401,0.9160590782363192,0.0,6.0,0.0,2.0,0.0,2.0,14.0,61.82,0.5,2.0,11.24901029325548,3.2212810810845887,194.08037556,3.0,11.0,11.672037037037036,0.0,1.1428571428571428,0.0,0.0,0.0,0.0,0.0,3.0,2.0,0.0,1.0,6.0,6.0,0.42857142857142855,,,,,,,,,,,,,,,,,,,,,,,,,,,,,,
*CC(C)CCCCCCCCCC(=O)O*,,,,,,,,,,,,,,,,,,,,,,,,,,,,,,,,,0.0,2.0,11.0,0.0,0.0,0.0,17.0,26.3,0.0,0.0,0.0,3.059579246404791,212.177630008,12.0,3.0,10.923493563357345,71.63486900571536,1.2,0.0,0.0,0.0,0.0,0.0,15.0,1.0,0.0,0.0,0.0,4.0,0.23529411764705882
CC1([C@H](CC[C@@]1(C)C(=O)[O-])C(=O)[O-])C,4.579988696622659,0.9250328133830505,0.0,4.0,2.0,1.0,1.0,0.0,14.0,80.25999999999999,0.0,0.0,10.213054789681411,3.0816750060746867,198.09030608782,8.0,6.0,10.982662037037038,33.61285484492389,1.2142857142857142,0.0,0.0,0.0,0.0,0.0,12.0,2.0,0.0,0.0,5.0,4.0,0.2857142857142857,,,,,,,,,,,,,,,,,,,,,,,,,,,,,,
*Oc1ccc(C(=O)c2ccc(Oc3ccc(C(=O)c4ccc(*)cc4)cc3)cc2)cc1,,,,,,,,,,,,,,,,,,,,,,,,,,,,,,,,,0.0,4.0,7.0,4.0,0.0,4.0,32.0,52.6,0.0,0.0,15.909757417102366,1.420109241935886,392.104858992,0.0,30.0,12.657943870172133,0.0,0.5333333333333333,0.0,0.0,0.0,0.0,0.0,9.0,2.0,0.0,0.0,6.0,6.0,0.1875
CC[C@]1(c2cc-3n(c(=O)c2COC1=O)Cc4c3nc5ccccc5c4)O,3.1755009595514183,0.8843124770271279,1.0,6.0,1.0,5.0,2.0,3.0,26.0,81.42,0.8,4.0,5.559266895052008,1.8134139101470272,348.111006992,6.0,20.0,13.010453199798437,32.097248004025815,1.2692307692307692,0.0,0.0,0.0,0.0,0.0,11.0,2.0,0.0,4.0,6.0,6.0,0.23076923076923078,,,,,,,,,,,,,,,,,,,,,,,,,,,,,,
*SCCN(CCCCOc1ccc(-c2ccc([N+](=O)[O-])cc2)cc1)C(=O)O*,,,,,,,,,,,,,,,,,,,,,,,,,,,,,,,,,0.0,6.0,11.0,2.0,0.0,2.0,29.0,81.91000000000001,0.0,0.0,4.736862953800049,1.7676491905603344,388.1092927399999,7.0,20.0,11.816638147568149,12.841643245852019,1.1111111111111112,0.0,0.0,0.0,0.0,0.0,16.0,2.0,0.0,0.0,6.0,10.0,0.3448275862068966
CNC(=O)Oc1cccc2c1cccc2,1.7400386644210926,0.8559253234623827,1.0,2.0,1.0,2.0,0.0,2.0,15.0,38.33,0.5,0.0,10.05365155780638,2.464953756163773,201.078978592,1.0,14.0,11.091562263794406,0.0,1.1333333333333333,0.0,0.0,0.0,0.0,0.0,4.0,1.0,0.0,1.0,6.0,3.0,0.2,,,,,,,,,,,,,,,,,,,,,,,,,,,,,,
*CC(*)C(=O)OC(C)(C)C(C)(C)C,,,,,,,,,,,,,,,,,,,,,,,,,,,,,,,,,0.0,2.0,3.0,0.0,0.0,0.0,14.0,26.3,0.0,0.0,0.0,4.448530666488622,170.130679816,9.0,3.0,11.71664351851852,53.56429563205343,1.5,0.0,0.0,0.0,0.0,0.0,12.0,1.0,0.0,0.0,0.0,4.0,0.2857142857142857
CCOC(=O)n1ccn(c1=S)C,2.9743487729463,0.8848349055854696,0.0,5.0,1.0,1.0,0.0,1.0,12.0,36.16,0.0,1.0,0.0,2.959704461489191,186.04629856,3.0,9.0,11.139583333333334,6.923737199690624,1.6666666666666667,0.0,0.0,0.0,0.0,0.0,5.0,2.0,0.0,0.0,5.0,5.0,0.4166666666666667,,,,,,,,,,,,,,,,,,,,,,,,,,,,,,
*CCCCCCCOC(=O)CCCCCC(=O)O*,,,,,,,,,,,,,,,,,,,,,,,,,,,,,,,,,0.0,4.0,13.0,0.0,0.0,0.0,20.0,52.60000000000001,0.0,0.0,0.0,3.2254731493720374,256.167459248,12.0,6.0,11.435847406111204,71.13195342895074,0.8333333333333334,0.0,0.0,0.0,0.0,0.0,17.0,2.0,0.0,0.0,0.0,6.0,0.3
CCC(CC)(C(=O)NC(=O)N)Br,3.1079754075616846,0.905783917414949,2.0,2.0,3.0,0.0,0.0,0.0,12.0,72.19,0.0,0.0,11.050456081168516,4.318367796433647,236.016039756,6.0,6.0,11.278680555555555,31.013376138765466,1.4166666666666667,1.0,0.0,0.0,1.0,0.0,9.0,2.0,0.0,0.0,0.0,5.0,0.4166666666666667,,,,,,,,,,,,,,,,,,,,,,,,,,,,,,
*Oc1ccc(OC(=O)c2ccc(Oc3ccc(C(*)=O)cc3)cc2)cc1C(=O)OC,,,,,,,,,,,,,,,,,,,,,,,,,,,,,,,,,0.0,7.0,7.0,3.0,0.0,3.0,31.0,88.13000000000001,0.0,0.0,14.580253302440804,1.6881496515063998,390.073952788,1.0,28.0,12.466033702787573,0.0,0.7931034482758621,0.0,0.0,0.0,0.0,0.0,12.0,3.0,0.0,0.0,6.0,9.0,0.2903225806451613
c1ccc2c(c1)c(nc(=O)o2)[O-],2.933337941498335,0.8925596917931905,0.0,4.0,0.0,2.0,0.0,2.0,12.0,66.16,0.5,1.0,10.86259021707016,2.9876120401947106,162.01966656791,0.0,12.0,11.028425925925927,0.0,1.3333333333333333,0.0,0.0,0.0,0.0,0.0,1.0,1.0,0.0,1.0,6.0,4.0,0.3333333333333333,,,,,,,,,,,,,,,,,,,,,,,,,,,,,,
*Oc1ccc(C(C)(C)c2ccc(OC(=O)c3ccccc3C(*)=O)cc2CC)cc1,,,,,,,,,,,,,,,,,,,,,,,,,,,,,,,,,0.0,4.0,7.0,3.0,0.0,3.0,31.0,52.6,0.0,0.0,9.843390348640755,1.9074466141039375,386.15180918399994,5.0,24.0,12.749268973509958,32.60702369139466,0.9655172413793104,0.0,0.0,0.0,0.0,0.0,13.0,2.0,0.0,0.0,6.0,6.0,0.1935483870967742
c1cc(ccc1C(=O)[O-])S(=O)(=O)N,2.3841225554386902,0.8858122613799588,1.0,4.0,2.0,1.0,0.0,1.0,13.0,100.28999999999999,0.0,0.0,10.245501132448648,3.15526874357476,200.00230225191,2.0,11.0,10.728750944822373,4.895483475517775,1.2307692307692308,0.0,0.0,0.0,0.0,0.0,4.0,3.0,0.0,0.0,6.0,6.0,0.46153846153846156,,,,,,,,,,,,,,,,,,,,,,,,,,,,,,
*c1sc(*)c(OCC(C)C)c1,,,,,,,,,,,,,,,,,,,,,,,,,,,,,,,,,0.0,2.0,3.0,1.0,0.0,1.0,12.0,9.23,0.0,1.0,15.496988494731879,2.56599853921474,154.04523594,4.0,6.0,5.731944444444444,13.847474399381248,1.8,0.0,0.0,0.0,0.0,0.0,7.0,0.0,0.0,0.0,5.0,4.0,0.3333333333333333
C[C@@H]([C@H](c1ccccc1)O)[NH3+],3.3235205351398402,0.8571523817678556,2.0,1.0,2.0,1.0,0.0,1.0,11.0,47.870000000000005,0.0,0.0,5.733667477162185,2.767917781307444,152.10699048809,5.0,6.0,9.535277777777779,19.069544416586886,1.2727272727272727,0.0,0.0,0.0,0.0,0.0,5.0,0.0,0.0,0.0,6.0,2.0,0.18181818181818182,,,,,,,,,,,,,,,,,,,,,,,,,,,,,,
*CCOCCOCCOC(=O)NCC(=O)O*,,,,,,,,,,,,,,,,,,,,,,,,,,,,,,,,,1.0,6.0,10.0,0.0,0.0,0.0,18.0,83.09000000000002,0.0,0.0,5.316788604006331,3.224059951719039,233.0899372,9.0,7.0,11.043462466215441,6.923737199690624,1.125,0.0,0.0,0.0,0.0,0.0,15.0,2.0,0.0,0.0,0.0,9.0,0.5
C[C@@H](C(=O)c1ccccc1)[NH3+],2.9105157149088967,0.8387784498631812,1.0,1.0,2.0,1.0,0.0,1.0,11.0,44.71,0.0,0.0,5.733667477162185,2.85953097747342,150.09134042409,3.0,8.0,11.281944444444445,12.965578028838586,1.3636363636363635,0.0,0.0,0.0,0.0,0.0,4.0,1.0,0.0,0.0,6.0,2.0,0.18181818181818182,,,,,,,,,,,,,,,,,,,,,,,,,,,,,,
*c1ccc(-c2ccc(NC(=O)CCCCSCCCCCCC(=O)Nc3ccc(NC(=O)OCCN(*)c4ccc(OC(C)C)cc4)cc3)c(C(F)(F)F)c2F)cc1,,,,,,,,,,,,,,,,,,,,,,,,,,,,,,,,,3.0,7.0,22.0,4.0,0.0,4.0,59.0,109.00000000000001,0.0,0.0,32.07038443828698,1.0152767668685028,808.328154516,21.0,36.0,15.144490498231768,77.4943122879811,0.7719298245614035,4.0,4.0,0.0,0.0,0.0,35.0,3.0,0.0,0.0,6.0,16.0,0.2711864406779661
COC1=CC(=O)O[C@@H](C1)/C=C/c2ccccc2,3.081033702995395,0.8778869657962525,0.0,3.0,3.0,2.0,1.0,1.0,17.0,35.53,0.0,1.0,0.0,2.0322363882892174,230.094294308,3.0,14.0,11.241605883093978,12.524788010674312,1.3529411764705883,0.0,0.0,0.0,0.0,0.0,9.0,3.0,0.0,0.0,6.0,3.0,0.17647058823529413,,,,,,,,,,,,,,,,,,,,,,,,,,,,,,
*CC(*)OC(=O)CCC,,,,,,,,,,,,,,,,,,,,,,,,,,,,,,,,,0.0,2.0,4.0,0.0,0.0,0.0,10.0,26.3,0.0,0.0,0.0,3.369897632655279,114.06807956,5.0,3.0,10.857916666666666,33.29599960974619,2.125,0.0,0.0,0.0,0.0,0.0,8.0,1.0,0.0,0.0,0.0,4.0,0.4
CN(C)/N=N/c1ccc(cc1)C(=O)[O-],3.079344553303474,0.8847521906412946,0.0,4.0,3.0,1.0,0.0,1.0,14.0,68.09,0.0,0.0,5.106527394840706,2.7843380621672695,192.07785013991,2.0,12.0,10.404935122197028,0.0,1.2857142857142858,0.0,0.0,0.0,0.0,0.0,6.0,2.0,0.0,0.0,6.0,5.0,0.35714285714285715,,,,,,,,,,,,,,,,,,,,,,,,,,,,,,
*CCCCCCCOC(=O)/C=C(/*)CCCCCCCOC(=O)OCCCCCCOc1ccc(/N=N/c2ccc(/N=N/c3ccc(OCCCC)cc3)cc2)cc1,,,,,,,,,,,,,,,,,,,,,,,,,,,,,,,,,0.0,11.0,32.0,3.0,0.0,3.0,59.0,129.73,0.0,0.0,9.473725907600098,1.1289107058830563,782.461850324,24.0,33.0,12.020330785054519,123.00144198912345,0.5087719298245614,0.0,0.0,0.0,0.0,0.0,38.0,5.0,0.0,0.0,6.0,13.0,0.22033898305084745
c1ccc2cc3c(cc2c1)c(=O)n(cn3)N,2.231178910130941,0.8883476689760451,1.0,4.0,0.0,3.0,0.0,3.0,16.0,60.91,0.6666666666666666,1.0,11.401937165318245,2.56708561661656,211.074561908,0.0,16.0,11.769891817838246,0.0,1.125,0.0,0.0,0.0,0.0,0.0,1.0,1.0,0.0,2.0,6.0,4.0,0.25,,,,,,,,,,,,,,,,,,,,,,,,,,,,,,
*COc1c(Br)c(C(C)C)c(*)c(Cl)c1F,,,,,,,,,,,,,,,,,,,,,,,,,,,,,,,,,0.0,1.0,3.0,1.0,0.0,1.0,16.0,9.23,0.0,0.0,10.803230022261658,3.5203711273000877,277.950932908,7.0,7.0,13.9345738851096,19.76538044554264,1.7142857142857142,3.0,1.0,1.0,1.0,0.0,10.0,0.0,0.0,0.0,6.0,6.0,0.375
c1cc(ccc1CCC(=O)[O-])OC(=O)C2CCC(CC2)C[NH3+],3.0247037542090887,0.8842181381666887,1.0,4.0,6.0,2.0,1.0,1.0,22.0,94.07000000000001,0.0,0.0,15.577057825802939,1.825668509325581,305.16270821600006,10.0,12.0,12.138630873645754,38.524929737556064,1.1363636363636365,0.0,0.0,0.0,0.0,0.0,15.0,2.0,0.0,0.0,6.0,5.0,0.22727272727272727,,,,,,,,,,,,,,,,,,,,,,,,,,,,,,
*O[Si](C)(C)COc1ccc(/C=N/c2ccc(/C=C/C(=O)Nc3ccc(-c4nnc(*)o4)cc3)cc2)cc1,,,,,,,,,,,,,,,,,,,,,,,,,,,,,,,,,1.0,7.0,10.0,4.0,0.0,4.0,38.0,98.84,0.0,1.0,16.447291056596903,1.2686749646500892,496.15668177800006,5.0,31.0,12.33514805526945,13.094022707362173,1.0555555555555556,0.0,0.0,0.0,0.0,0.0,15.0,3.0,0.0,0.0,6.0,11.0,0.2894736842105263
COC(=O)[C@H](Cc1ccc(c(c1)O)O)[NH3+],3.3898146512617373,0.8588315143312066,3.0,4.0,3.0,1.0,0.0,1.0,15.0,94.4,0.0,0.0,5.733667477162185,2.726426383204553,212.09173434809,4.0,11.0,11.07140132905014,12.462662452073971,1.4666666666666666,0.0,0.0,0.0,0.0,0.0,8.0,1.0,0.0,0.0,6.0,5.0,0.3333333333333333,,,,,,,,,,,,,,,,,,,,,,,,,,,,,,
*CC(=O)Nc1ccc(Oc2ccc(NC(=O)CCCCC(=O)Nc3ccc(O*)cc3)cc2)cc1,,,,,,,,,,,,,,,,,,,,,,,,,,,,,,,,,3.0,5.0,12.0,3.0,0.0,3.0,36.0,105.76,0.0,0.0,25.793756160659747,1.3493939020856958,459.1794209,5.0,29.0,12.238863333036694,32.60702369139466,0.6176470588235294,0.0,0.0,0.0,0.0,0.0,17.0,3.0,0.0,0.0,6.0,10.0,0.2777777777777778
c1cc(ccc1Nc2ncnc(n2)N)Cl,1.9741578057448823,0.918069556353451,2.0,5.0,2.0,2.0,0.0,2.0,15.0,76.72,0.0,1.0,11.050456081168516,2.1817692703761247,221.04682293599998,1.0,14.0,5.750850270149211,0.0,1.1333333333333333,1.0,0.0,1.0,0.0,0.0,4.0,0.0,0.0,0.0,6.0,6.0,0.4,,,,,,,,,,,,,,,,,,,,,,,,,,,,,,
*CCCCCOC(=O)CCc1ccc(Br)cc1C(=O)OCCCO*,,,,,,,,,,,,,,,,,,,,,,,,,,,,,,,,,0.0,5.0,13.0,1.0,0.0,1.0,26.0,61.83000000000001,0.0,0.0,0.0,2.498317400085885,398.0728859359999,12.0,12.0,12.318647938388093,45.448666937246685,1.0833333333333333,1.0,0.0,0.0,1.0,0.0,18.0,2.0,0.0,0.0,6.0,8.0,0.3076923076923077
Cc1c(c(=O)[nH]c(=O)[nH]1)N(CCCl)CCCl,2.987521283935095,0.9281988211604437,2.0,3.0,5.0,1.0,0.0,1.0,16.0,68.96,0.0,1.0,16.14892002410596,3.1767447935307924,265.038482016,7.0,9.0,11.648561980347694,6.923737199690624,1.125,2.0,0.0,2.0,0.0,0.0,8.0,2.0,0.0,0.0,6.0,7.0,0.4375,,,,,,,,,,,,,,,,,,,,,,,,,,,,,,
*Oc1ccc(/N=N/c2ccc(OC(=O)COCC(*)=O)cc2)cc1,,,,,,,,,,,,,,,,,,,,,,,,,,,,,,,,,0.0,7.0,8.0,2.0,0.0,2.0,25.0,86.55000000000001,0.0,0.0,9.843390348640755,1.8682162223842738,312.074621484,3.0,20.0,11.556022226453878,0.0,0.9130434782608695,0.0,0.0,0.0,0.0,0.0,11.0,3.0,0.0,0.0,6.0,9.0,0.36
c1cc(ccc1S(=O)(=O)/N=C(/NC2CCCCC2)\[O-])Cl,2.5810210151716575,0.8944159705015381,1.0,3.0,3.0,2.0,1.0,1.0,20.0,81.59,0.0,0.0,10.423315998847038,2.0855159973977884,315.05756463191,8.0,12.0,11.9249822058453,43.04143241929579,1.2,1.0,0.0,1.0,0.0,0.0,12.0,3.0,0.0,0.0,6.0,7.0,0.35,,,,,,,,,,,,,,,,,,,,,,,,,,,,,,
*Oc1ccc(Oc2ccc(OC(=O)n3c(=O)c4cc5c(=O)n(*)c(=O)c5cc4c3=O)cc2)c(C)c1N,,,,,,,,,,,,,,,,,,,,,,,,,,,,,,,,,1.0,11.0,4.0,5.0,0.0,5.0,37.0,148.92000000000002,0.4,2.0,42.55098835981102,1.4218338495163358,471.070264376,1.0,34.0,12.845645106694231,6.923737199690624,0.8285714285714286,0.0,0.0,0.0,0.0,0.0,10.0,5.0,0.0,2.0,6.0,13.0,0.35135135135135137
c1cc(c2c(c1O)CCC2)Cl,2.1720727928729104,0.8994625011618492,1.0,1.0,0.0,2.0,1.0,1.0,11.0,20.23,0.5,0.0,0.0,2.641733390257907,168.034192588,4.0,7.0,9.397145061728395,19.26246486877803,1.1818181818181819,1.0,0.0,1.0,0.0,0.0,6.0,0.0,0.0,1.0,6.0,2.0,0.18181818181818182,,,,,,,,,,,,,,,,,,,,,,,,,,,,,,
*OC1CCC1C(C)(C)C(=O)O*,,,,,,,,,,,,,,,,,,,,,,,,,,,,,,,,,0.0,3.0,3.0,1.0,1.0,0.0,13.0,35.53,0.0,0.0,0.0,2.6350621298607213,156.078644244,8.0,3.0,11.534393424036281,32.79308403298157,1.6363636363636365,0.0,0.0,0.0,0.0,0.0,12.0,1.0,0.0,0.0,4.0,5.0,0.38461538461538464
C[NH+](C)CCN(Cc1ccc(s1)Cl)c2cccc[nH+]2,4.551723302498876,0.9036062766797165,1.0,2.0,6.0,2.0,0.0,2.0,19.0,21.82,0.0,2.0,14.783797982648164,2.0966668781064755,297.10554916018,7.0,12.0,6.005455981775426,6.544756405912575,1.263157894736842,1.0,0.0,1.0,0.0,0.0,9.0,0.0,0.0,0.0,6.0,5.0,0.2631578947368421,,,,,,,,,,,,,,,,,,,,,,,,,,,,,,
*CCCCCCCCNC(=O)NC(=S)N(*)CCCC,,,,,,,,,,,,,,,,,,,,,,,,,,,,,,,,,2.0,2.0,11.0,0.0,0.0,0.0,21.0,44.370000000000005,0.0,0.0,10.633577208012662,3.508294957478472,285.187483484,12.0,7.0,11.704087859891432,65.21404738278933,1.2105263157894737,0.0,0.0,0.0,0.0,0.0,18.0,2.0,0.0,0.0,0.0,7.0,0.3333333333333333
Cc1cc(c(cc1Cl)C(C)C)O,2.0062914373383585,0.8959132982663908,1.0,1.0,1.0,1.0,0.0,1.0,12.0,20.23,0.0,0.0,0.0,3.231552503570133,184.065492716,5.0,7.0,9.527561728395062,26.689117645233264,1.3333333333333333,1.0,0.0,1.0,0.0,0.0,6.0,0.0,0.0,0.0,6.0,2.0,0.16666666666666666,,,,,,,,,,,,,,,,,,,,,,,,,,,,,,
*N=P(*)(SCCCCCC)CC1CCCCC1,,,,,,,,,,,,,,,,,,,,,,,,,,,,,,,,,0.0,2.0,8.0,1.0,1.0,0.0,18.0,12.36,0.0,0.0,0.0,2.273830787597741,259.152357462,15.0,1.0,5.167053965104561,64.71113180602472,1.3125,0.0,0.0,0.0,0.0,0.0,17.0,1.0,0.0,0.0,6.0,5.0,0.2777777777777778
c1cc2c(cc(c(c2nc1)O)Cl)Cl,2.0703128269319038,0.8908200884680944,1.0,2.0,0.0,2.0,0.0,2.0,13.0,33.120000000000005,0.5,1.0,0.0,2.9668729339241464,212.97481914,2.0,11.0,9.529598765432098,0.0,1.2307692307692308,2.0,0.0,2.0,0.0,0.0,3.0,0.0,0.0,1.0,6.0,4.0,0.3076923076923077,,,,,,,,,,,,,,,,,,,,,,,,,,,,,,
*/C=C(/*)c1cnc(Br)c(Br)c1[NH+],,,,,,,,,,,,,,,,,,,,,,,,,,,,,,,,,0.0,1.0,1.0,1.0,0.0,1.0,13.0,36.69,0.0,1.0,5.733667477162185,3.3430024258615956,272.86574871609,3.0,8.0,7.879976851851851,0.0,1.8181818181818181,2.0,0.0,0.0,2.0,0.0,6.0,1.0,0.0,0.0,6.0,6.0,0.46153846153846156
Cc1cc(cc(c1Cl)C)O,1.9848202542494775,0.8941133603028772,1.0,1.0,0.0,1.0,0.0,1.0,10.0,20.23,0.0,0.0,0.0,3.3105328747224085,156.034192588,3.0,7.0,9.059691358024692,13.847474399381248,1.2,1.0,0.0,1.0,0.0,0.0,4.0,0.0,0.0,0.0,6.0,2.0,0.2,,,,,,,,,,,,,,,,,,,,,,,,,,,,,,
*CC(C)(COCCOC(=O)NCCCNC(=O)O*)c1ccc(OCCCC)cc1,,,,,,,,,,,,,,,,,,,,,,,,,,,,,,,,,2.0,6.0,15.0,1.0,0.0,1.0,31.0,95.12,0.0,0.0,15.370440161812711,2.2477769190151973,408.22603674399994,14.0,15.0,11.667346872084963,45.448666937246685,1.0689655172413792,0.0,0.0,0.0,0.0,0.0,23.0,2.0,0.0,0.0,6.0,10.0,0.3225806451612903
Cc1cc(n(c(=O)c1)[O-])C2CCCCC2,2.90148916275996,0.8974623151885176,0.0,3.0,1.0,2.0,1.0,1.0,15.0,45.06,0.0,1.0,5.559266895052008,2.373205164907992,206.11865233191,7.0,8.0,11.624374527588813,44.94575136048206,1.2666666666666666,0.0,0.0,0.0,0.0,0.0,9.0,1.0,0.0,0.0,6.0,3.0,0.2,,,,,,,,,,,,,,,,,,,,,,,,,,,,,,
*CC(*)N(C)C(=O)OCC#N,,,,,,,,,,,,,,,,,,,,,,,,,,,,,,,,,0.0,3.0,3.0,0.0,0.0,0.0,12.0,53.33,0.0,0.0,0.0,3.853608559487575,140.058577496,4.0,4.0,11.12263888888889,13.4684936056032,2.2,0.0,0.0,0.0,0.0,0.0,9.0,1.0,1.0,0.0,0.0,6.0,0.5
c1ccc(cc1)[C@]2(CCCC[C@@H]2C(=O)[O-])O,3.3509840588063255,0.8673541648144399,1.0,3.0,2.0,2.0,1.0,1.0,16.0,60.36,0.0,0.0,5.106527394840706,2.368212640981262,219.10266791991,7.0,9.0,11.072183484504913,31.284337302687725,1.3125,0.0,0.0,0.0,0.0,0.0,10.0,1.0,0.0,0.0,6.0,3.0,0.1875,,,,,,,,,,,,,,,,,,,,,,,,,,,,,,
*CCC(*)C(=O)OCC(F)(F)C(F)(F)C(F)C(F)(F)F,,,,,,,,,,,,,,,,,,,,,,,,,,,,,,,,,0.0,2.0,7.0,0.0,0.0,0.0,21.0,26.3,0.0,0.0,0.0,4.8540922742566925,300.039655256,16.0,3.0,13.057427642353238,43.95841269468557,1.2105263157894737,8.0,8.0,0.0,0.0,0.0,19.0,1.0,0.0,0.0,0.0,12.0,0.5714285714285714
C/C(=C/C(=O)[O-])/C1CCCCC1,2.946355547421824,0.9196404724393384,0.0,2.0,2.0,1.0,1.0,0.0,12.0,40.129999999999995,0.0,0.0,5.106527394840706,2.494247132407294,167.10775329991,7.0,5.0,10.26487174036281,39.02784531432067,1.3333333333333333,0.0,0.0,0.0,0.0,0.0,10.0,2.0,0.0,0.0,6.0,2.0,0.16666666666666666,,,,,,,,,,,,,,,,,,,,,,,,,,,,,,
*Nc1ccc(Cc2ccc(NC(=O)c3cccc(C(*)=O)c3)cc2)cc1CCCCCCCCC,,,,,,,,,,,,,,,,,,,,,,,,,,,,,,,,,2.0,3.0,14.0,3.0,0.0,3.0,36.0,58.199999999999996,0.0,0.0,11.050456081168516,1.5623070634802976,454.262028328,10.0,24.0,12.633627770370216,64.71113180602472,0.8235294117647058,0.0,0.0,0.0,0.0,0.0,18.0,2.0,0.0,0.0,6.0,6.0,0.16666666666666666
C[NH+](C)CC/C=C\1/c2ccccc2COc3c1cccc3,3.1375737591459147,0.8907747279977978,1.0,1.0,3.0,3.0,1.0,2.0,21.0,13.670000000000002,0.6666666666666666,1.0,9.636772684650527,2.065949702723201,280.16959074409,6.0,15.0,5.986545493197278,13.027703587438928,1.0,0.0,0.0,0.0,0.0,0.0,10.0,1.0,0.0,1.0,7.0,2.0,0.09523809523809523,,,,,,,,,,,,,,,,,,,,,,,,,,,,,,
*CCN(CCOC(=O)NCC)C(=O)N*,,,,,,,,,,,,,,,,,,,,,,,,,,,,,,,,,2.0,3.0,6.0,0.0,0.0,0.0,16.0,70.67,0.0,0.0,11.050456081168516,3.837679898314671,201.11134134,6.0,8.0,11.452335049760645,13.847474399381248,1.5714285714285714,0.0,0.0,0.0,0.0,0.0,13.0,2.0,0.0,0.0,0.0,8.0,0.5
CC(C)[NH2+][C@H]1C2CCC([C@@]1(c3ccc(c(c3)Cl)Cl)O)CC2,4.783030331114736,0.8930555064690759,2.0,1.0,3.0,4.0,3.0,1.0,21.0,36.84,0.75,0.0,5.316788604006331,2.0293328800697568,328.12294616809,15.0,6.0,11.623795666414715,57.2154933603649,1.1428571428571428,2.0,0.0,2.0,0.0,0.0,17.0,0.0,0.0,2.0,6.0,4.0,0.19047619047619047,,,,,,,,,,,,,,,,,,,,,,,,,,,,,,
*CCCCC[N+](*)(C)CCCCCCC,,,,,,,,,,,,,,,,,,,,,,,,,,,,,,,,,0.0,0.0,11.0,0.0,0.0,0.0,16.0,0.0,0.0,0.0,0.0,3.3849850300159963,198.22162631609,14.0,0.0,2.521345663265306,65.21404738278933,0.9285714285714286,0.0,0.0,0.0,0.0,0.0,15.0,0.0,0.0,0.0,0.0,3.0,0.1875
C=C[C@@H]1C[NH+]2CC[C@H]1C[C@@H]2[C@@H](c3ccnc4c3cccc4)O,5.568785768099027,0.9014011601313877,2.0,2.0,3.0,5.0,3.0,2.0,22.0,37.56,0.8,4.0,4.899909730850478,1.6692310274474265,295.18048977609,10.0,12.0,11.049908824640966,24.987450462748285,1.3181818181818181,0.0,0.0,0.0,0.0,0.0,13.0,1.0,0.0,3.0,6.0,3.0,0.13636363636363635,,,,,,,,,,,,,,,,,,,,,,,,,,,,,,
*CCC1CCCC(O*)C(CO)C1(C)C,,,,,,,,,,,,,,,,,,,,,,,,,,,,,,,,,1.0,2.0,4.0,1.0,1.0,0.0,16.0,29.46,0.0,0.0,0.0,2.857004015216752,198.161979944,14.0,0.0,9.70257747543462,52.5584644785242,1.5714285714285714,0.0,0.0,0.0,0.0,0.0,16.0,0.0,0.0,0.0,7.0,4.0,0.25
C=C[C@@H]1C[NH+]2CC[C@H]1C[C@H]2[C@H](c3ccnc4c3cccc4)O,5.568785768099027,0.9014011601313877,2.0,2.0,3.0,5.0,3.0,2.0,22.0,37.56,0.8,4.0,4.899909730850478,1.6692310274474265,295.18048977609,10.0,12.0,11.049908824640966,24.987450462748285,1.3181818181818181,0.0,0.0,0.0,0.0,0.0,13.0,1.0,0.0,3.0,6.0,3.0,0.13636363636363635,,,,,,,,,,,,,,,,,,,,,,,,,,,,,,
*CCC(=O)NNC(=O)c1cccc(C(=O)Nc2c(S)cc(C(=O)O*)cc2)c1,,,,,,,,,,,,,,,,,,,,,,,,,,,,,,,,,4.0,6.0,6.0,2.0,0.0,2.0,29.0,113.60000000000001,0.0,0.0,16.1683713982271,2.082433379903662,385.07324158,3.0,24.0,12.546179827851454,18.24004229813441,1.0,0.0,0.0,0.0,0.0,0.0,14.0,4.0,0.0,0.0,6.0,11.0,0.3793103448275862
CCOC(=O)c1cc(nc2c1cccc2)c3ccccc3,1.601535928124477,0.8519520975039933,0.0,3.0,3.0,3.0,0.0,3.0,21.0,39.19,0.3333333333333333,1.0,0.0,2.2198628227121255,277.11027872000005,2.0,19.0,12.192202695893172,6.923737199690624,1.0476190476190477,0.0,0.0,0.0,0.0,0.0,5.0,1.0,0.0,1.0,6.0,3.0,0.14285714285714285,,,,,,,,,,,,,,,,,,,,,,,,,,,,,,
*CCC(=O)NNC(=O)c1ccc(/N=N/c2ccc(C(=O)O*)cc2)cc1,,,,,,,,,,,,,,,,,,,,,,,,,,,,,,,,,2.0,6.0,6.0,2.0,0.0,2.0,27.0,109.22000000000001,0.0,0.0,10.85158279422077,1.9435656932604615,338.10150492799994,2.0,23.0,11.95817001766913,13.344558822616634,0.92,0.0,0.0,0.0,0.0,0.0,12.0,4.0,0.0,0.0,6.0,10.0,0.37037037037037035
c1cc(cc(c1)F)/C=C/C(=O)NC2CC2,1.9012166352874331,0.8862775419426823,1.0,1.0,3.0,2.0,1.0,1.0,15.0,29.1,0.0,0.0,5.316788604006331,1.9403153504595623,205.090292224,4.0,11.0,12.77728539409591,18.88348407499998,1.4666666666666666,1.0,1.0,0.0,0.0,0.0,8.0,2.0,0.0,0.0,6.0,3.0,0.2,,,,,,,,,,,,,,,,,,,,,,,,,,,,,,
*Nc1cc(NC(=O)CCCCCCCCCCC(*)=O)cc(C(C)(C)C)c1Br,,,,,,,,,,,,,,,,,,,,,,,,,,,,,,,,,2.0,3.0,13.0,1.0,0.0,1.0,29.0,58.199999999999996,0.0,0.0,11.050456081168516,2.323012851032243,436.17254039600004,15.0,12.0,12.37006336546458,90.39441829772876,1.0,1.0,0.0,0.0,1.0,0.0,21.0,2.0,0.0,0.0,6.0,7.0,0.2413793103448276
COc1cc(cc(c1OC)OC)/C=C/C(=O)N,2.0102341403689845,0.8867470218950078,1.0,4.0,5.0,1.0,0.0,1.0,17.0,70.78,0.0,0.0,19.944256338562333,3.2179156762590817,237.10010796,3.0,14.0,10.652895408163266,0.0,1.1176470588235294,0.0,0.0,0.0,0.0,0.0,9.0,2.0,0.0,0.0,6.0,5.0,0.29411764705882354,,,,,,,,,,,,,,,,,,,,,,,,,,,,,,
*CC(C)C1CC(=O)N(c2ccc(CN(C)C)cc2)C(=O)C1*,,,,,,,,,,,,,,,,,,,,,,,,,,,,,,,,,0.0,3.0,5.0,2.0,1.0,1.0,23.0,40.620000000000005,0.0,1.0,4.899909730850478,2.1979925172226022,286.168127944,10.0,11.0,12.809421375031494,33.23387405114585,1.380952380952381,0.0,0.0,0.0,0.0,0.0,16.0,2.0,0.0,0.0,6.0,6.0,0.2608695652173913
c1ccc(c(c1)C2CC2)OCC3=[NH+]CCN3,3.421102321502178,0.8922605083810079,2.0,2.0,4.0,3.0,2.0,1.0,16.0,35.230000000000004,0.0,1.0,15.04605629044205,1.682843212087901,217.13353958409,6.0,10.0,5.860324074074074,18.75954929201341,1.3125,0.0,0.0,0.0,0.0,0.0,11.0,1.0,0.0,0.0,6.0,3.0,0.1875,,,,,,,,,,,,,,,,,,,,,,,,,,,,,,
*c1ccc(/C=C/C(=N)c2ccc(-c3nnc(*)s3)cc2)cc1,,,,,,,,,,,,,,,,,,,,,,,,,,,,,,,,,1.0,4.0,4.0,3.0,0.0,3.0,23.0,49.63,0.0,1.0,11.57690634207899,1.7346491788327454,289.067368352,0.0,21.0,8.21064465755438,0.0,1.0476190476190477,0.0,0.0,0.0,0.0,0.0,6.0,2.0,0.0,0.0,6.0,6.0,0.2608695652173913
Cc1ccc2c(c1)[C@@H]3C[NH+](CC[C@H]3N2)C,4.769911353665889,0.9082671762280833,2.0,1.0,0.0,3.0,2.0,1.0,15.0,16.47,0.6666666666666666,2.0,10.216698334856808,1.9834673681382036,203.15427502808998,8.0,7.0,3.6708333333333334,25.304305697925987,1.4,0.0,0.0,0.0,0.0,0.0,11.0,0.0,0.0,2.0,6.0,2.0,0.13333333333333333,,,,,,,,,,,,,,,,,,,,,,,,,,,,,,
*O[Si](*)(C)OC(F)(F)C(F)(F)C(F)(F)C(F)(F)F,,,,,,,,,,,,,,,,,,,,,,,,,,,,,,,,,0.0,2.0,5.0,0.0,0.0,0.0,19.0,18.46,0.0,0.0,0.0,5.521193628713232,293.97585984600005,17.0,0.0,12.980416666666667,30.6769577169952,0.9411764705882353,9.0,9.0,0.0,0.0,0.0,18.0,0.0,0.0,0.0,0.0,14.0,0.7368421052631579
c1ccc2c(c1)C=Cc3ccccc3C2C(=O)N,2.3002047751043424,0.875557198386683,1.0,1.0,1.0,3.0,1.0,2.0,18.0,43.09,0.6666666666666666,0.0,5.733667477162185,2.305250789577584,235.099714036,1.0,17.0,11.827044595616023,5.917906046161393,0.8333333333333334,0.0,0.0,0.0,0.0,0.0,6.0,2.0,0.0,2.0,7.0,2.0,0.1111111111111111,,,,,,,,,,,,,,,,,,,,,,,,,,,,,,
*OC(=O)NC(C)C(*)=O,,,,,,,,,,,,,,,,,,,,,,,,,,,,,,,,,1.0,3.0,2.0,0.0,0.0,0.0,10.0,55.4,0.0,0.0,5.316788604006331,3.6774380265520787,115.02694302,2.0,6.0,10.656384164777021,12.965578028838586,2.0,0.0,0.0,0.0,0.0,0.0,7.0,2.0,0.0,0.0,0.0,6.0,0.6
C[C@H]1[C@@H](OC=C2C1=C(C(=O)C(=C2O)C(=O)[O-])C)C,4.651937490628304,0.9028274232684093,1.0,5.0,1.0,2.0,2.0,0.0,18.0,86.66,0.5,1.0,5.106527394840706,2.666558902363448,249.07684709591,5.0,13.0,11.919673091458804,26.875177986820173,1.4444444444444444,0.0,0.0,0.0,0.0,0.0,14.0,5.0,0.0,1.0,6.0,5.0,0.2777777777777778,,,,,,,,,,,,,,,,,,,,,,,,,,,,,,
*CC(*)C(=O)OCCCCOc1ccc(/C=C/c2ccc(/C=C/c3ccc(/N=N/c4ccc([N+](=O)[O-])cc4)cc3)cc2)cc1,,,,,,,,,,,,,,,,,,,,,,,,,,,,,,,,,0.0,7.0,15.0,4.0,0.0,4.0,45.0,103.39,0.0,0.0,4.736862953800049,1.1904530384143246,573.2263710919999,6.0,37.0,11.791188317774706,26.186202068468653,0.7441860465116279,0.0,0.0,0.0,0.0,0.0,19.0,5.0,0.0,0.0,6.0,10.0,0.2222222222222222
Cc1cc(=O)c2c(o1)-c3c(cc(c(c3C(=O)[O-])O)O)OC2,3.476548073873465,0.9033932299711334,2.0,7.0,1.0,3.0,1.0,2.0,21.0,120.03000000000002,0.6666666666666666,2.0,15.272180740541295,2.463906748624694,289.03537620791,2.0,19.0,11.91255968127992,13.530619164203543,1.3333333333333333,0.0,0.0,0.0,0.0,0.0,9.0,2.0,0.0,2.0,6.0,7.0,0.3333333333333333,,,,,,,,,,,,,,,,,,,,,,,,,,,,,,
*CCCCC#CNC(=O)CCCC(=O)O*,,,,,,,,,,,,,,,,,,,,,,,,,,,,,,,,,1.0,3.0,7.0,0.0,0.0,0.0,17.0,55.400000000000006,0.0,0.0,5.316788604006331,3.484674405361628,209.10519334,7.0,6.0,11.261632574326025,45.448666937246685,1.3333333333333333,0.0,0.0,0.0,0.0,0.0,13.0,2.0,1.0,0.0,0.0,6.0,0.35294117647058826
CN(C)c1cccc(c1C(=O)NC(=O)Nc2ccc(cc2)Cl)F,2.0738826301166906,0.8868604733436167,2.0,3.0,3.0,2.0,0.0,2.0,23.0,61.440000000000005,0.0,0.0,15.533486938863138,2.1273207299938295,335.08368262,4.0,19.0,13.94873694297125,0.0,1.0869565217391304,2.0,1.0,1.0,0.0,0.0,10.0,2.0,0.0,0.0,6.0,7.0,0.30434782608695654,,,,,,,,,,,,,,,,,,,,,,,,,,,,,,
*=Cc1cc(CCCCCCCCC)c(*)cc1OC,,,,,,,,,,,,,,,,,,,,,,,,,,,,,,,,,0.0,1.0,10.0,1.0,0.0,1.0,20.0,9.23,0.0,0.0,10.803230022261658,2.416266192169497,245.19054042,10.0,8.0,5.501338805741071,58.29031018309871,1.1666666666666667,0.0,0.0,0.0,0.0,0.0,13.0,1.0,0.0,0.0,6.0,3.0,0.15
C1[C@@H]2N(C1=O)[C@@H](/C(=C/CO)/O2)C(=O)[O-],4.627552525425436,0.9114876948639037,1.0,5.0,2.0,2.0,2.0,0.0,14.0,89.9,0.5,2.0,5.106527394840706,2.2603804178727867,198.04079593591,5.0,9.0,11.041758786848073,18.690563622808842,1.7857142857142858,0.0,0.0,0.0,0.0,0.0,12.0,3.0,0.0,1.0,5.0,6.0,0.42857142857142855,,,,,,,,,,,,,,,,,,,,,,,,,,,,,,
*/C=C/C(C)=C(\c1ccc([Si](*)(C)C)cc1)c1ccc(/N=N/c2ccc(C#N)cc2)cc1,,,,,,,,,,,,,,,,,,,,,,,,,,,,,,,,,0.0,3.0,6.0,3.0,0.0,3.0,32.0,48.51,0.0,0.0,5.186725645687458,1.9025659140140467,405.16612426600005,4.0,24.0,8.90718392578327,20.017759907052795,0.9,0.0,0.0,0.0,0.0,0.0,12.0,3.0,1.0,0.0,6.0,6.0,0.1875
C[C@](c1ccccc1)(c2ccc(cc2)Cl)OCC[C@@H]3CCC[NH+]3C,4.205313193320375,0.8787466803747118,1.0,1.0,6.0,3.0,1.0,2.0,24.0,13.670000000000002,0.0,1.0,4.899909730850478,1.7824946153031798,344.17756858409,12.0,12.0,6.495445011337868,37.8290937086003,1.0833333333333333,1.0,0.0,1.0,0.0,0.0,14.0,0.0,0.0,0.0,6.0,3.0,0.125,,,,,,,,,,,,,,,,,,,,,,,,,,,,,,
*CCOCCOCCOCCOCCOC(=O)OCCCCCCCOC(=O)NC(C)(C)C(=O)O*,,,,,,,,,,,,,,,,,,,,,,,,,,,,,,,,,1.0,11.0,24.0,0.0,0.0,0.0,37.0,137.07999999999998,0.0,0.0,5.316788604006331,3.367273633773282,507.2679611319999,24.0,11.0,11.733097553362896,58.41424496608526,0.6571428571428571,0.0,0.0,0.0,0.0,0.0,33.0,3.0,0.0,0.0,0.0,14.0,0.3783783783783784
CN1c2ccc(cc2N(C(=O)CC1=O)c3ccccc3)Cl,2.094193815999313,0.8761048214468881,0.0,2.0,1.0,3.0,1.0,2.0,21.0,40.620000000000005,0.3333333333333333,1.0,9.799819461700956,2.2371936988129644,300.066555336,3.0,18.0,12.480075585789873,6.4208216229260096,0.9523809523809523,1.0,0.0,1.0,0.0,0.0,9.0,2.0,0.0,1.0,7.0,5.0,0.23809523809523808,,,,,,,,,,,,,,,,,,,,,,,,,,,,,,
*CC(C)(C)COC(=O)CCCCCCCCCC(=O)O*,,,,,,,,,,,,,,,,,,,,,,,,,,,,,,,,,0.0,4.0,13.0,0.0,0.0,0.0,22.0,52.60000000000001,0.0,0.0,0.0,3.354425979929116,284.198759376,14.0,6.0,11.631513165346728,78.55860620540598,0.95,0.0,0.0,0.0,0.0,0.0,19.0,2.0,0.0,0.0,0.0,6.0,0.2727272727272727
C[C@@H](Cc1ccccc1)[NH2+]Cc2ccccc2Cl,3.1014273726509183,0.8748242835653967,1.0,0.0,5.0,2.0,0.0,2.0,18.0,16.61,0.0,0.0,5.316788604006331,1.8550559962921969,260.12005370809,6.0,12.0,6.147889726070341,25.93115605767717,1.0,1.0,0.0,1.0,0.0,0.0,7.0,0.0,0.0,0.0,6.0,2.0,0.1111111111111111,,,,,,,,,,,,,,,,,,,,,,,,,,,,,,
*Oc1ccc(OC(=O)Nc2ccc(NC(=O)c3ccc(O*)cc3)cc2)cc1,,,,,,,,,,,,,,,,,,,,,,,,,,,,,,,,,2.0,5.0,6.0,3.0,0.0,3.0,29.0,85.89,0.0,0.0,25.583494951494124,1.5423560477464937,362.090271548,0.0,27.0,12.294260532401005,0.0,0.6666666666666666,0.0,0.0,0.0,0.0,0.0,11.0,2.0,0.0,0.0,6.0,9.0,0.3103448275862069
c1cc(ccc1NC(=O)c2cc(ccc2O)Br)Cl,1.6049474259919148,0.8892491806831604,2.0,2.0,2.0,2.0,0.0,2.0,18.0,49.33,0.0,0.0,5.316788604006331,2.2145821186868675,324.950518308,2.0,16.0,11.947130574452004,0.0,1.1666666666666667,2.0,0.0,1.0,1.0,0.0,6.0,1.0,0.0,0.0,6.0,5.0,0.2777777777777778,,,,,,,,,,,,,,,,,,,,,,,,,,,,,,
*OC(=O)NCCCCCCNC(=O)OCOCCOCCOCCOc1cccc(C(=O)OCc2ccc(O*)c(C)c2)c1,,,,,,,,,,,,,,,,,,,,,,,,,,,,,,,,,2.0,11.0,23.0,2.0,0.0,2.0,45.0,149.11,0.0,0.0,20.476967556653417,1.4050935112911402,604.2632100999999,18.0,25.0,12.49641013966178,39.21390565590758,0.7674418604651163,0.0,0.0,0.0,0.0,0.0,31.0,3.0,0.0,0.0,6.0,15.0,0.3333333333333333
c1cc(c(cc1c2ccc(o2)/C=N/N3CC(=O)NC3=O)Cl)Cl,2.6004330346061124,0.9149467854046781,1.0,4.0,3.0,3.0,1.0,2.0,22.0,74.91,0.0,2.0,5.316788604006331,1.7736515436139149,337.002096508,3.0,19.0,11.32448394441991,0.0,1.1818181818181819,2.0,0.0,2.0,0.0,0.0,10.0,3.0,0.0,0.0,6.0,8.0,0.36363636363636365,,,,,,,,,,,,,,,,,,,,,,,,,,,,,,
*c1sc(*)nc1,,,,,,,,,,,,,,,,,,,,,,,,,,,,,,,,,0.0,2.0,0.0,1.0,0.0,1.0,7.0,12.89,0.0,1.0,10.890602044083295,3.042002767407289,82.982970032,0.0,5.0,4.208333333333334,0.0,2.2,0.0,0.0,0.0,0.0,0.0,2.0,0.0,0.0,0.0,5.0,4.0,0.5714285714285714
c1cc(ccc1C(=O)CCl)Oc2ccc(cc2)C(=O)CCl,1.974443359675977,0.8736049365877477,0.0,3.0,6.0,2.0,0.0,2.0,21.0,43.370000000000005,0.0,0.0,4.736862953800049,2.0753101854265474,322.01634960399997,4.0,17.0,11.397357215372534,0.0,0.7142857142857143,2.0,0.0,2.0,0.0,0.0,8.0,2.0,0.0,0.0,6.0,5.0,0.23809523809523808,,,,,,,,,,,,,,,,,,,,,,,,,,,,,,
*Oc1ccc(CC(NC(=O)COc2ccc(OC(=O)CCCCC(*)=O)cc2)C(=O)OCC)cc1OC(=O)CCCCCC,,,,,,,,,,,,,,,,,,,,,,,,,,,,,,,,,1.0,10.0,21.0,2.0,0.0,2.0,45.0,143.53,0.0,0.0,24.633904860247185,1.9496825057623564,597.2573964479998,15.0,28.0,12.753643658191836,84.09753145778932,0.813953488372093,0.0,0.0,0.0,0.0,0.0,29.0,5.0,0.0,0.0,6.0,13.0,0.28888888888888886
CC(C)(C(=O)[O-])Oc1ccc(cc1)Cl,2.3966194630310156,0.8588872230720598,0.0,3.0,3.0,1.0,0.0,1.0,14.0,49.36,0.0,0.0,9.843390348640755,2.78645821345238,213.03239543991,4.0,10.0,10.630163594244282,19.448525210364934,1.3571428571428572,1.0,0.0,1.0,0.0,0.0,7.0,1.0,0.0,0.0,6.0,4.0,0.2857142857142857,,,,,,,,,,,,,,,,,,,,,,,,,,,,,,
*CC(*)c1cc(Br)ccc1N,,,,,,,,,,,,,,,,,,,,,,,,,,,,,,,,,1.0,1.0,2.0,1.0,0.0,1.0,12.0,26.02,0.0,0.0,5.733667477162185,3.043701829546161,196.984011356,3.0,7.0,5.912870370370371,13.344558822616634,1.8,1.0,0.0,0.0,1.0,0.0,6.0,0.0,0.0,0.0,6.0,4.0,0.3333333333333333
Cc1c(scn1)CCCl,2.6802895456870957,0.9203990208629362,0.0,2.0,2.0,1.0,0.0,1.0,9.0,12.89,0.0,1.0,0.0,2.6886750370858383,161.006597936,4.0,5.0,5.5438271604938265,13.344558822616634,1.7777777777777777,1.0,0.0,1.0,0.0,0.0,4.0,0.0,0.0,0.0,5.0,3.0,0.3333333333333333,,,,,,,,,,,,,,,,,,,,,,,,,,,,,,
*Oc1ccc([Si](*)(C)C)cc1Br,,,,,,,,,,,,,,,,,,,,,,,,,,,,,,,,,0.0,1.0,2.0,1.0,0.0,1.0,13.0,9.23,0.0,0.0,10.293253040528164,3.1017951722128196,227.960603538,4.0,7.0,5.451589033761652,13.094022707362173,1.6363636363636365,1.0,0.0,0.0,1.0,0.0,7.0,0.0,0.0,0.0,6.0,5.0,0.38461538461538464
c1cc(c(c(c1)Cl)NC2=[NH+]CCN2)Cl,3.727222124153675,0.9110494747952689,3.0,2.0,1.0,2.0,1.0,1.0,14.0,38.03,0.0,1.0,15.62598194064833,2.2296355832661514,230.02462910008998,4.0,10.0,5.99211608717561,0.0,1.2857142857142858,2.0,0.0,2.0,0.0,0.0,8.0,1.0,0.0,0.0,6.0,5.0,0.35714285714285715,,,,,,,,,,,,,,,,,,,,,,,,,,,,,,
*C(=O)OCCOCSOC(=O)SCCCCCC(=O)O*,,,,,,,,,,,,,,,,,,,,,,,,,,,,,,,,,0.0,9.0,12.0,0.0,0.0,0.0,22.0,88.13000000000001,0.0,0.0,0.0,3.2589739365512496,324.0337448519999,11.0,9.0,11.34588814387606,25.683286491704038,1.15,0.0,0.0,0.0,0.0,0.0,18.0,3.0,0.0,0.0,0.0,11.0,0.5
Cc1c(cccc1Cl)Nc2c(cccn2)C(=O)[O-],2.432623425991915,0.8705322313850493,1.0,4.0,3.0,2.0,0.0,2.0,18.0,65.05,0.0,1.0,10.423315998847038,2.4024843007490344,261.04362881991,2.0,16.0,10.946657673357409,6.923737199690624,1.3333333333333333,1.0,0.0,1.0,0.0,0.0,6.0,1.0,0.0,0.0,6.0,5.0,0.2777777777777778,,,,,,,,,,,,,,,,,,,,,,,,,,,,,,
*CC(*)Oc1c(Br)cc(F)cc1F,,,,,,,,,,,,,,,,,,,,,,,,,,,,,,,,,0.0,1.0,3.0,1.0,0.0,1.0,14.0,9.23,0.0,0.0,4.736862953800049,2.9636610301416804,233.94918332,5.0,7.0,13.26114417989418,13.530619164203543,1.6666666666666667,3.0,2.0,0.0,1.0,0.0,8.0,0.0,0.0,0.0,6.0,6.0,0.42857142857142855
Cc1cc(c(n1c2ccc(cc2)Cl)C)CC(=O)[O-],2.5293042799950545,0.8703424797613318,0.0,3.0,3.0,2.0,0.0,2.0,18.0,45.06,0.0,1.0,5.106527394840706,2.477037746544447,262.06402991591,4.0,14.0,10.684836629019529,20.268296022307258,1.2777777777777777,1.0,0.0,1.0,0.0,0.0,7.0,1.0,0.0,0.0,6.0,4.0,0.2222222222222222,,,,,,,,,,,,,,,,,,,,,,,,,,,,,,
*Nc1ccc(NC(=O)c2ccc(NC(=O)COC(=O)c3ccc(C(*)=O)cc3)cc2)cc1,,,,,,,,,,,,,,,,,,,,,,,,,,,,,,,,,3.0,6.0,8.0,3.0,0.0,3.0,33.0,113.6,0.0,0.0,16.367244685174846,1.4886174767897262,415.11682064400003,1.0,30.0,12.39809105980078,0.0,0.7096774193548387,0.0,0.0,0.0,0.0,0.0,13.0,4.0,0.0,0.0,6.0,10.0,0.30303030303030304
c1c2c(cc(c1Cl)S(=O)(=O)N)C(=O)N(C2)C3CCCCC3,2.4235892437743445,0.9168436729749436,1.0,3.0,2.0,3.0,2.0,1.0,21.0,80.46999999999998,0.3333333333333333,1.0,5.138973737607942,1.9628815985508719,328.064841084,10.0,11.0,12.533676303854875,49.58618882520837,1.1904761904761905,1.0,0.0,1.0,0.0,0.0,14.0,3.0,0.0,1.0,6.0,7.0,0.3333333333333333,,,,,,,,,,,,,,,,,,,,,,,,,,,,,,
*Oc1ccc(N(CC)c2ccc(*)cc2)cc1,,,,,,,,,,,,,,,,,,,,,,,,,,,,,,,,,0.0,2.0,4.0,2.0,0.0,2.0,18.0,12.47,0.0,0.0,16.072804194152795,2.2902081645517356,211.099714036,2.0,14.0,5.4437419865788375,6.923737199690624,1.0625,0.0,0.0,0.0,0.0,0.0,7.0,0.0,0.0,0.0,6.0,4.0,0.2222222222222222
c1ccc2c(c1)C(=C(C2=O)c3ccc(cc3)Cl)[O-],2.3213348830054894,0.8847246196811372,0.0,2.0,1.0,3.0,1.0,2.0,18.0,40.129999999999995,0.3333333333333333,0.0,5.106527394840706,2.1782602899188093,255.02183075591,1.0,17.0,12.201667611489041,0.0,0.8888888888888888,1.0,0.0,1.0,0.0,0.0,6.0,2.0,0.0,1.0,6.0,3.0,0.16666666666666666,,,,,,,,,,,,,,,,,,,,,,,,,,,,,,
*Oc1ccc([Si](c2ccccc2)c2ccc(*)cc2)cc1,,,,,,,,,,,,,,,,,,,,,,,,,,,,,,,,,0.0,1.0,4.0,3.0,0.0,3.0,22.0,9.23,0.0,0.0,26.73307140036469,2.074677416191516,273.073566566,1.0,19.0,5.545650554018159,0.0,0.7,0.0,0.0,0.0,0.0,0.0,6.0,0.0,0.0,0.0,6.0,4.0,0.18181818181818182
CCc1nc2ccccc2c(=O)n1c3c(cccc3Cl)Cl,2.027537492661633,0.8685461043990026,0.0,3.0,2.0,3.0,0.0,3.0,21.0,34.89,0.3333333333333333,1.0,5.559266895052007,2.4722838903946722,318.032668364,4.0,17.0,12.818738347190727,13.344558822616634,1.0476190476190477,2.0,0.0,2.0,0.0,0.0,5.0,1.0,0.0,1.0,6.0,5.0,0.23809523809523808,,,,,,,,,,,,,,,,,,,,,,,,,,,,,,
*CC(CC)CCCCOc1ccc(OC(=O)CCCCC(=O)OCc2ccc(O*)cc2)cc1,,,,,,,,,,,,,,,,,,,,,,,,,,,,,,,,,0.0,6.0,17.0,2.0,0.0,2.0,35.0,71.06,0.0,0.0,14.580253302440804,1.5456157915720203,454.2355388079999,13.0,20.0,12.082532066752638,71.82092934730227,0.8787878787878788,0.0,0.0,0.0,0.0,0.0,22.0,2.0,0.0,0.0,6.0,8.0,0.22857142857142856
CC(C)(Cc1ccccc1Cl)[NH3+],2.722958869100145,0.8787633829080973,1.0,0.0,2.0,1.0,0.0,1.0,12.0,27.64,0.0,0.0,5.733667477162185,2.8289950403641035,184.08875358008999,6.0,6.0,6.002515432098765,25.8072212746906,1.3333333333333333,1.0,0.0,1.0,0.0,0.0,6.0,0.0,0.0,0.0,6.0,2.0,0.16666666666666666,,,,,,,,,,,,,,,,,,,,,,,,,,,,,,
*CCCCCCCCP(CCCCCC)O*,,,,,,,,,,,,,,,,,,,,,,,,,,,,,,,,,0.0,1.0,14.0,0.0,0.0,0.0,18.0,9.23,0.0,0.0,0.0,3.2719018454704063,244.195602178,16.0,0.0,5.898709705147747,78.05569062864136,0.875,0.0,0.0,0.0,0.0,0.0,17.0,0.0,0.0,0.0,0.0,4.0,0.2222222222222222
CCc1cc2c(s1)N(C(=O)CN=C2c3ccccc3Cl)C,2.673265784708571,0.8734196872213305,0.0,3.0,2.0,3.0,1.0,2.0,21.0,32.67,0.3333333333333333,2.0,4.899909730850478,2.2151254690004523,318.05936178,5.0,16.0,12.12872338750315,13.344558822616634,1.3333333333333333,1.0,0.0,1.0,0.0,0.0,10.0,2.0,0.0,1.0,7.0,5.0,0.23809523809523808,,,,,,,,,,,,,,,,,,,,,,,,,,,,,,
*CCCCCCOC(=O)c1ccc(C(=O)NCCNC(=O)c2ccc(C(=O)O*)cc2)cc1O,,,,,,,,,,,,,,,,,,,,,,,,,,,,,,,,,3.0,7.0,13.0,2.0,0.0,2.0,35.0,131.03,0.0,0.0,10.633577208012662,1.758154959710752,454.1740011719999,8.0,25.0,12.334358853886304,32.60702369139466,0.8181818181818182,0.0,0.0,0.0,0.0,0.0,20.0,4.0,0.0,0.0,6.0,11.0,0.3142857142857143
c1cc2c(ccc(c2nc1)O)Cl,1.8809121496431302,0.8904848871343162,1.0,2.0,0.0,2.0,0.0,2.0,12.0,33.120000000000005,0.5,1.0,0.0,2.946471324842402,179.013791492,1.0,11.0,9.374506172839506,0.0,1.25,1.0,0.0,1.0,0.0,0.0,2.0,0.0,0.0,1.0,6.0,3.0,0.25,,,,,,,,,,,,,,,,,,,,,,,,,,,,,,
*C/C=C/C(*)(C)C#N,,,,,,,,,,,,,,,,,,,,,,,,,,,,,,,,,0.0,1.0,2.0,0.0,0.0,0.0,9.0,23.79,0.0,0.0,0.0,3.89568804906419,93.057849224,3.0,2.0,8.602318594104307,19.76538044554264,2.2857142857142856,0.0,0.0,0.0,0.0,0.0,6.0,1.0,1.0,0.0,0.0,3.0,0.3333333333333333
C[NH+]1[C@H]2CC[C@@H]1[C@@H]([C@@H](C2)OC(=O)c3ccccc3)C(=O)OC,5.156341366734262,0.8665406813181393,1.0,4.0,3.0,3.0,2.0,1.0,22.0,57.040000000000006,0.3333333333333333,2.0,4.899909730850478,1.7896528798720674,304.15433460408997,10.0,12.0,12.303511904761905,37.450112914822256,1.1818181818181819,0.0,0.0,0.0,0.0,0.0,16.0,2.0,0.0,1.0,6.0,5.0,0.22727272727272727,,,,,,,,,,,,,,,,,,,,,,,,,,,,,,
*Cc1ccc(CC(=O)O*)cc1,,,,,,,,,,,,,,,,,,,,,,,,,,,,,,,,,0.0,2.0,3.0,1.0,0.0,1.0,13.0,26.3,0.0,0.0,0.0,2.637987639902156,148.052429496,2.0,9.0,10.988299555933484,13.344558822616634,1.4545454545454546,0.0,0.0,0.0,0.0,0.0,6.0,1.0,0.0,0.0,6.0,4.0,0.3076923076923077
c1ccc(c(c1)C(=O)OCC(=O)N)Nc2cccc(c2)C(F)(F)F,1.9733404962977126,0.8841227717962974,2.0,4.0,5.0,2.0,0.0,2.0,24.0,81.42,0.0,0.0,11.050456081168516,2.2462079806918274,338.08782693600006,5.0,19.0,12.74456525261727,6.176298517443475,1.0833333333333333,3.0,3.0,0.0,0.0,0.0,11.0,2.0,0.0,0.0,6.0,8.0,0.3333333333333333,,,,,,,,,,,,,,,,,,,,,,,,,,,,,,
*O[Si](C)(C)O[Si](C)(C)CCCOc1ccc(/C=N/c2ccc(Oc3ccc(/N=C/CCC/C(=C\c4ccc(OC)cc4)cc3)cc2)cc1)C(=*)NCCCCCCC,,,,,,,,,,,,,,,,,,,,,,,,,,,,,,,,,1.0,8.0,18.0,4.0,3.0,1.0,59.0,82.9,0.5,3.0,10.05365155780638,1.666296672799213,804.422800144,23.0,34.0,6.675870459642192,96.94327299766556,0.8596491228070176,0.0,0.0,0.0,0.0,0.0,43.0,13.0,0.0,2.0,12.0,12.0,0.2033898305084746
C[N+]1=Cc2c(cc3c(c2OC)OCO3)CC1,3.235575900097496,0.9241833445022524,0.0,3.0,1.0,3.0,2.0,1.0,16.0,30.7,0.6666666666666666,2.0,14.210588861400147,2.244809643758937,220.09681972809,5.0,11.0,5.44087962962963,6.4208216229260096,1.375,0.0,0.0,0.0,0.0,0.0,11.0,1.0,0.0,2.0,6.0,4.0,0.25,,,,,,,,,,,,,,,,,,,,,,,,,,,,,,
*Nc1ccc(/N=C/c2ccc(*)cc2)cc1OCCCCCCCCCCCC,,,,,,,,,,,,,,,,,,,,,,,,,,,,,,,,,1.0,3.0,15.0,2.0,0.0,2.0,30.0,33.620000000000005,0.0,0.0,16.536897499423844,1.713208566301637,378.26711370799995,12.0,16.0,6.120354213572037,71.13195342895074,0.9285714285714286,0.0,0.0,0.0,0.0,0.0,18.0,1.0,0.0,0.0,6.0,5.0,0.16666666666666666
CN1[C@H](CCC1=O)c2cccnc2,2.7416201598055245,0.8854623128913477,0.0,2.0,1.0,2.0,1.0,1.0,13.0,33.2,0.0,2.0,0.0,2.236360159695857,176.094963004,4.0,9.0,11.263326247165534,18.88348407499998,1.6153846153846154,0.0,0.0,0.0,0.0,0.0,7.0,1.0,0.0,0.0,6.0,3.0,0.23076923076923078,,,,,,,,,,,,,,,,,,,,,,,,,,,,,,
*c1cc(OCCCCCC)c(*)cc1O,,,,,,,,,,,,,,,,,,,,,,,,,,,,,,,,,1.0,2.0,6.0,1.0,0.0,1.0,16.0,29.46,0.0,0.0,16.869597090723268,2.4450969911946325,192.115029752,6.0,8.0,9.613043021042209,32.60702369139466,1.2857142857142858,0.0,0.0,0.0,0.0,0.0,10.0,0.0,0.0,0.0,6.0,4.0,0.25
c1cc2c(cc1O)oc3c2c(=O)oc4c3ccc(c4)O,2.435561139520992,0.898510760651192,2.0,5.0,0.0,4.0,0.0,4.0,20.0,83.81,0.75,2.0,5.625586319077987,2.3224066117453703,268.037173356,0.0,20.0,12.093213813303098,0.0,0.8,0.0,0.0,0.0,0.0,0.0,2.0,1.0,0.0,3.0,6.0,5.0,0.25,,,,,,,,,,,,,,,,,,,,,,,,,,,,,,
*/C=C/c1ccc(/C=C/c2ccc(N=*)cc2)cc1,,,,,,,,,,,,,,,,,,,,,,,,,,,,,,,,,0.0,1.0,4.0,2.0,0.0,2.0,19.0,12.36,0.0,0.0,0.0,2.1010374710810473,218.096974384,0.0,17.0,4.381684490876966,0.0,0.7647058823529411,0.0,0.0,0.0,0.0,0.0,5.0,3.0,0.0,0.0,6.0,3.0,0.15789473684210525
CCc1c(c(=O)ccn1CC)O,2.6659905998693763,0.8806890542704211,1.0,3.0,2.0,1.0,0.0,1.0,12.0,42.230000000000004,0.0,1.0,5.428790391900541,3.3530210991344753,167.094628656,4.0,8.0,11.003522297808011,26.813052428219834,1.5,0.0,0.0,0.0,0.0,0.0,5.0,1.0,0.0,0.0,6.0,3.0,0.25,,,,,,,,,,,,,,,,,,,,,,,,,,,,,,
*CC(CC(CO)C(O)O*)CC,,,,,,,,,,,,,,,,,,,,,,,,,,,,,,,,,2.0,3.0,7.0,0.0,0.0,0.0,13.0,49.69,0.0,0.0,0.0,3.941333728624405,160.109944372,11.0,0.0,9.458303099017385,32.97914437456848,1.7272727272727273,0.0,0.0,0.0,0.0,0.0,12.0,0.0,0.0,0.0,0.0,5.0,0.38461538461538464
Cc1cccc(c1OC(=O)C)C(=O)[O-],2.5893466979582502,0.8597494136370709,0.0,4.0,2.0,1.0,0.0,1.0,14.0,66.43,0.0,0.0,9.843390348640755,3.2175670652266337,193.05063234791,2.0,12.0,10.704633408919122,13.847474399381248,1.3571428571428572,0.0,0.0,0.0,0.0,0.0,6.0,2.0,0.0,0.0,6.0,4.0,0.2857142857142857,,,,,,,,,,,,,,,,,,,,,,,,,,,,,,
*CCN(C)C(=O)c1ccc(C(=O)N*)cc1,,,,,,,,,,,,,,,,,,,,,,,,,,,,,,,,,1.0,2.0,4.0,1.0,0.0,1.0,17.0,49.410000000000004,0.0,0.0,5.733667477162185,2.8015049879341363,204.089877624,3.0,12.0,11.950776407785337,6.923737199690624,1.4,0.0,0.0,0.0,0.0,0.0,9.0,2.0,0.0,0.0,6.0,6.0,0.35294117647058826
C=C(c1ccccc1OCc2cccc(c2)Cl)n3ccnc3,2.241140905263679,0.8863342590806064,0.0,3.0,5.0,3.0,0.0,3.0,22.0,27.05,0.0,1.0,4.736862953800049,1.8101417051030722,310.08729078000005,2.0,20.0,5.995920423138135,6.606881964512918,1.1818181818181819,1.0,0.0,1.0,0.0,0.0,6.0,1.0,0.0,0.0,6.0,4.0,0.18181818181818182,,,,,,,,,,,,,,,,,,,,,,,,,,,,,,
*CCOCCOCCOCCOCCOC(=O)CCc1ccc(-c2ccc(-c3ccc(C(=O)O*)cc3)cc2)cc1,,,,,,,,,,,,,,,,,,,,,,,,,,,,,,,,,0.0,8.0,20.0,3.0,0.0,3.0,42.0,89.52000000000001,0.0,0.0,0.0,1.2612451259942503,548.241018112,16.0,24.0,12.097188268527463,19.765380445542643,0.575,0.0,0.0,0.0,0.0,0.0,24.0,2.0,0.0,0.0,6.0,10.0,0.23809523809523808
CC1([C@H]([C@@H](c2cc(ccc2O1)C#N)N3CCCC3=O)O)C,3.334793474447192,0.8983814693464316,1.0,4.0,1.0,3.0,2.0,1.0,21.0,73.56,0.3333333333333333,2.0,4.736862953800049,2.1241188780309965,286.131742436,9.0,10.0,12.103381440539177,44.43597567311322,1.4761904761904763,0.0,0.0,0.0,0.0,0.0,15.0,1.0,1.0,1.0,6.0,5.0,0.23809523809523808,,,,,,,,,,,,,,,,,,,,,,,,,,,,,,
*CCCCCCCNC(=O)c1ccc(C(=O)NNC(=O)CCCCCCC(=O)Nc2ccc(N3C(=O)c4ccc(*)cc4C3=O)cc2)cc1,,,,,,,,,,,,,,,,,,,,,,,,,,,,,,,,,4.0,6.0,18.0,4.0,1.0,3.0,50.0,153.78,0.25,1.0,32.45143680154552,1.0528832518893985,651.305684032,13.0,35.0,12.859576047337807,77.55277505187675,0.625,0.0,0.0,0.0,0.0,0.0,29.0,6.0,0.0,1.0,6.0,13.0,0.26
C[C@@H]1[C@H]2Cc3ccc(cc3[C@@]1(CC[NH+]2CC4CC4)C)O,5.596100395842161,0.8927393771419149,2.0,1.0,2.0,4.0,3.0,1.0,20.0,24.67,0.5,1.0,4.899909730850478,1.7144299666620564,272.20089087209,13.0,7.0,9.86014783346764,50.98759218963002,1.35,0.0,0.0,0.0,0.0,0.0,17.0,0.0,0.0,1.0,6.0,2.0,0.1,,,,,,,,,,,,,,,,,,,,,,,,,,,,,,
*Oc1ccc(Oc2ccc(C(C)(C)c3ccc(OC(=O)OCCCCN(CCOC(*)=O)c4ccc(OCC)cc4)cc3)cc2)cc1,,,,,,,,,,,,,,,,,,,,,,,,,,,,,,,,,0.0,9.0,17.0,4.0,0.0,4.0,48.0,92.76,0.0,0.0,24.217025987091333,1.2239816819851428,625.267567208,11.0,35.0,12.39498020079184,39.02784531432067,0.6956521739130435,0.0,0.0,0.0,0.0,0.0,25.0,2.0,0.0,0.0,6.0,11.0,0.22916666666666666
C[NH+]1CCC(=C(c2ccc(cc2)Cl)c3ccccn3)CC1,3.3685480340513383,0.8714771827447588,1.0,1.0,2.0,3.0,1.0,2.0,21.0,17.330000000000002,0.0,2.0,4.899909730850478,2.0709264434943537,299.13095274009,7.0,14.0,6.032244447382735,12.841643245852019,1.0476190476190477,1.0,0.0,1.0,0.0,0.0,10.0,1.0,0.0,0.0,6.0,3.0,0.14285714285714285,,,,,,,,,,,,,,,,,,,,,,,,,,,,,,
*CCCCCCOC(=O)c1cccc(C(=O)N*)c1,,,,,,,,,,,,,,,,,,,,,,,,,,,,,,,,,1.0,3.0,8.0,1.0,0.0,1.0,20.0,55.400000000000006,0.0,0.0,5.733667477162185,2.412527553159019,247.120843404,6.0,12.0,11.868383330183924,32.60702369139466,1.2222222222222223,0.0,0.0,0.0,0.0,0.0,12.0,2.0,0.0,0.0,6.0,6.0,0.3
CC1([NH+]=C(N=C(N1c2ccc(cc2)Cl)N)N)C,3.3990154112719946,0.9110067098205222,3.0,4.0,1.0,2.0,1.0,1.0,17.0,81.61,0.0,1.0,21.35964941781052,2.447918029354823,252.10104958008998,4.0,13.0,5.917202380952381,19.510334434751158,1.2352941176470589,1.0,0.0,1.0,0.0,0.0,10.0,2.0,0.0,0.0,6.0,6.0,0.35294117647058826,,,,,,,,,,,,,,,,,,,,,,,,,,,,,,
*O[Si](C)(C)OC(C)COC(C(O)COS(=O)(=O)OC)COC(=O)CCCO*,,,,,,,,,,,,,,,,,,,,,,,,,,,,,,,,,1.0,11.0,17.0,0.0,0.0,0.0,29.0,136.04999999999998,0.0,0.0,0.0,4.785889704769986,432.11215924599986,22.0,5.0,11.802583893763096,51.17130231614972,1.2592592592592593,0.0,0.0,0.0,0.0,0.0,25.0,3.0,0.0,0.0,0.0,15.0,0.5172413793103449
c1ccc2c(c1)CCc3ccccc3C2C(=O)N,2.0412337691871816,0.8668821874633431,1.0,1.0,1.0,3.0,1.0,2.0,18.0,43.09,0.6666666666666666,0.0,5.733667477162185,2.243728794122007,237.1153641,3.0,15.0,11.854822373393802,18.75954929201341,0.8888888888888888,0.0,0.0,0.0,0.0,0.0,7.0,1.0,0.0,2.0,7.0,2.0,0.1111111111111111,,,,,,,,,,,,,,,,,,,,,,,,,,,,,,
*CC(C)(CCO[Si](*)(C)C)c1ccc(OC)cc1,,,,,,,,,,,,,,,,,,,,,,,,,,,,,,,,,0.0,2.0,7.0,1.0,0.0,1.0,19.0,18.46,0.0,0.0,4.736862953800049,2.7220757577794794,250.13890647399998,10.0,7.0,6.146328656462584,38.77730919906621,1.3529411764705883,0.0,0.0,0.0,0.0,0.0,13.0,0.0,0.0,0.0,6.0,5.0,0.2631578947368421
C1CC1Nc2nc(nc(n2)N)N,2.3491457572120336,0.9493199594159069,3.0,6.0,2.0,2.0,1.0,1.0,12.0,102.74,0.0,1.0,16.784123558330702,2.1770477836157403,166.09669431999998,3.0,9.0,5.373337112622827,18.88348407499998,1.0833333333333333,0.0,0.0,0.0,0.0,0.0,7.0,0.0,0.0,0.0,6.0,6.0,0.5,,,,,,,,,,,,,,,,,,,,,,,,,,,,,,
*CC(*)C#Cc1ccccc1-c1ccccc1,,,,,,,,,,,,,,,,,,,,,,,,,,,,,,,,,0.0,0.0,2.0,2.0,0.0,2.0,18.0,0.0,0.0,0.0,0.0,2.3997887672510827,204.093900384,2.0,12.0,3.4823410336356764,13.344558822616634,1.0625,0.0,0.0,0.0,0.0,0.0,6.0,0.0,1.0,0.0,6.0,2.0,0.1111111111111111
CC[NH+](CC)CCNc1cc[nH+]c2c1cc3ccccc3c2,4.186304847571373,0.8982179180645954,2.0,1.0,6.0,3.0,0.0,3.0,22.0,30.61,0.6666666666666666,1.0,15.200676855804016,1.8739307335996624,295.20375064018003,7.0,15.0,3.610628070672713,13.847474399381248,1.0,0.0,0.0,0.0,0.0,0.0,8.0,0.0,0.0,2.0,6.0,3.0,0.13636363636363635,,,,,,,,,,,,,,,,,,,,,,,,,,,,,,
*Nc1ccc(C(C)(C)c2ccc(*)cc2)cc1,,,,,,,,,,,,,,,,,,,,,,,,,,,,,,,,,1.0,1.0,3.0,2.0,0.0,2.0,18.0,12.03,0.0,0.0,11.800034545623795,2.365543085656261,209.12044948,3.0,13.0,3.4111156725469494,19.26246486877803,0.9375,0.0,0.0,0.0,0.0,0.0,7.0,0.0,0.0,0.0,6.0,3.0,0.16666666666666666
c1c(cc(c(c1C=O)O)Br)Br,2.4134491426632767,0.9184787339983512,1.0,2.0,1.0,1.0,0.0,1.0,11.0,37.3,0.0,0.0,0.0,3.3533871356991645,277.857803568,2.0,9.0,10.330092592592592,0.0,1.3636363636363635,2.0,0.0,0.0,2.0,0.0,4.0,1.0,0.0,0.0,6.0,4.0,0.36363636363636365,,,,,,,,,,,,,,,,,,,,,,,,,,,,,,
*CCCCCCCCCCNC(=O)C(=O)N*,,,,,,,,,,,,,,,,,,,,,,,,,,,,,,,,,2.0,2.0,10.0,0.0,0.0,0.0,18.0,58.2,0.0,0.0,11.050456081168516,3.1628091926467055,226.168127944,10.0,6.0,11.131592949725963,58.29031018309871,0.875,0.0,0.0,0.0,0.0,0.0,15.0,2.0,0.0,0.0,0.0,6.0,0.3333333333333333
Cc1cc2nc(nc(n2n1)N)N,2.6891737292400055,0.9263815303394857,2.0,6.0,0.0,2.0,0.0,2.0,12.0,95.11999999999999,0.5,2.0,11.46733495432437,2.8789469964992307,164.08104425599998,1.0,11.0,5.539722222222222,6.923737199690624,1.3333333333333333,0.0,0.0,0.0,0.0,0.0,3.0,0.0,0.0,1.0,6.0,6.0,0.5,,,,,,,,,,,,,,,,,,,,,,,,,,,,,,
*CCOC(=O)CCCSCC(=O)O*,,,,,,,,,,,,,,,,,,,,,,,,,,,,,,,,,0.0,5.0,8.0,0.0,0.0,0.0,15.0,52.60000000000001,0.0,0.0,0.0,3.2307983431853735,204.045629864,7.0,6.0,11.069806626354247,19.765380445542643,1.4615384615384615,0.0,0.0,0.0,0.0,0.0,12.0,2.0,0.0,0.0,0.0,7.0,0.4666666666666667
Cc1ccccc1N2CC[NH+](CC2)CCc3nnc4n3CCCC4,3.4529860000896937,0.899891627953359,1.0,4.0,4.0,4.0,2.0,2.0,24.0,38.39,0.25,3.0,9.799819461700956,1.3077078293593982,326.23392231609,12.0,12.0,4.445557487279169,39.15178009730724,1.0416666666666667,0.0,0.0,0.0,0.0,0.0,16.0,0.0,0.0,1.0,6.0,5.0,0.20833333333333334,,,,,,,,,,,,,,,,,,,,,,,,,,,,,,
*CCCCCCCCCOc1ccc(CCc2ccc(C(*)=O)cc2)cc1,,,,,,,,,,,,,,,,,,,,,,,,,,,,,,,,,0.0,2.0,14.0,2.0,0.0,2.0,28.0,26.3,0.0,0.0,4.736862953800049,1.599858388220197,350.2245802,11.0,15.0,11.444317882617234,64.71113180602472,0.7692307692307693,0.0,0.0,0.0,0.0,0.0,16.0,1.0,0.0,0.0,6.0,4.0,0.14285714285714285
Cc1c(c2ccccc2n1CCC(=O)[O-])Cn3ccnc3,2.7890513127398613,0.877547261750305,0.0,5.0,5.0,3.0,0.0,3.0,21.0,62.88,0.3333333333333333,2.0,5.106527394840706,2.064111987594109,282.12480033191,4.0,17.0,10.746283903636446,26.434071634441786,1.3333333333333333,0.0,0.0,0.0,0.0,0.0,7.0,1.0,0.0,1.0,6.0,5.0,0.23809523809523808,,,,,,,,,,,,,,,,,,,,,,,,,,,,,,
*CC(*)OCC(CCCCCC)C,,,,,,,,,,,,,,,,,,,,,,,,,,,,,,,,,0.0,1.0,9.0,0.0,0.0,0.0,14.0,9.23,0.0,0.0,0.0,3.2284906306177197,170.167065324,12.0,0.0,5.883547808012094,59.482201678214835,1.4166666666666667,0.0,0.0,0.0,0.0,0.0,13.0,0.0,0.0,0.0,0.0,3.0,0.21428571428571427
C[C@@]12CCC3=C([C@H]1CCC2=O)CCc4c3ccc(c4)O,3.513052107594371,0.8890062409617775,1.0,2.0,0.0,4.0,3.0,1.0,20.0,37.3,0.75,0.0,0.0,1.8453761220239122,268.14632988,9.0,11.0,12.239360614233451,45.448666937246685,1.2,0.0,0.0,0.0,0.0,0.0,15.0,2.0,0.0,2.0,6.0,2.0,0.1,,,,,,,,,,,,,,,,,,,,,,,,,,,,,,
*O[Si](*)(F)OC(F)(F)C(F)(F)F,,,,,,,,,,,,,,,,,,,,,,,,,,,,,,,,,0.0,2.0,3.0,0.0,0.0,0.0,13.0,18.46,0.0,0.0,0.0,4.516592970185778,197.95717509000002,11.0,0.0,12.733541666666666,12.28488802712496,1.2727272727272727,6.0,6.0,0.0,0.0,0.0,12.0,0.0,0.0,0.0,0.0,11.0,0.8461538461538461
c1cc2c(nc1)C(=C3CC[NH2+]CC3)c4ccc(cc4CC2)Cl,3.3851548364766977,0.9140170727701543,1.0,1.0,0.0,4.0,2.0,2.0,22.0,29.5,0.5,2.0,5.316788604006331,1.9778513675729856,311.13095274009,8.0,14.0,6.23804806696341,25.683286491704038,0.9545454545454546,1.0,0.0,1.0,0.0,0.0,12.0,1.0,0.0,2.0,7.0,3.0,0.13636363636363635,,,,,,,,,,,,,,,,,,,,,,,,,,,,,,
*CC(*)OC([2H])(CCl)OCC,,,,,,,,,,,,,,,,,,,,,,,,,,,,,,,,,0.0,2.0,6.0,0.0,0.0,0.0,12.0,18.46,0.0,0.0,0.0,3.9392226723209633,151.051034018,9.0,0.0,7.694305555555555,26.720434732431062,2.111111111111111,1.0,0.0,1.0,0.0,0.0,11.0,0.0,0.0,0.0,0.0,6.0,0.5
Cc1c(cnc(c1O)C)CO,2.523268240806514,0.903544798137605,2.0,3.0,1.0,1.0,0.0,1.0,11.0,53.35000000000001,0.0,1.0,0.0,3.249228926486637,153.078978592,4.0,7.0,9.34462962962963,20.454356363894167,1.4545454545454546,0.0,0.0,0.0,0.0,0.0,5.0,0.0,0.0,0.0,6.0,3.0,0.2727272727272727,,,,,,,,,,,,,,,,,,,,,,,,,,,,,,
*NC(CC(=O)O)C(*)=O,,,,,,,,,,,,,,,,,,,,,,,,,,,,,,,,,2.0,3.0,4.0,0.0,0.0,0.0,10.0,66.4,0.0,0.0,5.733667477162185,3.8334832964994003,115.02694302,3.0,5.0,10.73574074074074,12.462662452073971,2.0,0.0,0.0,0.0,0.0,0.0,7.0,2.0,0.0,0.0,0.0,6.0,0.6
C[C@@H](C1=[NH+]CCN1)Oc2c(cccc2Cl)Cl,4.13912231549846,0.8920665678542933,2.0,2.0,3.0,2.0,1.0,1.0,16.0,35.230000000000004,0.0,1.0,15.04605629044205,2.1387546128267543,259.03994481609,6.0,10.0,6.0207673532375905,13.027703587438927,1.375,2.0,0.0,2.0,0.0,0.0,10.0,1.0,0.0,0.0,6.0,5.0,0.3125,,,,,,,,,,,,,,,,,,,,,,,,,,,,,,
*CCCCCCNC(=O)Cc1ccc(Cc2ccc(N(*)C#N)cc2)cc1,,,,,,,,,,,,,,,,,,,,,,,,,,,,,,,,,1.0,3.0,11.0,2.0,0.0,2.0,28.0,56.13,0.0,0.0,10.633577208012662,1.764580906379836,347.19976242,8.0,16.0,12.066074961643213,45.448666937246685,1.0,0.0,0.0,0.0,0.0,0.0,15.0,1.0,1.0,0.0,6.0,6.0,0.21428571428571427
COC(=O)[C@H](c1ccccc1)[C@@H]2CCCC[NH2+]2,3.9544906739327743,0.8496210700528549,1.0,2.0,3.0,2.0,1.0,1.0,17.0,42.91,0.0,1.0,5.316788604006331,2.2116443428545427,234.14885530009,8.0,9.0,11.969470899470899,31.22221174408738,1.3529411764705883,0.0,0.0,0.0,0.0,0.0,11.0,1.0,0.0,0.0,6.0,3.0,0.17647058823529413,,,,,,,,,,,,,,,,,,,,,,,,,,,,,,
*NNC(=O)c1ccccc1C(=O)OCCN(*)C,,,,,,,,,,,,,,,,,,,,,,,,,,,,,,,,,2.0,5.0,6.0,1.0,0.0,1.0,19.0,70.66999999999999,0.0,0.0,11.268461667376624,2.7603549414797772,235.095691276,5.0,12.0,11.950585789871504,0.0,1.4705882352941178,0.0,0.0,0.0,0.0,0.0,11.0,2.0,0.0,0.0,6.0,8.0,0.42105263157894735
CCOC(=O)[C@]1(CCC=C[C@@H]1[NH+](C)C)c2ccccc2,4.086525444783497,0.8596574914277112,1.0,2.0,4.0,2.0,1.0,1.0,20.0,30.740000000000002,0.0,0.0,4.899909730850478,2.5372041686928006,274.18015542809,9.0,11.0,12.76592970521542,31.222211744087385,1.35,0.0,0.0,0.0,0.0,0.0,13.0,2.0,0.0,0.0,6.0,3.0,0.15,,,,,,,,,,,,,,,,,,,,,,,,,,,,,,
*CCCCCCCCNC(=O)O*,,,,,,,,,,,,,,,,,,,,,,,,,,,,,,,,,1.0,2.0,8.0,0.0,0.0,0.0,14.0,38.33,0.0,0.0,5.316788604006331,2.9522169798466935,171.125928784,8.0,4.0,10.721954844648296,45.448666937246685,1.25,0.0,0.0,0.0,0.0,0.0,12.0,1.0,0.0,0.0,0.0,5.0,0.35714285714285715
CC(=O)Nc1ccc(cc1)OC(=O)C,1.51022916868809,0.8647931790659803,1.0,3.0,2.0,1.0,0.0,1.0,14.0,55.4,0.0,0.0,10.05365155780638,2.6799833621987537,193.073893212,2.0,12.0,10.679374658814144,13.847474399381248,1.1428571428571428,0.0,0.0,0.0,0.0,0.0,6.0,2.0,0.0,0.0,6.0,4.0,0.2857142857142857,,,,,,,,,,,,,,,,,,,,,,,,,,,,,,
*Oc1c(C)cc(Cc2ccc(NC(*)=O)cc2)cc1,,,,,,,,,,,,,,,,,,,,,,,,,,,,,,,,,1.0,2.0,4.0,2.0,0.0,2.0,20.0,38.33,0.0,0.0,10.423315998847038,2.0953930851304743,239.094628656,2.0,16.0,11.080216782289881,13.344558822616634,1.2777777777777777,0.0,0.0,0.0,0.0,0.0,8.0,1.0,0.0,0.0,6.0,5.0,0.25
CC[NH+](CC)CCOc1ccc2c(c1)sc(n2)N(C)C,3.3997613997870415,0.9084130144087902,1.0,4.0,7.0,2.0,0.0,2.0,20.0,29.800000000000004,0.5,1.0,14.536682415501005,2.003299720043511,294.16345980809,9.0,11.0,5.862440948601663,13.847474399381248,1.25,0.0,0.0,0.0,0.0,0.0,11.0,0.0,0.0,1.0,6.0,5.0,0.25,,,,,,,,,,,,,,,,,,,,,,,,,,,,,,
*CCCCCCCCCCOC(=O)NNC(=O)c1ccc(*)cc1,,,,,,,,,,,,,,,,,,,,,,,,,,,,,,,,,2.0,3.0,11.0,1.0,0.0,1.0,25.0,67.43,0.0,0.0,16.91794986268238,1.9822931171303966,318.194342692,10.0,13.0,11.845356899954746,58.29031018309871,0.9130434782608695,0.0,0.0,0.0,0.0,0.0,17.0,2.0,0.0,0.0,6.0,7.0,0.28
CNC(=O)c1ccc(c(c1)S(=O)(=O)NC)Cl,1.9126495742494303,0.8831386053449222,2.0,3.0,3.0,1.0,0.0,1.0,16.0,75.27,0.0,0.0,10.038883468458419,3.3550368066236005,262.017890892,5.0,11.0,11.557646919879062,4.895483475517775,1.3125,1.0,0.0,1.0,0.0,0.0,7.0,3.0,0.0,0.0,6.0,7.0,0.4375,,,,,,,,,,,,,,,,,,,,,,,,,,,,,,
*Oc1ccc(C(=O)Oc2ccc(Cc3ccc(C#Cc4ccc(O*)cc4)cc3)cc2)cc1,,,,,,,,,,,,,,,,,,,,,,,,,,,,,,,,,0.0,4.0,6.0,4.0,0.0,4.0,34.0,44.760000000000005,0.0,0.0,14.94991774348146,1.3360241667426402,418.12050905599995,1.0,29.0,12.33266984809817,6.4208216229260096,0.625,0.0,0.0,0.0,0.0,0.0,11.0,1.0,1.0,0.0,6.0,6.0,0.17647058823529413
c1ccc(cc1)C[NH+](CCCl)Cc2ccccc2,3.0722508396348758,0.8850265423471947,1.0,0.0,6.0,2.0,0.0,2.0,18.0,4.44,0.0,0.0,4.899909730850478,2.000003821545522,260.12005370809,6.0,12.0,5.907887727107303,13.08951281182515,0.7222222222222222,1.0,0.0,1.0,0.0,0.0,7.0,0.0,0.0,0.0,6.0,2.0,0.1111111111111111,,,,,,,,,,,,,,,,,,,,,,,,,,,,,,
*CCOCCCCCCOC(=O)CCCCCCCCC(=O)NCCCCCO*,,,,,,,,,,,,,,,,,,,,,,,,,,,,,,,,,1.0,5.0,24.0,0.0,0.0,0.0,31.0,73.86,0.0,0.0,5.316788604006331,3.2502707338744554,413.31412347599996,23.0,6.0,11.759213111116612,103.2360615435808,0.6896551724137931,0.0,0.0,0.0,0.0,0.0,28.0,2.0,0.0,0.0,0.0,8.0,0.25806451612903225
CN1c2ccccc2C(=O)N(c3c1cccc3)CC[NH+](C)C,2.929297054457228,0.8804147364210954,1.0,2.0,3.0,3.0,1.0,2.0,22.0,27.990000000000006,0.6666666666666666,1.0,14.699729192551434,2.1366187743187197,296.17573874409,6.0,16.0,13.047557634164775,0.0,0.9090909090909091,0.0,0.0,0.0,0.0,0.0,11.0,1.0,0.0,1.0,7.0,4.0,0.18181818181818182,,,,,,,,,,,,,,,,,,,,,,,,,,,,,,
*Oc1ccc(OC(=O)c2ccc(OCCCC)cc2)cc1*,,,,,,,,,,,,,,,,,,,,,,,,,,,,,,,,,0.0,4.0,7.0,2.0,0.0,2.0,23.0,44.760000000000005,0.0,0.0,20.646620370902415,1.9855082268550235,284.104858992,4.0,17.0,12.189977044460269,19.765380445542643,1.1904761904761905,0.0,0.0,0.0,0.0,0.0,11.0,1.0,0.0,0.0,6.0,6.0,0.2608695652173913
c1c(cc(c(c1C(=O)N)O)Br)Br,2.213644290936374,0.9082565507197279,2.0,2.0,1.0,1.0,0.0,1.0,12.0,63.32000000000001,0.0,0.0,5.733667477162185,3.3738590108748685,292.8687026,2.0,10.0,10.746759259259258,0.0,1.4166666666666667,2.0,0.0,0.0,2.0,0.0,5.0,1.0,0.0,0.0,6.0,5.0,0.4166666666666667,,,,,,,,,,,,,,,,,,,,,,,,,,,,,,
*Nc1ccc(C(=O)OCCCCCCCC[Si](C)(C)c2ccc(O*)cc2)cc1,,,,,,,,,,,,,,,,,,,,,,,,,,,,,,,,,1.0,4.0,13.0,2.0,0.0,2.0,30.0,47.56,0.0,0.0,16.02692051769035,1.531539000381566,397.207320382,11.0,17.0,12.038061447803798,57.66304822183471,0.9642857142857143,0.0,0.0,0.0,0.0,0.0,18.0,1.0,0.0,0.0,6.0,7.0,0.23333333333333334
c1ccc2c(c1)C(=O)C(=C(C2=O)[O-])CC=C(Cl)Cl,3.144308047655965,0.8737035853081337,0.0,3.0,2.0,2.0,1.0,1.0,18.0,57.2,0.5,0.0,5.106527394840706,2.4977328243712242,280.97777302391006,3.0,15.0,12.059719387755102,6.4208216229260096,1.1111111111111112,2.0,0.0,2.0,0.0,0.0,9.0,4.0,0.0,1.0,6.0,5.0,0.2777777777777778,,,,,,,,,,,,,,,,,,,,,,,,,,,,,,
*CC(*)C(=O)OCCCCCCCCCCCCC,,,,,,,,,,,,,,,,,,,,,,,,,,,,,,,,,0.0,2.0,14.0,0.0,0.0,0.0,20.0,26.3,0.0,0.0,0.0,3.114959291604098,254.2245802,15.0,3.0,11.536443549688169,90.89733387449338,1.0,0.0,0.0,0.0,0.0,0.0,18.0,1.0,0.0,0.0,0.0,4.0,0.2
c1ccc2c(c1)C(=C(C(=O)C2=O)CC=C(Cl)Cl)[O-],3.1979350492258227,0.8762813463357486,0.0,3.0,2.0,2.0,1.0,1.0,18.0,57.2,0.5,0.0,5.106527394840706,2.5518151205803488,280.97777302391,3.0,15.0,12.059719387755102,6.4208216229260096,1.1111111111111112,2.0,0.0,2.0,0.0,0.0,9.0,4.0,0.0,1.0,6.0,5.0,0.2777777777777778,,,,,,,,,,,,,,,,,,,,,,,,,,,,,,
*C(C)CCCCCCC(=O)NSNC(=O)c1ccc(C(=O)NCCCNC(=O)c2ccc(O*)cc2)cc1,,,,,,,,,,,,,,,,,,,,,,,,,,,,,,,,,4.0,6.0,17.0,2.0,0.0,2.0,39.0,125.63000000000001,0.0,0.0,25.184294331757542,1.5905766591319368,526.224991188,12.0,25.0,12.371359326122652,58.29031018309871,0.7837837837837838,0.0,0.0,0.0,0.0,0.0,24.0,4.0,0.0,0.0,6.0,12.0,0.3076923076923077
Cc1ccc(cc1)S(=O)(=O)N(Cl)Cl,2.2626184830405016,0.8975855335053476,0.0,2.0,2.0,1.0,0.0,1.0,13.0,37.38,0.0,0.0,0.0,3.170117703606814,238.957454824,5.0,8.0,11.305281557067271,11.819220675208399,1.1538461538461537,2.0,0.0,2.0,0.0,0.0,5.0,2.0,0.0,0.0,6.0,6.0,0.46153846153846156,,,,,,,,,,,,,,,,,,,,,,,,,,,,,,
*Sc1ccc(CC(=O)Nc2ccc(NC(=O)O*)cc2)cc1,,,,,,,,,,,,,,,,,,,,,,,,,,,,,,,,,2.0,4.0,5.0,2.0,0.0,2.0,23.0,67.43,0.0,0.0,10.633577208012662,1.8996848781300273,300.056863244,2.0,19.0,12.059899880496022,11.316305098443785,1.0476190476190477,0.0,0.0,0.0,0.0,0.0,10.0,2.0,0.0,0.0,6.0,8.0,0.34782608695652173
Cc1cc(c(c(c1Cl)C)Cl)O,2.2985519846488778,0.901303337101923,1.0,1.0,0.0,1.0,0.0,1.0,11.0,20.23,0.0,0.0,0.0,3.4555464838177836,189.995220236,4.0,7.0,9.214783950617285,13.847474399381248,1.1818181818181819,2.0,0.0,2.0,0.0,0.0,5.0,0.0,0.0,0.0,6.0,3.0,0.2727272727272727,,,,,,,,,,,,,,,,,,,,,,,,,,,,,,
*Oc1ccc(CCc2ccc(OC(=O)c3ccc([Si](C)(C)c4ccc(C(*)=O)cc4OC)cc3)cc2)cc1,,,,,,,,,,,,,,,,,,,,,,,,,,,,,,,,,0.0,5.0,10.0,4.0,0.0,4.0,39.0,61.83,0.0,0.0,24.953704593815722,1.3937230685812145,508.17060052599993,6.0,31.0,12.832040348565247,25.93566595321419,0.7837837837837838,0.0,0.0,0.0,0.0,0.0,16.0,2.0,0.0,0.0,6.0,8.0,0.20512820512820512
c1ccc(c(c1)CC(=O)[O-])Nc2c(cccc2Cl)Cl,2.375769407965736,0.8689164853947009,1.0,3.0,4.0,2.0,0.0,2.0,19.0,52.16,0.0,0.0,10.423315998847038,2.3558879442321032,294.00940749990997,3.0,16.0,10.716227289269618,6.4208216229260096,1.0526315789473684,2.0,0.0,2.0,0.0,0.0,7.0,1.0,0.0,0.0,6.0,5.0,0.2631578947368421,,,,,,,,,,,,,,,,,,,,,,,,,,,,,,
*CCCCCCCCNC(=O)CCCCCCCC(=O)S*,,,,,,,,,,,,,,,,,,,,,,,,,,,,,,,,,1.0,3.0,16.0,0.0,0.0,0.0,23.0,46.17,0.0,0.0,5.316788604006331,3.203075416298401,313.207550232,16.0,5.0,11.689488201693289,90.39441829772878,0.8095238095238095,0.0,0.0,0.0,0.0,0.0,20.0,2.0,0.0,0.0,0.0,6.0,0.2608695652173913
c1cc(c(c(c1)Cl)Cl)Nc2c(cccn2)C(=O)[O-],2.485191733684223,0.882891323662947,1.0,4.0,3.0,2.0,0.0,2.0,18.0,65.05,0.0,1.0,10.423315998847038,2.4024843007490344,280.98900640390997,2.0,16.0,10.913671562246297,0.0,1.2222222222222223,2.0,0.0,2.0,0.0,0.0,6.0,1.0,0.0,0.0,6.0,6.0,0.3333333333333333,,,,,,,,,,,,,,,,,,,,,,,,,,,,,,
*CCCCCCOC(=O)c1ccc(COc2ccc(C(=O)O*)cc2)cc1,,,,,,,,,,,,,,,,,,,,,,,,,,,,,,,,,0.0,5.0,11.0,2.0,0.0,2.0,28.0,61.83,0.0,0.0,4.736862953800049,1.7562524797776802,354.146723804,7.0,19.0,12.059114052690546,39.213905655907574,0.8461538461538461,0.0,0.0,0.0,0.0,0.0,15.0,2.0,0.0,0.0,6.0,7.0,0.25
C/C=C(/C(=C/C)/c1ccc(cc1)O)\c2ccc(cc2)O,2.350291866309947,0.8910466445465621,2.0,2.0,3.0,2.0,0.0,2.0,20.0,40.46,0.0,0.0,0.0,2.438615446571036,266.130679816,2.0,18.0,9.3926631067946,13.847474399381248,0.65,0.0,0.0,0.0,0.0,0.0,7.0,2.0,0.0,0.0,6.0,2.0,0.1,,,,,,,,,,,,,,,,,,,,,,,,,,,,,,
*C(=*)c1cccc(OC)c1,,,,,,,,,,,,,,,,,,,,,,,,,,,,,,,,,0.0,1.0,2.0,1.0,0.0,1.0,11.0,9.23,0.0,0.0,4.736862953800049,3.0058892189147386,119.049689844,1.0,8.0,5.147222222222222,0.0,1.7777777777777777,0.0,0.0,0.0,0.0,0.0,4.0,1.0,0.0,0.0,6.0,3.0,0.2727272727272727
CCOC(=O)c1ccccc1C(=O)OCC,1.5197799438798008,0.8305372929011474,0.0,4.0,4.0,1.0,0.0,1.0,16.0,52.60000000000001,0.0,0.0,0.0,2.9975148158911993,222.089208928,4.0,12.0,11.544212490551775,13.847474399381248,0.9375,0.0,0.0,0.0,0.0,0.0,8.0,2.0,0.0,0.0,6.0,4.0,0.25,,,,,,,,,,,,,,,,,,,,,,,,,,,,,,
*CCCCCCCCCCCCOC(=O)C(CCSCCCCCCCCCCCCC)C(=O)O*,,,,,,,,,,,,,,,,,,,,,,,,,,,,,,,,,0.0,5.0,29.0,0.0,0.0,0.0,37.0,52.60000000000001,0.0,0.0,0.0,3.683021655441107,512.3899312719999,29.0,6.0,12.48999222928818,155.10555010375353,0.6571428571428571,0.0,0.0,0.0,0.0,0.0,34.0,2.0,0.0,0.0,0.0,7.0,0.1891891891891892
CCN(CC)C(=O)N1CC[NH+](CC1)C,4.005918237514001,0.9109823126098044,1.0,1.0,2.0,1.0,1.0,0.0,14.0,27.990000000000006,0.0,1.0,4.899909730850478,2.4398181745183853,200.17573874408998,10.0,4.0,11.909633408919122,13.847474399381248,1.2857142857142858,0.0,0.0,0.0,0.0,0.0,13.0,1.0,0.0,0.0,6.0,4.0,0.2857142857142857,,,,,,,,,,,,,,,,,,,,,,,,,,,,,,
*COc1ccc(-c2ccc(/C=C/c3ccc(O*)cc3)cc2)cc1,,,,,,,,,,,,,,,,,,,,,,,,,,,,,,,,,0.0,2.0,6.0,3.0,0.0,3.0,25.0,18.46,0.0,0.0,9.843390348640755,1.6929673540007035,300.115029752,1.0,22.0,5.601921382970157,0.0,0.6956521739130435,0.0,0.0,0.0,0.0,0.0,8.0,1.0,0.0,0.0,6.0,4.0,0.16
CCN(CC)C(=S)SC,2.8176614520416106,0.9472314899841985,0.0,2.0,2.0,0.0,0.0,0.0,9.0,3.24,0.0,0.0,0.0,3.6437564476124793,163.048941416,6.0,3.0,5.063888888888888,13.847474399381248,1.4444444444444444,0.0,0.0,0.0,0.0,0.0,7.0,1.0,0.0,0.0,0.0,3.0,0.3333333333333333,,,,,,,,,,,,,,,,,,,,,,,,,,,,,,
*C/C=C/C1CC(*)C(C(C)CC)C2C(=O)OCC2CCCC1(C)C,,,,,,,,,,,,,,,,,,,,,,,,,,,,,,,,,0.0,2.0,4.0,2.0,2.0,0.0,25.0,26.3,0.5,1.0,0.0,2.3445053448277124,318.255880328,18.0,5.0,12.628830092241213,73.14361573600918,1.5217391304347827,0.0,0.0,0.0,0.0,0.0,24.0,2.0,0.0,1.0,10.0,4.0,0.16
CC/C(=C(/CC)\c1ccc(cc1)O)/c2ccc(cc2)O,2.139419888287968,0.8784389324819342,2.0,2.0,4.0,2.0,0.0,2.0,20.0,40.46,0.0,0.0,0.0,2.521517738794992,268.14632988,4.0,16.0,9.410679688427253,26.689117645233267,0.65,0.0,0.0,0.0,0.0,0.0,8.0,1.0,0.0,0.0,6.0,2.0,0.1,,,,,,,,,,,,,,,,,,,,,,,,,,,,,,
*CC(*)(C)C(=O)OCCOc1ccc(Cl)cc1,,,,,,,,,,,,,,,,,,,,,,,,,,,,,,,,,0.0,3.0,6.0,1.0,0.0,1.0,18.0,35.53,0.0,0.0,4.736862953800049,2.268871990759697,240.055321956,6.0,10.0,11.759092108989297,19.76538044554264,1.5,1.0,0.0,1.0,0.0,0.0,11.0,1.0,0.0,0.0,6.0,6.0,0.3333333333333333
CCN(CC)C(=O)c1cccc(c1)C,1.583118237514002,0.8564466943857115,0.0,1.0,3.0,1.0,0.0,1.0,14.0,20.310000000000002,0.0,0.0,0.0,2.8805938648817375,191.131014164,5.0,9.0,11.885092592592592,20.771211599071872,1.2857142857142858,0.0,0.0,0.0,0.0,0.0,7.0,1.0,0.0,0.0,6.0,2.0,0.14285714285714285,,,,,,,,,,,,,,,,,,,,,,,,,,,,,,
*CC(*)(C)C(=O)NCCCCC,,,,,,,,,,,,,,,,,,,,,,,,,,,,,,,,,1.0,1.0,6.0,0.0,0.0,0.0,13.0,29.1,0.0,0.0,5.316788604006331,3.621835628328137,155.131014164,8.0,3.0,11.650369897959184,45.95158251401129,1.7272727272727273,0.0,0.0,0.0,0.0,0.0,11.0,1.0,0.0,0.0,0.0,4.0,0.3076923076923077
c1ccc(cc1)c2ccc(cc2)CC(=O)Nc3ccccn3,1.6021430021571703,0.8723217159553377,1.0,2.0,4.0,3.0,0.0,3.0,22.0,41.99,0.0,1.0,5.316788604006331,1.649464952366749,288.126263132,1.0,21.0,11.98566345791454,6.4208216229260096,0.8181818181818182,0.0,0.0,0.0,0.0,0.0,5.0,1.0,0.0,0.0,6.0,3.0,0.13636363636363635,,,,,,,,,,,,,,,,,,,,,,,,,,,,,,
*CCOc1ccc(CNC(=O)CCc2ccc(CC(*)=O)cc2)cc1,,,,,,,,,,,,,,,,,,,,,,,,,,,,,,,,,1.0,3.0,10.0,2.0,0.0,2.0,26.0,55.4,0.0,0.0,10.05365155780638,1.7197810272422562,323.152143532,6.0,18.0,12.045149032064618,32.730958474381225,1.0,0.0,0.0,0.0,0.0,0.0,13.0,2.0,0.0,0.0,6.0,6.0,0.23076923076923078
c1cc(ccc1NC=O)S(=O)(=O)c2ccc(cc2)NC=O,2.2142188485938394,0.9149186770651849,2.0,4.0,6.0,2.0,0.0,2.0,21.0,92.34,0.0,0.0,10.633577208012662,2.316331900975307,304.051777864,1.0,20.0,12.39223828420257,9.79096695103555,0.6666666666666666,0.0,0.0,0.0,0.0,0.0,6.0,4.0,0.0,0.0,6.0,7.0,0.3333333333333333,,,,,,,,,,,,,,,,,,,,,,,,,,,,,,
*Cc1ccc([Si](*)(C)c2ccccc2)(C(F)(F)F)c1,,,,,,,,,,,,,,,,,,,,,,,,,,,,,,,,,0.0,0.0,3.0,2.0,1.0,1.0,20.0,0.0,0.0,0.0,5.186725645687458,2.6071598607156665,266.07386160600004,8.0,10.0,13.906157879818595,24.685311694202426,1.3333333333333333,3.0,3.0,0.0,0.0,0.0,13.0,2.0,0.0,0.0,6.0,6.0,0.3
c1ccc2c(c1)CN3C(=O)c4ccccc4CN3C2=O,2.4384462993702183,0.8851418648428682,0.0,2.0,0.0,4.0,2.0,2.0,20.0,40.620000000000005,0.75,2.0,0.0,1.8425469838360604,264.089877624,2.0,18.0,12.538364040060468,13.08951281182515,0.65,0.0,0.0,0.0,0.0,0.0,9.0,2.0,0.0,3.0,6.0,4.0,0.2,,,,,,,,,,,,,,,,,,,,,,,,,,,,,,
*CCCCCCCCCCCOC(=O)c1cccc(C(=O)O*)c1,,,,,,,,,,,,,,,,,,,,,,,,,,,,,,,,,0.0,4.0,13.0,1.0,0.0,1.0,25.0,52.60000000000001,0.0,0.0,0.0,2.100249965918235,318.18310931199994,11.0,12.0,12.013896426672297,64.71113180602472,0.8695652173913043,0.0,0.0,0.0,0.0,0.0,17.0,2.0,0.0,0.0,6.0,6.0,0.24
CN(c1ccc(cc1)OC(=O)c2ccco2)C(=O)C(Cl)Cl,2.353257944039596,0.8778258011795108,0.0,4.0,4.0,2.0,0.0,2.0,21.0,59.75,0.0,1.0,9.636772684650527,2.053515093430366,327.00651319200006,4.0,17.0,11.676133376036875,4.836269690250055,1.1904761904761905,2.0,0.0,2.0,0.0,0.0,9.0,2.0,0.0,0.0,6.0,7.0,0.3333333333333333,,,,,,,,,,,,,,,,,,,,,,,,,,,,,,
*/C=C(/*)[Si](C)(C)C,,,,,,,,,,,,,,,,,,,,,,,,,,,,,,,,,0.0,0.0,1.0,0.0,0.0,0.0,8.0,0.0,0.0,0.0,0.0,4.0288936847484,98.05517685,4.0,2.0,2.5895061728395063,19.64103406104326,1.8333333333333333,0.0,0.0,0.0,0.0,0.0,6.0,1.0,0.0,0.0,0.0,3.0,0.375
C/C(=C/C(=O)[O-])/c1ccc(cc1OC)OC,2.5490973125576346,0.8663369578513712,0.0,4.0,4.0,1.0,0.0,1.0,16.0,58.59,0.0,0.0,14.580253302440804,3.180604520657362,221.08193247591,3.0,13.0,10.452771006550769,6.923737199690624,1.3125,0.0,0.0,0.0,0.0,0.0,8.0,2.0,0.0,0.0,6.0,4.0,0.25,,,,,,,,,,,,,,,,,,,,,,,,,,,,,,
*CC(*)(C)C(=O)OCCCCCOc1ccc(C(=O)Oc2ccc(OC)cc2)cc1,,,,,,,,,,,,,,,,,,,,,,,,,,,,,,,,,0.0,6.0,12.0,2.0,0.0,2.0,31.0,71.06,0.0,0.0,14.210588861400147,1.6531681294470233,398.172938552,9.0,20.0,12.246940672201868,39.02784531432067,0.9310344827586207,0.0,0.0,0.0,0.0,0.0,18.0,2.0,0.0,0.0,6.0,8.0,0.25806451612903225
C/C(=C(/C)\c1ccc(cc1)O)/c2ccc(cc2)O,1.9643582474605736,0.8867639309319458,2.0,2.0,2.0,2.0,0.0,2.0,18.0,40.46,0.0,0.0,0.0,2.401563316170874,240.115029752,2.0,16.0,9.280780390745218,13.847474399381248,0.6111111111111112,0.0,0.0,0.0,0.0,0.0,6.0,1.0,0.0,0.0,6.0,2.0,0.1111111111111111,,,,,,,,,,,,,,,,,,,,,,,,,,,,,,
*CCCCCCCCNC(=O)C(=O)N*,,,,,,,,,,,,,,,,,,,,,,,,,,,,,,,,,2.0,2.0,8.0,0.0,0.0,0.0,16.0,58.2,0.0,0.0,11.050456081168516,3.206849260447779,198.136827816,8.0,6.0,11.071908548352,45.448666937246685,1.0,0.0,0.0,0.0,0.0,0.0,13.0,2.0,0.0,0.0,0.0,6.0,0.375
CCOP(=S)(OCC)Oc1cc(nc(n1)C(C)C)C,2.986167495560716,0.9113125341484659,0.0,6.0,7.0,1.0,0.0,1.0,19.0,53.47,0.0,1.0,4.5237471617118175,2.9903765648588534,304.101050162,11.0,8.0,5.684814814814814,40.53659204461451,1.2105263157894737,0.0,0.0,0.0,0.0,0.0,12.0,1.0,0.0,0.0,6.0,7.0,0.3684210526315789,,,,,,,,,,,,,,,,,,,,,,,,,,,,,,
*CC(*)(C)CC(=O)Oc1ccc(C(=O)OC(=O)c2ccc(F)cc2)cc1,,,,,,,,,,,,,,,,,,,,,,,,,,,,,,,,,0.0,5.0,6.0,2.0,0.0,2.0,27.0,69.67000000000002,0.0,0.0,4.736862953800049,1.9552368293188984,342.09035180000006,5.0,20.0,12.868538823495626,26.18620206846865,1.04,1.0,1.0,0.0,0.0,0.0,13.0,3.0,0.0,0.0,6.0,8.0,0.2962962962962963
c1ccc(c(c1)N)NC(=O)c2ccc(cc2)N,1.5659252356867093,0.8810694675449512,3.0,3.0,2.0,2.0,0.0,2.0,17.0,81.14,0.0,0.0,16.784123558330702,2.1730659798791323,227.105862036,0.0,17.0,11.8701171579743,0.0,0.9411764705882353,0.0,0.0,0.0,0.0,0.0,5.0,1.0,0.0,0.0,6.0,4.0,0.23529411764705882,,,,,,,,,,,,,,,,,,,,,,,,,,,,,,
*Nc1ccc(C(C)(C)c2ccc(*)cc2)cc1C,,,,,,,,,,,,,,,,,,,,,,,,,,,,,,,,,1.0,1.0,3.0,2.0,0.0,2.0,19.0,12.03,0.0,0.0,11.800034545623795,2.4348387626913954,223.136099544,4.0,13.0,3.4794027095839866,26.186202068468653,1.0588235294117647,0.0,0.0,0.0,0.0,0.0,8.0,0.0,0.0,0.0,6.0,3.0,0.15789473684210525
c1ccc(cc1)Cc2ccc(cc2)OC(=O)N,1.5911290622173215,0.8519185848930158,1.0,2.0,3.0,2.0,0.0,2.0,17.0,52.32,0.0,0.0,10.470530430962235,2.0575731487016373,227.094628656,1.0,16.0,10.544658175802205,6.4208216229260096,0.9411764705882353,0.0,0.0,0.0,0.0,0.0,5.0,1.0,0.0,0.0,6.0,3.0,0.17647058823529413,,,,,,,,,,,,,,,,,,,,,,,,,,,,,,
*CCCCCc1nnc(*)nc1OCC,,,,,,,,,,,,,,,,,,,,,,,,,,,,,,,,,0.0,4.0,7.0,1.0,0.0,1.0,16.0,47.900000000000006,0.0,1.0,11.06418302856459,2.557015198305486,193.1215121,7.0,7.0,5.513578672209625,39.53076089108528,1.3571428571428572,0.0,0.0,0.0,0.0,0.0,10.0,0.0,0.0,0.0,6.0,6.0,0.375
C[NH+]1[C@@H]2CC[C@H]1CC(C2)OC(=O)C(c3ccccc3)c4ccccc4,4.888018269263223,0.8484968392591459,1.0,2.0,4.0,4.0,2.0,2.0,25.0,30.740000000000002,0.25,2.0,4.899909730850478,1.5457105699893459,336.19580549208996,10.0,15.0,13.098595521541952,49.78884058390966,0.92,0.0,0.0,0.0,0.0,0.0,15.0,1.0,0.0,1.0,6.0,3.0,0.12,,,,,,,,,,,,,,,,,,,,,,,,,,,,,,
*CC#COc1ccc(-c2ccc(OC(=O)c3ccc(C(*)=O)cc3)cc2)cc1,,,,,,,,,,,,,,,,,,,,,,,,,,,,,,,,,0.0,4.0,5.0,3.0,0.0,3.0,29.0,52.6,0.0,0.0,9.473725907600098,1.6482401092772312,354.089208928,1.0,24.0,12.283152309955405,6.923737199690624,0.8148148148148148,0.0,0.0,0.0,0.0,0.0,10.0,2.0,1.0,0.0,6.0,6.0,0.20689655172413793
CC(=O)Oc1cccc(c1OC(=O)C)C(=O)[O-],2.6259742741482484,0.8585586200779824,0.0,6.0,3.0,1.0,0.0,1.0,17.0,92.73,0.0,0.0,14.580253302440804,3.2764661501470376,237.04046158791002,2.0,15.0,10.849935279667422,13.847474399381248,1.0588235294117647,0.0,0.0,0.0,0.0,0.0,8.0,3.0,0.0,0.0,6.0,6.0,0.35294117647058826,,,,,,,,,,,,,,,,,,,,,,,,,,,,,,
*OC(CO*)=O,,,,,,,,,,,,,,,,,,,,,,,,,,,,,,,,,0.0,3.0,2.0,0.0,0.0,0.0,7.0,35.53,0.0,0.0,0.0,3.002590528674132,74.00039392400001,2.0,3.0,10.167083333333334,0.0,2.2,0.0,0.0,0.0,0.0,0.0,5.0,1.0,0.0,0.0,0.0,5.0,0.7142857142857143
c1ccc2c(c1)ccc(c2Br)O,1.7936895252087428,0.8935904055013699,1.0,1.0,0.0,2.0,0.0,2.0,12.0,20.23,0.5,0.0,0.0,2.9077745072579817,221.968026944,1.0,11.0,9.370405801209372,0.0,1.0,1.0,0.0,0.0,1.0,0.0,2.0,0.0,0.0,1.0,6.0,2.0,0.16666666666666666,,,,,,,,,,,,,,,,,,,,,,,,,,,,,,
*Oc1ccc(S(=O)(=O)c2ccc(Oc3ccc(C(=O)c4ccc(*)cc4)cc3)cc2)cc1C,,,,,,,,,,,,,,,,,,,,,,,,,,,,,,,,,0.0,5.0,7.0,4.0,0.0,4.0,34.0,69.67000000000002,0.0,0.0,15.909757417102366,1.4756685170648676,442.087494676,2.0,30.0,12.997666092394354,16.714704150726174,0.78125,0.0,0.0,0.0,0.0,0.0,10.0,3.0,0.0,0.0,6.0,8.0,0.23529411764705882
c1cc2c(c(c1)O)C(=O)c3c(cccc3O)C2,2.2618531203020957,0.882032669818211,2.0,3.0,0.0,3.0,1.0,2.0,17.0,57.53,0.6666666666666666,0.0,0.0,2.295820960091691,226.06299418,1.0,16.0,12.22962962962963,6.4208216229260096,0.8235294117647058,0.0,0.0,0.0,0.0,0.0,6.0,1.0,0.0,2.0,6.0,3.0,0.17647058823529413,,,,,,,,,,,,,,,,,,,,,,,,,,,,,,
*CCNC(=O)CCC(=O)N*,,,,,,,,,,,,,,,,,,,,,,,,,,,,,,,,,2.0,2.0,5.0,0.0,0.0,0.0,12.0,58.2,0.0,0.0,11.050456081168516,3.370046376365345,142.07422756,4.0,6.0,10.979393424036282,19.765380445542643,1.4,0.0,0.0,0.0,0.0,0.0,9.0,2.0,0.0,0.0,0.0,6.0,0.5
c1cc2cc3cccc(c3c(c2c(c1)O)O)O,2.2503261972251725,0.895338372710897,3.0,3.0,0.0,3.0,0.0,3.0,17.0,60.69,0.6666666666666666,0.0,0.0,2.6360220803432624,226.06299418,0.0,17.0,10.151851851851852,0.0,0.6470588235294118,0.0,0.0,0.0,0.0,0.0,3.0,0.0,0.0,2.0,6.0,3.0,0.17647058823529413,,,,,,,,,,,,,,,,,,,,,,,,,,,,,,
*O[Si](C)(C)C[Si](C)(C)c1ccc(*)cc1,,,,,,,,,,,,,,,,,,,,,,,,,,,,,,,,,0.0,1.0,4.0,1.0,0.0,1.0,16.0,9.23,0.0,0.0,11.25309271414907,2.8890427329191377,222.089618256,8.0,6.0,5.95469285399345,31.85541534563128,1.2142857142857142,0.0,0.0,0.0,0.0,0.0,10.0,0.0,0.0,0.0,6.0,5.0,0.3125
CCCN(CCC)S(=O)(=O)c1ccc(cc1)C,1.7894210968907238,0.8936459004603697,0.0,2.0,6.0,1.0,0.0,1.0,17.0,37.38,0.0,0.0,0.0,3.022310156528862,255.129299912,9.0,8.0,12.349448223733937,38.508338320441666,1.0,0.0,0.0,0.0,0.0,0.0,9.0,2.0,0.0,0.0,6.0,4.0,0.23529411764705882,,,,,,,,,,,,,,,,,,,,,,,,,,,,,,
*C1=C(C#N)OC(=O)CC1C(=O)Oc1ccc(C(=O)O*)cc1,,,,,,,,,,,,,,,,,,,,,,,,,,,,,,,,,0.0,7.0,3.0,2.0,1.0,1.0,23.0,102.69000000000001,0.0,1.0,4.736862953800049,2.140934032833643,285.02733694400007,2.0,17.0,12.244730095742,6.4208216229260096,1.4285714285714286,0.0,0.0,0.0,0.0,0.0,13.0,4.0,1.0,0.0,6.0,9.0,0.391304347826087
CCc1c(n2cc(nc2nc1OC)C(=O)c3ccccc3)C,2.5366670296433327,0.8670772066954663,0.0,5.0,4.0,3.0,0.0,3.0,22.0,56.49,0.3333333333333333,2.0,4.736862953800049,2.142093650582988,295.132076784,4.0,18.0,12.50130968127992,20.268296022307258,1.2272727272727273,0.0,0.0,0.0,0.0,0.0,7.0,1.0,0.0,1.0,6.0,5.0,0.22727272727272727,,,,,,,,,,,,,,,,,,,,,,,,,,,,,,
*Oc1ccc(CC(NC(=O)CCc2ccc(OC(=O)CCCC(C)CC(*)=O)cc2)C(=O)OCC)cc1,,,,,,,,,,,,,,,,,,,,,,,,,,,,,,,,,1.0,7.0,16.0,2.0,0.0,2.0,38.0,107.99999999999999,0.0,0.0,15.160178952647087,1.8118832395575273,495.2257023959999,12.0,24.0,12.630632209557595,64.83506658901128,0.9722222222222222,0.0,0.0,0.0,0.0,0.0,23.0,4.0,0.0,0.0,6.0,10.0,0.2631578947368421
C[NH+](C)CC/C=C\1/c2ccccc2CSc3c1cccc3,3.2510917919328,0.8954696746587913,1.0,1.0,3.0,3.0,1.0,2.0,21.0,4.44,0.6666666666666666,1.0,4.899909730850478,2.065949702723201,296.14674712409,7.0,14.0,2.4271296296296296,17.069158705190574,1.0,0.0,0.0,0.0,0.0,0.0,10.0,1.0,0.0,1.0,7.0,2.0,0.09523809523809523,,,,,,,,,,,,,,,,,,,,,,,,,,,,,,
*CC(*)OC(=O)C,,,,,,,,,,,,,,,,,,,,,,,,,,,,,,,,,0.0,2.0,2.0,0.0,0.0,0.0,8.0,26.3,0.0,0.0,0.0,3.2364267831001374,86.036779432,3.0,3.0,10.258611111111112,20.454356363894167,2.5,0.0,0.0,0.0,0.0,0.0,6.0,1.0,0.0,0.0,0.0,4.0,0.5
C[NH+](C)CC/C=C/1\c2ccccc2COc3c1cccc3,3.1375737591459147,0.8907747279977978,1.0,1.0,3.0,3.0,1.0,2.0,21.0,13.670000000000002,0.6666666666666666,1.0,9.636772684650527,2.065949702723201,280.16959074409,6.0,15.0,5.986545493197278,13.027703587438928,1.0,0.0,0.0,0.0,0.0,0.0,10.0,1.0,0.0,1.0,7.0,2.0,0.09523809523809523,,,,,,,,,,,,,,,,,,,,,,,,,,,,,,
*=Cc1ccc(/C=C/c2ccc(/C=C=C/C(=*)c3ccccc3)cc2)cc1,,,,,,,,,,,,,,,,,,,,,,,,,,,,,,,,,0.0,0.0,6.0,3.0,0.0,3.0,27.0,0.0,0.0,0.0,0.0,1.6389681804472003,318.140850576,0.0,24.0,3.347616314506473,0.0,0.72,0.0,0.0,0.0,0.0,0.0,6.0,5.0,0.0,0.0,6.0,2.0,0.07407407407407407
C[C@H]1[C@@H]([C@@H]([C@H](O1)n2cc(c(=O)[nH]c2=O)F)O)O,3.610332741690428,0.914736807964086,3.0,6.0,1.0,2.0,1.0,1.0,17.0,104.55000000000001,0.0,2.0,11.24901029325548,2.4558487803979276,246.065199672,9.0,8.0,13.030841836734693,31.4635375336704,1.411764705882353,1.0,1.0,0.0,0.0,0.0,10.0,2.0,0.0,0.0,6.0,8.0,0.47058823529411764,,,,,,,,,,,,,,,,,,,,,,,,,,,,,,
*Oc1ccc(CC(NC(=O)CCc2ccc(OC(=O)CCCCC(*)=O)cc2)C(=O)OCC(C)CC)cc1,,,,,,,,,,,,,,,,,,,,,,,,,,,,,,,,,1.0,7.0,17.0,2.0,0.0,2.0,39.0,107.99999999999999,0.0,0.0,15.160178952647087,1.8829838033083022,509.2413524599999,13.0,24.0,12.83390155339314,71.25588821193729,0.918918918918919,0.0,0.0,0.0,0.0,0.0,24.0,4.0,0.0,0.0,6.0,10.0,0.2564102564102564
Cc1ccc(c(c1)n2nc3ccccc3n2)O,2.023018858135689,0.8792129411874847,1.0,4.0,1.0,3.0,0.0,3.0,17.0,50.94,0.3333333333333333,1.0,0.0,2.2315746374291385,225.090211972,1.0,16.0,9.812709750566894,6.923737199690624,1.0,0.0,0.0,0.0,0.0,0.0,3.0,0.0,0.0,1.0,6.0,4.0,0.23529411764705882,,,,,,,,,,,,,,,,,,,,,,,,,,,,,,
*/C=C(/*)CCCCCCCC,,,,,,,,,,,,,,,,,,,,,,,,,,,,,,,,,0.0,0.0,7.0,0.0,0.0,0.0,12.0,0.0,0.0,0.0,0.0,3.0049808129882534,138.140850576,8.0,2.0,2.5893283100277147,51.8694885601727,1.3,0.0,0.0,0.0,0.0,0.0,10.0,1.0,0.0,0.0,0.0,2.0,0.16666666666666666
CCn1cc(c(=O)c2c1cc3c(c2)OCC3)C(=O)[O-],2.9266530073851857,0.8868262279657284,0.0,5.0,2.0,3.0,1.0,2.0,19.0,71.36,0.6666666666666666,2.0,15.272180740541296,2.429100337665146,258.07718144391004,4.0,15.0,12.148197278911564,19.88931522852921,1.4736842105263157,0.0,0.0,0.0,0.0,0.0,8.0,2.0,0.0,2.0,6.0,5.0,0.2631578947368421,,,,,,,,,,,,,,,,,,,,,,,,,,,,,,
*CCCCCC(=O)NCCCCCCCNCC(=O)O*,,,,,,,,,,,,,,,,,,,,,,,,,,,,,,,,,2.0,4.0,15.0,0.0,0.0,0.0,22.0,67.43,0.0,0.0,10.633577208012662,3.1613657597081906,284.209992756,14.0,6.0,11.55604505250349,64.71113180602472,0.95,0.0,0.0,0.0,0.0,0.0,19.0,2.0,0.0,0.0,0.0,7.0,0.3181818181818182
CC[N+](C)(C)c1cccc(c1)O,2.9530776191001458,0.8745204548061368,1.0,1.0,2.0,1.0,0.0,1.0,12.0,20.23,0.0,0.0,4.483030857694624,3.0265351650364956,166.12264055209,5.0,7.0,9.261910430839002,6.923737199690624,1.3333333333333333,0.0,0.0,0.0,0.0,0.0,6.0,0.0,0.0,0.0,6.0,2.0,0.16666666666666666,,,,,,,,,,,,,,,,,,,,,,,,,,,,,,
*c1ccc([Si](*)(C)CC)cc1,,,,,,,,,,,,,,,,,,,,,,,,,,,,,,,,,0.0,0.0,2.0,1.0,0.0,1.0,12.0,0.0,0.0,0.0,11.25309271414907,2.9642864574405583,148.070826914,4.0,6.0,2.559760015117158,19.514844330288184,1.5,0.0,0.0,0.0,0.0,0.0,6.0,0.0,0.0,0.0,6.0,3.0,0.25
CCOC(=O)COc1ccc2c(=O)cc(oc2c1)c3ccccc3,1.9759070514816557,0.8616059012412188,0.0,5.0,5.0,3.0,0.0,3.0,24.0,65.74000000000001,0.3333333333333333,1.0,10.16565334570059,1.9304904149577171,324.09977361200004,3.0,21.0,12.260500500564984,6.923737199690624,1.0833333333333333,0.0,0.0,0.0,0.0,0.0,7.0,2.0,0.0,1.0,6.0,5.0,0.20833333333333334,,,,,,,,,,,,,,,,,,,,,,,,,,,,,,
*CN(*)C(=O)c1ccc(Br)cc1,,,,,,,,,,,,,,,,,,,,,,,,,,,,,,,,,0.0,1.0,2.0,1.0,0.0,1.0,13.0,20.310000000000002,0.0,0.0,0.0,2.834148723795671,210.963275912,2.0,9.0,11.70011432350718,0.0,1.6363636363636365,1.0,0.0,0.0,1.0,0.0,6.0,1.0,0.0,0.0,6.0,5.0,0.38461538461538464
c1cc(c(c(c1)Cl)Nc2cscc2CC(=O)[O-])Cl,2.959757579838069,0.8799801480251266,1.0,4.0,4.0,2.0,0.0,2.0,18.0,52.16,0.0,1.0,10.423315998847038,2.290253224882174,299.96582843591,3.0,15.0,10.618816102572715,6.4208216229260096,1.2777777777777777,2.0,0.0,2.0,0.0,0.0,7.0,1.0,0.0,0.0,6.0,6.0,0.3333333333333333,,,,,,,,,,,,,,,,,,,,,,,,,,,,,,
*CC(C)(CO*)c1cccc(O)c1,,,,,,,,,,,,,,,,,,,,,,,,,,,,,,,,,1.0,2.0,4.0,1.0,0.0,1.0,14.0,29.46,0.0,0.0,0.0,2.989815491975248,164.083729624,5.0,7.0,9.435352891156462,19.26246486877803,1.75,0.0,0.0,0.0,0.0,0.0,8.0,0.0,0.0,0.0,6.0,4.0,0.2857142857142857
c1cc(c2c(c1)OCCO2)N3CC[NH2+]CC3,3.500720590732948,0.9188301116437569,1.0,3.0,1.0,3.0,2.0,1.0,16.0,38.31,0.3333333333333333,2.0,19.690424242456906,1.92788520102297,221.12845420409,7.0,9.0,5.730936318972033,0.0,1.0625,0.0,0.0,0.0,0.0,0.0,12.0,0.0,0.0,1.0,6.0,4.0,0.25,,,,,,,,,,,,,,,,,,,,,,,,,,,,,,
*c1ccc2c(c1)C(=O)N(c1ccc(Oc3ccc(C4(c5ccc(Oc6ccc(N7C(=O)c8ccc(C(*)(C(F)(F)F)C8=O)cc7C6=O)cc5)cc4)C(F)(F)F)cc3)cc1)C2=O,,,,,,,,,,,,,,,,,,,,,,,,,,,,,,,,,0.0,7.0,4.0,10.0,7.0,3.0,62.0,110.28999999999999,0.8,5.0,15.703139753112136,1.04500291966977,816.1331203640002,10.0,50.0,15.754776729473239,23.68549355044512,0.6666666666666666,6.0,6.0,0.0,0.0,0.0,38.0,14.0,0.0,5.0,11.0,17.0,0.27419354838709675
CCOc1c(cnn(c1=O)C)N2CCOCC2,2.339954081840556,0.9011281209748623,0.0,6.0,3.0,2.0,1.0,1.0,17.0,56.59,0.0,2.0,15.196039579702536,2.373745323523487,239.126991404,8.0,9.0,11.939686555177627,6.923737199690624,1.4705882352941178,0.0,0.0,0.0,0.0,0.0,11.0,1.0,0.0,0.0,6.0,6.0,0.35294117647058826,,,,,,,,,,,,,,,,,,,,,,,,,,,,,,
*CCCCCCCCCCCCCCCCCCCCCCCCNC(=O)CCCCCCCCCCCCCCCCCCCCCCCCCNC(=O)CCCCCCCCCCCCCCC(=O)N*,,,,,,,,,,,,,,,,,,,,,,,,,,,,,,,,,3.0,3.0,65.0,0.0,0.0,0.0,74.0,87.30000000000001,0.0,0.0,16.367244685174846,3.187039496007275,1012.003394988,63.0,9.0,12.254079727635663,392.17303457525077,0.20833333333333334,0.0,0.0,0.0,0.0,0.0,70.0,3.0,0.0,0.0,0.0,8.0,0.10810810810810811
c1ccc(cc1)CCNc2ccccc2C(=O)[O-],2.029163650843987,0.8672545112194083,1.0,3.0,5.0,2.0,0.0,2.0,18.0,52.16,0.0,0.0,10.423315998847038,1.9656520469819898,240.10300226791,2.0,16.0,10.903783261391485,6.4208216229260096,1.0,0.0,0.0,0.0,0.0,0.0,6.0,1.0,0.0,0.0,6.0,3.0,0.16666666666666666,,,,,,,,,,,,,,,,,,,,,,,,,,,,,,
*C#CCCCCCOC(=O)/C=C/CC(=O)O*,,,,,,,,,,,,,,,,,,,,,,,,,,,,,,,,,0.0,4.0,8.0,0.0,0.0,0.0,18.0,52.60000000000001,0.0,0.0,0.0,3.463278946526223,222.089208928,6.0,8.0,11.188457005506518,32.10410811463005,1.375,0.0,0.0,0.0,0.0,0.0,13.0,3.0,1.0,0.0,0.0,6.0,0.3333333333333333
c1cc(cc(c1)O)C[C@@H]2COC(=O)[C@H]2Cc3cccc(c3)O,3.116878061523872,0.8755256350840903,2.0,4.0,4.0,3.0,1.0,2.0,22.0,66.76,0.0,1.0,0.0,1.7449026625508384,298.12050905599995,5.0,17.0,11.997026171579744,12.841643245852019,0.9545454545454546,0.0,0.0,0.0,0.0,0.0,11.0,1.0,0.0,0.0,6.0,4.0,0.18181818181818182,,,,,,,,,,,,,,,,,,,,,,,,,,,,,,
*/C(C)=C(\*)c1ccccc1,,,,,,,,,,,,,,,,,,,,,,,,,,,,,,,,,0.0,0.0,1.0,1.0,0.0,1.0,11.0,0.0,0.0,0.0,0.0,3.044448933672878,116.062600256,1.0,8.0,2.314814814814815,6.923737199690624,1.3333333333333333,0.0,0.0,0.0,0.0,0.0,4.0,1.0,0.0,0.0,6.0,2.0,0.18181818181818182
C[C@@]12CC[C@H]3c4ccc(cc4CC[C@@H]3[C@H]1C[C@H]([C@H]2O)O)OC,3.7453241173057528,0.8976997960317664,2.0,3.0,1.0,4.0,3.0,1.0,22.0,49.69,0.75,0.0,4.736862953800049,1.6851179244267864,302.18819469199997,15.0,7.0,10.439444068337465,57.15368413597868,1.2272727272727273,0.0,0.0,0.0,0.0,0.0,19.0,0.0,0.0,2.0,6.0,3.0,0.13636363636363635,,,,,,,,,,,,,,,,,,,,,,,,,,,,,,
