polymer_idx,feature,shap_value
1,fingerprint_H_bit_12,10.320426894330865
1,fingerprint_H_bit_177,8.438444507491202
1,poly_num_aromatic_rings_sum_backbonefeaturizer,4.317181538107787
1,poly_slogp_vsa1_sum_fullpolymerfeaturizer,3.7318010766446155
1,homo_eV_H,3.2735667488066134
1,poly_max_estate_index_sidechainfeaturizer_sum,2.888076380166504
1,poly_balaban_j_index_sidechainfeaturizer_sum,2.863207078589222
1,fingerprint_H_bit_120,2.6085845704058466
1,fingerprint_H_bit_147,2.572972321674802
1,fingerprint_H_bit_222,2.3574978091166288
1,poly_num_atoms_sum_backbonefeaturizer,2.310162995068051
1,poly_slogp_vsa1_sum_backbonefeaturizer,2.22972029831933
1,poly_molecular_weight_sum_backbonefeaturizer,2.0809871443843995
1,fingerprint_H_bit_128,2.008498989382872
1,drug_fingerprint_bit_138,1.9672555705546926
1,poly_sp2_carbon_count_sum_backbonefeaturizer,1.9142534602502683
1,poly_num_rings_sum_backbonefeaturizer,1.8716814093171867
1,drug_charge_at_WATER_PH,1.8483461401049943
1,fingerprint_H_bit_53,1.8388528921320586
1,poly_single_bonds_sum_backbonefeaturizer,1.825530334540717
1,poly_fp_density_morgan1_sum_backbonefeaturizer,1.6654372506045367
1,logd_at_WATER_PH_H,1.655216997490521
1,poly_num_rotatable_bonds_sum_backbonefeaturizer,1.597608072987029
1,fingerprint_H_bit_78,1.4507352978032912
1,fingerprint_H_bit_133,1.4267203300269322
1,fingerprint_H_bit_139,1.426346165271424
1,poly_heteroatom_density_sidechainfeaturizer_sum,1.3425928841859462
1,fingerprint_H_bit_113,1.3253318713843638
1,drug_fingerprint_bit_111,1.325039445226404
1,drug_logp,1.316196183574263
1,fingerprint_H_bit_183,1.3058453367615839
1,fingerprint_H_bit_197,1.2999579337457965
1,poly_sp2_carbon_count_sidechainfeaturizer_sum,1.2607566107779538
1,poly_molecular_weight_sidechainfeaturizer_sum,1.2345870495408264
1,fingerprint_H_bit_236,1.2253800877805117
1,drug_fingerprint_bit_81,1.2227453079999824
1,poly_num_rings_sum_fullpolymerfeaturizer,1.2130407806537815
1,poly_num_hbond_donors_sum_backbonefeaturizer,1.1708722521936965
1,fingerprint_H_bit_33,1.1373070139618056
1,fingerprint_H_bit_100,1.135922970055564
1,fingerprint_H_bit_58,1.044783071641658
1,poly_fp_density_morgan1_sidechainfeaturizer_sum,1.0422588591160482
1,fingerprint_H_bit_204,1.0361527568810676
1,drug_fingerprint_bit_110,1.0239390524679282
1,fingerprint_H_bit_167,1.0135770800273554
1,poly_topological_surface_area_sum_backbonefeaturizer,1.0063405988631182
1,fingerprint_H_bit_214,0.9921119252547045
1,fingerprint_H_bit_213,0.9632424120949575
1,poly_heteroatom_count_sum_backbonefeaturizer,0.9347899725497395
1,fingerprint_H_bit_151,0.9228793036841821
1,drug_fingerprint_bit_91,0.9191752437859083
1,poly_double_bonds_sum_backbonefeaturizer,0.8903656571114957
1,drug_sp2_carbon_count_sum_fullmolecularfeaturizer,0.8797075915869421
1,fingerprint_H_bit_118,0.8700154053583972
1,poly_fp_density_morgan1_sum_fullpolymerfeaturizer,0.8515156142702728
1,poly_num_hbond_acceptors_sidechainfeaturizer_sum,0.8025858543201246
1,drug_fingerprint_bit_214,0.7724366651038359
1,poly_num_aromatic_rings_sidechainfeaturizer_sum,0.757442828667109
1,poly_num_hbond_donors_sidechainfeaturizer_sum,0.756258118664569
1,fingerprint_H_bit_217,0.7559768365290672
1,poly_sp3_carbon_count_sum_backbonefeaturizer,0.7545891755891397
1,poly_num_atoms_sidechainfeaturizer_sum,0.7343906918783111
1,fingerprint_H_bit_48,0.7317145357776527
1,fingerprint_H_bit_81,0.6991067714438807
1,drug_num_aromatic_rings_sum_fullmolecularfeaturizer,0.6923447295722873
1,drug_fingerprint_bit_33,0.6882486942676361
1,poly_smr_vsa5_sum_backbonefeaturizer,0.6662613461147746
1,fingerprint_H_bit_56,0.6653933527339715
1,fingerprint_H_bit_245,0.6624020106775159
1,fingerprint_H_bit_1,0.6585225956620321
1,drug_num_hbond_donors_sum_fullmolecularfeaturizer,0.6331822847146309
1,drug_fingerprint_bit_147,0.6318000805892782
1,poly_heteroatom_count_sidechainfeaturizer_sum,0.6183831432643015
1,drug_fingerprint_bit_64,0.6165559260074348
1,poly_num_hbond_acceptors_sum_backbonefeaturizer,0.6115786049919143
1,poly_smr_vsa5_sidechainfeaturizer_sum,0.6089960760296675
1,poly_sp3_carbon_count_sidechainfeaturizer_sum,0.6050101094505539
1,fingerprint_H_bit_182,0.5719201583223267
1,fingerprint_H_bit_28,0.5395367733388101
1,drug_total_halogens_sum_fullmolecularfeaturizer,0.5164600622364335
1,drug_topological_surface_area_sum_fullmolecularfeaturizer,0.48548936108694296
1,fingerprint_H_bit_232,0.4766855164836502
1,poly_max_ring_size_sum_backbonefeaturizer,0.46962441752401557
1,drug_fingerprint_bit_11,0.4634723180750799
1,drug_fingerprint_bit_22,0.46080283210391376
1,fingerprint_H_bit_67,0.45990901182407345
1,drug_fingerprint_bit_201,0.45896929008921195
1,fingerprint_H_bit_155,0.4518819073836394
1,drug_fingerprint_bit_213,0.44835579781348994
1,drug_fingerprint_bit_159,0.4437985427795411
1,poly_max_ring_size_sidechainfeaturizer_sum,0.4408436178117613
1,drug_fingerprint_bit_188,0.4372834789337755
1,drug_fingerprint_bit_46,0.43409150702225446
1,poly_num_aromatic_rings_sum_fullpolymerfeaturizer,0.4223986895174989
1,drug_fingerprint_bit_6,0.41782446468180956
1,drug_num_rings_sum_fullmolecularfeaturizer,0.41667269744029095
1,drug_fingerprint_bit_128,0.40259703919761236
1,drug_fingerprint_bit_139,0.39376294153332536
1,fingerprint_H_bit_119,0.37838258377632267
1,drug_fingerprint_bit_74,0.3774197506737931
1,poly_single_bonds_sidechainfeaturizer_sum,0.37660535373211257
1,poly_heteroatom_density_sum_fullpolymerfeaturizer,0.3717433303987695
1,drug_fingerprint_bit_95,0.37132864636606777
1,drug_fingerprint_bit_226,0.3682413384972792
1,poly_num_rings_sidechainfeaturizer_sum,0.3650074972889036
1,drug_fingerprint_bit_73,0.3625567345701925
1,drug_bridging_rings_count_sum_fullmolecularfeaturizer,0.3547541595507641
1,poly_sp2_carbon_count_sum_fullpolymerfeaturizer,0.344541711592011
1,drug_fingerprint_bit_115,0.3368896474962814
1,drug_fingerprint_bit_249,0.32789877144562535
1,drug_fingerprint_bit_203,0.3225112168141183
1,drug_fingerprint_bit_160,0.3220578016597585
1,fingerprint_H_bit_41,0.3142873059443841
1,drug_fingerprint_bit_24,0.3035044221002778
1,drug_fingerprint_bit_164,0.3032179885752603
1,poly_topological_surface_area_sidechainfeaturizer_sum,0.2972019184264892
1,fingerprint_H_bit_64,0.29712802576164427
1,fingerprint_H_bit_121,0.29412286649272057
1,drug_fingerprint_bit_180,0.2927254859068769
1,drug_fingerprint_bit_155,0.2907725197108739
1,poly_num_rotatable_bonds_sidechainfeaturizer_sum,0.2897937935724738
1,fingerprint_H_bit_159,0.28148222564649944
1,fingerprint_H_bit_226,0.275747520353606
1,drug_single_bonds_sum_fullmolecularfeaturizer,0.27287006927510316
1,drug_fingerprint_bit_250,0.2722869526465686
1,drug_max_estate_index_sum_fullmolecularfeaturizer,0.2702510117855571
1,drug_fingerprint_bit_63,0.26991733032612336
1,drug_balaban_j_index_sum_fullmolecularfeaturizer,0.2608129875504588
1,poly_num_rotatable_bonds_sum_fullpolymerfeaturizer,0.2586924393057386
1,drug_fingerprint_bit_36,0.25413005264326266
1,drug_fingerprint_bit_142,0.25038000921996073
1,fingerprint_H_bit_37,0.24931178809029392
1,fingerprint_H_bit_162,0.2490281832526568
1,fingerprint_H_bit_175,0.2485094411341908
1,fingerprint_H_bit_69,0.2414991728480078
1,fingerprint_H_bit_70,0.24021270548437976
1,lumo_eV_H,0.2362269292040906
1,drug_fingerprint_bit_252,0.2350872534101694
1,fingerprint_H_bit_61,0.23457841914105307
1,fingerprint_H_bit_45,0.23408156669098587
1,drug_fingerprint_bit_216,0.2339204434764648
1,drug_fingerprint_bit_175,0.22686740881931797
1,poly_smr_vsa5_sum_fullpolymerfeaturizer,0.22431061223140647
1,fingerprint_H_bit_85,0.2224166280041809
1,fingerprint_H_bit_13,0.2180159211419708
1,drug_smr_vsa5_sum_fullmolecularfeaturizer,0.21679375477628696
1,drug_fingerprint_bit_42,0.21289133731165982
1,fingerprint_H_bit_218,0.20843414400380228
1,poly_double_bonds_sidechainfeaturizer_sum,0.20810479131278978
1,drug_fingerprint_bit_45,0.2072575212981796
1,drug_chlorine_count_sum_fullmolecularfeaturizer,0.20681036514327528
1,drug_fingerprint_bit_49,0.20485976392045524
1,drug_fingerprint_bit_35,0.2046059955266363
1,drug_fraction_bicyclic_rings_sum_fullmolecularfeaturizer,0.19795560581685226
1,drug_fingerprint_bit_105,0.19412642849718217
1,drug_fingerprint_bit_246,0.19302312454104006
1,drug_fingerprint_bit_165,0.1928644822609478
1,poly_balaban_j_index_sum_fullpolymerfeaturizer,0.19244809694632783
1,drug_fingerprint_bit_126,0.19229837093741237
1,drug_fingerprint_bit_202,0.1860813938324257
1,drug_fingerprint_bit_120,0.1852636769810576
1,drug_fingerprint_bit_253,0.18338795309230216
1,drug_fingerprint_bit_236,0.17658306766668824
1,drug_fingerprint_bit_169,0.17473755041863953
1,drug_homo_eV,0.17426265939556065
1,drug_fingerprint_bit_119,0.15878001237636524
1,drug_fingerprint_bit_255,0.15669112005131383
1,drug_fingerprint_bit_206,0.15664624889016057
1,drug_fingerprint_bit_15,0.15603117503147917
1,drug_fingerprint_bit_133,0.1517647163633418
1,drug_fingerprint_bit_177,0.14972665046310887
1,drug_fingerprint_bit_50,0.14667199877912113
1,drug_fingerprint_bit_43,0.14428275975846847
1,poly_num_hbond_donors_sum_fullpolymerfeaturizer,0.14418430107572483
1,drug_fingerprint_bit_247,0.143798884055768
1,drug_fingerprint_bit_145,0.14330714862567
1,drug_fingerprint_bit_200,0.1424892527400499
1,drug_fingerprint_bit_10,0.14188141028949972
1,drug_fingerprint_bit_83,0.1408238417756416
1,drug_fingerprint_bit_30,0.138059110135995
1,drug_fingerprint_bit_71,0.13621929808346517
1,drug_fingerprint_bit_185,0.13550521933653076
1,drug_fingerprint_bit_240,0.1355018520348609
1,poly_max_ring_size_sum_fullpolymerfeaturizer,0.13446594102099282
1,fingerprint_H_bit_237,0.13435346490960534
1,drug_fingerprint_bit_218,0.1307300044507817
1,drug_fingerprint_bit_127,0.1290637287518264
1,drug_fingerprint_bit_194,0.12900061851989436
1,drug_fingerprint_bit_189,0.1284527639439823
1,drug_fingerprint_bit_37,0.12812946486149837
1,fingerprint_H_bit_32,0.1257274771064641
1,drug_fingerprint_bit_231,0.12558409430942394
1,drug_fingerprint_bit_84,0.12557679507749114
1,drug_fingerprint_bit_125,0.12521183049877854
1,drug_fingerprint_bit_4,0.12385576567959518
1,drug_fingerprint_bit_116,0.12372403669646927
1,drug_fingerprint_bit_146,0.12014690722584809
1,drug_fingerprint_bit_28,0.11978154859015996
1,poly_double_bonds_sum_fullpolymerfeaturizer,0.11702542072974324
1,drug_fingerprint_bit_144,0.11548166618783529
1,drug_fingerprint_bit_196,0.11364162961841642
1,drug_fingerprint_bit_136,0.11302489074679666
1,drug_fp_density_morgan1_sum_fullmolecularfeaturizer,0.11180033212812987
1,drug_fingerprint_bit_181,0.10999881401404514
1,drug_fingerprint_bit_156,0.10915620413005664
1,drug_lumo_eV,0.10797375670460248
1,drug_fingerprint_bit_197,0.10607563939250256
1,drug_fingerprint_bit_237,0.10607185904455892
1,drug_fingerprint_bit_77,0.10598849574063376
1,drug_fingerprint_bit_148,0.10432998762698098
1,drug_fingerprint_bit_212,0.10411227129442514
1,drug_fingerprint_bit_140,0.10268801318013288
1,poly_sp3_carbon_count_sum_fullpolymerfeaturizer,0.1002493199451667
1,drug_num_aliphatic_heterocycles_sum_fullmolecularfeaturizer,0.09873368660171991
1,fingerprint_H_bit_68,0.09691133034764067
1,drug_fingerprint_bit_204,0.09663894404372964
1,drug_fluorine_count_sum_fullmolecularfeaturizer,0.0965864455168742
1,drug_num_rotatable_bonds_sum_fullmolecularfeaturizer,0.09593246511515771
1,drug_fingerprint_bit_108,0.09552664216994056
1,drug_fingerprint_bit_99,0.09401145433461064
1,drug_fingerprint_bit_151,0.0935221478537167
1,drug_fingerprint_bit_118,0.09336496006558291
1,drug_fingerprint_bit_26,0.09071522901621823
1,fingerprint_H_bit_251,0.09021853908582614
1,drug_fingerprint_bit_208,0.09015535622287962
1,fingerprint_H_bit_30,0.08849151153103132
1,drug_fingerprint_bit_92,0.08842255367779742
1,fingerprint_H_bit_216,0.08761403693312939
1,drug_fingerprint_bit_251,0.08590755025409617
1,drug_fingerprint_bit_34,0.0848714567025856
1,fingerprint_H_bit_212,0.08392458790206832
1,drug_fingerprint_bit_150,0.08316887804886285
1,drug_fingerprint_bit_1,0.08022757107356256
1,drug_fingerprint_bit_183,0.0787278356337683
1,drug_fingerprint_bit_39,0.07706900736328566
1,drug_fingerprint_bit_58,0.07604585117804619
1,drug_fingerprint_bit_44,0.07556667267767872
1,poly_num_non_aromatic_rings_sum_backbonefeaturizer,0.07554998327675704
1,drug_fingerprint_bit_114,0.07493064801500474
1,drug_fingerprint_bit_227,0.07401638309162846
1,drug_fingerprint_bit_75,0.07385868126104146
1,drug_fingerprint_bit_242,0.07281876355969932
1,drug_fingerprint_bit_32,0.07256230282536436
1,drug_fingerprint_bit_141,0.07237156980335832
1,drug_fingerprint_bit_122,0.07052338249507657
1,fingerprint_H_bit_18,0.07014709361543442
1,fingerprint_H_bit_134,0.07003512635408728
1,fingerprint_H_bit_131,0.0698311032673458
1,drug_fingerprint_bit_191,0.06817240304746343
1,fingerprint_H_bit_227,0.06550733150778813
1,fingerprint_H_bit_63,0.06466160176567663
1,drug_fingerprint_bit_94,0.06314350563857861
1,drug_fingerprint_bit_187,0.06309520984745537
1,drug_fingerprint_bit_93,0.0626276182356444
1,drug_sp3_carbon_count_sum_fullmolecularfeaturizer,0.06166332528986034
1,fingerprint_H_bit_143,0.05905234070654292
1,drug_fingerprint_bit_7,0.056779925783893015
1,drug_fingerprint_bit_199,0.05672817690977293
1,drug_fingerprint_bit_97,0.05590628968368018
1,drug_fingerprint_bit_52,0.055427179468560406
1,drug_fingerprint_bit_27,0.05507240031550055
1,drug_fingerprint_bit_5,0.05454453662360938
1,drug_fingerprint_bit_172,0.05421864965343519
1,drug_fingerprint_bit_173,0.054191722616177565
1,drug_fingerprint_bit_23,0.053697447848750565
1,poly_max_estate_index_sum_backbonefeaturizer,0.05355497810494409
1,drug_fingerprint_bit_72,0.053335127114190514
1,drug_fingerprint_bit_224,0.05333070863930511
1,drug_fingerprint_bit_67,0.05298212470288201
1,drug_fingerprint_bit_239,0.05230173444033607
1,fingerprint_H_bit_46,0.05072110158077942
1,fingerprint_H_bit_65,0.050299673314656956
1,fingerprint_H_bit_145,0.049749685267265066
1,drug_fingerprint_bit_41,0.048069774202006074
1,drug_fingerprint_bit_85,0.048033989614929884
1,poly_num_non_aromatic_rings_sum_fullpolymerfeaturizer,0.04798177094474576
1,poly_slogp_vsa1_sidechainfeaturizer_sum,0.04769356401176484
1,drug_fingerprint_bit_184,0.04741692125753611
1,drug_logd_at_WATER_PH,0.047055723997064154
1,drug_fingerprint_bit_61,0.04703906636385043
1,fingerprint_H_bit_57,0.046968049896646956
1,drug_fingerprint_bit_57,0.04543912042595411
1,drug_fingerprint_bit_131,0.04273923658861719
1,fingerprint_H_bit_34,0.042717065202346305
1,fingerprint_H_bit_205,0.041412062519836854
1,drug_fingerprint_bit_109,0.04023644085834449
1,drug_fingerprint_bit_161,0.039656707216215246
1,fingerprint_H_bit_185,0.039573947485177494
1,fingerprint_H_bit_52,0.03841611892643542
1,fingerprint_H_bit_219,0.038264188991100144
1,fingerprint_H_bit_224,0.03730935452185258
1,drug_fingerprint_bit_153,0.036332311929345336
1,drug_fingerprint_bit_90,0.0360022699871829
1,fingerprint_H_bit_98,0.035743632949859556
1,fingerprint_H_bit_26,0.035682619627909244
1,drug_fingerprint_bit_193,0.03565800845421242
1,drug_fingerprint_bit_222,0.03233654584077705
1,drug_fingerprint_bit_69,0.03172461106660235
1,drug_fingerprint_bit_62,0.0316025218246677
1,drug_fingerprint_bit_19,0.031487099987277015
1,drug_fingerprint_bit_132,0.030796437826938854
1,fingerprint_H_bit_123,0.03028291083561868
1,drug_fingerprint_bit_29,0.029808540026541756
1,drug_fingerprint_bit_8,0.029787763141728565
1,fingerprint_H_bit_174,0.028349257654486783
1,drug_fingerprint_bit_47,0.027846861279676702
1,drug_fingerprint_bit_152,0.027606219379303038
1,drug_fingerprint_bit_59,0.027495029663562258
1,drug_fingerprint_bit_223,0.027390773423890603
1,drug_fingerprint_bit_235,0.027032362238685388
1,drug_fingerprint_bit_219,0.025630250167612393
1,drug_heteroatom_count_sum_fullmolecularfeaturizer,0.02528921974102527
1,drug_num_hbond_acceptors_sum_fullmolecularfeaturizer,0.024965636210959062
1,drug_fingerprint_bit_18,0.024812301745427416
1,drug_fingerprint_bit_101,0.024716123509863408
1,drug_fingerprint_bit_106,0.024560953372478052
1,drug_fingerprint_bit_60,0.022781148843358103
1,drug_fingerprint_bit_154,0.022492153081192512
1,fingerprint_H_bit_116,0.02145796737873029
1,drug_fingerprint_bit_245,0.020426264850637893
1,drug_fingerprint_bit_171,0.019561384891486476
1,drug_fingerprint_bit_78,0.019552303910191027
1,fingerprint_H_bit_84,0.018864988949210477
1,fingerprint_H_bit_112,0.018782123193998437
1,drug_fingerprint_bit_56,0.01864335060648423
1,fingerprint_H_bit_233,0.018629836582493214
1,fingerprint_H_bit_106,0.018472681550211385
1,poly_num_aliphatic_heterocycles_sum_backbonefeaturizer,0.01832637456940969
1,fingerprint_H_bit_114,0.01766614102265012
1,fingerprint_H_bit_66,0.01740171784381688
1,drug_fingerprint_bit_12,0.01681441782957718
1,drug_fingerprint_bit_31,0.016350372629593126
1,drug_fingerprint_bit_13,0.015008781979915
1,drug_fingerprint_bit_20,0.013833417771247358
1,drug_fingerprint_bit_135,0.013527005585620025
1,poly_num_aliphatic_heterocycles_sum_fullpolymerfeaturizer,0.013326434780983545
1,drug_fingerprint_bit_103,0.012976831652820561
1,drug_fingerprint_bit_229,0.012441712060305294
1,drug_fingerprint_bit_14,0.011663782572224224
1,drug_fingerprint_bit_170,0.011657380218237538
1,fingerprint_H_bit_158,0.010988319569631463
1,drug_fingerprint_bit_70,0.0093587360394515
1,drug_fingerprint_bit_76,0.009294148149282921
1,drug_fingerprint_bit_162,0.008432913373042163
1,poly_num_hbond_acceptors_sum_fullpolymerfeaturizer,0.007991041254520706
1,drug_fingerprint_bit_134,0.003901249474582806
1,drug_fingerprint_bit_82,0.0026514917546656275
1,drug_fingerprint_bit_96,0.0021257954632000037
1,drug_fingerprint_bit_16,0.001731392827042631
1,drug_fingerprint_bit_25,0.000637209187161865
1,fingerprint_H_bit_164,0.0001366884118045229
1,fingerprint_H_bit_161,0.0
1,fingerprint_H_bit_163,0.0
1,fingerprint_H_bit_83,0.0
1,fingerprint_H_bit_165,0.0
1,drug_fingerprint_bit_195,0.0
1,fingerprint_H_bit_152,0.0
1,drug_fingerprint_bit_123,0.0
1,drug_fingerprint_bit_102,0.0
1,fingerprint_H_bit_9,0.0
1,fingerprint_H_bit_168,0.0
1,fingerprint_H_bit_10,0.0
1,fingerprint_H_bit_11,0.0
1,fingerprint_H_bit_166,0.0
1,fingerprint_H_bit_153,0.0
1,drug_fingerprint_bit_98,0.0
1,drug_fingerprint_bit_88,0.0
1,fingerprint_H_bit_82,0.0
1,fingerprint_H_bit_94,0.0
1,fingerprint_H_bit_140,0.0
1,fingerprint_H_bit_141,0.0
1,fingerprint_H_bit_142,0.0
1,fingerprint_H_bit_146,0.0
1,fingerprint_H_bit_148,0.0
1,fingerprint_H_bit_93,0.0
1,fingerprint_H_bit_149,0.0
1,fingerprint_H_bit_160,0.0
1,fingerprint_H_bit_154,0.0
1,fingerprint_H_bit_156,0.0
1,fingerprint_H_bit_157,0.0
1,fingerprint_H_bit_92,0.0
1,fingerprint_H_bit_91,0.0
1,fingerprint_H_bit_90,0.0
1,fingerprint_H_bit_88,0.0
1,fingerprint_H_bit_87,0.0
1,fingerprint_H_bit_86,0.0
1,fingerprint_H_bit_150,0.0
1,fingerprint_H_bit_117,0.0
1,fingerprint_H_bit_122,0.0
1,fingerprint_H_bit_124,0.0
1,fingerprint_H_bit_126,0.0
1,fingerprint_H_bit_127,0.0
1,fingerprint_H_bit_4,0.0
1,fingerprint_H_bit_115,0.0
1,drug_fingerprint_bit_157,0.0
1,drug_fingerprint_bit_166,0.0
1,drug_fingerprint_bit_176,0.0
1,fingerprint_H_bit_23,0.0
1,fingerprint_H_bit_24,0.0
1,fingerprint_H_bit_50,0.0
1,drug_fingerprint_bit_89,0.0
1,fingerprint_H_bit_55,0.0
1,fingerprint_H_bit_105,0.0
1,fingerprint_H_bit_6,0.0
1,drug_fingerprint_bit_254,0.0
1,fingerprint_H_bit_0,0.0
1,poly_total_halogens_sum_fullpolymerfeaturizer,0.0
1,poly_fluorine_count_sum_fullpolymerfeaturizer,0.0
1,poly_chlorine_count_sum_fullpolymerfeaturizer,0.0
1,poly_bromine_count_sum_fullpolymerfeaturizer,0.0
1,poly_iodine_count_sum_fullpolymerfeaturizer,0.0
1,poly_triple_bonds_sum_fullpolymerfeaturizer,0.0
1,poly_bridging_rings_count_sum_fullpolymerfeaturizer,0.0
1,drug_fingerprint_bit_232,0.0
1,drug_fingerprint_bit_234,0.0
1,fingerprint_H_bit_51,0.0
1,fingerprint_H_bit_14,0.0
1,fingerprint_H_bit_15,0.0
1,fingerprint_H_bit_16,0.0
1,drug_fingerprint_bit_112,0.0
1,fingerprint_H_bit_135,0.0
1,fingerprint_H_bit_136,0.0
1,fingerprint_H_bit_137,0.0
1,fingerprint_H_bit_129,0.0
1,fingerprint_H_bit_130,0.0
1,fingerprint_H_bit_132,0.0
1,fingerprint_H_bit_20,0.0
1,fingerprint_H_bit_21,0.0
1,fingerprint_H_bit_22,0.0
1,fingerprint_H_bit_99,0.0
1,fingerprint_H_bit_19,0.0
1,fingerprint_H_bit_102,0.0
1,fingerprint_H_bit_103,0.0
1,fingerprint_H_bit_104,0.0
1,fingerprint_H_bit_43,0.0
1,fingerprint_H_bit_44,0.0
1,fingerprint_H_bit_47,0.0
1,fingerprint_H_bit_49,0.0
1,drug_fingerprint_bit_190,0.0
1,fingerprint_H_bit_107,0.0
1,fingerprint_H_bit_108,0.0
1,fingerprint_H_bit_109,0.0
1,fingerprint_H_bit_110,0.0
1,fingerprint_H_bit_111,0.0
1,fingerprint_H_bit_17,0.0
1,fingerprint_H_bit_101,0.0
1,fingerprint_H_bit_254,0.0
1,fingerprint_H_bit_241,0.0
1,fingerprint_H_bit_242,0.0
1,fingerprint_H_bit_243,0.0
1,fingerprint_H_bit_244,0.0
1,fingerprint_H_bit_246,0.0
1,fingerprint_H_bit_247,0.0
1,fingerprint_H_bit_248,0.0
1,fingerprint_H_bit_249,0.0
1,fingerprint_H_bit_250,0.0
1,fingerprint_H_bit_252,0.0
1,fingerprint_H_bit_253,0.0
1,poly_total_halogens_sum_backbonefeaturizer,0.0
1,drug_fingerprint_bit_244,0.0
1,poly_iodine_count_sidechainfeaturizer_sum,0.0
1,poly_triple_bonds_sidechainfeaturizer_sum,0.0
1,poly_bridging_rings_count_sidechainfeaturizer_sum,0.0
1,drug_fingerprint_bit_215,0.0
1,poly_chlorine_count_sum_backbonefeaturizer,0.0
1,poly_bromine_count_sum_backbonefeaturizer,0.0
1,poly_iodine_count_sum_backbonefeaturizer,0.0
1,poly_triple_bonds_sum_backbonefeaturizer,0.0
1,poly_bridging_rings_count_sum_backbonefeaturizer,0.0
1,drug_fingerprint_bit_9,0.0
1,drug_fingerprint_bit_17,0.0
1,fingerprint_H_bit_238,0.0
1,fingerprint_H_bit_239,0.0
1,fingerprint_H_bit_240,0.0
1,poly_fluorine_count_sum_backbonefeaturizer,0.0
1,fingerprint_H_bit_62,0.0
1,fingerprint_H_bit_8,0.0
1,fingerprint_H_bit_2,0.0
1,fingerprint_H_bit_3,0.0
1,fingerprint_H_bit_255,0.0
1,poly_fraction_bicyclic_rings_sum_fullpolymerfeaturizer,0.0
1,drug_fingerprint_bit_217,0.0
1,drug_fingerprint_bit_220,0.0
1,drug_fingerprint_bit_221,0.0
1,drug_bromine_count_sum_fullmolecularfeaturizer,0.0
1,drug_iodine_count_sum_fullmolecularfeaturizer,0.0
1,drug_triple_bonds_sum_fullmolecularfeaturizer,0.0
1,fingerprint_H_bit_59,0.0
1,poly_bromine_count_sidechainfeaturizer_sum,0.0
1,fingerprint_H_bit_5,0.0
1,fingerprint_H_bit_25,0.0
1,fingerprint_H_bit_29,0.0
1,fingerprint_H_bit_31,0.0
1,fingerprint_H_bit_35,0.0
1,fingerprint_H_bit_36,0.0
1,fingerprint_H_bit_40,0.0
1,poly_fraction_bicyclic_rings_sum_backbonefeaturizer,0.0
1,poly_num_non_aromatic_rings_sidechainfeaturizer_sum,0.0
1,poly_fraction_bicyclic_rings_sidechainfeaturizer_sum,0.0
1,poly_num_aliphatic_heterocycles_sidechainfeaturizer_sum,0.0
1,poly_total_halogens_sidechainfeaturizer_sum,0.0
1,poly_fluorine_count_sidechainfeaturizer_sum,0.0
1,poly_chlorine_count_sidechainfeaturizer_sum,0.0
1,fingerprint_H_bit_60,0.0
1,fingerprint_H_bit_200,0.0
1,fingerprint_H_bit_201,0.0
1,fingerprint_H_bit_202,0.0
1,fingerprint_H_bit_203,0.0
1,drug_fingerprint_bit_51,0.0
1,drug_fingerprint_bit_54,0.0
1,fingerprint_H_bit_211,0.0
1,fingerprint_H_bit_215,0.0
1,drug_fingerprint_bit_21,0.0
1,fingerprint_H_bit_169,0.0
1,fingerprint_H_bit_170,0.0
1,fingerprint_H_bit_171,0.0
1,fingerprint_H_bit_172,0.0
1,fingerprint_H_bit_234,0.0
1,fingerprint_H_bit_176,0.0
1,fingerprint_H_bit_178,0.0
1,fingerprint_H_bit_179,0.0
1,fingerprint_H_bit_180,0.0
1,fingerprint_H_bit_181,0.0
1,fingerprint_H_bit_184,0.0
1,fingerprint_H_bit_192,0.0
1,fingerprint_H_bit_193,0.0
1,fingerprint_H_bit_95,0.0
1,fingerprint_H_bit_96,0.0
1,fingerprint_H_bit_97,0.0
1,drug_fingerprint_bit_198,0.0
1,drug_fingerprint_bit_68,0.0
1,drug_fingerprint_bit_87,0.0
1,fingerprint_H_bit_173,0.0
1,fingerprint_H_bit_235,0.0
1,fingerprint_H_bit_206,0.0
1,fingerprint_H_bit_208,0.0
1,fingerprint_H_bit_209,0.0
1,fingerprint_H_bit_210,0.0
1,drug_fingerprint_bit_209,0.0
1,fingerprint_H_bit_71,0.0
1,fingerprint_H_bit_72,0.0
1,fingerprint_H_bit_73,0.0
1,fingerprint_H_bit_74,0.0
1,fingerprint_H_bit_76,0.0
1,fingerprint_H_bit_77,0.0
1,fingerprint_H_bit_79,0.0
1,fingerprint_H_bit_187,0.0
1,fingerprint_H_bit_199,0.0
1,fingerprint_H_bit_189,0.0
1,fingerprint_H_bit_190,0.0
1,fingerprint_H_bit_220,0.0
1,fingerprint_H_bit_221,0.0
1,fingerprint_H_bit_223,0.0
1,fingerprint_H_bit_225,0.0
1,fingerprint_H_bit_228,0.0
1,fingerprint_H_bit_229,0.0
1,fingerprint_H_bit_230,0.0
1,fingerprint_H_bit_231,0.0
1,fingerprint_H_bit_194,0.0
1,fingerprint_H_bit_195,0.0
1,fingerprint_H_bit_196,0.0
1,fingerprint_H_bit_198,0.0
1,fingerprint_H_bit_188,0.0
1,drug_fingerprint_bit_65,-0.00048781718822169467
1,drug_fingerprint_bit_79,-0.0016088851306805421
1,drug_fingerprint_bit_178,-0.002933986525211828
1,drug_fingerprint_bit_149,-0.004047611435510959
1,drug_fingerprint_bit_238,-0.005117383721895455
1,drug_fingerprint_bit_53,-0.005316870174905417
1,drug_fingerprint_bit_2,-0.005558424469871902
1,drug_fingerprint_bit_124,-0.007657320296753724
1,drug_fingerprint_bit_179,-0.007860226739692253
1,drug_double_bonds_sum_fullmolecularfeaturizer,-0.009069543951391932
1,drug_fingerprint_bit_130,-0.011023401188446589
1,fingerprint_H_bit_54,-0.011728534834699609
1,drug_molecular_weight_sum_fullmolecularfeaturizer,-0.012936664389948413
1,drug_fingerprint_bit_210,-0.014065854535873714
1,drug_fingerprint_bit_248,-0.015242236637711909
1,drug_fingerprint_bit_80,-0.01603010673254894
1,drug_fingerprint_bit_48,-0.018055140397674415
1,fingerprint_H_bit_207,-0.018358293883307206
1,fingerprint_H_bit_80,-0.018503571202637344
1,drug_fingerprint_bit_86,-0.020540378348789166
1,drug_fingerprint_bit_55,-0.021412348225198
1,drug_fingerprint_bit_137,-0.02265812999389383
1,drug_fingerprint_bit_225,-0.02514489323381091
1,drug_num_non_aromatic_rings_sum_fullmolecularfeaturizer,-0.03005244420583005
1,drug_num_atoms_sum_fullmolecularfeaturizer,-0.032202770130265325
1,drug_fingerprint_bit_211,-0.04029954989917781
1,drug_fingerprint_bit_192,-0.04169321570400838
1,drug_fingerprint_bit_182,-0.042011699797556805
1,drug_fingerprint_bit_121,-0.045175607615747015
1,drug_fingerprint_bit_143,-0.048814533128369815
1,drug_fingerprint_bit_129,-0.05274832862706685
1,drug_fingerprint_bit_207,-0.053003767431691454
1,drug_fingerprint_bit_241,-0.05366702369702959
1,drug_max_ring_size_sum_fullmolecularfeaturizer,-0.056227839625865784
1,poly_single_bonds_sum_fullpolymerfeaturizer,-0.056821489357135
1,poly_topological_surface_area_sum_fullpolymerfeaturizer,-0.057745352640710276
1,drug_fingerprint_bit_3,-0.06110199637699913
1,drug_fingerprint_bit_243,-0.06681743987235131
1,drug_fingerprint_bit_113,-0.06714340658911494
1,fingerprint_H_bit_7,-0.07028154206210735
1,drug_fingerprint_bit_38,-0.08311725852919227
1,drug_fingerprint_bit_230,-0.08432299620482368
1,drug_fingerprint_bit_66,-0.08682793962207201
1,drug_fingerprint_bit_174,-0.09548926420041783
1,drug_fingerprint_bit_228,-0.10143489670823018
1,fingerprint_H_bit_39,-0.10420713061108806
1,drug_fingerprint_bit_168,-0.11949625962696143
1,drug_fingerprint_bit_158,-0.12119589222042595
1,fingerprint_H_bit_38,-0.12680337785143317
1,drug_fingerprint_bit_104,-0.14166889527371102
1,poly_heteroatom_density_sum_backbonefeaturizer,-0.14251968297122558
1,drug_fingerprint_bit_186,-0.15363461019343427
1,poly_heteroatom_count_sum_fullpolymerfeaturizer,-0.15461306010796513
1,WATER_PH,-0.1569061563614263
1,fingerprint_H_bit_125,-0.16036475978328388
1,fingerprint_H_bit_186,-0.16486447164714474
1,drug_fingerprint_bit_40,-0.1785428307850249
1,fingerprint_H_bit_42,-0.21557354440494514
1,drug_slogp_vsa1_sum_fullmolecularfeaturizer,-0.22039927893308425
1,drug_fingerprint_bit_163,-0.29558864433617493
1,drug_fingerprint_bit_233,-0.3040233952849295
1,fingerprint_H_bit_138,-0.3227117819432968
1,drug_fingerprint_bit_0,-0.3279507580824799
1,poly_max_estate_index_sum_fullpolymerfeaturizer,-0.3795951265325136
1,logp_H,-0.45739786571634367
1,fingerprint_H_bit_144,-0.49222122344553415
1,poly_molecular_weight_sum_fullpolymerfeaturizer,-0.49590201579111787
1,drug_fingerprint_bit_107,-0.5009933619892137
1,drug_fingerprint_bit_167,-0.5190078254940549
1,charge_at_WATER_PH_H,-0.63557605756604
1,poly_balaban_j_index_sum_backbonefeaturizer,-0.6729539807474078
1,drug_heteroatom_density_sum_fullmolecularfeaturizer,-0.8583430667609956
1,drug_fingerprint_bit_117,-0.9513289556608034
1,poly_num_atoms_sum_fullpolymerfeaturizer,-1.3513782394796519
1,fingerprint_H_bit_27,-1.604631591797657
1,CONCENTRATION,-1.9945181184845782
1,fingerprint_H_bit_89,-2.1506873354440255
1,fingerprint_H_bit_191,-2.957093898381815
1,drug_fingerprint_bit_100,-3.355355882426838
1,fingerprint_H_bit_75,-3.363657282313451
1,drug_fingerprint_bit_205,-5.323955950276144
2,fingerprint_H_bit_201,9.010336043895544
2,fingerprint_H_bit_130,3.9460349761495865
2,drug_fingerprint_bit_111,3.4047112653079084
2,fingerprint_H_bit_33,3.246709723663702
2,fingerprint_H_bit_1,2.8191752299287325
2,fingerprint_H_bit_214,2.133397987222351
2,poly_balaban_j_index_sidechainfeaturizer_sum,2.024863919711614
2,drug_fingerprint_bit_91,1.7968779193960127
2,fingerprint_H_bit_232,1.736278306196232
2,fingerprint_H_bit_133,1.7258710395861208
2,drug_charge_at_WATER_PH,1.7193476905485803
2,drug_fingerprint_bit_64,1.6622681211137125
2,fingerprint_H_bit_58,1.6174200082511778
2,poly_fp_density_morgan1_sidechainfeaturizer_sum,1.615330763343379
2,fingerprint_H_bit_237,1.5246779888582742
2,fingerprint_H_bit_222,1.484475236191518
2,fingerprint_H_bit_41,1.4803105194407884
2,fingerprint_H_bit_175,1.4480244395471085
2,drug_fingerprint_bit_138,1.4063331605205989
2,fingerprint_H_bit_78,1.378056210332303
2,fingerprint_H_bit_100,1.369294251649773
2,poly_heteroatom_density_sidechainfeaturizer_sum,1.3492397513311138
2,poly_num_hbond_acceptors_sum_backbonefeaturizer,1.3353429811592126
2,fingerprint_H_bit_84,1.2973225656751861
2,fingerprint_H_bit_85,1.268006642361476
2,poly_num_rings_sum_backbonefeaturizer,1.2493590211258048
2,fingerprint_H_bit_155,1.2457803921668607
2,poly_max_ring_size_sum_backbonefeaturizer,1.1977122778801796
2,fingerprint_H_bit_212,1.145786847512992
2,fingerprint_H_bit_118,1.123188677761925
2,drug_balaban_j_index_sum_fullmolecularfeaturizer,1.082203820232202
2,poly_heteroatom_count_sum_backbonefeaturizer,1.0038624245543983
2,poly_double_bonds_sum_backbonefeaturizer,0.9992225308903009
2,fingerprint_H_bit_167,0.9850362117356335
2,poly_sp3_carbon_count_sum_backbonefeaturizer,0.9525367728275693
2,poly_num_rings_sidechainfeaturizer_sum,0.9364383834632406
2,poly_smr_vsa5_sum_fullpolymerfeaturizer,0.9212843077895967
2,fingerprint_H_bit_204,0.9181344531316438
2,drug_fingerprint_bit_214,0.8875872559859642
2,fingerprint_H_bit_119,0.885707729586622
2,fingerprint_H_bit_128,0.8533698421415271
2,drug_sp2_carbon_count_sum_fullmolecularfeaturizer,0.8448363070078534
2,drug_num_aromatic_rings_sum_fullmolecularfeaturizer,0.8372727128464197
2,drug_fingerprint_bit_213,0.8267493245459756
2,fingerprint_H_bit_145,0.8204205450390684
2,fingerprint_H_bit_197,0.8159548948346709
2,fingerprint_H_bit_81,0.8113928261002086
2,fingerprint_H_bit_213,0.8103686157751627
2,fingerprint_H_bit_56,0.7984393751053865
2,poly_max_estate_index_sidechainfeaturizer_sum,0.7897876761568253
2,poly_num_rings_sum_fullpolymerfeaturizer,0.7638094971293105
2,poly_num_aromatic_rings_sidechainfeaturizer_sum,0.7564727022302465
2,drug_fingerprint_bit_99,0.7205339671290047
2,poly_molecular_weight_sum_backbonefeaturizer,0.717833314157659
2,fingerprint_H_bit_139,0.7098223546721248
2,poly_num_hbond_donors_sum_backbonefeaturizer,0.7043495348198342
2,poly_slogp_vsa1_sum_fullpolymerfeaturizer,0.6737221781930878
2,poly_num_aromatic_rings_sum_backbonefeaturizer,0.6666918365102912
2,poly_single_bonds_sum_backbonefeaturizer,0.6459138399941232
2,fingerprint_H_bit_64,0.6354847865085623
2,poly_smr_vsa5_sidechainfeaturizer_sum,0.6332011073233527
2,lumo_eV_H,0.6167776200973493
2,fingerprint_H_bit_27,0.596786421845445
2,poly_smr_vsa5_sum_backbonefeaturizer,0.5889491823168489
2,drug_num_rotatable_bonds_sum_fullmolecularfeaturizer,0.588583213388044
2,drug_fingerprint_bit_49,0.5669574815714871
2,fingerprint_H_bit_217,0.5654684712884143
2,poly_balaban_j_index_sum_backbonefeaturizer,0.5622181999852958
2,poly_topological_surface_area_sum_backbonefeaturizer,0.5602051431269871
2,drug_heteroatom_count_sum_fullmolecularfeaturizer,0.5486480672053091
2,fingerprint_H_bit_113,0.545992403541265
2,fingerprint_H_bit_151,0.5392008171460433
2,poly_num_hbond_donors_sidechainfeaturizer_sum,0.5325779687754131
2,drug_bridging_rings_count_sum_fullmolecularfeaturizer,0.531449352040738
2,fingerprint_H_bit_45,0.5256622377739382
2,poly_num_hbond_acceptors_sidechainfeaturizer_sum,0.502197527383496
2,drug_fingerprint_bit_206,0.49337837654356237
2,poly_max_ring_size_sidechainfeaturizer_sum,0.49139671811454394
2,fingerprint_H_bit_48,0.487482983579202
2,poly_single_bonds_sidechainfeaturizer_sum,0.4839761977828342
2,drug_fingerprint_bit_63,0.4734515019318903
2,drug_fingerprint_bit_133,0.46905032331846186
2,drug_fingerprint_bit_110,0.4609507670899098
2,poly_num_rotatable_bonds_sum_backbonefeaturizer,0.45026973686226174
2,drug_fingerprint_bit_95,0.44632022666981375
2,drug_fingerprint_bit_11,0.43904265085688426
2,fingerprint_H_bit_7,0.43714480944135053
2,poly_num_rotatable_bonds_sum_fullpolymerfeaturizer,0.42173314616215746
2,drug_num_hbond_donors_sum_fullmolecularfeaturizer,0.41964692481546656
2,poly_sp2_carbon_count_sum_fullpolymerfeaturizer,0.41846356050808275
2,poly_fp_density_morgan1_sum_backbonefeaturizer,0.41225552592680664
2,fingerprint_H_bit_236,0.40915747331342717
2,drug_fingerprint_bit_33,0.40685629139811846
2,drug_fingerprint_bit_71,0.4027538393316261
2,drug_fingerprint_bit_200,0.4008495652483394
2,drug_fingerprint_bit_118,0.39870260840204985
2,poly_num_atoms_sidechainfeaturizer_sum,0.39143728050120974
2,drug_fingerprint_bit_125,0.3863142183704294
2,poly_heteroatom_count_sidechainfeaturizer_sum,0.38085757102597206
2,poly_sp3_carbon_count_sidechainfeaturizer_sum,0.37384713113070445
2,drug_fingerprint_bit_253,0.37159441045892966
2,drug_fingerprint_bit_188,0.3669072009856872
2,drug_total_halogens_sum_fullmolecularfeaturizer,0.36262318528336934
2,drug_fingerprint_bit_184,0.3624432271210712
2,drug_topological_surface_area_sum_fullmolecularfeaturizer,0.35995648139008285
2,drug_fingerprint_bit_4,0.35545424907742496
2,drug_num_rings_sum_fullmolecularfeaturizer,0.35348950283364494
2,fingerprint_H_bit_182,0.34512309906621885
2,drug_fingerprint_bit_42,0.3439924201800464
2,drug_fingerprint_bit_160,0.3428894576596428
2,drug_fingerprint_bit_128,0.33769515874862144
2,drug_chlorine_count_sum_fullmolecularfeaturizer,0.32984538305775873
2,poly_slogp_vsa1_sum_backbonefeaturizer,0.32233953875359284
2,poly_molecular_weight_sidechainfeaturizer_sum,0.30231960722281265
2,homo_eV_H,0.3009105279889385
2,fingerprint_H_bit_227,0.30067051615398727
2,drug_fingerprint_bit_159,0.3003193304373055
2,drug_fp_density_morgan1_sum_fullmolecularfeaturizer,0.2967330446757491
2,drug_fingerprint_bit_115,0.2932106554718806
2,drug_fingerprint_bit_26,0.2838505290826088
2,drug_fingerprint_bit_24,0.27384112987474035
2,fingerprint_H_bit_67,0.27367824856844386
2,drug_fingerprint_bit_151,0.26959734294932636
2,poly_double_bonds_sidechainfeaturizer_sum,0.2624573209323952
2,drug_fingerprint_bit_35,0.25814819613372714
2,drug_fingerprint_bit_137,0.25778131002907967
2,drug_fingerprint_bit_10,0.2554650783015639
2,fingerprint_H_bit_52,0.2507118931500567
2,drug_fingerprint_bit_5,0.24970261289544426
2,drug_fingerprint_bit_108,0.24127653723287026
2,drug_lumo_eV,0.23341352763279719
2,poly_sp2_carbon_count_sidechainfeaturizer_sum,0.23250913085421226
2,poly_num_aromatic_rings_sum_fullpolymerfeaturizer,0.2321972396497475
2,drug_fingerprint_bit_177,0.2313943280727744
2,drug_fingerprint_bit_30,0.22381098247990958
2,drug_fingerprint_bit_147,0.2237646039793164
2,drug_fingerprint_bit_73,0.21945823874547982
2,drug_fingerprint_bit_175,0.21762875855897626
2,poly_num_atoms_sum_backbonefeaturizer,0.2129216727178663
2,drug_num_hbond_acceptors_sum_fullmolecularfeaturizer,0.20478635994388958
2,drug_fingerprint_bit_193,0.20363375575240492
2,drug_fingerprint_bit_15,0.20270486188248923
2,drug_fingerprint_bit_155,0.20189622903614365
2,drug_fingerprint_bit_58,0.1997518933589674
2,drug_fingerprint_bit_165,0.1997135851754312
2,drug_fingerprint_bit_148,0.19933160148533519
2,drug_fingerprint_bit_169,0.19921076320400966
2,fingerprint_H_bit_186,0.1946248649113189
2,poly_topological_surface_area_sidechainfeaturizer_sum,0.19356223448105345
2,drug_fingerprint_bit_45,0.18659543079496504
2,charge_at_WATER_PH_H,0.18641491059142382
2,poly_double_bonds_sum_fullpolymerfeaturizer,0.18511038202169108
2,drug_fingerprint_bit_202,0.18015198649220543
2,drug_logd_at_WATER_PH,0.17974661969254033
2,drug_fingerprint_bit_12,0.17306408615259627
2,poly_sp2_carbon_count_sum_backbonefeaturizer,0.17280524747396406
2,drug_fingerprint_bit_201,0.17237101557330417
2,drug_fingerprint_bit_197,0.17215907547798848
2,drug_fingerprint_bit_181,0.17033268491079534
2,drug_fingerprint_bit_50,0.16967276618235555
2,drug_fingerprint_bit_136,0.1670121073463173
2,fingerprint_H_bit_162,0.16441330420802863
2,drug_fraction_bicyclic_rings_sum_fullmolecularfeaturizer,0.15543509863290944
2,drug_fingerprint_bit_150,0.15464221494582905
2,drug_fingerprint_bit_249,0.15351950348585006
2,drug_fingerprint_bit_144,0.15288818984329713
2,drug_fingerprint_bit_224,0.1520455035641716
2,drug_fingerprint_bit_241,0.15116047308485628
2,drug_fingerprint_bit_142,0.1499595834733612
2,fingerprint_H_bit_61,0.14898127698481137
2,drug_fingerprint_bit_105,0.1452753525383589
2,poly_fp_density_morgan1_sum_fullpolymerfeaturizer,0.14514097146465788
2,fingerprint_H_bit_28,0.14005672163973218
2,drug_max_estate_index_sum_fullmolecularfeaturizer,0.13720828717201616
2,drug_fingerprint_bit_37,0.13618613300498683
2,fingerprint_H_bit_89,0.13604407573446373
2,drug_fingerprint_bit_44,0.13540652953298185
2,drug_fingerprint_bit_74,0.1353209277661355
2,drug_fingerprint_bit_180,0.1349916736416768
2,drug_fingerprint_bit_203,0.13348175531420106
2,drug_fingerprint_bit_242,0.13312102507556992
2,drug_fingerprint_bit_189,0.1328651337585495
2,drug_fingerprint_bit_36,0.1307846693609633
2,drug_fingerprint_bit_106,0.13031395813192087
2,drug_fingerprint_bit_84,0.1299798815676672
2,drug_fingerprint_bit_210,0.12904647388217494
2,drug_fingerprint_bit_120,0.126237797940777
2,drug_fingerprint_bit_46,0.12471075590222039
2,drug_fluorine_count_sum_fullmolecularfeaturizer,0.12369734562540464
2,drug_fingerprint_bit_146,0.12239105422641298
2,drug_fingerprint_bit_145,0.12138063951460705
2,drug_single_bonds_sum_fullmolecularfeaturizer,0.11904746512813955
2,drug_fingerprint_bit_2,0.11791268728655639
2,drug_fingerprint_bit_164,0.11745235665702054
2,fingerprint_H_bit_53,0.11485375848169581
2,drug_fingerprint_bit_172,0.11409792692869716
2,drug_fingerprint_bit_183,0.1133999774780546
2,drug_fingerprint_bit_185,0.11293733863169518
2,drug_fingerprint_bit_170,0.11282549383010308
2,drug_fingerprint_bit_196,0.11280742602674611
2,poly_num_atoms_sum_fullpolymerfeaturizer,0.10981259995692325
2,drug_sp3_carbon_count_sum_fullmolecularfeaturizer,0.10974358641527628
2,fingerprint_H_bit_123,0.1092552785117039
2,drug_fingerprint_bit_131,0.1064680053113557
2,drug_fingerprint_bit_69,0.10450288128502484
2,fingerprint_H_bit_226,0.10448352253704694
2,drug_fingerprint_bit_255,0.10272701918064826
2,fingerprint_H_bit_70,0.10012233351798848
2,fingerprint_H_bit_54,0.09993146922915201
2,drug_fingerprint_bit_194,0.09954977680656726
2,drug_fingerprint_bit_39,0.0994347928710242
2,fingerprint_H_bit_69,0.09428849800396946
2,drug_fingerprint_bit_237,0.09324540408607984
2,fingerprint_H_bit_37,0.09204929985940691
2,drug_fingerprint_bit_18,0.09201449281520181
2,drug_fingerprint_bit_92,0.09098002102796374
2,poly_max_ring_size_sum_fullpolymerfeaturizer,0.08795153095212878
2,poly_num_rotatable_bonds_sidechainfeaturizer_sum,0.08783190926391986
2,drug_fingerprint_bit_116,0.08733118384502281
2,logp_H,0.08469236369458054
2,drug_fingerprint_bit_132,0.08458923629403625
2,drug_fingerprint_bit_41,0.08385712228211019
2,drug_fingerprint_bit_141,0.08280685196636574
2,drug_fingerprint_bit_77,0.08250770866480737
2,poly_num_hbond_donors_sum_fullpolymerfeaturizer,0.08232592343763696
2,drug_fingerprint_bit_1,0.07716352142365998
2,drug_fingerprint_bit_153,0.07664418196101395
2,drug_fingerprint_bit_126,0.07544911163503044
2,drug_fingerprint_bit_103,0.07311789568764174
2,drug_homo_eV,0.07284919951833173
2,drug_fingerprint_bit_130,0.07180274488993042
2,fingerprint_H_bit_18,0.07171862114881014
2,drug_fingerprint_bit_93,0.07165920189022912
2,fingerprint_H_bit_143,0.07027068489520967
2,drug_fingerprint_bit_204,0.06928031327682338
2,poly_single_bonds_sum_fullpolymerfeaturizer,0.06825487613268735
2,drug_fingerprint_bit_43,0.06817042904802004
2,drug_fingerprint_bit_6,0.06782508064037426
2,drug_fingerprint_bit_152,0.06637800941357905
2,drug_fingerprint_bit_191,0.06551666853956295
2,fingerprint_H_bit_57,0.06461086922798501
2,drug_fingerprint_bit_246,0.06379871043258326
2,drug_fingerprint_bit_7,0.06311283593634599
2,drug_logp,0.06235178778151161
2,fingerprint_H_bit_66,0.06184101214011906
2,drug_fingerprint_bit_199,0.06134064584663767
2,drug_fingerprint_bit_211,0.06054854038802315
2,drug_fingerprint_bit_75,0.059678946512701274
2,drug_fingerprint_bit_114,0.059394825685178634
2,drug_fingerprint_bit_127,0.057066063426234916
2,drug_fingerprint_bit_76,0.05604431715384194
2,poly_max_estate_index_sum_backbonefeaturizer,0.05590662693354435
2,drug_fingerprint_bit_28,0.05550908619007111
2,fingerprint_H_bit_121,0.054678050633442894
2,fingerprint_H_bit_164,0.05370858229360618
2,fingerprint_H_bit_46,0.04974888247698684
2,drug_fingerprint_bit_236,0.04940648267595249
2,drug_fingerprint_bit_96,0.04880088731389005
2,fingerprint_H_bit_216,0.04852703060707335
2,drug_fingerprint_bit_239,0.04842629486199825
2,drug_fingerprint_bit_34,0.047620548427915486
2,fingerprint_H_bit_185,0.04750356056311545
2,drug_fingerprint_bit_23,0.04729811909356614
2,poly_num_non_aromatic_rings_sum_fullpolymerfeaturizer,0.046651411906512855
2,drug_fingerprint_bit_208,0.04615631004302189
2,fingerprint_H_bit_144,0.04612498524438962
2,drug_fingerprint_bit_229,0.04547040144267706
2,drug_fingerprint_bit_97,0.04503018388731685
2,drug_fingerprint_bit_140,0.044927243249279956
2,drug_fingerprint_bit_143,0.044703115793459376
2,fingerprint_H_bit_219,0.04450633367881599
2,fingerprint_H_bit_63,0.04433570047334588
2,fingerprint_H_bit_134,0.04193948110887071
2,drug_molecular_weight_sum_fullmolecularfeaturizer,0.041143943192804046
2,drug_fingerprint_bit_247,0.04100205337166453
2,fingerprint_H_bit_106,0.04064701603532491
2,fingerprint_H_bit_68,0.04042058191633106
2,drug_fingerprint_bit_223,0.038638010393105805
2,drug_fingerprint_bit_27,0.03859948050447245
2,poly_topological_surface_area_sum_fullpolymerfeaturizer,0.03785077573171721
2,drug_fingerprint_bit_67,0.03733690763724821
2,drug_fingerprint_bit_139,0.03686438162221663
2,drug_fingerprint_bit_156,0.03668491705439398
2,drug_fingerprint_bit_57,0.03610481014153793
2,drug_fingerprint_bit_119,0.03545576016369588
2,drug_fingerprint_bit_78,0.035384107664602385
2,drug_fingerprint_bit_22,0.035303685499201376
2,drug_fingerprint_bit_252,0.03509369138592778
2,drug_fingerprint_bit_82,0.03507571958551673
2,drug_fingerprint_bit_226,0.035013860726359
2,poly_num_non_aromatic_rings_sum_backbonefeaturizer,0.0348979510399261
2,drug_fingerprint_bit_80,0.03069365760874499
2,fingerprint_H_bit_112,0.030314392174851372
2,poly_sp3_carbon_count_sum_fullpolymerfeaturizer,0.02990504669286723
2,drug_fingerprint_bit_212,0.028984098666641377
2,fingerprint_H_bit_30,0.02871734342471902
2,drug_fingerprint_bit_121,0.028692200757672648
2,drug_fingerprint_bit_135,0.02782900038148563
2,drug_fingerprint_bit_60,0.027813463208543023
2,drug_num_non_aromatic_rings_sum_fullmolecularfeaturizer,0.027716451724794675
2,drug_fingerprint_bit_85,0.027637130657390575
2,fingerprint_H_bit_114,0.027062294009604214
2,drug_fingerprint_bit_245,0.02663956906724216
2,drug_fingerprint_bit_235,0.02492605904139921
2,drug_fingerprint_bit_72,0.024898084898675548
2,fingerprint_H_bit_224,0.024869150690149295
2,drug_fingerprint_bit_240,0.024404098636125946
2,drug_fingerprint_bit_222,0.024153058678242165
2,drug_fingerprint_bit_59,0.023879693497034005
2,drug_fingerprint_bit_47,0.023616778444708608
2,fingerprint_H_bit_158,0.023312590839122148
2,drug_fingerprint_bit_149,0.023037697932428887
2,drug_fingerprint_bit_56,0.022620985069506556
2,fingerprint_H_bit_174,0.022412115354194073
2,drug_fingerprint_bit_218,0.02203791888275544
2,poly_molecular_weight_sum_fullpolymerfeaturizer,0.021373831699214
2,poly_balaban_j_index_sum_fullpolymerfeaturizer,0.01974167852404391
2,poly_num_aliphatic_heterocycles_sum_fullpolymerfeaturizer,0.019467316542802187
2,fingerprint_H_bit_205,0.018660305276767233
2,fingerprint_H_bit_34,0.01852831884893665
2,fingerprint_H_bit_116,0.01832887998035087
2,drug_fingerprint_bit_219,0.018002026115019505
2,drug_fingerprint_bit_134,0.017995174911363772
2,drug_double_bonds_sum_fullmolecularfeaturizer,0.017680163896837166
2,poly_num_aliphatic_heterocycles_sum_backbonefeaturizer,0.01765871908056415
2,fingerprint_H_bit_26,0.017628663841037673
2,drug_fingerprint_bit_38,0.01752973259611202
2,drug_fingerprint_bit_19,0.017232281736537885
2,drug_fingerprint_bit_90,0.01710136243799839
2,drug_fingerprint_bit_62,0.01648984999516519
2,drug_fingerprint_bit_61,0.015914622460826106
2,drug_fingerprint_bit_52,0.01459361072098962
2,fingerprint_H_bit_98,0.01457612637328939
2,drug_fingerprint_bit_16,0.014531302664420074
2,drug_fingerprint_bit_129,0.013844168206870225
2,drug_fingerprint_bit_31,0.011675002532530454
2,drug_fingerprint_bit_20,0.011408736347848622
2,drug_fingerprint_bit_187,0.011191527488378736
2,drug_fingerprint_bit_94,0.01017595412908036
2,poly_slogp_vsa1_sidechainfeaturizer_sum,0.01011572974862372
2,drug_fingerprint_bit_154,0.008608947052004172
2,drug_fingerprint_bit_161,0.008405381320048758
2,poly_heteroatom_density_sum_backbonefeaturizer,0.008302453870511064
2,fingerprint_H_bit_65,0.007012791835992952
2,drug_fingerprint_bit_101,0.006971487070050139
2,drug_fingerprint_bit_182,0.006610215825263237
2,drug_fingerprint_bit_14,0.006518396742887749
2,drug_fingerprint_bit_70,0.005280011653304305
2,drug_fingerprint_bit_109,0.00508612062020277
2,fingerprint_H_bit_131,0.004986296230507582
2,drug_fingerprint_bit_173,0.003877768286274032
2,drug_fingerprint_bit_238,0.003837250416904791
2,drug_fingerprint_bit_122,0.002558742417431703
2,drug_fingerprint_bit_83,0.00022463454615121288
2,fingerprint_H_bit_233,6.112450061018793e-05
2,fingerprint_H_bit_221,0.0
2,fingerprint_H_bit_223,0.0
2,fingerprint_H_bit_203,0.0
2,fingerprint_H_bit_109,0.0
2,fingerprint_H_bit_202,0.0
2,fingerprint_H_bit_110,0.0
2,fingerprint_H_bit_199,0.0
2,fingerprint_H_bit_225,0.0
2,fingerprint_H_bit_5,0.0
2,drug_fingerprint_bit_102,0.0
2,drug_fingerprint_bit_98,0.0
2,fingerprint_H_bit_198,0.0
2,drug_fingerprint_bit_89,0.0
2,drug_fingerprint_bit_88,0.0
2,fingerprint_H_bit_3,0.0
2,drug_fingerprint_bit_87,0.0
2,fingerprint_H_bit_11,0.0
2,drug_fingerprint_bit_51,0.0
2,fingerprint_H_bit_36,0.0
2,fingerprint_H_bit_35,0.0
2,fingerprint_H_bit_12,0.0
2,fingerprint_H_bit_31,0.0
2,fingerprint_H_bit_14,0.0
2,fingerprint_H_bit_29,0.0
2,fingerprint_H_bit_15,0.0
2,fingerprint_H_bit_252,0.0
2,fingerprint_H_bit_17,0.0
2,fingerprint_H_bit_76,0.0
2,fingerprint_H_bit_75,0.0
2,fingerprint_H_bit_24,0.0
2,fingerprint_H_bit_25,0.0
2,fingerprint_H_bit_74,0.0
2,fingerprint_H_bit_231,0.0
2,fingerprint_H_bit_253,0.0
2,fingerprint_H_bit_23,0.0
2,fingerprint_H_bit_230,0.0
2,fingerprint_H_bit_229,0.0
2,fingerprint_H_bit_228,0.0
2,drug_fingerprint_bit_254,0.0
2,fingerprint_H_bit_16,0.0
2,fingerprint_H_bit_190,0.0
2,fingerprint_H_bit_157,0.0
2,fingerprint_H_bit_156,0.0
2,fingerprint_H_bit_154,0.0
2,fingerprint_H_bit_189,0.0
2,fingerprint_H_bit_188,0.0
2,fingerprint_H_bit_187,0.0
2,fingerprint_H_bit_184,0.0
2,fingerprint_H_bit_181,0.0
2,drug_fingerprint_bit_123,0.0
2,fingerprint_H_bit_4,0.0
2,drug_fingerprint_bit_68,0.0
2,fingerprint_H_bit_19,0.0
2,fingerprint_H_bit_168,0.0
2,drug_fingerprint_bit_176,0.0
2,drug_fingerprint_bit_157,0.0
2,fingerprint_H_bit_169,0.0
2,fingerprint_H_bit_170,0.0
2,drug_fingerprint_bit_244,0.0
2,fingerprint_H_bit_127,0.0
2,fingerprint_H_bit_10,0.0
2,drug_iodine_count_sum_fullmolecularfeaturizer,0.0
2,fingerprint_H_bit_111,0.0
2,fingerprint_H_bit_20,0.0
2,fingerprint_H_bit_124,0.0
2,fingerprint_H_bit_126,0.0
2,drug_fingerprint_bit_198,0.0
2,drug_fingerprint_bit_195,0.0
2,fingerprint_H_bit_108,0.0
2,fingerprint_H_bit_6,0.0
2,drug_fingerprint_bit_190,0.0
2,drug_fingerprint_bit_112,0.0
2,fingerprint_H_bit_215,0.0
2,fingerprint_H_bit_211,0.0
2,fingerprint_H_bit_210,0.0
2,fingerprint_H_bit_191,0.0
2,fingerprint_H_bit_235,0.0
2,fingerprint_H_bit_172,0.0
2,fingerprint_H_bit_171,0.0
2,fingerprint_H_bit_208,0.0
2,fingerprint_H_bit_206,0.0
2,fingerprint_H_bit_8,0.0
2,fingerprint_H_bit_9,0.0
2,fingerprint_H_bit_196,0.0
2,fingerprint_H_bit_195,0.0
2,fingerprint_H_bit_194,0.0
2,fingerprint_H_bit_193,0.0
2,fingerprint_H_bit_192,0.0
2,fingerprint_H_bit_209,0.0
2,poly_iodine_count_sidechainfeaturizer_sum,0.0
2,poly_bromine_count_sidechainfeaturizer_sum,0.0
2,poly_chlorine_count_sidechainfeaturizer_sum,0.0
2,poly_fluorine_count_sidechainfeaturizer_sum,0.0
2,poly_total_halogens_sidechainfeaturizer_sum,0.0
2,fingerprint_H_bit_73,0.0
2,fingerprint_H_bit_72,0.0
2,fingerprint_H_bit_71,0.0
2,poly_bridging_rings_count_sum_fullpolymerfeaturizer,0.0
2,poly_triple_bonds_sum_fullpolymerfeaturizer,0.0
2,poly_iodine_count_sum_fullpolymerfeaturizer,0.0
2,fingerprint_H_bit_105,0.0
2,fingerprint_H_bit_104,0.0
2,fingerprint_H_bit_103,0.0
2,fingerprint_H_bit_149,0.0
2,fingerprint_H_bit_101,0.0
2,fingerprint_H_bit_62,0.0
2,fingerprint_H_bit_97,0.0
2,fingerprint_H_bit_96,0.0
2,fingerprint_H_bit_95,0.0
2,fingerprint_H_bit_93,0.0
2,fingerprint_H_bit_92,0.0
2,fingerprint_H_bit_91,0.0
2,fingerprint_H_bit_90,0.0
2,fingerprint_H_bit_153,0.0
2,fingerprint_H_bit_44,0.0
2,fingerprint_H_bit_243,0.0
2,fingerprint_H_bit_242,0.0
2,fingerprint_H_bit_241,0.0
2,fingerprint_H_bit_102,0.0
2,fingerprint_H_bit_0,0.0
2,fingerprint_H_bit_129,0.0
2,drug_triple_bonds_sum_fullmolecularfeaturizer,0.0
2,fingerprint_H_bit_122,0.0
2,fingerprint_H_bit_117,0.0
2,fingerprint_H_bit_2,0.0
2,fingerprint_H_bit_22,0.0
2,fingerprint_H_bit_115,0.0
2,fingerprint_H_bit_180,0.0
2,fingerprint_H_bit_179,0.0
2,fingerprint_H_bit_178,0.0
2,fingerprint_H_bit_177,0.0
2,fingerprint_H_bit_176,0.0
2,fingerprint_H_bit_173,0.0
2,drug_fingerprint_bit_232,0.0
2,drug_fingerprint_bit_166,0.0
2,fingerprint_H_bit_132,0.0
2,drug_bromine_count_sum_fullmolecularfeaturizer,0.0
2,poly_bromine_count_sum_fullpolymerfeaturizer,0.0
2,poly_chlorine_count_sum_fullpolymerfeaturizer,0.0
2,drug_fingerprint_bit_234,0.0
2,poly_fraction_bicyclic_rings_sum_fullpolymerfeaturizer,0.0
2,fingerprint_H_bit_255,0.0
2,fingerprint_H_bit_166,0.0
2,fingerprint_H_bit_165,0.0
2,fingerprint_H_bit_163,0.0
2,fingerprint_H_bit_161,0.0
2,fingerprint_H_bit_160,0.0
2,fingerprint_H_bit_43,0.0
2,poly_bridging_rings_count_sidechainfeaturizer_sum,0.0
2,fingerprint_H_bit_107,0.0
2,drug_fingerprint_bit_9,0.0
2,fingerprint_H_bit_99,0.0
2,fingerprint_H_bit_240,0.0
2,fingerprint_H_bit_239,0.0
2,fingerprint_H_bit_238,0.0
2,poly_fluorine_count_sum_fullpolymerfeaturizer,0.0
2,poly_total_halogens_sum_fullpolymerfeaturizer,0.0
2,fingerprint_H_bit_234,0.0
2,fingerprint_H_bit_88,0.0
2,fingerprint_H_bit_87,0.0
2,fingerprint_H_bit_86,0.0
2,fingerprint_H_bit_83,0.0
2,fingerprint_H_bit_82,0.0
2,fingerprint_H_bit_79,0.0
2,poly_bromine_count_sum_backbonefeaturizer,0.0
2,drug_fingerprint_bit_54,0.0
2,fingerprint_H_bit_152,0.0
2,fingerprint_H_bit_150,0.0
2,fingerprint_H_bit_21,0.0
2,drug_fingerprint_bit_209,0.0
2,fingerprint_H_bit_148,0.0
2,fingerprint_H_bit_146,0.0
2,fingerprint_H_bit_142,0.0
2,fingerprint_H_bit_141,0.0
2,fingerprint_H_bit_140,0.0
2,fingerprint_H_bit_137,0.0
2,fingerprint_H_bit_136,0.0
2,fingerprint_H_bit_135,0.0
2,fingerprint_H_bit_220,0.0
2,fingerprint_H_bit_40,0.0
2,fingerprint_H_bit_77,0.0
2,poly_chlorine_count_sum_backbonefeaturizer,0.0
2,poly_fluorine_count_sum_backbonefeaturizer,0.0
2,poly_total_halogens_sum_backbonefeaturizer,0.0
2,poly_triple_bonds_sidechainfeaturizer_sum,0.0
2,poly_fraction_bicyclic_rings_sum_backbonefeaturizer,0.0
2,fingerprint_H_bit_55,0.0
2,fingerprint_H_bit_51,0.0
2,fingerprint_H_bit_50,0.0
2,fingerprint_H_bit_49,0.0
2,fingerprint_H_bit_47,0.0
2,poly_bridging_rings_count_sum_backbonefeaturizer,0.0
2,poly_triple_bonds_sum_backbonefeaturizer,0.0
2,poly_iodine_count_sum_backbonefeaturizer,0.0
2,fingerprint_H_bit_254,0.0
2,drug_fingerprint_bit_17,0.0
2,fingerprint_H_bit_59,0.0
2,poly_num_aliphatic_heterocycles_sidechainfeaturizer_sum,0.0
2,poly_fraction_bicyclic_rings_sidechainfeaturizer_sum,0.0
2,poly_num_non_aromatic_rings_sidechainfeaturizer_sum,0.0
2,fingerprint_H_bit_250,0.0
2,fingerprint_H_bit_249,0.0
2,fingerprint_H_bit_248,0.0
2,fingerprint_H_bit_247,0.0
2,fingerprint_H_bit_246,0.0
2,fingerprint_H_bit_244,0.0
2,drug_fingerprint_bit_221,0.0
2,drug_fingerprint_bit_220,0.0
2,drug_fingerprint_bit_217,0.0
2,drug_fingerprint_bit_215,0.0
2,drug_fingerprint_bit_21,0.0
2,fingerprint_H_bit_60,0.0
2,fingerprint_H_bit_94,-2.8231385483325407e-15
2,fingerprint_H_bit_200,-6.104164792678343e-13
2,drug_fingerprint_bit_32,-0.000799678062352752
2,drug_fingerprint_bit_171,-0.0012231396319427918
2,drug_fingerprint_bit_13,-0.0016247999222079154
2,drug_fingerprint_bit_231,-0.001909532181607752
2,drug_fingerprint_bit_162,-0.0030324352149148875
2,drug_fingerprint_bit_79,-0.006363263751018399
2,fingerprint_H_bit_245,-0.006459909542141333
2,drug_fingerprint_bit_227,-0.007612995202783357
2,drug_fingerprint_bit_65,-0.008835023748223743
2,poly_heteroatom_density_sum_fullpolymerfeaturizer,-0.009090737884236208
2,drug_num_atoms_sum_fullmolecularfeaturizer,-0.009360523750480576
2,drug_fingerprint_bit_113,-0.01006004223274277
2,drug_fingerprint_bit_179,-0.010945486275750855
2,drug_fingerprint_bit_225,-0.011213017488071448
2,drug_fingerprint_bit_53,-0.012605694918376518
2,drug_fingerprint_bit_250,-0.01294702198256313
2,drug_fingerprint_bit_8,-0.013088066666939362
2,drug_fingerprint_bit_251,-0.014040134347781508
2,fingerprint_H_bit_80,-0.0146289112114157
2,drug_fingerprint_bit_174,-0.015151596019442064
2,drug_fingerprint_bit_55,-0.015186193780501884
2,drug_fingerprint_bit_25,-0.017250568321890505
2,drug_fingerprint_bit_3,-0.02665649220613841
2,fingerprint_H_bit_218,-0.0267179761194965
2,drug_fingerprint_bit_48,-0.027846440868244917
2,drug_fingerprint_bit_124,-0.02785258834121687
2,drug_fingerprint_bit_29,-0.029122103399091017
2,drug_fingerprint_bit_216,-0.029310180861923045
2,fingerprint_H_bit_207,-0.03568948138992066
2,fingerprint_H_bit_32,-0.03653099679451223
2,drug_fingerprint_bit_86,-0.04151948829131967
2,drug_fingerprint_bit_178,-0.04218525353366557
2,drug_fingerprint_bit_192,-0.04435200036720135
2,drug_fingerprint_bit_230,-0.04958104012946136
2,drug_fingerprint_bit_243,-0.06335587090036095
2,drug_fingerprint_bit_248,-0.06725576253232028
2,drug_fingerprint_bit_168,-0.07622404425916586
2,fingerprint_H_bit_38,-0.08015541969243999
2,drug_smr_vsa5_sum_fullmolecularfeaturizer,-0.08874886430155136
2,drug_fingerprint_bit_117,-0.09516974530712466
2,drug_fingerprint_bit_228,-0.10124106448871442
2,drug_slogp_vsa1_sum_fullmolecularfeaturizer,-0.10190432236421261
2,fingerprint_H_bit_39,-0.11417725475369764
2,fingerprint_H_bit_42,-0.11518169492048688
2,fingerprint_H_bit_159,-0.11936002326291566
2,drug_fingerprint_bit_66,-0.12241143022435573
2,drug_fingerprint_bit_40,-0.12318588152078287
2,drug_fingerprint_bit_163,-0.13498105719125233
2,poly_max_estate_index_sum_fullpolymerfeaturizer,-0.14391099595819165
2,drug_fingerprint_bit_158,-0.15019941596087077
2,drug_max_ring_size_sum_fullmolecularfeaturizer,-0.1899821936524657
2,drug_fingerprint_bit_233,-0.19573110144575695
2,drug_num_aliphatic_heterocycles_sum_fullmolecularfeaturizer,-0.1972000285394054
2,poly_heteroatom_count_sum_fullpolymerfeaturizer,-0.2031497751773583
2,logd_at_WATER_PH_H,-0.21156845176498734
2,poly_num_hbond_acceptors_sum_fullpolymerfeaturizer,-0.22341263816313153
2,drug_fingerprint_bit_207,-0.22543579587807075
2,fingerprint_H_bit_147,-0.2525898190752565
2,WATER_PH,-0.2543778304236159
2,fingerprint_H_bit_183,-0.26064553301140775
2,fingerprint_H_bit_138,-0.261977718530176
2,fingerprint_H_bit_125,-0.2623228865902392
2,fingerprint_H_bit_120,-0.26408993663163505
2,drug_fingerprint_bit_81,-0.2678093884685914
2,drug_fingerprint_bit_167,-0.28292235173976665
2,drug_fingerprint_bit_186,-0.2870696900921841
2,drug_fingerprint_bit_0,-0.3076906568194993
2,fingerprint_H_bit_251,-0.3972030088924759
2,drug_fingerprint_bit_107,-0.4483428139917705
2,fingerprint_H_bit_13,-0.6091386646048678
2,CONCENTRATION,-0.8211610633112568
2,drug_fingerprint_bit_104,-1.129000496598964
2,drug_heteroatom_density_sum_fullmolecularfeaturizer,-1.1909084147322029
2,drug_fingerprint_bit_100,-2.6126935401723324
2,drug_fingerprint_bit_205,-4.210207846066486
3,poly_sp2_carbon_count_sum_backbonefeaturizer,5.2283712938645674
3,poly_num_rings_sum_backbonefeaturizer,4.8644224868766415
3,poly_slogp_vsa1_sum_backbonefeaturizer,3.779662283930958
3,poly_molecular_weight_sum_backbonefeaturizer,3.334941959624106
3,fingerprint_H_bit_1,3.290243868979385
3,drug_fingerprint_bit_91,3.255678857831037
3,poly_num_hbond_donors_sum_backbonefeaturizer,3.1233664181044225
3,fingerprint_H_bit_33,2.928666462828307
3,drug_fingerprint_bit_111,2.897027495400853
3,poly_fp_density_morgan1_sum_backbonefeaturizer,2.5146055061388717
3,poly_fp_density_morgan1_sidechainfeaturizer_sum,2.431320867731606
3,poly_slogp_vsa1_sum_fullpolymerfeaturizer,2.400829107889837
3,fingerprint_H_bit_53,2.3512047049842133
3,poly_num_atoms_sum_backbonefeaturizer,2.214499630266984
3,poly_max_estate_index_sidechainfeaturizer_sum,2.211550114171557
3,poly_fp_density_morgan1_sum_fullpolymerfeaturizer,2.1869405654977276
3,poly_heteroatom_density_sidechainfeaturizer_sum,2.013961644676591
3,poly_num_aromatic_rings_sum_backbonefeaturizer,1.8583893520192016
3,poly_topological_surface_area_sum_backbonefeaturizer,1.8346566090809386
3,drug_charge_at_WATER_PH,1.7435888612822072
3,logd_at_WATER_PH_H,1.6795518951757542
3,poly_single_bonds_sum_backbonefeaturizer,1.6672667124733418
3,poly_num_rotatable_bonds_sum_backbonefeaturizer,1.6329941476272023
3,poly_num_rings_sum_fullpolymerfeaturizer,1.5060439957064449
3,fingerprint_H_bit_128,1.481510064577899
3,fingerprint_H_bit_213,1.4736361518022447
3,poly_num_hbond_acceptors_sum_backbonefeaturizer,1.436223599151122
3,poly_num_aromatic_rings_sum_fullpolymerfeaturizer,1.390782158068976
3,drug_logd_at_WATER_PH,1.375167931156345
3,fingerprint_H_bit_159,1.3607394064044418
3,drug_fingerprint_bit_214,1.340404194268679
3,drug_fingerprint_bit_110,1.312975339376637
3,fingerprint_H_bit_139,1.256580365721809
3,fingerprint_H_bit_64,1.2482130040481487
3,drug_fingerprint_bit_138,1.2183923076492107
3,poly_max_ring_size_sidechainfeaturizer_sum,1.1905502955280582
3,fingerprint_H_bit_41,1.1414264809217463
3,drug_fingerprint_bit_147,1.0917548758987947
3,fingerprint_H_bit_232,1.0790397069309419
3,poly_heteroatom_count_sum_backbonefeaturizer,1.074727139585192
3,fingerprint_H_bit_204,1.0441107043208155
3,fingerprint_H_bit_85,1.0222803135603855
3,poly_num_hbond_donors_sidechainfeaturizer_sum,1.0038479392659436
3,poly_num_atoms_sidechainfeaturizer_sum,0.9906187321231906
3,fingerprint_H_bit_133,0.971690027535125
3,fingerprint_H_bit_54,0.9374505595018582
3,fingerprint_H_bit_28,0.9321821271594573
3,poly_double_bonds_sum_backbonefeaturizer,0.9321765451277422
3,drug_sp2_carbon_count_sum_fullmolecularfeaturizer,0.9309826938295965
3,fingerprint_H_bit_183,0.9250909392218195
3,drug_num_aromatic_rings_sum_fullmolecularfeaturizer,0.8874666127166285
3,poly_sp2_carbon_count_sidechainfeaturizer_sum,0.8593573662146101
3,drug_fingerprint_bit_213,0.8477172086594285
3,fingerprint_H_bit_113,0.8462125506868409
3,fingerprint_H_bit_45,0.8454597780128174
3,poly_topological_surface_area_sidechainfeaturizer_sum,0.8412824950639256
3,lumo_eV_H,0.8404776101043373
3,fingerprint_H_bit_217,0.8162597223029374
3,drug_balaban_j_index_sum_fullmolecularfeaturizer,0.7965015512830517
3,fingerprint_H_bit_84,0.791393945860352
3,poly_single_bonds_sidechainfeaturizer_sum,0.7908935954101554
3,fingerprint_H_bit_100,0.7905436020433495
3,fingerprint_H_bit_222,0.7698103351049349
3,fingerprint_H_bit_147,0.7413623211303906
3,drug_fingerprint_bit_188,0.7347706480535237
3,fingerprint_H_bit_151,0.7251251209137967
3,poly_num_hbond_acceptors_sidechainfeaturizer_sum,0.7163401273183732
3,poly_num_aromatic_rings_sidechainfeaturizer_sum,0.7034681238200097
3,drug_fingerprint_bit_160,0.6895468983115135
3,poly_molecular_weight_sidechainfeaturizer_sum,0.6716100416205588
3,fingerprint_H_bit_167,0.6603661189842746
3,poly_max_ring_size_sum_fullpolymerfeaturizer,0.6520901397202864
3,drug_fingerprint_bit_159,0.6497343441525637
3,poly_smr_vsa5_sidechainfeaturizer_sum,0.6314341613416089
3,poly_sp3_carbon_count_sum_backbonefeaturizer,0.6248462671550185
3,drug_fingerprint_bit_81,0.5981061294165082
3,poly_smr_vsa5_sum_backbonefeaturizer,0.5895701948998463
3,drug_fingerprint_bit_128,0.5882403583981209
3,fingerprint_H_bit_245,0.5853822841927465
3,drug_fingerprint_bit_180,0.5706422675077664
3,fingerprint_H_bit_67,0.5554442342276091
3,fingerprint_H_bit_175,0.5526501601931593
3,drug_fingerprint_bit_115,0.5439563384965992
3,fingerprint_H_bit_78,0.5263153801114459
3,drug_fingerprint_bit_49,0.5225067734236178
3,poly_heteroatom_density_sum_fullpolymerfeaturizer,0.5222554688562884
3,drug_fingerprint_bit_246,0.5190931977168389
3,drug_fingerprint_bit_164,0.5080193609988818
3,poly_sp3_carbon_count_sidechainfeaturizer_sum,0.48535574754923927
3,drug_num_hbond_donors_sum_fullmolecularfeaturizer,0.4573203714956229
3,drug_fingerprint_bit_189,0.4559565817790507
3,drug_fingerprint_bit_155,0.43610377401313605
3,poly_balaban_j_index_sidechainfeaturizer_sum,0.4217844931757934
3,drug_fingerprint_bit_64,0.4204135759662017
3,drug_fingerprint_bit_22,0.4142340060104067
3,drug_fingerprint_bit_24,0.40676437075779187
3,drug_fingerprint_bit_200,0.3880585093796386
3,fingerprint_H_bit_155,0.38546640967947166
3,drug_fingerprint_bit_6,0.38538661621062636
3,drug_heteroatom_count_sum_fullmolecularfeaturizer,0.38519425389332046
3,drug_fingerprint_bit_203,0.38306779217661757
3,poly_heteroatom_count_sidechainfeaturizer_sum,0.3779860444627312
3,fingerprint_H_bit_214,0.37648520648905953
3,fingerprint_H_bit_182,0.3756261891556588
3,fingerprint_H_bit_27,0.37514481563417473
3,drug_fingerprint_bit_165,0.37225723029742147
3,fingerprint_H_bit_197,0.3629123627118093
3,fingerprint_H_bit_251,0.36019528115657445
3,drug_fingerprint_bit_133,0.3572358215865498
3,fingerprint_H_bit_218,0.35690241361979663
3,drug_fingerprint_bit_184,0.35506615882813186
3,drug_fingerprint_bit_253,0.3529773374030468
3,drug_fingerprint_bit_10,0.3445810860311712
3,drug_fingerprint_bit_206,0.3431862052149378
3,drug_logp,0.3426794943458327
3,logp_H,0.34128297977200445
3,drug_fingerprint_bit_105,0.33890663164078066
3,fingerprint_H_bit_237,0.3357384941988431
3,fingerprint_H_bit_119,0.33479812342930815
3,fingerprint_H_bit_13,0.333892929759683
3,drug_fingerprint_bit_74,0.3319828138605033
3,drug_fingerprint_bit_201,0.32972903182850527
3,drug_fingerprint_bit_63,0.3176683532541399
3,drug_fingerprint_bit_137,0.31216459550056314
3,drug_fingerprint_bit_120,0.3116599320198148
3,drug_fingerprint_bit_216,0.30659247496107545
3,drug_fingerprint_bit_15,0.30490274124169325
3,fingerprint_H_bit_48,0.2998784038839328
3,drug_topological_surface_area_sum_fullmolecularfeaturizer,0.29287966188088876
3,poly_num_rotatable_bonds_sidechainfeaturizer_sum,0.28700895499993845
3,drug_fingerprint_bit_4,0.2843556625320859
3,drug_bridging_rings_count_sum_fullmolecularfeaturizer,0.2838327432099317
3,drug_fingerprint_bit_45,0.2796012017446245
3,drug_total_halogens_sum_fullmolecularfeaturizer,0.2784562242581031
3,drug_fingerprint_bit_73,0.2712639204898137
3,poly_num_rings_sidechainfeaturizer_sum,0.26860431818166486
3,drug_fingerprint_bit_181,0.26454625955605104
3,drug_fingerprint_bit_151,0.2645303213164829
3,fingerprint_H_bit_58,0.2610468365453223
3,fingerprint_H_bit_118,0.2502123277892975
3,drug_fingerprint_bit_242,0.24981902800538905
3,drug_fingerprint_bit_240,0.24732434442001358
3,drug_fingerprint_bit_50,0.2471302863974628
3,drug_fingerprint_bit_71,0.24009416893558586
3,drug_num_rings_sum_fullmolecularfeaturizer,0.23985264085924088
3,fingerprint_H_bit_52,0.23888398779006673
3,drug_fingerprint_bit_142,0.2388715539151703
3,drug_fingerprint_bit_36,0.23537432211190099
3,drug_fingerprint_bit_46,0.22315486397476558
3,drug_fingerprint_bit_197,0.2175823523587896
3,drug_num_aliphatic_heterocycles_sum_fullmolecularfeaturizer,0.21435665894475248
3,drug_fingerprint_bit_83,0.20696142892293024
3,drug_fingerprint_bit_252,0.20186408908664152
3,drug_fingerprint_bit_249,0.2015492842667785
3,drug_fingerprint_bit_28,0.19972660011008436
3,drug_fingerprint_bit_35,0.19840748075710074
3,drug_fingerprint_bit_39,0.19337525006011536
3,poly_num_hbond_donors_sum_fullpolymerfeaturizer,0.19226682457938546
3,drug_fingerprint_bit_196,0.1858797295076379
3,drug_fingerprint_bit_75,0.1854656308729453
3,drug_fingerprint_bit_194,0.1849070480635364
3,poly_double_bonds_sidechainfeaturizer_sum,0.18240416866636683
3,fingerprint_H_bit_56,0.1816959583643478
3,fingerprint_H_bit_70,0.181210481640921
3,drug_fingerprint_bit_119,0.18045871576563918
3,drug_fingerprint_bit_212,0.17975551851300553
3,drug_fingerprint_bit_202,0.17841253842659274
3,drug_fingerprint_bit_11,0.1747657914676672
3,drug_fingerprint_bit_237,0.17437509792582073
3,drug_fingerprint_bit_226,0.17364149003837528
3,fingerprint_H_bit_89,0.1628120222316405
3,drug_fingerprint_bit_33,0.16100095886650362
3,drug_fingerprint_bit_136,0.16029979693323623
3,drug_fingerprint_bit_106,0.15892826002172336
3,drug_fingerprint_bit_224,0.15197904113377256
3,drug_fingerprint_bit_42,0.14603949859388735
3,drug_fingerprint_bit_18,0.14198322463701069
3,drug_fingerprint_bit_175,0.14173493785113472
3,fingerprint_H_bit_227,0.1380160438661178
3,drug_fingerprint_bit_185,0.135377498772777
3,poly_double_bonds_sum_fullpolymerfeaturizer,0.1307030254232236
3,drug_fingerprint_bit_177,0.12768996282103964
3,drug_fingerprint_bit_150,0.1265081528126572
3,fingerprint_H_bit_81,0.12502818524072992
3,poly_sp2_carbon_count_sum_fullpolymerfeaturizer,0.12475783789967228
3,drug_fingerprint_bit_229,0.12369900072997722
3,poly_sp3_carbon_count_sum_fullpolymerfeaturizer,0.12272525474338226
3,drug_homo_eV,0.11840603741691312
3,drug_fingerprint_bit_140,0.11592228879102968
3,drug_num_rotatable_bonds_sum_fullmolecularfeaturizer,0.11585072647192897
3,fingerprint_H_bit_236,0.11465023527802197
3,poly_num_rotatable_bonds_sum_fullpolymerfeaturizer,0.11435374913229202
3,drug_fingerprint_bit_218,0.11257305354300075
3,drug_fingerprint_bit_145,0.11048068484757023
3,drug_fingerprint_bit_41,0.10932733673894905
3,drug_fingerprint_bit_148,0.10903570460103572
3,drug_fingerprint_bit_27,0.1079135221979686
3,drug_fingerprint_bit_5,0.10685578487521917
3,drug_fingerprint_bit_130,0.10563478185726789
3,drug_fingerprint_bit_7,0.10467410069091251
3,fingerprint_H_bit_57,0.10387872386200438
3,fingerprint_H_bit_162,0.10201354050163368
3,drug_lumo_eV,0.10194140855233055
3,fingerprint_H_bit_37,0.10042026973098625
3,drug_fingerprint_bit_139,0.09976351687785323
3,fingerprint_H_bit_123,0.09777615777508451
3,fingerprint_H_bit_226,0.09727492321723442
3,drug_fingerprint_bit_60,0.09659052569455093
3,drug_fingerprint_bit_204,0.09628672886004673
3,drug_fingerprint_bit_127,0.09468305736349784
3,drug_fingerprint_bit_43,0.09467368403449763
3,drug_fingerprint_bit_77,0.09379061731540748
3,drug_sp3_carbon_count_sum_fullmolecularfeaturizer,0.09303911541645918
3,drug_fingerprint_bit_132,0.0923082598668599
3,drug_fingerprint_bit_116,0.09222357128571997
3,drug_fingerprint_bit_146,0.09124288648278855
3,drug_fingerprint_bit_37,0.09053448470890844
3,drug_fingerprint_bit_122,0.08912499916129898
3,fingerprint_H_bit_134,0.08790354474491606
3,drug_fingerprint_bit_239,0.08029711381402785
3,drug_fingerprint_bit_12,0.07985423322334029
3,drug_fingerprint_bit_250,0.0785046037313873
3,drug_fingerprint_bit_34,0.07803639356700805
3,drug_max_estate_index_sum_fullmolecularfeaturizer,0.07516445632433226
3,drug_fingerprint_bit_191,0.07351005935592889
3,drug_fingerprint_bit_1,0.07128994134687303
3,fingerprint_H_bit_174,0.07038859214871726
3,drug_fingerprint_bit_85,0.06889165166483431
3,drug_fingerprint_bit_156,0.06767415751658516
3,fingerprint_H_bit_30,0.0657654803286588
3,drug_fingerprint_bit_125,0.06493292342385479
3,drug_fingerprint_bit_223,0.063888827945316
3,drug_fingerprint_bit_236,0.06344161704548339
3,drug_fingerprint_bit_30,0.06244420766373888
3,drug_fingerprint_bit_101,0.06236022260416372
3,drug_fingerprint_bit_94,0.06224770768492464
3,fingerprint_H_bit_98,0.06193284334757458
3,drug_fingerprint_bit_69,0.06111289053285913
3,drug_fingerprint_bit_169,0.05996779948194136
3,poly_slogp_vsa1_sidechainfeaturizer_sum,0.05933802329624234
3,drug_fingerprint_bit_118,0.058436178094034875
3,drug_fingerprint_bit_97,0.058368426323497986
3,drug_fingerprint_bit_199,0.057951347894457265
3,fingerprint_H_bit_32,0.05775876612879898
3,fingerprint_H_bit_112,0.057029450339736845
3,drug_fingerprint_bit_57,0.056374629829580004
3,drug_fingerprint_bit_183,0.054804342746948745
3,drug_fingerprint_bit_108,0.05454416551373265
3,drug_fingerprint_bit_193,0.05373568753308481
3,drug_fingerprint_bit_126,0.05330130365449287
3,fingerprint_H_bit_68,0.052432071575270696
3,drug_fingerprint_bit_92,0.05222855638689312
3,drug_fingerprint_bit_82,0.051895597955318444
3,drug_fingerprint_bit_247,0.05114027803702153
3,drug_fingerprint_bit_114,0.04857811613352442
3,drug_fingerprint_bit_52,0.04739877460009658
3,drug_fingerprint_bit_161,0.046963856047729666
3,drug_fingerprint_bit_72,0.04508210023227067
3,fingerprint_H_bit_212,0.044188656191119384
3,fingerprint_H_bit_205,0.044118888486463115
3,drug_fingerprint_bit_153,0.043854227346868564
3,drug_fingerprint_bit_227,0.0434386182201588
3,drug_fingerprint_bit_61,0.04304222744349279
3,drug_fingerprint_bit_238,0.04235843367791349
3,fingerprint_H_bit_66,0.04190806859216799
3,fingerprint_H_bit_26,0.04171547990658664
3,homo_eV_H,0.04160124282039447
3,poly_num_aliphatic_heterocycles_sum_fullpolymerfeaturizer,0.04116135450444897
3,drug_fingerprint_bit_187,0.04089482129717603
3,poly_num_aliphatic_heterocycles_sum_backbonefeaturizer,0.04086727244093121
3,drug_fingerprint_bit_67,0.04085753822733896
3,drug_fingerprint_bit_154,0.04071313057585595
3,fingerprint_H_bit_34,0.040346540094211916
3,drug_fingerprint_bit_23,0.03981733156897548
3,drug_fingerprint_bit_2,0.03919872835323349
3,drug_fingerprint_bit_78,0.03901143714593537
3,drug_fingerprint_bit_90,0.03894008337971911
3,drug_fingerprint_bit_219,0.03863847775057971
3,drug_fraction_bicyclic_rings_sum_fullmolecularfeaturizer,0.03782568078778332
3,drug_fingerprint_bit_208,0.036515445848698765
3,drug_fingerprint_bit_231,0.03495496996320742
3,fingerprint_H_bit_144,0.034898754390362205
3,poly_max_estate_index_sum_backbonefeaturizer,0.034843893978701794
3,drug_fingerprint_bit_32,0.03483232613730605
3,drug_fp_density_morgan1_sum_fullmolecularfeaturizer,0.0332652294887485
3,fingerprint_H_bit_233,0.03304948399949702
3,poly_num_non_aromatic_rings_sum_fullpolymerfeaturizer,0.032525220541684594
3,drug_fingerprint_bit_171,0.03249809543929009
3,drug_fingerprint_bit_172,0.03222054558051698
3,fingerprint_H_bit_46,0.032205936647858986
3,fingerprint_H_bit_185,0.03190510439712687
3,drug_fingerprint_bit_152,0.0318449505528382
3,drug_fingerprint_bit_76,0.031250372598900476
3,drug_fingerprint_bit_103,0.030766508624358275
3,fingerprint_H_bit_131,0.030492573838756167
3,drug_fingerprint_bit_56,0.030349157780983984
3,drug_fingerprint_bit_235,0.029424120783517686
3,drug_fingerprint_bit_222,0.02790050072558082
3,drug_fingerprint_bit_16,0.027870089562812044
3,poly_num_hbond_acceptors_sum_fullpolymerfeaturizer,0.027815867943303395
3,drug_fingerprint_bit_47,0.027640278689038823
3,drug_fingerprint_bit_170,0.02736805996419473
3,fingerprint_H_bit_69,0.025841953356712244
3,fingerprint_H_bit_63,0.025191485447602985
3,fingerprint_H_bit_106,0.025031109415944386
3,drug_fingerprint_bit_70,0.024497915764342144
3,drug_fingerprint_bit_134,0.024029531123108665
3,fingerprint_H_bit_65,0.023299777055309872
3,drug_fingerprint_bit_93,0.021857320290813616
3,fingerprint_H_bit_116,0.021086069777430754
3,drug_fingerprint_bit_44,0.02083475378711496
3,drug_fingerprint_bit_59,0.020579347681500486
3,drug_fingerprint_bit_135,0.020504993081943708
3,drug_fingerprint_bit_109,0.01948535787421676
3,drug_fingerprint_bit_211,0.019396114640721045
3,drug_fluorine_count_sum_fullmolecularfeaturizer,0.01933920051490807
3,fingerprint_H_bit_219,0.01926556336032879
3,fingerprint_H_bit_18,0.018761130615107223
3,fingerprint_H_bit_114,0.018466173514594366
3,drug_fingerprint_bit_141,0.018299629572282088
3,drug_fingerprint_bit_96,0.018184840491376936
3,drug_fingerprint_bit_173,0.016826283602342364
3,drug_fingerprint_bit_58,0.016817299586747596
3,drug_fingerprint_bit_162,0.016221472861986504
3,fingerprint_H_bit_158,0.01491305374122831
3,drug_fingerprint_bit_26,0.014474730724418353
3,drug_fingerprint_bit_14,0.011855545910130688
3,drug_fingerprint_bit_8,0.011812122863683938
3,fingerprint_H_bit_61,0.01086051542249637
3,fingerprint_H_bit_143,0.010842622613817495
3,drug_fingerprint_bit_19,0.008281249280825484
3,fingerprint_H_bit_216,0.00824401474443726
3,drug_double_bonds_sum_fullmolecularfeaturizer,0.006189083756737482
3,drug_fingerprint_bit_31,0.004304399404013916
3,drug_fingerprint_bit_149,0.004190114097092924
3,drug_chlorine_count_sum_fullmolecularfeaturizer,0.004143633987070897
3,drug_fingerprint_bit_62,0.003571301868104298
3,poly_num_non_aromatic_rings_sum_backbonefeaturizer,0.0028693251223324092
3,fingerprint_H_bit_121,0.0023411980447437925
3,drug_fingerprint_bit_20,0.0013232280482741007
3,drug_fingerprint_bit_65,0.00046347531123712226
3,fingerprint_H_bit_164,0.0002488087137670268
3,drug_fingerprint_bit_13,0.00020691766038793968
3,fingerprint_H_bit_224,0.00014980889765137118
3,drug_fingerprint_bit_245,0.00014500488140860895
3,drug_fingerprint_bit_53,2.468534015756728e-06
3,fingerprint_H_bit_91,0.0
3,fingerprint_H_bit_92,0.0
3,fingerprint_H_bit_86,0.0
3,fingerprint_H_bit_87,0.0
3,fingerprint_H_bit_90,0.0
3,fingerprint_H_bit_88,0.0
3,poly_chlorine_count_sidechainfeaturizer_sum,0.0
3,fingerprint_H_bit_31,0.0
3,poly_fluorine_count_sidechainfeaturizer_sum,0.0
3,poly_total_halogens_sidechainfeaturizer_sum,0.0
3,poly_num_non_aromatic_rings_sidechainfeaturizer_sum,0.0
3,fingerprint_H_bit_93,0.0
3,poly_num_aliphatic_heterocycles_sidechainfeaturizer_sum,0.0
3,poly_fraction_bicyclic_rings_sidechainfeaturizer_sum,0.0
3,drug_fingerprint_bit_217,0.0
3,drug_fingerprint_bit_220,0.0
3,drug_fingerprint_bit_209,0.0
3,drug_fingerprint_bit_215,0.0
3,fingerprint_H_bit_44,0.0
3,fingerprint_H_bit_43,0.0
3,drug_fingerprint_bit_244,0.0
3,drug_fingerprint_bit_221,0.0
3,fingerprint_H_bit_74,0.0
3,fingerprint_H_bit_76,0.0
3,fingerprint_H_bit_77,0.0
3,poly_total_halogens_sum_backbonefeaturizer,0.0
3,poly_fluorine_count_sum_backbonefeaturizer,0.0
3,poly_chlorine_count_sum_backbonefeaturizer,0.0
3,poly_bromine_count_sum_backbonefeaturizer,0.0
3,poly_iodine_count_sum_backbonefeaturizer,0.0
3,poly_triple_bonds_sum_backbonefeaturizer,0.0
3,poly_bridging_rings_count_sum_backbonefeaturizer,0.0
3,fingerprint_H_bit_250,0.0
3,fingerprint_H_bit_40,0.0
3,poly_bromine_count_sidechainfeaturizer_sum,0.0
3,poly_iodine_count_sidechainfeaturizer_sum,0.0
3,poly_triple_bonds_sidechainfeaturizer_sum,0.0
3,poly_bridging_rings_count_sidechainfeaturizer_sum,0.0
3,drug_bromine_count_sum_fullmolecularfeaturizer,0.0
3,fingerprint_H_bit_136,0.0
3,drug_fingerprint_bit_9,0.0
3,fingerprint_H_bit_29,0.0
3,fingerprint_H_bit_25,0.0
3,poly_fraction_bicyclic_rings_sum_fullpolymerfeaturizer,0.0
3,fingerprint_H_bit_111,0.0
3,fingerprint_H_bit_73,0.0
3,fingerprint_H_bit_140,0.0
3,fingerprint_H_bit_141,0.0
3,fingerprint_H_bit_110,0.0
3,fingerprint_H_bit_137,0.0
3,drug_iodine_count_sum_fullmolecularfeaturizer,0.0
3,fingerprint_H_bit_135,0.0
3,fingerprint_H_bit_72,0.0
3,fingerprint_H_bit_71,0.0
3,fingerprint_H_bit_108,0.0
3,fingerprint_H_bit_109,0.0
3,fingerprint_H_bit_238,0.0
3,fingerprint_H_bit_239,0.0
3,fingerprint_H_bit_240,0.0
3,fingerprint_H_bit_241,0.0
3,fingerprint_H_bit_252,0.0
3,fingerprint_H_bit_253,0.0
3,fingerprint_H_bit_254,0.0
3,fingerprint_H_bit_255,0.0
3,fingerprint_H_bit_235,0.0
3,fingerprint_H_bit_95,0.0
3,drug_fingerprint_bit_17,0.0
3,fingerprint_H_bit_107,0.0
3,fingerprint_H_bit_62,0.0
3,poly_fraction_bicyclic_rings_sum_backbonefeaturizer,0.0
3,fingerprint_H_bit_117,0.0
3,fingerprint_H_bit_115,0.0
3,fingerprint_H_bit_83,0.0
3,fingerprint_H_bit_82,0.0
3,fingerprint_H_bit_79,0.0
3,poly_bridging_rings_count_sum_fullpolymerfeaturizer,0.0
3,poly_triple_bonds_sum_fullpolymerfeaturizer,0.0
3,poly_iodine_count_sum_fullpolymerfeaturizer,0.0
3,poly_bromine_count_sum_fullpolymerfeaturizer,0.0
3,poly_chlorine_count_sum_fullpolymerfeaturizer,0.0
3,poly_fluorine_count_sum_fullpolymerfeaturizer,0.0
3,poly_total_halogens_sum_fullpolymerfeaturizer,0.0
3,fingerprint_H_bit_36,0.0
3,fingerprint_H_bit_35,0.0
3,drug_triple_bonds_sum_fullmolecularfeaturizer,0.0
3,drug_fingerprint_bit_234,0.0
3,fingerprint_H_bit_101,0.0
3,fingerprint_H_bit_102,0.0
3,fingerprint_H_bit_103,0.0
3,fingerprint_H_bit_104,0.0
3,drug_fingerprint_bit_51,0.0
3,drug_fingerprint_bit_54,0.0
3,fingerprint_H_bit_246,0.0
3,fingerprint_H_bit_242,0.0
3,fingerprint_H_bit_247,0.0
3,fingerprint_H_bit_243,0.0
3,fingerprint_H_bit_244,0.0
3,fingerprint_H_bit_94,0.0
3,fingerprint_H_bit_234,0.0
3,fingerprint_H_bit_231,0.0
3,fingerprint_H_bit_249,0.0
3,fingerprint_H_bit_248,0.0
3,fingerprint_H_bit_105,0.0
3,drug_fingerprint_bit_21,0.0
3,fingerprint_H_bit_229,0.0
3,fingerprint_H_bit_230,0.0
3,fingerprint_H_bit_223,0.0
3,fingerprint_H_bit_225,0.0
3,drug_fingerprint_bit_68,0.0
3,fingerprint_H_bit_228,0.0
3,fingerprint_H_bit_152,0.0
3,fingerprint_H_bit_150,0.0
3,fingerprint_H_bit_148,0.0
3,fingerprint_H_bit_149,0.0
3,drug_fingerprint_bit_195,0.0
3,fingerprint_H_bit_99,0.0
3,fingerprint_H_bit_96,0.0
3,fingerprint_H_bit_97,0.0
3,drug_fingerprint_bit_98,0.0
3,drug_fingerprint_bit_102,0.0
3,fingerprint_H_bit_9,0.0
3,fingerprint_H_bit_10,0.0
3,drug_fingerprint_bit_87,0.0
3,fingerprint_H_bit_201,0.0
3,fingerprint_H_bit_200,0.0
3,drug_fingerprint_bit_89,0.0
3,fingerprint_H_bit_199,0.0
3,fingerprint_H_bit_198,0.0
3,fingerprint_H_bit_195,0.0
3,fingerprint_H_bit_196,0.0
3,fingerprint_H_bit_194,0.0
3,fingerprint_H_bit_193,0.0
3,fingerprint_H_bit_192,0.0
3,drug_fingerprint_bit_88,0.0
3,fingerprint_H_bit_19,0.0
3,fingerprint_H_bit_17,0.0
3,fingerprint_H_bit_15,0.0
3,fingerprint_H_bit_16,0.0
3,fingerprint_H_bit_14,0.0
3,fingerprint_H_bit_12,0.0
3,fingerprint_H_bit_220,0.0
3,fingerprint_H_bit_221,0.0
3,fingerprint_H_bit_215,0.0
3,fingerprint_H_bit_211,0.0
3,fingerprint_H_bit_210,0.0
3,fingerprint_H_bit_11,0.0
3,fingerprint_H_bit_146,0.0
3,drug_fingerprint_bit_190,0.0
3,fingerprint_H_bit_153,0.0
3,drug_fingerprint_bit_198,0.0
3,fingerprint_H_bit_203,0.0
3,fingerprint_H_bit_206,0.0
3,fingerprint_H_bit_208,0.0
3,fingerprint_H_bit_209,0.0
3,fingerprint_H_bit_20,0.0
3,fingerprint_H_bit_21,0.0
3,fingerprint_H_bit_22,0.0
3,fingerprint_H_bit_23,0.0
3,fingerprint_H_bit_24,0.0
3,drug_fingerprint_bit_112,0.0
3,drug_fingerprint_bit_166,0.0
3,fingerprint_H_bit_184,0.0
3,fingerprint_H_bit_122,0.0
3,fingerprint_H_bit_172,0.0
3,fingerprint_H_bit_187,0.0
3,fingerprint_H_bit_202,0.0
3,fingerprint_H_bit_178,0.0
3,fingerprint_H_bit_179,0.0
3,fingerprint_H_bit_180,0.0
3,fingerprint_H_bit_181,0.0
3,fingerprint_H_bit_173,0.0
3,fingerprint_H_bit_176,0.0
3,drug_fingerprint_bit_123,0.0
3,fingerprint_H_bit_177,0.0
3,fingerprint_H_bit_60,0.0
3,fingerprint_H_bit_59,0.0
3,fingerprint_H_bit_51,0.0
3,fingerprint_H_bit_55,0.0
3,fingerprint_H_bit_50,0.0
3,fingerprint_H_bit_124,0.0
3,drug_fingerprint_bit_176,0.0
3,fingerprint_H_bit_142,0.0
3,fingerprint_H_bit_190,0.0
3,fingerprint_H_bit_47,0.0
3,fingerprint_H_bit_49,0.0
3,fingerprint_H_bit_189,0.0
3,fingerprint_H_bit_169,0.0
3,fingerprint_H_bit_168,0.0
3,fingerprint_H_bit_171,0.0
3,fingerprint_H_bit_188,0.0
3,fingerprint_H_bit_165,0.0
3,fingerprint_H_bit_166,0.0
3,fingerprint_H_bit_161,0.0
3,fingerprint_H_bit_163,0.0
3,fingerprint_H_bit_160,0.0
3,fingerprint_H_bit_157,0.0
3,fingerprint_H_bit_156,0.0
3,fingerprint_H_bit_170,0.0
3,fingerprint_H_bit_154,0.0
3,drug_fingerprint_bit_157,0.0
3,fingerprint_H_bit_132,0.0
3,drug_fingerprint_bit_232,0.0
3,fingerprint_H_bit_129,0.0
3,fingerprint_H_bit_127,0.0
3,fingerprint_H_bit_126,0.0
3,fingerprint_H_bit_130,0.0
3,drug_fingerprint_bit_254,0.0
3,fingerprint_H_bit_8,0.0
3,fingerprint_H_bit_6,0.0
3,fingerprint_H_bit_5,0.0
3,fingerprint_H_bit_4,0.0
3,fingerprint_H_bit_3,0.0
3,fingerprint_H_bit_2,0.0
3,fingerprint_H_bit_0,0.0
3,drug_fingerprint_bit_79,-0.004112649013959572
3,drug_fingerprint_bit_29,-0.006221948787810794
3,drug_fingerprint_bit_99,-0.006704449536229784
3,drug_fingerprint_bit_192,-0.007385592508622327
3,drug_fingerprint_bit_80,-0.008629663276365116
3,drug_fingerprint_bit_55,-0.011001844134579006
3,drug_fingerprint_bit_179,-0.011249789062705406
3,drug_fingerprint_bit_66,-0.017249367653970123
3,drug_fingerprint_bit_255,-0.018834834204804803
3,drug_fingerprint_bit_121,-0.019479227255765723
3,drug_fingerprint_bit_243,-0.021059390885646512
3,fingerprint_H_bit_80,-0.021178892066410604
3,drug_fingerprint_bit_248,-0.025231833189309334
3,drug_fingerprint_bit_3,-0.02543629866816325
3,drug_fingerprint_bit_131,-0.02599635874931089
3,drug_fingerprint_bit_129,-0.031462432411229826
3,drug_fingerprint_bit_25,-0.031517164789122136
3,drug_fingerprint_bit_84,-0.032398829388868636
3,fingerprint_H_bit_7,-0.033589503270589294
3,drug_fingerprint_bit_210,-0.035063715070972376
3,poly_smr_vsa5_sum_fullpolymerfeaturizer,-0.037749721899335974
3,drug_fingerprint_bit_178,-0.040130096287650914
3,drug_slogp_vsa1_sum_fullmolecularfeaturizer,-0.04136374196005877
3,drug_fingerprint_bit_124,-0.049042890084761134
3,drug_fingerprint_bit_144,-0.04958030436428712
3,drug_single_bonds_sum_fullmolecularfeaturizer,-0.05040892150999484
3,drug_fingerprint_bit_225,-0.05271923397203696
3,fingerprint_H_bit_39,-0.054163928683335985
3,drug_molecular_weight_sum_fullmolecularfeaturizer,-0.06936981829459823
3,drug_fingerprint_bit_113,-0.06943349050678176
3,drug_fingerprint_bit_182,-0.0755454180807968
3,fingerprint_H_bit_207,-0.07693715608480463
3,poly_single_bonds_sum_fullpolymerfeaturizer,-0.0804815312587733
3,poly_topological_surface_area_sum_fullpolymerfeaturizer,-0.08962647270434443
3,drug_fingerprint_bit_230,-0.09309671546308153
3,drug_fingerprint_bit_168,-0.09528044376569736
3,drug_fingerprint_bit_251,-0.09529807881915042
3,fingerprint_H_bit_186,-0.0963011903792927
3,poly_heteroatom_density_sum_backbonefeaturizer,-0.09856892149839594
3,drug_smr_vsa5_sum_fullmolecularfeaturizer,-0.10144311942341513
3,drug_num_non_aromatic_rings_sum_fullmolecularfeaturizer,-0.10476028995583296
3,fingerprint_H_bit_125,-0.10749672438982207
3,drug_fingerprint_bit_86,-0.11180672878216602
3,drug_fingerprint_bit_38,-0.1185306054455233
3,poly_max_ring_size_sum_backbonefeaturizer,-0.12102298005668477
3,drug_fingerprint_bit_241,-0.12312636313091223
3,drug_fingerprint_bit_48,-0.1344571260699821
3,drug_fingerprint_bit_174,-0.14370034846440052
3,fingerprint_H_bit_38,-0.15007742547212002
3,drug_fingerprint_bit_143,-0.15023367769883755
3,drug_fingerprint_bit_207,-0.15503860252982957
3,drug_fingerprint_bit_40,-0.15969733602420372
3,drug_num_hbond_acceptors_sum_fullmolecularfeaturizer,-0.16578419657419396
3,fingerprint_H_bit_42,-0.1833230677568524
3,drug_fingerprint_bit_158,-0.191567018707226
3,poly_balaban_j_index_sum_fullpolymerfeaturizer,-0.2040082283619114
3,drug_fingerprint_bit_228,-0.22117674941571716
3,poly_balaban_j_index_sum_backbonefeaturizer,-0.225718099183058
3,drug_fingerprint_bit_104,-0.2619653880058351
3,drug_heteroatom_density_sum_fullmolecularfeaturizer,-0.2669528796446426
3,WATER_PH,-0.26994410011710507
3,fingerprint_H_bit_145,-0.2699990652333152
3,poly_heteroatom_count_sum_fullpolymerfeaturizer,-0.3082159608431711
3,drug_fingerprint_bit_95,-0.35032053801217705
3,drug_fingerprint_bit_107,-0.3698315295957163
3,drug_num_atoms_sum_fullmolecularfeaturizer,-0.37894798444690325
3,fingerprint_H_bit_138,-0.381403850929936
3,poly_max_estate_index_sum_fullpolymerfeaturizer,-0.3827525907160271
3,drug_fingerprint_bit_186,-0.38767632866068713
3,drug_fingerprint_bit_233,-0.43345181568697655
3,poly_molecular_weight_sum_fullpolymerfeaturizer,-0.4498529268217939
3,fingerprint_H_bit_120,-0.47871989331234743
3,drug_fingerprint_bit_163,-0.4964244830811844
3,charge_at_WATER_PH_H,-0.5719877925587629
3,drug_fingerprint_bit_0,-0.6702394318510034
3,drug_max_ring_size_sum_fullmolecularfeaturizer,-0.7020068459702147
3,drug_fingerprint_bit_167,-0.8116466780404572
3,poly_num_atoms_sum_fullpolymerfeaturizer,-1.0635839988428983
3,CONCENTRATION,-1.7142154889092054
3,drug_fingerprint_bit_117,-1.956226759459518
3,drug_fingerprint_bit_100,-3.7924409073161067
3,fingerprint_H_bit_191,-4.557050223453876
3,fingerprint_H_bit_75,-6.7580014765929635
3,drug_fingerprint_bit_205,-8.957680514812619
4,fingerprint_H_bit_177,14.200640380808085
4,logd_at_WATER_PH_H,4.030047100510247
4,drug_fingerprint_bit_111,3.2945600221147857
4,drug_charge_at_WATER_PH,2.903210901667517
4,poly_slogp_vsa1_sum_fullpolymerfeaturizer,2.265137249864112
4,poly_num_rings_sum_backbonefeaturizer,2.2041931692306993
4,poly_num_hbond_acceptors_sum_backbonefeaturizer,2.2029710622062977
4,fingerprint_H_bit_125,2.0218127189636883
4,fingerprint_H_bit_175,1.926610516993517
4,poly_single_bonds_sum_backbonefeaturizer,1.9169957242473183
4,fingerprint_H_bit_120,1.7623522589554579
4,fingerprint_H_bit_218,1.7456230870277862
4,poly_fp_density_morgan1_sidechainfeaturizer_sum,1.6813904229915895
4,fingerprint_H_bit_85,1.653420777449137
4,poly_slogp_vsa1_sum_backbonefeaturizer,1.627394456486002
4,drug_fingerprint_bit_138,1.5757469513328
4,fingerprint_H_bit_1,1.5413602249705067
4,drug_fingerprint_bit_64,1.4943744093822133
4,drug_num_rotatable_bonds_sum_fullmolecularfeaturizer,1.4689021130606486
4,poly_max_estate_index_sidechainfeaturizer_sum,1.4688835404783567
4,poly_heteroatom_density_sidechainfeaturizer_sum,1.458361842662887
4,fingerprint_H_bit_128,1.4339702799411576
4,drug_balaban_j_index_sum_fullmolecularfeaturizer,1.4322102316657825
4,fingerprint_H_bit_217,1.4243450751472364
4,fingerprint_H_bit_237,1.4199084826767954
4,fingerprint_H_bit_204,1.4176851157549475
4,drug_fingerprint_bit_91,1.4083548803956627
4,fingerprint_H_bit_113,1.3588879171787585
4,poly_num_hbond_donors_sum_backbonefeaturizer,1.3164284248515352
4,fingerprint_H_bit_236,1.2859620514067232
4,poly_num_atoms_sidechainfeaturizer_sum,1.278647879774321
4,poly_sp2_carbon_count_sum_backbonefeaturizer,1.2626537707842704
4,drug_fingerprint_bit_133,1.1795301694890223
4,poly_balaban_j_index_sidechainfeaturizer_sum,1.1783557060778576
4,drug_fingerprint_bit_214,1.1501702071675606
4,poly_sp3_carbon_count_sum_backbonefeaturizer,1.1305710019278727
4,fingerprint_H_bit_155,1.1126253789009228
4,poly_max_ring_size_sum_fullpolymerfeaturizer,1.0747334662306298
4,fingerprint_H_bit_214,1.066295173445514
4,fingerprint_H_bit_151,1.0294978424514911
4,poly_molecular_weight_sidechainfeaturizer_sum,1.0035688126237574
4,fingerprint_H_bit_119,0.9817616365438295
4,poly_fp_density_morgan1_sum_fullpolymerfeaturizer,0.9752450670016307
4,fingerprint_H_bit_84,0.9751007532174683
4,poly_num_hbond_donors_sidechainfeaturizer_sum,0.9615160017164571
4,poly_num_hbond_acceptors_sidechainfeaturizer_sum,0.954598229346576
4,fingerprint_H_bit_48,0.9537875882637573
4,drug_logp,0.9486534247657009
4,fingerprint_H_bit_197,0.9198976014136669
4,fingerprint_H_bit_232,0.9192232329296165
4,fingerprint_H_bit_118,0.9106915071753997
4,drug_num_rings_sum_fullmolecularfeaturizer,0.9105914447274487
4,fingerprint_H_bit_78,0.9090724896516071
4,fingerprint_H_bit_133,0.8768459344287907
4,charge_at_WATER_PH_H,0.8715536471941042
4,poly_num_aromatic_rings_sum_fullpolymerfeaturizer,0.8542058924391787
4,poly_fp_density_morgan1_sum_backbonefeaturizer,0.8496909233118117
4,fingerprint_H_bit_213,0.8460090848175369
4,poly_balaban_j_index_sum_fullpolymerfeaturizer,0.8263839969037888
4,fingerprint_H_bit_45,0.800387909816811
4,poly_num_aromatic_rings_sidechainfeaturizer_sum,0.7768266145289802
4,poly_sp2_carbon_count_sidechainfeaturizer_sum,0.7709440070559384
4,fingerprint_H_bit_41,0.7689578898185653
4,poly_max_ring_size_sum_backbonefeaturizer,0.74190235860924
4,poly_topological_surface_area_sum_backbonefeaturizer,0.7282344813619329
4,poly_heteroatom_count_sidechainfeaturizer_sum,0.7139578481297914
4,drug_sp2_carbon_count_sum_fullmolecularfeaturizer,0.7123109809857774
4,fingerprint_H_bit_182,0.7024739525124958
4,poly_smr_vsa5_sum_backbonefeaturizer,0.7004892883832782
4,fingerprint_H_bit_69,0.6952110698628727
4,logp_H,0.6950842432077581
4,poly_num_rings_sidechainfeaturizer_sum,0.6868904976345327
4,poly_num_rotatable_bonds_sum_backbonefeaturizer,0.6731432325385708
4,drug_fingerprint_bit_188,0.6700023326192677
4,drug_num_hbond_donors_sum_fullmolecularfeaturizer,0.6645531817693457
4,drug_fingerprint_bit_128,0.6550741259311713
4,drug_fingerprint_bit_33,0.61827686142515
4,fingerprint_H_bit_81,0.6071052617363841
4,drug_fingerprint_bit_159,0.5983375883660873
4,drug_topological_surface_area_sum_fullmolecularfeaturizer,0.5916074083196905
4,fingerprint_H_bit_63,0.5892494955181747
4,drug_num_aromatic_rings_sum_fullmolecularfeaturizer,0.5852628462599423
4,drug_fingerprint_bit_213,0.5761282661524635
4,fingerprint_H_bit_186,0.5634938157492925
4,fingerprint_H_bit_54,0.5512832813215515
4,fingerprint_H_bit_53,0.550117267917923
4,drug_fingerprint_bit_164,0.5375830591963886
4,poly_sp3_carbon_count_sidechainfeaturizer_sum,0.5305061146326163
4,fingerprint_H_bit_139,0.5210213693990676
4,drug_fingerprint_bit_147,0.5179391255710313
4,poly_num_rotatable_bonds_sidechainfeaturizer_sum,0.5168138353385966
4,fingerprint_H_bit_27,0.5070579973085101
4,drug_fingerprint_bit_184,0.5013967147427685
4,drug_fingerprint_bit_201,0.4987468087489327
4,drug_fingerprint_bit_175,0.48604880967345526
4,drug_fingerprint_bit_142,0.48187920875695184
4,drug_fingerprint_bit_155,0.43711961085074524
4,fingerprint_H_bit_56,0.4368303180057613
4,poly_num_atoms_sum_backbonefeaturizer,0.43321608098374853
4,fingerprint_H_bit_121,0.43229340977462044
4,drug_fingerprint_bit_160,0.4146678827884425
4,poly_heteroatom_density_sum_fullpolymerfeaturizer,0.4034808275125273
4,drug_fingerprint_bit_226,0.3944260385246818
4,fingerprint_H_bit_159,0.3864381923015953
4,fingerprint_H_bit_33,0.37640065280911716
4,poly_smr_vsa5_sidechainfeaturizer_sum,0.37004404167670496
4,homo_eV_H,0.3646434970840614
4,drug_fingerprint_bit_108,0.36233583113929296
4,drug_fp_density_morgan1_sum_fullmolecularfeaturizer,0.351271114828331
4,drug_max_estate_index_sum_fullmolecularfeaturizer,0.3456314926441884
4,fingerprint_H_bit_222,0.3404696344873262
4,fingerprint_H_bit_100,0.3376887526774183
4,drug_fingerprint_bit_185,0.33474060578067405
4,fingerprint_H_bit_226,0.33142733946203967
4,drug_fingerprint_bit_246,0.32910132079729165
4,drug_bridging_rings_count_sum_fullmolecularfeaturizer,0.32722653273672897
4,drug_fingerprint_bit_42,0.3165811738853123
4,drug_fingerprint_bit_165,0.31599199042937354
4,drug_fingerprint_bit_115,0.3098873323448971
4,drug_fingerprint_bit_145,0.30817382148390454
4,drug_fingerprint_bit_24,0.3071981736788942
4,drug_fingerprint_bit_180,0.29524344718491097
4,poly_double_bonds_sum_backbonefeaturizer,0.29283637950575725
4,drug_fingerprint_bit_189,0.2918260593865094
4,drug_fingerprint_bit_50,0.27838452590718055
4,fingerprint_H_bit_251,0.27764869664760544
4,drug_fingerprint_bit_36,0.2776081021827732
4,drug_heteroatom_count_sum_fullmolecularfeaturizer,0.2745600002281308
4,poly_double_bonds_sidechainfeaturizer_sum,0.27078835801990325
4,drug_fingerprint_bit_249,0.26821566161049526
4,drug_fingerprint_bit_22,0.2642397870317205
4,poly_heteroatom_count_sum_backbonefeaturizer,0.25448275910097873
4,drug_fraction_bicyclic_rings_sum_fullmolecularfeaturizer,0.2511139515740129
4,drug_fingerprint_bit_120,0.25041121211008555
4,drug_fingerprint_bit_197,0.2497247620105268
4,drug_fingerprint_bit_177,0.24793243463323056
4,drug_fingerprint_bit_15,0.2323915768945947
4,drug_fingerprint_bit_26,0.2298431840082915
4,drug_fingerprint_bit_146,0.22886297262235736
4,drug_fingerprint_bit_105,0.226540270378365
4,lumo_eV_H,0.22372939344194792
4,fingerprint_H_bit_70,0.22115420856276882
4,drug_fingerprint_bit_136,0.2197503737866989
4,drug_fingerprint_bit_141,0.2163248092480661
4,drug_fingerprint_bit_250,0.21610776760036304
4,poly_num_rings_sum_fullpolymerfeaturizer,0.21442612046971085
4,drug_fingerprint_bit_35,0.21228384582300006
4,fingerprint_H_bit_64,0.20309397439715235
4,drug_fingerprint_bit_200,0.20246674097460346
4,drug_fingerprint_bit_206,0.19829025088747695
4,drug_fingerprint_bit_4,0.19692278730047105
4,drug_fingerprint_bit_45,0.19537101926480413
4,drug_fingerprint_bit_46,0.1951727006416149
4,drug_fingerprint_bit_74,0.19474905816738072
4,drug_fingerprint_bit_5,0.19462410132592503
4,fingerprint_H_bit_67,0.19157248060806653
4,drug_fingerprint_bit_11,0.19132259211090077
4,drug_fingerprint_bit_99,0.18501699168822788
4,drug_fingerprint_bit_73,0.1774962167262252
4,fingerprint_H_bit_162,0.175791789802403
4,drug_fingerprint_bit_6,0.1733468507708253
4,drug_fingerprint_bit_106,0.17263340778236044
4,drug_fingerprint_bit_10,0.1717499954643129
4,drug_fingerprint_bit_83,0.17154291608549618
4,drug_fingerprint_bit_110,0.17016589418713238
4,drug_fingerprint_bit_37,0.16865359734989332
4,drug_fingerprint_bit_203,0.1684790852210643
4,fingerprint_H_bit_145,0.16733670224738756
4,fingerprint_H_bit_68,0.1609284573970304
4,fingerprint_H_bit_245,0.15939271450761033
4,drug_fingerprint_bit_183,0.1592992053536654
4,drug_fingerprint_bit_97,0.15723499088957285
4,drug_num_atoms_sum_fullmolecularfeaturizer,0.1568084388406127
4,drug_fingerprint_bit_71,0.14944410011155748
4,drug_fingerprint_bit_202,0.14793709050414813
4,fingerprint_H_bit_13,0.14643803569409597
4,poly_max_ring_size_sidechainfeaturizer_sum,0.1457802546409907
4,drug_fingerprint_bit_161,0.14335527414801966
4,drug_fingerprint_bit_224,0.14098969171294123
4,drug_fingerprint_bit_242,0.14044549751040253
4,drug_lumo_eV,0.13975769124725962
4,drug_fingerprint_bit_58,0.13768628133313837
4,poly_sp3_carbon_count_sum_fullpolymerfeaturizer,0.1361582903595999
4,drug_fingerprint_bit_181,0.1348797589320426
4,drug_fingerprint_bit_126,0.13011376333965352
4,drug_fluorine_count_sum_fullmolecularfeaturizer,0.12958767447889954
4,drug_fingerprint_bit_236,0.12948420948448694
4,drug_fingerprint_bit_49,0.1283861170249962
4,drug_fingerprint_bit_18,0.12247311266742904
4,drug_fingerprint_bit_216,0.12223581201194018
4,drug_total_halogens_sum_fullmolecularfeaturizer,0.12195537477138241
4,drug_fingerprint_bit_127,0.12119698191299896
4,drug_fingerprint_bit_76,0.12098356775554645
4,drug_fingerprint_bit_119,0.12015966622787232
4,drug_fingerprint_bit_122,0.11989184599429585
4,drug_fingerprint_bit_151,0.11986596745643938
4,drug_homo_eV,0.11458848964912449
4,fingerprint_H_bit_143,0.11276401864846076
4,drug_fingerprint_bit_116,0.11090727512500247
4,fingerprint_H_bit_58,0.10913841090604486
4,drug_fingerprint_bit_1,0.10895519430200147
4,drug_fingerprint_bit_150,0.10715370944443667
4,drug_fingerprint_bit_255,0.10383820393427125
4,drug_fingerprint_bit_69,0.10380678810213605
4,poly_sp2_carbon_count_sum_fullpolymerfeaturizer,0.10265075551462981
4,drug_fingerprint_bit_193,0.10055477896945908
4,drug_fingerprint_bit_92,0.09906155528073508
4,poly_double_bonds_sum_fullpolymerfeaturizer,0.09467596684482651
4,fingerprint_H_bit_52,0.0940831171724268
4,drug_fingerprint_bit_75,0.08957439265432623
4,drug_fingerprint_bit_81,0.08956084281580681
4,drug_fingerprint_bit_196,0.08878932189045374
4,drug_fingerprint_bit_247,0.08863744179594771
4,drug_fingerprint_bit_238,0.08701534181526548
4,drug_fingerprint_bit_140,0.08699807834319984
4,fingerprint_H_bit_219,0.0867774687467563
4,fingerprint_H_bit_167,0.08637826777187266
4,drug_fingerprint_bit_139,0.08429353730706088
4,drug_fingerprint_bit_208,0.08374836147856311
4,drug_fingerprint_bit_109,0.0821796860287624
4,drug_num_hbond_acceptors_sum_fullmolecularfeaturizer,0.07922373037893192
4,fingerprint_H_bit_61,0.07854768760806174
4,drug_fingerprint_bit_237,0.07579624839314181
4,drug_fingerprint_bit_84,0.073514061725064
4,drug_fingerprint_bit_212,0.0731197966585949
4,drug_fingerprint_bit_12,0.07260045401607733
4,poly_topological_surface_area_sidechainfeaturizer_sum,0.07206377194772849
4,drug_fingerprint_bit_32,0.07026258796383368
4,drug_fingerprint_bit_130,0.06961624017484846
4,fingerprint_H_bit_216,0.06819550161452712
4,drug_fingerprint_bit_235,0.06772980177654316
4,drug_fingerprint_bit_169,0.06686157662310624
4,drug_fingerprint_bit_43,0.06674730766233625
4,fingerprint_H_bit_147,0.06578813432264105
4,fingerprint_H_bit_37,0.06577870940200073
4,drug_fingerprint_bit_41,0.06419215079588159
4,drug_fingerprint_bit_156,0.06268223304085055
4,fingerprint_H_bit_26,0.06263679391139572
4,drug_fingerprint_bit_60,0.06235302500110953
4,drug_fingerprint_bit_132,0.06162829970066373
4,fingerprint_H_bit_174,0.06159514766575447
4,drug_fingerprint_bit_253,0.059325038752240725
4,fingerprint_H_bit_227,0.05904523802882321
4,drug_fingerprint_bit_30,0.05868758409037432
4,poly_slogp_vsa1_sidechainfeaturizer_sum,0.058646600233692545
4,drug_fingerprint_bit_61,0.05840559911471665
4,drug_fingerprint_bit_28,0.05692774882445023
4,drug_fingerprint_bit_114,0.05684649789677534
4,drug_fingerprint_bit_44,0.05634013035799298
4,fingerprint_H_bit_18,0.05439516371119314
4,drug_fingerprint_bit_125,0.05390598501064509
4,fingerprint_H_bit_89,0.05178463174065605
4,fingerprint_H_bit_134,0.05027216656016507
4,poly_molecular_weight_sum_backbonefeaturizer,0.049678713432214285
4,drug_fingerprint_bit_77,0.049616904056274676
4,drug_fingerprint_bit_153,0.04890150440231545
4,drug_fingerprint_bit_131,0.04847942896541185
4,drug_fingerprint_bit_27,0.04830613776658837
4,drug_fingerprint_bit_199,0.047898214837627524
4,drug_fingerprint_bit_172,0.04772677235098377
4,drug_fingerprint_bit_13,0.047664543171006914
4,drug_fingerprint_bit_240,0.047583312130098324
4,fingerprint_H_bit_106,0.04709667648320338
4,poly_num_non_aromatic_rings_sum_fullpolymerfeaturizer,0.046177644434812974
4,drug_fingerprint_bit_103,0.04449283425987637
4,fingerprint_H_bit_164,0.04426054564463276
4,poly_num_aliphatic_heterocycles_sum_fullpolymerfeaturizer,0.043566117580632675
4,drug_fingerprint_bit_137,0.04314126466464633
4,fingerprint_H_bit_57,0.042046055243249184
4,drug_fingerprint_bit_218,0.04191931627065426
4,drug_fingerprint_bit_7,0.03936048209972808
4,drug_fingerprint_bit_204,0.03761271228217667
4,fingerprint_H_bit_34,0.037173202797861356
4,drug_fingerprint_bit_162,0.03606979467900605
4,drug_fingerprint_bit_229,0.03544846502394155
4,fingerprint_H_bit_131,0.035382094773388016
4,drug_fingerprint_bit_63,0.034762558853156274
4,drug_fingerprint_bit_57,0.03472756090396983
4,poly_smr_vsa5_sum_fullpolymerfeaturizer,0.03399543125918659
4,drug_fingerprint_bit_39,0.03385406026863113
4,drug_fingerprint_bit_72,0.033719567371185706
4,drug_fingerprint_bit_227,0.032190291437145295
4,drug_fingerprint_bit_62,0.0316010561685897
4,drug_fingerprint_bit_78,0.030580747974526
4,drug_fingerprint_bit_67,0.030366159497039753
4,drug_sp3_carbon_count_sum_fullmolecularfeaturizer,0.029669054634311853
4,drug_fingerprint_bit_94,0.029668479080623485
4,drug_fingerprint_bit_31,0.029233682023332614
4,drug_fingerprint_bit_101,0.028442994479991966
4,drug_fingerprint_bit_194,0.028398382830921158
4,drug_fingerprint_bit_239,0.02829444344408977
4,drug_fingerprint_bit_245,0.02751585768384383
4,poly_num_non_aromatic_rings_sum_backbonefeaturizer,0.027312925739112554
4,fingerprint_H_bit_144,0.027081930846651312
4,drug_fingerprint_bit_191,0.02703636239179378
4,fingerprint_H_bit_32,0.026563199159353575
4,drug_fingerprint_bit_154,0.026368786541721978
4,drug_fingerprint_bit_222,0.026131973916641554
4,drug_fingerprint_bit_56,0.02606962317113015
4,drug_fingerprint_bit_23,0.02468915233056913
4,drug_fingerprint_bit_179,0.023552115725855756
4,drug_fingerprint_bit_20,0.022511524472068233
4,drug_fingerprint_bit_90,0.022186049159920014
4,drug_fingerprint_bit_252,0.021748631643834636
4,fingerprint_H_bit_185,0.021295312617569593
4,drug_fingerprint_bit_134,0.02112446268684329
4,drug_fingerprint_bit_129,0.0209515304344286
4,fingerprint_H_bit_46,0.020717678296371344
4,fingerprint_H_bit_30,0.020145132785724558
4,fingerprint_H_bit_65,0.0199260457571484
4,fingerprint_H_bit_205,0.019890928911947287
4,drug_fingerprint_bit_96,0.019420194906262872
4,drug_fingerprint_bit_118,0.019269915835301694
4,drug_fingerprint_bit_47,0.019087526603352344
4,drug_fingerprint_bit_149,0.01897164550604716
4,drug_fingerprint_bit_14,0.017644744274967566
4,drug_fingerprint_bit_231,0.016826933917672527
4,drug_fingerprint_bit_219,0.016826105068752307
4,fingerprint_H_bit_224,0.01591487038924048
4,drug_fingerprint_bit_2,0.014807486122955583
4,drug_fingerprint_bit_135,0.014595468172889352
4,drug_fingerprint_bit_211,0.011576560350440865
4,poly_num_rotatable_bonds_sum_fullpolymerfeaturizer,0.011504931379330539
4,fingerprint_H_bit_98,0.010105409761736624
4,drug_fingerprint_bit_16,0.009632825480877813
4,drug_fingerprint_bit_148,0.009490991816334036
4,drug_fingerprint_bit_34,0.008109438678380942
4,poly_num_aliphatic_heterocycles_sum_backbonefeaturizer,0.0072944401055324145
4,drug_fingerprint_bit_225,0.0065447046821779315
4,drug_fingerprint_bit_52,0.006414480384868961
4,drug_fingerprint_bit_152,0.00558668552721537
4,drug_fingerprint_bit_171,0.004435400361295139
4,drug_fingerprint_bit_82,0.004028092440697598
4,drug_chlorine_count_sum_fullmolecularfeaturizer,0.003932502304633783
4,drug_fingerprint_bit_85,0.0034934429975229664
4,drug_fingerprint_bit_29,0.003283600266011829
4,drug_fingerprint_bit_93,0.002920070217901402
4,drug_fingerprint_bit_173,0.0029139046764674703
4,poly_single_bonds_sidechainfeaturizer_sum,0.00235701556833822
4,drug_fingerprint_bit_19,0.002142766721800245
4,drug_fingerprint_bit_70,0.0015022465956723138
4,fingerprint_H_bit_158,0.00039672255940726667
4,fingerprint_H_bit_116,0.0003465854731177498
4,drug_double_bonds_sum_fullmolecularfeaturizer,0.0003079957111396426
4,fingerprint_H_bit_112,2.9099245893193892e-05
4,poly_fraction_bicyclic_rings_sidechainfeaturizer_sum,0.0
4,fingerprint_H_bit_62,0.0
4,fingerprint_H_bit_71,0.0
4,fingerprint_H_bit_73,0.0
4,fingerprint_H_bit_76,0.0
4,poly_total_halogens_sidechainfeaturizer_sum,0.0
4,poly_fluorine_count_sidechainfeaturizer_sum,0.0
4,poly_chlorine_count_sidechainfeaturizer_sum,0.0
4,poly_bromine_count_sidechainfeaturizer_sum,0.0
4,fingerprint_H_bit_16,0.0
4,fingerprint_H_bit_17,0.0
4,poly_total_halogens_sum_fullpolymerfeaturizer,0.0
4,poly_fluorine_count_sum_fullpolymerfeaturizer,0.0
4,poly_bridging_rings_count_sum_fullpolymerfeaturizer,0.0
4,poly_triple_bonds_sum_fullpolymerfeaturizer,0.0
4,poly_iodine_count_sum_fullpolymerfeaturizer,0.0
4,poly_bromine_count_sum_fullpolymerfeaturizer,0.0
4,poly_chlorine_count_sum_fullpolymerfeaturizer,0.0
4,drug_fingerprint_bit_234,0.0
4,drug_fingerprint_bit_232,0.0
4,fingerprint_H_bit_10,0.0
4,drug_fingerprint_bit_215,0.0
4,drug_fingerprint_bit_217,0.0
4,fingerprint_H_bit_101,0.0
4,fingerprint_H_bit_99,0.0
4,fingerprint_H_bit_102,0.0
4,fingerprint_H_bit_103,0.0
4,fingerprint_H_bit_105,0.0
4,fingerprint_H_bit_104,0.0
4,poly_iodine_count_sidechainfeaturizer_sum,0.0
4,fingerprint_H_bit_50,0.0
4,fingerprint_H_bit_51,0.0
4,drug_fingerprint_bit_209,0.0
4,fingerprint_H_bit_60,0.0
4,fingerprint_H_bit_59,0.0
4,poly_bromine_count_sum_backbonefeaturizer,0.0
4,poly_iodine_count_sum_backbonefeaturizer,0.0
4,fingerprint_H_bit_247,0.0
4,poly_fraction_bicyclic_rings_sum_fullpolymerfeaturizer,0.0
4,fingerprint_H_bit_246,0.0
4,fingerprint_H_bit_244,0.0
4,fingerprint_H_bit_241,0.0
4,fingerprint_H_bit_240,0.0
4,fingerprint_H_bit_243,0.0
4,fingerprint_H_bit_242,0.0
4,fingerprint_H_bit_238,0.0
4,fingerprint_H_bit_239,0.0
4,fingerprint_H_bit_49,0.0
4,fingerprint_H_bit_47,0.0
4,poly_fluorine_count_sum_backbonefeaturizer,0.0
4,poly_total_halogens_sum_backbonefeaturizer,0.0
4,fingerprint_H_bit_55,0.0
4,poly_chlorine_count_sum_backbonefeaturizer,0.0
4,drug_fingerprint_bit_21,0.0
4,fingerprint_H_bit_79,0.0
4,fingerprint_H_bit_82,0.0
4,fingerprint_H_bit_83,0.0
4,poly_bridging_rings_count_sum_backbonefeaturizer,0.0
4,poly_triple_bonds_sum_backbonefeaturizer,0.0
4,fingerprint_H_bit_253,0.0
4,fingerprint_H_bit_252,0.0
4,fingerprint_H_bit_249,0.0
4,fingerprint_H_bit_250,0.0
4,fingerprint_H_bit_248,0.0
4,poly_num_aliphatic_heterocycles_sidechainfeaturizer_sum,0.0
4,poly_num_non_aromatic_rings_sidechainfeaturizer_sum,0.0
4,fingerprint_H_bit_72,0.0
4,fingerprint_H_bit_74,0.0
4,fingerprint_H_bit_75,0.0
4,poly_fraction_bicyclic_rings_sum_backbonefeaturizer,0.0
4,fingerprint_H_bit_254,0.0
4,fingerprint_H_bit_255,0.0
4,poly_bridging_rings_count_sidechainfeaturizer_sum,0.0
4,fingerprint_H_bit_108,0.0
4,fingerprint_H_bit_107,0.0
4,poly_triple_bonds_sidechainfeaturizer_sum,0.0
4,fingerprint_H_bit_21,0.0
4,fingerprint_H_bit_20,0.0
4,fingerprint_H_bit_19,0.0
4,drug_fingerprint_bit_220,0.0
4,drug_fingerprint_bit_221,0.0
4,fingerprint_H_bit_115,0.0
4,fingerprint_H_bit_111,0.0
4,fingerprint_H_bit_110,0.0
4,fingerprint_H_bit_109,0.0
4,fingerprint_H_bit_132,0.0
4,fingerprint_H_bit_135,0.0
4,fingerprint_H_bit_136,0.0
4,fingerprint_H_bit_137,0.0
4,drug_bromine_count_sum_fullmolecularfeaturizer,0.0
4,drug_iodine_count_sum_fullmolecularfeaturizer,0.0
4,fingerprint_H_bit_43,0.0
4,drug_triple_bonds_sum_fullmolecularfeaturizer,0.0
4,fingerprint_H_bit_87,0.0
4,fingerprint_H_bit_88,0.0
4,fingerprint_H_bit_44,0.0
4,fingerprint_H_bit_86,0.0
4,fingerprint_H_bit_90,0.0
4,fingerprint_H_bit_91,0.0
4,fingerprint_H_bit_93,0.0
4,fingerprint_H_bit_92,0.0
4,drug_fingerprint_bit_9,0.0
4,drug_fingerprint_bit_17,0.0
4,fingerprint_H_bit_231,0.0
4,fingerprint_H_bit_234,0.0
4,fingerprint_H_bit_235,0.0
4,fingerprint_H_bit_25,0.0
4,drug_fingerprint_bit_68,0.0
4,drug_fingerprint_bit_51,0.0
4,fingerprint_H_bit_29,0.0
4,fingerprint_H_bit_31,0.0
4,drug_fingerprint_bit_54,0.0
4,fingerprint_H_bit_220,0.0
4,fingerprint_H_bit_225,0.0
4,fingerprint_H_bit_221,0.0
4,fingerprint_H_bit_223,0.0
4,fingerprint_H_bit_40,0.0
4,drug_fingerprint_bit_87,0.0
4,drug_fingerprint_bit_88,0.0
4,drug_fingerprint_bit_89,0.0
4,fingerprint_H_bit_35,0.0
4,fingerprint_H_bit_126,0.0
4,fingerprint_H_bit_124,0.0
4,fingerprint_H_bit_122,0.0
4,fingerprint_H_bit_36,0.0
4,fingerprint_H_bit_117,0.0
4,drug_fingerprint_bit_198,0.0
4,drug_fingerprint_bit_195,0.0
4,drug_fingerprint_bit_190,0.0
4,fingerprint_H_bit_156,0.0
4,fingerprint_H_bit_154,0.0
4,fingerprint_H_bit_209,0.0
4,fingerprint_H_bit_127,0.0
4,fingerprint_H_bit_208,0.0
4,fingerprint_H_bit_206,0.0
4,fingerprint_H_bit_203,0.0
4,fingerprint_H_bit_202,0.0
4,fingerprint_H_bit_201,0.0
4,fingerprint_H_bit_200,0.0
4,fingerprint_H_bit_215,0.0
4,fingerprint_H_bit_211,0.0
4,fingerprint_H_bit_229,0.0
4,fingerprint_H_bit_230,0.0
4,fingerprint_H_bit_77,0.0
4,drug_fingerprint_bit_98,0.0
4,drug_fingerprint_bit_102,0.0
4,fingerprint_H_bit_130,0.0
4,fingerprint_H_bit_228,0.0
4,fingerprint_H_bit_129,0.0
4,fingerprint_H_bit_179,0.0
4,fingerprint_H_bit_180,0.0
4,fingerprint_H_bit_181,0.0
4,fingerprint_H_bit_184,0.0
4,fingerprint_H_bit_193,0.0
4,fingerprint_H_bit_194,0.0
4,fingerprint_H_bit_195,0.0
4,fingerprint_H_bit_196,0.0
4,fingerprint_H_bit_198,0.0
4,fingerprint_H_bit_199,0.0
4,drug_fingerprint_bit_112,0.0
4,fingerprint_H_bit_163,0.0
4,fingerprint_H_bit_165,0.0
4,fingerprint_H_bit_210,0.0
4,drug_fingerprint_bit_123,0.0
4,fingerprint_H_bit_178,0.0
4,fingerprint_H_bit_192,0.0
4,fingerprint_H_bit_157,0.0
4,fingerprint_H_bit_190,0.0
4,fingerprint_H_bit_189,0.0
4,fingerprint_H_bit_153,0.0
4,fingerprint_H_bit_152,0.0
4,fingerprint_H_bit_188,0.0
4,fingerprint_H_bit_187,0.0
4,fingerprint_H_bit_149,0.0
4,fingerprint_H_bit_150,0.0
4,fingerprint_H_bit_148,0.0
4,fingerprint_H_bit_146,0.0
4,fingerprint_H_bit_160,0.0
4,fingerprint_H_bit_161,0.0
4,fingerprint_H_bit_173,0.0
4,fingerprint_H_bit_176,0.0
4,fingerprint_H_bit_140,0.0
4,drug_fingerprint_bit_176,0.0
4,fingerprint_H_bit_142,0.0
4,fingerprint_H_bit_141,0.0
4,drug_fingerprint_bit_166,0.0
4,fingerprint_H_bit_172,0.0
4,fingerprint_H_bit_171,0.0
4,drug_fingerprint_bit_157,0.0
4,fingerprint_H_bit_170,0.0
4,fingerprint_H_bit_169,0.0
4,fingerprint_H_bit_166,0.0
4,fingerprint_H_bit_168,0.0
4,fingerprint_H_bit_9,0.0
4,drug_fingerprint_bit_244,0.0
4,fingerprint_H_bit_97,0.0
4,fingerprint_H_bit_96,0.0
4,fingerprint_H_bit_95,0.0
4,fingerprint_H_bit_94,0.0
4,drug_fingerprint_bit_254,0.0
4,fingerprint_H_bit_24,0.0
4,fingerprint_H_bit_15,0.0
4,fingerprint_H_bit_14,0.0
4,fingerprint_H_bit_12,0.0
4,fingerprint_H_bit_11,0.0
4,fingerprint_H_bit_23,0.0
4,fingerprint_H_bit_22,0.0
4,fingerprint_H_bit_8,0.0
4,fingerprint_H_bit_6,0.0
4,fingerprint_H_bit_5,0.0
4,fingerprint_H_bit_3,0.0
4,fingerprint_H_bit_2,0.0
4,fingerprint_H_bit_0,0.0
4,fingerprint_H_bit_212,-0.0010515738729532456
4,drug_fingerprint_bit_187,-0.003962251959361126
4,drug_fingerprint_bit_170,-0.004519374536102927
4,drug_fingerprint_bit_178,-0.009082128058763258
4,fingerprint_H_bit_80,-0.011114279195895258
4,drug_fingerprint_bit_121,-0.012215041585071482
4,drug_fingerprint_bit_79,-0.012576899066397196
4,drug_fingerprint_bit_53,-0.012882493038017933
4,poly_max_estate_index_sum_backbonefeaturizer,-0.014700480001661036
4,drug_fingerprint_bit_182,-0.015935684675526772
4,fingerprint_H_bit_207,-0.015951728958154825
4,drug_fingerprint_bit_223,-0.016435387419547576
4,drug_fingerprint_bit_65,-0.016837839538239825
4,drug_fingerprint_bit_248,-0.017124688408911373
4,drug_molecular_weight_sum_fullmolecularfeaturizer,-0.02192938022698952
4,drug_single_bonds_sum_fullmolecularfeaturizer,-0.023334289223218455
4,drug_fingerprint_bit_95,-0.025500784035322157
4,drug_fingerprint_bit_55,-0.02567619349817039
4,fingerprint_H_bit_123,-0.028764260447360985
4,drug_fingerprint_bit_25,-0.029699437814686442
4,drug_fingerprint_bit_59,-0.032892500789410264
4,drug_smr_vsa5_sum_fullmolecularfeaturizer,-0.03541785698029468
4,drug_fingerprint_bit_3,-0.03633403382472961
4,poly_num_hbond_acceptors_sum_fullpolymerfeaturizer,-0.03827443503861929
4,drug_fingerprint_bit_113,-0.038371984278765696
4,drug_fingerprint_bit_241,-0.03889190735994606
4,fingerprint_H_bit_7,-0.04099478585726284
4,poly_topological_surface_area_sum_fullpolymerfeaturizer,-0.04532332410789828
4,drug_fingerprint_bit_124,-0.050864676324309736
4,drug_fingerprint_bit_174,-0.05186975280108063
4,drug_fingerprint_bit_80,-0.0530578946133149
4,drug_num_non_aromatic_rings_sum_fullmolecularfeaturizer,-0.05769862577569279
4,fingerprint_H_bit_38,-0.058283522536756484
4,drug_fingerprint_bit_192,-0.06050783821205414
4,drug_fingerprint_bit_8,-0.07037463512679233
4,drug_fingerprint_bit_48,-0.07577793300019411
4,drug_fingerprint_bit_230,-0.08425832456181971
4,drug_fingerprint_bit_251,-0.08637316959243206
4,poly_single_bonds_sum_fullpolymerfeaturizer,-0.09904952757121208
4,poly_heteroatom_density_sum_backbonefeaturizer,-0.09912026339153661
4,poly_num_aromatic_rings_sum_backbonefeaturizer,-0.10837319985774288
4,drug_fingerprint_bit_207,-0.10908449029693687
4,drug_fingerprint_bit_86,-0.11076831525893034
4,drug_fingerprint_bit_66,-0.11352877453484089
4,drug_fingerprint_bit_210,-0.12979549547682992
4,poly_num_atoms_sum_fullpolymerfeaturizer,-0.13597390915879198
4,drug_fingerprint_bit_168,-0.13724779367901488
4,fingerprint_H_bit_28,-0.14304926661037623
4,drug_fingerprint_bit_40,-0.15576074002709056
4,drug_fingerprint_bit_144,-0.1582399310783887
4,drug_logd_at_WATER_PH,-0.16586242584279368
4,drug_fingerprint_bit_38,-0.17035019242969476
4,fingerprint_H_bit_39,-0.1943345955068448
4,drug_num_aliphatic_heterocycles_sum_fullmolecularfeaturizer,-0.19524691936014743
4,drug_fingerprint_bit_0,-0.19977895363892414
4,poly_balaban_j_index_sum_backbonefeaturizer,-0.2017819407419197
4,drug_fingerprint_bit_243,-0.20200705869465893
4,drug_fingerprint_bit_228,-0.20610489737535773
4,drug_fingerprint_bit_158,-0.22767193677805303
4,poly_num_hbond_donors_sum_fullpolymerfeaturizer,-0.27682180001136936
4,fingerprint_H_bit_42,-0.29646270963262883
4,drug_fingerprint_bit_143,-0.33372668903140784
4,drug_fingerprint_bit_233,-0.335648061587794
4,drug_max_ring_size_sum_fullmolecularfeaturizer,-0.3422399230852493
4,drug_slogp_vsa1_sum_fullmolecularfeaturizer,-0.3872450896011186
4,fingerprint_H_bit_138,-0.3908858867494874
4,WATER_PH,-0.4433788360159881
4,fingerprint_H_bit_183,-0.4506761307321927
4,drug_fingerprint_bit_186,-0.5770163603292942
4,drug_fingerprint_bit_163,-0.6942323755433897
4,poly_max_estate_index_sum_fullpolymerfeaturizer,-0.6990414710529045
4,drug_fingerprint_bit_107,-0.7165699651697535
4,drug_fingerprint_bit_167,-0.8530569829659332
4,drug_fingerprint_bit_104,-0.9033847946280652
4,drug_heteroatom_density_sum_fullmolecularfeaturizer,-0.9452472226434611
4,poly_molecular_weight_sum_fullpolymerfeaturizer,-0.95773371574001
4,poly_heteroatom_count_sum_fullpolymerfeaturizer,-1.2131846528522006
4,drug_fingerprint_bit_117,-1.2373762810857583
4,CONCENTRATION,-1.631724625983519
4,fingerprint_H_bit_233,-2.07958861376624
4,drug_fingerprint_bit_100,-2.4468828443652293
4,fingerprint_H_bit_66,-3.724230691462482
4,drug_fingerprint_bit_205,-3.7951934810454553
4,fingerprint_H_bit_114,-4.0840085212858
4,fingerprint_H_bit_191,-5.212674841190443
4,fingerprint_H_bit_4,-9.165453245969191
5,fingerprint_H_bit_12,13.104681083162742
5,fingerprint_H_bit_177,7.201710715133671
5,logd_at_WATER_PH_H,3.548927286684338
5,poly_num_rings_sum_backbonefeaturizer,3.269246648429764
5,fingerprint_H_bit_120,2.771295148468655
5,drug_fingerprint_bit_111,2.5309124274843176
5,poly_num_aromatic_rings_sum_fullpolymerfeaturizer,2.4698356830830517
5,poly_balaban_j_index_sum_backbonefeaturizer,2.39178346626369
5,fingerprint_H_bit_64,2.224611468154221
5,poly_sp2_carbon_count_sum_backbonefeaturizer,2.1963989499172705
5,fingerprint_H_bit_145,2.181577617550013
5,fingerprint_H_bit_33,2.043609340155645
5,fingerprint_H_bit_80,2.0379467252888794
5,poly_max_estate_index_sidechainfeaturizer_sum,1.9638423992315148
5,fingerprint_H_bit_175,1.900443566132459
5,poly_num_rings_sum_fullpolymerfeaturizer,1.8171880917440755
5,fingerprint_H_bit_232,1.6615986629742332
5,fingerprint_H_bit_100,1.614186309502724
5,drug_charge_at_WATER_PH,1.5695161730699414
5,fingerprint_H_bit_139,1.536582377367047
5,drug_fingerprint_bit_213,1.5232739881678774
5,fingerprint_H_bit_85,1.4826589336783553
5,poly_num_aromatic_rings_sum_backbonefeaturizer,1.3936195668861016
5,poly_sp3_carbon_count_sum_backbonefeaturizer,1.3209896055503259
5,fingerprint_H_bit_81,1.2865764828717463
5,drug_fingerprint_bit_91,1.2817382221237545
5,fingerprint_H_bit_213,1.279180913162731
5,fingerprint_H_bit_28,1.2677132735028203
5,poly_smr_vsa5_sum_fullpolymerfeaturizer,1.2617342707475285
5,fingerprint_H_bit_1,1.1477872942848095
5,fingerprint_H_bit_147,1.065632155691619
5,fingerprint_H_bit_56,1.0404095394998019
5,fingerprint_H_bit_118,0.9898689747560061
5,poly_heteroatom_density_sidechainfeaturizer_sum,0.9827442060370727
5,fingerprint_H_bit_182,0.9625534060632568
5,poly_fp_density_morgan1_sidechainfeaturizer_sum,0.9128985177119052
5,poly_max_ring_size_sidechainfeaturizer_sum,0.9086141202636883
5,poly_fp_density_morgan1_sum_backbonefeaturizer,0.8832378929939744
5,poly_num_rings_sidechainfeaturizer_sum,0.8776471547760176
5,fingerprint_H_bit_84,0.8745250566842475
5,fingerprint_H_bit_58,0.8413514325803926
5,poly_slogp_vsa1_sum_backbonefeaturizer,0.8269123680815544
5,fingerprint_H_bit_217,0.7892793232091144
5,poly_max_ring_size_sum_backbonefeaturizer,0.7755513878113199
5,drug_fingerprint_bit_214,0.7636029569720638
5,lumo_eV_H,0.7419589341410756
5,fingerprint_H_bit_214,0.7288125271145004
5,drug_fingerprint_bit_138,0.7279118144209734
5,poly_single_bonds_sum_backbonefeaturizer,0.7259063413985221
5,poly_heteroatom_density_sum_backbonefeaturizer,0.7228652180443056
5,drug_fingerprint_bit_255,0.7084103789958467
5,poly_num_rotatable_bonds_sum_backbonefeaturizer,0.7035057703777422
5,charge_at_WATER_PH_H,0.7017493447699483
5,fingerprint_H_bit_183,0.6992759220190248
5,fingerprint_H_bit_119,0.6817235658541253
5,drug_num_rotatable_bonds_sum_fullmolecularfeaturizer,0.6770228299235894
5,poly_sp3_carbon_count_sum_fullpolymerfeaturizer,0.6711716522088055
5,drug_balaban_j_index_sum_fullmolecularfeaturizer,0.6440939993450522
5,drug_fp_density_morgan1_sum_fullmolecularfeaturizer,0.6386786958829328
5,drug_fingerprint_bit_64,0.6327873543149825
5,poly_sp2_carbon_count_sum_fullpolymerfeaturizer,0.6276922721046334
5,poly_heteroatom_count_sidechainfeaturizer_sum,0.6086028070339605
5,drug_topological_surface_area_sum_fullmolecularfeaturizer,0.5949947247067806
5,fingerprint_H_bit_113,0.5694328788461734
5,fingerprint_H_bit_236,0.5588921403816397
5,drug_fingerprint_bit_177,0.5262480337438322
5,drug_sp2_carbon_count_sum_fullmolecularfeaturizer,0.5210789748145268
5,poly_sp2_carbon_count_sidechainfeaturizer_sum,0.517435212928519
5,poly_max_ring_size_sum_fullpolymerfeaturizer,0.5006292302069919
5,poly_num_hbond_acceptors_sidechainfeaturizer_sum,0.4820213213830407
5,poly_molecular_weight_sidechainfeaturizer_sum,0.4791417935246858
5,drug_max_estate_index_sum_fullmolecularfeaturizer,0.4666976762598051
5,drug_fingerprint_bit_175,0.46402926759492047
5,poly_balaban_j_index_sidechainfeaturizer_sum,0.4561156120417012
5,drug_fingerprint_bit_133,0.44935240299833307
5,fingerprint_H_bit_133,0.44752782502007193
5,drug_num_rings_sum_fullmolecularfeaturizer,0.4387013887264411
5,fingerprint_H_bit_45,0.4346991011118869
5,drug_fingerprint_bit_12,0.427461049034493
5,fingerprint_H_bit_245,0.4231260419092547
5,drug_fingerprint_bit_115,0.42263903348917625
5,drug_num_aromatic_rings_sum_fullmolecularfeaturizer,0.4117263648672716
5,fingerprint_H_bit_197,0.4094458611986367
5,drug_fingerprint_bit_33,0.40375314152584396
5,fingerprint_H_bit_155,0.39034775405593275
5,poly_smr_vsa5_sidechainfeaturizer_sum,0.39008897050919983
5,fingerprint_H_bit_186,0.38688579041366034
5,drug_fingerprint_bit_206,0.3758820506022104
5,drug_fingerprint_bit_130,0.3752224044140883
5,drug_fingerprint_bit_42,0.36237747888808
5,logp_H,0.3608493059947112
5,drug_fingerprint_bit_108,0.35976376390267095
5,drug_fingerprint_bit_218,0.35097011956789104
5,homo_eV_H,0.34816777926761766
5,poly_topological_surface_area_sidechainfeaturizer_sum,0.3406143540793781
5,drug_fingerprint_bit_155,0.3275847830612852
5,poly_smr_vsa5_sum_backbonefeaturizer,0.3205800196928309
5,fingerprint_H_bit_204,0.30816376020732805
5,poly_num_aromatic_rings_sidechainfeaturizer_sum,0.3022886311985981
5,drug_fingerprint_bit_184,0.30161807973426125
5,drug_fingerprint_bit_4,0.29499346104313917
5,drug_fingerprint_bit_160,0.28407676899453743
5,poly_balaban_j_index_sum_fullpolymerfeaturizer,0.2827228720522483
5,drug_fingerprint_bit_39,0.28137671203484577
5,drug_fingerprint_bit_128,0.275904899411442
5,poly_num_atoms_sum_backbonefeaturizer,0.27397497390687026
5,poly_num_atoms_sum_fullpolymerfeaturizer,0.2718481945222255
5,poly_num_rotatable_bonds_sum_fullpolymerfeaturizer,0.27112500256828637
5,fingerprint_H_bit_48,0.26473491555349415
5,drug_fingerprint_bit_189,0.262796736280379
5,drug_lumo_eV,0.2580809348523729
5,fingerprint_H_bit_41,0.25634170997964517
5,drug_fingerprint_bit_253,0.2548630998426957
5,drug_fingerprint_bit_144,0.24000395895032842
5,drug_fingerprint_bit_249,0.23289388630768507
5,drug_fingerprint_bit_145,0.22597807234448428
5,drug_fingerprint_bit_36,0.22255932822635072
5,drug_total_halogens_sum_fullmolecularfeaturizer,0.2215284633245246
5,drug_molecular_weight_sum_fullmolecularfeaturizer,0.21847471625675677
5,drug_fingerprint_bit_142,0.21247703589140163
5,fingerprint_H_bit_251,0.20837500632068265
5,drug_fingerprint_bit_122,0.2066439300628101
5,fingerprint_H_bit_151,0.204958929493876
5,drug_num_aliphatic_heterocycles_sum_fullmolecularfeaturizer,0.20250298141249065
5,drug_sp3_carbon_count_sum_fullmolecularfeaturizer,0.1945873682424355
5,drug_fingerprint_bit_196,0.19378258527190506
5,poly_num_hbond_donors_sum_fullpolymerfeaturizer,0.19059094101674087
5,drug_fingerprint_bit_44,0.18993475500241955
5,poly_double_bonds_sidechainfeaturizer_sum,0.1861488718579541
5,drug_fingerprint_bit_18,0.18608358945083023
5,fingerprint_H_bit_27,0.18569188587449717
5,drug_fingerprint_bit_71,0.18311934834646962
5,drug_fingerprint_bit_106,0.18263495976194685
5,fingerprint_H_bit_212,0.1814794548894878
5,drug_fingerprint_bit_75,0.17994923700130444
5,drug_fingerprint_bit_15,0.1783314775474116
5,drug_fingerprint_bit_165,0.17503786158071327
5,drug_fingerprint_bit_170,0.1743837895581994
5,drug_fingerprint_bit_118,0.1733878039745719
5,drug_fingerprint_bit_105,0.17196751846672687
5,poly_fp_density_morgan1_sum_fullpolymerfeaturizer,0.1716967122358242
5,drug_fingerprint_bit_63,0.16554958939957506
5,drug_fingerprint_bit_247,0.16553344302868592
5,fingerprint_H_bit_52,0.16546052488722804
5,drug_fingerprint_bit_181,0.16470027080901817
5,fingerprint_H_bit_70,0.16160450409153126
5,drug_fingerprint_bit_180,0.1601649559140271
5,drug_fingerprint_bit_45,0.1597041732475298
5,drug_fingerprint_bit_201,0.1580424611333981
5,drug_fingerprint_bit_252,0.15435391924609007
5,fingerprint_H_bit_89,0.1531066404497086
5,poly_heteroatom_density_sum_fullpolymerfeaturizer,0.15202448556976692
5,fingerprint_H_bit_63,0.14998913035362116
5,drug_fingerprint_bit_146,0.14662053376734216
5,drug_fluorine_count_sum_fullmolecularfeaturizer,0.14553155182482286
5,drug_fingerprint_bit_84,0.1438971915668025
5,drug_fingerprint_bit_194,0.14308333855220745
5,drug_fingerprint_bit_150,0.1404656177402757
5,drug_fingerprint_bit_227,0.13994016829663367
5,drug_fingerprint_bit_22,0.13890751841954407
5,drug_fingerprint_bit_35,0.13789082512502604
5,drug_fingerprint_bit_179,0.13625380128075
5,drug_fingerprint_bit_126,0.13342194847474403
5,drug_fingerprint_bit_185,0.1329225867516339
5,poly_single_bonds_sum_fullpolymerfeaturizer,0.13273097542570092
5,drug_fingerprint_bit_161,0.1315110862239984
5,drug_fingerprint_bit_110,0.1295362553502301
5,drug_fingerprint_bit_28,0.1292632393743856
5,drug_logd_at_WATER_PH,0.12430274073225146
5,drug_fingerprint_bit_120,0.12407014646808205
5,drug_fingerprint_bit_125,0.12281460748088192
5,drug_fingerprint_bit_236,0.12143873624762529
5,drug_fingerprint_bit_164,0.12090163720605028
5,drug_fingerprint_bit_251,0.1204485537906662
5,drug_fingerprint_bit_99,0.1160008172300132
5,drug_fingerprint_bit_2,0.11569925253145831
5,fingerprint_H_bit_69,0.11400043141055864
5,drug_fingerprint_bit_10,0.11370809470912573
5,fingerprint_H_bit_13,0.10896143392628414
5,drug_fingerprint_bit_69,0.10715341750909857
5,drug_fingerprint_bit_61,0.1057581738544305
5,drug_fingerprint_bit_58,0.10201428806855126
5,drug_fingerprint_bit_241,0.09836378324615073
5,drug_fingerprint_bit_26,0.09671776995252868
5,drug_fingerprint_bit_197,0.09574855425656922
5,drug_fingerprint_bit_114,0.09573814903240714
5,drug_fingerprint_bit_183,0.09499446948171152
5,fingerprint_H_bit_37,0.094562689790519
5,drug_fingerprint_bit_238,0.09201327182411256
5,poly_num_non_aromatic_rings_sum_fullpolymerfeaturizer,0.0898488836594702
5,drug_fingerprint_bit_203,0.08853902789898496
5,drug_fingerprint_bit_207,0.08767645535155978
5,drug_fingerprint_bit_132,0.08725583374915655
5,drug_fingerprint_bit_151,0.08720739769817024
5,drug_fingerprint_bit_5,0.0868483576227207
5,drug_fingerprint_bit_49,0.08491611433693125
5,drug_fingerprint_bit_11,0.08429547272933303
5,drug_fingerprint_bit_246,0.08414222872774635
5,drug_fingerprint_bit_200,0.08208312319918323
5,drug_fingerprint_bit_93,0.08146445914954652
5,drug_fingerprint_bit_141,0.07847675364723909
5,drug_fingerprint_bit_237,0.07563462267321878
5,poly_slogp_vsa1_sidechainfeaturizer_sum,0.07309952156938922
5,drug_single_bonds_sum_fullmolecularfeaturizer,0.07273533778268938
5,drug_bridging_rings_count_sum_fullmolecularfeaturizer,0.07261650322950418
5,drug_fingerprint_bit_137,0.07212830322032394
5,drug_fingerprint_bit_97,0.0682607690578207
5,fingerprint_H_bit_61,0.06425865762545853
5,fingerprint_H_bit_114,0.06310198264007955
5,drug_fingerprint_bit_172,0.06287231440239349
5,drug_fingerprint_bit_119,0.06157756119320842
5,drug_fingerprint_bit_50,0.06150311116677159
5,fingerprint_H_bit_219,0.06097663785784573
5,fingerprint_H_bit_224,0.06091207319530494
5,drug_fingerprint_bit_210,0.0590308874610206
5,poly_num_atoms_sidechainfeaturizer_sum,0.05901234340354068
5,poly_num_non_aromatic_rings_sum_backbonefeaturizer,0.058396409195953174
5,drug_fingerprint_bit_6,0.057740974692391527
5,fingerprint_H_bit_216,0.05739332980065249
5,fingerprint_H_bit_112,0.05714496061645906
5,drug_fingerprint_bit_74,0.05698190645831479
5,drug_fingerprint_bit_250,0.05696132141871598
5,drug_num_hbond_acceptors_sum_fullmolecularfeaturizer,0.05519704861883812
5,fingerprint_H_bit_131,0.054472672433387145
5,drug_fingerprint_bit_193,0.054373952608623585
5,drug_fingerprint_bit_191,0.054077593581165984
5,drug_fingerprint_bit_121,0.05185023941538162
5,drug_fingerprint_bit_23,0.05182677666091236
5,fingerprint_H_bit_98,0.051513682157808556
5,drug_fingerprint_bit_38,0.04974299321498843
5,drug_fingerprint_bit_127,0.04844079372980966
5,drug_fingerprint_bit_136,0.04678674474702281
5,fingerprint_H_bit_205,0.04635115284088752
5,fingerprint_H_bit_57,0.045779251730628925
5,drug_fingerprint_bit_202,0.04528283343564329
5,fingerprint_H_bit_185,0.04509841312905074
5,poly_num_rotatable_bonds_sidechainfeaturizer_sum,0.045044170986199554
5,drug_fingerprint_bit_116,0.04475591774211265
5,drug_fingerprint_bit_212,0.04387694076194927
5,drug_fingerprint_bit_204,0.04384996231819275
5,drug_fingerprint_bit_199,0.041158006578205356
5,drug_fingerprint_bit_77,0.04064306985245938
5,fingerprint_H_bit_54,0.0398457553852628
5,drug_fingerprint_bit_7,0.039476285098589546
5,drug_fingerprint_bit_78,0.03924400586264531
5,drug_fingerprint_bit_229,0.03902615047565113
5,fingerprint_H_bit_237,0.03879800238862902
5,drug_fingerprint_bit_83,0.03793560032298704
5,drug_fingerprint_bit_1,0.03696208394335424
5,drug_fraction_bicyclic_rings_sum_fullmolecularfeaturizer,0.03694442018592264
5,drug_fingerprint_bit_41,0.03377884265093668
5,drug_fingerprint_bit_57,0.031923010041129116
5,drug_fingerprint_bit_43,0.03095308685580133
5,fingerprint_H_bit_116,0.030605933207858
5,drug_fingerprint_bit_187,0.030370969051979314
5,drug_fingerprint_bit_46,0.0286757155875341
5,drug_fingerprint_bit_224,0.028392046174421665
5,drug_fingerprint_bit_173,0.02803603996657273
5,drug_fingerprint_bit_216,0.027873366041580114
5,drug_fingerprint_bit_24,0.027863394680705363
5,drug_fingerprint_bit_103,0.026997790510700188
5,drug_fingerprint_bit_135,0.026377351379055995
5,drug_fingerprint_bit_34,0.024994898779158788
5,drug_fingerprint_bit_52,0.02458453949048655
5,drug_fingerprint_bit_8,0.023693076738178585
5,drug_fingerprint_bit_73,0.023172517977845555
5,poly_num_aliphatic_heterocycles_sum_backbonefeaturizer,0.022862747713308856
5,drug_fingerprint_bit_248,0.022431146840002896
5,fingerprint_H_bit_158,0.022075893540548435
5,drug_fingerprint_bit_47,0.021669482723539375
5,drug_fingerprint_bit_30,0.020862788439729916
5,drug_fingerprint_bit_208,0.020058077962483767
5,drug_homo_eV,0.019863502305173024
5,fingerprint_H_bit_46,0.019641498626532836
5,drug_fingerprint_bit_92,0.01867752136770568
5,drug_fingerprint_bit_245,0.018651457726998548
5,drug_fingerprint_bit_235,0.018647836032187084
5,drug_fingerprint_bit_67,0.017349056180632375
5,drug_fingerprint_bit_171,0.01722134182831441
5,drug_fingerprint_bit_152,0.016094915788854167
5,drug_fingerprint_bit_225,0.015987054171165256
5,drug_fingerprint_bit_222,0.015449890689412684
5,fingerprint_H_bit_30,0.015211955575008821
5,drug_fingerprint_bit_240,0.015035753573950832
5,drug_fingerprint_bit_153,0.014831891731907545
5,fingerprint_H_bit_68,0.01482405997906977
5,drug_fingerprint_bit_37,0.014700805386321394
5,drug_fingerprint_bit_13,0.014604013196978436
5,drug_fingerprint_bit_101,0.014236600132508754
5,drug_fingerprint_bit_14,0.013719971363314534
5,drug_fingerprint_bit_231,0.01369087844296247
5,drug_fingerprint_bit_239,0.013560291969320562
5,drug_fingerprint_bit_85,0.013029432614434566
5,poly_num_aliphatic_heterocycles_sum_fullpolymerfeaturizer,0.011884480305816363
5,drug_fingerprint_bit_70,0.011234181961149722
5,fingerprint_H_bit_227,0.011041767593080938
5,drug_logp,0.010052531067799035
5,drug_fingerprint_bit_219,0.009857627271174492
5,drug_fingerprint_bit_56,0.008873774936624517
5,drug_fingerprint_bit_226,0.008739675432728324
5,fingerprint_H_bit_65,0.008435238270582521
5,drug_fingerprint_bit_29,0.007320891346286952
5,fingerprint_H_bit_18,0.006992307986316448
5,fingerprint_H_bit_106,0.004400415391605532
5,poly_slogp_vsa1_sum_fullpolymerfeaturizer,0.004021047126570666
5,fingerprint_H_bit_34,0.0034737316743211105
5,drug_fingerprint_bit_96,0.003321660851696051
5,fingerprint_H_bit_66,0.003160444682569184
5,fingerprint_H_bit_123,0.002859532329583438
5,fingerprint_H_bit_164,0.0027351141064493956
5,fingerprint_H_bit_162,0.0025362579856583667
5,fingerprint_H_bit_26,0.0016501521032189254
5,drug_fingerprint_bit_134,0.0007829259485010334
5,drug_fingerprint_bit_20,0.0007276564813115513
5,fingerprint_H_bit_24,7.141044581057291e-10
5,fingerprint_H_bit_122,0.0
5,poly_num_aliphatic_heterocycles_sidechainfeaturizer_sum,0.0
5,drug_fingerprint_bit_234,0.0
5,fingerprint_H_bit_4,0.0
5,fingerprint_H_bit_5,0.0
5,fingerprint_H_bit_6,0.0
5,fingerprint_H_bit_8,0.0
5,drug_bromine_count_sum_fullmolecularfeaturizer,0.0
5,drug_fingerprint_bit_221,0.0
5,drug_fingerprint_bit_232,0.0
5,drug_fingerprint_bit_220,0.0
5,fingerprint_H_bit_124,0.0
5,drug_triple_bonds_sum_fullmolecularfeaturizer,0.0
5,fingerprint_H_bit_21,0.0
5,fingerprint_H_bit_9,0.0
5,fingerprint_H_bit_16,0.0
5,fingerprint_H_bit_15,0.0
5,fingerprint_H_bit_14,0.0
5,fingerprint_H_bit_107,0.0
5,fingerprint_H_bit_108,0.0
5,fingerprint_H_bit_109,0.0
5,fingerprint_H_bit_110,0.0
5,fingerprint_H_bit_126,0.0
5,fingerprint_H_bit_127,0.0
5,fingerprint_H_bit_129,0.0
5,poly_fraction_bicyclic_rings_sum_backbonefeaturizer,0.0
5,fingerprint_H_bit_250,0.0
5,fingerprint_H_bit_249,0.0
5,poly_iodine_count_sum_fullpolymerfeaturizer,0.0
5,fingerprint_H_bit_248,0.0
5,poly_triple_bonds_sidechainfeaturizer_sum,0.0
5,drug_fingerprint_bit_217,0.0
5,fingerprint_H_bit_252,0.0
5,fingerprint_H_bit_105,0.0
5,poly_total_halogens_sum_fullpolymerfeaturizer,0.0
5,fingerprint_H_bit_152,0.0
5,fingerprint_H_bit_150,0.0
5,fingerprint_H_bit_149,0.0
5,fingerprint_H_bit_148,0.0
5,fingerprint_H_bit_146,0.0
5,drug_fingerprint_bit_215,0.0
5,drug_fingerprint_bit_209,0.0
5,drug_fingerprint_bit_198,0.0
5,poly_bridging_rings_count_sum_backbonefeaturizer,0.0
5,poly_triple_bonds_sum_backbonefeaturizer,0.0
5,poly_iodine_count_sum_backbonefeaturizer,0.0
5,poly_bromine_count_sum_fullpolymerfeaturizer,0.0
5,poly_chlorine_count_sum_fullpolymerfeaturizer,0.0
5,poly_fluorine_count_sum_fullpolymerfeaturizer,0.0
5,poly_bridging_rings_count_sidechainfeaturizer_sum,0.0
5,poly_total_halogens_sum_backbonefeaturizer,0.0
5,poly_fluorine_count_sum_backbonefeaturizer,0.0
5,poly_chlorine_count_sum_backbonefeaturizer,0.0
5,poly_bromine_count_sum_backbonefeaturizer,0.0
5,fingerprint_H_bit_111,0.0
5,drug_fingerprint_bit_9,0.0
5,fingerprint_H_bit_115,0.0
5,fingerprint_H_bit_117,0.0
5,fingerprint_H_bit_234,0.0
5,fingerprint_H_bit_231,0.0
5,fingerprint_H_bit_230,0.0
5,fingerprint_H_bit_229,0.0
5,poly_fraction_bicyclic_rings_sidechainfeaturizer_sum,0.0
5,poly_num_non_aromatic_rings_sidechainfeaturizer_sum,0.0
5,poly_bridging_rings_count_sum_fullpolymerfeaturizer,0.0
5,poly_triple_bonds_sum_fullpolymerfeaturizer,0.0
5,poly_iodine_count_sidechainfeaturizer_sum,0.0
5,poly_bromine_count_sidechainfeaturizer_sum,0.0
5,poly_chlorine_count_sidechainfeaturizer_sum,0.0
5,poly_fluorine_count_sidechainfeaturizer_sum,0.0
5,poly_total_halogens_sidechainfeaturizer_sum,0.0
5,fingerprint_H_bit_136,0.0
5,fingerprint_H_bit_135,0.0
5,fingerprint_H_bit_132,0.0
5,fingerprint_H_bit_130,0.0
5,drug_iodine_count_sum_fullmolecularfeaturizer,0.0
5,fingerprint_H_bit_20,0.0
5,fingerprint_H_bit_19,0.0
5,fingerprint_H_bit_17,0.0
5,fingerprint_H_bit_10,0.0
5,drug_fingerprint_bit_244,0.0
5,fingerprint_H_bit_11,0.0
5,drug_fingerprint_bit_17,0.0
5,drug_fingerprint_bit_21,0.0
5,fingerprint_H_bit_90,0.0
5,fingerprint_H_bit_91,0.0
5,fingerprint_H_bit_93,0.0
5,fingerprint_H_bit_92,0.0
5,fingerprint_H_bit_94,0.0
5,fingerprint_H_bit_95,0.0
5,fingerprint_H_bit_255,0.0
5,fingerprint_H_bit_96,0.0
5,fingerprint_H_bit_97,0.0
5,fingerprint_H_bit_253,0.0
5,poly_fraction_bicyclic_rings_sum_fullpolymerfeaturizer,0.0
5,fingerprint_H_bit_254,0.0
5,fingerprint_H_bit_140,0.0
5,fingerprint_H_bit_137,0.0
5,fingerprint_H_bit_235,0.0
5,fingerprint_H_bit_238,0.0
5,fingerprint_H_bit_141,0.0
5,fingerprint_H_bit_142,0.0
5,fingerprint_H_bit_239,0.0
5,fingerprint_H_bit_99,0.0
5,fingerprint_H_bit_241,0.0
5,fingerprint_H_bit_242,0.0
5,fingerprint_H_bit_244,0.0
5,fingerprint_H_bit_246,0.0
5,fingerprint_H_bit_243,0.0
5,fingerprint_H_bit_220,0.0
5,fingerprint_H_bit_221,0.0
5,fingerprint_H_bit_101,0.0
5,fingerprint_H_bit_102,0.0
5,fingerprint_H_bit_104,0.0
5,fingerprint_H_bit_157,0.0
5,fingerprint_H_bit_160,0.0
5,drug_fingerprint_bit_54,0.0
5,fingerprint_H_bit_35,0.0
5,fingerprint_H_bit_40,0.0
5,fingerprint_H_bit_36,0.0
5,fingerprint_H_bit_211,0.0
5,fingerprint_H_bit_156,0.0
5,fingerprint_H_bit_208,0.0
5,fingerprint_H_bit_209,0.0
5,fingerprint_H_bit_210,0.0
5,fingerprint_H_bit_228,0.0
5,drug_fingerprint_bit_51,0.0
5,fingerprint_H_bit_154,0.0
5,fingerprint_H_bit_153,0.0
5,fingerprint_H_bit_215,0.0
5,fingerprint_H_bit_31,0.0
5,drug_fingerprint_bit_68,0.0
5,fingerprint_H_bit_225,0.0
5,fingerprint_H_bit_29,0.0
5,fingerprint_H_bit_82,0.0
5,fingerprint_H_bit_79,0.0
5,fingerprint_H_bit_25,0.0
5,fingerprint_H_bit_240,0.0
5,drug_fingerprint_bit_190,0.0
5,drug_fingerprint_bit_195,0.0
5,fingerprint_H_bit_166,0.0
5,fingerprint_H_bit_168,0.0
5,fingerprint_H_bit_165,0.0
5,fingerprint_H_bit_247,0.0
5,fingerprint_H_bit_223,0.0
5,fingerprint_H_bit_103,0.0
5,drug_fingerprint_bit_102,0.0
5,drug_fingerprint_bit_87,0.0
5,drug_fingerprint_bit_89,0.0
5,drug_fingerprint_bit_88,0.0
5,fingerprint_H_bit_73,0.0
5,fingerprint_H_bit_74,0.0
5,fingerprint_H_bit_77,0.0
5,fingerprint_H_bit_76,0.0
5,drug_fingerprint_bit_176,0.0
5,fingerprint_H_bit_199,0.0
5,fingerprint_H_bit_200,0.0
5,drug_fingerprint_bit_98,0.0
5,fingerprint_H_bit_86,0.0
5,fingerprint_H_bit_203,0.0
5,fingerprint_H_bit_88,0.0
5,fingerprint_H_bit_87,0.0
5,fingerprint_H_bit_192,0.0
5,fingerprint_H_bit_193,0.0
5,fingerprint_H_bit_163,0.0
5,fingerprint_H_bit_190,0.0
5,fingerprint_H_bit_83,0.0
5,drug_fingerprint_bit_166,0.0
5,drug_fingerprint_bit_157,0.0
5,fingerprint_H_bit_161,0.0
5,fingerprint_H_bit_55,0.0
5,fingerprint_H_bit_51,0.0
5,fingerprint_H_bit_198,0.0
5,fingerprint_H_bit_196,0.0
5,fingerprint_H_bit_195,0.0
5,fingerprint_H_bit_194,0.0
5,fingerprint_H_bit_202,0.0
5,fingerprint_H_bit_201,0.0
5,drug_fingerprint_bit_112,0.0
5,fingerprint_H_bit_59,0.0
5,fingerprint_H_bit_60,0.0
5,fingerprint_H_bit_62,0.0
5,fingerprint_H_bit_50,0.0
5,fingerprint_H_bit_49,0.0
5,fingerprint_H_bit_71,0.0
5,drug_fingerprint_bit_123,0.0
5,fingerprint_H_bit_187,0.0
5,fingerprint_H_bit_184,0.0
5,fingerprint_H_bit_181,0.0
5,fingerprint_H_bit_180,0.0
5,fingerprint_H_bit_179,0.0
5,fingerprint_H_bit_72,0.0
5,fingerprint_H_bit_189,0.0
5,fingerprint_H_bit_188,0.0
5,fingerprint_H_bit_173,0.0
5,fingerprint_H_bit_176,0.0
5,fingerprint_H_bit_178,0.0
5,fingerprint_H_bit_172,0.0
5,fingerprint_H_bit_206,0.0
5,fingerprint_H_bit_171,0.0
5,fingerprint_H_bit_170,0.0
5,fingerprint_H_bit_169,0.0
5,fingerprint_H_bit_43,0.0
5,fingerprint_H_bit_44,0.0
5,fingerprint_H_bit_47,0.0
5,drug_fingerprint_bit_254,0.0
5,fingerprint_H_bit_23,0.0
5,fingerprint_H_bit_22,0.0
5,fingerprint_H_bit_2,0.0
5,fingerprint_H_bit_0,0.0
5,fingerprint_H_bit_3,-9.774809533220313e-11
5,drug_fingerprint_bit_131,-0.00020763226645650095
5,drug_fingerprint_bit_223,-0.0008175870735824185
5,drug_fingerprint_bit_156,-0.0009851216216642453
5,drug_fingerprint_bit_109,-0.0015766477556057035
5,drug_fingerprint_bit_62,-0.004062201279605192
5,drug_fingerprint_bit_162,-0.005186446655629554
5,poly_sp3_carbon_count_sidechainfeaturizer_sum,-0.0055113202454024944
5,drug_fingerprint_bit_174,-0.0056736001891636535
5,drug_fingerprint_bit_19,-0.005693186453205006
5,drug_fingerprint_bit_169,-0.006701342550836169
5,drug_smr_vsa5_sum_fullmolecularfeaturizer,-0.007164994081455096
5,drug_fingerprint_bit_90,-0.0075027461759833
5,drug_fingerprint_bit_27,-0.008437668028292449
5,drug_double_bonds_sum_fullmolecularfeaturizer,-0.009165688062927677
5,drug_fingerprint_bit_16,-0.009402683939579342
5,drug_fingerprint_bit_242,-0.01093751762231833
5,drug_fingerprint_bit_60,-0.011201631856196572
5,drug_fingerprint_bit_178,-0.012464642898338802
5,drug_fingerprint_bit_82,-0.013013710227580855
5,drug_fingerprint_bit_79,-0.013214423970342433
5,drug_num_hbond_donors_sum_fullmolecularfeaturizer,-0.013372322286373275
5,drug_fingerprint_bit_31,-0.01667918167569398
5,drug_fingerprint_bit_192,-0.01738480398069545
5,drug_fingerprint_bit_149,-0.017475865055940645
5,drug_fingerprint_bit_53,-0.018148232726147486
5,drug_fingerprint_bit_94,-0.01838162296963532
5,drug_fingerprint_bit_129,-0.018815175299799654
5,fingerprint_H_bit_67,-0.0199873237036006
5,drug_fingerprint_bit_25,-0.021013930514779882
5,drug_fingerprint_bit_124,-0.022055894360075084
5,drug_fingerprint_bit_154,-0.023476035328766545
5,drug_fingerprint_bit_72,-0.023861880369745996
5,drug_fingerprint_bit_32,-0.024109036812653892
5,fingerprint_H_bit_53,-0.02473029421085255
5,drug_fingerprint_bit_65,-0.028253238730586827
5,drug_fingerprint_bit_113,-0.029639120157909257
5,fingerprint_H_bit_78,-0.03019016138386965
5,drug_num_non_aromatic_rings_sum_fullmolecularfeaturizer,-0.031760181724999524
5,drug_fingerprint_bit_211,-0.03346847482083074
5,drug_fingerprint_bit_48,-0.03388981026734233
5,poly_num_hbond_donors_sidechainfeaturizer_sum,-0.034659216827494364
5,drug_fingerprint_bit_59,-0.03650605239648801
5,drug_fingerprint_bit_182,-0.036906605380650256
5,fingerprint_H_bit_143,-0.039880645153628484
5,drug_fingerprint_bit_158,-0.040382193375848974
5,drug_fingerprint_bit_80,-0.04255531218921644
5,fingerprint_H_bit_121,-0.04941499836828905
5,poly_molecular_weight_sum_fullpolymerfeaturizer,-0.04964220159182125
5,drug_fingerprint_bit_76,-0.0525033338200585
5,drug_fingerprint_bit_95,-0.05459675304875481
5,drug_fingerprint_bit_3,-0.05478063271932988
5,drug_chlorine_count_sum_fullmolecularfeaturizer,-0.06128258891136203
5,drug_fingerprint_bit_159,-0.06172681764572509
5,drug_fingerprint_bit_104,-0.06788907478860237
5,drug_fingerprint_bit_55,-0.07358470164113343
5,drug_fingerprint_bit_86,-0.07485434126797404
5,poly_num_hbond_acceptors_sum_fullpolymerfeaturizer,-0.07778860637300103
5,fingerprint_H_bit_167,-0.08106636660333151
5,drug_fingerprint_bit_243,-0.08318103719449854
5,drug_fingerprint_bit_148,-0.08607166598731229
5,fingerprint_H_bit_32,-0.08704211254200742
5,drug_fingerprint_bit_81,-0.09449797083370978
5,drug_heteroatom_count_sum_fullmolecularfeaturizer,-0.09454662093904578
5,fingerprint_H_bit_222,-0.0963615876214765
5,fingerprint_H_bit_207,-0.10036832057393572
5,poly_num_hbond_acceptors_sum_backbonefeaturizer,-0.10118874358252931
5,poly_single_bonds_sidechainfeaturizer_sum,-0.10525987203643151
5,drug_fingerprint_bit_143,-0.11203771802907384
5,fingerprint_H_bit_42,-0.1151016224229994
5,fingerprint_H_bit_218,-0.12011825491487274
5,fingerprint_H_bit_7,-0.12393304488759235
5,drug_fingerprint_bit_168,-0.12430148401820106
5,drug_fingerprint_bit_228,-0.12580182322955377
5,fingerprint_H_bit_134,-0.1383959534523698
5,fingerprint_H_bit_38,-0.14299060997956156
5,poly_num_hbond_donors_sum_backbonefeaturizer,-0.14599237436646462
5,fingerprint_H_bit_128,-0.14963748035912175
5,fingerprint_H_bit_39,-0.1498017926507591
5,fingerprint_H_bit_226,-0.1552545331568358
5,fingerprint_H_bit_159,-0.1555032255459326
5,drug_fingerprint_bit_40,-0.16553796383409453
5,drug_fingerprint_bit_230,-0.1684733285496053
5,drug_fingerprint_bit_188,-0.18886474742443293
5,drug_fingerprint_bit_147,-0.19424260552573866
5,drug_fingerprint_bit_0,-0.19505557319048794
5,drug_fingerprint_bit_233,-0.23293846088655487
5,drug_fingerprint_bit_66,-0.2384700320374523
5,drug_num_atoms_sum_fullmolecularfeaturizer,-0.23932692013986695
5,drug_fingerprint_bit_163,-0.2556561286163951
5,drug_fingerprint_bit_117,-0.2608788846426841
5,drug_max_ring_size_sum_fullmolecularfeaturizer,-0.268208964663691
5,fingerprint_H_bit_125,-0.269802000020618
5,poly_max_estate_index_sum_fullpolymerfeaturizer,-0.27009687160216955
5,WATER_PH,-0.2983397464894645
5,poly_double_bonds_sum_backbonefeaturizer,-0.31071451429946506
5,drug_heteroatom_density_sum_fullmolecularfeaturizer,-0.32704209828417646
5,drug_slogp_vsa1_sum_fullmolecularfeaturizer,-0.3466386460143616
5,drug_fingerprint_bit_139,-0.34795121065917206
5,drug_fingerprint_bit_186,-0.3864632509312981
5,fingerprint_H_bit_138,-0.3911195501790195
5,drug_fingerprint_bit_167,-0.39859228032594657
5,poly_topological_surface_area_sum_fullpolymerfeaturizer,-0.4472790812829158
5,drug_fingerprint_bit_107,-0.5312133022045699
5,poly_max_estate_index_sum_backbonefeaturizer,-0.5739734586804149
5,poly_heteroatom_count_sum_fullpolymerfeaturizer,-0.6000696052986241
5,poly_topological_surface_area_sum_backbonefeaturizer,-0.6651375195680874
5,poly_double_bonds_sum_fullpolymerfeaturizer,-0.7429904092696834
5,drug_fingerprint_bit_140,-0.7747193663048584
5,poly_molecular_weight_sum_backbonefeaturizer,-1.3865707707333113
5,CONCENTRATION,-1.4230346105888203
5,fingerprint_H_bit_144,-1.5477284738869848
5,fingerprint_H_bit_174,-1.8189488614266462
5,poly_heteroatom_count_sum_backbonefeaturizer,-2.230063642576875
5,drug_fingerprint_bit_205,-2.7959196128653576
5,fingerprint_H_bit_233,-3.4967410621479202
5,fingerprint_H_bit_191,-3.6570083018598396
5,drug_fingerprint_bit_100,-3.9927473513195006
5,fingerprint_H_bit_75,-4.218010820168785
6,logd_at_WATER_PH_H,5.170844108223535
6,fingerprint_H_bit_1,4.0218158367075105
6,poly_num_aromatic_rings_sum_backbonefeaturizer,3.4875192310634895
6,poly_num_rings_sum_backbonefeaturizer,3.4521217884345967
6,poly_slogp_vsa1_sum_fullpolymerfeaturizer,3.0704220077965827
6,poly_fp_density_morgan1_sum_backbonefeaturizer,2.973997409161821
6,poly_sp2_carbon_count_sum_backbonefeaturizer,2.906380611294995
6,poly_max_estate_index_sidechainfeaturizer_sum,2.5252354571044484
6,drug_fingerprint_bit_138,2.1501921621271007
6,fingerprint_H_bit_128,2.0403729970223883
6,drug_balaban_j_index_sum_fullmolecularfeaturizer,2.02401609664904
6,fingerprint_H_bit_139,1.8926396205261822
6,drug_fingerprint_bit_111,1.8847115720052958
6,drug_fingerprint_bit_91,1.84904230409449
6,poly_fp_density_morgan1_sum_fullpolymerfeaturizer,1.7910122068149021
6,drug_num_aromatic_rings_sum_fullmolecularfeaturizer,1.7022425557454723
6,drug_charge_at_WATER_PH,1.6328927346932425
6,fingerprint_H_bit_80,1.588274459235505
6,poly_slogp_vsa1_sum_backbonefeaturizer,1.5302593953568588
6,poly_num_atoms_sidechainfeaturizer_sum,1.516187636167437
6,poly_molecular_weight_sidechainfeaturizer_sum,1.4947711078702015
6,poly_heteroatom_density_sidechainfeaturizer_sum,1.4466802862494836
6,drug_fingerprint_bit_214,1.441253184578571
6,poly_fp_density_morgan1_sidechainfeaturizer_sum,1.4350597325682783
6,poly_sp3_carbon_count_sum_backbonefeaturizer,1.3268924153217314
6,drug_sp2_carbon_count_sum_fullmolecularfeaturizer,1.3242510050564806
6,drug_fingerprint_bit_64,1.3178960391495427
6,fingerprint_H_bit_113,1.3123297219351084
6,fingerprint_H_bit_56,1.3083777715662426
6,fingerprint_H_bit_175,1.2809213487079918
6,fingerprint_H_bit_217,1.2309723529327026
6,fingerprint_H_bit_155,1.2192159907301205
6,fingerprint_H_bit_222,1.2148552677276447
6,poly_smr_vsa5_sum_backbonefeaturizer,1.207066493417813
6,logp_H,1.1670825226959376
6,poly_topological_surface_area_sum_backbonefeaturizer,1.1653052915106088
6,fingerprint_H_bit_28,1.1467949833904367
6,poly_balaban_j_index_sidechainfeaturizer_sum,1.1288323220466303
6,fingerprint_H_bit_118,1.0829153946742183
6,poly_sp3_carbon_count_sidechainfeaturizer_sum,1.075982063878581
6,fingerprint_H_bit_64,1.0695441198007312
6,fingerprint_H_bit_41,1.0509014433219837
6,fingerprint_H_bit_133,1.0339915600410612
6,poly_num_rotatable_bonds_sum_backbonefeaturizer,1.0278321039692215
6,fingerprint_H_bit_151,1.0252912214848686
6,fingerprint_H_bit_186,0.9759019014604541
6,fingerprint_H_bit_213,0.9516395870901231
6,poly_heteroatom_count_sum_backbonefeaturizer,0.9403320418472804
6,poly_sp2_carbon_count_sidechainfeaturizer_sum,0.9305666736582848
6,fingerprint_H_bit_100,0.92776200721029
6,fingerprint_H_bit_232,0.8966232877529098
6,poly_molecular_weight_sum_backbonefeaturizer,0.8634388579341957
6,fingerprint_H_bit_245,0.8226309048162977
6,fingerprint_H_bit_197,0.8136711442208349
6,drug_fingerprint_bit_147,0.8118768367032451
6,drug_fingerprint_bit_133,0.8032042988362529
6,fingerprint_H_bit_214,0.8020542957951241
6,poly_num_rings_sidechainfeaturizer_sum,0.7995908243742786
6,fingerprint_H_bit_58,0.7282342187180127
6,poly_smr_vsa5_sum_fullpolymerfeaturizer,0.7267908016070445
6,poly_max_ring_size_sum_fullpolymerfeaturizer,0.7251861332383547
6,poly_max_ring_size_sum_backbonefeaturizer,0.7147880785878933
6,fingerprint_H_bit_81,0.7056752364780076
6,poly_balaban_j_index_sum_backbonefeaturizer,0.6684236604624223
6,fingerprint_H_bit_33,0.6404628119288953
6,poly_num_hbond_acceptors_sidechainfeaturizer_sum,0.6288802274237266
6,fingerprint_H_bit_145,0.6185449575071125
6,poly_num_rings_sum_fullpolymerfeaturizer,0.5949016680248028
6,poly_double_bonds_sum_fullpolymerfeaturizer,0.5922235413418078
6,drug_logd_at_WATER_PH,0.5519109054798939
6,drug_fingerprint_bit_160,0.5474863202400878
6,poly_num_aromatic_rings_sidechainfeaturizer_sum,0.5427896019016718
6,poly_heteroatom_density_sum_fullpolymerfeaturizer,0.5408781514261718
6,fingerprint_H_bit_45,0.5345200831994613
6,fingerprint_H_bit_84,0.5319719097419153
6,drug_num_hbond_donors_sum_fullmolecularfeaturizer,0.5307408802498551
6,drug_fingerprint_bit_110,0.5245752127073341
6,fingerprint_H_bit_204,0.4984458233773418
6,drug_num_rotatable_bonds_sum_fullmolecularfeaturizer,0.4953251157066427
6,lumo_eV_H,0.48700818891817516
6,drug_num_rings_sum_fullmolecularfeaturizer,0.4793619606511582
6,drug_fingerprint_bit_189,0.47377773030328363
6,poly_smr_vsa5_sidechainfeaturizer_sum,0.4699895315854455
6,drug_fingerprint_bit_155,0.4450239349655711
6,drug_fingerprint_bit_128,0.44421757075570545
6,poly_num_hbond_donors_sidechainfeaturizer_sum,0.4428283787013938
6,drug_fingerprint_bit_39,0.43917078500135737
6,fingerprint_H_bit_236,0.4373585769374785
6,fingerprint_H_bit_69,0.4315035669439103
6,drug_fingerprint_bit_73,0.42590626218050137
6,drug_fingerprint_bit_213,0.4227353958783565
6,fingerprint_H_bit_53,0.4222180407964058
6,drug_fingerprint_bit_11,0.41365272505755313
6,poly_heteroatom_count_sidechainfeaturizer_sum,0.3999116770346647
6,drug_fingerprint_bit_49,0.3952558092019946
6,fingerprint_H_bit_251,0.3893317675551824
6,drug_fingerprint_bit_177,0.3882442870106693
6,drug_fingerprint_bit_206,0.38661222151638047
6,fingerprint_H_bit_119,0.3820342638674567
6,poly_single_bonds_sum_backbonefeaturizer,0.3810219221292737
6,poly_topological_surface_area_sidechainfeaturizer_sum,0.37198541540594665
6,charge_at_WATER_PH_H,0.36495237368968286
6,poly_max_ring_size_sidechainfeaturizer_sum,0.36108200404900287
6,fingerprint_H_bit_182,0.36028525168856174
6,fingerprint_H_bit_67,0.3489280270125176
6,drug_fingerprint_bit_108,0.3472894612330455
6,fingerprint_H_bit_212,0.34416673739130593
6,drug_fingerprint_bit_141,0.3439058703351341
6,drug_fingerprint_bit_22,0.34351294789234516
6,fingerprint_H_bit_48,0.34145103839260005
6,fingerprint_H_bit_78,0.3392895584769407
6,poly_double_bonds_sidechainfeaturizer_sum,0.33822603202748464
6,drug_fingerprint_bit_36,0.3355463598841609
6,drug_fingerprint_bit_126,0.3353227680269043
6,drug_fingerprint_bit_246,0.33476377542630215
6,drug_fingerprint_bit_184,0.3295217823144951
6,drug_fingerprint_bit_201,0.3246356278490171
6,drug_fingerprint_bit_250,0.3216658232084525
6,drug_fingerprint_bit_252,0.32088890364676104
6,drug_fingerprint_bit_42,0.3188997454513144
6,drug_fingerprint_bit_50,0.314268003650067
6,drug_heteroatom_count_sum_fullmolecularfeaturizer,0.3105929298379707
6,drug_fingerprint_bit_218,0.30831935090127
6,drug_fingerprint_bit_81,0.3076564975794366
6,drug_fingerprint_bit_10,0.3037024411880977
6,drug_fingerprint_bit_130,0.3029147842681222
6,fingerprint_H_bit_237,0.2962230642648754
6,drug_fingerprint_bit_115,0.2935920881668637
6,drug_num_hbond_acceptors_sum_fullmolecularfeaturizer,0.2858617267895807
6,drug_fingerprint_bit_26,0.2858303950012947
6,poly_balaban_j_index_sum_fullpolymerfeaturizer,0.2828907187609904
6,drug_fingerprint_bit_151,0.2759141229926838
6,drug_fingerprint_bit_24,0.27325640920539845
6,fingerprint_H_bit_167,0.26926092361206083
6,drug_fingerprint_bit_203,0.2678599756873301
6,drug_fingerprint_bit_15,0.2670850923233189
6,poly_sp3_carbon_count_sum_fullpolymerfeaturizer,0.25915856549552363
6,poly_num_rotatable_bonds_sum_fullpolymerfeaturizer,0.2545113717257984
6,drug_lumo_eV,0.24267426732744868
6,drug_fingerprint_bit_69,0.23327764632974848
6,drug_total_halogens_sum_fullmolecularfeaturizer,0.2259791336457282
6,drug_fingerprint_bit_165,0.2259424542882472
6,drug_fingerprint_bit_120,0.2250624665811152
6,poly_sp2_carbon_count_sum_fullpolymerfeaturizer,0.22442010452734826
6,poly_num_hbond_acceptors_sum_backbonefeaturizer,0.22176217620288757
6,drug_topological_surface_area_sum_fullmolecularfeaturizer,0.2169434751319828
6,fingerprint_H_bit_27,0.21264469132043334
6,drug_fingerprint_bit_63,0.21200821866655048
6,drug_fingerprint_bit_5,0.21130766959974023
6,drug_single_bonds_sum_fullmolecularfeaturizer,0.210641834705306
6,drug_fingerprint_bit_4,0.21005383211502363
6,drug_fingerprint_bit_164,0.20906438885011827
6,drug_fingerprint_bit_145,0.20727694393389948
6,drug_fingerprint_bit_181,0.205930651545624
6,drug_fingerprint_bit_142,0.20037164348977657
6,poly_num_hbond_donors_sum_backbonefeaturizer,0.19659499309734257
6,drug_fingerprint_bit_188,0.19531469015160496
6,drug_fingerprint_bit_197,0.1937030677404609
6,drug_fingerprint_bit_119,0.19202059093387666
6,fingerprint_H_bit_89,0.19164927683855096
6,drug_fingerprint_bit_35,0.18523372359839815
6,homo_eV_H,0.18291189671190905
6,drug_fingerprint_bit_106,0.18262539164703284
6,drug_fingerprint_bit_6,0.1773460598705555
6,poly_num_rotatable_bonds_sidechainfeaturizer_sum,0.17475819428448705
6,drug_fingerprint_bit_12,0.17451458079116097
6,drug_fingerprint_bit_105,0.17407637584393862
6,fingerprint_H_bit_13,0.17375992204961932
6,drug_fingerprint_bit_140,0.17348731668343373
6,drug_fingerprint_bit_242,0.17236891738639132
6,fingerprint_H_bit_63,0.16433960790952515
6,drug_fingerprint_bit_95,0.16360857748320937
6,poly_num_atoms_sum_backbonefeaturizer,0.15515009689942727
6,drug_fingerprint_bit_136,0.1522214605632947
6,drug_fingerprint_bit_99,0.15079085692477825
6,drug_homo_eV,0.14810710184054207
6,drug_fingerprint_bit_28,0.14528915466895112
6,drug_fingerprint_bit_175,0.1451886058857618
6,poly_single_bonds_sidechainfeaturizer_sum,0.14512108344571867
6,drug_fingerprint_bit_18,0.1442638883676592
6,drug_fingerprint_bit_45,0.14037691862609125
6,drug_fingerprint_bit_150,0.1389532350782088
6,drug_fingerprint_bit_180,0.13779548003916878
6,drug_fingerprint_bit_37,0.13575741590082915
6,drug_fingerprint_bit_196,0.135484580804262
6,fingerprint_H_bit_226,0.13397317025407812
6,drug_fingerprint_bit_255,0.13080765116668117
6,drug_fp_density_morgan1_sum_fullmolecularfeaturizer,0.12997497408486702
6,drug_fingerprint_bit_74,0.12826215851536332
6,drug_fingerprint_bit_46,0.12469655385192478
6,drug_fingerprint_bit_204,0.12323013849281102
6,drug_fingerprint_bit_75,0.12228333837802248
6,fingerprint_H_bit_159,0.12194125956107318
6,drug_fingerprint_bit_249,0.12112718430862332
6,poly_slogp_vsa1_sidechainfeaturizer_sum,0.1204193419039578
6,drug_chlorine_count_sum_fullmolecularfeaturizer,0.11975470773563394
6,drug_fingerprint_bit_236,0.11887710076807036
6,fingerprint_H_bit_52,0.1187141489874926
6,drug_fingerprint_bit_2,0.11711266663116937
6,drug_fingerprint_bit_200,0.11533524041570789
6,drug_fingerprint_bit_44,0.11498614661559073
6,drug_fingerprint_bit_161,0.11430779408670193
6,fingerprint_H_bit_70,0.11351969287938712
6,fingerprint_H_bit_37,0.1111030865804997
6,drug_fingerprint_bit_30,0.1101667975809156
6,drug_fluorine_count_sum_fullmolecularfeaturizer,0.10791824194622901
6,fingerprint_H_bit_162,0.10505797815290267
6,drug_fingerprint_bit_212,0.10324127807091614
6,drug_fingerprint_bit_159,0.10262176463966341
6,drug_fingerprint_bit_13,0.09904776247042311
6,drug_fingerprint_bit_227,0.09854591393913067
6,poly_heteroatom_density_sum_backbonefeaturizer,0.0975668134550726
6,fingerprint_H_bit_216,0.09717843545252881
6,drug_fingerprint_bit_72,0.09658984768011636
6,drug_fingerprint_bit_183,0.09580644976624109
6,drug_fingerprint_bit_247,0.09497346006881782
6,drug_fingerprint_bit_208,0.09457744779893092
6,drug_num_atoms_sum_fullmolecularfeaturizer,0.09348901992780663
6,poly_double_bonds_sum_backbonefeaturizer,0.09251607117070303
6,drug_fingerprint_bit_77,0.09242130145225601
6,fingerprint_H_bit_123,0.09218347518635266
6,drug_fingerprint_bit_43,0.09048910501667454
6,drug_fingerprint_bit_101,0.08897897776812613
6,drug_fingerprint_bit_109,0.08818068306696022
6,drug_fingerprint_bit_199,0.08801307874307449
6,drug_fingerprint_bit_229,0.08759812683699107
6,fingerprint_H_bit_57,0.08571448862388857
6,drug_fingerprint_bit_114,0.08449394816997777
6,drug_sp3_carbon_count_sum_fullmolecularfeaturizer,0.08438128677009064
6,drug_fingerprint_bit_179,0.08326511496388654
6,drug_fingerprint_bit_118,0.08298615743073892
6,drug_fingerprint_bit_127,0.0822540638852787
6,drug_fingerprint_bit_239,0.07998705297817187
6,drug_fingerprint_bit_238,0.07765974709330918
6,drug_fingerprint_bit_132,0.07720180305424344
6,drug_fingerprint_bit_226,0.07675132495255439
6,drug_fingerprint_bit_71,0.07607166011903081
6,drug_fingerprint_bit_41,0.07376544316034991
6,drug_fingerprint_bit_146,0.07300714953058238
6,drug_fingerprint_bit_191,0.07290807040951133
6,drug_fingerprint_bit_1,0.07247466583380081
6,fingerprint_H_bit_32,0.0675489501863436
6,fingerprint_H_bit_30,0.06285166007469015
6,fingerprint_H_bit_219,0.06278330254573916
6,drug_fingerprint_bit_94,0.06219313361337187
6,drug_fingerprint_bit_153,0.0615364257022889
6,fingerprint_H_bit_34,0.06152520696477177
6,drug_fingerprint_bit_185,0.06098156215421534
6,drug_fingerprint_bit_116,0.0602981701048088
6,fingerprint_H_bit_18,0.058529737316637194
6,fingerprint_H_bit_65,0.05824676204374847
6,drug_fingerprint_bit_202,0.058075204085687816
6,drug_fingerprint_bit_173,0.058030838109913795
6,drug_fingerprint_bit_83,0.05773577240717739
6,drug_fingerprint_bit_27,0.05725102174429402
6,fingerprint_H_bit_158,0.05698577165301064
6,drug_fingerprint_bit_174,0.056815371404865596
6,drug_fingerprint_bit_235,0.05331667170686239
6,drug_fraction_bicyclic_rings_sum_fullmolecularfeaturizer,0.05144054313814223
6,drug_smr_vsa5_sum_fullmolecularfeaturizer,0.05043040051282034
6,drug_fingerprint_bit_154,0.04991361172336647
6,drug_fingerprint_bit_134,0.04985347098002745
6,drug_fingerprint_bit_149,0.04969458491484209
6,fingerprint_H_bit_185,0.04828187409270591
6,drug_fingerprint_bit_240,0.04800502495291392
6,drug_fingerprint_bit_193,0.04724567736994933
6,drug_bridging_rings_count_sum_fullmolecularfeaturizer,0.04702199074480479
6,fingerprint_H_bit_114,0.04633436102461457
6,drug_fingerprint_bit_231,0.044699459024474864
6,drug_fingerprint_bit_67,0.043413733890949414
6,fingerprint_H_bit_26,0.04185184788513087
6,drug_fingerprint_bit_92,0.041794014467147124
6,drug_fingerprint_bit_222,0.04145940135259386
6,drug_fingerprint_bit_253,0.04136215145590178
6,drug_fingerprint_bit_57,0.04116179570609424
6,drug_fingerprint_bit_58,0.04106882848484843
6,drug_fingerprint_bit_194,0.039757358956355626
6,fingerprint_H_bit_174,0.0396865380836343
6,fingerprint_H_bit_112,0.03625000907858049
6,drug_fingerprint_bit_187,0.036038996594119514
6,drug_fingerprint_bit_33,0.035500816988865994
6,fingerprint_H_bit_121,0.03535289349776586
6,fingerprint_H_bit_85,0.03473349007448607
6,drug_fingerprint_bit_97,0.03433796819418257
6,poly_num_non_aromatic_rings_sum_fullpolymerfeaturizer,0.03401727448918929
6,fingerprint_H_bit_106,0.03341212860334872
6,drug_fingerprint_bit_32,0.03292557178272174
6,fingerprint_H_bit_143,0.030898266871321207
6,drug_fingerprint_bit_156,0.029685276122363418
6,drug_fingerprint_bit_223,0.029436287927493192
6,drug_fingerprint_bit_47,0.028694206101958147
6,drug_fingerprint_bit_52,0.028262318937613846
6,poly_num_aliphatic_heterocycles_sum_fullpolymerfeaturizer,0.027994624238973302
6,drug_fingerprint_bit_245,0.027442924928743624
6,drug_fingerprint_bit_170,0.027255778937820024
6,drug_fingerprint_bit_148,0.026602580833494458
6,fingerprint_H_bit_116,0.02637811111213529
6,drug_fingerprint_bit_143,0.026255825847084857
6,fingerprint_H_bit_164,0.02600005391224952
6,drug_fingerprint_bit_169,0.025768095513076184
6,drug_fingerprint_bit_70,0.025482635862401175
6,fingerprint_H_bit_46,0.025403067881824195
6,drug_fingerprint_bit_93,0.025183905317024198
6,fingerprint_H_bit_131,0.024308551653817605
6,drug_fingerprint_bit_78,0.02409990269589043
6,drug_fingerprint_bit_135,0.022812343074329857
6,drug_fingerprint_bit_248,0.022791248627484415
6,drug_fingerprint_bit_90,0.022647907888277308
6,poly_num_aliphatic_heterocycles_sum_backbonefeaturizer,0.022339165014361177
6,drug_fingerprint_bit_20,0.022338447313240535
6,drug_fingerprint_bit_31,0.021879123976835866
6,drug_fingerprint_bit_237,0.021769798756297754
6,drug_fingerprint_bit_129,0.021541719435190825
6,drug_fingerprint_bit_56,0.020493433069293635
6,drug_fingerprint_bit_62,0.01927936040891016
6,drug_fingerprint_bit_7,0.018810897625313825
6,drug_fingerprint_bit_162,0.017113903135067967
6,fingerprint_H_bit_68,0.01675184815220145
6,poly_num_non_aromatic_rings_sum_backbonefeaturizer,0.016201947803822368
6,drug_fingerprint_bit_152,0.01589263528668978
6,fingerprint_H_bit_205,0.01558113709442808
6,drug_fingerprint_bit_241,0.014840197752772167
6,drug_fingerprint_bit_96,0.014581350548966063
6,drug_fingerprint_bit_59,0.014558881627684206
6,drug_fingerprint_bit_23,0.014125053829215039
6,drug_fingerprint_bit_14,0.013800784735427887
6,drug_fingerprint_bit_16,0.013042011237907313
6,drug_fingerprint_bit_171,0.012046519171863676
6,drug_fingerprint_bit_103,0.01171379201176921
6,drug_fingerprint_bit_139,0.011384555565888068
6,drug_fingerprint_bit_211,0.011228446536752812
6,drug_fingerprint_bit_34,0.010159805070863004
6,drug_fingerprint_bit_61,0.009118762264675753
6,fingerprint_H_bit_224,0.006825447037838744
6,drug_fingerprint_bit_172,0.006251906871304641
6,fingerprint_H_bit_144,0.0061064799855198625
6,drug_fingerprint_bit_224,0.0054526591028272176
6,drug_fingerprint_bit_76,0.002649151275846584
6,drug_fingerprint_bit_84,0.0023411854261620813
6,fingerprint_H_bit_147,0.0022330170163175067
6,drug_fingerprint_bit_137,0.0022101828254340833
6,drug_fingerprint_bit_219,0.0008180702563177548
6,fingerprint_H_bit_14,0.0
6,fingerprint_H_bit_211,0.0
6,fingerprint_H_bit_12,0.0
6,drug_fingerprint_bit_54,0.0
6,fingerprint_H_bit_210,0.0
6,fingerprint_H_bit_209,0.0
6,fingerprint_H_bit_208,0.0
6,fingerprint_H_bit_10,0.0
6,fingerprint_H_bit_11,0.0
6,fingerprint_H_bit_220,0.0
6,fingerprint_H_bit_157,0.0
6,fingerprint_H_bit_71,0.0
6,fingerprint_H_bit_72,0.0
6,fingerprint_H_bit_25,0.0
6,fingerprint_H_bit_142,0.0
6,fingerprint_H_bit_24,0.0
6,fingerprint_H_bit_23,0.0
6,fingerprint_H_bit_146,0.0
6,fingerprint_H_bit_22,0.0
6,fingerprint_H_bit_21,0.0
6,fingerprint_H_bit_215,0.0
6,fingerprint_H_bit_19,0.0
6,fingerprint_H_bit_17,0.0
6,drug_fingerprint_bit_195,0.0
6,fingerprint_H_bit_73,0.0
6,fingerprint_H_bit_16,0.0
6,fingerprint_H_bit_15,0.0
6,fingerprint_H_bit_9,0.0
6,fingerprint_H_bit_250,0.0
6,drug_fingerprint_bit_68,0.0
6,fingerprint_H_bit_199,0.0
6,fingerprint_H_bit_198,0.0
6,fingerprint_H_bit_20,0.0
6,fingerprint_H_bit_47,0.0
6,fingerprint_H_bit_49,0.0
6,fingerprint_H_bit_50,0.0
6,fingerprint_H_bit_51,0.0
6,fingerprint_H_bit_31,0.0
6,fingerprint_H_bit_29,0.0
6,fingerprint_H_bit_55,0.0
6,drug_fingerprint_bit_123,0.0
6,fingerprint_H_bit_221,0.0
6,fingerprint_H_bit_223,0.0
6,fingerprint_H_bit_161,0.0
6,fingerprint_H_bit_188,0.0
6,fingerprint_H_bit_189,0.0
6,fingerprint_H_bit_190,0.0
6,fingerprint_H_bit_191,0.0
6,fingerprint_H_bit_192,0.0
6,fingerprint_H_bit_193,0.0
6,fingerprint_H_bit_194,0.0
6,fingerprint_H_bit_195,0.0
6,fingerprint_H_bit_196,0.0
6,drug_fingerprint_bit_166,0.0
6,drug_fingerprint_bit_88,0.0
6,drug_fingerprint_bit_244,0.0
6,fingerprint_H_bit_40,0.0
6,fingerprint_H_bit_163,0.0
6,drug_fingerprint_bit_176,0.0
6,fingerprint_H_bit_156,0.0
6,fingerprint_H_bit_187,0.0
6,drug_fingerprint_bit_190,0.0
6,fingerprint_H_bit_184,0.0
6,drug_fingerprint_bit_89,0.0
6,drug_fingerprint_bit_157,0.0
6,fingerprint_H_bit_201,0.0
6,drug_fingerprint_bit_102,0.0
6,drug_fingerprint_bit_112,0.0
6,drug_fingerprint_bit_87,0.0
6,fingerprint_H_bit_202,0.0
6,fingerprint_H_bit_203,0.0
6,fingerprint_H_bit_206,0.0
6,fingerprint_H_bit_35,0.0
6,fingerprint_H_bit_36,0.0
6,fingerprint_H_bit_43,0.0
6,fingerprint_H_bit_44,0.0
6,drug_fingerprint_bit_98,0.0
6,fingerprint_H_bit_130,0.0
6,fingerprint_H_bit_129,0.0
6,fingerprint_H_bit_127,0.0
6,fingerprint_H_bit_126,0.0
6,poly_bromine_count_sidechainfeaturizer_sum,0.0
6,poly_chlorine_count_sidechainfeaturizer_sum,0.0
6,poly_fluorine_count_sidechainfeaturizer_sum,0.0
6,drug_fingerprint_bit_198,0.0
6,fingerprint_H_bit_117,0.0
6,fingerprint_H_bit_115,0.0
6,drug_fingerprint_bit_221,0.0
6,drug_fingerprint_bit_220,0.0
6,drug_fingerprint_bit_217,0.0
6,drug_fingerprint_bit_215,0.0
6,drug_fingerprint_bit_209,0.0
6,poly_num_aliphatic_heterocycles_sidechainfeaturizer_sum,0.0
6,poly_total_halogens_sidechainfeaturizer_sum,0.0
6,fingerprint_H_bit_111,0.0
6,fingerprint_H_bit_110,0.0
6,fingerprint_H_bit_109,0.0
6,fingerprint_H_bit_108,0.0
6,fingerprint_H_bit_107,0.0
6,fingerprint_H_bit_244,0.0
6,fingerprint_H_bit_243,0.0
6,fingerprint_H_bit_132,0.0
6,fingerprint_H_bit_241,0.0
6,fingerprint_H_bit_240,0.0
6,fingerprint_H_bit_239,0.0
6,fingerprint_H_bit_238,0.0
6,fingerprint_H_bit_235,0.0
6,fingerprint_H_bit_234,0.0
6,fingerprint_H_bit_136,0.0
6,fingerprint_H_bit_135,0.0
6,fingerprint_H_bit_242,0.0
6,drug_iodine_count_sum_fullmolecularfeaturizer,0.0
6,drug_bromine_count_sum_fullmolecularfeaturizer,0.0
6,drug_fingerprint_bit_234,0.0
6,drug_fingerprint_bit_232,0.0
6,fingerprint_H_bit_255,0.0
6,fingerprint_H_bit_254,0.0
6,fingerprint_H_bit_253,0.0
6,poly_fraction_bicyclic_rings_sidechainfeaturizer_sum,0.0
6,fingerprint_H_bit_160,0.0
6,fingerprint_H_bit_6,0.0
6,fingerprint_H_bit_5,0.0
6,fingerprint_H_bit_4,0.0
6,fingerprint_H_bit_3,0.0
6,fingerprint_H_bit_2,0.0
6,fingerprint_H_bit_0,0.0
6,fingerprint_H_bit_8,0.0
6,fingerprint_H_bit_252,0.0
6,poly_num_non_aromatic_rings_sidechainfeaturizer_sum,0.0
6,poly_bridging_rings_count_sum_fullpolymerfeaturizer,0.0
6,fingerprint_H_bit_137,0.0
6,fingerprint_H_bit_249,0.0
6,fingerprint_H_bit_248,0.0
6,fingerprint_H_bit_247,0.0
6,drug_fingerprint_bit_254,0.0
6,fingerprint_H_bit_124,0.0
6,drug_triple_bonds_sum_fullmolecularfeaturizer,0.0
6,poly_triple_bonds_sum_fullpolymerfeaturizer,0.0
6,poly_iodine_count_sum_fullpolymerfeaturizer,0.0
6,poly_bromine_count_sum_fullpolymerfeaturizer,0.0
6,poly_chlorine_count_sum_fullpolymerfeaturizer,0.0
6,poly_fluorine_count_sum_fullpolymerfeaturizer,0.0
6,poly_total_halogens_sum_fullpolymerfeaturizer,0.0
6,poly_fraction_bicyclic_rings_sum_fullpolymerfeaturizer,0.0
6,fingerprint_H_bit_200,0.0
6,fingerprint_H_bit_122,0.0
6,fingerprint_H_bit_231,0.0
6,fingerprint_H_bit_230,0.0
6,fingerprint_H_bit_229,0.0
6,fingerprint_H_bit_228,0.0
6,fingerprint_H_bit_225,0.0
6,drug_fingerprint_bit_21,0.0
6,drug_fingerprint_bit_17,0.0
6,fingerprint_H_bit_90,0.0
6,fingerprint_H_bit_180,0.0
6,fingerprint_H_bit_179,0.0
6,fingerprint_H_bit_102,0.0
6,fingerprint_H_bit_101,0.0
6,fingerprint_H_bit_88,0.0
6,fingerprint_H_bit_87,0.0
6,fingerprint_H_bit_86,0.0
6,fingerprint_H_bit_83,0.0
6,fingerprint_H_bit_181,0.0
6,fingerprint_H_bit_62,0.0
6,fingerprint_H_bit_60,0.0
6,fingerprint_H_bit_59,0.0
6,fingerprint_H_bit_178,0.0
6,fingerprint_H_bit_177,0.0
6,fingerprint_H_bit_176,0.0
6,fingerprint_H_bit_173,0.0
6,fingerprint_H_bit_172,0.0
6,fingerprint_H_bit_140,0.0
6,fingerprint_H_bit_170,0.0
6,fingerprint_H_bit_169,0.0
6,fingerprint_H_bit_168,0.0
6,fingerprint_H_bit_166,0.0
6,fingerprint_H_bit_165,0.0
6,fingerprint_H_bit_154,0.0
6,drug_fingerprint_bit_51,0.0
6,fingerprint_H_bit_141,0.0
6,fingerprint_H_bit_171,0.0
6,fingerprint_H_bit_104,0.0
6,fingerprint_H_bit_103,0.0
6,fingerprint_H_bit_153,0.0
6,fingerprint_H_bit_152,0.0
6,fingerprint_H_bit_150,0.0
6,fingerprint_H_bit_149,0.0
6,fingerprint_H_bit_148,0.0
6,fingerprint_H_bit_82,0.0
6,fingerprint_H_bit_99,0.0
6,fingerprint_H_bit_97,0.0
6,fingerprint_H_bit_96,0.0
6,fingerprint_H_bit_95,0.0
6,fingerprint_H_bit_94,0.0
6,fingerprint_H_bit_93,0.0
6,fingerprint_H_bit_92,0.0
6,fingerprint_H_bit_91,0.0
6,poly_iodine_count_sidechainfeaturizer_sum,0.0
6,fingerprint_H_bit_79,0.0
6,fingerprint_H_bit_77,0.0
6,fingerprint_H_bit_76,0.0
6,fingerprint_H_bit_75,0.0
6,fingerprint_H_bit_74,0.0
6,drug_fingerprint_bit_9,0.0
6,poly_fraction_bicyclic_rings_sum_backbonefeaturizer,0.0
6,poly_bridging_rings_count_sidechainfeaturizer_sum,0.0
6,fingerprint_H_bit_105,0.0
6,fingerprint_H_bit_246,0.0
6,poly_bridging_rings_count_sum_backbonefeaturizer,0.0
6,poly_triple_bonds_sum_backbonefeaturizer,0.0
6,poly_iodine_count_sum_backbonefeaturizer,0.0
6,poly_bromine_count_sum_backbonefeaturizer,0.0
6,poly_chlorine_count_sum_backbonefeaturizer,0.0
6,poly_fluorine_count_sum_backbonefeaturizer,0.0
6,poly_total_halogens_sum_backbonefeaturizer,0.0
6,poly_triple_bonds_sidechainfeaturizer_sum,0.0
6,fingerprint_H_bit_227,-1.647792180638406e-05
6,drug_fingerprint_bit_82,-0.000594617164606812
6,drug_fingerprint_bit_60,-0.0006649451483293826
6,drug_fingerprint_bit_225,-0.0017287784274871115
6,drug_fingerprint_bit_216,-0.003710708331264761
6,drug_fingerprint_bit_19,-0.0037775481949838263
6,drug_fingerprint_bit_79,-0.006143285614124785
6,fingerprint_H_bit_61,-0.0071831079640915585
6,drug_double_bonds_sum_fullmolecularfeaturizer,-0.007580983509003387
6,drug_fingerprint_bit_55,-0.00992819475548248
6,drug_fingerprint_bit_182,-0.012414570588840768
6,drug_fingerprint_bit_65,-0.01703450536780628
6,drug_fingerprint_bit_85,-0.017379492624702526
6,drug_fingerprint_bit_121,-0.017882300956911897
6,drug_fingerprint_bit_178,-0.021793471442994688
6,fingerprint_H_bit_54,-0.022836118859335057
6,drug_fingerprint_bit_122,-0.027099138808013477
6,drug_fingerprint_bit_124,-0.029601293349422447
6,drug_num_non_aromatic_rings_sum_fullmolecularfeaturizer,-0.030099948017461964
6,drug_fingerprint_bit_25,-0.0308776195691368
6,drug_fingerprint_bit_8,-0.03222277962503172
6,drug_fingerprint_bit_210,-0.034515838684708824
6,fingerprint_H_bit_207,-0.03639178754080743
6,fingerprint_H_bit_134,-0.03812107583501908
6,drug_fingerprint_bit_48,-0.04930096353428916
6,drug_fingerprint_bit_86,-0.050709548005588814
6,drug_fingerprint_bit_80,-0.05227743836929893
6,drug_fingerprint_bit_230,-0.054831077200889866
6,drug_fingerprint_bit_53,-0.05516792139971129
6,poly_single_bonds_sum_fullpolymerfeaturizer,-0.05566727867343319
6,drug_max_estate_index_sum_fullmolecularfeaturizer,-0.05658965458861267
6,drug_fingerprint_bit_3,-0.07355291206380425
6,fingerprint_H_bit_218,-0.07444056278425808
6,drug_fingerprint_bit_144,-0.08128790995366754
6,drug_fingerprint_bit_125,-0.0822631993071387
6,drug_num_aliphatic_heterocycles_sum_fullmolecularfeaturizer,-0.08885746141724207
6,fingerprint_H_bit_7,-0.08933708397983356
6,drug_fingerprint_bit_29,-0.0980472253037729
6,drug_fingerprint_bit_40,-0.09920595743591916
6,drug_fingerprint_bit_113,-0.10112198960635913
6,drug_fingerprint_bit_131,-0.10273098536919407
6,drug_fingerprint_bit_38,-0.11056473254885958
6,fingerprint_H_bit_38,-0.11200836170234608
6,drug_fingerprint_bit_207,-0.1360947724228507
6,poly_topological_surface_area_sum_fullpolymerfeaturizer,-0.1390038024641686
6,drug_fingerprint_bit_192,-0.1472973142874656
6,drug_fingerprint_bit_167,-0.16231401872375054
6,drug_fingerprint_bit_158,-0.1632650857391346
6,poly_num_aromatic_rings_sum_fullpolymerfeaturizer,-0.16648641246935508
6,drug_fingerprint_bit_168,-0.1785834930601396
6,fingerprint_H_bit_39,-0.19224481614290362
6,drug_fingerprint_bit_251,-0.20997545159763595
6,drug_fingerprint_bit_66,-0.21900536287780525
6,drug_slogp_vsa1_sum_fullmolecularfeaturizer,-0.22267818677565857
6,drug_fingerprint_bit_228,-0.22862115615310902
6,drug_molecular_weight_sum_fullmolecularfeaturizer,-0.23036757868531782
6,drug_fingerprint_bit_186,-0.25588984390043434
6,poly_num_hbond_donors_sum_fullpolymerfeaturizer,-0.26014831188697884
6,drug_max_ring_size_sum_fullmolecularfeaturizer,-0.2776832494121086
6,drug_fingerprint_bit_163,-0.2796438704285139
6,drug_heteroatom_density_sum_fullmolecularfeaturizer,-0.2900283310760418
6,fingerprint_H_bit_125,-0.3011504519647593
6,WATER_PH,-0.30766618568262005
6,fingerprint_H_bit_42,-0.31528709928773957
6,poly_num_hbond_acceptors_sum_fullpolymerfeaturizer,-0.32851103371632323
6,drug_logp,-0.33083135456312984
6,drug_fingerprint_bit_233,-0.3721310781406843
6,fingerprint_H_bit_120,-0.37722143356543913
6,fingerprint_H_bit_138,-0.38802886523467756
6,drug_fingerprint_bit_243,-0.4512566473968197
6,poly_molecular_weight_sum_fullpolymerfeaturizer,-0.4581582979905085
6,drug_fingerprint_bit_0,-0.5442726922613296
6,fingerprint_H_bit_183,-0.5894547596698897
6,CONCENTRATION,-0.6585182166856522
6,poly_max_estate_index_sum_backbonefeaturizer,-0.6968964204533893
6,drug_fingerprint_bit_107,-0.7534011654705571
6,poly_max_estate_index_sum_fullpolymerfeaturizer,-0.8426452677267254
6,drug_fingerprint_bit_104,-0.9923489297271774
6,poly_heteroatom_count_sum_fullpolymerfeaturizer,-1.1074744443966227
6,drug_fingerprint_bit_117,-1.5323753034498804
6,poly_num_atoms_sum_fullpolymerfeaturizer,-1.705865034365937
6,fingerprint_H_bit_233,-4.017077917021082
6,fingerprint_H_bit_66,-4.332461676264276
6,drug_fingerprint_bit_100,-5.741873866175459
6,drug_fingerprint_bit_205,-6.205672787393252
6,fingerprint_H_bit_98,-7.7429677719662395
7,fingerprint_H_bit_2,12.773386323390714
7,poly_num_aromatic_rings_sum_backbonefeaturizer,7.19391860647451
7,drug_fingerprint_bit_111,3.0016713830992336
7,fingerprint_H_bit_130,2.9087985091311324
7,poly_smr_vsa5_sum_backbonefeaturizer,2.8019723644698824
7,poly_num_rings_sum_backbonefeaturizer,2.729669906074492
7,drug_fingerprint_bit_91,2.660480818246717
7,logd_at_WATER_PH_H,2.2767445246616522
7,drug_fingerprint_bit_138,2.229395428698377
7,fingerprint_H_bit_80,2.1820664768643527
7,logp_H,2.0835460997813864
7,poly_sp2_carbon_count_sum_backbonefeaturizer,2.0002958212015054
7,poly_slogp_vsa1_sum_fullpolymerfeaturizer,1.913844457876621
7,drug_charge_at_WATER_PH,1.8618395740752907
7,fingerprint_H_bit_100,1.7830421451741052
7,fingerprint_H_bit_175,1.774607544875615
7,poly_max_estate_index_sidechainfeaturizer_sum,1.697074577032828
7,fingerprint_H_bit_85,1.6625829241070211
7,fingerprint_H_bit_119,1.509136735269042
7,fingerprint_H_bit_64,1.4657703673546936
7,poly_num_rotatable_bonds_sum_backbonefeaturizer,1.4357061790738679
7,fingerprint_H_bit_182,1.408123819759109
7,poly_fp_density_morgan1_sidechainfeaturizer_sum,1.3583797595391276
7,poly_balaban_j_index_sum_backbonefeaturizer,1.3327657620114057
7,drug_fingerprint_bit_213,1.286859613415886
7,fingerprint_H_bit_1,1.269506940471962
7,fingerprint_H_bit_151,1.2533637864983227
7,poly_single_bonds_sum_backbonefeaturizer,1.2245522345548536
7,fingerprint_H_bit_167,1.1755005885720209
7,poly_num_atoms_sidechainfeaturizer_sum,1.126060151324075
7,poly_balaban_j_index_sidechainfeaturizer_sum,1.1230855600103633
7,poly_heteroatom_density_sum_fullpolymerfeaturizer,1.0690061816334475
7,fingerprint_H_bit_81,1.0449966611747628
7,drug_sp2_carbon_count_sum_fullmolecularfeaturizer,1.0298220579844346
7,poly_heteroatom_density_sidechainfeaturizer_sum,0.9900367594353678
7,poly_num_rings_sidechainfeaturizer_sum,0.9832184106990789
7,fingerprint_H_bit_48,0.9713547584764982
7,fingerprint_H_bit_213,0.9377975247040824
7,drug_num_aromatic_rings_sum_fullmolecularfeaturizer,0.919333380044864
7,drug_num_rotatable_bonds_sum_fullmolecularfeaturizer,0.8980842100328454
7,drug_fingerprint_bit_214,0.8760163146907318
7,fingerprint_H_bit_155,0.8590132289216456
7,fingerprint_H_bit_118,0.8491219381761049
7,fingerprint_H_bit_58,0.844356526471653
7,fingerprint_H_bit_84,0.8326133302056375
7,fingerprint_H_bit_217,0.8130325547649411
7,poly_fp_density_morgan1_sum_backbonefeaturizer,0.80103446535171
7,poly_sp3_carbon_count_sidechainfeaturizer_sum,0.7922403670481407
7,poly_max_ring_size_sum_fullpolymerfeaturizer,0.7826245130815873
7,poly_balaban_j_index_sum_fullpolymerfeaturizer,0.7817301939118159
7,poly_max_ring_size_sum_backbonefeaturizer,0.7802080943236561
7,fingerprint_H_bit_33,0.7707233682353127
7,fingerprint_H_bit_204,0.7525404210293788
7,fingerprint_H_bit_236,0.73792859255557
7,poly_sp3_carbon_count_sum_backbonefeaturizer,0.7350201482794166
7,fingerprint_H_bit_69,0.7199925915865633
7,drug_fingerprint_bit_110,0.7199772419447116
7,drug_balaban_j_index_sum_fullmolecularfeaturizer,0.698735046522648
7,fingerprint_H_bit_147,0.6795747002916738
7,fingerprint_H_bit_197,0.6723961014702496
7,drug_num_rings_sum_fullmolecularfeaturizer,0.6717610473755408
7,fingerprint_H_bit_113,0.6343692675560456
7,drug_fingerprint_bit_250,0.6277187139576014
7,drug_fingerprint_bit_128,0.6086944243323124
7,drug_fingerprint_bit_64,0.591222169926352
7,homo_eV_H,0.5906318004324108
7,poly_smr_vsa5_sum_fullpolymerfeaturizer,0.5831311143877134
7,fingerprint_H_bit_232,0.5765033851836051
7,fingerprint_H_bit_56,0.574007689503106
7,poly_molecular_weight_sidechainfeaturizer_sum,0.5731704300178192
7,poly_heteroatom_count_sum_backbonefeaturizer,0.5706258972316783
7,poly_num_hbond_acceptors_sidechainfeaturizer_sum,0.5499212652222165
7,drug_fingerprint_bit_206,0.5452725063976508
7,fingerprint_H_bit_128,0.5278510305581406
7,fingerprint_H_bit_145,0.5235697674488271
7,fingerprint_H_bit_214,0.5114209175835398
7,poly_num_hbond_donors_sidechainfeaturizer_sum,0.511336067216201
7,fingerprint_H_bit_28,0.5074733345214987
7,poly_topological_surface_area_sidechainfeaturizer_sum,0.5005266790212889
7,poly_num_hbond_acceptors_sum_backbonefeaturizer,0.49633387954551456
7,drug_fingerprint_bit_133,0.4903704539385632
7,poly_max_ring_size_sidechainfeaturizer_sum,0.48780450386671165
7,poly_fp_density_morgan1_sum_fullpolymerfeaturizer,0.4819524861163163
7,poly_num_hbond_donors_sum_backbonefeaturizer,0.4766166472896375
7,fingerprint_H_bit_41,0.47191210175168735
7,drug_fingerprint_bit_160,0.4650475149270399
7,drug_heteroatom_count_sum_fullmolecularfeaturizer,0.4524166182078644
7,fingerprint_H_bit_53,0.448640359623977
7,poly_sp2_carbon_count_sidechainfeaturizer_sum,0.43920536198054755
7,drug_fingerprint_bit_164,0.43256141796358555
7,drug_fingerprint_bit_141,0.4114700888998289
7,drug_fingerprint_bit_147,0.4043681840777665
7,poly_sp3_carbon_count_sum_fullpolymerfeaturizer,0.4029349082580535
7,drug_fingerprint_bit_201,0.3800871551977589
7,drug_fingerprint_bit_108,0.37142810099806495
7,fingerprint_H_bit_222,0.3695246565798452
7,fingerprint_H_bit_183,0.36856102400542184
7,drug_num_hbond_donors_sum_fullmolecularfeaturizer,0.3672599633447304
7,fingerprint_H_bit_245,0.36318941719783465
7,fingerprint_H_bit_159,0.36145104047992926
7,lumo_eV_H,0.35806748320297166
7,drug_fingerprint_bit_22,0.3495313153772172
7,drug_fingerprint_bit_61,0.34935967060168327
7,drug_fingerprint_bit_33,0.3419056426828648
7,poly_topological_surface_area_sum_backbonefeaturizer,0.3315511286250336
7,drug_fingerprint_bit_105,0.3306077909173775
7,drug_fingerprint_bit_120,0.32399825692370626
7,drug_fingerprint_bit_203,0.3205851189237943
7,fingerprint_H_bit_139,0.31559138364545863
7,drug_logp,0.3153151970364842
7,drug_fingerprint_bit_36,0.30730298139927054
7,poly_heteroatom_count_sidechainfeaturizer_sum,0.30665328197266906
7,drug_logd_at_WATER_PH,0.3052290788277153
7,poly_molecular_weight_sum_backbonefeaturizer,0.29612297527657433
7,drug_topological_surface_area_sum_fullmolecularfeaturizer,0.29545950280300376
7,fingerprint_H_bit_13,0.29466928971690776
7,drug_total_halogens_sum_fullmolecularfeaturizer,0.29421753804620804
7,fingerprint_H_bit_78,0.2915485486781008
7,drug_max_estate_index_sum_fullmolecularfeaturizer,0.28446717992526277
7,drug_fingerprint_bit_42,0.28345415274261543
7,drug_fingerprint_bit_115,0.26946174865953826
7,drug_fingerprint_bit_39,0.26874391774446255
7,poly_heteroatom_density_sum_backbonefeaturizer,0.26637459245117917
7,fingerprint_H_bit_133,0.26156700994254123
7,poly_num_atoms_sum_backbonefeaturizer,0.25914260691688173
7,drug_fp_density_morgan1_sum_fullmolecularfeaturizer,0.2554281571506941
7,drug_fingerprint_bit_45,0.25451389161127996
7,drug_fingerprint_bit_159,0.25373613359347813
7,drug_fingerprint_bit_226,0.25014542456911415
7,drug_fingerprint_bit_175,0.2457963526106603
7,fingerprint_H_bit_27,0.23860880004926663
7,drug_fingerprint_bit_126,0.23835597597334424
7,drug_fingerprint_bit_26,0.2302121728629343
7,drug_fingerprint_bit_155,0.2281344017912139
7,drug_fingerprint_bit_12,0.22414314978449204
7,drug_fingerprint_bit_4,0.22089576679046274
7,fingerprint_H_bit_45,0.21711716151495725
7,drug_fingerprint_bit_183,0.21654879330174356
7,drug_fingerprint_bit_181,0.2153853590505677
7,drug_fingerprint_bit_177,0.21186511564763807
7,drug_fingerprint_bit_104,0.20298989180487714
7,drug_fingerprint_bit_200,0.18774863441753892
7,fingerprint_H_bit_89,0.18365672951461226
7,drug_fingerprint_bit_184,0.18345630158810872
7,fingerprint_H_bit_121,0.18077393552471402
7,drug_fingerprint_bit_99,0.17733423959533612
7,drug_fingerprint_bit_249,0.17724273466966545
7,poly_num_rotatable_bonds_sidechainfeaturizer_sum,0.17659263252356708
7,drug_fingerprint_bit_24,0.17344669333019297
7,drug_fingerprint_bit_18,0.16776477221798675
7,fingerprint_H_bit_52,0.16567848365453922
7,drug_fingerprint_bit_142,0.16518766925078163
7,drug_fingerprint_bit_240,0.1649884388232142
7,drug_fingerprint_bit_242,0.1639791310293741
7,drug_bridging_rings_count_sum_fullmolecularfeaturizer,0.16155934716258252
7,drug_fingerprint_bit_246,0.16119410927019248
7,drug_fingerprint_bit_136,0.16058242116535842
7,drug_fingerprint_bit_6,0.1597862030539614
7,drug_fingerprint_bit_188,0.1556333558301044
7,drug_fingerprint_bit_95,0.1548265115015168
7,drug_fingerprint_bit_118,0.15017256142008062
7,drug_lumo_eV,0.14681461777203555
7,drug_fingerprint_bit_196,0.14658827972759875
7,drug_fingerprint_bit_137,0.14645052692994348
7,drug_homo_eV,0.14594288581323508
7,poly_smr_vsa5_sidechainfeaturizer_sum,0.14429543739781936
7,drug_fingerprint_bit_44,0.14339951279734933
7,poly_num_rotatable_bonds_sum_fullpolymerfeaturizer,0.14127651832218152
7,drug_fingerprint_bit_189,0.13830745932938188
7,drug_fingerprint_bit_15,0.13781229092840624
7,drug_fingerprint_bit_11,0.1357401722358207
7,drug_fingerprint_bit_74,0.1353015247773542
7,drug_fingerprint_bit_237,0.13457599346842136
7,drug_single_bonds_sum_fullmolecularfeaturizer,0.1343900571829155
7,drug_fingerprint_bit_185,0.13249665772573743
7,drug_fingerprint_bit_35,0.12958448357639632
7,drug_fingerprint_bit_50,0.12925985952473754
7,drug_fingerprint_bit_145,0.128324045035315
7,drug_fingerprint_bit_93,0.1276579592310941
7,drug_fingerprint_bit_191,0.12701348178589256
7,drug_fingerprint_bit_109,0.12409282872658865
7,drug_fingerprint_bit_150,0.12242662289480397
7,drug_fingerprint_bit_69,0.12233402982243222
7,poly_single_bonds_sidechainfeaturizer_sum,0.1221418997856413
7,drug_fingerprint_bit_224,0.11784158631999622
7,drug_fingerprint_bit_229,0.11760992039164872
7,fingerprint_H_bit_251,0.11663859790994144
7,drug_fingerprint_bit_173,0.11378450122992531
7,drug_fingerprint_bit_10,0.11355526912722479
7,drug_fingerprint_bit_197,0.11307782746257122
7,drug_fingerprint_bit_239,0.11072813885828454
7,drug_fingerprint_bit_58,0.10852355195711232
7,drug_fingerprint_bit_169,0.10677803863783873
7,poly_double_bonds_sidechainfeaturizer_sum,0.10574511732744754
7,drug_fingerprint_bit_199,0.10480118608381887
7,fingerprint_H_bit_70,0.10059893297224645
7,drug_num_atoms_sum_fullmolecularfeaturizer,0.09860823451291423
7,drug_fingerprint_bit_75,0.09699554292986316
7,fingerprint_H_bit_162,0.09675525380835318
7,drug_fingerprint_bit_84,0.09638964246364305
7,drug_fingerprint_bit_83,0.09547756066322846
7,drug_fingerprint_bit_43,0.09526442135780948
7,drug_fingerprint_bit_30,0.09461503649517798
7,drug_fingerprint_bit_238,0.09428684691867505
7,drug_fingerprint_bit_85,0.09382766643985073
7,drug_fingerprint_bit_13,0.09349277991948256
7,poly_slogp_vsa1_sidechainfeaturizer_sum,0.09336499349606506
7,drug_fingerprint_bit_77,0.0872885178658988
7,fingerprint_H_bit_227,0.08341010537799039
7,poly_num_non_aromatic_rings_sum_fullpolymerfeaturizer,0.08276782760007488
7,drug_fingerprint_bit_106,0.08270710881532725
7,drug_fingerprint_bit_116,0.0822371754382002
7,drug_fingerprint_bit_27,0.0813609661621506
7,drug_fingerprint_bit_212,0.0813018132481527
7,drug_fingerprint_bit_151,0.08106283487308182
7,drug_fingerprint_bit_5,0.08100893225752157
7,drug_fingerprint_bit_236,0.08095636712411468
7,drug_fingerprint_bit_28,0.0766879799988256
7,fingerprint_H_bit_37,0.07647455692540699
7,drug_fingerprint_bit_70,0.0754994061133508
7,drug_fingerprint_bit_127,0.07422612696036746
7,drug_fingerprint_bit_180,0.07359354528304142
7,drug_fluorine_count_sum_fullmolecularfeaturizer,0.07299305744193497
7,drug_fingerprint_bit_252,0.07257495678489008
7,drug_fingerprint_bit_218,0.07069476159976569
7,drug_fingerprint_bit_1,0.07046334797192257
7,drug_fingerprint_bit_63,0.06861787748089053
7,drug_fingerprint_bit_202,0.06853369249609532
7,drug_fingerprint_bit_103,0.062296160325441066
7,poly_num_aromatic_rings_sidechainfeaturizer_sum,0.062089731748013764
7,drug_fingerprint_bit_208,0.06188562945135872
7,drug_fingerprint_bit_122,0.06038509086902273
7,drug_fingerprint_bit_132,0.059116747678505485
7,drug_smr_vsa5_sum_fullmolecularfeaturizer,0.05752202827291859
7,drug_fingerprint_bit_97,0.0564515870743709
7,fingerprint_H_bit_158,0.05508447149661773
7,drug_fingerprint_bit_210,0.05489538859155901
7,fingerprint_H_bit_123,0.0534217646064597
7,drug_fingerprint_bit_193,0.05308359166305915
7,drug_fingerprint_bit_57,0.04687428844654248
7,fingerprint_H_bit_216,0.04648898228752036
7,drug_num_non_aromatic_rings_sum_fullmolecularfeaturizer,0.04635355671598592
7,drug_fingerprint_bit_72,0.04585892957492749
7,drug_fingerprint_bit_46,0.04548847218452179
7,fingerprint_H_bit_174,0.043948042920102716
7,fingerprint_H_bit_65,0.043766325406152995
7,drug_fingerprint_bit_114,0.043304923724626056
7,fingerprint_H_bit_226,0.04177467359257803
7,drug_fingerprint_bit_7,0.04086302823082629
7,drug_fingerprint_bit_170,0.04004033730235984
7,fingerprint_H_bit_54,0.03975102054999578
7,fingerprint_H_bit_134,0.03894766717571441
7,drug_fingerprint_bit_231,0.03882104510965234
7,drug_fingerprint_bit_204,0.03857958428723214
7,fingerprint_H_bit_114,0.03772299404558675
7,drug_fingerprint_bit_60,0.03671563054599032
7,drug_fingerprint_bit_94,0.03638051577596905
7,drug_fingerprint_bit_247,0.03510364889826421
7,fingerprint_H_bit_131,0.03488839696183136
7,drug_fingerprint_bit_119,0.03364290709128625
7,drug_fingerprint_bit_131,0.03346778881121549
7,fingerprint_H_bit_26,0.03286812309655211
7,drug_fingerprint_bit_253,0.03234333569125557
7,fingerprint_H_bit_237,0.030760012271759035
7,drug_fingerprint_bit_146,0.028377385389285366
7,drug_fingerprint_bit_125,0.027713015239229564
7,drug_fingerprint_bit_62,0.02696212808213753
7,fingerprint_H_bit_18,0.0267557697913702
7,drug_fingerprint_bit_161,0.026472836160048946
7,drug_fingerprint_bit_41,0.026320678078311146
7,fingerprint_H_bit_205,0.02605791229016214
7,drug_fingerprint_bit_245,0.02570382418934612
7,drug_fingerprint_bit_78,0.02568691582528932
7,fingerprint_H_bit_144,0.025525700602734045
7,drug_fingerprint_bit_2,0.024916191242914006
7,drug_fingerprint_bit_179,0.02489871388369236
7,drug_fingerprint_bit_76,0.024761878876253234
7,drug_fingerprint_bit_251,0.0246391785680847
7,poly_num_non_aromatic_rings_sum_backbonefeaturizer,0.023156248848658887
7,drug_fingerprint_bit_153,0.021828074864424212
7,drug_fingerprint_bit_171,0.02150773429425922
7,drug_fingerprint_bit_16,0.021462460108285657
7,drug_fingerprint_bit_56,0.021398756763618774
7,fingerprint_H_bit_164,0.0213755513358778
7,drug_sp3_carbon_count_sum_fullmolecularfeaturizer,0.02093086790597595
7,fingerprint_H_bit_116,0.020745482948521046
7,drug_fingerprint_bit_67,0.020615699992870225
7,poly_num_aliphatic_heterocycles_sum_backbonefeaturizer,0.02034813297754417
7,drug_fingerprint_bit_73,0.01976866156897076
7,drug_fingerprint_bit_101,0.019738441461327992
7,drug_fingerprint_bit_149,0.0188992855790463
7,drug_fingerprint_bit_165,0.01850241104378452
7,drug_fingerprint_bit_8,0.018332396613256634
7,drug_fingerprint_bit_130,0.018009451014349483
7,drug_fingerprint_bit_248,0.017028443897625912
7,drug_fingerprint_bit_134,0.01591609447070288
7,drug_fingerprint_bit_59,0.01586740747954198
7,drug_fingerprint_bit_29,0.015611851573695703
7,drug_fingerprint_bit_47,0.015237399845780045
7,drug_fingerprint_bit_96,0.015212137111219711
7,drug_fingerprint_bit_90,0.015162576326917901
7,fingerprint_H_bit_106,0.015080293980695183
7,drug_fingerprint_bit_152,0.014694222075215323
7,drug_fingerprint_bit_31,0.013389738556072046
7,drug_fingerprint_bit_14,0.012383550659459817
7,drug_fingerprint_bit_34,0.012010659253217815
7,fingerprint_H_bit_185,0.011411574254759835
7,poly_num_aliphatic_heterocycles_sum_fullpolymerfeaturizer,0.010574382586258221
7,fingerprint_H_bit_98,0.009918359888396304
7,drug_fingerprint_bit_49,0.009426363156711368
7,drug_fingerprint_bit_32,0.009425908523681208
7,drug_fingerprint_bit_154,0.009316476056302243
7,drug_fingerprint_bit_235,0.009166447953016561
7,drug_fingerprint_bit_148,0.009074469956826854
7,drug_double_bonds_sum_fullmolecularfeaturizer,0.00887966048235897
7,drug_fingerprint_bit_121,0.007662962246326518
7,drug_fingerprint_bit_194,0.006789622301034716
7,drug_fingerprint_bit_23,0.006145960967669133
7,fingerprint_H_bit_219,0.005377887956134467
7,drug_fingerprint_bit_20,0.0044048750697541165
7,fingerprint_H_bit_46,0.004032563032077738
7,drug_fingerprint_bit_135,0.0037725240906213036
7,drug_fingerprint_bit_241,0.0033029832567169604
7,fingerprint_H_bit_34,0.0018995595982537988
7,drug_fingerprint_bit_52,0.0017379090594980312
7,drug_fingerprint_bit_227,0.0012851135333321606
7,drug_fingerprint_bit_219,0.0010946687167613853
7,poly_single_bonds_sum_fullpolymerfeaturizer,0.0008363677449420134
7,drug_fingerprint_bit_65,0.0007092913484015584
7,fingerprint_H_bit_30,0.000349891637821269
7,fingerprint_H_bit_49,0.0
7,fingerprint_H_bit_50,0.0
7,fingerprint_H_bit_51,0.0
7,drug_fingerprint_bit_232,0.0
7,fingerprint_H_bit_47,0.0
7,drug_fingerprint_bit_221,0.0
7,drug_fingerprint_bit_220,0.0
7,poly_iodine_count_sum_fullpolymerfeaturizer,0.0
7,poly_bromine_count_sum_fullpolymerfeaturizer,0.0
7,fingerprint_H_bit_71,0.0
7,fingerprint_H_bit_72,0.0
7,fingerprint_H_bit_62,0.0
7,fingerprint_H_bit_59,0.0
7,fingerprint_H_bit_44,0.0
7,drug_fingerprint_bit_234,0.0
7,fingerprint_H_bit_17,0.0
7,fingerprint_H_bit_19,0.0
7,drug_iodine_count_sum_fullmolecularfeaturizer,0.0
7,drug_triple_bonds_sum_fullmolecularfeaturizer,0.0
7,drug_fingerprint_bit_254,0.0
7,fingerprint_H_bit_16,0.0
7,poly_iodine_count_sidechainfeaturizer_sum,0.0
7,poly_bromine_count_sidechainfeaturizer_sum,0.0
7,poly_fraction_bicyclic_rings_sum_fullpolymerfeaturizer,0.0
7,poly_num_non_aromatic_rings_sidechainfeaturizer_sum,0.0
7,poly_bridging_rings_count_sum_fullpolymerfeaturizer,0.0
7,poly_triple_bonds_sum_fullpolymerfeaturizer,0.0
7,fingerprint_H_bit_249,0.0
7,fingerprint_H_bit_248,0.0
7,poly_total_halogens_sidechainfeaturizer_sum,0.0
7,drug_fingerprint_bit_244,0.0
7,fingerprint_H_bit_238,0.0
7,fingerprint_H_bit_240,0.0
7,fingerprint_H_bit_231,0.0
7,fingerprint_H_bit_235,0.0
7,fingerprint_H_bit_234,0.0
7,poly_triple_bonds_sidechainfeaturizer_sum,0.0
7,fingerprint_H_bit_31,0.0
7,fingerprint_H_bit_29,0.0
7,fingerprint_H_bit_25,0.0
7,fingerprint_H_bit_239,0.0
7,drug_fingerprint_bit_9,0.0
7,fingerprint_H_bit_40,0.0
7,fingerprint_H_bit_36,0.0
7,fingerprint_H_bit_35,0.0
7,poly_fluorine_count_sum_backbonefeaturizer,0.0
7,poly_total_halogens_sum_backbonefeaturizer,0.0
7,poly_chlorine_count_sum_backbonefeaturizer,0.0
7,poly_bromine_count_sum_backbonefeaturizer,0.0
7,poly_triple_bonds_sum_backbonefeaturizer,0.0
7,poly_bridging_rings_count_sidechainfeaturizer_sum,0.0
7,poly_fraction_bicyclic_rings_sum_backbonefeaturizer,0.0
7,fingerprint_H_bit_230,0.0
7,fingerprint_H_bit_211,0.0
7,poly_bridging_rings_count_sum_backbonefeaturizer,0.0
7,poly_iodine_count_sum_backbonefeaturizer,0.0
7,fingerprint_H_bit_220,0.0
7,fingerprint_H_bit_223,0.0
7,fingerprint_H_bit_225,0.0
7,fingerprint_H_bit_250,0.0
7,fingerprint_H_bit_215,0.0
7,fingerprint_H_bit_252,0.0
7,fingerprint_H_bit_253,0.0
7,fingerprint_H_bit_254,0.0
7,fingerprint_H_bit_255,0.0
7,drug_fingerprint_bit_209,0.0
7,fingerprint_H_bit_196,0.0
7,fingerprint_H_bit_198,0.0
7,fingerprint_H_bit_60,0.0
7,poly_fraction_bicyclic_rings_sidechainfeaturizer_sum,0.0
7,poly_num_aliphatic_heterocycles_sidechainfeaturizer_sum,0.0
7,fingerprint_H_bit_55,0.0
7,fingerprint_H_bit_43,0.0
7,poly_fluorine_count_sidechainfeaturizer_sum,0.0
7,poly_chlorine_count_sidechainfeaturizer_sum,0.0
7,fingerprint_H_bit_90,0.0
7,fingerprint_H_bit_15,0.0
7,fingerprint_H_bit_91,0.0
7,poly_total_halogens_sum_fullpolymerfeaturizer,0.0
7,poly_chlorine_count_sum_fullpolymerfeaturizer,0.0
7,poly_fluorine_count_sum_fullpolymerfeaturizer,0.0
7,fingerprint_H_bit_21,0.0
7,fingerprint_H_bit_20,0.0
7,fingerprint_H_bit_23,0.0
7,fingerprint_H_bit_22,0.0
7,drug_fingerprint_bit_21,0.0
7,drug_fingerprint_bit_17,0.0
7,drug_fingerprint_bit_217,0.0
7,drug_fingerprint_bit_215,0.0
7,fingerprint_H_bit_246,0.0
7,fingerprint_H_bit_247,0.0
7,fingerprint_H_bit_244,0.0
7,fingerprint_H_bit_243,0.0
7,fingerprint_H_bit_203,0.0
7,fingerprint_H_bit_242,0.0
7,fingerprint_H_bit_241,0.0
7,fingerprint_H_bit_206,0.0
7,fingerprint_H_bit_201,0.0
7,fingerprint_H_bit_202,0.0
7,fingerprint_H_bit_200,0.0
7,fingerprint_H_bit_199,0.0
7,fingerprint_H_bit_221,0.0
7,fingerprint_H_bit_165,0.0
7,fingerprint_H_bit_166,0.0
7,fingerprint_H_bit_168,0.0
7,fingerprint_H_bit_169,0.0
7,fingerprint_H_bit_170,0.0
7,fingerprint_H_bit_171,0.0
7,fingerprint_H_bit_172,0.0
7,fingerprint_H_bit_195,0.0
7,fingerprint_H_bit_189,0.0
7,fingerprint_H_bit_228,0.0
7,fingerprint_H_bit_190,0.0
7,fingerprint_H_bit_188,0.0
7,fingerprint_H_bit_181,0.0
7,fingerprint_H_bit_187,0.0
7,fingerprint_H_bit_184,0.0
7,fingerprint_H_bit_179,0.0
7,fingerprint_H_bit_178,0.0
7,fingerprint_H_bit_177,0.0
7,fingerprint_H_bit_176,0.0
7,drug_fingerprint_bit_87,0.0
7,drug_fingerprint_bit_88,0.0
7,drug_fingerprint_bit_54,0.0
7,drug_fingerprint_bit_51,0.0
7,fingerprint_H_bit_149,0.0
7,fingerprint_H_bit_150,0.0
7,fingerprint_H_bit_152,0.0
7,fingerprint_H_bit_153,0.0
7,fingerprint_H_bit_154,0.0
7,fingerprint_H_bit_156,0.0
7,drug_fingerprint_bit_89,0.0
7,fingerprint_H_bit_148,0.0
7,fingerprint_H_bit_192,0.0
7,fingerprint_H_bit_157,0.0
7,fingerprint_H_bit_161,0.0
7,fingerprint_H_bit_160,0.0
7,fingerprint_H_bit_163,0.0
7,drug_fingerprint_bit_68,0.0
7,drug_fingerprint_bit_190,0.0
7,fingerprint_H_bit_79,0.0
7,fingerprint_H_bit_173,0.0
7,fingerprint_H_bit_208,0.0
7,fingerprint_H_bit_209,0.0
7,fingerprint_H_bit_210,0.0
7,fingerprint_H_bit_229,0.0
7,fingerprint_H_bit_193,0.0
7,fingerprint_H_bit_194,0.0
7,fingerprint_H_bit_180,0.0
7,fingerprint_H_bit_141,0.0
7,fingerprint_H_bit_140,0.0
7,fingerprint_H_bit_137,0.0
7,fingerprint_H_bit_88,0.0
7,fingerprint_H_bit_87,0.0
7,fingerprint_H_bit_86,0.0
7,fingerprint_H_bit_83,0.0
7,fingerprint_H_bit_82,0.0
7,fingerprint_H_bit_126,0.0
7,fingerprint_H_bit_127,0.0
7,fingerprint_H_bit_132,0.0
7,fingerprint_H_bit_146,0.0
7,drug_fingerprint_bit_198,0.0
7,drug_fingerprint_bit_98,0.0
7,drug_fingerprint_bit_102,0.0
7,fingerprint_H_bit_142,0.0
7,fingerprint_H_bit_136,0.0
7,fingerprint_H_bit_73,0.0
7,fingerprint_H_bit_75,0.0
7,fingerprint_H_bit_74,0.0
7,fingerprint_H_bit_76,0.0
7,fingerprint_H_bit_77,0.0
7,drug_fingerprint_bit_112,0.0
7,fingerprint_H_bit_107,0.0
7,fingerprint_H_bit_108,0.0
7,fingerprint_H_bit_109,0.0
7,fingerprint_H_bit_110,0.0
7,fingerprint_H_bit_129,0.0
7,fingerprint_H_bit_96,0.0
7,fingerprint_H_bit_97,0.0
7,fingerprint_H_bit_135,0.0
7,drug_fingerprint_bit_195,0.0
7,fingerprint_H_bit_122,0.0
7,fingerprint_H_bit_117,0.0
7,fingerprint_H_bit_115,0.0
7,drug_bromine_count_sum_fullmolecularfeaturizer,0.0
7,fingerprint_H_bit_111,0.0
7,drug_fingerprint_bit_157,0.0
7,drug_fingerprint_bit_123,0.0
7,fingerprint_H_bit_124,0.0
7,fingerprint_H_bit_99,0.0
7,drug_fingerprint_bit_176,0.0
7,fingerprint_H_bit_101,0.0
7,fingerprint_H_bit_102,0.0
7,fingerprint_H_bit_104,0.0
7,fingerprint_H_bit_103,0.0
7,fingerprint_H_bit_105,0.0
7,drug_fingerprint_bit_166,0.0
7,fingerprint_H_bit_14,0.0
7,fingerprint_H_bit_0,0.0
7,fingerprint_H_bit_3,0.0
7,fingerprint_H_bit_4,0.0
7,fingerprint_H_bit_5,0.0
7,fingerprint_H_bit_6,0.0
7,fingerprint_H_bit_8,0.0
7,fingerprint_H_bit_92,0.0
7,fingerprint_H_bit_93,0.0
7,fingerprint_H_bit_94,0.0
7,fingerprint_H_bit_95,0.0
7,fingerprint_H_bit_9,0.0
7,fingerprint_H_bit_10,0.0
7,fingerprint_H_bit_11,0.0
7,fingerprint_H_bit_12,0.0
7,fingerprint_H_bit_24,0.0
7,drug_fingerprint_bit_79,-0.0008591636314100712
7,drug_fingerprint_bit_82,-0.0011870300411757112
7,drug_fingerprint_bit_37,-0.0024131573936913325
7,poly_topological_surface_area_sum_fullpolymerfeaturizer,-0.004758053421936567
7,fingerprint_H_bit_68,-0.004942875125270941
7,fingerprint_H_bit_61,-0.006375657264377531
7,drug_fingerprint_bit_222,-0.00660173424220161
7,drug_fingerprint_bit_19,-0.007678005465707357
7,drug_fingerprint_bit_223,-0.008239675711317554
7,drug_fingerprint_bit_53,-0.01107184884034963
7,drug_fingerprint_bit_162,-0.011600835752091651
7,drug_fraction_bicyclic_rings_sum_fullmolecularfeaturizer,-0.012935227591361731
7,drug_num_aliphatic_heterocycles_sum_fullmolecularfeaturizer,-0.013965682867096587
7,drug_fingerprint_bit_71,-0.014629661441644912
7,drug_fingerprint_bit_172,-0.015654412623048373
7,drug_fingerprint_bit_92,-0.01740597121574036
7,drug_fingerprint_bit_255,-0.01839510016178065
7,drug_fingerprint_bit_207,-0.018862974101389467
7,drug_fingerprint_bit_80,-0.022140502895116907
7,drug_fingerprint_bit_38,-0.02404072709978667
7,drug_fingerprint_bit_187,-0.024863274084494007
7,drug_fingerprint_bit_225,-0.02514333639763226
7,drug_fingerprint_bit_211,-0.025740417766829476
7,fingerprint_H_bit_32,-0.027232689964703176
7,fingerprint_H_bit_143,-0.02888291625809412
7,drug_fingerprint_bit_25,-0.0298949937643782
7,drug_fingerprint_bit_3,-0.03203765625718451
7,drug_chlorine_count_sum_fullmolecularfeaturizer,-0.03251918164431888
7,drug_fingerprint_bit_124,-0.03261229849458126
7,drug_num_hbond_acceptors_sum_fullmolecularfeaturizer,-0.03406969621553541
7,drug_fingerprint_bit_139,-0.03742761440057243
7,drug_fingerprint_bit_86,-0.03773736619647924
7,drug_fingerprint_bit_174,-0.03887412869962359
7,drug_fingerprint_bit_182,-0.04127548763465649
7,fingerprint_H_bit_207,-0.043022660101040854
7,drug_fingerprint_bit_129,-0.04820200294424417
7,drug_fingerprint_bit_140,-0.04836419645571505
7,fingerprint_H_bit_7,-0.0523442249627157
7,drug_fingerprint_bit_156,-0.05249677323632875
7,drug_fingerprint_bit_55,-0.05732685999725436
7,drug_fingerprint_bit_48,-0.05778518521873845
7,drug_fingerprint_bit_192,-0.0673261258799521
7,drug_fingerprint_bit_178,-0.08094600220152448
7,poly_sp2_carbon_count_sum_fullpolymerfeaturizer,-0.08457270757461913
7,drug_fingerprint_bit_216,-0.08842502777399544
7,drug_fingerprint_bit_144,-0.09229876218607773
7,poly_num_hbond_acceptors_sum_fullpolymerfeaturizer,-0.09874258232454125
7,fingerprint_H_bit_63,-0.1036497907757296
7,drug_fingerprint_bit_81,-0.10576370050659024
7,drug_fingerprint_bit_228,-0.11560563512863206
7,fingerprint_H_bit_212,-0.11699091375200273
7,fingerprint_H_bit_218,-0.11992886660658338
7,drug_slogp_vsa1_sum_fullmolecularfeaturizer,-0.12188637485154256
7,charge_at_WATER_PH_H,-0.12301211575438353
7,drug_fingerprint_bit_143,-0.13129637725702406
7,drug_fingerprint_bit_158,-0.1477546740938898
7,drug_molecular_weight_sum_fullmolecularfeaturizer,-0.14983598638471712
7,drug_fingerprint_bit_168,-0.1557713034638543
7,poly_heteroatom_count_sum_fullpolymerfeaturizer,-0.15680184073718303
7,drug_fingerprint_bit_113,-0.15908590560189775
7,poly_num_hbond_donors_sum_fullpolymerfeaturizer,-0.16075514559469917
7,drug_fingerprint_bit_230,-0.16202950863916138
7,fingerprint_H_bit_38,-0.16981538372546526
7,poly_slogp_vsa1_sum_backbonefeaturizer,-0.17065471340757582
7,fingerprint_H_bit_39,-0.1713442970632721
7,drug_fingerprint_bit_40,-0.1741908331410069
7,drug_fingerprint_bit_243,-0.17639170589614242
7,drug_fingerprint_bit_66,-0.1861029825372079
7,poly_num_rings_sum_fullpolymerfeaturizer,-0.2592309735541824
7,fingerprint_H_bit_125,-0.2610779599278178
7,poly_max_estate_index_sum_fullpolymerfeaturizer,-0.2939443944324656
7,fingerprint_H_bit_42,-0.31806030287339493
7,drug_fingerprint_bit_0,-0.36864125351386884
7,fingerprint_H_bit_120,-0.37293434664349945
7,drug_fingerprint_bit_167,-0.3780889869501508
7,poly_max_estate_index_sum_backbonefeaturizer,-0.37821233888198513
7,drug_fingerprint_bit_186,-0.3817015713089172
7,drug_fingerprint_bit_233,-0.41443387135021775
7,fingerprint_H_bit_138,-0.4185994721985667
7,drug_max_ring_size_sum_fullmolecularfeaturizer,-0.4335712057778772
7,WATER_PH,-0.47188643023849225
7,drug_heteroatom_density_sum_fullmolecularfeaturizer,-0.47405245349089553
7,drug_fingerprint_bit_107,-0.4955545736754439
7,drug_fingerprint_bit_163,-0.5222243553418245
7,fingerprint_H_bit_186,-0.6283672498530513
7,fingerprint_H_bit_57,-0.6546522105508734
7,drug_fingerprint_bit_117,-0.7223366798963234
7,poly_num_aromatic_rings_sum_fullpolymerfeaturizer,-0.7498137022251289
7,poly_molecular_weight_sum_fullpolymerfeaturizer,-0.8605882876847717
7,poly_num_atoms_sum_fullpolymerfeaturizer,-0.8620379448408124
7,poly_double_bonds_sum_backbonefeaturizer,-1.1327457399106389
7,CONCENTRATION,-1.214041517906224
7,poly_double_bonds_sum_fullpolymerfeaturizer,-1.456362027597771
7,fingerprint_H_bit_67,-1.6088267445929307
7,drug_fingerprint_bit_100,-2.0702796572167763
7,fingerprint_H_bit_191,-3.60054058570197
7,fingerprint_H_bit_66,-3.7886942241122914
7,fingerprint_H_bit_112,-3.900582568456174
7,drug_fingerprint_bit_205,-4.20791787368338
7,fingerprint_H_bit_233,-4.3058501218243475
7,fingerprint_H_bit_224,-4.5600839145757135
8,logd_at_WATER_PH_H,8.388942654628716
8,fingerprint_H_bit_130,6.9868265407448735
8,poly_num_aromatic_rings_sum_backbonefeaturizer,5.081438903051555
8,drug_fingerprint_bit_111,2.339010134443768
8,logp_H,2.2390498411666604
8,poly_fp_density_morgan1_sidechainfeaturizer_sum,1.942314309538696
8,poly_sp2_carbon_count_sum_backbonefeaturizer,1.8779045713471947
8,drug_fingerprint_bit_138,1.8676273282570968
8,drug_charge_at_WATER_PH,1.8392347837474374
8,poly_max_estate_index_sidechainfeaturizer_sum,1.8340462656806629
8,drug_fingerprint_bit_91,1.8042292895509235
8,drug_fingerprint_bit_214,1.7221889126180077
8,drug_balaban_j_index_sum_fullmolecularfeaturizer,1.5711884984006823
8,poly_sp3_carbon_count_sum_backbonefeaturizer,1.5458810029387937
8,poly_num_atoms_sum_backbonefeaturizer,1.5427970709999899
8,fingerprint_H_bit_119,1.4285689651711828
8,poly_sp2_carbon_count_sidechainfeaturizer_sum,1.421970141539992
8,fingerprint_H_bit_48,1.4133419901755346
8,fingerprint_H_bit_217,1.3379908185290503
8,fingerprint_H_bit_151,1.3132332639766837
8,fingerprint_H_bit_41,1.3127086406551416
8,poly_balaban_j_index_sum_backbonefeaturizer,1.2941524802042719
8,poly_num_atoms_sidechainfeaturizer_sum,1.231580030351595
8,poly_single_bonds_sum_backbonefeaturizer,1.200025231060204
8,fingerprint_H_bit_186,1.1791282340402023
8,poly_num_aromatic_rings_sidechainfeaturizer_sum,1.1678267784893566
8,poly_num_hbond_acceptors_sidechainfeaturizer_sum,1.147840303177497
8,poly_max_ring_size_sidechainfeaturizer_sum,1.1417129423190728
8,fingerprint_H_bit_133,1.119775168165863
8,fingerprint_H_bit_139,1.0689997351730363
8,fingerprint_H_bit_85,1.0684340649845268
8,fingerprint_H_bit_175,1.0499012441711195
8,drug_fingerprint_bit_213,1.0165445633824046
8,poly_num_rings_sidechainfeaturizer_sum,1.0074611368514585
8,fingerprint_H_bit_213,0.9898284695770835
8,poly_balaban_j_index_sidechainfeaturizer_sum,0.9724644100871765
8,drug_num_rings_sum_fullmolecularfeaturizer,0.955730789793109
8,poly_heteroatom_density_sum_fullpolymerfeaturizer,0.9521430067472608
8,drug_sp2_carbon_count_sum_fullmolecularfeaturizer,0.9383934268290667
8,poly_heteroatom_count_sum_backbonefeaturizer,0.9348465263133477
8,fingerprint_H_bit_100,0.9304579637502789
8,fingerprint_H_bit_56,0.9292044772882418
8,fingerprint_H_bit_218,0.8950202230556089
8,poly_heteroatom_density_sidechainfeaturizer_sum,0.8882388676923032
8,fingerprint_H_bit_118,0.8815429791191999
8,poly_heteroatom_count_sidechainfeaturizer_sum,0.8737227422556655
8,poly_fp_density_morgan1_sum_backbonefeaturizer,0.8558201810484404
8,fingerprint_H_bit_64,0.8484447027081606
8,homo_eV_H,0.8315098295183627
8,fingerprint_H_bit_204,0.8253590540887804
8,fingerprint_H_bit_58,0.7842809851723455
8,fingerprint_H_bit_54,0.7801976423243959
8,fingerprint_H_bit_155,0.7692991785302349
8,drug_fingerprint_bit_64,0.7492741738519336
8,drug_fingerprint_bit_133,0.7442427474096659
8,drug_fingerprint_bit_110,0.7304096357050772
8,poly_fp_density_morgan1_sum_fullpolymerfeaturizer,0.7201020492959124
8,fingerprint_H_bit_236,0.7141548203236002
8,drug_fingerprint_bit_141,0.6582589160570217
8,fingerprint_H_bit_38,0.6507821567735528
8,poly_balaban_j_index_sum_fullpolymerfeaturizer,0.639057710310839
8,fingerprint_H_bit_245,0.6351871085087033
8,poly_num_hbond_donors_sidechainfeaturizer_sum,0.6322185540965376
8,lumo_eV_H,0.6255285450506717
8,fingerprint_H_bit_84,0.6163778021783742
8,poly_single_bonds_sidechainfeaturizer_sum,0.5941070524953116
8,fingerprint_H_bit_197,0.5889949589225321
8,poly_num_rings_sum_backbonefeaturizer,0.5743621450675992
8,fingerprint_H_bit_222,0.5658617786797544
8,drug_fingerprint_bit_24,0.5505599370782385
8,poly_num_aromatic_rings_sum_fullpolymerfeaturizer,0.5444435083218163
8,drug_num_aromatic_rings_sum_fullmolecularfeaturizer,0.537405140096916
8,fingerprint_H_bit_237,0.5360284973859937
8,fingerprint_H_bit_81,0.5325707842422798
8,poly_topological_surface_area_sidechainfeaturizer_sum,0.5275727953068621
8,fingerprint_H_bit_1,0.5187360602523289
8,drug_fingerprint_bit_108,0.5160019015305215
8,drug_num_rotatable_bonds_sum_fullmolecularfeaturizer,0.5147259962728328
8,poly_num_rotatable_bonds_sum_backbonefeaturizer,0.48628640512412763
8,poly_sp3_carbon_count_sidechainfeaturizer_sum,0.4656502246468216
8,poly_slogp_vsa1_sum_fullpolymerfeaturizer,0.46524507281185545
8,fingerprint_H_bit_214,0.4619312586201354
8,fingerprint_H_bit_45,0.4594034704409995
8,drug_fingerprint_bit_33,0.45441560919524177
8,fingerprint_H_bit_78,0.45009469393955853
8,poly_max_ring_size_sum_fullpolymerfeaturizer,0.44772948406454754
8,drug_topological_surface_area_sum_fullmolecularfeaturizer,0.4459880126007533
8,fingerprint_H_bit_28,0.4410787834742694
8,drug_fingerprint_bit_206,0.4091969486226849
8,drug_fingerprint_bit_99,0.39983382711566723
8,poly_max_ring_size_sum_backbonefeaturizer,0.39405421792172
8,fingerprint_H_bit_167,0.3892512493311236
8,drug_fingerprint_bit_36,0.38007007813730365
8,drug_fingerprint_bit_128,0.37356787366137034
8,fingerprint_H_bit_182,0.36644663288940854
8,drug_fingerprint_bit_201,0.36430895131152674
8,drug_logd_at_WATER_PH,0.3509433795135898
8,fingerprint_H_bit_251,0.35053235345091355
8,fingerprint_H_bit_27,0.34886603201973754
8,drug_num_hbond_donors_sum_fullmolecularfeaturizer,0.3364378696121723
8,drug_fingerprint_bit_188,0.33379556968129714
8,fingerprint_H_bit_13,0.33014015853526696
8,fingerprint_H_bit_53,0.3299685694261261
8,drug_fingerprint_bit_160,0.319984917872969
8,drug_fingerprint_bit_249,0.31104665798239395
8,poly_num_rotatable_bonds_sidechainfeaturizer_sum,0.30365001843657274
8,drug_fingerprint_bit_189,0.299218282276905
8,drug_fingerprint_bit_147,0.2906517472349943
8,poly_heteroatom_density_sum_backbonefeaturizer,0.2884289311375955
8,drug_fingerprint_bit_39,0.28534503712463105
8,drug_bridging_rings_count_sum_fullmolecularfeaturizer,0.28185614726178904
8,drug_fingerprint_bit_200,0.280712250612762
8,drug_fingerprint_bit_175,0.27867095383191015
8,fingerprint_H_bit_128,0.27562211655407626
8,drug_fraction_bicyclic_rings_sum_fullmolecularfeaturizer,0.2738828827091311
8,drug_fingerprint_bit_63,0.2730663129098024
8,fingerprint_H_bit_162,0.2609653157076666
8,fingerprint_H_bit_147,0.2561989086139649
8,drug_fingerprint_bit_165,0.2560632035334868
8,fingerprint_H_bit_69,0.2540274117410168
8,drug_fingerprint_bit_45,0.24798854868196804
8,poly_slogp_vsa1_sum_backbonefeaturizer,0.2461998638675727
8,poly_sp3_carbon_count_sum_fullpolymerfeaturizer,0.2461154288200685
8,fingerprint_H_bit_67,0.24115303545795155
8,drug_total_halogens_sum_fullmolecularfeaturizer,0.23811568845885195
8,drug_fingerprint_bit_73,0.2349020505225348
8,drug_fingerprint_bit_145,0.2327644697651267
8,drug_fingerprint_bit_18,0.23006791126500184
8,drug_fingerprint_bit_177,0.22941920407634123
8,drug_fingerprint_bit_155,0.22794646374814942
8,drug_fingerprint_bit_22,0.22633880319071295
8,drug_fingerprint_bit_184,0.22563168348864301
8,drug_heteroatom_count_sum_fullmolecularfeaturizer,0.21752215845922854
8,fingerprint_H_bit_89,0.21533833178364223
8,poly_smr_vsa5_sum_fullpolymerfeaturizer,0.20629972195717614
8,drug_fingerprint_bit_115,0.20258153736622078
8,drug_num_hbond_acceptors_sum_fullmolecularfeaturizer,0.19765609229047904
8,poly_smr_vsa5_sum_backbonefeaturizer,0.19361055703759078
8,drug_fingerprint_bit_196,0.18621130864845328
8,drug_fingerprint_bit_15,0.18310335875691502
8,drug_fingerprint_bit_197,0.18227147868774551
8,drug_fingerprint_bit_164,0.1811909457838361
8,drug_fingerprint_bit_218,0.1801399975472883
8,drug_fingerprint_bit_61,0.17924272062217442
8,drug_fingerprint_bit_159,0.17916100130794238
8,drug_fingerprint_bit_180,0.177630126034565
8,drug_fingerprint_bit_136,0.17698930909734062
8,drug_fingerprint_bit_226,0.1769210947722914
8,drug_fingerprint_bit_151,0.1767398300243472
8,drug_fingerprint_bit_4,0.1758186568207363
8,drug_fingerprint_bit_246,0.175244686717373
8,poly_double_bonds_sidechainfeaturizer_sum,0.17422273575567443
8,drug_lumo_eV,0.174091865310601
8,drug_fingerprint_bit_95,0.17361987293202885
8,drug_fingerprint_bit_185,0.1703405024899425
8,drug_fingerprint_bit_44,0.16965617955164625
8,drug_fingerprint_bit_71,0.16430943159470024
8,drug_fingerprint_bit_105,0.16357850053075246
8,drug_fingerprint_bit_119,0.16211888965859092
8,drug_fingerprint_bit_106,0.16029861778563223
8,drug_fingerprint_bit_204,0.15949615401597184
8,drug_fingerprint_bit_126,0.15571236277200487
8,drug_fingerprint_bit_10,0.1553308857577396
8,poly_num_hbond_donors_sum_backbonefeaturizer,0.153625263579485
8,drug_fingerprint_bit_35,0.15320310445422888
8,drug_fp_density_morgan1_sum_fullmolecularfeaturizer,0.15261850067745972
8,drug_fingerprint_bit_142,0.1526174408718429
8,fingerprint_H_bit_134,0.1453192985769626
8,drug_fingerprint_bit_76,0.14456291938373025
8,drug_fingerprint_bit_69,0.14317457140391937
8,drug_fingerprint_bit_6,0.1427639038435275
8,drug_fingerprint_bit_75,0.14148909825027442
8,drug_fingerprint_bit_26,0.14038028109909292
8,drug_fingerprint_bit_203,0.13632353729297664
8,poly_smr_vsa5_sidechainfeaturizer_sum,0.13372147385615243
8,drug_fingerprint_bit_5,0.12715963377916112
8,poly_molecular_weight_sidechainfeaturizer_sum,0.12171458611861367
8,drug_fingerprint_bit_58,0.1198551672268798
8,drug_fingerprint_bit_183,0.11633687559017795
8,drug_fingerprint_bit_50,0.11530073123778774
8,fingerprint_H_bit_37,0.11464491331869868
8,drug_fingerprint_bit_146,0.113750199049101
8,drug_fingerprint_bit_150,0.11230799932188575
8,drug_fingerprint_bit_74,0.11106278885774877
8,fingerprint_H_bit_70,0.11093185838673907
8,drug_fingerprint_bit_253,0.11054512594301061
8,drug_fingerprint_bit_120,0.10967859783319402
8,drug_fingerprint_bit_97,0.10964953540920022
8,drug_fingerprint_bit_250,0.10868993574876122
8,drug_fingerprint_bit_194,0.10833185846989513
8,drug_chlorine_count_sum_fullmolecularfeaturizer,0.10622502971841116
8,fingerprint_H_bit_232,0.10584057763874098
8,drug_fingerprint_bit_148,0.10580794217336731
8,drug_fingerprint_bit_81,0.10439086911184278
8,fingerprint_H_bit_227,0.1024327512261729
8,drug_fingerprint_bit_161,0.1009524085157456
8,fingerprint_H_bit_113,0.09950877890864777
8,drug_fingerprint_bit_77,0.09810371135691053
8,drug_fingerprint_bit_247,0.09725659379695242
8,poly_double_bonds_sum_backbonefeaturizer,0.09408620554637996
8,drug_fingerprint_bit_199,0.09227138988798864
8,drug_fingerprint_bit_202,0.09157133089875401
8,drug_fingerprint_bit_212,0.09116323294844106
8,poly_slogp_vsa1_sidechainfeaturizer_sum,0.09070489975000229
8,drug_fingerprint_bit_191,0.0903563441822109
8,fingerprint_H_bit_226,0.08774982447412025
8,drug_fingerprint_bit_236,0.08731907100529979
8,drug_smr_vsa5_sum_fullmolecularfeaturizer,0.08654669777010991
8,drug_fingerprint_bit_101,0.08505431596804645
8,drug_fingerprint_bit_28,0.0837571733998591
8,drug_fingerprint_bit_131,0.08322473556259476
8,drug_fingerprint_bit_23,0.08255410817953542
8,poly_num_non_aromatic_rings_sum_backbonefeaturizer,0.08248729294408712
8,drug_fingerprint_bit_72,0.08214130586345192
8,drug_fingerprint_bit_41,0.08094626250823513
8,drug_fingerprint_bit_122,0.08060753812045576
8,fingerprint_H_bit_32,0.08040229338661709
8,fingerprint_H_bit_33,0.07990061682772066
8,drug_fingerprint_bit_224,0.07892170404369168
8,drug_fingerprint_bit_156,0.0751613593353243
8,drug_fingerprint_bit_42,0.07500126104897739
8,drug_fingerprint_bit_83,0.07286842637462598
8,drug_fingerprint_bit_43,0.07139343963784549
8,fingerprint_H_bit_212,0.07135424967249625
8,drug_fingerprint_bit_127,0.06907088468729523
8,drug_fingerprint_bit_252,0.06851301233330705
8,drug_max_estate_index_sum_fullmolecularfeaturizer,0.06435318448277569
8,fingerprint_H_bit_205,0.06435243594371244
8,fingerprint_H_bit_121,0.06331290703181068
8,drug_fluorine_count_sum_fullmolecularfeaturizer,0.06309723591639359
8,drug_fingerprint_bit_7,0.061139058146884424
8,fingerprint_H_bit_112,0.06019240916931971
8,drug_fingerprint_bit_1,0.05922091519612923
8,fingerprint_H_bit_216,0.05828161786821797
8,drug_logp,0.05774345508079556
8,drug_fingerprint_bit_27,0.05660366441646801
8,drug_fingerprint_bit_103,0.05593101382544654
8,poly_num_hbond_acceptors_sum_backbonefeaturizer,0.05567577760466978
8,poly_num_non_aromatic_rings_sum_fullpolymerfeaturizer,0.05453762561906846
8,drug_fingerprint_bit_67,0.05254030741570071
8,drug_fingerprint_bit_13,0.05160385480887345
8,drug_fingerprint_bit_238,0.051156624030253464
8,fingerprint_H_bit_61,0.04995028355489712
8,fingerprint_H_bit_131,0.04829136765508917
8,drug_fingerprint_bit_30,0.047625251336794606
8,drug_fingerprint_bit_179,0.047042536700322546
8,drug_fingerprint_bit_153,0.04658444373588756
8,drug_fingerprint_bit_169,0.04552205598295985
8,drug_fingerprint_bit_223,0.04400896654506126
8,drug_fingerprint_bit_56,0.04329313304268863
8,drug_fingerprint_bit_242,0.043281708717254744
8,drug_fingerprint_bit_11,0.04258431204844833
8,drug_fingerprint_bit_240,0.041896496279375285
8,drug_fingerprint_bit_82,0.04058688255973187
8,drug_fingerprint_bit_239,0.040318786396426956
8,fingerprint_H_bit_52,0.04016914324191588
8,drug_fingerprint_bit_208,0.03863225057600173
8,drug_fingerprint_bit_84,0.038598090331608104
8,fingerprint_H_bit_164,0.03775145907065298
8,fingerprint_H_bit_158,0.03708272264595227
8,drug_fingerprint_bit_171,0.03687361297603693
8,drug_fingerprint_bit_245,0.03583620761497101
8,drug_fingerprint_bit_2,0.0352043066942085
8,drug_fingerprint_bit_237,0.03505024749630506
8,drug_fingerprint_bit_125,0.03471660169735429
8,drug_fingerprint_bit_114,0.03467240009213641
8,drug_fingerprint_bit_46,0.03404369037548686
8,drug_fingerprint_bit_134,0.033953280592446726
8,drug_fingerprint_bit_60,0.03391831488449964
8,drug_fingerprint_bit_181,0.03347350266063496
8,fingerprint_H_bit_233,0.03300216795672587
8,fingerprint_H_bit_68,0.03275223481112484
8,drug_fingerprint_bit_229,0.03254552462918387
8,drug_homo_eV,0.032053933538713546
8,fingerprint_H_bit_98,0.031788488777837146
8,drug_fingerprint_bit_222,0.03164204699157697
8,fingerprint_H_bit_63,0.03015512975446482
8,fingerprint_H_bit_26,0.02988231042353023
8,drug_fingerprint_bit_92,0.029345108439692038
8,drug_fingerprint_bit_32,0.027668990229538983
8,drug_fingerprint_bit_154,0.027312197352993586
8,fingerprint_H_bit_224,0.026681964245044144
8,drug_fingerprint_bit_62,0.02613593429055391
8,fingerprint_H_bit_143,0.025690543497564
8,drug_fingerprint_bit_34,0.025644081307856958
8,fingerprint_H_bit_18,0.02514924729121624
8,drug_fingerprint_bit_121,0.024536472897920634
8,fingerprint_H_bit_57,0.0233027107438643
8,drug_fingerprint_bit_31,0.022920197848181657
8,drug_fingerprint_bit_14,0.022875205098710265
8,drug_fingerprint_bit_231,0.02275131528077332
8,drug_fingerprint_bit_170,0.021928477413322846
8,drug_fingerprint_bit_116,0.021804548304490336
8,fingerprint_H_bit_219,0.021145579047729787
8,drug_fingerprint_bit_210,0.020900683784203115
8,drug_fingerprint_bit_78,0.020442520754736102
8,drug_fingerprint_bit_8,0.020045729348866812
8,poly_num_aliphatic_heterocycles_sum_backbonefeaturizer,0.018973810855123858
8,drug_fingerprint_bit_207,0.018269135249985698
8,drug_fingerprint_bit_172,0.01657563228631483
8,drug_fingerprint_bit_152,0.015504908730373166
8,drug_fingerprint_bit_132,0.015245379946977824
8,fingerprint_H_bit_123,0.015202673088541943
8,drug_fingerprint_bit_219,0.014901576558845433
8,drug_fingerprint_bit_227,0.014778477811444734
8,fingerprint_H_bit_174,0.014459066150769877
8,fingerprint_H_bit_30,0.014295438120773258
8,drug_fingerprint_bit_193,0.014117189889583954
8,fingerprint_H_bit_46,0.013913606942017667
8,drug_fingerprint_bit_57,0.013561532002201634
8,drug_fingerprint_bit_70,0.013246689179758282
8,poly_num_rotatable_bonds_sum_fullpolymerfeaturizer,0.012747287478099278
8,drug_fingerprint_bit_52,0.012208055635872819
8,drug_fingerprint_bit_182,0.011971145671142611
8,fingerprint_H_bit_114,0.011624921633113013
8,fingerprint_H_bit_65,0.01081986023445286
8,drug_fingerprint_bit_130,0.009380353458421272
8,drug_fingerprint_bit_235,0.009356138085466717
8,drug_fingerprint_bit_173,0.009316926676887887
8,drug_fingerprint_bit_90,0.008416717039315442
8,drug_sp3_carbon_count_sum_fullmolecularfeaturizer,0.007772526137591694
8,drug_fingerprint_bit_162,0.007115298280312809
8,drug_fingerprint_bit_20,0.007037100805651064
8,drug_fingerprint_bit_96,0.005744035380580466
8,fingerprint_H_bit_185,0.005727079812005336
8,drug_fingerprint_bit_47,0.004990186539478739
8,poly_num_aliphatic_heterocycles_sum_fullpolymerfeaturizer,0.00323755134464607
8,drug_fingerprint_bit_19,0.0023365022294715232
8,drug_fingerprint_bit_225,0.0020276849556437318
8,drug_fingerprint_bit_59,0.0018940045885859228
8,drug_fingerprint_bit_144,0.0018545773832670967
8,drug_fingerprint_bit_135,0.0016620331821968124
8,drug_fingerprint_bit_129,0.0005404303943248158
8,fingerprint_H_bit_116,0.0003168944516978499
8,fingerprint_H_bit_34,0.00015477492161463258
8,fingerprint_H_bit_50,7.930164461608261e-17
8,fingerprint_H_bit_220,0.0
8,fingerprint_H_bit_221,0.0
8,fingerprint_H_bit_223,0.0
8,fingerprint_H_bit_199,0.0
8,fingerprint_H_bit_200,0.0
8,fingerprint_H_bit_20,0.0
8,fingerprint_H_bit_51,0.0
8,fingerprint_H_bit_201,0.0
8,fingerprint_H_bit_156,0.0
8,fingerprint_H_bit_157,0.0
8,fingerprint_H_bit_160,0.0
8,fingerprint_H_bit_163,0.0
8,fingerprint_H_bit_49,0.0
8,fingerprint_H_bit_40,0.0
8,drug_fingerprint_bit_190,0.0
8,fingerprint_H_bit_47,0.0
8,drug_fingerprint_bit_195,0.0
8,drug_fingerprint_bit_198,0.0
8,fingerprint_H_bit_154,0.0
8,fingerprint_H_bit_170,0.0
8,drug_triple_bonds_sum_fullmolecularfeaturizer,0.0
8,drug_fingerprint_bit_51,0.0
8,drug_iodine_count_sum_fullmolecularfeaturizer,0.0
8,drug_bromine_count_sum_fullmolecularfeaturizer,0.0
8,drug_fingerprint_bit_54,0.0
8,fingerprint_H_bit_198,0.0
8,fingerprint_H_bit_74,0.0
8,fingerprint_H_bit_75,0.0
8,fingerprint_H_bit_234,0.0
8,fingerprint_H_bit_77,0.0
8,fingerprint_H_bit_79,0.0
8,fingerprint_H_bit_196,0.0
8,fingerprint_H_bit_82,0.0
8,fingerprint_H_bit_83,0.0
8,fingerprint_H_bit_195,0.0
8,fingerprint_H_bit_86,0.0
8,drug_fingerprint_bit_166,0.0
8,drug_fingerprint_bit_157,0.0
8,fingerprint_H_bit_21,0.0
8,fingerprint_H_bit_76,0.0
8,drug_fingerprint_bit_176,0.0
8,fingerprint_H_bit_71,0.0
8,fingerprint_H_bit_194,0.0
8,fingerprint_H_bit_192,0.0
8,fingerprint_H_bit_191,0.0
8,fingerprint_H_bit_29,0.0
8,fingerprint_H_bit_190,0.0
8,fingerprint_H_bit_189,0.0
8,fingerprint_H_bit_31,0.0
8,fingerprint_H_bit_44,0.0
8,fingerprint_H_bit_187,0.0
8,fingerprint_H_bit_184,0.0
8,fingerprint_H_bit_181,0.0
8,fingerprint_H_bit_180,0.0
8,fingerprint_H_bit_35,0.0
8,fingerprint_H_bit_36,0.0
8,fingerprint_H_bit_169,0.0
8,drug_fingerprint_bit_98,0.0
8,drug_fingerprint_bit_102,0.0
8,drug_fingerprint_bit_112,0.0
8,fingerprint_H_bit_188,0.0
8,fingerprint_H_bit_43,0.0
8,drug_fingerprint_bit_87,0.0
8,drug_fingerprint_bit_88,0.0
8,drug_fingerprint_bit_89,0.0
8,fingerprint_H_bit_178,0.0
8,fingerprint_H_bit_177,0.0
8,fingerprint_H_bit_176,0.0
8,fingerprint_H_bit_87,0.0
8,fingerprint_H_bit_173,0.0
8,fingerprint_H_bit_88,0.0
8,fingerprint_H_bit_72,0.0
8,fingerprint_H_bit_168,0.0
8,fingerprint_H_bit_166,0.0
8,fingerprint_H_bit_165,0.0
8,drug_fingerprint_bit_68,0.0
8,fingerprint_H_bit_62,0.0
8,fingerprint_H_bit_60,0.0
8,fingerprint_H_bit_59,0.0
8,fingerprint_H_bit_215,0.0
8,fingerprint_H_bit_73,0.0
8,drug_fingerprint_bit_123,0.0
8,fingerprint_H_bit_25,0.0
8,poly_fluorine_count_sum_fullpolymerfeaturizer,0.0
8,poly_chlorine_count_sum_fullpolymerfeaturizer,0.0
8,poly_bromine_count_sum_fullpolymerfeaturizer,0.0
8,poly_iodine_count_sum_fullpolymerfeaturizer,0.0
8,poly_triple_bonds_sum_fullpolymerfeaturizer,0.0
8,poly_bridging_rings_count_sum_fullpolymerfeaturizer,0.0
8,poly_num_non_aromatic_rings_sidechainfeaturizer_sum,0.0
8,drug_fingerprint_bit_232,0.0
8,poly_triple_bonds_sidechainfeaturizer_sum,0.0
8,poly_bridging_rings_count_sidechainfeaturizer_sum,0.0
8,fingerprint_H_bit_107,0.0
8,fingerprint_H_bit_108,0.0
8,fingerprint_H_bit_109,0.0
8,fingerprint_H_bit_110,0.0
8,fingerprint_H_bit_111,0.0
8,fingerprint_H_bit_238,0.0
8,poly_num_aliphatic_heterocycles_sidechainfeaturizer_sum,0.0
8,fingerprint_H_bit_122,0.0
8,fingerprint_H_bit_124,0.0
8,fingerprint_H_bit_126,0.0
8,fingerprint_H_bit_127,0.0
8,fingerprint_H_bit_129,0.0
8,fingerprint_H_bit_132,0.0
8,fingerprint_H_bit_141,0.0
8,fingerprint_H_bit_142,0.0
8,fingerprint_H_bit_146,0.0
8,fingerprint_H_bit_148,0.0
8,fingerprint_H_bit_149,0.0
8,fingerprint_H_bit_150,0.0
8,fingerprint_H_bit_242,0.0
8,fingerprint_H_bit_243,0.0
8,poly_fraction_bicyclic_rings_sidechainfeaturizer_sum,0.0
8,fingerprint_H_bit_17,0.0
8,fingerprint_H_bit_16,0.0
8,fingerprint_H_bit_15,0.0
8,fingerprint_H_bit_14,0.0
8,fingerprint_H_bit_12,0.0
8,fingerprint_H_bit_11,0.0
8,fingerprint_H_bit_10,0.0
8,drug_fingerprint_bit_244,0.0
8,fingerprint_H_bit_179,0.0
8,fingerprint_H_bit_55,0.0
8,drug_fingerprint_bit_234,0.0
8,fingerprint_H_bit_171,0.0
8,fingerprint_H_bit_172,0.0
8,fingerprint_H_bit_19,0.0
8,fingerprint_H_bit_0,0.0
8,poly_total_halogens_sum_fullpolymerfeaturizer,0.0
8,fingerprint_H_bit_3,0.0
8,fingerprint_H_bit_4,0.0
8,fingerprint_H_bit_5,0.0
8,fingerprint_H_bit_6,0.0
8,fingerprint_H_bit_8,0.0
8,fingerprint_H_bit_9,0.0
8,fingerprint_H_bit_22,0.0
8,fingerprint_H_bit_23,0.0
8,fingerprint_H_bit_24,0.0
8,drug_fingerprint_bit_254,0.0
8,fingerprint_H_bit_135,0.0
8,fingerprint_H_bit_136,0.0
8,fingerprint_H_bit_137,0.0
8,fingerprint_H_bit_152,0.0
8,fingerprint_H_bit_153,0.0
8,fingerprint_H_bit_2,0.0
8,poly_iodine_count_sum_backbonefeaturizer,0.0
8,poly_triple_bonds_sum_backbonefeaturizer,0.0
8,poly_bridging_rings_count_sum_backbonefeaturizer,0.0
8,fingerprint_H_bit_248,0.0
8,fingerprint_H_bit_249,0.0
8,fingerprint_H_bit_250,0.0
8,fingerprint_H_bit_252,0.0
8,fingerprint_H_bit_253,0.0
8,drug_fingerprint_bit_17,0.0
8,drug_fingerprint_bit_21,0.0
8,drug_fingerprint_bit_9,0.0
8,fingerprint_H_bit_90,0.0
8,fingerprint_H_bit_91,0.0
8,fingerprint_H_bit_92,0.0
8,fingerprint_H_bit_93,0.0
8,fingerprint_H_bit_244,0.0
8,fingerprint_H_bit_95,0.0
8,fingerprint_H_bit_96,0.0
8,fingerprint_H_bit_97,0.0
8,fingerprint_H_bit_99,0.0
8,fingerprint_H_bit_235,0.0
8,fingerprint_H_bit_239,0.0
8,fingerprint_H_bit_240,0.0
8,fingerprint_H_bit_241,0.0
8,fingerprint_H_bit_202,0.0
8,fingerprint_H_bit_203,0.0
8,fingerprint_H_bit_206,0.0
8,fingerprint_H_bit_208,0.0
8,fingerprint_H_bit_209,0.0
8,fingerprint_H_bit_210,0.0
8,fingerprint_H_bit_211,0.0
8,fingerprint_H_bit_94,0.0
8,fingerprint_H_bit_246,0.0
8,fingerprint_H_bit_247,0.0
8,poly_fluorine_count_sidechainfeaturizer_sum,0.0
8,poly_chlorine_count_sidechainfeaturizer_sum,0.0
8,poly_bromine_count_sidechainfeaturizer_sum,0.0
8,poly_iodine_count_sidechainfeaturizer_sum,0.0
8,drug_fingerprint_bit_221,0.0
8,fingerprint_H_bit_115,0.0
8,fingerprint_H_bit_117,0.0
8,poly_fraction_bicyclic_rings_sum_backbonefeaturizer,0.0
8,poly_total_halogens_sum_backbonefeaturizer,0.0
8,poly_fluorine_count_sum_backbonefeaturizer,0.0
8,poly_total_halogens_sidechainfeaturizer_sum,0.0
8,poly_fraction_bicyclic_rings_sum_fullpolymerfeaturizer,0.0
8,fingerprint_H_bit_140,0.0
8,poly_bromine_count_sum_backbonefeaturizer,0.0
8,poly_chlorine_count_sum_backbonefeaturizer,0.0
8,fingerprint_H_bit_105,0.0
8,fingerprint_H_bit_104,0.0
8,fingerprint_H_bit_103,0.0
8,fingerprint_H_bit_102,0.0
8,fingerprint_H_bit_101,0.0
8,drug_fingerprint_bit_220,0.0
8,fingerprint_H_bit_254,0.0
8,drug_fingerprint_bit_215,0.0
8,drug_fingerprint_bit_209,0.0
8,fingerprint_H_bit_231,0.0
8,fingerprint_H_bit_230,0.0
8,fingerprint_H_bit_229,0.0
8,fingerprint_H_bit_228,0.0
8,fingerprint_H_bit_225,0.0
8,fingerprint_H_bit_255,0.0
8,drug_fingerprint_bit_217,0.0
8,fingerprint_H_bit_193,-5.213232940575502e-10
8,fingerprint_H_bit_161,-8.341174861925538e-09
8,drug_fingerprint_bit_16,-2.7600289821096335e-05
8,drug_fingerprint_bit_149,-0.0007036932737511302
8,drug_fingerprint_bit_137,-0.0012086771694610535
8,drug_fingerprint_bit_109,-0.0017071985713277757
8,drug_fingerprint_bit_211,-0.0032698041069467087
8,drug_fingerprint_bit_178,-0.0037192797292113985
8,drug_fingerprint_bit_243,-0.003828521187120414
8,fingerprint_H_bit_7,-0.00544052127219793
8,drug_fingerprint_bit_187,-0.005817386561316458
8,drug_fingerprint_bit_79,-0.007936748443449524
8,drug_fingerprint_bit_37,-0.010291579735131099
8,drug_double_bonds_sum_fullmolecularfeaturizer,-0.011198833666919967
8,drug_fingerprint_bit_255,-0.014945715321910663
8,drug_fingerprint_bit_12,-0.015615138368028811
8,drug_fingerprint_bit_65,-0.0158054463521697
8,drug_fingerprint_bit_241,-0.015854642438871098
8,drug_fingerprint_bit_25,-0.01726476860521925
8,drug_fingerprint_bit_94,-0.017456695358906166
8,drug_single_bonds_sum_fullmolecularfeaturizer,-0.017494958731990567
8,drug_fingerprint_bit_53,-0.018843892034684735
8,fingerprint_H_bit_207,-0.020409317770860618
8,drug_fingerprint_bit_80,-0.02205396899688805
8,drug_fingerprint_bit_29,-0.02314646837063496
8,drug_fingerprint_bit_248,-0.023227675044081058
8,drug_fingerprint_bit_216,-0.02505060030129128
8,drug_fingerprint_bit_124,-0.027257706974328413
8,drug_fingerprint_bit_85,-0.028630079959113017
8,drug_fingerprint_bit_93,-0.02976333231177175
8,poly_max_estate_index_sum_backbonefeaturizer,-0.030321731696915686
8,drug_fingerprint_bit_3,-0.033104425204129886
8,drug_num_aliphatic_heterocycles_sum_fullmolecularfeaturizer,-0.034671645492522885
8,fingerprint_H_bit_80,-0.03670721662271963
8,drug_fingerprint_bit_55,-0.037514266636846615
8,drug_molecular_weight_sum_fullmolecularfeaturizer,-0.03986329284776186
8,drug_num_non_aromatic_rings_sum_fullmolecularfeaturizer,-0.04004196314019072
8,drug_fingerprint_bit_48,-0.04111337650024026
8,drug_num_atoms_sum_fullmolecularfeaturizer,-0.05713214822070713
8,drug_fingerprint_bit_38,-0.05870398398026249
8,drug_fingerprint_bit_251,-0.06383240428911825
8,drug_fingerprint_bit_49,-0.06505377174546464
8,drug_fingerprint_bit_118,-0.0705793863544513
8,drug_fingerprint_bit_86,-0.07428643217778973
8,drug_fingerprint_bit_192,-0.07437632986030175
8,drug_fingerprint_bit_230,-0.07814440093287653
8,drug_fingerprint_bit_174,-0.08538429647390879
8,poly_single_bonds_sum_fullpolymerfeaturizer,-0.08741126005640534
8,drug_fingerprint_bit_40,-0.09347202460917987
8,poly_topological_surface_area_sum_fullpolymerfeaturizer,-0.09664987984026151
8,fingerprint_H_bit_145,-0.10514044531033748
8,poly_num_rings_sum_fullpolymerfeaturizer,-0.1114339939714517
8,drug_fingerprint_bit_113,-0.11917537525790829
8,poly_num_hbond_donors_sum_fullpolymerfeaturizer,-0.1268973781076958
8,drug_fingerprint_bit_168,-0.13235459466579108
8,drug_fingerprint_bit_228,-0.14161921781284145
8,fingerprint_H_bit_125,-0.14240942349797958
8,drug_fingerprint_bit_139,-0.14593418969026345
8,fingerprint_H_bit_42,-0.1546935370034445
8,drug_fingerprint_bit_66,-0.15504148897733577
8,drug_max_ring_size_sum_fullmolecularfeaturizer,-0.1551822933249105
8,fingerprint_H_bit_39,-0.1565176902335559
8,drug_fingerprint_bit_140,-0.22147080886706635
8,poly_topological_surface_area_sum_backbonefeaturizer,-0.23989904117024421
8,drug_fingerprint_bit_158,-0.24134865717468784
8,drug_fingerprint_bit_143,-0.2546493341681377
8,drug_fingerprint_bit_186,-0.2879175090271121
8,WATER_PH,-0.2903112601782792
8,poly_molecular_weight_sum_fullpolymerfeaturizer,-0.3632672601094727
8,poly_molecular_weight_sum_backbonefeaturizer,-0.3733396564695117
8,poly_max_estate_index_sum_fullpolymerfeaturizer,-0.38114243776265305
8,drug_slogp_vsa1_sum_fullmolecularfeaturizer,-0.3838002757140096
8,drug_fingerprint_bit_233,-0.38588186171358013
8,fingerprint_H_bit_120,-0.39454524243881034
8,drug_fingerprint_bit_107,-0.39800501074748684
8,charge_at_WATER_PH_H,-0.45585821133465465
8,poly_num_atoms_sum_fullpolymerfeaturizer,-0.47511608732558613
8,drug_fingerprint_bit_0,-0.49776239487660134
8,fingerprint_H_bit_183,-0.5000487594588788
8,drug_fingerprint_bit_163,-0.5146649438463055
8,poly_num_hbond_acceptors_sum_fullpolymerfeaturizer,-0.5147962553671345
8,drug_fingerprint_bit_104,-0.541648691392998
8,poly_heteroatom_count_sum_fullpolymerfeaturizer,-0.552748374202609
8,drug_fingerprint_bit_167,-0.6227613589796948
8,fingerprint_H_bit_159,-0.7286614843089467
8,drug_heteroatom_density_sum_fullmolecularfeaturizer,-0.7506570725446088
8,poly_double_bonds_sum_fullpolymerfeaturizer,-0.7528740074331225
8,fingerprint_H_bit_138,-0.7551888922894844
8,drug_fingerprint_bit_117,-1.0415609447780958
8,poly_sp2_carbon_count_sum_fullpolymerfeaturizer,-1.5175031275549813
8,CONCENTRATION,-2.1587475848986797
8,drug_fingerprint_bit_100,-2.547771655766773
8,fingerprint_H_bit_66,-2.5632785228765598
8,fingerprint_H_bit_106,-3.7532380141887094
8,fingerprint_H_bit_144,-4.299493066840012
8,drug_fingerprint_bit_205,-4.639000329832991
9,fingerprint_H_bit_130,4.867084268265933
9,drug_fingerprint_bit_111,4.644733901686526
9,drug_balaban_j_index_sum_fullmolecularfeaturizer,2.439921658510542
9,drug_fingerprint_bit_91,2.3655308242297117
9,poly_num_aromatic_rings_sum_backbonefeaturizer,2.3350173165013435
9,poly_balaban_j_index_sidechainfeaturizer_sum,2.0681719878624407
9,poly_fp_density_morgan1_sidechainfeaturizer_sum,1.901879231300344
9,poly_slogp_vsa1_sum_fullpolymerfeaturizer,1.8853430839443666
9,fingerprint_H_bit_139,1.8814887673025162
9,fingerprint_H_bit_236,1.8168062626418098
9,poly_molecular_weight_sum_backbonefeaturizer,1.7557872785715374
9,drug_charge_at_WATER_PH,1.6408587594524675
9,fingerprint_H_bit_119,1.61759700656559
9,fingerprint_H_bit_100,1.536775310880732
9,fingerprint_H_bit_227,1.503017874568597
9,drug_fingerprint_bit_138,1.4896965700030638
9,poly_max_estate_index_sidechainfeaturizer_sum,1.4768017280120436
9,poly_double_bonds_sum_fullpolymerfeaturizer,1.3627372723568674
9,fingerprint_H_bit_56,1.347660150392777
9,poly_num_hbond_acceptors_sum_backbonefeaturizer,1.3018355326755349
9,drug_num_rotatable_bonds_sum_fullmolecularfeaturizer,1.2840291342137482
9,fingerprint_H_bit_232,1.2795605728057542
9,fingerprint_H_bit_1,1.195337902498673
9,poly_num_aromatic_rings_sum_fullpolymerfeaturizer,1.1951864427448167
9,fingerprint_H_bit_125,1.1330221328451813
9,poly_single_bonds_sum_backbonefeaturizer,1.1327391897301995
9,logd_at_WATER_PH_H,1.0379108716888497
9,fingerprint_H_bit_214,1.0331480435085
9,drug_fingerprint_bit_147,1.0266834323145235
9,fingerprint_H_bit_53,1.022770384743551
9,poly_num_rotatable_bonds_sum_backbonefeaturizer,1.0208760821295488
9,drug_fingerprint_bit_64,1.0157214919788444
9,poly_slogp_vsa1_sum_backbonefeaturizer,1.0116897913914042
9,poly_heteroatom_count_sidechainfeaturizer_sum,0.985824973682658
9,fingerprint_H_bit_81,0.9830791181589268
9,charge_at_WATER_PH_H,0.9729544073441974
9,poly_num_atoms_sidechainfeaturizer_sum,0.9703912010125885
9,poly_sp2_carbon_count_sum_backbonefeaturizer,0.9667968331007335
9,fingerprint_H_bit_237,0.9476334286213822
9,poly_num_hbond_donors_sum_backbonefeaturizer,0.9420547143394858
9,poly_max_ring_size_sum_fullpolymerfeaturizer,0.9295904525377182
9,poly_max_ring_size_sum_backbonefeaturizer,0.9175594361188176
9,poly_num_aromatic_rings_sidechainfeaturizer_sum,0.9046263904516522
9,fingerprint_H_bit_155,0.8917510575970872
9,fingerprint_H_bit_68,0.8805321917067613
9,fingerprint_H_bit_245,0.8499378727761814
9,poly_max_estate_index_sum_fullpolymerfeaturizer,0.8363442216649712
9,poly_sp3_carbon_count_sum_backbonefeaturizer,0.8291372468390215
9,fingerprint_H_bit_145,0.8000602177664208
9,fingerprint_H_bit_147,0.7974018391634644
9,drug_num_rings_sum_fullmolecularfeaturizer,0.7936664700549347
9,drug_fingerprint_bit_110,0.7920392813275283
9,poly_num_rings_sidechainfeaturizer_sum,0.7659578137379498
9,fingerprint_H_bit_217,0.7611578965488853
9,drug_sp2_carbon_count_sum_fullmolecularfeaturizer,0.7435778150801285
9,drug_num_aromatic_rings_sum_fullmolecularfeaturizer,0.7332221041747787
9,fingerprint_H_bit_204,0.7247975637442126
9,poly_molecular_weight_sidechainfeaturizer_sum,0.7231205245374747
9,poly_heteroatom_density_sidechainfeaturizer_sum,0.7037353225328518
9,poly_sp2_carbon_count_sidechainfeaturizer_sum,0.7014419164069868
9,poly_fp_density_morgan1_sum_fullpolymerfeaturizer,0.6851768428019663
9,poly_topological_surface_area_sum_backbonefeaturizer,0.6835907097689355
9,poly_sp3_carbon_count_sidechainfeaturizer_sum,0.6816934795235797
9,fingerprint_H_bit_182,0.6717243519833662
9,fingerprint_H_bit_85,0.6716732166524524
9,fingerprint_H_bit_78,0.6699129336985816
9,fingerprint_H_bit_84,0.6627998128874208
9,fingerprint_H_bit_197,0.6257800945228439
9,fingerprint_H_bit_222,0.6094376687250136
9,fingerprint_H_bit_151,0.6090018844205741
9,poly_smr_vsa5_sidechainfeaturizer_sum,0.5779347449847986
9,poly_topological_surface_area_sidechainfeaturizer_sum,0.5767753682518177
9,homo_eV_H,0.5593710087545226
9,drug_fingerprint_bit_142,0.554193240644724
9,drug_fingerprint_bit_108,0.5248919574604024
9,poly_num_hbond_acceptors_sidechainfeaturizer_sum,0.5156659780295024
9,drug_fingerprint_bit_175,0.5026636298170698
9,drug_fingerprint_bit_188,0.4974368091779165
9,drug_fingerprint_bit_24,0.4959273862239283
9,poly_fp_density_morgan1_sum_backbonefeaturizer,0.49050858278465986
9,drug_fingerprint_bit_33,0.485334719956715
9,drug_fingerprint_bit_115,0.4830849926924321
9,drug_fingerprint_bit_155,0.4670531167374924
9,fingerprint_H_bit_28,0.4610106500689869
9,drug_heteroatom_count_sum_fullmolecularfeaturizer,0.458858967129187
9,drug_fp_density_morgan1_sum_fullmolecularfeaturizer,0.4453605776037929
9,drug_topological_surface_area_sum_fullmolecularfeaturizer,0.42987932845622306
9,drug_fingerprint_bit_12,0.42864111728063153
9,poly_num_hbond_donors_sidechainfeaturizer_sum,0.41944688266603325
9,drug_molecular_weight_sum_fullmolecularfeaturizer,0.4140697607596473
9,fingerprint_H_bit_113,0.40091412396132753
9,drug_fingerprint_bit_63,0.4002408557558817
9,fingerprint_H_bit_159,0.3986477385137563
9,fingerprint_H_bit_69,0.3851350667093474
9,lumo_eV_H,0.3795872387835225
9,poly_heteroatom_count_sum_backbonefeaturizer,0.37346309068502764
9,fingerprint_H_bit_33,0.3658978599907555
9,drug_fingerprint_bit_50,0.3655950058000563
9,drug_fingerprint_bit_15,0.3632410499444565
9,fingerprint_H_bit_67,0.3611751316329109
9,fingerprint_H_bit_45,0.3600869110067828
9,drug_fingerprint_bit_120,0.3532284442104521
9,drug_lumo_eV,0.3444971837595792
9,drug_bridging_rings_count_sum_fullmolecularfeaturizer,0.3431137236628888
9,drug_fingerprint_bit_11,0.3419389228851132
9,fingerprint_H_bit_251,0.327260628157282
9,drug_fingerprint_bit_189,0.32258902188650146
9,drug_fingerprint_bit_201,0.3095313324658932
9,drug_total_halogens_sum_fullmolecularfeaturizer,0.3002335189533526
9,drug_fingerprint_bit_218,0.298721097625693
9,fingerprint_H_bit_27,0.2960464595569942
9,drug_fingerprint_bit_196,0.2889297036016516
9,drug_fingerprint_bit_249,0.28651176188682037
9,drug_fingerprint_bit_203,0.28631558735413154
9,drug_fingerprint_bit_253,0.28174047570274513
9,drug_fingerprint_bit_160,0.28089878487063974
9,drug_logp,0.2744966673104935
9,drug_fingerprint_bit_206,0.2739512301240312
9,fingerprint_H_bit_13,0.27275570414807193
9,poly_heteroatom_density_sum_fullpolymerfeaturizer,0.27253755764318904
9,drug_fingerprint_bit_18,0.26616864971775206
9,drug_fingerprint_bit_214,0.264241440759109
9,drug_fingerprint_bit_74,0.2607443666223128
9,drug_fingerprint_bit_22,0.2554118040691447
9,drug_fingerprint_bit_128,0.25087375691538133
9,fingerprint_H_bit_58,0.2501040227466762
9,drug_fingerprint_bit_144,0.25001941946517314
9,drug_fingerprint_bit_164,0.2479685156971775
9,drug_chlorine_count_sum_fullmolecularfeaturizer,0.22877031445451299
9,fingerprint_H_bit_162,0.22614373576034538
9,drug_fingerprint_bit_10,0.22442060998588592
9,drug_fingerprint_bit_237,0.22146483633727201
9,drug_fingerprint_bit_71,0.21840819063351374
9,drug_fingerprint_bit_136,0.21801995383096395
9,drug_fraction_bicyclic_rings_sum_fullmolecularfeaturizer,0.2064603909724709
9,drug_fingerprint_bit_177,0.20523919406817054
9,poly_smr_vsa5_sum_backbonefeaturizer,0.2034107746945423
9,drug_fingerprint_bit_105,0.20337526417004947
9,poly_single_bonds_sum_fullpolymerfeaturizer,0.2028679009398016
9,drug_num_hbond_acceptors_sum_fullmolecularfeaturizer,0.19965652089357058
9,drug_fingerprint_bit_140,0.19958072491660234
9,drug_fluorine_count_sum_fullmolecularfeaturizer,0.19953699628164293
9,drug_fingerprint_bit_35,0.1922685558878134
9,drug_fingerprint_bit_44,0.19158847921916392
9,poly_num_rotatable_bonds_sum_fullpolymerfeaturizer,0.17928237038918202
9,drug_fingerprint_bit_46,0.1790074278286136
9,fingerprint_H_bit_70,0.17831371747160546
9,drug_fingerprint_bit_200,0.17777292537454917
9,drug_fingerprint_bit_246,0.17741106439151097
9,fingerprint_H_bit_186,0.17590444441068773
9,drug_fingerprint_bit_119,0.17557200337626103
9,drug_fingerprint_bit_75,0.17504036551264704
9,drug_fingerprint_bit_226,0.17468507615864584
9,drug_fingerprint_bit_97,0.1725646629878232
9,poly_double_bonds_sum_backbonefeaturizer,0.17250208911731127
9,drug_fingerprint_bit_197,0.17121552234495074
9,drug_fingerprint_bit_165,0.17056077740918388
9,drug_fingerprint_bit_161,0.16882464891233603
9,drug_fingerprint_bit_133,0.16791987040865292
9,drug_fingerprint_bit_255,0.16766481852080886
9,drug_fingerprint_bit_73,0.16047294615424312
9,drug_fingerprint_bit_122,0.15785285735339238
9,drug_fingerprint_bit_42,0.1538786226544347
9,drug_fingerprint_bit_181,0.152093353561495
9,poly_num_rotatable_bonds_sidechainfeaturizer_sum,0.15145083309202562
9,drug_fingerprint_bit_145,0.15067933463397368
9,drug_fingerprint_bit_83,0.15032395117854525
9,poly_max_ring_size_sidechainfeaturizer_sum,0.1497711618336684
9,drug_fingerprint_bit_216,0.14887831157654827
9,drug_fingerprint_bit_242,0.1458756003178149
9,drug_fingerprint_bit_130,0.14530711524918985
9,poly_balaban_j_index_sum_fullpolymerfeaturizer,0.14437073152528632
9,drug_sp3_carbon_count_sum_fullmolecularfeaturizer,0.14434652945216792
9,drug_fingerprint_bit_61,0.14276585197806815
9,drug_fingerprint_bit_45,0.14152368450919536
9,poly_double_bonds_sidechainfeaturizer_sum,0.13999827777796728
9,drug_fingerprint_bit_26,0.1394222153439771
9,drug_fingerprint_bit_141,0.13799565539416075
9,drug_fingerprint_bit_77,0.13787748931726135
9,drug_fingerprint_bit_95,0.13770739206723256
9,drug_fingerprint_bit_151,0.13644796190400052
9,drug_fingerprint_bit_212,0.136157829530758
9,drug_fingerprint_bit_224,0.13398202911882645
9,drug_fingerprint_bit_4,0.13335664683319318
9,drug_fingerprint_bit_146,0.13195912346923674
9,drug_fingerprint_bit_202,0.1293575696710188
9,fingerprint_H_bit_138,0.12889688776209354
9,fingerprint_H_bit_52,0.12720382409652806
9,drug_fingerprint_bit_194,0.1260811435461814
9,drug_fingerprint_bit_183,0.12427082847996083
9,drug_fingerprint_bit_106,0.12273810417817546
9,drug_fingerprint_bit_185,0.12150753949031463
9,drug_fingerprint_bit_99,0.12066487400346534
9,fingerprint_H_bit_57,0.11809512178141425
9,drug_fingerprint_bit_240,0.11620844585095094
9,poly_num_rings_sum_fullpolymerfeaturizer,0.11402221859548214
9,fingerprint_H_bit_48,0.11362763135315541
9,drug_fingerprint_bit_84,0.10473872996195907
9,fingerprint_H_bit_89,0.10234118414315173
9,drug_fingerprint_bit_103,0.10228018627238684
9,poly_slogp_vsa1_sidechainfeaturizer_sum,0.10192415263764272
9,drug_fingerprint_bit_126,0.10062089036869493
9,drug_fingerprint_bit_139,0.100326169397007
9,drug_fingerprint_bit_137,0.09844340038781914
9,drug_fingerprint_bit_125,0.0979625149624697
9,drug_num_hbond_donors_sum_fullmolecularfeaturizer,0.09442939195919123
9,fingerprint_H_bit_37,0.09438106428225633
9,drug_fingerprint_bit_49,0.0894136712427149
9,drug_fingerprint_bit_69,0.088418765978878
9,drug_fingerprint_bit_173,0.0882170879551594
9,drug_fingerprint_bit_67,0.08686526507800159
9,drug_fingerprint_bit_76,0.08660365510090383
9,fingerprint_H_bit_212,0.08257237835353096
9,drug_single_bonds_sum_fullmolecularfeaturizer,0.08234681294920135
9,drug_fingerprint_bit_127,0.08164598051963182
9,fingerprint_H_bit_32,0.0798911567449899
9,drug_fingerprint_bit_23,0.07979035378642252
9,drug_fingerprint_bit_41,0.07863486106672604
9,drug_fingerprint_bit_184,0.07645992776041274
9,drug_fingerprint_bit_37,0.07527561675263462
9,drug_fingerprint_bit_39,0.07376808498340368
9,poly_num_non_aromatic_rings_sum_fullpolymerfeaturizer,0.07367656911398632
9,drug_homo_eV,0.07349956633644893
9,drug_fingerprint_bit_213,0.07255577717564361
9,fingerprint_H_bit_128,0.07199296407778868
9,fingerprint_H_bit_18,0.07144317004767631
9,drug_fingerprint_bit_109,0.07042770826078658
9,fingerprint_H_bit_219,0.06997566809858631
9,fingerprint_H_bit_224,0.06875181136337054
9,fingerprint_H_bit_41,0.06855639425047606
9,drug_fingerprint_bit_150,0.06688713248115752
9,drug_fingerprint_bit_116,0.06553009897058219
9,fingerprint_H_bit_143,0.061323979031069016
9,drug_fingerprint_bit_114,0.06125733119134148
9,fingerprint_H_bit_116,0.06045586786622926
9,drug_fingerprint_bit_92,0.05871932495094547
9,drug_fingerprint_bit_101,0.05853871526667942
9,drug_fingerprint_bit_179,0.05697224421353946
9,fingerprint_H_bit_174,0.05572582500512759
9,drug_fingerprint_bit_247,0.05564589189298804
9,drug_fingerprint_bit_1,0.05209165721756217
9,drug_fingerprint_bit_93,0.051460100599326104
9,fingerprint_H_bit_30,0.050558158647259835
9,drug_fingerprint_bit_236,0.047688492000875375
9,drug_fingerprint_bit_57,0.047363646598769085
9,drug_fingerprint_bit_2,0.046904300447537926
9,drug_fingerprint_bit_94,0.04587452760373336
9,drug_fingerprint_bit_171,0.04573872246465654
9,fingerprint_H_bit_134,0.04484722701767411
9,drug_fingerprint_bit_191,0.04452737658770548
9,drug_fingerprint_bit_7,0.044290555003842456
9,drug_fingerprint_bit_229,0.04331592097542491
9,drug_fingerprint_bit_172,0.04281275507975356
9,logp_H,0.04247965704957202
9,fingerprint_H_bit_98,0.04211662324493919
9,drug_fingerprint_bit_132,0.04093432193202805
9,fingerprint_H_bit_63,0.0397567667978795
9,drug_fingerprint_bit_231,0.03816160792056167
9,fingerprint_H_bit_34,0.037773910911508765
9,fingerprint_H_bit_164,0.037688215128707236
9,fingerprint_H_bit_205,0.03656237324303081
9,drug_fingerprint_bit_153,0.03590276881875339
9,fingerprint_H_bit_213,0.035791403736884685
9,drug_fingerprint_bit_199,0.035711916470529556
9,drug_fingerprint_bit_60,0.03504230572184417
9,drug_fingerprint_bit_34,0.03445355283765424
9,drug_fingerprint_bit_31,0.03409376391913754
9,drug_fingerprint_bit_72,0.03390662148878733
9,drug_fingerprint_bit_238,0.03381538926545314
9,drug_fingerprint_bit_210,0.03314179762744613
9,drug_fingerprint_bit_13,0.03230331593036944
9,drug_fingerprint_bit_156,0.03016404036496125
9,drug_fingerprint_bit_180,0.028644505380044132
9,drug_fingerprint_bit_30,0.026838697396306826
9,drug_fingerprint_bit_170,0.02640920839552869
9,drug_fingerprint_bit_227,0.026141664573442896
9,drug_fingerprint_bit_70,0.026135536716298202
9,drug_fingerprint_bit_47,0.026091271725537286
9,fingerprint_H_bit_26,0.025919869539469294
9,drug_fingerprint_bit_159,0.02562896928605806
9,drug_max_estate_index_sum_fullmolecularfeaturizer,0.025269378619868128
9,drug_fingerprint_bit_235,0.024086499910601602
9,drug_fingerprint_bit_28,0.02384447238531224
9,poly_topological_surface_area_sum_fullpolymerfeaturizer,0.022376090401361824
9,drug_fingerprint_bit_43,0.022192176057167716
9,poly_num_aliphatic_heterocycles_sum_backbonefeaturizer,0.02072581065792206
9,drug_num_atoms_sum_fullmolecularfeaturizer,0.02034981097134498
9,poly_max_estate_index_sum_backbonefeaturizer,0.02019649642238643
9,fingerprint_H_bit_158,0.01991623322718786
9,fingerprint_H_bit_114,0.019578441528050668
9,drug_fingerprint_bit_134,0.01937278511959653
9,drug_fingerprint_bit_6,0.01929953326844196
9,drug_fingerprint_bit_239,0.019090141275343663
9,drug_fingerprint_bit_16,0.018834578635094693
9,drug_fingerprint_bit_204,0.018494299230739728
9,drug_fingerprint_bit_62,0.017535766316268703
9,drug_fingerprint_bit_193,0.01718780678065452
9,fingerprint_H_bit_131,0.017053290474002447
9,drug_fingerprint_bit_222,0.015757528545776497
9,drug_fingerprint_bit_52,0.015513076643335967
9,drug_fingerprint_bit_152,0.013783898870570757
9,poly_sp3_carbon_count_sum_fullpolymerfeaturizer,0.013656264298180901
9,drug_fingerprint_bit_90,0.013468507119047362
9,drug_fingerprint_bit_36,0.011829893818758236
9,drug_fingerprint_bit_58,0.011585182443736353
9,fingerprint_H_bit_144,0.011463743031479139
9,fingerprint_H_bit_65,0.011419362037940159
9,drug_fingerprint_bit_66,0.011178433361885596
9,drug_fingerprint_bit_32,0.010690612762754357
9,drug_fingerprint_bit_245,0.010281361253345266
9,drug_fingerprint_bit_208,0.009958435686938173
9,fingerprint_H_bit_183,0.009541029022303091
9,drug_fingerprint_bit_174,0.009482890136976924
9,fingerprint_H_bit_106,0.007011808866691298
9,drug_fingerprint_bit_20,0.006848509111577671
9,fingerprint_H_bit_216,0.006451012076930359
9,drug_fingerprint_bit_14,0.006286619011868181
9,drug_fingerprint_bit_78,0.005567132604056662
9,poly_sp2_carbon_count_sum_fullpolymerfeaturizer,0.0052011799429924855
9,drug_fingerprint_bit_162,0.005193794590534369
9,drug_double_bonds_sum_fullmolecularfeaturizer,0.005143030792768483
9,poly_num_aliphatic_heterocycles_sum_fullpolymerfeaturizer,0.005042807299880293
9,drug_fingerprint_bit_135,0.0039021944694583826
9,drug_fingerprint_bit_252,0.003421233874430688
9,fingerprint_H_bit_46,0.001054758354346545
9,poly_balaban_j_index_sum_backbonefeaturizer,0.0006483975911561547
9,poly_heteroatom_density_sum_backbonefeaturizer,0.0005970718464295342
9,poly_num_non_aromatic_rings_sum_backbonefeaturizer,0.0003215564314217164
9,drug_fingerprint_bit_56,6.607527630456926e-05
9,fingerprint_H_bit_185,3.869070826349146e-05
9,fingerprint_H_bit_62,2.174292492083753e-13
9,fingerprint_H_bit_60,0.0
9,drug_fingerprint_bit_234,0.0
9,drug_fingerprint_bit_232,0.0
9,drug_fingerprint_bit_221,0.0
9,fingerprint_H_bit_59,0.0
9,fingerprint_H_bit_24,0.0
9,fingerprint_H_bit_23,0.0
9,fingerprint_H_bit_8,0.0
9,fingerprint_H_bit_22,0.0
9,fingerprint_H_bit_5,0.0
9,fingerprint_H_bit_4,0.0
9,fingerprint_H_bit_3,0.0
9,fingerprint_H_bit_6,0.0
9,fingerprint_H_bit_246,0.0
9,fingerprint_H_bit_247,0.0
9,fingerprint_H_bit_99,0.0
9,fingerprint_H_bit_14,0.0
9,fingerprint_H_bit_19,0.0
9,fingerprint_H_bit_20,0.0
9,fingerprint_H_bit_16,0.0
9,fingerprint_H_bit_15,0.0
9,fingerprint_H_bit_198,0.0
9,fingerprint_H_bit_199,0.0
9,fingerprint_H_bit_200,0.0
9,fingerprint_H_bit_201,0.0
9,poly_num_aliphatic_heterocycles_sidechainfeaturizer_sum,0.0
9,fingerprint_H_bit_25,0.0
9,fingerprint_H_bit_29,0.0
9,fingerprint_H_bit_194,0.0
9,poly_bridging_rings_count_sum_fullpolymerfeaturizer,0.0
9,poly_triple_bonds_sum_fullpolymerfeaturizer,0.0
9,poly_bromine_count_sum_fullpolymerfeaturizer,0.0
9,fingerprint_H_bit_196,0.0
9,fingerprint_H_bit_172,0.0
9,fingerprint_H_bit_171,0.0
9,poly_num_non_aromatic_rings_sidechainfeaturizer_sum,0.0
9,fingerprint_H_bit_195,0.0
9,fingerprint_H_bit_211,0.0
9,fingerprint_H_bit_210,0.0
9,fingerprint_H_bit_193,0.0
9,fingerprint_H_bit_192,0.0
9,fingerprint_H_bit_191,0.0
9,fingerprint_H_bit_190,0.0
9,fingerprint_H_bit_189,0.0
9,fingerprint_H_bit_188,0.0
9,fingerprint_H_bit_187,0.0
9,poly_iodine_count_sidechainfeaturizer_sum,0.0
9,poly_triple_bonds_sum_backbonefeaturizer,0.0
9,poly_iodine_count_sum_fullpolymerfeaturizer,0.0
9,poly_chlorine_count_sum_fullpolymerfeaturizer,0.0
9,poly_fluorine_count_sum_fullpolymerfeaturizer,0.0
9,poly_total_halogens_sum_fullpolymerfeaturizer,0.0
9,fingerprint_H_bit_215,0.0
9,poly_total_halogens_sum_backbonefeaturizer,0.0
9,poly_fluorine_count_sum_backbonefeaturizer,0.0
9,poly_chlorine_count_sum_backbonefeaturizer,0.0
9,poly_bromine_count_sum_backbonefeaturizer,0.0
9,poly_iodine_count_sum_backbonefeaturizer,0.0
9,drug_fingerprint_bit_215,0.0
9,drug_fingerprint_bit_217,0.0
9,fingerprint_H_bit_184,0.0
9,fingerprint_H_bit_181,0.0
9,fingerprint_H_bit_180,0.0
9,fingerprint_H_bit_179,0.0
9,fingerprint_H_bit_178,0.0
9,fingerprint_H_bit_177,0.0
9,poly_bridging_rings_count_sidechainfeaturizer_sum,0.0
9,poly_triple_bonds_sidechainfeaturizer_sum,0.0
9,drug_fingerprint_bit_157,0.0
9,drug_fingerprint_bit_220,0.0
9,poly_bromine_count_sidechainfeaturizer_sum,0.0
9,poly_fluorine_count_sidechainfeaturizer_sum,0.0
9,poly_chlorine_count_sidechainfeaturizer_sum,0.0
9,poly_total_halogens_sidechainfeaturizer_sum,0.0
9,fingerprint_H_bit_40,0.0
9,fingerprint_H_bit_36,0.0
9,poly_fraction_bicyclic_rings_sum_backbonefeaturizer,0.0
9,fingerprint_H_bit_31,0.0
9,fingerprint_H_bit_21,0.0
9,fingerprint_H_bit_101,0.0
9,fingerprint_H_bit_102,0.0
9,fingerprint_H_bit_243,0.0
9,fingerprint_H_bit_244,0.0
9,fingerprint_H_bit_241,0.0
9,fingerprint_H_bit_17,0.0
9,fingerprint_H_bit_208,0.0
9,fingerprint_H_bit_209,0.0
9,fingerprint_H_bit_254,0.0
9,fingerprint_H_bit_255,0.0
9,fingerprint_H_bit_220,0.0
9,fingerprint_H_bit_221,0.0
9,drug_fingerprint_bit_9,0.0
9,drug_fingerprint_bit_17,0.0
9,fingerprint_H_bit_161,0.0
9,drug_fingerprint_bit_21,0.0
9,fingerprint_H_bit_160,0.0
9,poly_bridging_rings_count_sum_backbonefeaturizer,0.0
9,fingerprint_H_bit_163,0.0
9,fingerprint_H_bit_176,0.0
9,fingerprint_H_bit_173,0.0
9,fingerprint_H_bit_165,0.0
9,fingerprint_H_bit_202,0.0
9,fingerprint_H_bit_77,0.0
9,fingerprint_H_bit_82,0.0
9,fingerprint_H_bit_166,0.0
9,fingerprint_H_bit_75,0.0
9,fingerprint_H_bit_74,0.0
9,fingerprint_H_bit_157,0.0
9,fingerprint_H_bit_76,0.0
9,fingerprint_H_bit_156,0.0
9,fingerprint_H_bit_79,0.0
9,fingerprint_H_bit_168,0.0
9,drug_fingerprint_bit_209,0.0
9,fingerprint_H_bit_170,0.0
9,fingerprint_H_bit_169,0.0
9,poly_fraction_bicyclic_rings_sum_fullpolymerfeaturizer,0.0
9,fingerprint_H_bit_203,0.0
9,drug_fingerprint_bit_87,0.0
9,drug_fingerprint_bit_88,0.0
9,drug_fingerprint_bit_89,0.0
9,fingerprint_H_bit_49,0.0
9,fingerprint_H_bit_148,0.0
9,fingerprint_H_bit_146,0.0
9,fingerprint_H_bit_142,0.0
9,fingerprint_H_bit_149,0.0
9,fingerprint_H_bit_141,0.0
9,fingerprint_H_bit_140,0.0
9,fingerprint_H_bit_129,0.0
9,fingerprint_H_bit_127,0.0
9,fingerprint_H_bit_126,0.0
9,fingerprint_H_bit_124,0.0
9,fingerprint_H_bit_122,0.0
9,fingerprint_H_bit_150,0.0
9,drug_fingerprint_bit_98,0.0
9,fingerprint_H_bit_73,0.0
9,fingerprint_H_bit_71,0.0
9,fingerprint_H_bit_72,0.0
9,drug_fingerprint_bit_195,0.0
9,drug_fingerprint_bit_190,0.0
9,fingerprint_H_bit_51,0.0
9,drug_fingerprint_bit_198,0.0
9,fingerprint_H_bit_135,0.0
9,drug_fingerprint_bit_54,0.0
9,drug_fingerprint_bit_51,0.0
9,fingerprint_H_bit_50,0.0
9,fingerprint_H_bit_83,0.0
9,fingerprint_H_bit_35,0.0
9,poly_fraction_bicyclic_rings_sidechainfeaturizer_sum,0.0
9,fingerprint_H_bit_206,0.0
9,drug_fingerprint_bit_176,0.0
9,fingerprint_H_bit_86,0.0
9,fingerprint_H_bit_87,0.0
9,fingerprint_H_bit_88,0.0
9,fingerprint_H_bit_43,0.0
9,fingerprint_H_bit_44,0.0
9,fingerprint_H_bit_47,0.0
9,drug_fingerprint_bit_68,0.0
9,fingerprint_H_bit_110,0.0
9,fingerprint_H_bit_109,0.0
9,fingerprint_H_bit_153,0.0
9,fingerprint_H_bit_154,0.0
9,fingerprint_H_bit_132,0.0
9,fingerprint_H_bit_115,0.0
9,fingerprint_H_bit_111,0.0
9,fingerprint_H_bit_152,0.0
9,drug_fingerprint_bit_112,0.0
9,drug_fingerprint_bit_102,0.0
9,fingerprint_H_bit_137,0.0
9,fingerprint_H_bit_136,0.0
9,fingerprint_H_bit_96,0.0
9,fingerprint_H_bit_95,0.0
9,fingerprint_H_bit_94,0.0
9,fingerprint_H_bit_240,0.0
9,fingerprint_H_bit_0,0.0
9,drug_fingerprint_bit_254,0.0
9,fingerprint_H_bit_108,0.0
9,fingerprint_H_bit_107,0.0
9,fingerprint_H_bit_105,0.0
9,fingerprint_H_bit_104,0.0
9,fingerprint_H_bit_103,0.0
9,drug_fingerprint_bit_123,0.0
9,fingerprint_H_bit_230,0.0
9,fingerprint_H_bit_231,0.0
9,fingerprint_H_bit_234,0.0
9,fingerprint_H_bit_235,0.0
9,fingerprint_H_bit_238,0.0
9,fingerprint_H_bit_239,0.0
9,fingerprint_H_bit_225,0.0
9,fingerprint_H_bit_229,0.0
9,fingerprint_H_bit_92,0.0
9,fingerprint_H_bit_93,0.0
9,fingerprint_H_bit_223,0.0
9,fingerprint_H_bit_91,0.0
9,fingerprint_H_bit_55,0.0
9,fingerprint_H_bit_248,0.0
9,fingerprint_H_bit_97,0.0
9,fingerprint_H_bit_228,0.0
9,fingerprint_H_bit_117,0.0
9,drug_fingerprint_bit_166,0.0
9,fingerprint_H_bit_90,0.0
9,fingerprint_H_bit_12,0.0
9,drug_triple_bonds_sum_fullmolecularfeaturizer,0.0
9,fingerprint_H_bit_9,0.0
9,drug_iodine_count_sum_fullmolecularfeaturizer,0.0
9,fingerprint_H_bit_10,0.0
9,drug_bromine_count_sum_fullmolecularfeaturizer,0.0
9,drug_fingerprint_bit_244,0.0
9,fingerprint_H_bit_2,0.0
9,fingerprint_H_bit_253,0.0
9,fingerprint_H_bit_252,0.0
9,fingerprint_H_bit_250,0.0
9,fingerprint_H_bit_249,0.0
9,fingerprint_H_bit_11,0.0
9,fingerprint_H_bit_242,-3.336469944770215e-08
9,fingerprint_H_bit_121,-7.854960430329707e-05
9,drug_fingerprint_bit_250,-0.0005861804559963811
9,drug_fingerprint_bit_121,-0.002781295192464125
9,drug_fingerprint_bit_19,-0.0048333415399365465
9,drug_fingerprint_bit_82,-0.007059931856552658
9,drug_fingerprint_bit_211,-0.007446969258020658
9,drug_fingerprint_bit_118,-0.00852334472866768
9,drug_fingerprint_bit_59,-0.009541802534183717
9,drug_fingerprint_bit_154,-0.009721202180867144
9,drug_fingerprint_bit_169,-0.010734908778685267
9,drug_fingerprint_bit_131,-0.011482775775879459
9,drug_fingerprint_bit_3,-0.01220323831879869
9,drug_fingerprint_bit_38,-0.012400780622833627
9,drug_fingerprint_bit_187,-0.013934298769026536
9,drug_fingerprint_bit_149,-0.014357562289664644
9,drug_fingerprint_bit_85,-0.015175386299892572
9,drug_fingerprint_bit_65,-0.01547166220737549
9,drug_fingerprint_bit_79,-0.01617612772084597
9,drug_fingerprint_bit_219,-0.01639637646272005
9,fingerprint_H_bit_64,-0.017232838347754163
9,poly_num_hbond_acceptors_sum_fullpolymerfeaturizer,-0.017841885022086203
9,drug_fingerprint_bit_241,-0.01827702551179422
9,drug_fingerprint_bit_80,-0.02053047659852805
9,drug_num_aliphatic_heterocycles_sum_fullmolecularfeaturizer,-0.024548057905913506
9,drug_num_non_aromatic_rings_sum_fullmolecularfeaturizer,-0.02535694049918077
9,drug_fingerprint_bit_29,-0.025788000867448306
9,drug_fingerprint_bit_25,-0.026784092197379976
9,poly_single_bonds_sidechainfeaturizer_sum,-0.026944283760946035
9,poly_num_hbond_donors_sum_fullpolymerfeaturizer,-0.028312204595117945
9,drug_fingerprint_bit_53,-0.02855604416508762
9,drug_fingerprint_bit_55,-0.029826220455817214
9,drug_fingerprint_bit_96,-0.029883194307537244
9,drug_fingerprint_bit_86,-0.029949956596947856
9,drug_fingerprint_bit_178,-0.030782529481877336
9,drug_fingerprint_bit_27,-0.03123391994872412
9,drug_fingerprint_bit_248,-0.031911035791551086
9,poly_num_rings_sum_backbonefeaturizer,-0.032066207219967995
9,drug_fingerprint_bit_251,-0.03578238027225966
9,fingerprint_H_bit_61,-0.04051845963060842
9,poly_num_atoms_sum_fullpolymerfeaturizer,-0.04349831110064621
9,drug_fingerprint_bit_129,-0.04408093723772212
9,drug_fingerprint_bit_225,-0.04670367641583859
9,drug_fingerprint_bit_5,-0.0471487677819976
9,fingerprint_H_bit_54,-0.04735275309160871
9,drug_fingerprint_bit_48,-0.04836532492102092
9,drug_fingerprint_bit_124,-0.049644670199845094
9,fingerprint_H_bit_133,-0.050616489081619025
9,poly_molecular_weight_sum_fullpolymerfeaturizer,-0.052205898102843706
9,fingerprint_H_bit_226,-0.059831539229478814
9,drug_fingerprint_bit_148,-0.061158836167817095
9,drug_fingerprint_bit_8,-0.06392107819700073
9,drug_logd_at_WATER_PH,-0.06506844232853314
9,fingerprint_H_bit_123,-0.0658384497717681
9,drug_fingerprint_bit_182,-0.07329203797810546
9,drug_fingerprint_bit_104,-0.09083702322487901
9,drug_fingerprint_bit_192,-0.09298253559243388
9,fingerprint_H_bit_80,-0.09416847528681105
9,drug_fingerprint_bit_40,-0.09955583939953846
9,fingerprint_H_bit_218,-0.10819455661471021
9,poly_smr_vsa5_sum_fullpolymerfeaturizer,-0.11012120970415887
9,drug_smr_vsa5_sum_fullmolecularfeaturizer,-0.11227385442506936
9,drug_fingerprint_bit_143,-0.1145178524514113
9,drug_fingerprint_bit_223,-0.12084918666013016
9,fingerprint_H_bit_7,-0.13103921757615372
9,drug_fingerprint_bit_113,-0.13672032180419302
9,fingerprint_H_bit_39,-0.15133534323949543
9,fingerprint_H_bit_38,-0.1587474579053126
9,fingerprint_H_bit_207,-0.16000493466712212
9,drug_fingerprint_bit_168,-0.1612557660915938
9,drug_fingerprint_bit_228,-0.1730066210292172
9,drug_fingerprint_bit_243,-0.17429411714865342
9,fingerprint_H_bit_118,-0.20985765310588622
9,fingerprint_H_bit_175,-0.21176141992480216
9,drug_fingerprint_bit_207,-0.2336741841907182
9,drug_fingerprint_bit_230,-0.253949152130417
9,poly_heteroatom_count_sum_fullpolymerfeaturizer,-0.2622796173846302
9,poly_num_atoms_sum_backbonefeaturizer,-0.2835623498291518
9,drug_fingerprint_bit_158,-0.2842871127105479
9,drug_slogp_vsa1_sum_fullmolecularfeaturizer,-0.32802018805593797
9,fingerprint_H_bit_42,-0.34612435571653816
9,drug_fingerprint_bit_0,-0.3482347116017265
9,drug_fingerprint_bit_233,-0.37419395977710274
9,WATER_PH,-0.39315833089846874
9,drug_heteroatom_density_sum_fullmolecularfeaturizer,-0.39449845470042477
9,drug_fingerprint_bit_81,-0.39936033042565267
9,fingerprint_H_bit_120,-0.4034546342165313
9,drug_max_ring_size_sum_fullmolecularfeaturizer,-0.46254505438220256
9,drug_fingerprint_bit_167,-0.4930002452675349
9,drug_fingerprint_bit_163,-0.494336327018858
9,drug_fingerprint_bit_186,-0.4977300596168727
9,fingerprint_H_bit_167,-0.5693307365774551
9,drug_fingerprint_bit_107,-0.7409925113285075
9,drug_fingerprint_bit_117,-1.191883272980023
9,CONCENTRATION,-1.889295909494271
9,drug_fingerprint_bit_100,-2.450589610764788
9,fingerprint_H_bit_233,-3.5848491878510775
9,drug_fingerprint_bit_205,-3.60582139857686
9,fingerprint_H_bit_66,-5.504844795781572
9,fingerprint_H_bit_112,-6.598201611413898
10,fingerprint_H_bit_130,3.523420099925727
10,drug_fingerprint_bit_111,2.9768375828354556
10,poly_heteroatom_density_sidechainfeaturizer_sum,2.768923641748446
10,drug_fingerprint_bit_138,2.556949133106131
10,fingerprint_H_bit_155,2.5147118975409377
10,fingerprint_H_bit_218,2.4850014132422795
10,fingerprint_H_bit_214,2.1437912401569865
10,poly_sp2_carbon_count_sidechainfeaturizer_sum,2.1357600227827946
10,drug_num_rotatable_bonds_sum_fullmolecularfeaturizer,1.91082375414635
10,poly_num_hbond_acceptors_sum_backbonefeaturizer,1.8479048169692553
10,poly_num_rings_sum_backbonefeaturizer,1.7913207211211717
10,poly_max_estate_index_sidechainfeaturizer_sum,1.77158715498669
10,drug_fingerprint_bit_64,1.7621386429780779
10,fingerprint_H_bit_222,1.604011993776426
10,poly_topological_surface_area_sum_backbonefeaturizer,1.5647025095329308
10,fingerprint_H_bit_1,1.541664249209019
10,fingerprint_H_bit_38,1.5299144282272863
10,fingerprint_H_bit_41,1.527050833810898
10,drug_fingerprint_bit_91,1.4671556805104466
10,poly_molecular_weight_sum_backbonefeaturizer,1.4479204858359598
10,drug_charge_at_WATER_PH,1.4463188781164862
10,fingerprint_H_bit_81,1.4293478865130234
10,fingerprint_H_bit_213,1.3493432193467372
10,fingerprint_H_bit_100,1.341908606964651
10,fingerprint_H_bit_145,1.2787935547066331
10,fingerprint_H_bit_28,1.2724272621945052
10,poly_num_atoms_sidechainfeaturizer_sum,1.2086316480866635
10,fingerprint_H_bit_113,1.2010808493500167
10,fingerprint_H_bit_118,1.179997516655843
10,fingerprint_H_bit_133,1.1562407162389081
10,fingerprint_H_bit_236,1.112689960633187
10,fingerprint_H_bit_58,1.068725294235305
10,fingerprint_H_bit_139,1.051318463143542
10,drug_sp2_carbon_count_sum_fullmolecularfeaturizer,1.04551869528878
10,fingerprint_H_bit_56,1.0416218399740707
10,drug_fingerprint_bit_147,1.0360454630278004
10,poly_max_ring_size_sum_backbonefeaturizer,0.9896664178197158
10,poly_fp_density_morgan1_sidechainfeaturizer_sum,0.9468186126049963
10,fingerprint_H_bit_151,0.9369207126154118
10,drug_num_aromatic_rings_sum_fullmolecularfeaturizer,0.9164821520481509
10,fingerprint_H_bit_85,0.8642659936438656
10,fingerprint_H_bit_197,0.8173915874775239
10,drug_balaban_j_index_sum_fullmolecularfeaturizer,0.8135867914292233
10,fingerprint_H_bit_167,0.8110284877727791
10,drug_fingerprint_bit_188,0.8050420926020678
10,fingerprint_H_bit_232,0.7908036512604502
10,poly_fp_density_morgan1_sum_backbonefeaturizer,0.789008202234048
10,drug_fingerprint_bit_133,0.7879957134139998
10,poly_smr_vsa5_sum_backbonefeaturizer,0.7879537269768456
10,fingerprint_H_bit_245,0.7386392377821558
10,poly_balaban_j_index_sidechainfeaturizer_sum,0.7222773347311192
10,drug_num_rings_sum_fullmolecularfeaturizer,0.7198238874194598
10,poly_max_ring_size_sum_fullpolymerfeaturizer,0.7146393426569964
10,poly_topological_surface_area_sidechainfeaturizer_sum,0.7005545089537291
10,poly_num_rotatable_bonds_sum_backbonefeaturizer,0.6521579664287241
10,fingerprint_H_bit_33,0.6378641804136495
10,fingerprint_H_bit_78,0.6318675547460307
10,fingerprint_H_bit_204,0.6196581959199053
10,drug_fingerprint_bit_160,0.611592100244202
10,fingerprint_H_bit_217,0.5856047964965485
10,drug_fingerprint_bit_214,0.5798986983019462
10,poly_double_bonds_sum_fullpolymerfeaturizer,0.5700070922812368
10,logd_at_WATER_PH_H,0.5637668512312898
10,logp_H,0.5553544283317927
10,poly_smr_vsa5_sidechainfeaturizer_sum,0.549417089255355
10,drug_fingerprint_bit_164,0.5406575426553989
10,poly_num_rings_sidechainfeaturizer_sum,0.5399862175680726
10,poly_sp2_carbon_count_sum_backbonefeaturizer,0.515618104126198
10,drug_fingerprint_bit_110,0.506174883323849
10,poly_balaban_j_index_sum_fullpolymerfeaturizer,0.5057078648039599
10,poly_sp3_carbon_count_sidechainfeaturizer_sum,0.4929087449726935
10,poly_slogp_vsa1_sum_fullpolymerfeaturizer,0.4878608739870566
10,drug_num_hbond_acceptors_sum_fullmolecularfeaturizer,0.4847476040244372
10,poly_sp3_carbon_count_sum_backbonefeaturizer,0.48391430094015614
10,poly_fp_density_morgan1_sum_fullpolymerfeaturizer,0.47654118040438737
10,poly_num_aromatic_rings_sidechainfeaturizer_sum,0.47197719073665567
10,fingerprint_H_bit_53,0.4614107689513919
10,poly_heteroatom_count_sidechainfeaturizer_sum,0.460979921564368
10,poly_num_aromatic_rings_sum_fullpolymerfeaturizer,0.4402480133692667
10,drug_fingerprint_bit_73,0.43975306928853103
10,drug_fingerprint_bit_180,0.4305530721535163
10,fingerprint_H_bit_45,0.42013399705418025
10,drug_fingerprint_bit_128,0.41179024625077776
10,poly_num_rings_sum_fullpolymerfeaturizer,0.4008984258262784
10,poly_heteroatom_density_sum_fullpolymerfeaturizer,0.39701974919466915
10,drug_num_hbond_donors_sum_fullmolecularfeaturizer,0.3891579253121744
10,poly_single_bonds_sum_backbonefeaturizer,0.38777250842777217
10,drug_fingerprint_bit_201,0.38508626919253
10,drug_fingerprint_bit_33,0.3752954540278734
10,fingerprint_H_bit_128,0.36955167623206353
10,fingerprint_H_bit_251,0.3687606824390012
10,drug_fingerprint_bit_146,0.36627385765121956
10,poly_num_hbond_donors_sum_backbonefeaturizer,0.36399020297583773
10,fingerprint_H_bit_84,0.3578087514929438
10,poly_num_rotatable_bonds_sidechainfeaturizer_sum,0.3494517965789642
10,fingerprint_H_bit_54,0.3456300122559154
10,drug_fingerprint_bit_249,0.3415298344281069
10,drug_fingerprint_bit_63,0.3383779643196709
10,poly_sp3_carbon_count_sum_fullpolymerfeaturizer,0.33832783251342297
10,poly_num_hbond_donors_sidechainfeaturizer_sum,0.33625991412816714
10,drug_fingerprint_bit_126,0.3344460477932554
10,drug_fingerprint_bit_165,0.3244117895074506
10,drug_fingerprint_bit_45,0.3239447628171819
10,fingerprint_H_bit_70,0.3191535084066765
10,fingerprint_H_bit_27,0.3103917754818852
10,poly_single_bonds_sidechainfeaturizer_sum,0.30576841502157376
10,drug_fingerprint_bit_22,0.30071015528041845
10,drug_fingerprint_bit_151,0.29937359749462217
10,drug_logd_at_WATER_PH,0.29696123198504953
10,drug_logp,0.2919701706500315
10,drug_fingerprint_bit_24,0.28944700016673686
10,drug_fingerprint_bit_175,0.2877207072759719
10,drug_fingerprint_bit_141,0.2754271936171884
10,drug_fingerprint_bit_26,0.27261266977570225
10,poly_heteroatom_density_sum_backbonefeaturizer,0.27222712035070146
10,drug_bridging_rings_count_sum_fullmolecularfeaturizer,0.26880513559785524
10,drug_topological_surface_area_sum_fullmolecularfeaturizer,0.2662198171560793
10,drug_fingerprint_bit_159,0.2619620286854094
10,drug_fingerprint_bit_120,0.25749785022270444
10,drug_fingerprint_bit_50,0.24614538586808918
10,drug_fingerprint_bit_189,0.23739476833595066
10,drug_fingerprint_bit_196,0.2358306364467587
10,drug_fingerprint_bit_226,0.2335396559218919
10,drug_fingerprint_bit_203,0.21819208212899235
10,drug_fingerprint_bit_130,0.21358400943883224
10,drug_fingerprint_bit_218,0.21355701283496623
10,drug_fingerprint_bit_95,0.2126382784155161
10,fingerprint_H_bit_237,0.21180716662470717
10,poly_num_hbond_acceptors_sidechainfeaturizer_sum,0.20980202917633642
10,drug_heteroatom_count_sum_fullmolecularfeaturizer,0.2044781123076557
10,poly_smr_vsa5_sum_fullpolymerfeaturizer,0.20425218399994333
10,drug_fingerprint_bit_108,0.19069488508983995
10,drug_fingerprint_bit_75,0.1893538089630688
10,drug_fraction_bicyclic_rings_sum_fullmolecularfeaturizer,0.18914603713719144
10,drug_fingerprint_bit_253,0.18435936785775026
10,drug_fingerprint_bit_246,0.18026595761783293
10,poly_slogp_vsa1_sum_backbonefeaturizer,0.17970430845803595
10,poly_max_ring_size_sidechainfeaturizer_sum,0.17291841843107864
10,drug_fingerprint_bit_71,0.17064648421562628
10,lumo_eV_H,0.16915972815849617
10,drug_fingerprint_bit_115,0.16796653458350003
10,drug_fingerprint_bit_15,0.1639399097921694
10,drug_fingerprint_bit_119,0.16287732413892325
10,drug_fingerprint_bit_184,0.16069543633565977
10,drug_fingerprint_bit_6,0.15992771783466292
10,drug_fingerprint_bit_148,0.15961820840673546
10,drug_fingerprint_bit_142,0.15846167724928076
10,fingerprint_H_bit_89,0.15436334590363643
10,drug_fingerprint_bit_155,0.1543572827330039
10,drug_fingerprint_bit_236,0.15365764512325383
10,drug_fingerprint_bit_237,0.1512026326847438
10,drug_fingerprint_bit_213,0.15094538147891237
10,drug_fingerprint_bit_177,0.1504910829993543
10,drug_fingerprint_bit_136,0.14492637533960995
10,drug_fingerprint_bit_200,0.14464266954784571
10,drug_fingerprint_bit_36,0.1408133496950489
10,drug_fingerprint_bit_185,0.1386665856082203
10,drug_fingerprint_bit_74,0.13815107979202285
10,fingerprint_H_bit_162,0.13687709142266707
10,fingerprint_H_bit_52,0.13369166535579224
10,drug_fingerprint_bit_216,0.13050867968263288
10,fingerprint_H_bit_67,0.12851295855326453
10,drug_fingerprint_bit_145,0.12610880206049102
10,drug_fingerprint_bit_250,0.12555135410813717
10,drug_fingerprint_bit_35,0.12323454005293101
10,drug_fingerprint_bit_181,0.12217830954233652
10,poly_molecular_weight_sidechainfeaturizer_sum,0.12164462778223059
10,fingerprint_H_bit_227,0.12127862962492263
10,drug_fingerprint_bit_116,0.11995072745156746
10,drug_fingerprint_bit_69,0.1178305174536586
10,drug_fingerprint_bit_139,0.11531780568107493
10,drug_fingerprint_bit_4,0.1137588502843606
10,drug_fingerprint_bit_39,0.11271921936450434
10,drug_fingerprint_bit_77,0.11249258060817849
10,drug_single_bonds_sum_fullmolecularfeaturizer,0.1122775216753616
10,fingerprint_H_bit_69,0.11165485872482585
10,drug_fingerprint_bit_122,0.1102799672742358
10,drug_fingerprint_bit_212,0.10848046390161985
10,poly_num_rotatable_bonds_sum_fullpolymerfeaturizer,0.10532976182387659
10,fingerprint_H_bit_147,0.10454944188937879
10,fingerprint_H_bit_119,0.10407272877832893
10,drug_chlorine_count_sum_fullmolecularfeaturizer,0.10390453790097536
10,fingerprint_H_bit_219,0.10339151232928219
10,poly_single_bonds_sum_fullpolymerfeaturizer,0.10326605409180434
10,drug_fingerprint_bit_67,0.09990695932297812
10,drug_fingerprint_bit_150,0.09884164721288244
10,fingerprint_H_bit_182,0.09836663596749816
10,drug_fingerprint_bit_11,0.09760950565562668
10,drug_fingerprint_bit_37,0.0968131819870687
10,poly_double_bonds_sidechainfeaturizer_sum,0.09338458319799195
10,drug_fingerprint_bit_5,0.09333288773275386
10,fingerprint_H_bit_123,0.09288162213193865
10,drug_fingerprint_bit_191,0.09261888678772404
10,drug_fingerprint_bit_202,0.0925163514868669
10,drug_fingerprint_bit_105,0.0916992049920079
10,fingerprint_H_bit_186,0.09140473181583797
10,drug_fingerprint_bit_206,0.0896802084547805
10,drug_fluorine_count_sum_fullmolecularfeaturizer,0.08802849941497862
10,drug_fingerprint_bit_58,0.08766759598967322
10,drug_fingerprint_bit_252,0.08663431737902828
10,drug_fingerprint_bit_72,0.08572285212517469
10,fingerprint_H_bit_37,0.08309749222839154
10,drug_fingerprint_bit_103,0.08052690954237128
10,drug_fingerprint_bit_34,0.07767790036806177
10,drug_fingerprint_bit_57,0.07756100482506063
10,drug_max_estate_index_sum_fullmolecularfeaturizer,0.07591885727279024
10,drug_fingerprint_bit_84,0.07372319645264039
10,drug_fingerprint_bit_46,0.07127644497691926
10,drug_fingerprint_bit_92,0.07014447696035339
10,drug_fingerprint_bit_235,0.07003663010153846
10,drug_fingerprint_bit_28,0.06915748587101829
10,drug_fingerprint_bit_12,0.0689951283069434
10,fingerprint_H_bit_18,0.0685734583226029
10,drug_fingerprint_bit_222,0.06837049577443376
10,drug_fingerprint_bit_76,0.06794288697067208
10,fingerprint_H_bit_13,0.06623132484963536
10,fingerprint_H_bit_66,0.06480668118256526
10,drug_fingerprint_bit_194,0.0644079099460737
10,drug_fingerprint_bit_229,0.062013115939464174
10,drug_fingerprint_bit_172,0.06132905588530747
10,drug_homo_eV,0.06121935732839871
10,drug_fingerprint_bit_83,0.05940444646734612
10,drug_fingerprint_bit_97,0.05812594363705332
10,fingerprint_H_bit_226,0.0579783811277375
10,drug_fingerprint_bit_10,0.05639906492553805
10,drug_fingerprint_bit_170,0.05535078808761424
10,drug_fingerprint_bit_42,0.0552214068111741
10,drug_fingerprint_bit_70,0.054153790243858184
10,drug_fingerprint_bit_81,0.053869163757707304
10,fingerprint_H_bit_30,0.05309657806001443
10,drug_fingerprint_bit_41,0.051977153625189024
10,drug_fingerprint_bit_14,0.05061984985077247
10,drug_fingerprint_bit_242,0.04900668254646588
10,drug_fingerprint_bit_7,0.04881136850121632
10,fingerprint_H_bit_65,0.04880343287039609
10,drug_fingerprint_bit_224,0.04798252243999462
10,drug_fingerprint_bit_27,0.04639428246703582
10,drug_fingerprint_bit_85,0.044470562081209544
10,drug_fingerprint_bit_23,0.04408040320708222
10,drug_fp_density_morgan1_sum_fullmolecularfeaturizer,0.04359614940266315
10,drug_fingerprint_bit_231,0.04355442894225097
10,fingerprint_H_bit_205,0.04324626455933072
10,fingerprint_H_bit_26,0.04213803488555589
10,fingerprint_H_bit_63,0.041379316994021705
10,poly_double_bonds_sum_backbonefeaturizer,0.04136417970965946
10,drug_fingerprint_bit_118,0.041060612191689896
10,drug_fingerprint_bit_104,0.040873432523334516
10,drug_total_halogens_sum_fullmolecularfeaturizer,0.04033110725159528
10,fingerprint_H_bit_224,0.03970298377925955
10,drug_fingerprint_bit_106,0.039229803988929966
10,drug_fingerprint_bit_247,0.03819310195410438
10,fingerprint_H_bit_131,0.03765363362716913
10,poly_num_non_aromatic_rings_sum_fullpolymerfeaturizer,0.03689235311449037
10,drug_fingerprint_bit_93,0.036193513951809045
10,drug_fingerprint_bit_1,0.03521538817518174
10,drug_fingerprint_bit_43,0.03517805125503744
10,drug_fingerprint_bit_245,0.0348871854069728
10,drug_fingerprint_bit_240,0.034121351277731665
10,drug_fingerprint_bit_62,0.03272894618319567
10,drug_fingerprint_bit_239,0.032419852255496436
10,drug_fingerprint_bit_134,0.03213999851677586
10,drug_fingerprint_bit_197,0.03165179576444966
10,drug_fingerprint_bit_114,0.03160949482406298
10,fingerprint_H_bit_61,0.031439478035313044
10,poly_slogp_vsa1_sidechainfeaturizer_sum,0.031153235199573664
10,fingerprint_H_bit_46,0.030108726117277863
10,drug_fingerprint_bit_49,0.02941663298997383
10,drug_fingerprint_bit_153,0.028848871555857032
10,drug_fingerprint_bit_161,0.028801550450955338
10,drug_fingerprint_bit_154,0.027792777405301786
10,drug_fingerprint_bit_30,0.027332011850954765
10,drug_fingerprint_bit_227,0.027306088695117577
10,drug_fingerprint_bit_183,0.02683025313375167
10,drug_fingerprint_bit_223,0.025890210677615783
10,fingerprint_H_bit_216,0.025588563286256725
10,drug_fingerprint_bit_52,0.024879685456682628
10,drug_fingerprint_bit_171,0.024875212266336915
10,fingerprint_H_bit_121,0.02436180207098009
10,drug_fingerprint_bit_18,0.0221023218919791
10,drug_fingerprint_bit_125,0.020775768135059554
10,drug_fingerprint_bit_179,0.020683621861254716
10,drug_fingerprint_bit_31,0.019995152152981262
10,drug_fingerprint_bit_208,0.01962246037372264
10,drug_fingerprint_bit_44,0.01891423339227301
10,drug_fingerprint_bit_78,0.018594227071593843
10,drug_fingerprint_bit_20,0.018503745446667354
10,drug_fingerprint_bit_127,0.018066953497109666
10,drug_fingerprint_bit_47,0.018028764393305814
10,fingerprint_H_bit_98,0.017222718498204708
10,drug_fingerprint_bit_204,0.016092290423006413
10,drug_fingerprint_bit_199,0.01605168215859385
10,fingerprint_H_bit_174,0.01570375193764912
10,drug_fingerprint_bit_60,0.015463150512949029
10,poly_num_aliphatic_heterocycles_sum_backbonefeaturizer,0.015074776584763057
10,fingerprint_H_bit_116,0.015061092657970945
10,drug_fingerprint_bit_169,0.014296539650430306
10,drug_fingerprint_bit_132,0.014231277018289603
10,poly_topological_surface_area_sum_fullpolymerfeaturizer,0.013277727796232918
10,drug_fingerprint_bit_56,0.012568478772513603
10,fingerprint_H_bit_57,0.01185013688036247
10,drug_fingerprint_bit_162,0.01173647184859754
10,drug_fingerprint_bit_211,0.011716754022614007
10,drug_fingerprint_bit_144,0.010937581489177855
10,drug_fingerprint_bit_152,0.010834139788597019
10,fingerprint_H_bit_158,0.010760978242598399
10,fingerprint_H_bit_112,0.009950339476294399
10,drug_fingerprint_bit_101,0.00974345248077441
10,drug_fingerprint_bit_99,0.00917722497877915
10,drug_sp3_carbon_count_sum_fullmolecularfeaturizer,0.007751621835998495
10,drug_fingerprint_bit_19,0.005365551727773324
10,fingerprint_H_bit_233,0.005228335981467491
10,drug_fingerprint_bit_2,0.004629748180048396
10,poly_num_aliphatic_heterocycles_sum_fullpolymerfeaturizer,0.0045348234140500316
10,drug_fingerprint_bit_109,0.004155307173889401
10,fingerprint_H_bit_164,0.004068663742160987
10,drug_fingerprint_bit_173,0.003876764741402143
10,drug_fingerprint_bit_38,0.0038525340155635412
10,drug_fingerprint_bit_135,0.0031888076888006217
10,fingerprint_H_bit_34,0.003112517003904374
10,poly_num_non_aromatic_rings_sum_backbonefeaturizer,0.003017362013668579
10,drug_fingerprint_bit_219,0.002560977845936646
10,fingerprint_H_bit_64,0.0022529515329890956
10,fingerprint_H_bit_144,0.0010034954649866732
10,drug_double_bonds_sum_fullmolecularfeaturizer,0.0007861484661533588
10,fingerprint_H_bit_185,0.0003925142453478403
10,drug_fingerprint_bit_96,0.00032302497707054317
10,fingerprint_H_bit_12,0.0
10,fingerprint_H_bit_11,0.0
10,fingerprint_H_bit_109,0.0
10,fingerprint_H_bit_108,0.0
10,drug_fingerprint_bit_234,0.0
10,fingerprint_H_bit_14,0.0
10,fingerprint_H_bit_110,0.0
10,fingerprint_H_bit_111,0.0
10,fingerprint_H_bit_9,0.0
10,drug_fingerprint_bit_244,0.0
10,fingerprint_H_bit_10,0.0
10,drug_triple_bonds_sum_fullmolecularfeaturizer,0.0
10,poly_fraction_bicyclic_rings_sum_fullpolymerfeaturizer,0.0
10,fingerprint_H_bit_0,0.0
10,fingerprint_H_bit_16,0.0
10,fingerprint_H_bit_17,0.0
10,drug_fingerprint_bit_157,0.0
10,fingerprint_H_bit_102,0.0
10,fingerprint_H_bit_103,0.0
10,fingerprint_H_bit_19,0.0
10,drug_iodine_count_sum_fullmolecularfeaturizer,0.0
10,fingerprint_H_bit_15,0.0
10,fingerprint_H_bit_59,0.0
10,poly_num_aliphatic_heterocycles_sidechainfeaturizer_sum,0.0
10,fingerprint_H_bit_246,0.0
10,fingerprint_H_bit_60,0.0
10,poly_iodine_count_sidechainfeaturizer_sum,0.0
10,poly_triple_bonds_sidechainfeaturizer_sum,0.0
10,poly_bridging_rings_count_sidechainfeaturizer_sum,0.0
10,fingerprint_H_bit_62,0.0
10,fingerprint_H_bit_43,0.0
10,fingerprint_H_bit_44,0.0
10,fingerprint_H_bit_49,0.0
10,fingerprint_H_bit_47,0.0
10,fingerprint_H_bit_50,0.0
10,fingerprint_H_bit_51,0.0
10,fingerprint_H_bit_55,0.0
10,fingerprint_H_bit_247,0.0
10,drug_fingerprint_bit_221,0.0
10,drug_fingerprint_bit_9,0.0
10,fingerprint_H_bit_86,0.0
10,fingerprint_H_bit_87,0.0
10,fingerprint_H_bit_88,0.0
10,fingerprint_H_bit_234,0.0
10,fingerprint_H_bit_235,0.0
10,fingerprint_H_bit_238,0.0
10,fingerprint_H_bit_239,0.0
10,fingerprint_H_bit_240,0.0
10,fingerprint_H_bit_241,0.0
10,fingerprint_H_bit_242,0.0
10,fingerprint_H_bit_243,0.0
10,fingerprint_H_bit_244,0.0
10,drug_fingerprint_bit_209,0.0
10,poly_fraction_bicyclic_rings_sum_backbonefeaturizer,0.0
10,drug_fingerprint_bit_215,0.0
10,drug_fingerprint_bit_217,0.0
10,drug_fingerprint_bit_220,0.0
10,poly_total_halogens_sum_backbonefeaturizer,0.0
10,poly_fluorine_count_sum_backbonefeaturizer,0.0
10,poly_chlorine_count_sum_backbonefeaturizer,0.0
10,poly_bromine_count_sum_backbonefeaturizer,0.0
10,poly_iodine_count_sum_backbonefeaturizer,0.0
10,poly_triple_bonds_sum_backbonefeaturizer,0.0
10,poly_bridging_rings_count_sum_backbonefeaturizer,0.0
10,fingerprint_H_bit_231,0.0
10,fingerprint_H_bit_73,0.0
10,fingerprint_H_bit_74,0.0
10,fingerprint_H_bit_75,0.0
10,fingerprint_H_bit_76,0.0
10,fingerprint_H_bit_77,0.0
10,fingerprint_H_bit_79,0.0
10,fingerprint_H_bit_82,0.0
10,fingerprint_H_bit_83,0.0
10,drug_fingerprint_bit_17,0.0
10,fingerprint_H_bit_99,0.0
10,fingerprint_H_bit_101,0.0
10,drug_fingerprint_bit_195,0.0
10,fingerprint_H_bit_21,0.0
10,fingerprint_H_bit_22,0.0
10,fingerprint_H_bit_23,0.0
10,fingerprint_H_bit_127,0.0
10,fingerprint_H_bit_129,0.0
10,poly_num_non_aromatic_rings_sidechainfeaturizer_sum,0.0
10,poly_fraction_bicyclic_rings_sidechainfeaturizer_sum,0.0
10,fingerprint_H_bit_20,0.0
10,fingerprint_H_bit_149,0.0
10,fingerprint_H_bit_220,0.0
10,fingerprint_H_bit_215,0.0
10,fingerprint_H_bit_211,0.0
10,fingerprint_H_bit_210,0.0
10,fingerprint_H_bit_209,0.0
10,fingerprint_H_bit_208,0.0
10,fingerprint_H_bit_206,0.0
10,drug_fingerprint_bit_21,0.0
10,drug_fingerprint_bit_198,0.0
10,fingerprint_H_bit_223,0.0
10,fingerprint_H_bit_221,0.0
10,fingerprint_H_bit_230,0.0
10,fingerprint_H_bit_198,0.0
10,fingerprint_H_bit_199,0.0
10,fingerprint_H_bit_200,0.0
10,fingerprint_H_bit_228,0.0
10,fingerprint_H_bit_250,0.0
10,fingerprint_H_bit_252,0.0
10,fingerprint_H_bit_254,0.0
10,fingerprint_H_bit_253,0.0
10,fingerprint_H_bit_115,0.0
10,fingerprint_H_bit_117,0.0
10,fingerprint_H_bit_122,0.0
10,fingerprint_H_bit_255,0.0
10,fingerprint_H_bit_124,0.0
10,fingerprint_H_bit_126,0.0
10,fingerprint_H_bit_225,0.0
10,poly_triple_bonds_sum_fullpolymerfeaturizer,0.0
10,poly_bridging_rings_count_sum_fullpolymerfeaturizer,0.0
10,fingerprint_H_bit_248,0.0
10,fingerprint_H_bit_249,0.0
10,fingerprint_H_bit_229,0.0
10,fingerprint_H_bit_187,0.0
10,fingerprint_H_bit_188,0.0
10,fingerprint_H_bit_190,0.0
10,fingerprint_H_bit_189,0.0
10,fingerprint_H_bit_192,0.0
10,fingerprint_H_bit_193,0.0
10,fingerprint_H_bit_194,0.0
10,fingerprint_H_bit_191,0.0
10,fingerprint_H_bit_90,0.0
10,fingerprint_H_bit_91,0.0
10,fingerprint_H_bit_92,0.0
10,fingerprint_H_bit_93,0.0
10,fingerprint_H_bit_94,0.0
10,fingerprint_H_bit_95,0.0
10,fingerprint_H_bit_96,0.0
10,fingerprint_H_bit_195,0.0
10,fingerprint_H_bit_97,0.0
10,fingerprint_H_bit_201,0.0
10,fingerprint_H_bit_203,0.0
10,fingerprint_H_bit_202,0.0
10,fingerprint_H_bit_173,0.0
10,fingerprint_H_bit_176,0.0
10,fingerprint_H_bit_177,0.0
10,drug_fingerprint_bit_68,0.0
10,fingerprint_H_bit_178,0.0
10,fingerprint_H_bit_179,0.0
10,drug_fingerprint_bit_54,0.0
10,drug_fingerprint_bit_51,0.0
10,drug_fingerprint_bit_87,0.0
10,drug_fingerprint_bit_88,0.0
10,drug_fingerprint_bit_89,0.0
10,fingerprint_H_bit_196,0.0
10,fingerprint_H_bit_135,0.0
10,fingerprint_H_bit_132,0.0
10,drug_fingerprint_bit_190,0.0
10,fingerprint_H_bit_184,0.0
10,fingerprint_H_bit_180,0.0
10,fingerprint_H_bit_181,0.0
10,fingerprint_H_bit_25,0.0
10,fingerprint_H_bit_136,0.0
10,fingerprint_H_bit_40,0.0
10,drug_fingerprint_bit_112,0.0
10,drug_fingerprint_bit_98,0.0
10,fingerprint_H_bit_171,0.0
10,fingerprint_H_bit_29,0.0
10,fingerprint_H_bit_31,0.0
10,fingerprint_H_bit_35,0.0
10,drug_fingerprint_bit_102,0.0
10,fingerprint_H_bit_156,0.0
10,fingerprint_H_bit_157,0.0
10,fingerprint_H_bit_160,0.0
10,fingerprint_H_bit_163,0.0
10,fingerprint_H_bit_165,0.0
10,fingerprint_H_bit_166,0.0
10,fingerprint_H_bit_168,0.0
10,fingerprint_H_bit_169,0.0
10,fingerprint_H_bit_170,0.0
10,fingerprint_H_bit_150,0.0
10,fingerprint_H_bit_152,0.0
10,drug_fingerprint_bit_166,0.0
10,fingerprint_H_bit_172,0.0
10,fingerprint_H_bit_153,0.0
10,fingerprint_H_bit_154,0.0
10,fingerprint_H_bit_36,0.0
10,fingerprint_H_bit_141,0.0
10,fingerprint_H_bit_140,0.0
10,fingerprint_H_bit_137,0.0
10,fingerprint_H_bit_104,0.0
10,fingerprint_H_bit_148,0.0
10,fingerprint_H_bit_105,0.0
10,fingerprint_H_bit_146,0.0
10,fingerprint_H_bit_142,0.0
10,fingerprint_H_bit_72,0.0
10,fingerprint_H_bit_71,0.0
10,poly_total_halogens_sidechainfeaturizer_sum,0.0
10,poly_fluorine_count_sidechainfeaturizer_sum,0.0
10,poly_bromine_count_sidechainfeaturizer_sum,0.0
10,poly_chlorine_count_sidechainfeaturizer_sum,0.0
10,drug_fingerprint_bit_176,0.0
10,drug_fingerprint_bit_123,0.0
10,fingerprint_H_bit_107,0.0
10,fingerprint_H_bit_2,0.0
10,fingerprint_H_bit_3,0.0
10,fingerprint_H_bit_4,0.0
10,fingerprint_H_bit_5,0.0
10,fingerprint_H_bit_6,0.0
10,fingerprint_H_bit_8,0.0
10,fingerprint_H_bit_24,0.0
10,drug_fingerprint_bit_254,0.0
10,poly_total_halogens_sum_fullpolymerfeaturizer,0.0
10,poly_fluorine_count_sum_fullpolymerfeaturizer,0.0
10,poly_chlorine_count_sum_fullpolymerfeaturizer,0.0
10,poly_bromine_count_sum_fullpolymerfeaturizer,0.0
10,poly_iodine_count_sum_fullpolymerfeaturizer,0.0
10,drug_fingerprint_bit_232,0.0
10,drug_bromine_count_sum_fullmolecularfeaturizer,0.0
10,fingerprint_H_bit_161,-5.430452912743736e-11
10,drug_fingerprint_bit_13,-0.0025895412406671254
10,drug_fingerprint_bit_16,-0.0026629574069554273
10,drug_fingerprint_bit_210,-0.0035894189574928455
10,fingerprint_H_bit_32,-0.0036891517033760812
10,drug_fingerprint_bit_255,-0.003853498195635709
10,drug_fingerprint_bit_90,-0.004455621046867987
10,drug_fingerprint_bit_113,-0.005229208300933684
10,drug_fingerprint_bit_187,-0.006869313620511598
10,drug_fingerprint_bit_79,-0.0070261820855967065
10,fingerprint_H_bit_134,-0.0077548380890971
10,drug_fingerprint_bit_61,-0.010239596605930561
10,drug_fingerprint_bit_59,-0.01059949838936941
10,drug_fingerprint_bit_32,-0.012301014547858409
10,drug_fingerprint_bit_243,-0.01349663265299539
10,drug_fingerprint_bit_193,-0.013823216029603918
10,drug_fingerprint_bit_82,-0.01457961051692544
10,drug_fingerprint_bit_121,-0.014646114873160984
10,drug_fingerprint_bit_29,-0.014982168686191991
10,drug_fingerprint_bit_241,-0.014987030852763967
10,drug_fingerprint_bit_65,-0.016334876911384744
10,drug_fingerprint_bit_137,-0.016477241330449015
10,drug_fingerprint_bit_3,-0.01671616521417381
10,drug_fingerprint_bit_238,-0.01931335322652015
10,drug_fingerprint_bit_225,-0.02016884960978666
10,fingerprint_H_bit_7,-0.02125413954721852
10,drug_fingerprint_bit_156,-0.022199801505019847
10,drug_fingerprint_bit_149,-0.022621515644870423
10,drug_fingerprint_bit_80,-0.024813716529582145
10,fingerprint_H_bit_48,-0.026288803418706087
10,drug_fingerprint_bit_55,-0.02935169754221221
10,fingerprint_H_bit_143,-0.03464991112410282
10,drug_fingerprint_bit_25,-0.036730838334271446
10,drug_slogp_vsa1_sum_fullmolecularfeaturizer,-0.03678205753571335
10,drug_fingerprint_bit_124,-0.04239934992710296
10,poly_balaban_j_index_sum_backbonefeaturizer,-0.04288046269643169
10,drug_num_non_aromatic_rings_sum_fullmolecularfeaturizer,-0.04675804562014274
10,charge_at_WATER_PH_H,-0.04805608634993314
10,poly_sp2_carbon_count_sum_fullpolymerfeaturizer,-0.05365359718498903
10,drug_fingerprint_bit_86,-0.05542642919849738
10,drug_fingerprint_bit_53,-0.05601959320776189
10,drug_fingerprint_bit_131,-0.057251811180494695
10,drug_fingerprint_bit_94,-0.0576086529421607
10,drug_fingerprint_bit_248,-0.05773641517653284
10,drug_fingerprint_bit_192,-0.06051931141054413
10,drug_fingerprint_bit_178,-0.0669669861096723
10,drug_heteroatom_density_sum_fullmolecularfeaturizer,-0.06848620982835621
10,fingerprint_H_bit_68,-0.07127846006651353
10,drug_fingerprint_bit_48,-0.07336655898721943
10,fingerprint_H_bit_212,-0.0794858468705573
10,poly_num_aromatic_rings_sum_backbonefeaturizer,-0.08424284930098087
10,poly_num_atoms_sum_fullpolymerfeaturizer,-0.0893993608809791
10,drug_smr_vsa5_sum_fullmolecularfeaturizer,-0.08957517301229655
10,drug_fingerprint_bit_182,-0.09704199467785744
10,drug_fingerprint_bit_8,-0.09734976461907466
10,drug_fingerprint_bit_129,-0.100424595280633
10,drug_num_aliphatic_heterocycles_sum_fullmolecularfeaturizer,-0.10239085163568075
10,fingerprint_H_bit_207,-0.10280080266331555
10,fingerprint_H_bit_80,-0.10958308160883483
10,drug_fingerprint_bit_230,-0.13017748202321217
10,drug_fingerprint_bit_40,-0.13050778425589785
10,drug_molecular_weight_sum_fullmolecularfeaturizer,-0.13084771017265737
10,homo_eV_H,-0.1376954152320282
10,drug_fingerprint_bit_251,-0.14860499878671654
10,poly_heteroatom_count_sum_backbonefeaturizer,-0.15522224658957495
10,drug_fingerprint_bit_174,-0.1556962851779469
10,drug_fingerprint_bit_228,-0.15865325093616858
10,poly_num_hbond_acceptors_sum_fullpolymerfeaturizer,-0.16013843308115863
10,drug_fingerprint_bit_143,-0.16777637117322783
10,drug_lumo_eV,-0.16798086734920753
10,fingerprint_H_bit_39,-0.1774988992969477
10,poly_max_estate_index_sum_fullpolymerfeaturizer,-0.18162510882800736
10,drug_fingerprint_bit_168,-0.18866080142530622
10,fingerprint_H_bit_42,-0.19863894799012805
10,poly_molecular_weight_sum_fullpolymerfeaturizer,-0.20277413027137453
10,drug_fingerprint_bit_0,-0.20539532750353842
10,poly_max_estate_index_sum_backbonefeaturizer,-0.21941056452345917
10,drug_num_atoms_sum_fullmolecularfeaturizer,-0.22850642824107384
10,drug_fingerprint_bit_158,-0.24411928775861816
10,drug_fingerprint_bit_140,-0.2802585639313283
10,drug_fingerprint_bit_66,-0.3098159466227722
10,drug_fingerprint_bit_163,-0.3098797146902834
10,drug_fingerprint_bit_107,-0.3210690434621964
10,drug_fingerprint_bit_167,-0.3239929680977222
10,poly_heteroatom_count_sum_fullpolymerfeaturizer,-0.32560083407552526
10,drug_fingerprint_bit_207,-0.33123811814268905
10,fingerprint_H_bit_125,-0.35786031582178535
10,fingerprint_H_bit_120,-0.3716099946494434
10,WATER_PH,-0.371623055548168
10,poly_num_atoms_sum_backbonefeaturizer,-0.38477008781692773
10,drug_fingerprint_bit_233,-0.3860661884178646
10,poly_num_hbond_donors_sum_fullpolymerfeaturizer,-0.3874930035039477
10,fingerprint_H_bit_183,-0.43735859041597347
10,fingerprint_H_bit_138,-0.5197248203056586
10,fingerprint_H_bit_159,-0.5479627289217
10,drug_max_ring_size_sum_fullmolecularfeaturizer,-0.5574546785727804
10,drug_fingerprint_bit_117,-0.5688331285856097
10,fingerprint_H_bit_175,-0.5806667223246968
10,drug_fingerprint_bit_186,-0.6943683518012949
10,CONCENTRATION,-1.571553415082586
10,fingerprint_H_bit_114,-2.1265864568302946
10,drug_fingerprint_bit_100,-2.2003958490294395
10,fingerprint_H_bit_106,-3.5004312960653627
10,drug_fingerprint_bit_205,-5.502315114273066
11,fingerprint_H_bit_177,9.775569580768229
11,fingerprint_H_bit_12,9.732838387109677
11,fingerprint_H_bit_42,7.412631392273823
11,poly_num_rings_sum_backbonefeaturizer,5.457126119321193
11,poly_sp2_carbon_count_sum_fullpolymerfeaturizer,2.5643878317291686
11,fingerprint_H_bit_120,2.4849399350369374
11,poly_fp_density_morgan1_sum_backbonefeaturizer,2.32628286291718
11,poly_max_estate_index_sidechainfeaturizer_sum,2.2743753534153583
11,fingerprint_H_bit_85,2.2617127475543652
11,fingerprint_H_bit_33,2.0824224991362112
11,drug_fingerprint_bit_213,1.8200385888660318
11,fingerprint_H_bit_81,1.7930168935225335
11,drug_fingerprint_bit_111,1.783954192695992
11,poly_heteroatom_density_sidechainfeaturizer_sum,1.6575854230285227
11,poly_max_ring_size_sum_fullpolymerfeaturizer,1.591416158543264
11,drug_sp2_carbon_count_sum_fullmolecularfeaturizer,1.4149582083880452
11,poly_heteroatom_density_sum_backbonefeaturizer,1.3847591051527302
11,drug_fingerprint_bit_91,1.3628745394216264
11,logd_at_WATER_PH_H,1.3038143909523419
11,drug_balaban_j_index_sum_fullmolecularfeaturizer,1.3037666045746268
11,drug_fingerprint_bit_138,1.2838890749926144
11,poly_num_rotatable_bonds_sum_backbonefeaturizer,1.2783791008568224
11,fingerprint_H_bit_214,1.253809994265454
11,fingerprint_H_bit_217,1.232921587185622
11,drug_num_aromatic_rings_sum_fullmolecularfeaturizer,1.2275904338866073
11,poly_sp2_carbon_count_sidechainfeaturizer_sum,1.2193840149757864
11,fingerprint_H_bit_84,1.2101169242823606
11,fingerprint_H_bit_151,1.0329164166044273
11,fingerprint_H_bit_222,1.0268601469689504
11,fingerprint_H_bit_155,0.9828191273134974
11,drug_num_rotatable_bonds_sum_fullmolecularfeaturizer,0.972320878661357
11,drug_fingerprint_bit_214,0.9633413559643571
11,poly_slogp_vsa1_sum_fullpolymerfeaturizer,0.9563615397597196
11,poly_num_aromatic_rings_sum_fullpolymerfeaturizer,0.9284522127446788
11,poly_sp2_carbon_count_sum_backbonefeaturizer,0.9191864470336076
11,logp_H,0.9049237661145012
11,fingerprint_H_bit_237,0.9034123953901815
11,poly_max_ring_size_sum_backbonefeaturizer,0.890609964204799
11,fingerprint_H_bit_232,0.7847116968334055
11,fingerprint_H_bit_53,0.7729362248502376
11,fingerprint_H_bit_48,0.7655817395799487
11,poly_fp_density_morgan1_sidechainfeaturizer_sum,0.7596494961568824
11,poly_slogp_vsa1_sum_backbonefeaturizer,0.7278952455860532
11,poly_balaban_j_index_sum_backbonefeaturizer,0.7183666475357043
11,fingerprint_H_bit_119,0.7015276023765501
11,fingerprint_H_bit_1,0.6913010117925437
11,fingerprint_H_bit_183,0.6795615903622585
11,fingerprint_H_bit_147,0.6788052011248811
11,drug_fp_density_morgan1_sum_fullmolecularfeaturizer,0.657719083435014
11,fingerprint_H_bit_64,0.6577009104192744
11,poly_num_hbond_donors_sum_backbonefeaturizer,0.6546342960128496
11,drug_logd_at_WATER_PH,0.6514256604451251
11,fingerprint_H_bit_236,0.6411526053842097
11,fingerprint_H_bit_139,0.6232819553467966
11,poly_heteroatom_density_sum_fullpolymerfeaturizer,0.5996095599057646
11,fingerprint_H_bit_197,0.5984394529478576
11,poly_num_atoms_sidechainfeaturizer_sum,0.5783409828465951
11,fingerprint_H_bit_113,0.5537758865973289
11,drug_fingerprint_bit_42,0.5413669655690331
11,poly_balaban_j_index_sum_fullpolymerfeaturizer,0.5394414338873205
11,fingerprint_H_bit_204,0.5294184770269793
11,lumo_eV_H,0.5272014977527799
11,fingerprint_H_bit_145,0.5132768233322055
11,fingerprint_H_bit_186,0.5119181509208783
11,drug_fingerprint_bit_201,0.5099484813509146
11,drug_fingerprint_bit_155,0.49639237197879116
11,fingerprint_H_bit_78,0.4855453713481621
11,drug_fingerprint_bit_73,0.4853347007050535
11,poly_num_aromatic_rings_sum_backbonefeaturizer,0.4742640848581839
11,drug_fingerprint_bit_130,0.4736159382569854
11,fingerprint_H_bit_213,0.46095397812227673
11,poly_topological_surface_area_sidechainfeaturizer_sum,0.4601463587595574
11,fingerprint_H_bit_133,0.4474683907620565
11,fingerprint_H_bit_167,0.4451667219277806
11,poly_max_ring_size_sidechainfeaturizer_sum,0.4438947078298909
11,drug_fingerprint_bit_64,0.43817630670844204
11,poly_single_bonds_sidechainfeaturizer_sum,0.4250640130486386
11,fingerprint_H_bit_251,0.4237029421871209
11,drug_num_rings_sum_fullmolecularfeaturizer,0.41534717520661507
11,fingerprint_H_bit_100,0.39726387767455307
11,drug_fingerprint_bit_99,0.39525658734854535
11,drug_fingerprint_bit_175,0.3950316897265028
11,drug_num_hbond_donors_sum_fullmolecularfeaturizer,0.39052404576928934
11,drug_bridging_rings_count_sum_fullmolecularfeaturizer,0.385532356431802
11,drug_fingerprint_bit_250,0.3838949776474871
11,drug_fingerprint_bit_147,0.3804877699576892
11,poly_smr_vsa5_sidechainfeaturizer_sum,0.37840645207172313
11,drug_fingerprint_bit_39,0.3729823586633287
11,drug_fingerprint_bit_160,0.36125679182791576
11,fingerprint_H_bit_118,0.35435787783547523
11,poly_num_hbond_donors_sidechainfeaturizer_sum,0.3505525699083013
11,homo_eV_H,0.3475793020402142
11,drug_fingerprint_bit_120,0.3412634322881157
11,fingerprint_H_bit_128,0.33866130052509913
11,poly_num_rings_sum_fullpolymerfeaturizer,0.33260532401643295
11,fingerprint_H_bit_159,0.32594022044757914
11,drug_charge_at_WATER_PH,0.3257852503144626
11,poly_sp3_carbon_count_sum_backbonefeaturizer,0.32447607942256296
11,drug_fingerprint_bit_12,0.3166874000964436
11,drug_heteroatom_count_sum_fullmolecularfeaturizer,0.3136521388367161
11,poly_smr_vsa5_sum_fullpolymerfeaturizer,0.30589100720722484
11,poly_fp_density_morgan1_sum_fullpolymerfeaturizer,0.29179212407004435
11,drug_fingerprint_bit_33,0.29107174861044693
11,drug_fingerprint_bit_128,0.2902721893886054
11,drug_fingerprint_bit_45,0.289114271647009
11,drug_fingerprint_bit_181,0.28592672344781206
11,poly_num_hbond_acceptors_sidechainfeaturizer_sum,0.2853293226127641
11,drug_topological_surface_area_sum_fullmolecularfeaturizer,0.28415266764362573
11,drug_fingerprint_bit_189,0.28010904228201067
11,drug_fingerprint_bit_136,0.27371056195637034
11,poly_num_aromatic_rings_sidechainfeaturizer_sum,0.2717344269038492
11,drug_fingerprint_bit_180,0.2710654639208777
11,drug_fingerprint_bit_252,0.26426418653294653
11,drug_fingerprint_bit_6,0.2628687448502676
11,drug_fingerprint_bit_165,0.26142258286492476
11,fingerprint_H_bit_121,0.2612185392435604
11,poly_num_rings_sidechainfeaturizer_sum,0.25954953611002207
11,drug_fingerprint_bit_5,0.2593509713648811
11,drug_fingerprint_bit_63,0.25694247038879486
11,drug_fingerprint_bit_249,0.25499321715356954
11,poly_topological_surface_area_sum_backbonefeaturizer,0.2510336313956362
11,drug_fingerprint_bit_164,0.24997921212679594
11,drug_fingerprint_bit_196,0.24722345517101457
11,drug_fingerprint_bit_253,0.23446660901277003
11,drug_num_atoms_sum_fullmolecularfeaturizer,0.23348266144211755
11,fingerprint_H_bit_70,0.23046515289450678
11,drug_fingerprint_bit_226,0.22719348304324538
11,drug_fingerprint_bit_255,0.22448968102023795
11,drug_fingerprint_bit_251,0.22265616021396323
11,fingerprint_H_bit_226,0.21878888180618425
11,fingerprint_H_bit_69,0.21215781456743502
11,drug_fingerprint_bit_242,0.20882835378218814
11,poly_num_rotatable_bonds_sum_fullpolymerfeaturizer,0.20533289789269402
11,drug_fingerprint_bit_36,0.2051841057220873
11,fingerprint_H_bit_58,0.20338568659936623
11,poly_smr_vsa5_sum_backbonefeaturizer,0.20323408223520342
11,drug_fingerprint_bit_10,0.20297698986828477
11,drug_fingerprint_bit_133,0.2021450988137838
11,poly_heteroatom_count_sidechainfeaturizer_sum,0.1932845044018128
11,drug_fingerprint_bit_183,0.19306059715072207
11,drug_fingerprint_bit_218,0.18690827521139797
11,drug_fingerprint_bit_35,0.185165728217332
11,drug_max_estate_index_sum_fullmolecularfeaturizer,0.18222274651631518
11,drug_fingerprint_bit_237,0.18211717931088778
11,drug_fingerprint_bit_108,0.17708625873872577
11,drug_fraction_bicyclic_rings_sum_fullmolecularfeaturizer,0.17405049729001146
11,drug_fingerprint_bit_115,0.17063230429462006
11,drug_fingerprint_bit_110,0.16966744904700473
11,drug_fingerprint_bit_141,0.16847318059598226
11,drug_fingerprint_bit_71,0.16267119614963482
11,drug_fingerprint_bit_184,0.16215077588486815
11,fingerprint_H_bit_56,0.16178620817800424
11,drug_fingerprint_bit_194,0.16074757381948804
11,fingerprint_H_bit_89,0.14432336355958814
11,drug_fingerprint_bit_69,0.13932105902093567
11,drug_fingerprint_bit_151,0.13430186955164983
11,fingerprint_H_bit_27,0.13253319011518264
11,drug_fluorine_count_sum_fullmolecularfeaturizer,0.13198829077371835
11,drug_fingerprint_bit_188,0.13000243932487981
11,fingerprint_H_bit_52,0.12866284112521023
11,drug_homo_eV,0.12710224546812304
11,drug_fingerprint_bit_75,0.12473338942418676
11,drug_fingerprint_bit_84,0.12303612759256324
11,drug_max_ring_size_sum_fullmolecularfeaturizer,0.12291974955697674
11,drug_fingerprint_bit_247,0.1222836811563442
11,drug_fingerprint_bit_50,0.12207855996832469
11,drug_fingerprint_bit_24,0.11882431550983061
11,drug_fingerprint_bit_30,0.11718236138475759
11,fingerprint_H_bit_67,0.11664843650364116
11,drug_fingerprint_bit_197,0.11573385158579208
11,drug_fingerprint_bit_60,0.11443436389375496
11,drug_fingerprint_bit_22,0.11228254081132448
11,drug_fingerprint_bit_18,0.11133628806867245
11,drug_fingerprint_bit_97,0.10493243535916495
11,fingerprint_H_bit_41,0.10227155700367395
11,drug_fingerprint_bit_105,0.10130581502509432
11,poly_slogp_vsa1_sidechainfeaturizer_sum,0.10099420739601177
11,drug_fingerprint_bit_179,0.099067312570309
11,drug_fingerprint_bit_216,0.0958387733903493
11,drug_fingerprint_bit_93,0.09581485792375947
11,poly_num_hbond_donors_sum_fullpolymerfeaturizer,0.09456133169508578
11,drug_fingerprint_bit_245,0.09399367224937186
11,drug_fingerprint_bit_95,0.0929351572535182
11,drug_fingerprint_bit_185,0.09180030118583847
11,drug_molecular_weight_sum_fullmolecularfeaturizer,0.0913463712972288
11,drug_fingerprint_bit_109,0.08951276254182183
11,drug_fingerprint_bit_34,0.08939313458347194
11,drug_fingerprint_bit_200,0.08814147956597093
11,drug_fingerprint_bit_224,0.08759745096727754
11,fingerprint_H_bit_63,0.08634672024076295
11,drug_fingerprint_bit_85,0.08519659436820116
11,drug_fingerprint_bit_114,0.08449669964253902
11,fingerprint_H_bit_37,0.08414122133203247
11,drug_fingerprint_bit_203,0.08410441761415555
11,drug_fingerprint_bit_127,0.0834386640414068
11,drug_smr_vsa5_sum_fullmolecularfeaturizer,0.0830946132960434
11,drug_fingerprint_bit_126,0.08261500406855486
11,drug_fingerprint_bit_44,0.08063825776272314
11,drug_fingerprint_bit_238,0.08044394628049509
11,drug_fingerprint_bit_229,0.07811784060974016
11,drug_fingerprint_bit_150,0.07694210873654168
11,drug_fingerprint_bit_170,0.07659639391806682
11,poly_num_non_aromatic_rings_sum_backbonefeaturizer,0.07548803230600362
11,drug_fingerprint_bit_145,0.07490773757617879
11,drug_fingerprint_bit_161,0.07464905585890327
11,drug_fingerprint_bit_15,0.0742395228051078
11,drug_fingerprint_bit_212,0.07306261194557755
11,drug_fingerprint_bit_4,0.07169106826800684
11,drug_fingerprint_bit_11,0.06974159027562385
11,drug_fingerprint_bit_204,0.06773187717816001
11,fingerprint_H_bit_98,0.0674890156215053
11,drug_fingerprint_bit_132,0.06664838635538739
11,fingerprint_H_bit_162,0.06535539055899205
11,fingerprint_H_bit_216,0.0633904435208241
11,fingerprint_H_bit_227,0.062487107727249094
11,fingerprint_H_bit_245,0.062106038515970595
11,poly_double_bonds_sidechainfeaturizer_sum,0.060501481569326346
11,fingerprint_H_bit_68,0.059692233782318596
11,drug_fingerprint_bit_172,0.05924191625658829
11,drug_fingerprint_bit_77,0.05825216501792696
11,drug_fingerprint_bit_143,0.05765455752693427
11,drug_fingerprint_bit_236,0.0562263928358077
11,poly_molecular_weight_sum_fullpolymerfeaturizer,0.055798977266327335
11,drug_fingerprint_bit_119,0.05547004813665553
11,fingerprint_H_bit_185,0.055325801441656934
11,fingerprint_H_bit_18,0.05519602368521175
11,drug_fingerprint_bit_101,0.054817253523867286
11,drug_fingerprint_bit_26,0.05465768139994441
11,drug_fingerprint_bit_58,0.05416303223607556
11,drug_fingerprint_bit_193,0.054094850185489554
11,fingerprint_H_bit_164,0.05373547543632814
11,drug_fingerprint_bit_41,0.05316384534876243
11,drug_fingerprint_bit_23,0.05215470813266979
11,drug_fingerprint_bit_2,0.04989716477204566
11,drug_fingerprint_bit_246,0.0484721131401863
11,drug_fingerprint_bit_227,0.04842869564377761
11,drug_fingerprint_bit_28,0.046893755061878616
11,drug_fingerprint_bit_1,0.04263379432793069
11,drug_fingerprint_bit_122,0.04141705133645625
11,fingerprint_H_bit_26,0.04118454428422808
11,drug_fingerprint_bit_173,0.04115048740610483
11,fingerprint_H_bit_34,0.0401856928641398
11,drug_single_bonds_sum_fullmolecularfeaturizer,0.03902442144436835
11,drug_fingerprint_bit_16,0.03762827596929476
11,poly_num_non_aromatic_rings_sum_fullpolymerfeaturizer,0.03712020586536937
11,drug_fingerprint_bit_146,0.03677220570175638
11,drug_fingerprint_bit_202,0.03599047257319992
11,drug_fingerprint_bit_152,0.03484361015108173
11,fingerprint_H_bit_112,0.03482700617690276
11,drug_fingerprint_bit_103,0.03477246159540318
11,drug_fingerprint_bit_222,0.034437237698277015
11,drug_fingerprint_bit_74,0.03395157725228156
11,fingerprint_H_bit_205,0.03265848892997198
11,drug_fingerprint_bit_153,0.032405473329629744
11,drug_fingerprint_bit_94,0.032206414152116225
11,fingerprint_H_bit_66,0.028815291585450247
11,fingerprint_H_bit_114,0.02818256038003586
11,drug_fingerprint_bit_206,0.028054579004059783
11,drug_total_halogens_sum_fullmolecularfeaturizer,0.02708786292630096
11,fingerprint_H_bit_233,0.026002524312148747
11,drug_fingerprint_bit_169,0.025041415522653508
11,drug_fingerprint_bit_131,0.023346542436969493
11,drug_fingerprint_bit_174,0.02058263624860046
11,drug_fingerprint_bit_66,0.01989382608477094
11,drug_fingerprint_bit_171,0.01915291624252589
11,fingerprint_H_bit_61,0.016274633577445023
11,drug_fingerprint_bit_135,0.016185380460492955
11,drug_fingerprint_bit_191,0.015927411918610333
11,drug_fingerprint_bit_14,0.01549077841054677
11,drug_fingerprint_bit_56,0.01443335352083121
11,drug_fingerprint_bit_106,0.014251554201898038
11,fingerprint_H_bit_116,0.013587059150480816
11,fingerprint_H_bit_174,0.013560711573656221
11,drug_fingerprint_bit_137,0.013431434420204637
11,drug_fingerprint_bit_116,0.012457101997825
11,drug_fingerprint_bit_177,0.01235217125331586
11,fingerprint_H_bit_212,0.01110777664771967
11,fingerprint_H_bit_143,0.011057543607977274
11,drug_fingerprint_bit_67,0.010546527946278963
11,drug_fingerprint_bit_19,0.009890581545068087
11,fingerprint_H_bit_131,0.00904546163926109
11,fingerprint_H_bit_224,0.008841630589548516
11,fingerprint_H_bit_46,0.00793751578418756
11,drug_double_bonds_sum_fullmolecularfeaturizer,0.007361160129731112
11,fingerprint_H_bit_106,0.00595606060863577
11,fingerprint_H_bit_65,0.005219946820475615
11,drug_fingerprint_bit_134,0.004931888183324652
11,drug_fingerprint_bit_240,0.004811639763662279
11,drug_fingerprint_bit_13,0.004347733207422567
11,drug_fingerprint_bit_80,0.0035515812207001984
11,drug_fingerprint_bit_76,0.003411904973258733
11,drug_fingerprint_bit_70,0.0030508278955195334
11,drug_fingerprint_bit_121,0.0028492706061063982
11,drug_fingerprint_bit_241,0.0019326622044474645
11,drug_fingerprint_bit_32,0.00122286434368262
11,drug_fingerprint_bit_43,0.0008304761434263032
11,drug_fingerprint_bit_235,0.0007622100693694003
11,drug_fingerprint_bit_62,0.0004357661899383073
11,fingerprint_H_bit_22,0.0
11,fingerprint_H_bit_20,0.0
11,fingerprint_H_bit_21,0.0
11,drug_fingerprint_bit_221,0.0
11,fingerprint_H_bit_79,0.0
11,drug_bromine_count_sum_fullmolecularfeaturizer,0.0
11,drug_iodine_count_sum_fullmolecularfeaturizer,0.0
11,fingerprint_H_bit_0,0.0
11,fingerprint_H_bit_2,0.0
11,fingerprint_H_bit_3,0.0
11,drug_fingerprint_bit_220,0.0
11,drug_fingerprint_bit_254,0.0
11,poly_fraction_bicyclic_rings_sum_fullpolymerfeaturizer,0.0
11,fingerprint_H_bit_96,0.0
11,fingerprint_H_bit_97,0.0
11,fingerprint_H_bit_71,0.0
11,poly_triple_bonds_sidechainfeaturizer_sum,0.0
11,poly_bridging_rings_count_sidechainfeaturizer_sum,0.0
11,fingerprint_H_bit_23,0.0
11,poly_bromine_count_sum_fullpolymerfeaturizer,0.0
11,poly_iodine_count_sum_fullpolymerfeaturizer,0.0
11,poly_bridging_rings_count_sum_fullpolymerfeaturizer,0.0
11,poly_triple_bonds_sum_fullpolymerfeaturizer,0.0
11,fingerprint_H_bit_36,0.0
11,fingerprint_H_bit_40,0.0
11,poly_fraction_bicyclic_rings_sidechainfeaturizer_sum,0.0
11,poly_num_non_aromatic_rings_sidechainfeaturizer_sum,0.0
11,poly_total_halogens_sidechainfeaturizer_sum,0.0
11,poly_fluorine_count_sidechainfeaturizer_sum,0.0
11,poly_chlorine_count_sidechainfeaturizer_sum,0.0
11,poly_bromine_count_sidechainfeaturizer_sum,0.0
11,poly_iodine_count_sidechainfeaturizer_sum,0.0
11,drug_fingerprint_bit_209,0.0
11,drug_fingerprint_bit_215,0.0
11,poly_num_aliphatic_heterocycles_sidechainfeaturizer_sum,0.0
11,fingerprint_H_bit_72,0.0
11,fingerprint_H_bit_73,0.0
11,fingerprint_H_bit_74,0.0
11,fingerprint_H_bit_76,0.0
11,fingerprint_H_bit_77,0.0
11,poly_total_halogens_sum_fullpolymerfeaturizer,0.0
11,poly_fluorine_count_sum_fullpolymerfeaturizer,0.0
11,poly_chlorine_count_sum_fullpolymerfeaturizer,0.0
11,fingerprint_H_bit_242,0.0
11,fingerprint_H_bit_243,0.0
11,fingerprint_H_bit_244,0.0
11,poly_total_halogens_sum_backbonefeaturizer,0.0
11,poly_fluorine_count_sum_backbonefeaturizer,0.0
11,poly_chlorine_count_sum_backbonefeaturizer,0.0
11,poly_bromine_count_sum_backbonefeaturizer,0.0
11,drug_fingerprint_bit_217,0.0
11,fingerprint_H_bit_25,0.0
11,fingerprint_H_bit_29,0.0
11,fingerprint_H_bit_35,0.0
11,fingerprint_H_bit_31,0.0
11,poly_triple_bonds_sum_backbonefeaturizer,0.0
11,poly_bridging_rings_count_sum_backbonefeaturizer,0.0
11,fingerprint_H_bit_246,0.0
11,poly_iodine_count_sum_backbonefeaturizer,0.0
11,fingerprint_H_bit_248,0.0
11,fingerprint_H_bit_249,0.0
11,fingerprint_H_bit_250,0.0
11,fingerprint_H_bit_252,0.0
11,fingerprint_H_bit_253,0.0
11,fingerprint_H_bit_254,0.0
11,fingerprint_H_bit_255,0.0
11,fingerprint_H_bit_247,0.0
11,fingerprint_H_bit_225,0.0
11,poly_fraction_bicyclic_rings_sum_backbonefeaturizer,0.0
11,drug_fingerprint_bit_234,0.0
11,fingerprint_H_bit_240,0.0
11,fingerprint_H_bit_241,0.0
11,fingerprint_H_bit_206,0.0
11,fingerprint_H_bit_208,0.0
11,fingerprint_H_bit_209,0.0
11,fingerprint_H_bit_59,0.0
11,fingerprint_H_bit_60,0.0
11,drug_fingerprint_bit_232,0.0
11,drug_fingerprint_bit_244,0.0
11,drug_fingerprint_bit_190,0.0
11,drug_fingerprint_bit_195,0.0
11,drug_fingerprint_bit_198,0.0
11,fingerprint_H_bit_19,0.0
11,fingerprint_H_bit_223,0.0
11,fingerprint_H_bit_189,0.0
11,fingerprint_H_bit_192,0.0
11,fingerprint_H_bit_190,0.0
11,fingerprint_H_bit_194,0.0
11,fingerprint_H_bit_195,0.0
11,fingerprint_H_bit_228,0.0
11,fingerprint_H_bit_193,0.0
11,fingerprint_H_bit_230,0.0
11,fingerprint_H_bit_231,0.0
11,fingerprint_H_bit_234,0.0
11,fingerprint_H_bit_235,0.0
11,fingerprint_H_bit_238,0.0
11,fingerprint_H_bit_239,0.0
11,drug_fingerprint_bit_9,0.0
11,fingerprint_H_bit_229,0.0
11,drug_fingerprint_bit_21,0.0
11,fingerprint_H_bit_171,0.0
11,fingerprint_H_bit_172,0.0
11,fingerprint_H_bit_173,0.0
11,fingerprint_H_bit_176,0.0
11,fingerprint_H_bit_178,0.0
11,fingerprint_H_bit_179,0.0
11,fingerprint_H_bit_180,0.0
11,fingerprint_H_bit_181,0.0
11,fingerprint_H_bit_210,0.0
11,fingerprint_H_bit_211,0.0
11,fingerprint_H_bit_215,0.0
11,fingerprint_H_bit_220,0.0
11,fingerprint_H_bit_221,0.0
11,drug_fingerprint_bit_68,0.0
11,drug_fingerprint_bit_17,0.0
11,fingerprint_H_bit_43,0.0
11,fingerprint_H_bit_44,0.0
11,fingerprint_H_bit_49,0.0
11,fingerprint_H_bit_47,0.0
11,fingerprint_H_bit_51,0.0
11,fingerprint_H_bit_196,0.0
11,fingerprint_H_bit_198,0.0
11,fingerprint_H_bit_50,0.0
11,fingerprint_H_bit_200,0.0
11,fingerprint_H_bit_201,0.0
11,fingerprint_H_bit_202,0.0
11,fingerprint_H_bit_203,0.0
11,drug_fingerprint_bit_51,0.0
11,drug_fingerprint_bit_176,0.0
11,drug_fingerprint_bit_157,0.0
11,fingerprint_H_bit_199,0.0
11,drug_fingerprint_bit_54,0.0
11,fingerprint_H_bit_152,0.0
11,fingerprint_H_bit_154,0.0
11,fingerprint_H_bit_153,0.0
11,fingerprint_H_bit_157,0.0
11,fingerprint_H_bit_160,0.0
11,fingerprint_H_bit_161,0.0
11,fingerprint_H_bit_156,0.0
11,fingerprint_H_bit_163,0.0
11,fingerprint_H_bit_184,0.0
11,fingerprint_H_bit_188,0.0
11,fingerprint_H_bit_187,0.0
11,fingerprint_H_bit_168,0.0
11,drug_fingerprint_bit_166,0.0
11,fingerprint_H_bit_136,0.0
11,fingerprint_H_bit_137,0.0
11,fingerprint_H_bit_140,0.0
11,fingerprint_H_bit_141,0.0
11,fingerprint_H_bit_142,0.0
11,fingerprint_H_bit_146,0.0
11,fingerprint_H_bit_148,0.0
11,fingerprint_H_bit_149,0.0
11,fingerprint_H_bit_115,0.0
11,fingerprint_H_bit_55,0.0
11,fingerprint_H_bit_169,0.0
11,fingerprint_H_bit_170,0.0
11,fingerprint_H_bit_150,0.0
11,drug_fingerprint_bit_98,0.0
11,drug_fingerprint_bit_87,0.0
11,fingerprint_H_bit_122,0.0
11,fingerprint_H_bit_124,0.0
11,fingerprint_H_bit_126,0.0
11,fingerprint_H_bit_129,0.0
11,fingerprint_H_bit_130,0.0
11,fingerprint_H_bit_132,0.0
11,fingerprint_H_bit_99,0.0
11,fingerprint_H_bit_101,0.0
11,fingerprint_H_bit_102,0.0
11,fingerprint_H_bit_165,0.0
11,fingerprint_H_bit_166,0.0
11,fingerprint_H_bit_135,0.0
11,drug_fingerprint_bit_88,0.0
11,drug_fingerprint_bit_89,0.0
11,drug_fingerprint_bit_123,0.0
11,fingerprint_H_bit_103,0.0
11,fingerprint_H_bit_104,0.0
11,fingerprint_H_bit_105,0.0
11,fingerprint_H_bit_107,0.0
11,fingerprint_H_bit_108,0.0
11,fingerprint_H_bit_109,0.0
11,fingerprint_H_bit_110,0.0
11,fingerprint_H_bit_111,0.0
11,fingerprint_H_bit_82,0.0
11,fingerprint_H_bit_83,0.0
11,fingerprint_H_bit_86,0.0
11,fingerprint_H_bit_87,0.0
11,fingerprint_H_bit_117,0.0
11,drug_triple_bonds_sum_fullmolecularfeaturizer,0.0
11,fingerprint_H_bit_88,0.0
11,fingerprint_H_bit_90,0.0
11,fingerprint_H_bit_91,0.0
11,fingerprint_H_bit_92,0.0
11,fingerprint_H_bit_93,0.0
11,fingerprint_H_bit_94,0.0
11,fingerprint_H_bit_95,0.0
11,fingerprint_H_bit_4,0.0
11,fingerprint_H_bit_5,0.0
11,fingerprint_H_bit_6,0.0
11,fingerprint_H_bit_8,0.0
11,drug_fingerprint_bit_102,0.0
11,drug_fingerprint_bit_112,0.0
11,fingerprint_H_bit_24,0.0
11,fingerprint_H_bit_62,0.0
11,fingerprint_H_bit_9,0.0
11,fingerprint_H_bit_10,0.0
11,fingerprint_H_bit_11,0.0
11,fingerprint_H_bit_14,0.0
11,fingerprint_H_bit_15,0.0
11,fingerprint_H_bit_16,0.0
11,fingerprint_H_bit_17,0.0
11,drug_fingerprint_bit_129,-0.0002184853184756966
11,drug_fingerprint_bit_154,-0.0005685376448766956
11,drug_fingerprint_bit_47,-0.0006044716981219286
11,fingerprint_H_bit_30,-0.001609614017082753
11,drug_fingerprint_bit_162,-0.004141475942133115
11,drug_fingerprint_bit_31,-0.004715600397911198
11,drug_fingerprint_bit_78,-0.0059976099673421735
11,fingerprint_H_bit_57,-0.006248292473356684
11,drug_fingerprint_bit_27,-0.008287532118377199
11,fingerprint_H_bit_13,-0.009163220323887564
11,drug_fingerprint_bit_149,-0.009529736235259299
11,drug_fingerprint_bit_231,-0.010163143312753127
11,drug_fingerprint_bit_208,-0.010689139040147686
11,drug_fingerprint_bit_96,-0.010805067145041385
11,drug_fingerprint_bit_124,-0.011453588924588103
11,drug_fingerprint_bit_219,-0.01227319687787863
11,drug_fingerprint_bit_20,-0.015847628466595456
11,drug_fingerprint_bit_82,-0.01629656852128523
11,drug_fingerprint_bit_211,-0.016475646953736996
11,drug_fingerprint_bit_7,-0.01714096500770019
11,drug_fingerprint_bit_79,-0.017215226385925462
11,drug_fingerprint_bit_243,-0.017642282786584824
11,poly_num_hbond_acceptors_sum_fullpolymerfeaturizer,-0.018079106937572753
11,poly_single_bonds_sum_fullpolymerfeaturizer,-0.018257749834767262
11,drug_fingerprint_bit_210,-0.01878525762409446
11,drug_fingerprint_bit_29,-0.0202153521534604
11,drug_fingerprint_bit_25,-0.02098957444297579
11,drug_fingerprint_bit_57,-0.021519487353430615
11,drug_fingerprint_bit_159,-0.022276679686138372
11,drug_fingerprint_bit_90,-0.02349928943685566
11,poly_num_rotatable_bonds_sidechainfeaturizer_sum,-0.023591983909585185
11,drug_lumo_eV,-0.02408436192543509
11,fingerprint_H_bit_80,-0.026640064229980047
11,fingerprint_H_bit_219,-0.028053289455031518
11,drug_fingerprint_bit_192,-0.029251197670713856
11,poly_sp3_carbon_count_sum_fullpolymerfeaturizer,-0.02926120671272422
11,drug_fingerprint_bit_248,-0.030191634164792074
11,drug_fingerprint_bit_187,-0.030400403526798545
11,drug_fingerprint_bit_3,-0.030798192580066497
11,drug_fingerprint_bit_92,-0.031335333442804356
11,drug_fingerprint_bit_59,-0.03142565927438452
11,fingerprint_H_bit_45,-0.033211349461994964
11,drug_fingerprint_bit_199,-0.03646201376460683
11,drug_fingerprint_bit_225,-0.03683950638447488
11,drug_fingerprint_bit_48,-0.03970717798847085
11,drug_fingerprint_bit_65,-0.04090080365572696
11,drug_fingerprint_bit_46,-0.041292699923528416
11,drug_fingerprint_bit_86,-0.041481894817013844
11,drug_fingerprint_bit_0,-0.04181619666095716
11,drug_fingerprint_bit_144,-0.045197929335042124
11,drug_fingerprint_bit_113,-0.04541180253846967
11,drug_fingerprint_bit_55,-0.048771628157579947
11,drug_num_non_aromatic_rings_sum_fullmolecularfeaturizer,-0.049474250300970794
11,drug_fingerprint_bit_223,-0.053664862264822845
11,poly_sp3_carbon_count_sidechainfeaturizer_sum,-0.05418348450332665
11,drug_fingerprint_bit_118,-0.0542630134161303
11,drug_fingerprint_bit_142,-0.055478931758009505
11,drug_fingerprint_bit_53,-0.05619462187108939
11,drug_fingerprint_bit_125,-0.06269450438179268
11,drug_fingerprint_bit_72,-0.06345241117218835
11,drug_fingerprint_bit_178,-0.06419198357632208
11,drug_fingerprint_bit_239,-0.0655286439283562
11,fingerprint_H_bit_207,-0.06655894723017951
11,drug_fingerprint_bit_148,-0.06969476391478169
11,drug_fingerprint_bit_182,-0.07098608112986515
11,fingerprint_H_bit_7,-0.07212290273491907
11,drug_fingerprint_bit_52,-0.07506212148026645
11,drug_num_hbond_acceptors_sum_fullmolecularfeaturizer,-0.07696586866225603
11,poly_topological_surface_area_sum_fullpolymerfeaturizer,-0.08476586525190345
11,drug_fingerprint_bit_158,-0.08511181708502906
11,fingerprint_H_bit_54,-0.08571369268381968
11,poly_num_hbond_acceptors_sum_backbonefeaturizer,-0.08688993156236716
11,fingerprint_H_bit_134,-0.08729919467329715
11,drug_fingerprint_bit_38,-0.08925155509552306
11,drug_fingerprint_bit_83,-0.10813059449004132
11,fingerprint_H_bit_123,-0.10983959378006965
11,drug_fingerprint_bit_156,-0.11097971343626968
11,drug_fingerprint_bit_228,-0.11484247880496315
11,fingerprint_H_bit_218,-0.1429630818554873
11,drug_fingerprint_bit_40,-0.1444541976856474
11,drug_fingerprint_bit_168,-0.15013245444514173
11,drug_fingerprint_bit_61,-0.15507507629982317
11,drug_fingerprint_bit_37,-0.16029852682129114
11,drug_sp3_carbon_count_sum_fullmolecularfeaturizer,-0.16532538315107706
11,drug_chlorine_count_sum_fullmolecularfeaturizer,-0.18262952577182473
11,drug_fingerprint_bit_8,-0.1853571460473782
11,fingerprint_H_bit_38,-0.1936895420620524
11,fingerprint_H_bit_125,-0.2167449162038637
11,drug_fingerprint_bit_167,-0.22870507758160866
11,poly_max_estate_index_sum_fullpolymerfeaturizer,-0.23560115730826167
11,fingerprint_H_bit_39,-0.2368210280244896
11,poly_balaban_j_index_sidechainfeaturizer_sum,-0.24177669624430842
11,poly_max_estate_index_sum_backbonefeaturizer,-0.24185496916130325
11,drug_num_aliphatic_heterocycles_sum_fullmolecularfeaturizer,-0.24820840073859807
11,drug_fingerprint_bit_49,-0.24971679814756223
11,fingerprint_H_bit_32,-0.25355067317011326
11,drug_fingerprint_bit_81,-0.26201425605961065
11,poly_heteroatom_count_sum_fullpolymerfeaturizer,-0.2715032472433921
11,drug_fingerprint_bit_233,-0.2926673603097965
11,drug_fingerprint_bit_230,-0.29424838307716666
11,drug_fingerprint_bit_139,-0.30478721305166473
11,drug_fingerprint_bit_207,-0.3212522116089619
11,drug_fingerprint_bit_186,-0.32311253119475697
11,drug_fingerprint_bit_163,-0.3392585802850117
11,drug_fingerprint_bit_140,-0.3502181148146746
11,fingerprint_H_bit_138,-0.3855757254978868
11,poly_num_atoms_sum_fullpolymerfeaturizer,-0.39300451786845125
11,drug_slogp_vsa1_sum_fullmolecularfeaturizer,-0.4087206890223404
11,charge_at_WATER_PH_H,-0.4137596257617874
11,drug_fingerprint_bit_107,-0.43066254831637396
11,WATER_PH,-0.43973795437777824
11,poly_double_bonds_sum_fullpolymerfeaturizer,-0.4966768736940174
11,fingerprint_H_bit_175,-0.6088117887563606
11,poly_double_bonds_sum_backbonefeaturizer,-0.7706015341397378
11,poly_heteroatom_count_sum_backbonefeaturizer,-0.772783938709266
11,drug_logp,-0.8105844639606558
11,fingerprint_H_bit_28,-0.8576569341891764
11,drug_fingerprint_bit_117,-0.9013897726909103
11,poly_molecular_weight_sidechainfeaturizer_sum,-1.1366167677184256
11,drug_fingerprint_bit_104,-1.2005525551279077
11,drug_heteroatom_density_sum_fullmolecularfeaturizer,-1.2189606210296018
11,poly_single_bonds_sum_backbonefeaturizer,-1.3366054783188626
11,CONCENTRATION,-1.4925637387057171
11,poly_num_atoms_sum_backbonefeaturizer,-1.6758080886961864
11,fingerprint_H_bit_182,-2.074928470224744
11,poly_molecular_weight_sum_backbonefeaturizer,-2.3516983710166928
11,poly_num_aliphatic_heterocycles_sum_backbonefeaturizer,-2.3854566530873695
11,drug_fingerprint_bit_205,-2.3947125157251485
11,fingerprint_H_bit_127,-2.593052750390552
11,poly_num_aliphatic_heterocycles_sum_fullpolymerfeaturizer,-3.0739739374273474
11,fingerprint_H_bit_191,-3.1714354109284026
11,fingerprint_H_bit_144,-3.4419669787605245
11,drug_fingerprint_bit_100,-3.9821495186603464
11,fingerprint_H_bit_75,-5.255673353380574
11,fingerprint_H_bit_158,-6.74090228810826
12,homo_eV_H,5.728675582174458
12,poly_slogp_vsa1_sum_fullpolymerfeaturizer,4.1710374535168
12,poly_num_atoms_sum_backbonefeaturizer,3.588824881021671
12,drug_fingerprint_bit_111,3.2674180296019832
12,drug_charge_at_WATER_PH,3.1473690933640626
12,poly_max_estate_index_sidechainfeaturizer_sum,2.7513456295133154
12,drug_fingerprint_bit_214,2.7425015962481605
12,poly_balaban_j_index_sidechainfeaturizer_sum,2.408920868283153
12,poly_num_rotatable_bonds_sum_backbonefeaturizer,2.317627680001382
12,poly_num_hbond_acceptors_sum_backbonefeaturizer,2.2738407827191445
12,poly_double_bonds_sum_fullpolymerfeaturizer,2.189888119652928
12,poly_heteroatom_density_sidechainfeaturizer_sum,2.111086439832868
12,drug_fingerprint_bit_64,1.9751963048871917
12,poly_topological_surface_area_sum_backbonefeaturizer,1.9447043604977314
12,poly_slogp_vsa1_sum_backbonefeaturizer,1.924591361591784
12,fingerprint_H_bit_147,1.8019449671547292
12,poly_single_bonds_sum_backbonefeaturizer,1.773576441500378
12,poly_fp_density_morgan1_sum_fullpolymerfeaturizer,1.7719046165259418
12,fingerprint_H_bit_1,1.7533875300931363
12,poly_num_aromatic_rings_sum_backbonefeaturizer,1.7529771701239973
12,fingerprint_H_bit_81,1.7235336597383568
12,poly_fp_density_morgan1_sidechainfeaturizer_sum,1.5909019420317205
12,drug_fingerprint_bit_91,1.583851333484014
12,poly_sp2_carbon_count_sidechainfeaturizer_sum,1.5281046201015285
12,drug_fingerprint_bit_138,1.5013646697700251
12,drug_fingerprint_bit_81,1.462054816217958
12,poly_molecular_weight_sidechainfeaturizer_sum,1.4228905899943864
12,fingerprint_H_bit_236,1.4145610897225485
12,fingerprint_H_bit_58,1.3896981650389424
12,fingerprint_H_bit_139,1.230854627318371
12,drug_balaban_j_index_sum_fullmolecularfeaturizer,1.2113596702558944
12,drug_sp2_carbon_count_sum_fullmolecularfeaturizer,1.1807426581401785
12,fingerprint_H_bit_84,1.1474764043618606
12,fingerprint_H_bit_48,1.1445353857621705
12,poly_max_ring_size_sidechainfeaturizer_sum,1.1286806560941323
12,poly_smr_vsa5_sum_backbonefeaturizer,1.080668843989591
12,poly_fp_density_morgan1_sum_backbonefeaturizer,1.0796580177131612
12,poly_heteroatom_count_sidechainfeaturizer_sum,1.0020115606918294
12,fingerprint_H_bit_207,0.9882742604622569
12,fingerprint_H_bit_204,0.9869154599668268
12,drug_num_hbond_donors_sum_fullmolecularfeaturizer,0.9825689136748628
12,fingerprint_H_bit_85,0.9746536715998506
12,drug_fingerprint_bit_95,0.9661207718356959
12,poly_num_rings_sidechainfeaturizer_sum,0.9396637913328021
12,fingerprint_H_bit_182,0.9036982406096957
12,poly_num_hbond_acceptors_sidechainfeaturizer_sum,0.9002045802413638
12,fingerprint_H_bit_118,0.8773382124959352
12,drug_logp,0.8742663701503363
12,fingerprint_H_bit_100,0.8664244439560795
12,drug_num_rotatable_bonds_sum_fullmolecularfeaturizer,0.8525248474567334
12,poly_sp3_carbon_count_sum_backbonefeaturizer,0.8378221632953277
12,fingerprint_H_bit_214,0.8220914803340447
12,drug_fingerprint_bit_159,0.8044135981578036
12,poly_heteroatom_count_sum_backbonefeaturizer,0.7717167369642816
12,poly_sp2_carbon_count_sum_backbonefeaturizer,0.7489745728942092
12,fingerprint_H_bit_113,0.7483849047070048
12,fingerprint_H_bit_78,0.7429577023447422
12,fingerprint_H_bit_222,0.7297171573443689
12,drug_fingerprint_bit_140,0.7132445111707454
12,drug_logd_at_WATER_PH,0.6924795950899723
12,poly_balaban_j_index_sum_fullpolymerfeaturizer,0.6760637890755429
12,fingerprint_H_bit_232,0.6758677803133634
12,fingerprint_H_bit_63,0.6587495218921212
12,fingerprint_H_bit_183,0.6547210210731145
12,drug_fingerprint_bit_141,0.6478664815513312
12,fingerprint_H_bit_237,0.6177495462847477
12,fingerprint_H_bit_41,0.616485041512411
12,fingerprint_H_bit_245,0.5964588339700807
12,drug_num_hbond_acceptors_sum_fullmolecularfeaturizer,0.5811488266532405
12,drug_fingerprint_bit_22,0.5747442202328792
12,poly_num_hbond_donors_sum_backbonefeaturizer,0.5671389575462138
12,poly_topological_surface_area_sidechainfeaturizer_sum,0.5659181921790013
12,fingerprint_H_bit_64,0.5565365773540795
12,drug_fraction_bicyclic_rings_sum_fullmolecularfeaturizer,0.550129622814397
12,drug_fingerprint_bit_160,0.5495741139747695
12,drug_fingerprint_bit_142,0.5477396008180112
12,fingerprint_H_bit_68,0.5374502259474477
12,drug_num_rings_sum_fullmolecularfeaturizer,0.5306863491352842
12,drug_fingerprint_bit_108,0.5258031737475023
12,logd_at_WATER_PH_H,0.5203878425057795
12,fingerprint_H_bit_67,0.5170290201529179
12,drug_max_estate_index_sum_fullmolecularfeaturizer,0.5141660733888969
12,drug_fingerprint_bit_73,0.5091536333220613
12,poly_num_hbond_donors_sidechainfeaturizer_sum,0.5039058940863114
12,drug_fingerprint_bit_125,0.49989340994708437
12,fingerprint_H_bit_175,0.48843965852306265
12,fingerprint_H_bit_213,0.47674586093618737
12,drug_fingerprint_bit_188,0.4727242833069181
12,fingerprint_H_bit_27,0.4544399240167393
12,fingerprint_H_bit_251,0.4499322999521667
12,drug_fingerprint_bit_203,0.4459671621121279
12,drug_fingerprint_bit_11,0.4441313694471319
12,drug_fingerprint_bit_206,0.43864925577778996
12,poly_sp3_carbon_count_sidechainfeaturizer_sum,0.4355399815780235
12,drug_fingerprint_bit_147,0.43115671499116787
12,drug_fingerprint_bit_139,0.42672836728470415
12,drug_fingerprint_bit_99,0.4259496734280817
12,lumo_eV_H,0.4217742682796914
12,drug_fingerprint_bit_213,0.4204157711004212
12,fingerprint_H_bit_217,0.40654655047388805
12,drug_fingerprint_bit_115,0.403679107633491
12,fingerprint_H_bit_145,0.401825276824722
12,drug_fingerprint_bit_189,0.3845698862387451
12,drug_bridging_rings_count_sum_fullmolecularfeaturizer,0.3844188688651321
12,poly_double_bonds_sum_backbonefeaturizer,0.3805834830219416
12,drug_fingerprint_bit_151,0.36806727660418276
12,fingerprint_H_bit_89,0.3635735880801321
12,poly_smr_vsa5_sidechainfeaturizer_sum,0.3569266367307465
12,fingerprint_H_bit_45,0.34878328142106835
12,fingerprint_H_bit_128,0.34590408259481925
12,fingerprint_H_bit_37,0.34450085882195886
12,poly_heteroatom_density_sum_fullpolymerfeaturizer,0.34133067842993586
12,fingerprint_H_bit_70,0.33788391748218327
12,drug_num_aromatic_rings_sum_fullmolecularfeaturizer,0.336804580687808
12,drug_fingerprint_bit_128,0.33287647391749975
12,poly_max_ring_size_sum_backbonefeaturizer,0.33053500044789125
12,drug_fingerprint_bit_226,0.31924347333111047
12,drug_topological_surface_area_sum_fullmolecularfeaturizer,0.3192309567739005
12,drug_fingerprint_bit_242,0.31257505211077297
12,drug_fingerprint_bit_126,0.3074946242698622
12,drug_fingerprint_bit_237,0.3058443883160685
12,drug_fingerprint_bit_63,0.3020983051300608
12,drug_fingerprint_bit_164,0.2983737606388591
12,fingerprint_H_bit_167,0.2974086952540209
12,fingerprint_H_bit_151,0.2908987050715763
12,drug_fingerprint_bit_180,0.2890302996443794
12,poly_num_rotatable_bonds_sidechainfeaturizer_sum,0.28829283154886476
12,drug_fingerprint_bit_39,0.2830143267911113
12,fingerprint_H_bit_218,0.2823121218465607
12,fingerprint_H_bit_155,0.2822372553240769
12,drug_fingerprint_bit_36,0.2811240741299451
12,drug_fingerprint_bit_110,0.27965673515227873
12,poly_num_atoms_sidechainfeaturizer_sum,0.27191736811518635
12,drug_fingerprint_bit_165,0.2710681938032985
12,poly_num_aromatic_rings_sidechainfeaturizer_sum,0.268271688889593
12,drug_fingerprint_bit_250,0.2680214754248273
12,poly_num_aromatic_rings_sum_fullpolymerfeaturizer,0.26716948037149796
12,drug_fingerprint_bit_15,0.265808820555285
12,fingerprint_H_bit_54,0.2610184262352426
12,poly_smr_vsa5_sum_fullpolymerfeaturizer,0.2587587909364512
12,drug_fingerprint_bit_74,0.252877082290251
12,drug_fingerprint_bit_75,0.24461612257271576
12,fingerprint_H_bit_56,0.24349900834321322
12,drug_lumo_eV,0.24231121570530798
12,drug_fp_density_morgan1_sum_fullmolecularfeaturizer,0.24035660291135544
12,drug_fingerprint_bit_177,0.23765085791635862
12,drug_fingerprint_bit_49,0.23720906619889107
12,drug_fingerprint_bit_181,0.23683746434828348
12,drug_fingerprint_bit_24,0.23049572244274294
12,drug_fingerprint_bit_37,0.21214702016824707
12,fingerprint_H_bit_28,0.20907159222014293
12,drug_fingerprint_bit_212,0.20753543653616371
12,drug_fingerprint_bit_97,0.20649073334364645
12,drug_fingerprint_bit_4,0.20150870375373847
12,drug_fingerprint_bit_50,0.20102574288484965
12,drug_fingerprint_bit_200,0.19789245451005094
12,drug_fingerprint_bit_249,0.19613931554214262
12,fingerprint_H_bit_61,0.19442323704189218
12,drug_fingerprint_bit_184,0.19108947312377822
12,fingerprint_H_bit_121,0.18558839730738005
12,drug_fingerprint_bit_105,0.18267692913360215
12,drug_fingerprint_bit_216,0.18232024817209005
12,drug_fluorine_count_sum_fullmolecularfeaturizer,0.18081102670818167
12,drug_num_aliphatic_heterocycles_sum_fullmolecularfeaturizer,0.17704491283120902
12,drug_fingerprint_bit_83,0.17577232628838066
12,drug_fingerprint_bit_120,0.17386116163304863
12,fingerprint_H_bit_133,0.17286901861638118
12,poly_num_rotatable_bonds_sum_fullpolymerfeaturizer,0.17221241605568766
12,drug_heteroatom_density_sum_fullmolecularfeaturizer,0.17133964218296935
12,fingerprint_H_bit_227,0.1679567974484964
12,drug_fingerprint_bit_194,0.16602599115725944
12,drug_fingerprint_bit_246,0.16403209981061567
12,drug_fingerprint_bit_109,0.16328224392847387
12,fingerprint_H_bit_197,0.16327888024920303
12,drug_fingerprint_bit_227,0.1628288973204802
12,drug_fingerprint_bit_69,0.15935739541552674
12,fingerprint_H_bit_226,0.15814565085335802
12,drug_fingerprint_bit_35,0.15007139129643207
12,fingerprint_H_bit_30,0.1451672478920445
12,drug_fingerprint_bit_45,0.14466405832300228
12,drug_fingerprint_bit_201,0.14216426348937955
12,drug_fingerprint_bit_116,0.14043723919596993
12,drug_fingerprint_bit_155,0.1368091535833508
12,drug_fingerprint_bit_42,0.13497553564909126
12,drug_homo_eV,0.13448659051728504
12,drug_fingerprint_bit_127,0.12948253087211165
12,fingerprint_H_bit_13,0.12799580745121938
12,drug_fingerprint_bit_150,0.12705644733735685
12,drug_fingerprint_bit_247,0.1233366923414604
12,drug_fingerprint_bit_170,0.12184570007424692
12,drug_fingerprint_bit_175,0.121756381889307
12,fingerprint_H_bit_33,0.11875507929033542
12,drug_fingerprint_bit_239,0.11772653672884151
12,poly_double_bonds_sidechainfeaturizer_sum,0.11465231398969868
12,drug_fingerprint_bit_144,0.11356894301948915
12,drug_fingerprint_bit_145,0.11282145115086979
12,drug_fingerprint_bit_84,0.11179614153181937
12,drug_fingerprint_bit_28,0.11161620678398967
12,drug_fingerprint_bit_224,0.10865100806089113
12,drug_fingerprint_bit_204,0.10714259319463341
12,drug_fingerprint_bit_236,0.10233106033565596
12,drug_fingerprint_bit_183,0.10179188070039544
12,drug_fingerprint_bit_46,0.09960498407923353
12,drug_fingerprint_bit_133,0.09899234025517514
12,drug_fingerprint_bit_114,0.09828155259162251
12,fingerprint_H_bit_216,0.09547997558694368
12,drug_fingerprint_bit_197,0.09525227232399638
12,drug_fingerprint_bit_148,0.09458501443863254
12,drug_fingerprint_bit_66,0.0911177541782946
12,drug_fingerprint_bit_119,0.09100919477980397
12,poly_sp3_carbon_count_sum_fullpolymerfeaturizer,0.09002953848935294
12,drug_fingerprint_bit_185,0.08927504597666076
12,drug_fingerprint_bit_153,0.08842021454488962
12,drug_fingerprint_bit_253,0.08803994963781803
12,drug_fingerprint_bit_77,0.08368835140356919
12,drug_chlorine_count_sum_fullmolecularfeaturizer,0.08260632804424642
12,poly_heteroatom_density_sum_backbonefeaturizer,0.0822285771132008
12,drug_fingerprint_bit_202,0.08058420400814496
12,drug_fingerprint_bit_169,0.07806035995770752
12,fingerprint_H_bit_162,0.07770789504409777
12,drug_fingerprint_bit_23,0.07529904972505881
12,drug_fingerprint_bit_146,0.07313967456279027
12,drug_fingerprint_bit_101,0.07294857429145843
12,drug_fingerprint_bit_60,0.07057645403766244
12,drug_fingerprint_bit_191,0.06810864597683858
12,drug_fingerprint_bit_82,0.06527636703091014
12,drug_fingerprint_bit_103,0.06484406111695919
12,drug_fingerprint_bit_26,0.06453651159522743
12,fingerprint_H_bit_219,0.0637570103840976
12,fingerprint_H_bit_34,0.06345406178816133
12,drug_fingerprint_bit_187,0.06187340949893053
12,drug_fingerprint_bit_6,0.06175020874700059
12,drug_fingerprint_bit_78,0.061724803101556425
12,drug_fingerprint_bit_7,0.061712813387095215
12,drug_fingerprint_bit_71,0.061133876651993456
12,fingerprint_H_bit_159,0.06110802197817212
12,drug_fingerprint_bit_156,0.060497532938616386
12,drug_fingerprint_bit_41,0.05993346347292032
12,fingerprint_H_bit_123,0.05973272659646122
12,drug_fingerprint_bit_38,0.05963899395178774
12,drug_fingerprint_bit_196,0.05941183522913616
12,drug_fingerprint_bit_27,0.059091528799126644
12,drug_fingerprint_bit_70,0.05870732841062163
12,drug_fingerprint_bit_33,0.058620468859483785
12,fingerprint_H_bit_18,0.058310490681616325
12,drug_fingerprint_bit_85,0.056676858850882014
12,poly_slogp_vsa1_sidechainfeaturizer_sum,0.056456878438310654
12,drug_fingerprint_bit_56,0.05636964696168167
12,drug_fingerprint_bit_94,0.05447243942424372
12,drug_fingerprint_bit_34,0.05285929001235463
12,drug_fingerprint_bit_90,0.052690544516607644
12,drug_fingerprint_bit_76,0.05237837374353179
12,poly_single_bonds_sum_fullpolymerfeaturizer,0.05179168343480006
12,drug_fingerprint_bit_179,0.05146856817452004
12,drug_fingerprint_bit_72,0.05132488245166763
12,drug_fingerprint_bit_92,0.05123790752443484
12,drug_fingerprint_bit_223,0.051030045445320735
12,drug_fingerprint_bit_255,0.04929041404005873
12,drug_fingerprint_bit_2,0.04904834233423766
12,drug_fingerprint_bit_67,0.048843550255118995
12,drug_fingerprint_bit_44,0.048029341292410155
12,drug_fingerprint_bit_18,0.04705941617356461
12,drug_fingerprint_bit_1,0.046301206236417015
12,drug_fingerprint_bit_154,0.04554602146108574
12,fingerprint_H_bit_164,0.0454155767887845
12,drug_fingerprint_bit_32,0.04413568317845558
12,poly_max_ring_size_sum_fullpolymerfeaturizer,0.043449996460186054
12,drug_total_halogens_sum_fullmolecularfeaturizer,0.04285560427184537
12,drug_fingerprint_bit_57,0.04206144668010592
12,drug_fingerprint_bit_132,0.04198074325234587
12,drug_fingerprint_bit_13,0.04076366889815045
12,poly_single_bonds_sidechainfeaturizer_sum,0.0406859133792589
12,fingerprint_H_bit_158,0.0403141828262578
12,drug_fingerprint_bit_96,0.040152464094115305
12,fingerprint_H_bit_143,0.03930411966044476
12,drug_fingerprint_bit_193,0.03633670803610938
12,drug_fingerprint_bit_118,0.03614164920215617
12,fingerprint_H_bit_65,0.03579077284904527
12,drug_fingerprint_bit_245,0.0337797533078418
12,drug_fingerprint_bit_8,0.03371955784283971
12,fingerprint_H_bit_212,0.03363629934145652
12,drug_fingerprint_bit_143,0.03196078635501244
12,drug_fingerprint_bit_16,0.03194620333991824
12,fingerprint_H_bit_119,0.03143771748495226
12,drug_fingerprint_bit_52,0.031231609810057504
12,fingerprint_H_bit_66,0.031215045580245435
12,drug_fingerprint_bit_47,0.030138009833415223
12,fingerprint_H_bit_134,0.029531826634146607
12,fingerprint_H_bit_116,0.02951650999294841
12,fingerprint_H_bit_114,0.028120500755698597
12,fingerprint_H_bit_185,0.02720272137496704
12,drug_fingerprint_bit_136,0.02704376408983735
12,fingerprint_H_bit_174,0.026955314433563145
12,poly_num_non_aromatic_rings_sum_fullpolymerfeaturizer,0.02620576149895448
12,drug_fingerprint_bit_238,0.025518996768524614
12,fingerprint_H_bit_32,0.024356900846280827
12,fingerprint_H_bit_106,0.023117281119074382
12,drug_fingerprint_bit_14,0.021441107835298134
12,poly_num_non_aromatic_rings_sum_backbonefeaturizer,0.020944257409992176
12,fingerprint_H_bit_80,0.019590755808786806
12,fingerprint_H_bit_224,0.018502905402783543
12,drug_fingerprint_bit_152,0.017775089889678127
12,fingerprint_H_bit_205,0.01762584074800397
12,poly_num_aliphatic_heterocycles_sum_fullpolymerfeaturizer,0.017002549491563188
12,poly_max_estate_index_sum_backbonefeaturizer,0.016994997941961625
12,drug_fingerprint_bit_19,0.01619372854219042
12,drug_fingerprint_bit_240,0.0161098322138775
12,drug_fingerprint_bit_30,0.015754793680006558
12,drug_fingerprint_bit_225,0.015623559003400234
12,drug_fingerprint_bit_219,0.015490200108050531
12,drug_fingerprint_bit_171,0.015246932663418897
12,drug_fingerprint_bit_106,0.015126877922968438
12,fingerprint_H_bit_112,0.014445963053563925
12,drug_fingerprint_bit_162,0.014103543288446858
12,drug_fingerprint_bit_93,0.01350042899613091
12,fingerprint_H_bit_233,0.01333532515219302
12,drug_fingerprint_bit_62,0.013094630114227086
12,poly_topological_surface_area_sum_fullpolymerfeaturizer,0.011331300821416599
12,drug_fingerprint_bit_199,0.011275121958260277
12,drug_fingerprint_bit_10,0.009941384150777863
12,drug_fingerprint_bit_31,0.009532296285511612
12,drug_fingerprint_bit_235,0.008849941081654355
12,drug_fingerprint_bit_20,0.008826754374580408
12,fingerprint_H_bit_98,0.008679452919454569
12,drug_fingerprint_bit_135,0.0064234134561235124
12,drug_fingerprint_bit_129,0.006317406791450532
12,drug_fingerprint_bit_229,0.006158010206838724
12,drug_fingerprint_bit_137,0.00495672496830402
12,drug_fingerprint_bit_222,0.004851152798067338
12,drug_fingerprint_bit_59,0.00404573908687226
12,drug_fingerprint_bit_172,0.003660903286939267
12,drug_fingerprint_bit_208,0.0027813376202895724
12,drug_fingerprint_bit_134,0.002647255367655641
12,poly_num_aliphatic_heterocycles_sum_backbonefeaturizer,0.0020950615356631896
12,fingerprint_H_bit_26,0.0014546929638770453
12,fingerprint_H_bit_131,0.0011921854239734797
12,fingerprint_H_bit_144,0.0008316191155427648
12,fingerprint_H_bit_46,0.0003293096457387956
12,fingerprint_H_bit_12,0.0
12,fingerprint_H_bit_14,0.0
12,poly_fluorine_count_sidechainfeaturizer_sum,0.0
12,poly_bridging_rings_count_sum_backbonefeaturizer,0.0
12,fingerprint_H_bit_91,0.0
12,poly_triple_bonds_sum_backbonefeaturizer,0.0
12,poly_iodine_count_sum_backbonefeaturizer,0.0
12,fingerprint_H_bit_10,0.0
12,fingerprint_H_bit_11,0.0
12,fingerprint_H_bit_94,0.0
12,fingerprint_H_bit_93,0.0
12,fingerprint_H_bit_92,0.0
12,fingerprint_H_bit_9,0.0
12,fingerprint_H_bit_90,0.0
12,poly_triple_bonds_sidechainfeaturizer_sum,0.0
12,poly_iodine_count_sidechainfeaturizer_sum,0.0
12,poly_bromine_count_sidechainfeaturizer_sum,0.0
12,poly_chlorine_count_sidechainfeaturizer_sum,0.0
12,drug_fingerprint_bit_234,0.0
12,drug_fingerprint_bit_244,0.0
12,fingerprint_H_bit_20,0.0
12,fingerprint_H_bit_50,0.0
12,fingerprint_H_bit_51,0.0
12,fingerprint_H_bit_176,0.0
12,fingerprint_H_bit_177,0.0
12,fingerprint_H_bit_178,0.0
12,fingerprint_H_bit_179,0.0
12,fingerprint_H_bit_180,0.0
12,fingerprint_H_bit_181,0.0
12,fingerprint_H_bit_184,0.0
12,poly_fraction_bicyclic_rings_sum_backbonefeaturizer,0.0
12,drug_fingerprint_bit_209,0.0
12,fingerprint_H_bit_49,0.0
12,fingerprint_H_bit_43,0.0
12,poly_bridging_rings_count_sidechainfeaturizer_sum,0.0
12,fingerprint_H_bit_47,0.0
12,fingerprint_H_bit_44,0.0
12,fingerprint_H_bit_105,0.0
12,fingerprint_H_bit_104,0.0
12,fingerprint_H_bit_169,0.0
12,fingerprint_H_bit_88,0.0
12,poly_triple_bonds_sum_fullpolymerfeaturizer,0.0
12,poly_iodine_count_sum_fullpolymerfeaturizer,0.0
12,poly_bromine_count_sum_fullpolymerfeaturizer,0.0
12,poly_chlorine_count_sum_fullpolymerfeaturizer,0.0
12,poly_fluorine_count_sum_fullpolymerfeaturizer,0.0
12,fingerprint_H_bit_55,0.0
12,drug_fingerprint_bit_198,0.0
12,fingerprint_H_bit_111,0.0
12,fingerprint_H_bit_110,0.0
12,fingerprint_H_bit_109,0.0
12,fingerprint_H_bit_108,0.0
12,fingerprint_H_bit_107,0.0
12,drug_fingerprint_bit_17,0.0
12,poly_bridging_rings_count_sum_fullpolymerfeaturizer,0.0
12,poly_num_non_aromatic_rings_sidechainfeaturizer_sum,0.0
12,poly_fraction_bicyclic_rings_sidechainfeaturizer_sum,0.0
12,poly_num_aliphatic_heterocycles_sidechainfeaturizer_sum,0.0
12,poly_total_halogens_sidechainfeaturizer_sum,0.0
12,poly_total_halogens_sum_fullpolymerfeaturizer,0.0
12,fingerprint_H_bit_76,0.0
12,fingerprint_H_bit_73,0.0
12,fingerprint_H_bit_74,0.0
12,fingerprint_H_bit_75,0.0
12,fingerprint_H_bit_168,0.0
12,drug_fingerprint_bit_21,0.0
12,drug_fingerprint_bit_9,0.0
12,fingerprint_H_bit_79,0.0
12,fingerprint_H_bit_77,0.0
12,drug_fingerprint_bit_232,0.0
12,fingerprint_H_bit_166,0.0
12,poly_chlorine_count_sum_backbonefeaturizer,0.0
12,poly_bromine_count_sum_backbonefeaturizer,0.0
12,poly_fluorine_count_sum_backbonefeaturizer,0.0
12,poly_total_halogens_sum_backbonefeaturizer,0.0
12,drug_bromine_count_sum_fullmolecularfeaturizer,0.0
12,fingerprint_H_bit_19,0.0
12,fingerprint_H_bit_194,0.0
12,fingerprint_H_bit_195,0.0
12,fingerprint_H_bit_193,0.0
12,drug_fingerprint_bit_157,0.0
12,fingerprint_H_bit_17,0.0
12,fingerprint_H_bit_16,0.0
12,fingerprint_H_bit_15,0.0
12,drug_iodine_count_sum_fullmolecularfeaturizer,0.0
12,drug_fingerprint_bit_54,0.0
12,fingerprint_H_bit_82,0.0
12,fingerprint_H_bit_86,0.0
12,fingerprint_H_bit_83,0.0
12,fingerprint_H_bit_87,0.0
12,fingerprint_H_bit_172,0.0
12,fingerprint_H_bit_171,0.0
12,fingerprint_H_bit_170,0.0
12,drug_fingerprint_bit_215,0.0
12,drug_fingerprint_bit_217,0.0
12,drug_fingerprint_bit_220,0.0
12,fingerprint_H_bit_173,0.0
12,drug_fingerprint_bit_221,0.0
12,fingerprint_H_bit_165,0.0
12,fingerprint_H_bit_101,0.0
12,fingerprint_H_bit_99,0.0
12,fingerprint_H_bit_241,0.0
12,fingerprint_H_bit_72,0.0
12,fingerprint_H_bit_62,0.0
12,fingerprint_H_bit_71,0.0
12,fingerprint_H_bit_60,0.0
12,fingerprint_H_bit_59,0.0
12,fingerprint_H_bit_102,0.0
12,drug_fingerprint_bit_51,0.0
12,fingerprint_H_bit_95,0.0
12,drug_fingerprint_bit_195,0.0
12,drug_fingerprint_bit_190,0.0
12,fingerprint_H_bit_246,0.0
12,fingerprint_H_bit_244,0.0
12,fingerprint_H_bit_243,0.0
12,fingerprint_H_bit_97,0.0
12,fingerprint_H_bit_103,0.0
12,drug_fingerprint_bit_68,0.0
12,fingerprint_H_bit_148,0.0
12,fingerprint_H_bit_35,0.0
12,fingerprint_H_bit_40,0.0
12,fingerprint_H_bit_31,0.0
12,fingerprint_H_bit_29,0.0
12,fingerprint_H_bit_25,0.0
12,fingerprint_H_bit_36,0.0
12,fingerprint_H_bit_161,0.0
12,fingerprint_H_bit_160,0.0
12,fingerprint_H_bit_229,0.0
12,fingerprint_H_bit_228,0.0
12,fingerprint_H_bit_225,0.0
12,fingerprint_H_bit_223,0.0
12,fingerprint_H_bit_221,0.0
12,fingerprint_H_bit_163,0.0
12,fingerprint_H_bit_220,0.0
12,fingerprint_H_bit_255,0.0
12,fingerprint_H_bit_253,0.0
12,fingerprint_H_bit_254,0.0
12,fingerprint_H_bit_250,0.0
12,fingerprint_H_bit_249,0.0
12,poly_fraction_bicyclic_rings_sum_fullpolymerfeaturizer,0.0
12,fingerprint_H_bit_157,0.0
12,fingerprint_H_bit_156,0.0
12,fingerprint_H_bit_154,0.0
12,fingerprint_H_bit_153,0.0
12,fingerprint_H_bit_152,0.0
12,fingerprint_H_bit_150,0.0
12,fingerprint_H_bit_149,0.0
12,fingerprint_H_bit_242,0.0
12,fingerprint_H_bit_96,0.0
12,fingerprint_H_bit_132,0.0
12,fingerprint_H_bit_135,0.0
12,fingerprint_H_bit_136,0.0
12,fingerprint_H_bit_137,0.0
12,drug_fingerprint_bit_87,0.0
12,drug_fingerprint_bit_88,0.0
12,drug_fingerprint_bit_89,0.0
12,fingerprint_H_bit_247,0.0
12,fingerprint_H_bit_252,0.0
12,fingerprint_H_bit_248,0.0
12,fingerprint_H_bit_203,0.0
12,fingerprint_H_bit_202,0.0
12,fingerprint_H_bit_146,0.0
12,fingerprint_H_bit_142,0.0
12,drug_fingerprint_bit_98,0.0
12,fingerprint_H_bit_130,0.0
12,fingerprint_H_bit_198,0.0
12,fingerprint_H_bit_199,0.0
12,fingerprint_H_bit_200,0.0
12,fingerprint_H_bit_196,0.0
12,fingerprint_H_bit_238,0.0
12,fingerprint_H_bit_235,0.0
12,fingerprint_H_bit_239,0.0
12,fingerprint_H_bit_240,0.0
12,fingerprint_H_bit_231,0.0
12,fingerprint_H_bit_234,0.0
12,fingerprint_H_bit_230,0.0
12,fingerprint_H_bit_141,0.0
12,fingerprint_H_bit_201,0.0
12,drug_fingerprint_bit_123,0.0
12,drug_fingerprint_bit_112,0.0
12,drug_fingerprint_bit_102,0.0
12,fingerprint_H_bit_129,0.0
12,drug_fingerprint_bit_166,0.0
12,fingerprint_H_bit_140,0.0
12,drug_fingerprint_bit_176,0.0
12,fingerprint_H_bit_190,0.0
12,fingerprint_H_bit_189,0.0
12,fingerprint_H_bit_127,0.0
12,fingerprint_H_bit_126,0.0
12,fingerprint_H_bit_187,0.0
12,fingerprint_H_bit_188,0.0
12,drug_fingerprint_bit_254,0.0
12,fingerprint_H_bit_215,0.0
12,fingerprint_H_bit_210,0.0
12,fingerprint_H_bit_211,0.0
12,fingerprint_H_bit_192,0.0
12,fingerprint_H_bit_191,0.0
12,fingerprint_H_bit_209,0.0
12,fingerprint_H_bit_208,0.0
12,fingerprint_H_bit_122,0.0
12,fingerprint_H_bit_117,0.0
12,fingerprint_H_bit_115,0.0
12,drug_triple_bonds_sum_fullmolecularfeaturizer,0.0
12,fingerprint_H_bit_24,0.0
12,fingerprint_H_bit_23,0.0
12,fingerprint_H_bit_22,0.0
12,fingerprint_H_bit_21,0.0
12,fingerprint_H_bit_8,0.0
12,fingerprint_H_bit_6,0.0
12,fingerprint_H_bit_4,0.0
12,fingerprint_H_bit_3,0.0
12,fingerprint_H_bit_2,0.0
12,fingerprint_H_bit_0,0.0
12,fingerprint_H_bit_5,-1.11215661442137e-08
12,fingerprint_H_bit_206,-1.11215661442137e-08
12,drug_fingerprint_bit_79,-0.00012579164719817213
12,drug_fingerprint_bit_53,-0.0016455699887627524
12,drug_fingerprint_bit_55,-0.00169537306793124
12,drug_fingerprint_bit_211,-0.002229785551177001
12,fingerprint_H_bit_7,-0.0031731670951793333
12,drug_fingerprint_bit_65,-0.004084097367227646
12,drug_double_bonds_sum_fullmolecularfeaturizer,-0.0062451252155319254
12,drug_fingerprint_bit_161,-0.007067049389426983
12,drug_fingerprint_bit_178,-0.010576036623719849
12,drug_fingerprint_bit_80,-0.011030985632589098
12,drug_fingerprint_bit_43,-0.01119105363392874
12,poly_num_hbond_acceptors_sum_fullpolymerfeaturizer,-0.013257421276229395
12,drug_fingerprint_bit_86,-0.016421927246930642
12,drug_fingerprint_bit_25,-0.016450994246421418
12,drug_fingerprint_bit_149,-0.02402320682417859
12,drug_fingerprint_bit_173,-0.026544622794615003
12,drug_fingerprint_bit_248,-0.02799509455000861
12,drug_single_bonds_sum_fullmolecularfeaturizer,-0.032464206404734144
12,drug_fingerprint_bit_5,-0.03379858768216642
12,drug_fingerprint_bit_252,-0.040270088493472196
12,drug_fingerprint_bit_131,-0.042831670561532566
12,drug_fingerprint_bit_122,-0.04698592170042911
12,drug_fingerprint_bit_121,-0.04974070309379321
12,drug_fingerprint_bit_241,-0.053506799651141045
12,drug_fingerprint_bit_124,-0.05727219881261564
12,drug_smr_vsa5_sum_fullmolecularfeaturizer,-0.05728585568441314
12,drug_fingerprint_bit_29,-0.06045058614530631
12,drug_fingerprint_bit_113,-0.060697279036196136
12,drug_fingerprint_bit_231,-0.06796913991828765
12,drug_fingerprint_bit_3,-0.07026615127161094
12,drug_fingerprint_bit_210,-0.08275179806960757
12,drug_fingerprint_bit_230,-0.09355720985925788
12,drug_fingerprint_bit_130,-0.09838419277765305
12,drug_slogp_vsa1_sum_fullmolecularfeaturizer,-0.1113563058907028
12,fingerprint_H_bit_39,-0.11247124683885786
12,drug_fingerprint_bit_168,-0.12029153203341911
12,drug_fingerprint_bit_174,-0.12272188761388732
12,drug_fingerprint_bit_48,-0.12891907830920535
12,fingerprint_H_bit_138,-0.1364091266566054
12,fingerprint_H_bit_125,-0.14071938001814788
12,drug_fingerprint_bit_182,-0.14084400974443856
12,drug_fingerprint_bit_58,-0.14249431863143538
12,drug_fingerprint_bit_243,-0.146811080489687
12,drug_fingerprint_bit_192,-0.1491796881718348
12,fingerprint_H_bit_38,-0.1503608735221348
12,drug_fingerprint_bit_218,-0.1578646010857721
12,drug_fingerprint_bit_40,-0.16239410300747256
12,WATER_PH,-0.1642044552734728
12,logp_H,-0.1869594118689307
12,drug_fingerprint_bit_207,-0.1940257030877632
12,drug_fingerprint_bit_251,-0.21905444929499995
12,poly_heteroatom_count_sum_fullpolymerfeaturizer,-0.21925258693770194
12,fingerprint_H_bit_53,-0.23303442975513905
12,drug_fingerprint_bit_12,-0.23346505300843368
12,charge_at_WATER_PH_H,-0.23432682919666473
12,drug_num_non_aromatic_rings_sum_fullmolecularfeaturizer,-0.25662730759043073
12,drug_fingerprint_bit_228,-0.2628587356107733
12,drug_num_atoms_sum_fullmolecularfeaturizer,-0.28525532777867413
12,drug_fingerprint_bit_61,-0.2877291790668735
12,drug_sp3_carbon_count_sum_fullmolecularfeaturizer,-0.3122946929776878
12,drug_fingerprint_bit_104,-0.3231168244631362
12,poly_num_rings_sum_backbonefeaturizer,-0.34311079915414716
12,poly_num_hbond_donors_sum_fullpolymerfeaturizer,-0.34614096477090656
12,fingerprint_H_bit_42,-0.35656735784328025
12,drug_fingerprint_bit_107,-0.3689115386915785
12,fingerprint_H_bit_120,-0.3917816833889329
12,drug_fingerprint_bit_233,-0.49254443904647394
12,drug_fingerprint_bit_186,-0.49659497335418934
12,drug_fingerprint_bit_163,-0.5044779405130133
12,drug_fingerprint_bit_158,-0.5418905769670314
12,drug_heteroatom_count_sum_fullmolecularfeaturizer,-0.5674901426754377
12,poly_molecular_weight_sum_backbonefeaturizer,-0.6307563004130579
12,poly_max_estate_index_sum_fullpolymerfeaturizer,-0.6801566055924254
12,CONCENTRATION,-0.8024408103057468
12,drug_max_ring_size_sum_fullmolecularfeaturizer,-0.8701339358943716
12,fingerprint_H_bit_186,-0.8918982390653234
12,drug_molecular_weight_sum_fullmolecularfeaturizer,-0.9078464028443435
12,drug_fingerprint_bit_167,-1.0881631689038804
12,poly_balaban_j_index_sum_backbonefeaturizer,-1.121595976896729
12,drug_fingerprint_bit_0,-1.1441247533985315
12,fingerprint_H_bit_57,-1.1709999970321134
12,poly_sp2_carbon_count_sum_fullpolymerfeaturizer,-1.2173279406777022
12,poly_molecular_weight_sum_fullpolymerfeaturizer,-1.4952043718232801
12,fingerprint_H_bit_52,-1.5516443629215675
12,drug_fingerprint_bit_117,-1.872282260835797
12,poly_num_atoms_sum_fullpolymerfeaturizer,-1.9891695066629183
12,drug_fingerprint_bit_100,-2.5195954273337646
12,fingerprint_H_bit_69,-2.5345244306051096
12,poly_num_rings_sum_fullpolymerfeaturizer,-2.804186863494872
12,drug_fingerprint_bit_205,-4.220604078615286
12,fingerprint_H_bit_124,-11.840878100043286
13,fingerprint_H_bit_130,5.199597018310357
13,logd_at_WATER_PH_H,4.956469307080212
13,poly_num_rings_sum_backbonefeaturizer,4.451813065682319
13,drug_fingerprint_bit_111,3.336616446546301
13,poly_sp2_carbon_count_sum_backbonefeaturizer,2.262018558904166
13,poly_num_hbond_acceptors_sum_backbonefeaturizer,1.9261950960739866
13,drug_fingerprint_bit_91,1.8333780604141559
13,fingerprint_H_bit_1,1.7786391229158571
13,drug_fingerprint_bit_138,1.639622469720562
13,poly_heteroatom_density_sidechainfeaturizer_sum,1.4685316328024953
13,poly_sp2_carbon_count_sidechainfeaturizer_sum,1.4442696689651118
13,fingerprint_H_bit_58,1.4273744231348455
13,fingerprint_H_bit_175,1.3962867088162827
13,fingerprint_H_bit_197,1.3552910096148056
13,poly_slogp_vsa1_sum_fullpolymerfeaturizer,1.2936582889608683
13,poly_max_estate_index_sidechainfeaturizer_sum,1.260803593159054
13,fingerprint_H_bit_100,1.2345822096417234
13,drug_balaban_j_index_sum_fullmolecularfeaturizer,1.2227785515639968
13,poly_balaban_j_index_sum_fullpolymerfeaturizer,1.174758331948032
13,poly_num_aromatic_rings_sum_fullpolymerfeaturizer,1.1445755576771917
13,drug_fingerprint_bit_64,1.0731758813500518
13,fingerprint_H_bit_118,1.063364678370712
13,poly_fp_density_morgan1_sum_backbonefeaturizer,1.016137852298224
13,fingerprint_H_bit_236,0.9916756226231881
13,poly_balaban_j_index_sidechainfeaturizer_sum,0.9907164789809013
13,drug_charge_at_WATER_PH,0.988426120212211
13,logp_H,0.979352743449083
13,drug_sp2_carbon_count_sum_fullmolecularfeaturizer,0.9542212305426826
13,drug_num_hbond_acceptors_sum_fullmolecularfeaturizer,0.951199825255184
13,poly_num_hbond_donors_sidechainfeaturizer_sum,0.9504347837665224
13,drug_num_aromatic_rings_sum_fullmolecularfeaturizer,0.9500346868487315
13,poly_sp2_carbon_count_sum_fullpolymerfeaturizer,0.938806360342107
13,fingerprint_H_bit_155,0.9228255077315549
13,fingerprint_H_bit_237,0.8835171643835317
13,poly_max_ring_size_sidechainfeaturizer_sum,0.8825928975509233
13,fingerprint_H_bit_213,0.8594722764903345
13,poly_topological_surface_area_sum_backbonefeaturizer,0.8433938103573009
13,fingerprint_H_bit_48,0.8097955342081763
13,poly_max_ring_size_sum_backbonefeaturizer,0.8073053688868627
13,poly_max_ring_size_sum_fullpolymerfeaturizer,0.7994187033076756
13,poly_sp3_carbon_count_sum_backbonefeaturizer,0.7758259558266791
13,fingerprint_H_bit_78,0.7529750599387874
13,fingerprint_H_bit_214,0.7437288551129411
13,fingerprint_H_bit_56,0.7317577693052602
13,fingerprint_H_bit_53,0.7096916403827397
13,poly_smr_vsa5_sum_backbonefeaturizer,0.705503890764674
13,fingerprint_H_bit_85,0.6807694866086014
13,fingerprint_H_bit_84,0.6797046385740796
13,poly_heteroatom_density_sum_fullpolymerfeaturizer,0.6785794274726926
13,fingerprint_H_bit_64,0.6515620204615998
13,fingerprint_H_bit_182,0.6365949585840234
13,drug_fingerprint_bit_214,0.6320611219064977
13,drug_fingerprint_bit_133,0.631188429842349
13,fingerprint_H_bit_245,0.6097805641777893
13,lumo_eV_H,0.6070283955790442
13,poly_smr_vsa5_sum_fullpolymerfeaturizer,0.604356795258882
13,fingerprint_H_bit_28,0.5985346315606944
13,fingerprint_H_bit_119,0.5920247031324452
13,poly_num_rings_sidechainfeaturizer_sum,0.5845909035698371
13,homo_eV_H,0.582044594628929
13,fingerprint_H_bit_81,0.5781742681632513
13,fingerprint_H_bit_113,0.5731338655339187
13,fingerprint_H_bit_222,0.55302581473484
13,poly_num_atoms_sidechainfeaturizer_sum,0.5496314459364366
13,fingerprint_H_bit_204,0.5208283951006247
13,poly_molecular_weight_sidechainfeaturizer_sum,0.5202215663824725
13,fingerprint_H_bit_151,0.5094948211623426
13,fingerprint_H_bit_27,0.5065603015710588
13,drug_num_rings_sum_fullmolecularfeaturizer,0.4978060010913539
13,drug_fingerprint_bit_213,0.4963375742512092
13,drug_num_rotatable_bonds_sum_fullmolecularfeaturizer,0.4866776453820251
13,drug_fingerprint_bit_42,0.4848442776442603
13,poly_heteroatom_count_sum_backbonefeaturizer,0.4627442386215836
13,poly_num_aromatic_rings_sidechainfeaturizer_sum,0.46048303992588646
13,drug_fingerprint_bit_73,0.4567539279983306
13,fingerprint_H_bit_167,0.454084433714404
13,fingerprint_H_bit_232,0.45005865934535544
13,drug_heteroatom_count_sum_fullmolecularfeaturizer,0.42597699389066956
13,drug_fingerprint_bit_24,0.41668029934810874
13,fingerprint_H_bit_159,0.41420824524522465
13,fingerprint_H_bit_133,0.39481187778679033
13,drug_fingerprint_bit_201,0.39011699302180414
13,drug_fingerprint_bit_164,0.38809803144433985
13,poly_heteroatom_density_sum_backbonefeaturizer,0.3846721526243935
13,drug_fingerprint_bit_147,0.3840357662523027
13,fingerprint_H_bit_186,0.3705144855675996
13,poly_num_hbond_donors_sum_backbonefeaturizer,0.3545003268585417
13,fingerprint_H_bit_128,0.3358443618714219
13,drug_fingerprint_bit_128,0.33234542455104515
13,drug_fingerprint_bit_206,0.3129746370650045
13,poly_slogp_vsa1_sum_backbonefeaturizer,0.3087509601095154
13,drug_fingerprint_bit_115,0.30857943998041776
13,drug_fingerprint_bit_160,0.3061845996110973
13,drug_fingerprint_bit_22,0.30167215891218213
13,drug_fingerprint_bit_110,0.29561447603933405
13,drug_fingerprint_bit_99,0.2949454140598472
13,drug_fingerprint_bit_137,0.29165002817142566
13,fingerprint_H_bit_67,0.2875254682193364
13,drug_fingerprint_bit_189,0.2866736503927549
13,drug_fingerprint_bit_15,0.2839939936623059
13,charge_at_WATER_PH_H,0.27666530233954595
13,drug_fingerprint_bit_226,0.27376064765570257
13,drug_fingerprint_bit_75,0.2687456907229759
13,drug_fingerprint_bit_63,0.26855626047953246
13,drug_fingerprint_bit_145,0.2669271228967672
13,drug_fingerprint_bit_33,0.266857115862296
13,poly_sp3_carbon_count_sum_fullpolymerfeaturizer,0.2657511954113558
13,drug_fingerprint_bit_144,0.26483440575560463
13,drug_fingerprint_bit_36,0.2636063766926153
13,drug_fingerprint_bit_159,0.26264009355367063
13,drug_topological_surface_area_sum_fullmolecularfeaturizer,0.2596569358005196
13,drug_fingerprint_bit_184,0.25316643060435473
13,poly_sp3_carbon_count_sidechainfeaturizer_sum,0.2495616279196581
13,drug_bridging_rings_count_sum_fullmolecularfeaturizer,0.2487619822472112
13,drug_fingerprint_bit_11,0.2464690324303723
13,drug_fingerprint_bit_249,0.2458243513657859
13,drug_fingerprint_bit_175,0.23636342712228092
13,drug_fingerprint_bit_177,0.2337053901754929
13,fingerprint_H_bit_33,0.23269312319054108
13,drug_fingerprint_bit_130,0.23048315502712238
13,fingerprint_H_bit_69,0.2295571535255267
13,poly_fp_density_morgan1_sidechainfeaturizer_sum,0.2238891922864228
13,poly_single_bonds_sidechainfeaturizer_sum,0.22303250785243933
13,fingerprint_H_bit_217,0.22110482606545181
13,fingerprint_H_bit_41,0.22040181136356107
13,drug_fingerprint_bit_250,0.21511046252265972
13,poly_num_rotatable_bonds_sidechainfeaturizer_sum,0.21255000000395535
13,fingerprint_H_bit_45,0.20933320232012737
13,drug_fingerprint_bit_183,0.20888927944833688
13,drug_fingerprint_bit_139,0.20799289221036
13,drug_fingerprint_bit_12,0.20778476574097152
13,poly_double_bonds_sidechainfeaturizer_sum,0.20616848755676795
13,drug_fingerprint_bit_203,0.20524667173467812
13,drug_fingerprint_bit_242,0.20515833630425725
13,drug_fingerprint_bit_74,0.1955600963226949
13,drug_fingerprint_bit_71,0.19488692530882723
13,poly_smr_vsa5_sidechainfeaturizer_sum,0.1942769036511645
13,poly_num_hbond_acceptors_sidechainfeaturizer_sum,0.19162975481463956
13,drug_fluorine_count_sum_fullmolecularfeaturizer,0.18568754722575428
13,drug_fingerprint_bit_165,0.18495940663411567
13,drug_fingerprint_bit_5,0.1833668027795585
13,drug_fingerprint_bit_108,0.18266369502686972
13,drug_fingerprint_bit_28,0.1819403543597796
13,drug_fingerprint_bit_197,0.18185262144993056
13,drug_fingerprint_bit_119,0.17675315102110062
13,fingerprint_H_bit_37,0.17653867521793246
13,drug_fingerprint_bit_39,0.17391331436373628
13,poly_heteroatom_count_sidechainfeaturizer_sum,0.17318552754746847
13,fingerprint_H_bit_251,0.17266534509441017
13,drug_homo_eV,0.16785317752822934
13,drug_fingerprint_bit_45,0.16735090004973355
13,drug_fingerprint_bit_141,0.16264934960965885
13,drug_fingerprint_bit_77,0.15984549868993017
13,drug_fingerprint_bit_46,0.15438771474363583
13,drug_fingerprint_bit_126,0.15064848646809953
13,drug_sp3_carbon_count_sum_fullmolecularfeaturizer,0.14615036468022471
13,drug_fingerprint_bit_179,0.14420278695658198
13,drug_fingerprint_bit_181,0.14060046032867107
13,drug_fingerprint_bit_4,0.1400085390590383
13,drug_num_atoms_sum_fullmolecularfeaturizer,0.13913377907064509
13,drug_fingerprint_bit_252,0.1385185595664576
13,drug_fingerprint_bit_6,0.13659103803050246
13,drug_fingerprint_bit_50,0.13586564048770874
13,drug_fingerprint_bit_218,0.12933793772401028
13,drug_fingerprint_bit_161,0.12926262870348001
13,drug_fingerprint_bit_185,0.1253149919351864
13,drug_fingerprint_bit_61,0.12467091811037598
13,drug_fingerprint_bit_58,0.11920927725193504
13,drug_fingerprint_bit_202,0.11719722046159234
13,drug_fingerprint_bit_151,0.11611928145316992
13,drug_fingerprint_bit_200,0.11287642007140511
13,drug_fingerprint_bit_150,0.11200048216123723
13,drug_fingerprint_bit_30,0.11038154328877435
13,drug_fingerprint_bit_105,0.1099967719387995
13,drug_fingerprint_bit_118,0.10909196911543731
13,drug_fingerprint_bit_18,0.10689366375151578
13,poly_topological_surface_area_sidechainfeaturizer_sum,0.10582776804841823
13,drug_fingerprint_bit_199,0.10470867114784214
13,drug_fingerprint_bit_142,0.10441175832387388
13,drug_fingerprint_bit_83,0.10355410519217088
13,drug_fingerprint_bit_35,0.10291421760209106
13,drug_fingerprint_bit_27,0.10233903922112057
13,fingerprint_H_bit_52,0.10182985632302877
13,fingerprint_H_bit_147,0.10178385078185118
13,drug_lumo_eV,0.10091141607408351
13,drug_fingerprint_bit_169,0.10024339521702826
13,drug_fingerprint_bit_106,0.09944476724118874
13,drug_fingerprint_bit_26,0.09930313922260015
13,drug_fingerprint_bit_253,0.09484555803805568
13,drug_fingerprint_bit_146,0.0947620351398174
13,fingerprint_H_bit_145,0.09375341117990477
13,drug_fingerprint_bit_170,0.0920683229472873
13,drug_fingerprint_bit_84,0.09035813302790567
13,drug_fingerprint_bit_97,0.08982866063170922
13,poly_slogp_vsa1_sidechainfeaturizer_sum,0.08963448429783029
13,drug_fingerprint_bit_136,0.0889415024155318
13,drug_fingerprint_bit_246,0.08536844376580277
13,drug_fingerprint_bit_155,0.08266268614342996
13,fingerprint_H_bit_227,0.08263972604615634
13,drug_fingerprint_bit_76,0.080467504884807
13,drug_fingerprint_bit_44,0.07963179256680393
13,drug_fingerprint_bit_193,0.07950765599054908
13,drug_fingerprint_bit_120,0.07889330542757318
13,drug_fingerprint_bit_240,0.07828124316378206
13,fingerprint_H_bit_162,0.07825250301658568
13,drug_fingerprint_bit_247,0.07658001023231252
13,drug_fingerprint_bit_37,0.07442270792468915
13,poly_num_rotatable_bonds_sum_backbonefeaturizer,0.07256370319419507
13,drug_fingerprint_bit_1,0.07250957687492812
13,fingerprint_H_bit_212,0.07235653507586703
13,drug_fingerprint_bit_81,0.07166670587812714
13,fingerprint_H_bit_70,0.07129784403574478
13,drug_single_bonds_sum_fullmolecularfeaturizer,0.07019065736610063
13,drug_fingerprint_bit_196,0.06944232805798471
13,drug_fingerprint_bit_132,0.06818686147999864
13,drug_fingerprint_bit_156,0.06805221868198866
13,drug_fingerprint_bit_191,0.06709696025065197
13,drug_fingerprint_bit_229,0.06426131370170977
13,drug_fingerprint_bit_72,0.06390821939015912
13,drug_fingerprint_bit_32,0.06386569137297828
13,drug_fingerprint_bit_103,0.058022533671679775
13,fingerprint_H_bit_121,0.057879311042769666
13,drug_fingerprint_bit_204,0.05754937964357552
13,drug_fingerprint_bit_127,0.057094967224397615
13,drug_fingerprint_bit_109,0.05653295817498605
13,fingerprint_H_bit_216,0.055208751066846466
13,drug_fingerprint_bit_2,0.05142434136815587
13,drug_fingerprint_bit_255,0.05038015921493422
13,fingerprint_H_bit_226,0.04906510969250484
13,fingerprint_H_bit_30,0.04836503549281953
13,drug_fingerprint_bit_140,0.0472797545887413
13,fingerprint_H_bit_98,0.04644974924144226
13,drug_fingerprint_bit_34,0.046367774011031614
13,drug_fingerprint_bit_227,0.04573345306139957
13,drug_fingerprint_bit_238,0.04555334280535404
13,fingerprint_H_bit_106,0.04492849600951216
13,drug_fingerprint_bit_85,0.044776187150802955
13,drug_fingerprint_bit_194,0.040502294388200265
13,drug_fingerprint_bit_67,0.03956955517505937
13,drug_fingerprint_bit_10,0.03955807171022035
13,drug_smr_vsa5_sum_fullmolecularfeaturizer,0.03947805885442289
13,drug_fingerprint_bit_153,0.038793489654049704
13,drug_fingerprint_bit_101,0.03769701196264618
13,drug_fingerprint_bit_57,0.037348589187885584
13,drug_fingerprint_bit_52,0.03689848195923579
13,drug_fingerprint_bit_69,0.036895481680742415
13,drug_fingerprint_bit_212,0.036102094519993896
13,drug_fingerprint_bit_70,0.035793879523009005
13,drug_fingerprint_bit_219,0.03514683959043511
13,fingerprint_H_bit_219,0.03495527757746515
13,drug_fingerprint_bit_241,0.03341952572341188
13,drug_fingerprint_bit_93,0.03295043096912662
13,fingerprint_H_bit_54,0.03170031701244798
13,drug_fingerprint_bit_149,0.030349875342831574
13,drug_fingerprint_bit_23,0.028932940619510534
13,fingerprint_H_bit_34,0.028630428356029962
13,drug_fingerprint_bit_122,0.02825303572473719
13,drug_fingerprint_bit_236,0.02800706523303938
13,drug_fingerprint_bit_223,0.026169052581645307
13,drug_fingerprint_bit_180,0.026156008564669177
13,drug_fingerprint_bit_224,0.025603042483190532
13,drug_fingerprint_bit_172,0.025294745124043727
13,fingerprint_H_bit_89,0.025248278555223748
13,poly_fp_density_morgan1_sum_fullpolymerfeaturizer,0.024493219020109345
13,drug_fingerprint_bit_235,0.023990572800312145
13,drug_fingerprint_bit_31,0.022897564835916238
13,fingerprint_H_bit_18,0.02237696827662042
13,drug_fraction_bicyclic_rings_sum_fullmolecularfeaturizer,0.0215907714336321
13,drug_fingerprint_bit_245,0.021432395332623484
13,drug_fingerprint_bit_78,0.02099298160635471
13,poly_num_non_aromatic_rings_sum_backbonefeaturizer,0.02074190852448046
13,drug_fingerprint_bit_114,0.020732592793639242
13,drug_fingerprint_bit_82,0.020514100752475412
13,poly_num_aliphatic_heterocycles_sum_fullpolymerfeaturizer,0.020355341872898332
13,fingerprint_H_bit_158,0.020002322256852834
13,drug_fingerprint_bit_237,0.019850800759398157
13,fingerprint_H_bit_185,0.019116257082829262
13,drug_fingerprint_bit_60,0.01896257985607447
13,drug_fingerprint_bit_211,0.01777347163010515
13,drug_fingerprint_bit_135,0.01776183119869313
13,drug_num_hbond_donors_sum_fullmolecularfeaturizer,0.01668550872309149
13,poly_num_aliphatic_heterocycles_sum_backbonefeaturizer,0.015778016399289663
13,fingerprint_H_bit_46,0.0156736061212782
13,fingerprint_H_bit_26,0.015089826929442527
13,drug_fingerprint_bit_47,0.01311247469725378
13,drug_fingerprint_bit_152,0.01253498557519179
13,fingerprint_H_bit_131,0.012306241093943087
13,fingerprint_H_bit_224,0.0121806930510379
13,fingerprint_H_bit_112,0.012033875286353388
13,drug_fingerprint_bit_20,0.011706300861442226
13,drug_fingerprint_bit_41,0.010749369113327427
13,fingerprint_H_bit_144,0.010633708450544668
13,drug_fingerprint_bit_7,0.010289733765321139
13,drug_fingerprint_bit_239,0.010268079745202227
13,fingerprint_H_bit_57,0.009913255682925162
13,drug_fingerprint_bit_43,0.00867871011925073
13,fingerprint_H_bit_65,0.00811740381368565
13,drug_fingerprint_bit_16,0.007372750706269744
13,drug_fingerprint_bit_14,0.006713189267083293
13,fingerprint_H_bit_139,0.006024804363736742
13,drug_fingerprint_bit_171,0.006003469387016014
13,drug_fingerprint_bit_62,0.005861864811027732
13,fingerprint_H_bit_205,0.005402203457720697
13,drug_fingerprint_bit_19,0.00534636675471196
13,poly_num_non_aromatic_rings_sum_fullpolymerfeaturizer,0.005151068166407016
13,drug_fingerprint_bit_134,0.004580757525440428
13,drug_fingerprint_bit_90,0.00444389054230479
13,drug_fingerprint_bit_154,0.0036774151418662027
13,fingerprint_H_bit_174,0.003617589463381199
13,fingerprint_H_bit_116,0.003388131404846062
13,drug_fingerprint_bit_248,0.003194592383240939
13,drug_fingerprint_bit_116,0.0025210775009802894
13,drug_fingerprint_bit_208,0.0013320293253352552
13,drug_fingerprint_bit_13,0.0005153824700376346
13,fingerprint_H_bit_114,4.1977024343482176e-06
13,fingerprint_H_bit_172,2.2243132795957924e-08
13,fingerprint_H_bit_242,2.2243132795957924e-08
13,fingerprint_H_bit_50,1.1295340853121972e-09
13,fingerprint_H_bit_195,0.0
13,fingerprint_H_bit_196,0.0
13,poly_bromine_count_sum_fullpolymerfeaturizer,0.0
13,fingerprint_H_bit_14,0.0
13,fingerprint_H_bit_0,0.0
13,fingerprint_H_bit_127,0.0
13,fingerprint_H_bit_12,0.0
13,drug_fingerprint_bit_234,0.0
13,drug_fingerprint_bit_232,0.0
13,fingerprint_H_bit_11,0.0
13,fingerprint_H_bit_10,0.0
13,poly_bridging_rings_count_sum_fullpolymerfeaturizer,0.0
13,poly_triple_bonds_sum_fullpolymerfeaturizer,0.0
13,poly_iodine_count_sum_fullpolymerfeaturizer,0.0
13,fingerprint_H_bit_92,0.0
13,fingerprint_H_bit_94,0.0
13,fingerprint_H_bit_93,0.0
13,fingerprint_H_bit_91,0.0
13,fingerprint_H_bit_97,0.0
13,fingerprint_H_bit_181,0.0
13,fingerprint_H_bit_184,0.0
13,fingerprint_H_bit_44,0.0
13,fingerprint_H_bit_47,0.0
13,fingerprint_H_bit_49,0.0
13,fingerprint_H_bit_51,0.0
13,fingerprint_H_bit_55,0.0
13,poly_total_halogens_sidechainfeaturizer_sum,0.0
13,fingerprint_H_bit_191,0.0
13,poly_fluorine_count_sidechainfeaturizer_sum,0.0
13,poly_chlorine_count_sidechainfeaturizer_sum,0.0
13,poly_bromine_count_sidechainfeaturizer_sum,0.0
13,poly_total_halogens_sum_fullpolymerfeaturizer,0.0
13,fingerprint_H_bit_180,0.0
13,poly_chlorine_count_sum_fullpolymerfeaturizer,0.0
13,fingerprint_H_bit_179,0.0
13,poly_total_halogens_sum_backbonefeaturizer,0.0
13,poly_fraction_bicyclic_rings_sum_backbonefeaturizer,0.0
13,poly_bridging_rings_count_sidechainfeaturizer_sum,0.0
13,poly_triple_bonds_sidechainfeaturizer_sum,0.0
13,poly_iodine_count_sidechainfeaturizer_sum,0.0
13,fingerprint_H_bit_73,0.0
13,fingerprint_H_bit_90,0.0
13,poly_fluorine_count_sum_fullpolymerfeaturizer,0.0
13,drug_triple_bonds_sum_fullmolecularfeaturizer,0.0
13,drug_iodine_count_sum_fullmolecularfeaturizer,0.0
13,drug_bromine_count_sum_fullmolecularfeaturizer,0.0
13,fingerprint_H_bit_43,0.0
13,poly_num_aliphatic_heterocycles_sidechainfeaturizer_sum,0.0
13,poly_bromine_count_sum_backbonefeaturizer,0.0
13,poly_chlorine_count_sum_backbonefeaturizer,0.0
13,poly_fluorine_count_sum_backbonefeaturizer,0.0
13,drug_fingerprint_bit_220,0.0
13,drug_fingerprint_bit_221,0.0
13,poly_iodine_count_sum_backbonefeaturizer,0.0
13,poly_triple_bonds_sum_backbonefeaturizer,0.0
13,poly_bridging_rings_count_sum_backbonefeaturizer,0.0
13,fingerprint_H_bit_79,0.0
13,fingerprint_H_bit_82,0.0
13,fingerprint_H_bit_83,0.0
13,fingerprint_H_bit_86,0.0
13,fingerprint_H_bit_87,0.0
13,fingerprint_H_bit_88,0.0
13,fingerprint_H_bit_176,0.0
13,drug_fingerprint_bit_9,0.0
13,fingerprint_H_bit_178,0.0
13,poly_fraction_bicyclic_rings_sidechainfeaturizer_sum,0.0
13,poly_num_non_aromatic_rings_sidechainfeaturizer_sum,0.0
13,fingerprint_H_bit_193,0.0
13,fingerprint_H_bit_194,0.0
13,fingerprint_H_bit_190,0.0
13,fingerprint_H_bit_192,0.0
13,fingerprint_H_bit_200,0.0
13,fingerprint_H_bit_199,0.0
13,fingerprint_H_bit_198,0.0
13,fingerprint_H_bit_201,0.0
13,fingerprint_H_bit_137,0.0
13,fingerprint_H_bit_136,0.0
13,fingerprint_H_bit_135,0.0
13,fingerprint_H_bit_132,0.0
13,fingerprint_H_bit_129,0.0
13,fingerprint_H_bit_96,0.0
13,fingerprint_H_bit_95,0.0
13,fingerprint_H_bit_99,0.0
13,drug_fingerprint_bit_17,0.0
13,fingerprint_H_bit_188,0.0
13,fingerprint_H_bit_187,0.0
13,fingerprint_H_bit_71,0.0
13,fingerprint_H_bit_60,0.0
13,fingerprint_H_bit_59,0.0
13,poly_fraction_bicyclic_rings_sum_fullpolymerfeaturizer,0.0
13,fingerprint_H_bit_189,0.0
13,fingerprint_H_bit_62,0.0
13,fingerprint_H_bit_177,0.0
13,fingerprint_H_bit_171,0.0
13,fingerprint_H_bit_173,0.0
13,fingerprint_H_bit_170,0.0
13,fingerprint_H_bit_244,0.0
13,fingerprint_H_bit_243,0.0
13,fingerprint_H_bit_72,0.0
13,drug_fingerprint_bit_217,0.0
13,drug_fingerprint_bit_215,0.0
13,drug_fingerprint_bit_195,0.0
13,drug_fingerprint_bit_198,0.0
13,fingerprint_H_bit_77,0.0
13,fingerprint_H_bit_76,0.0
13,fingerprint_H_bit_75,0.0
13,drug_fingerprint_bit_190,0.0
13,fingerprint_H_bit_74,0.0
13,fingerprint_H_bit_160,0.0
13,drug_fingerprint_bit_209,0.0
13,drug_fingerprint_bit_21,0.0
13,fingerprint_H_bit_161,0.0
13,fingerprint_H_bit_40,0.0
13,fingerprint_H_bit_35,0.0
13,fingerprint_H_bit_36,0.0
13,fingerprint_H_bit_223,0.0
13,fingerprint_H_bit_225,0.0
13,fingerprint_H_bit_228,0.0
13,fingerprint_H_bit_229,0.0
13,fingerprint_H_bit_168,0.0
13,fingerprint_H_bit_166,0.0
13,fingerprint_H_bit_169,0.0
13,fingerprint_H_bit_255,0.0
13,fingerprint_H_bit_247,0.0
13,fingerprint_H_bit_248,0.0
13,drug_fingerprint_bit_68,0.0
13,fingerprint_H_bit_254,0.0
13,fingerprint_H_bit_250,0.0
13,fingerprint_H_bit_249,0.0
13,fingerprint_H_bit_253,0.0
13,fingerprint_H_bit_252,0.0
13,fingerprint_H_bit_117,0.0
13,drug_fingerprint_bit_176,0.0
13,drug_fingerprint_bit_51,0.0
13,drug_fingerprint_bit_54,0.0
13,fingerprint_H_bit_246,0.0
13,fingerprint_H_bit_110,0.0
13,fingerprint_H_bit_115,0.0
13,fingerprint_H_bit_111,0.0
13,fingerprint_H_bit_107,0.0
13,fingerprint_H_bit_108,0.0
13,fingerprint_H_bit_156,0.0
13,fingerprint_H_bit_157,0.0
13,fingerprint_H_bit_29,0.0
13,fingerprint_H_bit_165,0.0
13,fingerprint_H_bit_163,0.0
13,fingerprint_H_bit_31,0.0
13,drug_fingerprint_bit_88,0.0
13,drug_fingerprint_bit_89,0.0
13,fingerprint_H_bit_141,0.0
13,fingerprint_H_bit_140,0.0
13,fingerprint_H_bit_142,0.0
13,fingerprint_H_bit_109,0.0
13,drug_fingerprint_bit_87,0.0
13,fingerprint_H_bit_154,0.0
13,fingerprint_H_bit_146,0.0
13,fingerprint_H_bit_148,0.0
13,fingerprint_H_bit_210,0.0
13,fingerprint_H_bit_211,0.0
13,fingerprint_H_bit_150,0.0
13,fingerprint_H_bit_149,0.0
13,fingerprint_H_bit_153,0.0
13,fingerprint_H_bit_152,0.0
13,fingerprint_H_bit_202,0.0
13,fingerprint_H_bit_241,0.0
13,fingerprint_H_bit_240,0.0
13,fingerprint_H_bit_239,0.0
13,fingerprint_H_bit_238,0.0
13,fingerprint_H_bit_235,0.0
13,fingerprint_H_bit_234,0.0
13,fingerprint_H_bit_231,0.0
13,fingerprint_H_bit_230,0.0
13,drug_fingerprint_bit_112,0.0
13,drug_fingerprint_bit_102,0.0
13,drug_fingerprint_bit_98,0.0
13,fingerprint_H_bit_209,0.0
13,fingerprint_H_bit_208,0.0
13,fingerprint_H_bit_206,0.0
13,fingerprint_H_bit_203,0.0
13,fingerprint_H_bit_102,0.0
13,fingerprint_H_bit_103,0.0
13,fingerprint_H_bit_104,0.0
13,fingerprint_H_bit_105,0.0
13,fingerprint_H_bit_25,0.0
13,fingerprint_H_bit_101,0.0
13,drug_fingerprint_bit_166,0.0
13,drug_fingerprint_bit_254,0.0
13,fingerprint_H_bit_21,0.0
13,fingerprint_H_bit_20,0.0
13,fingerprint_H_bit_19,0.0
13,fingerprint_H_bit_17,0.0
13,fingerprint_H_bit_221,0.0
13,fingerprint_H_bit_24,0.0
13,fingerprint_H_bit_23,0.0
13,fingerprint_H_bit_22,0.0
13,drug_fingerprint_bit_157,0.0
13,fingerprint_H_bit_215,0.0
13,fingerprint_H_bit_220,0.0
13,fingerprint_H_bit_126,0.0
13,fingerprint_H_bit_122,0.0
13,fingerprint_H_bit_124,0.0
13,drug_fingerprint_bit_123,0.0
13,fingerprint_H_bit_16,0.0
13,fingerprint_H_bit_15,0.0
13,drug_fingerprint_bit_244,0.0
13,fingerprint_H_bit_8,0.0
13,fingerprint_H_bit_6,0.0
13,fingerprint_H_bit_5,0.0
13,fingerprint_H_bit_4,0.0
13,fingerprint_H_bit_3,0.0
13,fingerprint_H_bit_2,0.0
13,fingerprint_H_bit_9,-5.2827440453841387e-08
13,drug_fingerprint_bit_188,-0.00013240465255036954
13,drug_fingerprint_bit_173,-0.00033819723505822726
13,drug_fingerprint_bit_225,-0.0009609470297092645
13,drug_fingerprint_bit_222,-0.0013257723816162256
13,drug_fingerprint_bit_56,-0.0014267800943174116
13,drug_fingerprint_bit_187,-0.002863723473474839
13,drug_fingerprint_bit_210,-0.0029665889366099246
13,drug_fingerprint_bit_182,-0.0031872196394588303
13,drug_fingerprint_bit_94,-0.0037160258775713684
13,drug_fingerprint_bit_231,-0.004067441738808914
13,drug_fingerprint_bit_96,-0.0059033813483247355
13,drug_fp_density_morgan1_sum_fullmolecularfeaturizer,-0.006869955700708879
13,drug_double_bonds_sum_fullmolecularfeaturizer,-0.007949971166133479
13,drug_fingerprint_bit_66,-0.008837787882098738
13,drug_fingerprint_bit_53,-0.00886605441093465
13,drug_fingerprint_bit_25,-0.009087625420468481
13,drug_chlorine_count_sum_fullmolecularfeaturizer,-0.009144742363272038
13,drug_num_aliphatic_heterocycles_sum_fullmolecularfeaturizer,-0.010305330032647084
13,drug_fingerprint_bit_3,-0.010683563217005487
13,drug_fingerprint_bit_178,-0.011156939541240807
13,drug_fingerprint_bit_162,-0.011333324542102239
13,drug_fingerprint_bit_79,-0.012137542934642254
13,drug_fingerprint_bit_251,-0.012206008282512917
13,fingerprint_H_bit_134,-0.013883971742747645
13,drug_fingerprint_bit_125,-0.014834657414033938
13,drug_fingerprint_bit_124,-0.015241576413040294
13,drug_fingerprint_bit_121,-0.015630204496270332
13,drug_fingerprint_bit_65,-0.022446331139723916
13,drug_fingerprint_bit_92,-0.02358517977893094
13,drug_fingerprint_bit_131,-0.02796021523331785
13,drug_fingerprint_bit_59,-0.028056881896037198
13,fingerprint_H_bit_143,-0.03116285414533832
13,drug_fingerprint_bit_55,-0.032793683760831124
13,drug_fingerprint_bit_129,-0.03324769997421607
13,fingerprint_H_bit_123,-0.03591596131378828
13,drug_fingerprint_bit_29,-0.03821373798465972
13,drug_fingerprint_bit_80,-0.0396068261189682
13,fingerprint_H_bit_80,-0.04689957654175162
13,drug_fingerprint_bit_48,-0.05054806744475828
13,drug_fingerprint_bit_86,-0.05870249381704109
13,drug_total_halogens_sum_fullmolecularfeaturizer,-0.06302328844820933
13,fingerprint_H_bit_32,-0.06708793808084669
13,drug_fingerprint_bit_216,-0.07491057534328364
13,fingerprint_H_bit_61,-0.07719766945389905
13,poly_max_estate_index_sum_backbonefeaturizer,-0.0777731156966072
13,drug_num_non_aromatic_rings_sum_fullmolecularfeaturizer,-0.08095915048006255
13,drug_fingerprint_bit_174,-0.09007258169356756
13,drug_fingerprint_bit_207,-0.09141679407514983
13,drug_fingerprint_bit_192,-0.09756354623317107
13,drug_logp,-0.10088327302378593
13,drug_fingerprint_bit_95,-0.10279481553726563
13,drug_fingerprint_bit_148,-0.11001131676176036
13,drug_fingerprint_bit_113,-0.11250809372989852
13,poly_num_rotatable_bonds_sum_fullpolymerfeaturizer,-0.11322226087843999
13,fingerprint_H_bit_218,-0.11498297071957422
13,fingerprint_H_bit_7,-0.11505533440110882
13,drug_molecular_weight_sum_fullmolecularfeaturizer,-0.11747797641612047
13,drug_fingerprint_bit_8,-0.11802143861611872
13,fingerprint_H_bit_207,-0.11827471883458988
13,drug_fingerprint_bit_38,-0.1352046952812849
13,fingerprint_H_bit_68,-0.14351655928678406
13,poly_num_rings_sum_fullpolymerfeaturizer,-0.14458199592731402
13,drug_fingerprint_bit_230,-0.1465191298671835
13,fingerprint_H_bit_38,-0.1510134685082861
13,fingerprint_H_bit_63,-0.15187158275681426
13,fingerprint_H_bit_183,-0.15518730701726818
13,poly_double_bonds_sum_fullpolymerfeaturizer,-0.15826896349703398
13,drug_fingerprint_bit_143,-0.1779344982900863
13,drug_fingerprint_bit_40,-0.18322030223747604
13,drug_fingerprint_bit_228,-0.2028805598746935
13,drug_fingerprint_bit_168,-0.20424803889937468
13,drug_fingerprint_bit_158,-0.20514579024041488
13,drug_slogp_vsa1_sum_fullmolecularfeaturizer,-0.2330743636015602
13,fingerprint_H_bit_39,-0.2337791599282859
13,drug_fingerprint_bit_243,-0.2341386295726752
13,fingerprint_H_bit_42,-0.23644969136652408
13,fingerprint_H_bit_125,-0.2581666007127527
13,drug_max_estate_index_sum_fullmolecularfeaturizer,-0.2611606015293671
13,drug_fingerprint_bit_49,-0.26698199822375435
13,drug_fingerprint_bit_163,-0.2742183177113556
13,drug_fingerprint_bit_107,-0.32349494453018657
13,fingerprint_H_bit_13,-0.3377424395600242
13,poly_balaban_j_index_sum_backbonefeaturizer,-0.3384382422331882
13,drug_fingerprint_bit_167,-0.3807602199138223
13,WATER_PH,-0.3827338018134427
13,drug_logd_at_WATER_PH,-0.3987691732863964
13,poly_num_hbond_donors_sum_fullpolymerfeaturizer,-0.4035013925919609
13,drug_fingerprint_bit_0,-0.40727353693027757
13,poly_single_bonds_sum_backbonefeaturizer,-0.4141197396881597
13,drug_max_ring_size_sum_fullmolecularfeaturizer,-0.4338969446054258
13,poly_topological_surface_area_sum_fullpolymerfeaturizer,-0.4567955031523544
13,drug_fingerprint_bit_233,-0.5025036145055314
13,poly_num_hbond_acceptors_sum_fullpolymerfeaturizer,-0.5266430313717538
13,drug_fingerprint_bit_104,-0.5477306512431893
13,poly_single_bonds_sum_fullpolymerfeaturizer,-0.6205993986857924
13,poly_max_estate_index_sum_fullpolymerfeaturizer,-0.6500022657667593
13,drug_fingerprint_bit_186,-0.6735701492734432
13,poly_num_aromatic_rings_sum_backbonefeaturizer,-0.7383736694609301
13,poly_molecular_weight_sum_backbonefeaturizer,-0.8023189936573523
13,fingerprint_H_bit_120,-0.8044923030492154
13,fingerprint_H_bit_138,-0.8378290195737973
13,poly_molecular_weight_sum_fullpolymerfeaturizer,-0.9354210416485492
13,CONCENTRATION,-0.9875218271071814
13,drug_fingerprint_bit_117,-1.0093495646240254
13,poly_num_atoms_sum_fullpolymerfeaturizer,-1.0969241379634311
13,drug_heteroatom_density_sum_fullmolecularfeaturizer,-1.1560904337225182
13,poly_heteroatom_count_sum_fullpolymerfeaturizer,-1.2614898718790148
13,poly_num_atoms_sum_backbonefeaturizer,-1.3315123983424353
13,poly_double_bonds_sum_backbonefeaturizer,-2.0422425360746685
13,fingerprint_H_bit_66,-2.603769277122385
13,drug_fingerprint_bit_205,-4.069762473862187
13,fingerprint_H_bit_164,-4.9814339015488995
13,drug_fingerprint_bit_100,-7.1604611941095735
13,fingerprint_H_bit_233,-8.050285604971025
