iteration,loss
1,6.406350
2,6.238710
3,6.095145
4,5.991755
5,5.919059
6,5.873761
7,5.829285
8,5.792590
9,5.735373
10,5.690076
11,5.639776
12,5.580660
13,5.522793
14,5.486878
15,5.427929
16,5.385879
17,5.345149
18,5.282553
19,5.236816
20,5.187844
21,5.133417
22,5.089533
23,5.036961
24,4.996680
25,4.949621
26,4.898879
27,4.841364
28,4.806945
29,4.749595
30,4.695003
31,4.644682
32,4.587488
33,4.557583
34,4.497322
35,4.449130
36,4.407476
37,4.371894
38,4.306338
39,4.258931
40,4.223343
41,4.185317
42,4.120685
43,4.071353
44,4.043485
45,3.967964
46,3.949394
47,3.901794
48,3.868300
49,3.816720
50,3.771966
51,3.740982
52,3.709463
53,3.667398
54,3.609955
55,3.568346
56,3.537526
57,3.480689
58,3.468606
59,3.418602
60,3.389413
61,3.338500
62,3.310411
63,3.268241
64,3.250849
65,3.207363
66,3.192014
67,3.164233
68,3.115960
69,3.118947
70,3.078305
71,3.047388
72,3.029176
73,3.020766
74,2.958242
75,2.940282
76,2.904489
77,2.885250
78,2.847843
79,2.819757
80,2.788910
81,2.796396
82,2.753184
83,2.736893
84,2.720457
85,2.723564
86,2.648392
87,2.695749
88,2.639120
89,2.624172
90,2.607029
91,2.561242
92,2.603360
93,2.570097
94,2.568957
95,2.506163
96,2.498518
97,2.480892
98,2.419855
99,2.487086
100,2.455085
101,2.410546
102,2.401407
103,2.381142
104,2.381331
105,2.314286
106,2.334422
107,2.317498
108,2.315236
109,2.316076
110,2.268728
111,2.294945
112,2.275424
113,2.279195
114,2.255198
115,2.243813
116,2.264270
117,2.220033
118,2.182341
119,2.201286
120,2.170950
121,2.141739
122,2.182609
123,2.062574
124,2.103423
125,2.075211
126,2.075173
127,2.107662
128,2.061080
129,2.058126
130,2.048068
131,2.050320
132,1.996192
133,2.040897
134,2.039983
135,2.021178
136,2.004900
137,2.015257
138,1.987839
139,1.987797
140,1.985652
141,1.970685
142,1.977774
143,1.978159
144,1.905753
145,1.935357
146,1.929960
147,1.934751
148,1.918279
149,1.934614
150,1.898747
151,1.908918
152,1.829706
153,1.876673
154,1.820434
155,1.905284
156,1.820328
157,1.790129
158,1.889786
159,1.787177
160,1.839660
161,1.785039
162,1.801010
163,1.806853
164,1.811976
165,1.772112
166,1.782635
167,1.779762
168,1.736235
169,1.734100
170,1.789932
171,1.740378
172,1.723924
173,1.681000
174,1.754204
175,1.742430
176,1.659138
177,1.696625
178,1.671602
179,1.668983
180,1.676912
181,1.700537
182,1.740301
183,1.637125
184,1.721009
185,1.706281
186,1.645751
187,1.683751
188,1.690884
189,1.680592
190,1.647647
191,1.653907
192,1.628555
193,1.652183
194,1.677269
195,1.596914
196,1.712533
197,1.628166
198,1.626402
199,1.626168
200,1.623384
201,1.579655
202,1.659959
203,1.647062
204,1.601653
205,1.610168
206,1.628805
207,1.608996
208,1.554770
209,1.644214
210,1.603240
211,1.577119
212,1.534979
213,1.595980
214,1.539662
215,1.571868
216,1.523051
217,1.491113
218,1.547680
219,1.572447
220,1.569871
221,1.518897
222,1.584280
223,1.546022
224,1.578851
225,1.487782
226,1.584490
227,1.514820
228,1.493933
229,1.548730
230,1.500812
231,1.486125
232,1.473470
233,1.546238
234,1.547822
235,1.514890
236,1.505089
237,1.474913
238,1.499981
239,1.453652
240,1.478517
241,1.489199
242,1.498684
243,1.463028
244,1.439624
245,1.486089
246,1.537505
247,1.487862
248,1.431363
249,1.465768
250,1.429472
251,1.488158
252,1.429514
253,1.444148
254,1.445608
255,1.402050
256,1.470839
257,1.439254
258,1.368726
259,1.444724
260,1.478522
261,1.484179
262,1.452950
263,1.445493
264,1.535683
265,1.467870
266,1.439256
267,1.466143
268,1.392357
269,1.444758
270,1.445470
271,1.387448
272,1.442933
273,1.505840
274,1.425225
275,1.424374
276,1.418824
277,1.383803
278,1.411176
279,1.374436
280,1.380342
281,1.447116
282,1.464808
283,1.479261
284,1.457283
285,1.377284
286,1.403743
287,1.372692
288,1.387027
289,1.397027
290,1.398200
291,1.387385
292,1.323221
293,1.388162
294,1.368820
295,1.413080
296,1.367377
297,1.426969
298,1.384405
299,1.424756
300,1.360443
301,1.419794
302,1.354170
303,1.403172
304,1.330521
305,1.320444
306,1.316824
307,1.427817
308,1.364817
309,1.404133
310,1.400808
311,1.419654
312,1.392540
313,1.368278
314,1.437979
315,1.439802
316,1.381794
317,1.316344
318,1.354625
319,1.374031
320,1.368960
321,1.364375
322,1.349402
323,1.367459
324,1.394985
325,1.361671
326,1.408790
327,1.267976
328,1.363484
329,1.392688
330,1.356919
331,1.370200
332,1.303117
333,1.311809
334,1.313422
335,1.346771
336,1.347655
337,1.307572
338,1.419788
339,1.303955
340,1.357416
341,1.321429
342,1.302070
343,1.300839
344,1.249131
345,1.363607
346,1.342740
347,1.334011
348,1.419942
349,1.341721
350,1.335450
351,1.304421
352,1.316498
353,1.332477
354,1.354036
355,1.332786
356,1.392492
357,1.253930
358,1.337465
359,1.323680
360,1.287136
361,1.330542
362,1.278856
363,1.280320
364,1.257330
365,1.286586
366,1.329589
367,1.269634
368,1.288806
369,1.308329
370,1.287264
371,1.285653
372,1.312850
373,1.362650
374,1.274475
375,1.338403
376,1.348288
377,1.251130
378,1.342324
379,1.323176
380,1.300541
381,1.267560
382,1.269453
383,1.334366
384,1.250669
385,1.258344
386,1.346753
387,1.259004
388,1.260607
389,1.322280
390,1.305887
391,1.326252
392,1.347413
393,1.276032
394,1.285928
395,1.291922
396,1.289273
397,1.235677
398,1.253263
399,1.302595
400,1.335179
401,1.312534
402,1.232509
403,1.243290
404,1.370529
405,1.220490
406,1.280867
407,1.237533
408,1.315148
409,1.321604
410,1.253261
411,1.274680
412,1.243330
413,1.242452
414,1.316072
415,1.275207
416,1.279905
417,1.177234
418,1.308442
419,1.382932
420,1.258958
421,1.271095
422,1.233890
423,1.285893
424,1.236279
425,1.263393
426,1.318779
427,1.367200
428,1.243082
429,1.325425
430,1.314286
431,1.274281
432,1.339845
433,1.293942
434,1.264121
435,1.243595
436,1.246390
437,1.273512
438,1.244515
439,1.194615
440,1.271654
441,1.237991
442,1.266749
443,1.251435
444,1.241958
445,1.215737
446,1.281054
447,1.204151
448,1.192234
449,1.248118
450,1.251735
451,1.244004
452,1.276776
453,1.225231
454,1.302435
455,1.217007
456,1.227197
457,1.259888
458,1.273271
459,1.303483
460,1.220095
461,1.239388
462,1.285459
463,1.292882
464,1.224601
465,1.260782
466,1.206252
467,1.260774
468,1.215242
469,1.187056
470,1.361411
471,1.238720
472,1.195375
473,1.281996
474,1.239063
475,1.219494
476,1.277498
477,1.161671
478,1.242394
479,1.263526
480,1.243085
481,1.192936
482,1.308980
483,1.177585
484,1.195384
485,1.286877
486,1.176987
487,1.246929
488,1.266821
489,1.255839
490,1.212313
491,1.193137
492,1.229519
493,1.233321
494,1.175786
495,1.165649
496,1.165028
497,1.228627
498,1.262657
499,1.195055
500,1.250915
501,1.229790
502,1.256962
503,1.190497
504,1.268499
505,1.170038
506,1.219310
507,1.213237
508,1.170299
509,1.212483
510,1.257190
511,1.200651
512,1.234306
513,1.237807
514,1.256066
515,1.262887
516,1.191770
517,1.234353
518,1.270928
519,1.272809
520,1.194246
521,1.239588
522,1.184974
523,1.165681
524,1.148266
525,1.217305
526,1.268305
527,1.170039
528,1.199622
529,1.235742
530,1.214732
531,1.221759
532,1.217311
533,1.219221
534,1.193618
535,1.186303
536,1.190540
537,1.204571
538,1.161351
539,1.227477
540,1.237166
541,1.169084
542,1.146330
543,1.247322
544,1.224422
545,1.174316
546,1.211658
547,1.230280
548,1.269757
549,1.222390
550,1.202395
551,1.221334
552,1.184219
553,1.184239
554,1.155154
555,1.175025
556,1.218444
557,1.181681
558,1.116444
559,1.197165
560,1.146527
561,1.152463
562,1.175593
563,1.194730
564,1.218552
565,1.215267
566,1.194245
567,1.165860
568,1.202439
569,1.201107
570,1.178784
571,1.171272
572,1.130793
573,1.202709
574,1.217376
575,1.210463
576,1.218750
577,1.220456
578,1.176576
579,1.103034
580,1.203740
581,1.167145
582,1.135726
583,1.236055
584,1.155941
585,1.238531
586,1.191780
587,1.085835
588,1.177101
589,1.238169
590,1.185166
591,1.185973
592,1.255252
593,1.123986
594,1.224051
595,1.157203
596,1.151074
597,1.138216
598,1.207696
599,1.201530
600,1.198191
601,1.218295
602,1.120437
603,1.155704
604,1.203942
605,1.167556
606,1.137204
607,1.134581
608,1.205086
609,1.175875
610,1.197695
611,1.158697
612,1.151980
613,1.173453
614,1.189006
615,1.189299
616,1.222054
617,1.156402
618,1.238923
619,1.158752
620,1.143023
621,1.137859
622,1.167608
623,1.119996
624,1.217745
625,1.189131
626,1.169504
627,1.164923
628,1.159012
629,1.146953
630,1.111414
631,1.214439
632,1.192085
633,1.175723
634,1.116538
635,1.211470
636,1.217267
637,1.174951
638,1.172147
639,1.164902
640,1.109133
641,1.197884
642,1.139246
643,1.149739
644,1.136574
645,1.183641
646,1.193515
647,1.234386
648,1.117016
649,1.156459
650,1.170085
651,1.152214
652,1.126752
653,1.111752
654,1.146479
655,1.152611
656,1.140526
657,1.168834
658,1.179386
659,1.126164
660,1.163372
661,1.176484
662,1.120180
663,1.208471
664,1.176037
665,1.137357
666,1.221092
667,1.112275
668,1.164393
669,1.141786
670,1.132467
671,1.131723
672,1.164683
673,1.152613
674,1.116156
675,1.172978
676,1.110133
677,1.141251
678,1.174386
679,1.171360
680,1.134104
681,1.128182
682,1.152387
683,1.118956
684,1.128421
685,1.170554
686,1.090509
687,1.143296
688,1.156158
689,1.113371
690,1.131977
691,1.181456
692,1.186659
693,1.102148
694,1.169853
695,1.185148
696,1.164235
697,1.152292
698,1.155411
699,1.131792
700,1.213610
701,1.157849
702,1.134731
703,1.186814
704,1.118561
705,1.154384
706,1.155925
707,1.163537
708,1.096553
709,1.151811
710,1.168513
711,1.189455
712,1.160344
713,1.123333
714,1.141687
715,1.172004
716,1.104327
717,1.199666
718,1.119382
719,1.145108
720,1.154265
721,1.187611
722,1.125909
723,1.098719
724,1.072327
725,1.161342
726,1.141672
727,1.128625
728,1.164057
729,1.128035
730,1.156141
731,1.051443
732,1.112332
733,1.102193
734,1.166302
735,1.123773
736,1.135088
737,1.117334
738,1.129107
739,1.111136
740,1.090608
741,1.151978
742,1.104638
743,1.116325
744,1.117810
745,1.124613
746,1.159669
747,1.100853
748,1.173020
749,1.064632
750,1.176692
751,1.125904
752,1.152192
753,1.154953
754,1.158153
755,1.133830
756,1.065832
757,1.090056
758,1.126523
759,1.120693
760,1.111425
761,1.101460
762,1.147082
763,1.092262
764,1.123218
765,1.227216
766,1.159991
767,1.189052
768,1.172531
769,1.109106
770,1.144427
771,1.164659
772,1.072394
773,1.084869
774,1.146837
775,1.108523
776,1.130923
777,1.140691
778,1.110582
779,1.136801
780,1.099195
781,1.063343
782,1.120284
783,1.097182
784,1.128508
785,1.162977
786,1.137767
787,1.092726
788,1.126389
789,1.204454
790,1.162330
791,1.112153
792,1.113153
793,1.136251
794,1.174084
795,1.059631
796,1.119481
797,1.129115
798,1.139860
799,1.164517
800,1.144825
801,1.137957
802,1.104974
803,1.098142
804,1.125032
805,1.136102
806,1.110600
807,1.107305
808,1.199850
809,1.113533
810,1.118916
811,1.106238
812,1.080128
813,1.166737
814,1.128520
815,1.159989
816,1.118038
817,1.095796
818,1.119389
819,1.071175
820,1.085034
821,1.107461
822,1.053704
823,1.092034
824,1.174397
825,1.111490
826,1.109255
827,1.118486
828,1.079773
829,1.159132
830,1.061072
831,1.115312
832,1.082195
833,1.098222
834,1.094631
835,1.068001
836,1.126844
837,1.077406
838,1.130984
839,1.065144
840,1.157230
841,1.079426
842,1.124028
843,1.149933
844,1.038383
845,1.125633
846,1.115469
847,1.078018
848,1.133407
849,1.153046
850,1.133144
851,1.154824
852,1.069828
853,1.096206
854,1.124887
855,1.084391
856,1.073739
857,1.100073
858,1.114327
859,1.048361
860,1.123775
861,1.107419
862,1.077231
863,1.153526
864,1.167177
865,1.083571
866,1.130863
867,1.051658
868,1.108005
869,1.105310
870,1.056909
871,1.089958
872,1.090816
873,1.094987
874,1.134591
875,1.024853
876,1.075390
877,1.066174
878,1.126452
879,1.139615
880,1.093624
881,1.133659
882,1.087718
883,1.099520
884,1.079795
885,1.061395
886,1.093741
887,1.073666
888,1.051247
889,1.116288
890,1.086260
891,1.094946
892,1.074133
893,1.072842
894,1.143245
895,1.135826
896,1.137605
897,1.095741
898,1.084886
899,1.131875
900,1.096643
901,1.033238
902,1.122365
903,1.078410
904,1.065841
905,1.097139
906,1.065634
907,1.084620
908,1.112965
909,1.057685
910,1.083519
911,1.165916
912,1.119026
913,1.088120
914,1.065742
915,1.079556
916,1.055662
917,1.116871
918,1.081729
919,1.125440
920,1.155092
921,1.032928
922,1.054164
923,1.116058
924,1.015705
925,1.119927
926,1.098257
927,1.073079
928,1.059563
929,1.097726
930,1.077830
931,1.090291
932,1.070661
933,1.008936
934,1.091515
935,1.052062
936,1.050714
937,1.038666
938,1.054995
939,1.085200
940,1.109007
941,1.037298
942,1.113994
943,1.111919
944,1.081795
945,1.109263
946,1.108841
947,1.029607
948,1.105179
949,1.114727
950,1.039531
951,1.063550
952,1.093955
953,1.073652
954,1.073515
955,1.088178
956,1.032954
957,1.133235
958,1.085740
959,1.034154
960,1.085229
961,1.067872
962,1.085809
963,1.126137
964,1.041770
965,1.029213
966,1.102290
967,1.089044
968,1.013321
969,1.056519
970,1.124812
971,1.101274
972,1.073887
973,1.115404
974,1.088373
975,1.049128
976,0.994084
977,1.079182
978,1.034600
979,0.993994
980,1.044907
981,1.051097
982,1.066931
983,1.119791
984,1.055292
985,1.071675
986,1.125016
987,1.097952
988,1.127426
989,1.050242
990,1.040189
991,1.121529
992,1.106888
993,1.101550
994,1.064874
995,1.074376
996,1.091173
997,1.079810
998,1.085036
999,1.029523
1000,1.055445
1001,1.101066
1002,1.063623
1003,1.082735
1004,1.070066
1005,1.062084
1006,1.111049
1007,1.054678
1008,1.021855
1009,1.067718
1010,1.111041
1011,1.019540
1012,1.086714
1013,1.102527
1014,1.043882
1015,1.025373
1016,1.142801
1017,1.018128
1018,1.089125
1019,1.058822
1020,1.068319
1021,1.065981
1022,1.044966
1023,1.068422
1024,1.078388
1025,1.068427
1026,1.045495
1027,1.015424
1028,1.164697
1029,1.064036
1030,1.023566
1031,1.053035
1032,1.107590
1033,1.048948
1034,1.059890
1035,1.012271
1036,1.103737
1037,1.081137
1038,1.143670
1039,1.061725
1040,1.092892
1041,1.003037
1042,1.063370
1043,1.031504
1044,1.118938
1045,1.081653
1046,1.033238
1047,1.051703
1048,1.029107
1049,1.116362
1050,1.055037
1051,1.073513
1052,1.085061
1053,1.031704
1054,1.069567
1055,1.047824
1056,1.072511
1057,1.059422
1058,1.040486
1059,1.027345
1060,1.060386
1061,1.003289
1062,1.039445
1063,1.004207
1064,0.991480
1065,1.092177
1066,1.022397
1067,1.050795
1068,1.038438
1069,0.997509
1070,1.055396
1071,1.041350
1072,1.051649
1073,1.046143
1074,1.042560
1075,1.050091
1076,1.055680
1077,1.024736
1078,1.062518
1079,1.069193
1080,1.045805
1081,1.026258
1082,1.082431
1083,1.024462
1084,1.077590
1085,1.023128
1086,1.035041
1087,1.052096
1088,1.062991
1089,1.035210
1090,1.043798
1091,1.042114
1092,1.041948
1093,1.052534
1094,1.066330
1095,1.070549
1096,1.066096
1097,1.033517
1098,1.057947
1099,1.069548
1100,1.083104
1101,1.029936
1102,1.083510
1103,1.089123
1104,1.040933
1105,1.007271
1106,1.055858
1107,1.064541
1108,1.008775
1109,1.032709
1110,1.018112
1111,1.102266
1112,1.054014
1113,1.036047
1114,1.094395
1115,0.989966
1116,1.065096
1117,1.074027
1118,1.073328
1119,1.080745
1120,1.082418
1121,1.060356
1122,0.982224
1123,0.998555
1124,1.018079
1125,1.059751
1126,1.043876
1127,1.011473
1128,1.051494
1129,1.070151
1130,1.065724
1131,1.053856
1132,1.019334
1133,1.079055
1134,1.003559
1135,1.033739
1136,1.068601
1137,1.007144
1138,0.978909
1139,1.059076
1140,1.046758
1141,1.007423
1142,1.054249
1143,1.089271
1144,1.038975
1145,1.016262
1146,1.112709
1147,1.052159
1148,1.032429
1149,0.997540
1150,1.039488
1151,1.042593
1152,1.036276
1153,1.007961
1154,0.983472
1155,1.042030
1156,1.098761
1157,1.045721
1158,0.997134
1159,1.026463
1160,1.084007
1161,0.978836
1162,0.999141
1163,1.028046
1164,1.013663
1165,1.020415
1166,1.083722
1167,1.059911
1168,1.088112
1169,1.035550
1170,1.029774
1171,1.026656
1172,1.060617
1173,1.043809
1174,1.112191
1175,1.023467
1176,1.055764
1177,1.058407
1178,1.051975
1179,1.093137
1180,1.101748
1181,1.066337
1182,1.070997
1183,1.034940
1184,1.042411
1185,1.001051
1186,1.026369
1187,1.072448
1188,1.093975
1189,1.064238
1190,1.013961
1191,1.036456
1192,1.020614
1193,1.030836
1194,1.009532
1195,1.059999
1196,1.019548
1197,1.082561
1198,0.997782
1199,1.055051
1200,1.003719
1201,1.025735
1202,1.033117
1203,1.019675
1204,1.025962
1205,1.030103
1206,1.009005
1207,1.038580
1208,1.055338
1209,1.012527
1210,1.067174
1211,1.040557
1212,0.984055
1213,1.051581
1214,1.053031
1215,0.997338
1216,1.041664
1217,1.015771
1218,1.000055
1219,0.955461
1220,1.003076
1221,1.045208
1222,1.018155
1223,1.018044
1224,1.059762
1225,1.039894
1226,1.002679
1227,1.001505
1228,0.982792
1229,1.036993
1230,1.003510
1231,1.066620
1232,0.944277
1233,1.012150
1234,1.036667
1235,1.022589
1236,0.985846
1237,0.998841
1238,0.981906
1239,1.032031
1240,1.053405
1241,0.976306
1242,1.008270
1243,1.035695
1244,1.017474
1245,1.051616
1246,1.074824
1247,1.011226
1248,1.001757
1249,1.061253
1250,1.032038
1251,0.975282
1252,0.997533
1253,0.979830
1254,1.016976
1255,1.003826
1256,1.137750
1257,0.980608
1258,0.994112
1259,1.038509
1260,1.048185
1261,1.029467
1262,1.032284
1263,1.020136
1264,0.992423
1265,0.982299
1266,1.009585
1267,0.950236
1268,0.996676
1269,0.950566
1270,1.077482
1271,1.006799
1272,1.013965
1273,1.015683
1274,1.053840
1275,1.024590
1276,1.026341
1277,1.037122
1278,1.008296
1279,1.000756
1280,0.970910
1281,0.963190
1282,1.006332
1283,1.040616
1284,1.016792
1285,1.066125
1286,0.985238
1287,0.972035
1288,1.065118
1289,1.005652
1290,1.035866
1291,1.050739
1292,1.058376
1293,1.021692
1294,1.034724
1295,1.068835
1296,1.014058
1297,1.018596
1298,1.011114
1299,1.025475
1300,1.029688
1301,1.041035
1302,0.997467
1303,0.980635
1304,1.045664
1305,1.034576
1306,1.047163
1307,0.996009
1308,1.033239
1309,1.075162
1310,1.016292
1311,1.009780
1312,0.978385
1313,0.993931
1314,0.993147
1315,0.989543
1316,0.999846
1317,1.005458
1318,1.028336
1319,1.003751
1320,1.064015
1321,1.020538
1322,1.047525
1323,1.008399
1324,1.001655
1325,1.032731
1326,1.022130
1327,0.994913
1328,1.022968
1329,1.026807
1330,0.979379
1331,0.991195
1332,1.078161
1333,1.058043
1334,1.007190
1335,1.023148
1336,0.998711
1337,1.047779
1338,1.017102
1339,0.985492
1340,0.935079
1341,1.003232
1342,1.015790
1343,0.973570
1344,1.001761
1345,1.063638
1346,1.013417
1347,1.000982
1348,1.036511
1349,1.014618
1350,1.008271
1351,0.997362
1352,1.051678
1353,0.969853
1354,0.998845
1355,0.997351
1356,1.025820
1357,1.013252
1358,1.005543
1359,1.004229
1360,1.006240
1361,0.994260
1362,0.996065
1363,0.994715
1364,1.046429
1365,1.013707
1366,1.024170
1367,0.992580
1368,1.047930
1369,1.022849
1370,1.066754
1371,1.017634
1372,1.020283
1373,1.010683
1374,1.087225
1375,0.980217
1376,0.979987
1377,1.054616
1378,0.988768
1379,1.033873
1380,1.015633
1381,0.975151
1382,1.011690
1383,1.039538
1384,1.012151
1385,1.037128
1386,0.991114
1387,1.026277
1388,1.042975
1389,1.032271
1390,0.979431
1391,0.990080
1392,0.977035
1393,1.020596
1394,1.039334
1395,0.993979
1396,1.022441
1397,0.965805
1398,1.025509
1399,0.980775
1400,1.064870
1401,1.000759
1402,1.020712
1403,0.995044
1404,0.988823
1405,1.016322
1406,1.035863
1407,0.990756
1408,0.987067
1409,1.045605
1410,0.960647
1411,0.969749
1412,1.053214
1413,0.941888
1414,0.959301
1415,0.990752
1416,1.020000
1417,1.027907
1418,1.027592
1419,1.005302
1420,1.024413
1421,1.042461
1422,0.973966
1423,0.966069
1424,0.986689
1425,0.996777
1426,0.980407
1427,1.013664
1428,0.983304
1429,0.997309
1430,1.046089
1431,0.993089
1432,0.959900
1433,1.030341
1434,1.006108
1435,1.028129
1436,1.014358
1437,0.971167
1438,0.993542
1439,0.976889
1440,0.997038
1441,0.977520
1442,0.986097
1443,1.013086
1444,1.023280
1445,1.028799
1446,0.993532
1447,1.015459
1448,0.997961
1449,1.039898
1450,1.000306
1451,0.964549
1452,0.980481
1453,1.000612
1454,1.043664
1455,0.985730
1456,0.985755
1457,0.982005
1458,0.983762
1459,1.012041
1460,1.017371
1461,0.979625
1462,0.980502
1463,1.005122
1464,1.010659
1465,0.947155
1466,1.013946
1467,0.980913
1468,0.966004
1469,1.012348
1470,1.027258
1471,1.016421
1472,1.065889
1473,0.979087
1474,0.999475
1475,1.020581
1476,0.983990
1477,1.023058
1478,0.999267
1479,0.973890
1480,0.969319
1481,0.971245
1482,1.021016
1483,1.063344
1484,1.023113
1485,1.001162
1486,1.009038
1487,0.987648
1488,0.970048
1489,1.008545
1490,0.995919
1491,0.991102
1492,1.000828
1493,1.025252
1494,1.024365
1495,1.014233
1496,1.056904
1497,0.987841
1498,1.051465
1499,0.980783
1500,1.009335
1501,1.002969
1502,1.020529
1503,1.012187
1504,0.987378
1505,1.013752
1506,1.010360
1507,0.943255
1508,0.981776
1509,0.941247
1510,0.978036
1511,0.964679
1512,1.003704
1513,1.003209
1514,0.994171
1515,1.017312
1516,0.974006
1517,1.032918
1518,0.936000
1519,0.974130
1520,0.909064
1521,1.047353
1522,1.044897
1523,1.004278
1524,0.967308
1525,0.947744
1526,0.978630
1527,1.023417
1528,0.968374
1529,0.964756
1530,1.019127
1531,0.953743
1532,1.028588
1533,1.014205
1534,0.953960
1535,0.980141
1536,1.026012
1537,0.958662
1538,0.950546
1539,0.976067
1540,0.959207
1541,0.996194
1542,0.960685
1543,1.035112
1544,0.990357
1545,1.005108
1546,1.041557
1547,0.948069
1548,1.018929
1549,1.044788
1550,0.984768
1551,0.978568
1552,1.001908
1553,1.015452
1554,1.046052
1555,1.041816
1556,0.959363
1557,0.968887
1558,0.980696
1559,1.003492
1560,1.022501
1561,1.009299
1562,1.051185
1563,1.003853
1564,0.988326
1565,1.021488
1566,0.956820
1567,1.047256
1568,0.993395
1569,1.023671
1570,1.008903
1571,1.035466
1572,0.953463
1573,1.014055
1574,0.993252
1575,1.015265
1576,0.960904
1577,1.006778
1578,0.949408
1579,0.954092
1580,0.992372
1581,0.981574
1582,0.969644
1583,0.966818
1584,0.977619
1585,1.010847
1586,1.006775
1587,0.993337
1588,1.002907
1589,0.970565
1590,0.999511
1591,0.953143
1592,0.990811
1593,0.943386
1594,0.994558
1595,1.033797
1596,1.005539
1597,0.984872
1598,1.011207
1599,0.957656
1600,0.967756
1601,1.019811
1602,0.972693
1603,0.917520
1604,0.987844
1605,0.988849
1606,0.969377
1607,0.953108
1608,0.981714
1609,0.997410
1610,1.001760
1611,0.925451
1612,0.951349
1613,0.965797
1614,0.989208
1615,0.933084
1616,1.000480
1617,1.026345
1618,0.971663
1619,1.011075
1620,1.005447
1621,0.938894
1622,1.021527
1623,0.991533
1624,1.001654
1625,1.028915
1626,0.984337
1627,0.968125
1628,0.984293
1629,0.941577
1630,0.998435
1631,1.029506
1632,0.941715
1633,0.985019
1634,1.006383
1635,1.046943
1636,1.029718
1637,1.037174
1638,1.030991
1639,0.923930
1640,0.998688
1641,1.012958
1642,0.995943
1643,0.970071
1644,1.020815
1645,0.934036
1646,0.961497
1647,0.987242
1648,0.963029
1649,0.990303
1650,1.005735
1651,0.982220
1652,0.990078
1653,0.966367
1654,0.993298
1655,0.991979
1656,0.998943
1657,0.928699
1658,1.041037
1659,0.966689
1660,0.971185
1661,0.998748
1662,1.036805
1663,0.966949
1664,0.913112
1665,0.991986
1666,0.929149
1667,0.999495
1668,0.971161
1669,0.979487
1670,0.964669
1671,0.987820
1672,0.980752
1673,1.005138
1674,0.949707
1675,0.993529
1676,1.031966
1677,0.917311
1678,0.907943
1679,0.964894
1680,1.022871
1681,0.931549
1682,1.044401
1683,1.037798
1684,1.027339
1685,0.958790
1686,0.948028
1687,1.013884
1688,0.990428
1689,0.965172
1690,0.992063
1691,0.986017
1692,1.036632
1693,1.005745
1694,1.006995
1695,0.928882
1696,1.009043
1697,0.958225
1698,0.999868
1699,0.984955
1700,0.945698
1701,0.999462
1702,0.962327
1703,0.991155
1704,0.984343
1705,0.981771
1706,1.010507
1707,1.001232
1708,0.988748
1709,0.985762
1710,0.963403
1711,0.971063
1712,0.989521
1713,0.998129
1714,0.978435
1715,1.049008
1716,0.991887
1717,0.996264
1718,0.939182
1719,0.929632
1720,1.043406
1721,0.927547
1722,1.007165
1723,0.942691
1724,1.010116
1725,0.979909
1726,0.926732
1727,0.986592
1728,0.962105
1729,1.003736
1730,0.966080
1731,0.991879
1732,0.943848
1733,0.976789
1734,0.995752
1735,0.949820
1736,0.969494
1737,0.926748
1738,0.967541
1739,0.940285
1740,0.920931
1741,0.953754
1742,0.985011
1743,0.893578
1744,0.955428
1745,1.009068
1746,1.007327
1747,1.008398
1748,0.966558
1749,0.959044
1750,1.019801
1751,1.004304
1752,0.930633
1753,0.976434
1754,0.956056
1755,0.947032
1756,0.954376
1757,0.955388
1758,0.918216
1759,0.874303
1760,0.962202
1761,1.001859
1762,0.989063
1763,0.982822
1764,0.993763
1765,0.956426
1766,0.936020
1767,0.948788
1768,0.962877
1769,0.934080
1770,0.948796
1771,0.917459
1772,1.036796
1773,0.925861
1774,0.983018
1775,0.979643
1776,0.963668
1777,0.992110
1778,1.006727
1779,1.020605
1780,0.907511
1781,0.946523
1782,0.995832
1783,0.926798
1784,0.997502
1785,0.939348
1786,1.012707
1787,0.954493
1788,0.967923
1789,0.987247
1790,0.995931
1791,1.054445
1792,0.976372
1793,0.967136
1794,0.934266
1795,0.931613
1796,0.920091
1797,0.901542
1798,0.964552
1799,0.924620
1800,0.961777
1801,0.964988
1802,1.000880
1803,0.951512
1804,0.995951
1805,0.980030
1806,0.986352
1807,0.957639
1808,0.920306
1809,0.943979
1810,0.973518
1811,0.945254
1812,0.966455
1813,1.030206
1814,0.940143
1815,0.939110
1816,0.990388
1817,0.996651
1818,0.918228
1819,1.029420
1820,0.937787
1821,0.985674
1822,0.951880
1823,1.004042
1824,1.003011
1825,0.957949
1826,1.005738
1827,0.947044
1828,0.977932
1829,0.930841
1830,0.942783
1831,0.986068
1832,1.008568
1833,0.987568
1834,0.938325
1835,0.912066
1836,1.033626
1837,0.992705
1838,0.921315
1839,0.942307
1840,0.935809
1841,1.011044
1842,0.996174
1843,0.908485
1844,0.967628
1845,0.963850
1846,1.029859
1847,1.019439
1848,0.959202
1849,0.972544
1850,0.902307
1851,0.949628
1852,1.021176
1853,0.917609
1854,1.026658
1855,0.982042
1856,1.038039
1857,0.991541
1858,0.999210
1859,0.930504
1860,0.959266
1861,0.965933
1862,1.011184
1863,0.968491
1864,0.957007
1865,0.974089
1866,0.920754
1867,0.946082
1868,0.961928
1869,0.919717
1870,0.948229
1871,0.988875
1872,1.026292
1873,1.031600
1874,0.963631
1875,0.932980
1876,0.991985
1877,0.955696
1878,0.972163
1879,0.958754
1880,0.990523
1881,0.947018
1882,0.957540
1883,0.964240
1884,0.945330
1885,0.972590
1886,0.939192
1887,0.974010
1888,1.007199
1889,0.973348
1890,1.002303
1891,1.018363
1892,0.980392
1893,0.983036
1894,1.003808
1895,0.950823
1896,0.948776
1897,0.960355
1898,0.954800
1899,0.967087
1900,0.945251
1901,0.941679
1902,1.017016
1903,0.954289
1904,0.918425
1905,0.917213
1906,0.943735
1907,0.926121
1908,0.926674
1909,0.966895
1910,0.907194
1911,0.955350
1912,0.942299
1913,1.033371
1914,0.979453
1915,0.958090
1916,0.978325
1917,0.974324
1918,0.946852
1919,0.980252
1920,0.956418
1921,0.976274
1922,0.989522
1923,1.000220
1924,0.957138
1925,0.971696
1926,1.010437
1927,0.997644
1928,1.035439
1929,0.943200
1930,0.939677
1931,0.964930
1932,0.925889
1933,0.968175
1934,0.929507
1935,0.980245
1936,0.925812
1937,0.973260
1938,0.956394
1939,0.943668
1940,0.929815
1941,0.994394
1942,0.961006
1943,0.981782
1944,0.956434
1945,1.014535
1946,0.994821
1947,0.933189
1948,0.968695
1949,0.950000
1950,0.989661
1951,0.963489
1952,0.898720
1953,0.971121
1954,0.885863
1955,0.960316
1956,1.009636
1957,0.983441
1958,0.967620
1959,0.932796
1960,0.964985
1961,0.980578
1962,0.943161
1963,0.930334
1964,0.925829
1965,0.935204
1966,0.921387
1967,0.948522
1968,0.997280
1969,0.944627
1970,0.953756
1971,0.964360
1972,0.951063
1973,1.026853
1974,0.870815
1975,0.981213
1976,0.920458
1977,0.983790
1978,0.919982
1979,0.967439
1980,0.980523
1981,0.931085
1982,0.978353
1983,1.000292
1984,0.959385
1985,0.960115
1986,0.922328
1987,0.965243
1988,0.930738
1989,0.930226
1990,0.968520
1991,1.000810
1992,0.959126
1993,0.963658
1994,0.964946
1995,0.978119
1996,0.932359
1997,0.913489
1998,0.979966
1999,0.980637
2000,0.985499
2001,0.978643
2002,0.982366
2003,0.930584
2004,0.975533
2005,0.956899
2006,0.989804
2007,0.929425
2008,0.925644
2009,0.928518
2010,0.965692
2011,0.930777
2012,0.930718
2013,0.933674
2014,0.997941
2015,0.963647
2016,0.940865
2017,0.907718
2018,0.950145
2019,0.942087
2020,0.951809
2021,0.967527
2022,0.951047
2023,0.990411
2024,0.968455
2025,1.002112
2026,0.939124
2027,0.934500
2028,0.961376
2029,0.936798
2030,0.989564
2031,0.979183
2032,0.992205
2033,0.900583
2034,1.002915
2035,0.959831
2036,0.919226
2037,0.991270
2038,0.951258
2039,0.922461
2040,0.934558
2041,0.916272
2042,0.998952
2043,0.963058
2044,0.945024
2045,0.936911
2046,0.893873
2047,0.940151
2048,0.962362
2049,0.911187
2050,0.891496
2051,0.933092
2052,0.896808
2053,0.935414
2054,0.935487
2055,0.933861
2056,0.970252
2057,0.931443
2058,0.956039
2059,0.924531
2060,0.951811
2061,0.949212
2062,0.940667
2063,0.960888
2064,0.924885
2065,0.908919
2066,1.006348
2067,0.987321
2068,0.951607
2069,0.928905
2070,0.911462
2071,0.985813
2072,0.950302
2073,0.963520
2074,0.928716
2075,0.989668
2076,0.908083
2077,0.965091
2078,0.923141
2079,0.985020
2080,0.978586
2081,0.956416
2082,0.942831
2083,0.935997
2084,0.979075
2085,0.988095
2086,0.927678
2087,0.965751
2088,0.948580
2089,0.984091
2090,0.955764
2091,0.898114
2092,0.912017
2093,0.949190
2094,0.907786
2095,0.908215
2096,1.004857
2097,1.010796
2098,0.919168
2099,0.955796
2100,0.945968
2101,0.913807
2102,0.926025
2103,0.939475
2104,0.989640
2105,0.948036
2106,0.924432
2107,0.933152
2108,0.885335
2109,0.957594
2110,1.019086
2111,0.909269
2112,0.992526
2113,0.920704
2114,0.979940
2115,0.909825
2116,1.029981
2117,0.894347
2118,0.918271
2119,0.971681
2120,0.961899
2121,0.918683
2122,0.955149
2123,0.998695
2124,0.869202
2125,0.882906
2126,0.915986
2127,1.007546
2128,0.930911
2129,0.901706
2130,0.991882
2131,0.935737
2132,0.942920
2133,0.953412
2134,0.956888
2135,0.907155
2136,0.947330
2137,0.952213
2138,0.929260
2139,0.937428
2140,0.915916
2141,0.936725
2142,0.927271
2143,0.958496
2144,0.957656
2145,0.917727
2146,1.002378
2147,0.918081
2148,0.964950
2149,0.981074
2150,0.936748
2151,0.947278
2152,0.988320
2153,0.958331
2154,0.910763
2155,0.917622
2156,0.933032
2157,0.931470
2158,0.953242
2159,0.942795
2160,0.961610
2161,0.913029
2162,0.943971
2163,0.889123
2164,1.005112
2165,0.958992
2166,0.921395
2167,0.953894
2168,1.003135
2169,0.960801
2170,0.968677
2171,0.945420
2172,0.911450
2173,0.997802
2174,1.001904
2175,0.951198
2176,0.922270
2177,0.959075
2178,0.945337
2179,0.931183
2180,0.913320
2181,0.947709
2182,0.959193
2183,0.974612
2184,0.933937
2185,0.942071
2186,0.876159
2187,0.899263
2188,0.945715
2189,0.889378
2190,0.942004
2191,0.894939
2192,0.977000
2193,0.903304
2194,0.971803
2195,0.894599
2196,0.946069
2197,0.972746
2198,0.953921
2199,0.940480
2200,0.888186
2201,0.927061
2202,0.899920
2203,0.915469
2204,0.918015
2205,0.908083
2206,0.946321
2207,1.025533
2208,0.972204
2209,0.928267
2210,0.980644
2211,0.937694
2212,0.917225
2213,0.953145
2214,0.990013
2215,0.980772
2216,0.980152
2217,0.971400
2218,0.951652
2219,0.946619
2220,0.942409
2221,0.895230
2222,0.964308
2223,0.933793
2224,0.940389
2225,0.932691
2226,0.966131
2227,0.930210
2228,0.917493
2229,0.926030
2230,0.945989
2231,0.919744
2232,0.979874
2233,0.908769
2234,0.920782
2235,0.931489
2236,0.909002
2237,0.928543
2238,0.980226
2239,0.887050
2240,0.942154
2241,0.867300
2242,0.963296
2243,0.928383
2244,0.942599
2245,0.954481
2246,0.944780
2247,0.890058
2248,0.957040
2249,0.942776
2250,0.941915
2251,0.923333
2252,0.956218
2253,0.947576
2254,0.957858
2255,0.969182
2256,0.942745
2257,0.950469
2258,0.938784
2259,0.994549
2260,0.949234
2261,0.885612
2262,0.903736
2263,0.929271
2264,0.932026
2265,0.905846
2266,0.945920
2267,0.884108
2268,0.956171
2269,0.944479
2270,0.915335
2271,0.965022
2272,0.927896
2273,0.903410
2274,0.893963
2275,0.899300
2276,0.992280
2277,0.907359
2278,0.951255
2279,0.899966
2280,0.879033
2281,0.892574
2282,0.893778
2283,0.933588
2284,0.935925
2285,0.918991
2286,0.870892
2287,0.908956
2288,0.932026
2289,0.976139
2290,0.909872
2291,0.933783
2292,0.930329
2293,0.914037
2294,0.959061
2295,0.967651
2296,0.954143
2297,0.943085
2298,0.888954
2299,0.947799
2300,0.909660
2301,0.869632
2302,0.918338
2303,0.910804
2304,0.905626
2305,0.891877
2306,0.941318
2307,0.911635
2308,0.955082
2309,0.916132
2310,0.927472
2311,0.968827
2312,0.923654
2313,0.965805
2314,0.937726
2315,0.924855
2316,0.887548
2317,0.923689
2318,0.933806
2319,0.894402
2320,0.926023
2321,0.909963
2322,0.954087
2323,0.924476
2324,0.921845
2325,0.880995
2326,0.950043
2327,0.946009
2328,0.921494
2329,0.930492
2330,0.911371
2331,0.953704
2332,0.911413
2333,0.846798
2334,0.920076
2335,0.981007
2336,0.909196
2337,0.874487
2338,0.914269
2339,0.917483
2340,0.949270
2341,0.901129
2342,0.937607
2343,0.917219
2344,0.994758
2345,0.951484
2346,0.939410
2347,0.950279
2348,0.873528
2349,0.908552
2350,0.930531
2351,1.006239
2352,0.988013
2353,0.930787
2354,0.966312
2355,0.889005
2356,0.939180
2357,0.938555
2358,0.939079
2359,0.904214
2360,0.971489
2361,0.922707
2362,0.971450
2363,0.946573
2364,0.897854
2365,0.939721
2366,0.948547
2367,0.924471
2368,0.938656
2369,0.961284
2370,0.908158
2371,0.918444
2372,0.928100
2373,0.935516
2374,0.930105
2375,0.881778
2376,0.935318
2377,0.952845
2378,0.932899
2379,0.966054
2380,0.958983
2381,0.912361
2382,0.933885
2383,0.966555
2384,0.923225
2385,0.938949
2386,0.927754
2387,0.918820
2388,0.930775
2389,0.898299
2390,0.891469
2391,0.941119
2392,0.978893
2393,0.899937
2394,0.973516
2395,0.954364
2396,1.014111
2397,0.939842
2398,0.961487
2399,0.934042
2400,0.926621
2401,0.975458
2402,0.904979
2403,0.921789
2404,0.927322
2405,0.936859
2406,0.879086
2407,0.885760
2408,0.914888
2409,0.906775
2410,0.898046
2411,0.965000
2412,0.944927
2413,0.928199
2414,0.873800
2415,0.953897
2416,0.973285
2417,0.940081
2418,0.925645
2419,0.941786
2420,0.917702
2421,0.889631
2422,0.894089
2423,0.931616
2424,0.904336
2425,0.966524
2426,0.945986
2427,0.925694
2428,0.890028
2429,0.930345
2430,0.897032
2431,0.880838
2432,0.907191
2433,0.892750
2434,0.945252
2435,0.978705
2436,0.932079
2437,0.891651
2438,0.920274
2439,0.888951
2440,0.853098
2441,0.887244
2442,0.890586
2443,0.919099
2444,0.933737
2445,0.891312
2446,0.949603
2447,0.916081
2448,1.000524
2449,0.914950
2450,0.914406
2451,0.930973
2452,0.931289
2453,0.969144
2454,0.930483
2455,0.969387
2456,0.903571
2457,0.927350
2458,0.910522
2459,0.932239
2460,0.933878
2461,0.854253
2462,0.888610
2463,0.883052
2464,0.962068
2465,0.914768
2466,0.879560
2467,0.925066
2468,0.912434
2469,0.926818
2470,0.943461
2471,0.916005
2472,0.911928
2473,0.907268
2474,0.931357
2475,0.851242
2476,0.927829
2477,0.857645
2478,0.943590
2479,0.978417
2480,0.941521
2481,0.874981
2482,0.968073
2483,0.940535
2484,0.975011
2485,0.925255
2486,1.009812
2487,0.879300
2488,0.946913
2489,0.982446
2490,0.879301
2491,0.931999
2492,0.879739
2493,0.899237
2494,0.920551
2495,0.947619
2496,0.881742
2497,0.911758
2498,0.914581
2499,0.924429
2500,0.894435
2501,0.955398
2502,0.899043
2503,0.999821
2504,0.899098
2505,0.920079
2506,0.897081
2507,0.890701
2508,0.899122
2509,0.878597
2510,0.879524
2511,0.931418
2512,0.914446
2513,0.937952
2514,0.946724
2515,0.917984
2516,0.846244
2517,0.928095
2518,0.893133
2519,0.882503
2520,0.935404
2521,0.932655
2522,0.888859
2523,0.908680
2524,0.927759
2525,0.998289
2526,0.857175
2527,0.887729
2528,0.908973
2529,0.947836
2530,0.873288
2531,0.934643
2532,0.922962
2533,0.920298
2534,0.883662
2535,0.972553
2536,0.896954
2537,0.887439
2538,0.889923
2539,0.899372
2540,0.889725
2541,0.924695
2542,0.891409
2543,0.945161
2544,0.876986
2545,0.912982
2546,0.870373
2547,0.958524
2548,0.957899
2549,0.914424
2550,0.878854
2551,0.944052
2552,1.005000
2553,0.868182
2554,0.963995
2555,0.900193
2556,0.855286
2557,0.912480
2558,0.989053
2559,0.870458
2560,0.905518
2561,0.931765
2562,0.922938
2563,0.919674
2564,0.855917
2565,0.869539
2566,1.018943
2567,0.918899
2568,0.873221
2569,0.880339
2570,0.968838
2571,0.942504
2572,0.917042
2573,0.893486
2574,0.915567
2575,0.883435
2576,0.962988
2577,0.880623
2578,0.881025
2579,0.864949
2580,0.886535
2581,0.929084
2582,0.891558
2583,0.949664
2584,0.889259
2585,0.918248
2586,0.891813
2587,0.931601
2588,0.904316
2589,0.861711
2590,0.890998
2591,0.924510
2592,0.893724
2593,0.901060
2594,0.865607
2595,0.935375
2596,0.872991
2597,0.931290
2598,0.896383
2599,0.923750
2600,0.952071
2601,0.841035
2602,0.988134
2603,0.912177
2604,0.932725
2605,0.951562
2606,0.927523
2607,0.930233
2608,0.914339
2609,0.978607
2610,0.908414
2611,0.928192
2612,0.950647
2613,0.898860
2614,0.909431
2615,0.962850
2616,0.944246
2617,0.908201
2618,0.946758
2619,0.879230
2620,0.877279
2621,0.909653
2622,0.903521
2623,0.901259
2624,0.933928
2625,0.881643
2626,0.888021
2627,0.929650
2628,0.964101
2629,0.944856
2630,0.883170
2631,0.928982
2632,0.942531
2633,0.880363
2634,0.926415
2635,0.925633
2636,0.884982
2637,0.896357
2638,0.896555
2639,0.944384
2640,0.916430
2641,0.898541
2642,0.843974
2643,0.956995
2644,0.899250
2645,0.888456
2646,0.928737
2647,0.895026
2648,0.895271
2649,0.907712
2650,0.922940
2651,0.899341
2652,0.915380
2653,0.951540
2654,0.919623
2655,0.906904
2656,0.883489
2657,0.883456
2658,0.854873
2659,0.908629
2660,0.890747
2661,0.912069
2662,0.916432
2663,0.952912
2664,0.952064
2665,0.933155
2666,0.918394
2667,0.922652
2668,0.916941
2669,0.937341
2670,0.904773
2671,0.914570
2672,0.935544
2673,0.905479
2674,0.972269
2675,0.887884
2676,0.917996
2677,0.915535
2678,0.959718
2679,0.909211
2680,0.909355
2681,0.890144
2682,0.918941
2683,0.883045
2684,0.914458
2685,0.930214
2686,0.938883
2687,0.958329
2688,0.883838
2689,0.889385
2690,0.888449
2691,0.899807
2692,0.920773
2693,0.940122
2694,0.897928
2695,0.889461
2696,0.890052
2697,0.886052
2698,0.925937
2699,0.895296
2700,0.946911
2701,0.916023
2702,0.944152
2703,0.912457
2704,0.895769
2705,0.895580
2706,0.985043
2707,0.922332
2708,0.881556
2709,0.857822
2710,0.943319
2711,0.867416
2712,0.924479
2713,0.847728
2714,0.871407
2715,0.898433
2716,0.908579
2717,0.859878
2718,0.876737
2719,0.937992
2720,0.846791
2721,0.972322
2722,0.886033
2723,0.936396
2724,0.896835
2725,0.921287
2726,0.875953
2727,0.889638
2728,0.895960
2729,0.929175
2730,0.893248
2731,0.887447
2732,0.918905
2733,0.873537
2734,0.875420
2735,0.871838
2736,0.925984
2737,0.895782
2738,0.855505
2739,0.918997
2740,0.905178
2741,0.885785
2742,0.913846
2743,0.874380
2744,0.841816
2745,0.899610
2746,0.874084
2747,0.930717
2748,0.937039
2749,0.914342
2750,0.900907
2751,0.936731
2752,0.916379
2753,0.936630
2754,0.920499
2755,0.849925
2756,0.913224
2757,0.929293
2758,0.931381
2759,0.908122
2760,0.921910
2761,0.903781
2762,0.875261
2763,0.912780
2764,0.932738
2765,0.936439
2766,0.948416
2767,0.886052
2768,0.906434
2769,0.862535
2770,0.884074
2771,0.866515
2772,0.887994
2773,0.913449
2774,0.879863
2775,0.886783
2776,0.896147
2777,0.951793
2778,0.921416
2779,0.907883
2780,0.908485
2781,0.944376
2782,0.947191
2783,0.971775
2784,0.898612
2785,0.923861
2786,0.893856
2787,0.895798
2788,0.864069
2789,0.937839
2790,0.908530
2791,0.912925
2792,0.928037
2793,0.915096
2794,0.939587
2795,0.856184
2796,0.866879
2797,0.936888
2798,0.873699
2799,0.952355
2800,0.902677
2801,0.909606
2802,0.887629
2803,0.852684
2804,0.874718
2805,0.875319
2806,0.880241
2807,0.937693
2808,0.943551
2809,0.895416
2810,0.840550
2811,0.886973
2812,0.903288
2813,0.868465
2814,0.825662
2815,0.911962
2816,0.914808
2817,0.891666
2818,0.916688
2819,0.899067
2820,0.877768
2821,0.897127
2822,0.920096
2823,0.844163
2824,0.889680
2825,0.936970
2826,0.914047
2827,0.888321
2828,0.934010
2829,0.867514
2830,0.922703
2831,0.883960
2832,0.915468
2833,0.902235
2834,0.895651
2835,0.874168
2836,0.885495
2837,0.958329
2838,0.922459
2839,0.845757
2840,0.906213
2841,0.945924
2842,0.925350
2843,0.972881
2844,0.890765
2845,0.900433
2846,0.944786
2847,0.920355
2848,0.831428
2849,0.914546
2850,0.922326
2851,0.877844
2852,0.849715
2853,0.857192
2854,0.894317
2855,0.882766
2856,0.899154
2857,0.874087
2858,0.928410
2859,0.979129
2860,0.909465
2861,0.896302
2862,0.878926
2863,0.883233
2864,0.866104
2865,0.882749
2866,0.855485
2867,0.903994
2868,0.850847
2869,0.888959
2870,0.969116
2871,0.868336
2872,0.907076
2873,0.934361
2874,0.938159
2875,0.858942
2876,0.955657
2877,0.848964
2878,0.875977
2879,0.908698
2880,0.908040
2881,0.870739
2882,0.907419
2883,0.852260
2884,0.881195
2885,0.887944
2886,0.870909
2887,0.881838
2888,0.914706
2889,0.850231
2890,0.846568
2891,0.857320
2892,0.927045
2893,0.945500
2894,0.920012
2895,0.844817
2896,0.903408
2897,0.891508
2898,0.939669
2899,0.922154
2900,0.903706
2901,0.863193
2902,0.923916
2903,0.930982
2904,0.873051
2905,0.934966
2906,0.939126
2907,0.864280
2908,0.873299
2909,0.872386
2910,0.919802
2911,0.899995
2912,0.900653
2913,0.839738
2914,0.903216
2915,0.876054
2916,0.898189
2917,0.876046
2918,0.935837
2919,0.868363
2920,0.899594
2921,0.873590
2922,0.885188
2923,0.892787
2924,0.835979
2925,0.867591
2926,0.950918
2927,0.897173
2928,0.861229
2929,0.849440
2930,0.879889
2931,0.903151
2932,0.939376
2933,0.886140
2934,0.948162
2935,0.850291
2936,0.917143
2937,0.892364
2938,0.863563
2939,0.857736
2940,0.884428
2941,0.873153
2942,0.886064
2943,0.867601
2944,0.874573
2945,0.965232
2946,0.863261
2947,0.832479
2948,0.890759
2949,0.908603
2950,0.899929
2951,0.898546
2952,0.860645
2953,0.893486
2954,0.836274
2955,0.905095
2956,0.879777
2957,0.861143
2958,0.951616
2959,0.904813
2960,0.913783
2961,0.910117
2962,0.885471
2963,0.897863
2964,0.929487
2965,0.897907
2966,0.895311
2967,0.841355
2968,0.897461
2969,0.902054
2970,0.815208
2971,0.887632
2972,0.883837
2973,0.885837
2974,0.946372
2975,0.857197
2976,0.919532
2977,0.960686
2978,0.921176
2979,0.933031
2980,0.906275
2981,0.950065
2982,0.935115
2983,0.835674
2984,0.909945
2985,0.849629
2986,0.933131
2987,0.918523
2988,0.857825
2989,0.869511
2990,0.890148
2991,0.851510
2992,0.859122
2993,0.924146
2994,0.908244
2995,0.858636
2996,0.905735
2997,0.855670
2998,0.915540
2999,0.872386
3000,0.949857
3001,0.952154
3002,0.872823
3003,0.865207
3004,0.881893
3005,0.836295
3006,0.936426
3007,0.934065
3008,0.893808
3009,0.871756
3010,0.897315
3011,0.899352
3012,0.905701
3013,0.899278
3014,0.915283
3015,0.890575
3016,0.906862
3017,0.990125
3018,0.913034
3019,0.902975
3020,0.914385
3021,0.899783
3022,0.924333
3023,0.856377
3024,0.883309
3025,0.951617
3026,0.886656
3027,0.890898
3028,0.911113
3029,0.858739
3030,0.893998
3031,0.886435
3032,0.934372
3033,0.877205
3034,0.879380
3035,0.922262
3036,0.877544
3037,0.864716
3038,0.965944
3039,0.941954
3040,0.878854
3041,0.893975
3042,0.912988
3043,0.906950
3044,0.911894
3045,0.893902
3046,0.874808
3047,0.874786
3048,0.881200
3049,0.863187
3050,0.910439
3051,0.935116
3052,0.927393
3053,0.871819
3054,0.890149
3055,0.810895
3056,0.877853
3057,0.904939
3058,0.874446
3059,0.865976
3060,0.910754
3061,0.910802
3062,0.864474
3063,0.901947
3064,0.844402
3065,0.903742
3066,0.883393
3067,0.913532
3068,0.850403
3069,0.887122
3070,0.911910
3071,0.914042
3072,0.894054
3073,0.866410
3074,0.918796
3075,0.904850
3076,0.867430
3077,0.907767
3078,0.869481
3079,0.866524
3080,0.881553
3081,0.845030
3082,0.938046
3083,0.887078
3084,0.854993
3085,0.891907
3086,0.878709
3087,0.878071
3088,0.893196
3089,0.878859
3090,0.920807
3091,0.880893
3092,0.892809
3093,0.924555
3094,0.926650
3095,0.838960
3096,0.908616
3097,0.879255
3098,0.945059
3099,0.919897
3100,0.894222
3101,0.914518
3102,0.867352
3103,0.841258
3104,0.877174
3105,0.867259
3106,0.874062
3107,0.898380
3108,0.864853
3109,0.884687
3110,0.944424
3111,0.935532
3112,0.839789
3113,0.923621
3114,0.896742
3115,0.871216
3116,0.895216
3117,0.921062
3118,0.863693
3119,0.941223
3120,0.915551
3121,0.898956
3122,0.870509
3123,0.940867
3124,0.882066
3125,0.846621
3126,0.915906
3127,0.891412
3128,0.893939
3129,0.911347
3130,0.865363
3131,0.872692
3132,0.867326
3133,0.932304
3134,0.890699
3135,0.915453
3136,0.871268
3137,0.873525
3138,0.935629
3139,0.936393
3140,0.869271
3141,0.921038
3142,0.870425
3143,0.878447
3144,0.900973
3145,0.910045
3146,0.922282
3147,0.914887
3148,0.856145
3149,0.831913
3150,0.859302
3151,0.879329
3152,0.838919
3153,0.872640
3154,0.897053
3155,0.868873
3156,0.856644
3157,0.920035
3158,0.819564
3159,0.874055
3160,0.911976
3161,0.857691
3162,0.884137
3163,0.880504
3164,0.911822
3165,0.893747
3166,0.874951
3167,0.917049
3168,0.809169
3169,0.927936
3170,0.878525
3171,0.901146
3172,0.904461
3173,0.871418
3174,0.854935
3175,0.862082
3176,0.847804
3177,0.854230
3178,0.834970
3179,0.817368
3180,0.903659
3181,0.851337
3182,0.834021
3183,0.839196
3184,0.972033
3185,0.880375
3186,0.835522
3187,0.882424
3188,0.861506
3189,0.887840
3190,0.894614
3191,0.882754
3192,0.925860
3193,0.879844
3194,0.907522
3195,0.922469
3196,0.913097
3197,0.858955
3198,0.891499
3199,0.911432
3200,0.894126
3201,0.899789
3202,0.949466
3203,0.885571
3204,0.956233
3205,0.900782
3206,0.884717
3207,0.924553
3208,0.837837
3209,0.879490
3210,0.833943
3211,0.905129
3212,0.906606
3213,0.881289
3214,0.887604
3215,0.857140
3216,0.883812
3217,0.941070
3218,0.924441
3219,0.842151
3220,0.910124
3221,0.866532
3222,0.880281
3223,0.896720
3224,0.857304
3225,0.883983
3226,0.867907
3227,0.851622
3228,0.944942
3229,0.877347
3230,0.916312
3231,0.877428
3232,0.888475
3233,0.848734
3234,0.885440
3235,0.913699
3236,0.919055
3237,0.847268
3238,0.917307
3239,0.906639
3240,0.891518
3241,0.919721
3242,0.879949
3243,0.879030
3244,0.941098
3245,0.923221
3246,0.839310
3247,0.884371
3248,0.908878
3249,0.908555
3250,0.876439
3251,0.903401
3252,0.936743
3253,0.885282
3254,0.891119
3255,0.840958
3256,0.830151
3257,0.870098
3258,0.871672
3259,0.879867
3260,0.840924
3261,0.830774
3262,0.864513
3263,0.924631
3264,0.917352
3265,0.890368
3266,0.889921
3267,0.894053
3268,0.901425
3269,0.913976
3270,0.893662
3271,0.892521
3272,0.860955
3273,0.891137
3274,0.904760
3275,0.868409
3276,0.867812
3277,0.898494
3278,0.867521
3279,0.872609
3280,0.918935
3281,0.830145
3282,0.841177
3283,0.888268
3284,0.888587
3285,0.876003
3286,0.830775
3287,0.901038
3288,0.951767
3289,0.871474
3290,0.864619
3291,0.858809
3292,0.861173
3293,0.904299
3294,0.862172
3295,0.923043
3296,0.869346
3297,0.901692
3298,0.865017
3299,0.857992
3300,0.917094
3301,0.930899
3302,0.900723
3303,0.901792
3304,0.868297
3305,0.888174
3306,0.817380
3307,0.858312
3308,0.869370
3309,0.862609
3310,0.905043
3311,0.889790
3312,0.908763
3313,0.903830
3314,0.897938
3315,0.881174
3316,0.908277
3317,0.900095
3318,0.863245
3319,0.856786
3320,0.872010
3321,0.807101
3322,0.833390
3323,0.791456
3324,0.871672
3325,0.829790
3326,0.853174
3327,0.872826
3328,0.838468
3329,0.888199
3330,0.885604
3331,0.864283
3332,0.886852
3333,0.893199
3334,0.827465
3335,0.912051
3336,0.891602
3337,0.893423
3338,0.843756
3339,0.912704
3340,0.892709
3341,0.866193
3342,0.874347
3343,0.909086
3344,0.835015
3345,0.911817
3346,0.904249
3347,0.901610
3348,0.871263
3349,0.851153
3350,0.917630
3351,0.907843
3352,0.858602
3353,0.876813
3354,0.906237
3355,0.854338
3356,0.841762
3357,0.878464
3358,0.851401
3359,0.897153
3360,0.873087
3361,0.908232
3362,0.879738
3363,0.903240
3364,0.841124
3365,0.870710
3366,0.877441
3367,0.846795
3368,0.920183
3369,0.842293
3370,0.871548
3371,0.872154
3372,0.904722
3373,0.879867
3374,0.903427
3375,0.881314
3376,0.866703
3377,0.898876
3378,0.828504
3379,0.858580
3380,0.905038
3381,0.908778
3382,0.917367
3383,0.900443
3384,0.874111
3385,0.838845
3386,0.897555
3387,0.899894
3388,0.841548
3389,0.906163
3390,0.877968
3391,0.878417
3392,0.781044
3393,0.853943
3394,0.873402
3395,0.921382
3396,0.884094
3397,0.909324
3398,0.883783
3399,0.892831
3400,0.848009
3401,0.896205
3402,0.856449
3403,0.904647
3404,0.832488
3405,0.889810
3406,0.907095
3407,0.937366
3408,0.877159
3409,0.871514
3410,0.907406
3411,0.824290
3412,0.847512
3413,0.884807
3414,0.894371
3415,0.866090
3416,0.860520
3417,0.920165
3418,0.825318
3419,0.871002
3420,0.847985
3421,0.843401
3422,0.873477
3423,0.846851
3424,0.896450
3425,0.883096
3426,0.892141
3427,0.874896
3428,0.830330
3429,0.934632
3430,0.837837
3431,0.859787
3432,0.869458
3433,0.851825
3434,0.914605
3435,0.889274
3436,0.892751
3437,0.883755
3438,0.934668
3439,0.858783
3440,0.909705
3441,0.926721
3442,0.837555
3443,0.850895
3444,0.894013
3445,0.865735
3446,0.870205
3447,0.818009
3448,0.948762
3449,0.889669
3450,0.908772
3451,0.840461
3452,0.826319
3453,0.832270
3454,0.915650
3455,0.868989
3456,0.865718
3457,0.837712
3458,0.875975
3459,0.914846
3460,0.855428
3461,0.866638
3462,0.843028
3463,0.863422
3464,0.896905
3465,0.835999
3466,0.830396
3467,0.888419
3468,0.833630
3469,0.887704
3470,0.859715
3471,0.848353
3472,0.831775
3473,0.901321
3474,0.862571
3475,0.869815
3476,0.842144
3477,0.833652
3478,0.859051
3479,0.879220
3480,0.849020
3481,0.878534
3482,0.874741
3483,0.818202
3484,0.880778
3485,0.912472
3486,0.893941
3487,0.884946
3488,0.962541
3489,0.896629
3490,0.879079
3491,0.854445
3492,0.865239
3493,0.892721
3494,0.838036
3495,0.880162
3496,0.876759
3497,0.876834
3498,0.826098
3499,0.877012
3500,0.897451
3501,0.857930
3502,0.855243
3503,0.881680
3504,0.908406
3505,0.893616
3506,0.806648
3507,0.883588
3508,0.904216
3509,0.907375
3510,0.858803
3511,0.826471
3512,0.893531
3513,0.886562
3514,0.840865
3515,0.854090
3516,0.911793
3517,0.847644
3518,0.870279
3519,0.883342
3520,0.892590
3521,0.815567
3522,0.863846
3523,0.815600
3524,0.888241
3525,0.798695
3526,0.866860
3527,0.864621
3528,0.834956
3529,0.883695
3530,0.878024
3531,0.858532
3532,0.878281
3533,0.866340
3534,0.867489
3535,0.860422
3536,0.865814
3537,0.882467
3538,0.921599
3539,0.870468
3540,0.942043
3541,0.857193
3542,0.848038
3543,0.876845
3544,0.895232
3545,0.855052
3546,0.868048
3547,0.895221
3548,0.923373
3549,0.883593
3550,0.877017
3551,0.936017
3552,0.859472
3553,0.875368
3554,0.865963
3555,0.914525
3556,0.920276
3557,0.853487
3558,0.831645
3559,0.864754
3560,0.833694
3561,0.835387
3562,0.860957
3563,0.936318
3564,0.829658
3565,0.870583
3566,0.864626
3567,0.849516
3568,0.955480
3569,0.868971
3570,0.852513
3571,0.905105
3572,0.880163
3573,0.953777
3574,0.849335
3575,0.853282
3576,0.864054
3577,0.850979
3578,0.882543
3579,0.868431
3580,0.906054
3581,0.824497
3582,0.857796
3583,0.899250
3584,0.896319
3585,0.851540
3586,0.889307
3587,0.880350
3588,0.881491
3589,0.839131
3590,0.875522
3591,0.872712
3592,0.860083
3593,0.811361
3594,0.835852
3595,0.872195
3596,0.815762
3597,0.849833
3598,0.868547
3599,0.897324
3600,0.817936
3601,0.922425
3602,0.899621
3603,0.889867
3604,0.838614
3605,0.888350
3606,0.884055
3607,0.867517
3608,0.868896
3609,0.826461
3610,0.873234
3611,0.910678
3612,0.876423
3613,0.887559
3614,0.889081
3615,0.884818
3616,0.852252
3617,0.839769
3618,0.857451
3619,0.884686
3620,0.897257
3621,0.819122
3622,0.885813
3623,0.881919
3624,0.855925
3625,0.832991
3626,0.879342
3627,0.850709
3628,0.859528
3629,0.873735
3630,0.908733
3631,0.827716
3632,0.857527
3633,0.902066
3634,0.909239
3635,0.858087
3636,0.860322
3637,0.872903
3638,0.883813
3639,0.899212
3640,0.830206
3641,0.906416
3642,0.900281
3643,0.925650
3644,0.862045
3645,0.915240
3646,0.922460
3647,0.858589
3648,0.881528
3649,0.881308
3650,0.809330
3651,0.856859
3652,0.874446
3653,0.944061
3654,0.859801
3655,0.892426
3656,0.881029
3657,0.918270
3658,0.902152
3659,0.881968
3660,0.883773
3661,0.843328
3662,0.866535
3663,0.882262
3664,0.888281
3665,0.863763
3666,0.883746
3667,0.925875
3668,0.851806
3669,0.876981
3670,0.893773
3671,0.852297
3672,0.857973
3673,0.873405
3674,0.824587
3675,0.915075
3676,0.915537
3677,0.847999
3678,0.829826
3679,0.842091
3680,0.852753
3681,0.836854
3682,0.923065
3683,0.833961
3684,0.844643
3685,0.850046
3686,0.936776
3687,0.841496
3688,0.886292
3689,0.835376
3690,0.883512
3691,0.897534
3692,0.841824
3693,0.805792
3694,0.833547
3695,0.850148
3696,0.837827
3697,0.886649
3698,0.827742
3699,0.830050
3700,0.852642
3701,0.975070
3702,0.869653
3703,0.801954
3704,0.817544
3705,0.873958
3706,0.810551
3707,0.856505
3708,0.883778
3709,0.869862
3710,0.837934
3711,0.844234
3712,0.865105
3713,0.897228
3714,0.869981
3715,0.829642
3716,0.872632
3717,0.897603
3718,0.762719
3719,0.881545
3720,0.926753
3721,0.845004
3722,0.930518
3723,0.845280
3724,0.818097
3725,0.823670
3726,0.854716
3727,0.835388
3728,0.885948
3729,0.862170
3730,0.835113
3731,0.847196
3732,0.903742
3733,0.884126
3734,0.911839
3735,0.881111
3736,0.886045
3737,0.881416
3738,0.876055
3739,0.875887
3740,0.880939
3741,0.854354
3742,0.873568
3743,0.888216
3744,0.853709
3745,0.862293
3746,0.909584
3747,0.896194
3748,0.865293
3749,0.869559
3750,0.877964
3751,0.860618
3752,0.848092
3753,0.884053
3754,0.832868
3755,0.887490
3756,0.902835
3757,0.834086
3758,0.878024
3759,0.914482
3760,0.851923
3761,0.851639
3762,0.876112
3763,0.872240
3764,0.865792
3765,0.884194
3766,0.861570
3767,0.913103
3768,0.856582
3769,0.855061
3770,0.842524
3771,0.875507
3772,0.865475
3773,0.888022
3774,0.884320
3775,0.873676
3776,0.863682
3777,0.876532
3778,0.834515
3779,0.860537
3780,0.854284
3781,0.915113
3782,0.882962
3783,0.867025
3784,0.832318
3785,0.842695
3786,0.866503
3787,0.860341
3788,0.805472
3789,0.869302
3790,0.852302
3791,0.883177
3792,0.833672
3793,0.856003
3794,0.853378
3795,0.841897
3796,0.886998
3797,0.815201
3798,0.857114
3799,0.870927
3800,0.861337
3801,0.858544
3802,0.909455
3803,0.901975
3804,0.855911
3805,0.932705
3806,0.831353
3807,0.865043
3808,0.855751
3809,0.836193
3810,0.851684
3811,0.891730
3812,0.835233
3813,0.865614
3814,0.871371
3815,0.860604
3816,0.844634
3817,0.887501
3818,0.894413
3819,0.885899
3820,0.846946
3821,0.863342
3822,0.822635
3823,0.923526
3824,0.848700
3825,0.867905
3826,0.824657
3827,0.860982
3828,0.878663
3829,0.880068
3830,0.800014
3831,0.853163
3832,0.872331
3833,0.862885
3834,0.866718
3835,0.833660
3836,0.867911
3837,0.855241
3838,0.918035
3839,0.855918
3840,0.805975
3841,0.846926
3842,0.940455
3843,0.872581
3844,0.869854
3845,0.863760
3846,0.864249
3847,0.837871
3848,0.869452
3849,0.875789
3850,0.832700
3851,0.822868
3852,0.828349
3853,0.891638
3854,0.837613
3855,0.872302
3856,0.877666
3857,0.889896
3858,0.866667
3859,0.842058
3860,0.884341
3861,0.876737
3862,0.835953
3863,0.879393
3864,0.863648
3865,0.820858
3866,0.869267
3867,0.884610
3868,0.812089
3869,0.880148
3870,0.887962
3871,0.850654
3872,0.868762
3873,0.844464
3874,0.909409
3875,0.838784
3876,0.824764
3877,0.876014
3878,0.880483
3879,0.824698
3880,0.815677
3881,0.852877
3882,0.906074
3883,0.855416
3884,0.821971
3885,0.877849
3886,0.863672
3887,0.873211
3888,0.836173
3889,0.870425
3890,0.847850
3891,0.838158
3892,0.860823
3893,0.845009
3894,0.844802
3895,0.875737
3896,0.832798
3897,0.864930
3898,0.875228
3899,0.833883
3900,0.849880
3901,0.836064
3902,0.816782
3903,0.815667
3904,0.812532
3905,0.813775
3906,0.846658
3907,0.832537
3908,0.834090
3909,0.819702
3910,0.835944
3911,0.826420
3912,0.861823
3913,0.833709
3914,0.868070
3915,0.888502
3916,0.830337
3917,0.855986
3918,0.823249
3919,0.867994
3920,0.877691
3921,0.831164
3922,0.840994
3923,0.825529
3924,0.757048
3925,0.892034
3926,0.836169
3927,0.815575
3928,0.887060
3929,0.876493
3930,0.868442
3931,0.893438
3932,0.850898
3933,0.838975
3934,0.828768
3935,0.928280
3936,0.856242
3937,0.837052
3938,0.868361
3939,0.880197
3940,0.830611
3941,0.860684
3942,0.818240
3943,0.824682
3944,0.828564
3945,0.899057
3946,0.814664
3947,0.850321
3948,0.851224
3949,0.861083
3950,0.816824
3951,0.893425
3952,0.884886
3953,0.881784
3954,0.829613
3955,0.842896
3956,0.875718
3957,0.863470
3958,0.889528
3959,0.848484
3960,0.859087
3961,0.811349
3962,0.870617
3963,0.835545
3964,0.872994
3965,0.817294
3966,0.907086
3967,0.874809
3968,0.864267
3969,0.840351
3970,0.897227
3971,0.842769
3972,0.858362
3973,0.799415
3974,0.869387
3975,0.882105
3976,0.882151
3977,0.844397
3978,0.813986
3979,0.846483
3980,0.885991
3981,0.787011
3982,0.883570
3983,0.869663
3984,0.818935
3985,0.841593
3986,0.848939
3987,0.864256
3988,0.857212
3989,0.869131
3990,0.826914
3991,0.857438
3992,0.801092
3993,0.842721
3994,0.918575
3995,0.860020
3996,0.855620
3997,0.843150
3998,0.873613
3999,0.816443
4000,0.892154
4001,0.874082
4002,0.869662
4003,0.882325
4004,0.849603
4005,0.845783
4006,0.941523
4007,0.840870
4008,0.898156
4009,0.885967
4010,0.802247
4011,0.876213
4012,0.858432
4013,0.840060
4014,0.848970
4015,0.868885
4016,0.857295
4017,0.891803
4018,0.848947
4019,0.852191
4020,0.841831
4021,0.873028
4022,0.866383
4023,0.882532
4024,0.882716
4025,0.818788
4026,0.864089
4027,0.812274
4028,0.856422
4029,0.820211
4030,0.847120
4031,0.846818
4032,0.849422
4033,0.910704
4034,0.824473
4035,0.802045
4036,0.809344
4037,0.834821
4038,0.847062
4039,0.845169
4040,0.829817
4041,0.862366
4042,0.862443
4043,0.887894
4044,0.827008
4045,0.868849
4046,0.860501
4047,0.885033
4048,0.823744
4049,0.844449
4050,0.808777
4051,0.883182
4052,0.855013
4053,0.851871
4054,0.895229
4055,0.846173
4056,0.814887
4057,0.846999
4058,0.821170
4059,0.893752
4060,0.854193
4061,0.856903
4062,0.818403
4063,0.879555
4064,0.828081
4065,0.847427
4066,0.808863
4067,0.831697
4068,0.862510
4069,0.801781
4070,0.895268
4071,0.815758
4072,0.828652
4073,0.889715
4074,0.865432
4075,0.864032
4076,0.854703
4077,0.829456
4078,0.860099
4079,0.878267
4080,0.850812
4081,0.874635
4082,0.850527
4083,0.842173
4084,0.875529
4085,0.863852
4086,0.832362
4087,0.864370
4088,0.870073
4089,0.863993
4090,0.918436
4091,0.865114
4092,0.894920
4093,0.778098
4094,0.805202
4095,0.841096
4096,0.830791
4097,0.811012
4098,0.879165
4099,0.835611
4100,0.869837
4101,0.882677
4102,0.870266
4103,0.872664
4104,0.808229
4105,0.854469
4106,0.843287
4107,0.899366
4108,0.903681
4109,0.816211
4110,0.860498
4111,0.876704
4112,0.916779
4113,0.848580
4114,0.884636
4115,0.891744
4116,0.824623
4117,0.839706
4118,0.876448
4119,0.862564
4120,0.875928
4121,0.870338
4122,0.865393
4123,0.832755
4124,0.849099
4125,0.813498
4126,0.852649
4127,0.883321
4128,0.869133
4129,0.880840
4130,0.848813
4131,0.853847
4132,0.863257
4133,0.847157
4134,0.901118
4135,0.829585
4136,0.843158
4137,0.799072
4138,0.814618
4139,0.816915
4140,0.864201
4141,0.863333
4142,0.783034
4143,0.833239
4144,0.836474
4145,0.832722
4146,0.910119
4147,0.898381
4148,0.848940
4149,0.853812
4150,0.836992
4151,0.852904
4152,0.832999
4153,0.844688
4154,0.877775
4155,0.840327
4156,0.802480
4157,0.862230
4158,0.860832
4159,0.864303
4160,0.865842
4161,0.826521
4162,0.834829
4163,0.828644
4164,0.897809
4165,0.847070
4166,0.879410
4167,0.888874
4168,0.837723
4169,0.842210
4170,0.813227
4171,0.859396
4172,0.823098
4173,0.817746
4174,0.873299
4175,0.819375
4176,0.864637
4177,0.885233
4178,0.821815
4179,0.835535
4180,0.845261
4181,0.878626
4182,0.811132
4183,0.862463
4184,0.832074
4185,0.857916
4186,0.812049
4187,0.828873
4188,0.849953
4189,0.862059
4190,0.814228
4191,0.860359
4192,0.884827
4193,0.873658
4194,0.839267
4195,0.869545
4196,0.881343
4197,0.890566
4198,0.839675
4199,0.881900
4200,0.884403
4201,0.838245
4202,0.818671
4203,0.869491
4204,0.851863
4205,0.885226
4206,0.866916
4207,0.851781
4208,0.878601
4209,0.895025
4210,0.870073
4211,0.863476
4212,0.811873
4213,0.887213
4214,0.828721
4215,0.845286
4216,0.858888
4217,0.830558
4218,0.787471
4219,0.850117
4220,0.885771
4221,0.886654
4222,0.892976
4223,0.910065
4224,0.817314
4225,0.867383
4226,0.837928
4227,0.860719
4228,0.924282
4229,0.847996
4230,0.842147
4231,0.797152
4232,0.857509
4233,0.865612
4234,0.846924
4235,0.820882
4236,0.814903
4237,0.863093
4238,0.853980
4239,0.864632
4240,0.801155
4241,0.826361
4242,0.871604
4243,0.788022
4244,0.851724
4245,0.897648
4246,0.838636
4247,0.828907
4248,0.858823
4249,0.841377
4250,0.819263
4251,0.860066
4252,0.837216
4253,0.852080
4254,0.832955
4255,0.876993
4256,0.810559
4257,0.850385
4258,0.831585
4259,0.822505
4260,0.874492
4261,0.847225
4262,0.848408
4263,0.853525
4264,0.798065
4265,0.782770
4266,0.855750
4267,0.843329
4268,0.832740
4269,0.895244
4270,0.851214
4271,0.844100
4272,0.826497
4273,0.825754
4274,0.882730
4275,0.825284
4276,0.863315
4277,0.820273
4278,0.770788
4279,0.863234
4280,0.911677
4281,0.878757
4282,0.852630
4283,0.842786
4284,0.797848
4285,0.827137
4286,0.841852
4287,0.871424
4288,0.812792
4289,0.843340
4290,0.893420
4291,0.814708
4292,0.842006
4293,0.830539
4294,0.884319
4295,0.842199
4296,0.859507
4297,0.857572
4298,0.894263
4299,0.875185
4300,0.807245
4301,0.835250
4302,0.877026
4303,0.804428
4304,0.819034
4305,0.855412
4306,0.886477
4307,0.879223
4308,0.892296
4309,0.807532
4310,0.882172
4311,0.837818
4312,0.844219
4313,0.839105
4314,0.800412
4315,0.851601
4316,0.871190
4317,0.794804
4318,0.838232
4319,0.813947
4320,0.799005
4321,0.853162
4322,0.840506
4323,0.879419
4324,0.824143
4325,0.837077
4326,0.809040
4327,0.874304
4328,0.901082
4329,0.847502
4330,0.863079
4331,0.808265
4332,0.839313
4333,0.865659
4334,0.803517
4335,0.853930
4336,0.803410
4337,0.793393
4338,0.851683
4339,0.829015
4340,0.804025
4341,0.847414
4342,0.849055
4343,0.898676
4344,0.885315
4345,0.827671
4346,0.863866
4347,0.824489
4348,0.867430
4349,0.837511
4350,0.855981
4351,0.868177
4352,0.814990
4353,0.817760
4354,0.907691
4355,0.848112
4356,0.827262
4357,0.849957
4358,0.886631
4359,0.878259
4360,0.900409
4361,0.884195
4362,0.811256
4363,0.837469
4364,0.799945
4365,0.821343
4366,0.857416
4367,0.836695
4368,0.853168
4369,0.902186
4370,0.858690
4371,0.914856
4372,0.856439
4373,0.819073
4374,0.868580
4375,0.832783
4376,0.837114
4377,0.862903
4378,0.832781
4379,0.852884
4380,0.865323
4381,0.851483
4382,0.874252
4383,0.835243
4384,0.849497
4385,0.862828
4386,0.857535
4387,0.805932
4388,0.856906
4389,0.797143
4390,0.888824
4391,0.829230
4392,0.915200
4393,0.805255
4394,0.853056
4395,0.855119
4396,0.840755
4397,0.847731
4398,0.869244
4399,0.844604
4400,0.812174
4401,0.811512
4402,0.897343
4403,0.861039
4404,0.840470
4405,0.838693
4406,0.821628
4407,0.816150
4408,0.833358
4409,0.860225
4410,0.818812
4411,0.798792
4412,0.790315
4413,0.840211
4414,0.806172
4415,0.828236
4416,0.839937
4417,0.787315
4418,0.849498
4419,0.898911
4420,0.919531
4421,0.789846
4422,0.870655
4423,0.848567
4424,0.822729
4425,0.836853
4426,0.854200
4427,0.844577
4428,0.905829
4429,0.837669
4430,0.812916
4431,0.808033
4432,0.809239
4433,0.799967
4434,0.884240
4435,0.878632
4436,0.785273
4437,0.804938
4438,0.802564
4439,0.815492
4440,0.823428
4441,0.883225
4442,0.854429
4443,0.805098
4444,0.849262
4445,0.842979
4446,0.834459
4447,0.836495
4448,0.847063
4449,0.844637
4450,0.841255
4451,0.854633
4452,0.867710
4453,0.839318
4454,0.821235
4455,0.843508
4456,0.793828
4457,0.842196
4458,0.918478
4459,0.873242
4460,0.834521
4461,0.925739
4462,0.808811
4463,0.796537
4464,0.819274
4465,0.862259
4466,0.851276
4467,0.849853
4468,0.832615
4469,0.900149
4470,0.805413
4471,0.875252
4472,0.828985
4473,0.848471
4474,0.831468
4475,0.837527
4476,0.798617
4477,0.825643
4478,0.856788
4479,0.811823
4480,0.924012
4481,0.826294
4482,0.845210
4483,0.820446
4484,0.863449
4485,0.846944
4486,0.875422
4487,0.835077
4488,0.860530
4489,0.839070
4490,0.888459
4491,0.876524
4492,0.832730
4493,0.874689
4494,0.844142
4495,0.836203
4496,0.883289
4497,0.876533
4498,0.785582
4499,0.829019
4500,0.822491
4501,0.864789
4502,0.918998
4503,0.824632
4504,0.854333
4505,0.835900
4506,0.840658
4507,0.858667
4508,0.863526
4509,0.795164
4510,0.803447
4511,0.828933
4512,0.881575
4513,0.824187
4514,0.800613
4515,0.835213
4516,0.862127
4517,0.814917
4518,0.793343
4519,0.859815
4520,0.782178
4521,0.868137
4522,0.806696
4523,0.835971
4524,0.851659
4525,0.823660
4526,0.843079
4527,0.837036
4528,0.854294
4529,0.864268
4530,0.817885
4531,0.827203
4532,0.826909
4533,0.843614
4534,0.830063
4535,0.868632
4536,0.856253
4537,0.818888
4538,0.801221
4539,0.878145
4540,0.867283
4541,0.847963
4542,0.827569
4543,0.877744
4544,0.806684
4545,0.847565
4546,0.865307
4547,0.825930
4548,0.847087
4549,0.847912
4550,0.821575
4551,0.821762
4552,0.826333
4553,0.834042
4554,0.808262
4555,0.823701
4556,0.799235
4557,0.899473
4558,0.851963
4559,0.810703
4560,0.870550
4561,0.804589
4562,0.822179
4563,0.870423
4564,0.865091
4565,0.873813
4566,0.838040
4567,0.860330
4568,0.786099
4569,0.819637
4570,0.788693
4571,0.889950
4572,0.824819
4573,0.865921
4574,0.822521
4575,0.854844
4576,0.828209
4577,0.822812
4578,0.903092
4579,0.849463
4580,0.808456
4581,0.808145
4582,0.838763
4583,0.834816
4584,0.853438
4585,0.796515
4586,0.832060
4587,0.847126
4588,0.852377
4589,0.820016
4590,0.850819
4591,0.826242
4592,0.833054
4593,0.863893
4594,0.856421
4595,0.804748
4596,0.781972
4597,0.815579
4598,0.850335
4599,0.834707
4600,0.856861
4601,0.803381
4602,0.842215
4603,0.842060
4604,0.858878
4605,0.833215
4606,0.856649
4607,0.877725
4608,0.794238
4609,0.871725
4610,0.864931
4611,0.839994
4612,0.880077
4613,0.813820
4614,0.822052
4615,0.781923
4616,0.805507
4617,0.832857
4618,0.844134
4619,0.841497
4620,0.872153
4621,0.863903
4622,0.811525
4623,0.831994
4624,0.807301
4625,0.854949
4626,0.824591
4627,0.799169
4628,0.886172
4629,0.843465
4630,0.825525
4631,0.829246
4632,0.862217
4633,0.868922
4634,0.869147
4635,0.865807
4636,0.848503
4637,0.846264
4638,0.814649
4639,0.845755
4640,0.857264
4641,0.827888
4642,0.806373
4643,0.834927
4644,0.872080
4645,0.843528
4646,0.823856
4647,0.890584
4648,0.815322
4649,0.853509
4650,0.879681
4651,0.793515
4652,0.786729
4653,0.823796
4654,0.813134
4655,0.854444
4656,0.845738
4657,0.810008
4658,0.829607
4659,0.852267
4660,0.882815
4661,0.870604
4662,0.804695
4663,0.840167
4664,0.840211
4665,0.815717
4666,0.869102
4667,0.792384
4668,0.856787
4669,0.869488
4670,0.784200
4671,0.826160
4672,0.804370
4673,0.812285
4674,0.868085
4675,0.844989
4676,0.842607
4677,0.837908
4678,0.827806
4679,0.808866
4680,0.826537
4681,0.857663
4682,0.824512
4683,0.852213
4684,0.839082
4685,0.830478
4686,0.803484
4687,0.846993
4688,0.859877
4689,0.835016
4690,0.807874
4691,0.860454
4692,0.824396
4693,0.837572
4694,0.846624
4695,0.814600
4696,0.847930
4697,0.801057
4698,0.860040
4699,0.864124
4700,0.829234
4701,0.836460
4702,0.800824
4703,0.856183
4704,0.844979
4705,0.813487
4706,0.786672
4707,0.858310
4708,0.832623
4709,0.790166
4710,0.866042
4711,0.829638
4712,0.824548
4713,0.896881
4714,0.807587
4715,0.812203
4716,0.844999
4717,0.800725
4718,0.824197
4719,0.820058
4720,0.805353
4721,0.799974
4722,0.826223
4723,0.890400
4724,0.855884
4725,0.879481
4726,0.925132
4727,0.819674
4728,0.796918
4729,0.847302
4730,0.825547
4731,0.853557
4732,0.822863
4733,0.822194
4734,0.846179
4735,0.787925
4736,0.909672
4737,0.883078
4738,0.846056
4739,0.845745
4740,0.873678
4741,0.828189
4742,0.815843
4743,0.825486
4744,0.880631
4745,0.799935
4746,0.838785
4747,0.813347
4748,0.853880
4749,0.825802
4750,0.800407
4751,0.889856
4752,0.885046
4753,0.795712
4754,0.812315
4755,0.846703
4756,0.837002
4757,0.832022
4758,0.838505
4759,0.798182
4760,0.891715
4761,0.875662
4762,0.826011
4763,0.830953
4764,0.820201
4765,0.842529
4766,0.787127
4767,0.821360
4768,0.837563
4769,0.826142
4770,0.845026
4771,0.807669
4772,0.862507
4773,0.767174
4774,0.841092
4775,0.830037
4776,0.907750
4777,0.830723
4778,0.870531
4779,0.780555
4780,0.836795
4781,0.772299
4782,0.842840
4783,0.832334
4784,0.854379
4785,0.807099
4786,0.853846
4787,0.816804
4788,0.854850
4789,0.829176
4790,0.814590
4791,0.842591
4792,0.808915
4793,0.831336
4794,0.863314
4795,0.808562
4796,0.832959
4797,0.793884
4798,0.860178
4799,0.910484
4800,0.858951
4801,0.855733
4802,0.780461
4803,0.894560
4804,0.821876
4805,0.822985
4806,0.843111
4807,0.796631
4808,0.859305
4809,0.829304
4810,0.790508
4811,0.871307
4812,0.831955
4813,0.790382
4814,0.804906
4815,0.767955
4816,0.850865
4817,0.828078
4818,0.853624
4819,0.809043
4820,0.877969
4821,0.851558
4822,0.843296
4823,0.813878
4824,0.873296
4825,0.845103
4826,0.865016
4827,0.817369
4828,0.842868
4829,0.847312
4830,0.810654
4831,0.837728
4832,0.835238
4833,0.862574
4834,0.771461
4835,0.828244
4836,0.892940
4837,0.793660
4838,0.829702
4839,0.886763
4840,0.843409
4841,0.873950
4842,0.869960
4843,0.834913
4844,0.822077
4845,0.867419
4846,0.817193
4847,0.843572
4848,0.819147
4849,0.873136
4850,0.851751
4851,0.800222
4852,0.814695
4853,0.880471
4854,0.805792
4855,0.845415
4856,0.855093
4857,0.790158
4858,0.823774
4859,0.827835
4860,0.882700
4861,0.856543
4862,0.846121
4863,0.855948
4864,0.804069
4865,0.836899
4866,0.812312
4867,0.843935
4868,0.828879
4869,0.852212
4870,0.818242
4871,0.803848
4872,0.833429
4873,0.837591
4874,0.824263
4875,0.820786
4876,0.802725
4877,0.835048
4878,0.804570
4879,0.818775
4880,0.819837
4881,0.797403
4882,0.824806
4883,0.818543
4884,0.812244
4885,0.838430
4886,0.863906
4887,0.866501
4888,0.819375
4889,0.788426
4890,0.792809
4891,0.853059
4892,0.816092
4893,0.838017
4894,0.838062
4895,0.788247
4896,0.847975
4897,0.813130
4898,0.854160
4899,0.778526
4900,0.828470
4901,0.824372
4902,0.852268
4903,0.810332
4904,0.864237
4905,0.793606
4906,0.828741
4907,0.867175
4908,0.850166
4909,0.839985
4910,0.852112
4911,0.853724
4912,0.857516
4913,0.807952
4914,0.843834
4915,0.826653
4916,0.823202
4917,0.871348
4918,0.801669
4919,0.814087
4920,0.824610
4921,0.847396
4922,0.846522
4923,0.852587
4924,0.797864
4925,0.827876
4926,0.844877
4927,0.888544
4928,0.794855
4929,0.825914
4930,0.852367
4931,0.844748
4932,0.801475
4933,0.777327
4934,0.840559
4935,0.877159
4936,0.820181
4937,0.798296
4938,0.853934
4939,0.862290
4940,0.808457
4941,0.790659
4942,0.840225
4943,0.792278
4944,0.810005
4945,0.807954
4946,0.807619
4947,0.875648
4948,0.796718
4949,0.858247
4950,0.822152
4951,0.790005
4952,0.787713
4953,0.822439
4954,0.860643
4955,0.810322
4956,0.885750
4957,0.837928
4958,0.830820
4959,0.837042
4960,0.871414
4961,0.860681
4962,0.850199
4963,0.823613
4964,0.816878
4965,0.773877
4966,0.803422
4967,0.850929
4968,0.801846
4969,0.856563
4970,0.863797
4971,0.831093
4972,0.814159
4973,0.820224
4974,0.856193
4975,0.830385
4976,0.849521
4977,0.835883
4978,0.848264
4979,0.845682
4980,0.798036
4981,0.792143
4982,0.828269
4983,0.847993
4984,0.793574
4985,0.796700
4986,0.812717
4987,0.801874
4988,0.830710
4989,0.785557
4990,0.796907
4991,0.823277
4992,0.806591
4993,0.843257
4994,0.804437
4995,0.864456
4996,0.824362
4997,0.845718
4998,0.829190
4999,0.836974
5000,0.836174
5001,0.822471
5002,0.794282
5003,0.817813
5004,0.823446
5005,0.805989
5006,0.812457
5007,0.842273
5008,0.803895
5009,0.793682
5010,0.841558
5011,0.830393
5012,0.844740
5013,0.856249
5014,0.812331
5015,0.802112
5016,0.872542
5017,0.806877
5018,0.887947
5019,0.844795
5020,0.841239
5021,0.827079
5022,0.832901
5023,0.819427
5024,0.839343
5025,0.835570
5026,0.798896
5027,0.816158
5028,0.828343
5029,0.818680
5030,0.775562
5031,0.874970
5032,0.804405
5033,0.792650
5034,0.836489
5035,0.842758
5036,0.797387
5037,0.843889
5038,0.816346
5039,0.851725
5040,0.839506
5041,0.857983
5042,0.819452
5043,0.835239
5044,0.825190
5045,0.818571
5046,0.848323
5047,0.824635
5048,0.813787
5049,0.874685
5050,0.784406
5051,0.784138
5052,0.854591
5053,0.783206
5054,0.776126
5055,0.873855
5056,0.821386
5057,0.879760
5058,0.810000
5059,0.835896
5060,0.840141
5061,0.858835
5062,0.835147
5063,0.807867
5064,0.816762
5065,0.829056
5066,0.841113
5067,0.773408
5068,0.788279
5069,0.805058
5070,0.835136
5071,0.816473
5072,0.800844
5073,0.829891
5074,0.801798
5075,0.810460
5076,0.844263
5077,0.818925
5078,0.780399
5079,0.812052
5080,0.832921
5081,0.844989
5082,0.834720
5083,0.803210
5084,0.801680
5085,0.815305
5086,0.814458
5087,0.784223
5088,0.822272
5089,0.820627
5090,0.777252
5091,0.821446
5092,0.815277
5093,0.839653
5094,0.810411
5095,0.813032
5096,0.814825
5097,0.812467
5098,0.846683
5099,0.803389
5100,0.860810
5101,0.813435
5102,0.840037
5103,0.792360
5104,0.839568
5105,0.860649
5106,0.851717
5107,0.823903
5108,0.835955
5109,0.885174
5110,0.868057
5111,0.835123
5112,0.785617
5113,0.824287
5114,0.797604
5115,0.839236
5116,0.792383
5117,0.840907
5118,0.809857
5119,0.841026
5120,0.871115
5121,0.866691
5122,0.786883
5123,0.807788
5124,0.812402
5125,0.852706
5126,0.788704
5127,0.798578
5128,0.829231
5129,0.851159
5130,0.854362
5131,0.829196
5132,0.796380
5133,0.805870
5134,0.797230
5135,0.859083
5136,0.812977
5137,0.835355
5138,0.769317
5139,0.823413
5140,0.770070
5141,0.840880
5142,0.871257
5143,0.801713
5144,0.837281
5145,0.855337
5146,0.818256
5147,0.837620
5148,0.785423
5149,0.859153
5150,0.790113
5151,0.827397
5152,0.784694
5153,0.808638
5154,0.780426
5155,0.796151
5156,0.841547
5157,0.845144
5158,0.870081
5159,0.820091
5160,0.864554
5161,0.822931
5162,0.800673
5163,0.812818
5164,0.886690
5165,0.814876
5166,0.809947
5167,0.860968
5168,0.824815
5169,0.842698
5170,0.824138
5171,0.846749
5172,0.821894
5173,0.814425
5174,0.815111
5175,0.813537
5176,0.831754
5177,0.849685
5178,0.834696
5179,0.791404
5180,0.847018
5181,0.851671
5182,0.871468
5183,0.829227
5184,0.833974
5185,0.865444
5186,0.844260
5187,0.777694
5188,0.807700
5189,0.865919
5190,0.843602
5191,0.864135
5192,0.806459
5193,0.819107
5194,0.803831
5195,0.781949
5196,0.790667
5197,0.859112
5198,0.812292
5199,0.879487
5200,0.859545
5201,0.816432
5202,0.826461
5203,0.832044
5204,0.834420
5205,0.787994
5206,0.796569
5207,0.893571
5208,0.801680
5209,0.839329
5210,0.812283
5211,0.852202
5212,0.804996
5213,0.888573
5214,0.793308
5215,0.832416
5216,0.803629
5217,0.836335
5218,0.856267
5219,0.809869
5220,0.814041
5221,0.818819
5222,0.802846
5223,0.839406
5224,0.805467
5225,0.835512
5226,0.802471
5227,0.833136
5228,0.815697
5229,0.806838
5230,0.758567
5231,0.838949
5232,0.806389
5233,0.862523
5234,0.850029
5235,0.869000
5236,0.883014
5237,0.791844
5238,0.924509
5239,0.843174
5240,0.855639
5241,0.815812
5242,0.825322
5243,0.878262
5244,0.791569
5245,0.851979
5246,0.874976
5247,0.891180
5248,0.812546
5249,0.830841
5250,0.843169
5251,0.794998
5252,0.833368
5253,0.860343
5254,0.825677
5255,0.823216
5256,0.844470
5257,0.835215
5258,0.856535
5259,0.845755
5260,0.834624
5261,0.817013
5262,0.832677
5263,0.850738
5264,0.804010
5265,0.860207
5266,0.790295
5267,0.820138
5268,0.837844
5269,0.841450
5270,0.841316
5271,0.830531
5272,0.813513
5273,0.820582
5274,0.824048
5275,0.848412
5276,0.797409
5277,0.860212
5278,0.800199
5279,0.802348
5280,0.850731
5281,0.862194
5282,0.835463
5283,0.878604
5284,0.807826
5285,0.802858
5286,0.841798
5287,0.854612
5288,0.808341
5289,0.824156
5290,0.797764
5291,0.864235
5292,0.868846
5293,0.810959
5294,0.789258
5295,0.790855
5296,0.807715
5297,0.795891
5298,0.806533
5299,0.860537
5300,0.887864
5301,0.775823
5302,0.808144
5303,0.826417
5304,0.867688
5305,0.860919
5306,0.774686
5307,0.880520
5308,0.780067
5309,0.860179
5310,0.793274
5311,0.864318
5312,0.842239
5313,0.818533
5314,0.769486
5315,0.832258
5316,0.864775
5317,0.813732
5318,0.822620
5319,0.844288
5320,0.798344
5321,0.785868
5322,0.800785
5323,0.861290
5324,0.815123
5325,0.823735
5326,0.829985
5327,0.850185
5328,0.850584
5329,0.815463
5330,0.837641
5331,0.818484
5332,0.834576
5333,0.838385
5334,0.853857
5335,0.806576
5336,0.812110
5337,0.843316
5338,0.811419
5339,0.768053
5340,0.810232
5341,0.809707
5342,0.803250
5343,0.800364
5344,0.829368
5345,0.793658
5346,0.788758
5347,0.847918
5348,0.764834
5349,0.813753
5350,0.788811
5351,0.826703
5352,0.880701
5353,0.797945
5354,0.814833
5355,0.762933
5356,0.876699
5357,0.808331
5358,0.856158
5359,0.830582
5360,0.836163
5361,0.824694
5362,0.865273
5363,0.805179
5364,0.867651
5365,0.820118
5366,0.847442
5367,0.785947
5368,0.842043
5369,0.801453
5370,0.845560
5371,0.874293
5372,0.870661
5373,0.858013
5374,0.784087
5375,0.819028
5376,0.808185
5377,0.844413
5378,0.776801
5379,0.863333
5380,0.855733
5381,0.828878
5382,0.852863
5383,0.836549
5384,0.796546
5385,0.825441
5386,0.763471
5387,0.789847
5388,0.790956
5389,0.818150
5390,0.808356
5391,0.794307
5392,0.816794
5393,0.843411
5394,0.793343
5395,0.784171
5396,0.840130
5397,0.752844
5398,0.795730
5399,0.838089
5400,0.825639
5401,0.820548
5402,0.842696
5403,0.778859
5404,0.825902
5405,0.828079
5406,0.845154
5407,0.809792
5408,0.820536
5409,0.789978
5410,0.805635
5411,0.816675
5412,0.842287
5413,0.847268
5414,0.812547
5415,0.777555
5416,0.800040
5417,0.838031
5418,0.810342
5419,0.847449
5420,0.767074
5421,0.833707
5422,0.842057
5423,0.837084
5424,0.833173
5425,0.766528
5426,0.810143
5427,0.848599
5428,0.810214
5429,0.844460
5430,0.795202
5431,0.830109
5432,0.817060
5433,0.856553
5434,0.842581
5435,0.815521
5436,0.850631
5437,0.822803
5438,0.877573
5439,0.862433
5440,0.842005
5441,0.848713
5442,0.760524
5443,0.766412
5444,0.848159
5445,0.778849
5446,0.809285
5447,0.822033
5448,0.799632
5449,0.829945
5450,0.820688
5451,0.819596
5452,0.855165
5453,0.873544
5454,0.788638
5455,0.832070
5456,0.833977
5457,0.825650
5458,0.840349
5459,0.812958
5460,0.820294
5461,0.820247
5462,0.800480
5463,0.804846
5464,0.790267
5465,0.858960
5466,0.811935
5467,0.838571
5468,0.837804
5469,0.820766
5470,0.814266
5471,0.832813
5472,0.817730
5473,0.819750
5474,0.816236
5475,0.849523
5476,0.821313
5477,0.833817
5478,0.848633
5479,0.764384
5480,0.827049
5481,0.790061
5482,0.826194
5483,0.822677
5484,0.812728
5485,0.871303
5486,0.767173
5487,0.865148
5488,0.820498
5489,0.806606
5490,0.766190
5491,0.815327
5492,0.794603
5493,0.840919
5494,0.863130
5495,0.760460
5496,0.787494
5497,0.844564
5498,0.844373
5499,0.802332
5500,0.854116
5501,0.839940
5502,0.844597
5503,0.840817
5504,0.819657
5505,0.781285
5506,0.798893
5507,0.830243
5508,0.868274
5509,0.802688
5510,0.813871
5511,0.848327
5512,0.842153
5513,0.794117
5514,0.773560
5515,0.814999
5516,0.803979
5517,0.831623
5518,0.804964
5519,0.832231
5520,0.776618
5521,0.822537
5522,0.814364
5523,0.881341
5524,0.801499
5525,0.787245
5526,0.817268
5527,0.842786
5528,0.854929
5529,0.801944
5530,0.799466
5531,0.864437
5532,0.839634
5533,0.801915
5534,0.763272
5535,0.825347
5536,0.880800
5537,0.882517
5538,0.807848
5539,0.821329
5540,0.789953
5541,0.804238
5542,0.833436
5543,0.826263
5544,0.841256
5545,0.808043
5546,0.823578
5547,0.799063
5548,0.780407
5549,0.844638
5550,0.866053
5551,0.804322
5552,0.838960
5553,0.810282
5554,0.823579
5555,0.810960
5556,0.813293
5557,0.839192
5558,0.836293
5559,0.831984
5560,0.819641
5561,0.828443
5562,0.815127
5563,0.826960
5564,0.825460
5565,0.814203
5566,0.831950
5567,0.808982
5568,0.832139
5569,0.849340
5570,0.766042
5571,0.844415
5572,0.824417
5573,0.839422
5574,0.771215
5575,0.786817
5576,0.832613
5577,0.793565
5578,0.856477
5579,0.835169
5580,0.783426
5581,0.830991
5582,0.811607
5583,0.805091
5584,0.815272
5585,0.817571
5586,0.784330
5587,0.796961
5588,0.808045
5589,0.822559
5590,0.794145
5591,0.843756
5592,0.844827
5593,0.782145
5594,0.846512
5595,0.836166
5596,0.835224
5597,0.794124
5598,0.809652
5599,0.812708
5600,0.837383
5601,0.864084
5602,0.778559
5603,0.867412
5604,0.816665
5605,0.754895
5606,0.775478
5607,0.795727
5608,0.835099
5609,0.899659
5610,0.744289
5611,0.831253
5612,0.772445
5613,0.851986
5614,0.820110
5615,0.834920
5616,0.826140
5617,0.826857
5618,0.806454
5619,0.778957
5620,0.808531
5621,0.829576
5622,0.853741
5623,0.824394
5624,0.791530
5625,0.775583
5626,0.823192
5627,0.837938
5628,0.791540
5629,0.837981
5630,0.806599
5631,0.784343
5632,0.792550
5633,0.815522
5634,0.782665
5635,0.825848
5636,0.816297
5637,0.791776
5638,0.803016
5639,0.805332
5640,0.807172
5641,0.809734
5642,0.824972
5643,0.777271
5644,0.810690
5645,0.820355
5646,0.869320
5647,0.797691
5648,0.865308
5649,0.822959
5650,0.805663
5651,0.789341
5652,0.852283
5653,0.813305
5654,0.806325
5655,0.842955
5656,0.838069
5657,0.776567
5658,0.799268
5659,0.841801
5660,0.844418
5661,0.796879
5662,0.827710
5663,0.854276
5664,0.797812
5665,0.815080
5666,0.822412
5667,0.860508
5668,0.821941
5669,0.778763
5670,0.838810
5671,0.862386
5672,0.759994
5673,0.854941
5674,0.849886
5675,0.819575
5676,0.758932
5677,0.776737
5678,0.777890
5679,0.828486
5680,0.807852
5681,0.792526
5682,0.749586
5683,0.830051
5684,0.812422
5685,0.861614
5686,0.863057
5687,0.806177
5688,0.865392
5689,0.766102
5690,0.814145
5691,0.818328
5692,0.798884
5693,0.819932
5694,0.826535
5695,0.784403
5696,0.845804
5697,0.795520
5698,0.763691
5699,0.821304
5700,0.817134
5701,0.817051
5702,0.823093
5703,0.846041
5704,0.792697
5705,0.825668
5706,0.845105
5707,0.874636
5708,0.825932
5709,0.814200
5710,0.803634
5711,0.770652
5712,0.839129
5713,0.773671
5714,0.821326
5715,0.842050
5716,0.814793
5717,0.844084
5718,0.937513
5719,0.776685
5720,0.801062
5721,0.794596
5722,0.821118
5723,0.784744
5724,0.866770
5725,0.820302
5726,0.782488
5727,0.810309
5728,0.865019
5729,0.782569
5730,0.788945
5731,0.814446
5732,0.852551
5733,0.857601
5734,0.766322
5735,0.830554
5736,0.795785
5737,0.761886
5738,0.826802
5739,0.813740
5740,0.796500
5741,0.841911
5742,0.852070
5743,0.839630
5744,0.824612
5745,0.824479
5746,0.866259
5747,0.759586
5748,0.795497
5749,0.805357
5750,0.803032
5751,0.776863
5752,0.852546
5753,0.794254
5754,0.811187
5755,0.845101
5756,0.813853
5757,0.817910
5758,0.818191
5759,0.806163
5760,0.809013
5761,0.766616
5762,0.896132
5763,0.804648
5764,0.849467
5765,0.827177
5766,0.808050
5767,0.835241
5768,0.814782
5769,0.878018
5770,0.838042
5771,0.856912
5772,0.843543
5773,0.846313
5774,0.832449
5775,0.813458
5776,0.795522
5777,0.847251
5778,0.766365
5779,0.800048
5780,0.807595
5781,0.857668
5782,0.840132
5783,0.782156
5784,0.799916
5785,0.760187
5786,0.784465
5787,0.789616
5788,0.769262
5789,0.810982
5790,0.812106
5791,0.803211
5792,0.820659
5793,0.828647
5794,0.807975
5795,0.788698
5796,0.837281
5797,0.866318
5798,0.863267
5799,0.791560
5800,0.828060
5801,0.781553
5802,0.796795
5803,0.810257
5804,0.786446
5805,0.800588
5806,0.790881
5807,0.829956
5808,0.784537
5809,0.817096
5810,0.818227
5811,0.813176
5812,0.819668
5813,0.809701
5814,0.821237
5815,0.828674
5816,0.769357
5817,0.803160
5818,0.839862
5819,0.803936
5820,0.858034
5821,0.819566
5822,0.810481
5823,0.829752
5824,0.805202
5825,0.776661
5826,0.815652
5827,0.860416
5828,0.829405
5829,0.792320
5830,0.789524
5831,0.819790
5832,0.826142
5833,0.791339
5834,0.870337
5835,0.773363
5836,0.794719
5837,0.778392
5838,0.822393
5839,0.784931
5840,0.816481
5841,0.881650
5842,0.826652
5843,0.779967
5844,0.811088
5845,0.843688
5846,0.804896
5847,0.822872
5848,0.846037
5849,0.799344
5850,0.785097
5851,0.778348
5852,0.867506
5853,0.806570
5854,0.789581
5855,0.731626
5856,0.781219
5857,0.781957
5858,0.791004
5859,0.816522
5860,0.880391
5861,0.810569
5862,0.813415
5863,0.806517
5864,0.837112
5865,0.844280
5866,0.809154
5867,0.828057
5868,0.772195
5869,0.807260
5870,0.816866
5871,0.804958
5872,0.765149
5873,0.843170
5874,0.777674
5875,0.772552
5876,0.868599
5877,0.778507
5878,0.827178
5879,0.833970
5880,0.791531
5881,0.778191
5882,0.814898
5883,0.826126
5884,0.785457
5885,0.837296
5886,0.798469
5887,0.780344
5888,0.815620
5889,0.807095
5890,0.809082
5891,0.838099
5892,0.826656
5893,0.820570
5894,0.782223
5895,0.842438
5896,0.797996
5897,0.771814
5898,0.848413
5899,0.814692
5900,0.828405
5901,0.844673
5902,0.848460
5903,0.846500
5904,0.863791
5905,0.854640
5906,0.807988
5907,0.763667
5908,0.777342
5909,0.760167
5910,0.777704
5911,0.839766
5912,0.795718
5913,0.819641
5914,0.773595
5915,0.792362
5916,0.802054
5917,0.767619
5918,0.806285
5919,0.813341
5920,0.792308
5921,0.806001
5922,0.821976
5923,0.805870
5924,0.756408
5925,0.811829
5926,0.802456
5927,0.785847
5928,0.825032
5929,0.826020
5930,0.887026
5931,0.855418
5932,0.810514
5933,0.812332
5934,0.775164
5935,0.839478
5936,0.820985
5937,0.828878
5938,0.805405
5939,0.773283
5940,0.823452
5941,0.806476
5942,0.806224
5943,0.847834
5944,0.802160
5945,0.821939
5946,0.808284
5947,0.815822
5948,0.802699
5949,0.836065
5950,0.787506
5951,0.789004
5952,0.842248
5953,0.804529
5954,0.847589
5955,0.863403
5956,0.874364
5957,0.776244
5958,0.824027
5959,0.847626
5960,0.835734
5961,0.771907
5962,0.818032
5963,0.810376
5964,0.806243
5965,0.803150
5966,0.811320
5967,0.865483
5968,0.763324
5969,0.859371
5970,0.791458
5971,0.803243
5972,0.824600
5973,0.825898
5974,0.789712
5975,0.800299
5976,0.817666
5977,0.826555
5978,0.804069
5979,0.778707
5980,0.792634
5981,0.818306
5982,0.797866
5983,0.776701
5984,0.773813
5985,0.808688
5986,0.789847
5987,0.804675
5988,0.772372
5989,0.799929
5990,0.800959
5991,0.798001
5992,0.812249
5993,0.795478
5994,0.824566
5995,0.815997
5996,0.799330
5997,0.809530
5998,0.830433
5999,0.836603
6000,0.818767
6001,0.772051
6002,0.788661
6003,0.846035
6004,0.811838
6005,0.767138
6006,0.825637
6007,0.774511
6008,0.825687
6009,0.740476
6010,0.779845
6011,0.776265
6012,0.797581
6013,0.834603
6014,0.798249
6015,0.746114
6016,0.815543
6017,0.842148
6018,0.846494
6019,0.824757
6020,0.776029
6021,0.881659
6022,0.776441
6023,0.790390
6024,0.777051
6025,0.846135
6026,0.850132
6027,0.769110
6028,0.812532
6029,0.771073
6030,0.815333
6031,0.807800
6032,0.755534
6033,0.814041
6034,0.840924
6035,0.815567
6036,0.796248
6037,0.823199
6038,0.803944
6039,0.840196
6040,0.762602
6041,0.760911
6042,0.766103
6043,0.808272
6044,0.805181
6045,0.824038
6046,0.839619
6047,0.821328
6048,0.789646
6049,0.810155
6050,0.870343
6051,0.793114
6052,0.826905
6053,0.815600
6054,0.811327
6055,0.883076
6056,0.830461
6057,0.791128
6058,0.817851
6059,0.770512
6060,0.802660
6061,0.826105
6062,0.816880
6063,0.825495
6064,0.793893
6065,0.725875
6066,0.799111
6067,0.815583
6068,0.812281
6069,0.832909
6070,0.790968
6071,0.810598
6072,0.809339
6073,0.806733
6074,0.758057
6075,0.757443
6076,0.839216
6077,0.812201
6078,0.805432
6079,0.794427
6080,0.824119
6081,0.794759
6082,0.762074
6083,0.867122
6084,0.767888
6085,0.785428
6086,0.800650
6087,0.845114
6088,0.837312
6089,0.843656
6090,0.808837
6091,0.834741
6092,0.820276
6093,0.783125
6094,0.760385
6095,0.880374
6096,0.824262
6097,0.833671
6098,0.814272
6099,0.792469
6100,0.770008
6101,0.810656
6102,0.803032
6103,0.817243
6104,0.788846
6105,0.803583
6106,0.803674
6107,0.850904
6108,0.846450
6109,0.792669
6110,0.867118
6111,0.819952
6112,0.802570
6113,0.780777
6114,0.846662
6115,0.769496
6116,0.809568
6117,0.804222
6118,0.806320
6119,0.820383
6120,0.822779
6121,0.812979
6122,0.808511
6123,0.835931
6124,0.865111
6125,0.796963
6126,0.810940
6127,0.870022
6128,0.803368
6129,0.778131
6130,0.853058
6131,0.839975
6132,0.767977
6133,0.829522
6134,0.779345
6135,0.824850
6136,0.783285
6137,0.790314
6138,0.824741
6139,0.801113
6140,0.807186
6141,0.813612
6142,0.781766
6143,0.769441
6144,0.872059
6145,0.845870
6146,0.780954
6147,0.769095
6148,0.830945
6149,0.857596
6150,0.816711
6151,0.826381
6152,0.765616
6153,0.788948
6154,0.790940
6155,0.838315
6156,0.783344
6157,0.807794
6158,0.762276
6159,0.813603
6160,0.789012
6161,0.809210
6162,0.853620
6163,0.800977
6164,0.807748
6165,0.821931
6166,0.889594
6167,0.804467
6168,0.831927
6169,0.831119
6170,0.822789
6171,0.768359
6172,0.814016
6173,0.780233
6174,0.861250
6175,0.800555
6176,0.796770
6177,0.817777
6178,0.837268
6179,0.840445
6180,0.850320
6181,0.861759
6182,0.835413
6183,0.799906
6184,0.775883
6185,0.821969
6186,0.766941
6187,0.879639
6188,0.814298
6189,0.805490
6190,0.790447
6191,0.784715
6192,0.822865
6193,0.793938
6194,0.769570
6195,0.793107
6196,0.778950
6197,0.837842
6198,0.771300
6199,0.789426
6200,0.786464
6201,0.790075
6202,0.776430
6203,0.853233
6204,0.841824
6205,0.768238
6206,0.829264
6207,0.794182
6208,0.761084
6209,0.837528
6210,0.773048
6211,0.781790
6212,0.821486
6213,0.811972
6214,0.785936
6215,0.798996
6216,0.834759
6217,0.773598
6218,0.761176
6219,0.819579
6220,0.830924
6221,0.777923
6222,0.798793
6223,0.803138
6224,0.822313
6225,0.846384
6226,0.811549
6227,0.789520
6228,0.778653
6229,0.810275
6230,0.826179
6231,0.834913
6232,0.817528
6233,0.805367
6234,0.825813
6235,0.802205
6236,0.820484
6237,0.782143
6238,0.780360
6239,0.808655
6240,0.776599
6241,0.763168
6242,0.760359
6243,0.835582
6244,0.747484
6245,0.798476
6246,0.763520
6247,0.784037
6248,0.815475
6249,0.788936
6250,0.787172
6251,0.802219
6252,0.871626
6253,0.877661
6254,0.849756
6255,0.834249
6256,0.836235
6257,0.797567
6258,0.795175
6259,0.745401
6260,0.809015
6261,0.790007
6262,0.776695
6263,0.802648
6264,0.873312
6265,0.788241
6266,0.794694
6267,0.811573
6268,0.855796
6269,0.781878
6270,0.844976
6271,0.793579
6272,0.812662
6273,0.821505
6274,0.803235
6275,0.812376
6276,0.825695
6277,0.866374
6278,0.802404
6279,0.813906
6280,0.847432
6281,0.765255
6282,0.844738
6283,0.777185
6284,0.861769
6285,0.792249
6286,0.771801
6287,0.756370
6288,0.808052
6289,0.783614
6290,0.763376
6291,0.769919
6292,0.857007
6293,0.799279
6294,0.797180
6295,0.786321
6296,0.823262
6297,0.765219
6298,0.774390
6299,0.786060
6300,0.843072
6301,0.790995
6302,0.757621
6303,0.842424
6304,0.782864
6305,0.830774
6306,0.820748
6307,0.857783
6308,0.846300
6309,0.771288
6310,0.816610
6311,0.785673
6312,0.790417
6313,0.833453
6314,0.797597
6315,0.783747
6316,0.816987
6317,0.810187
6318,0.772101
6319,0.814710
6320,0.826522
6321,0.838377
6322,0.822576
6323,0.828016
6324,0.802901
6325,0.805771
6326,0.823020
6327,0.802966
6328,0.770847
6329,0.790283
6330,0.823379
6331,0.818599
6332,0.821508
6333,0.765386
6334,0.825116
6335,0.791869
6336,0.827368
6337,0.807216
6338,0.800690
6339,0.790173
6340,0.804928
6341,0.848633
6342,0.756846
6343,0.829975
6344,0.777096
6345,0.793352
6346,0.781959
6347,0.829075
6348,0.812011
6349,0.794650
6350,0.790009
6351,0.729877
6352,0.771793
6353,0.776813
6354,0.825847
6355,0.787110
6356,0.818191
6357,0.774900
6358,0.843239
6359,0.794667
6360,0.770234
6361,0.851969
6362,0.816744
6363,0.786185
6364,0.825625
6365,0.781231
6366,0.809031
6367,0.818242
6368,0.802616
6369,0.812662
6370,0.848717
6371,0.785732
6372,0.823812
6373,0.840564
6374,0.776621
6375,0.823281
6376,0.819074
6377,0.817542
6378,0.824232
6379,0.862884
6380,0.802082
6381,0.773076
6382,0.772780
6383,0.822016
6384,0.761752
6385,0.776848
6386,0.820631
6387,0.788774
6388,0.774075
6389,0.827794
6390,0.754619
6391,0.798856
6392,0.821440
6393,0.781920
6394,0.799477
6395,0.807449
6396,0.776976
6397,0.845766
6398,0.875322
6399,0.803399
6400,0.834097
6401,0.885400
6402,0.899013
6403,0.791860
6404,0.848783
6405,0.792025
6406,0.797912
6407,0.807760
6408,0.806538
6409,0.824818
6410,0.781563
6411,0.769504
6412,0.814155
6413,0.814782
6414,0.825830
6415,0.765321
6416,0.833556
6417,0.827828
6418,0.793877
6419,0.751274
6420,0.786969
6421,0.814512
6422,0.817323
6423,0.808140
6424,0.882260
6425,0.844580
6426,0.855394
6427,0.786951
6428,0.859191
6429,0.830239
6430,0.822168
6431,0.801753
6432,0.760878
6433,0.826459
6434,0.823056
6435,0.816845
6436,0.800946
6437,0.821497
6438,0.806679
6439,0.767430
6440,0.781643
6441,0.802291
6442,0.789721
6443,0.785011
6444,0.774137
6445,0.767699
6446,0.863654
6447,0.845390
6448,0.794019
6449,0.771302
6450,0.756446
6451,0.792047
6452,0.839471
6453,0.801523
6454,0.776898
6455,0.799803
6456,0.805093
6457,0.784964
6458,0.826351
6459,0.794626
6460,0.814058
6461,0.787616
6462,0.785960
6463,0.809208
6464,0.781811
6465,0.780483
6466,0.825094
6467,0.804622
6468,0.841506
6469,0.803403
6470,0.809817
6471,0.833844
6472,0.820622
6473,0.778176
6474,0.784868
6475,0.808187
6476,0.809508
6477,0.783825
6478,0.782795
6479,0.786682
6480,0.812887
6481,0.772096
6482,0.760648
6483,0.818213
6484,0.758707
6485,0.819558
6486,0.761892
6487,0.785063
6488,0.819722
6489,0.779850
6490,0.792181
6491,0.824622
6492,0.798373
6493,0.814813
6494,0.825000
6495,0.787203
6496,0.789026
6497,0.806483
6498,0.797769
6499,0.782761
6500,0.804811
6501,0.844462
6502,0.839418
6503,0.814572
6504,0.799910
6505,0.798086
6506,0.780351
6507,0.792262
6508,0.787519
6509,0.788921
6510,0.796337
6511,0.802668
6512,0.801285
6513,0.837982
6514,0.819940
6515,0.775811
6516,0.795413
6517,0.806438
6518,0.796807
6519,0.802490
6520,0.807239
6521,0.789693
6522,0.799752
6523,0.852322
6524,0.825182
6525,0.800013
6526,0.770595
6527,0.864343
6528,0.815706
6529,0.787996
6530,0.851912
6531,0.789543
6532,0.771768
6533,0.776680
6534,0.835090
6535,0.800895
6536,0.804793
6537,0.770290
6538,0.780807
6539,0.808102
6540,0.808904
6541,0.842185
6542,0.799613
6543,0.858895
6544,0.800941
6545,0.797863
6546,0.802604
6547,0.735736
6548,0.794890
6549,0.786218
6550,0.835279
6551,0.805319
6552,0.792653
6553,0.778607
6554,0.823532
6555,0.774724
6556,0.760380
6557,0.779135
6558,0.785324
6559,0.813940
6560,0.785038
6561,0.770380
6562,0.763038
6563,0.821020
6564,0.770103
6565,0.786438
6566,0.780486
6567,0.809849
6568,0.835700
6569,0.791267
6570,0.800363
6571,0.864321
6572,0.741180
6573,0.778214
6574,0.820201
6575,0.815366
6576,0.790272
6577,0.836399
6578,0.805473
6579,0.791079
6580,0.839783
6581,0.797984
6582,0.793152
6583,0.809702
6584,0.806898
6585,0.815385
6586,0.851125
6587,0.771317
6588,0.843083
6589,0.769078
6590,0.765035
6591,0.812360
6592,0.766359
6593,0.798600
6594,0.852832
6595,0.767876
6596,0.819956
6597,0.787700
6598,0.796864
6599,0.745514
6600,0.828318
6601,0.785101
6602,0.860930
6603,0.786887
6604,0.818718
6605,0.781271
6606,0.772377
6607,0.760123
6608,0.832918
6609,0.784599
6610,0.786800
6611,0.797830
6612,0.817417
6613,0.839164
6614,0.808120
6615,0.763082
6616,0.807428
6617,0.795147
6618,0.796895
6619,0.861869
6620,0.813863
6621,0.845844
6622,0.802268
6623,0.790943
6624,0.807504
6625,0.786826
6626,0.816919
6627,0.746827
6628,0.814873
6629,0.802578
6630,0.751369
6631,0.836446
6632,0.770432
6633,0.842900
6634,0.827651
6635,0.835405
6636,0.805482
6637,0.805141
6638,0.824870
6639,0.748483
6640,0.805010
6641,0.829964
6642,0.778344
6643,0.902245
6644,0.786758
6645,0.846007
6646,0.803113
6647,0.783731
6648,0.804695
6649,0.765476
6650,0.810588
6651,0.833586
6652,0.787910
6653,0.812893
6654,0.802123
6655,0.801737
6656,0.811991
6657,0.809382
6658,0.811784
6659,0.822288
6660,0.779868
6661,0.765435
6662,0.828961
6663,0.758208
6664,0.754723
6665,0.774145
6666,0.799525
6667,0.769544
6668,0.850513
6669,0.776898
6670,0.788792
6671,0.853559
6672,0.847667
6673,0.827255
6674,0.804968
6675,0.809288
6676,0.869219
6677,0.760860
6678,0.779637
6679,0.790694
6680,0.763493
6681,0.815461
6682,0.798648
6683,0.775091
6684,0.762827
6685,0.790759
6686,0.809833
6687,0.823173
6688,0.844442
6689,0.786370
6690,0.785089
6691,0.789782
6692,0.762448
6693,0.793952
6694,0.844562
6695,0.801744
6696,0.799396
6697,0.807654
6698,0.818657
6699,0.785615
6700,0.758300
6701,0.826860
6702,0.831509
6703,0.837894
6704,0.806161
6705,0.771736
6706,0.818193
6707,0.768233
6708,0.826270
6709,0.819602
6710,0.831972
6711,0.809564
6712,0.836988
6713,0.799406
6714,0.834969
6715,0.803088
6716,0.734685
6717,0.801257
6718,0.769669
6719,0.799616
6720,0.866876
6721,0.784223
6722,0.828367
6723,0.809434
6724,0.802588
6725,0.838899
6726,0.829237
6727,0.863985
6728,0.766401
6729,0.779045
6730,0.766563
6731,0.808286
6732,0.804378
6733,0.782775
6734,0.855743
6735,0.789166
6736,0.788168
6737,0.811250
6738,0.794133
6739,0.776338
6740,0.805013
6741,0.815727
6742,0.826186
6743,0.795201
6744,0.767996
6745,0.792812
6746,0.885449
6747,0.849921
6748,0.801766
6749,0.808486
6750,0.818881
6751,0.848616
6752,0.785700
6753,0.831275
6754,0.800492
6755,0.816432
6756,0.764951
6757,0.796504
6758,0.748565
6759,0.778581
6760,0.785706
6761,0.807603
6762,0.796746
6763,0.850153
6764,0.795895
6765,0.809141
6766,0.780165
6767,0.800084
6768,0.808823
6769,0.797060
6770,0.781685
6771,0.759668
6772,0.756417
6773,0.790455
6774,0.768470
6775,0.766142
6776,0.820883
6777,0.764832
6778,0.788839
6779,0.786546
6780,0.782552
6781,0.769669
6782,0.804611
6783,0.765386
6784,0.793178
6785,0.810667
6786,0.864312
6787,0.829394
6788,0.824741
6789,0.842799
6790,0.798384
6791,0.769229
6792,0.813987
6793,0.815173
6794,0.826890
6795,0.786360
6796,0.825482
6797,0.817241
6798,0.757069
6799,0.815411
6800,0.811382
6801,0.771064
6802,0.819191
6803,0.785309
6804,0.783988
6805,0.784228
6806,0.751083
6807,0.805446
6808,0.784325
6809,0.794527
6810,0.797385
6811,0.756778
6812,0.823735
6813,0.812308
6814,0.796539
6815,0.781360
6816,0.772854
6817,0.766567
6818,0.801534
6819,0.801317
6820,0.827374
6821,0.780896
6822,0.818040
6823,0.793582
6824,0.760968
6825,0.815256
6826,0.821052
6827,0.812036
6828,0.806826
6829,0.809833
6830,0.785227
6831,0.858466
6832,0.805164
6833,0.826601
6834,0.783351
6835,0.849969
6836,0.817068
6837,0.810065
6838,0.821799
6839,0.801905
6840,0.798009
6841,0.797539
6842,0.798277
6843,0.818653
6844,0.815697
6845,0.792425
6846,0.812003
6847,0.768928
6848,0.785559
6849,0.837325
6850,0.819492
6851,0.835588
6852,0.793865
6853,0.764157
6854,0.805011
6855,0.792718
6856,0.785533
6857,0.783755
6858,0.853130
6859,0.791775
6860,0.737090
6861,0.749660
6862,0.780506
6863,0.764425
6864,0.769790
6865,0.762103
6866,0.832693
6867,0.804862
6868,0.842809
6869,0.827816
6870,0.789856
6871,0.772772
6872,0.820567
6873,0.821494
6874,0.791070
6875,0.835459
6876,0.797739
6877,0.813751
6878,0.789808
6879,0.785707
6880,0.778368
6881,0.772322
6882,0.804364
6883,0.754817
6884,0.844057
6885,0.818212
6886,0.801050
6887,0.823304
6888,0.771644
6889,0.793690
6890,0.806333
6891,0.804266
6892,0.791440
6893,0.791606
6894,0.776200
6895,0.785630
6896,0.855129
6897,0.779549
6898,0.784183
6899,0.782328
6900,0.770373
6901,0.796803
6902,0.822617
6903,0.773842
6904,0.853146
6905,0.866507
6906,0.817113
6907,0.801538
6908,0.815188
6909,0.816014
6910,0.766834
6911,0.814780
6912,0.827579
6913,0.789742
6914,0.813788
6915,0.807409
6916,0.837369
6917,0.785796
6918,0.798417
6919,0.785531
6920,0.784325
6921,0.785202
6922,0.835696
6923,0.784616
6924,0.773619
6925,0.789978
6926,0.791385
6927,0.805229
6928,0.830404
6929,0.778111
6930,0.821007
6931,0.768586
6932,0.829183
6933,0.786845
6934,0.844292
6935,0.765592
6936,0.791618
6937,0.796237
6938,0.770738
6939,0.814309
6940,0.734858
6941,0.853091
6942,0.774518
6943,0.759554
6944,0.791506
6945,0.776310
6946,0.790147
6947,0.790683
6948,0.853107
6949,0.856150
6950,0.778116
6951,0.785985
6952,0.844783
6953,0.782712
6954,0.788344
6955,0.789605
6956,0.824682
6957,0.740720
6958,0.770897
6959,0.842298
6960,0.789587
6961,0.777262
6962,0.806565
6963,0.850773
6964,0.777962
6965,0.806123
6966,0.810658
6967,0.794691
6968,0.750721
6969,0.809385
6970,0.795535
6971,0.771618
6972,0.775962
6973,0.809492
6974,0.816942
6975,0.781900
6976,0.753246
6977,0.793067
6978,0.839097
6979,0.776093
6980,0.827640
6981,0.792342
6982,0.840344
6983,0.757406
6984,0.808052
6985,0.749579
6986,0.786769
6987,0.779498
6988,0.746546
6989,0.780441
6990,0.786070
6991,0.815216
6992,0.774727
6993,0.797716
6994,0.831972
6995,0.775564
6996,0.855776
6997,0.777972
6998,0.795483
6999,0.821161
7000,0.791810
7001,0.856329
7002,0.815614
7003,0.817706
7004,0.805669
7005,0.784441
7006,0.796782
7007,0.825794
7008,0.799457
7009,0.813116
7010,0.773290
7011,0.772878
7012,0.787114
7013,0.769865
7014,0.789574
7015,0.743667
7016,0.817039
7017,0.790140
7018,0.784230
7019,0.809533
7020,0.784708
7021,0.807729
7022,0.843665
7023,0.806205
7024,0.793719
7025,0.807846
7026,0.767698
7027,0.753477
7028,0.810606
7029,0.789007
7030,0.798597
7031,0.811237
7032,0.779389
7033,0.846125
7034,0.842506
7035,0.800402
7036,0.794190
7037,0.809053
7038,0.761760
7039,0.823812
7040,0.768394
7041,0.748490
7042,0.802976
7043,0.726365
7044,0.740264
7045,0.768733
7046,0.813282
7047,0.786981
7048,0.773115
7049,0.805792
7050,0.771152
7051,0.761107
7052,0.815423
7053,0.815891
7054,0.733858
7055,0.779360
7056,0.765388
7057,0.803209
7058,0.754518
7059,0.795291
7060,0.828359
7061,0.759210
7062,0.799898
7063,0.802569
7064,0.792973
7065,0.816468
7066,0.720748
7067,0.768681
7068,0.824899
7069,0.809459
7070,0.806927
7071,0.780301
7072,0.788447
7073,0.857140
7074,0.760882
7075,0.805192
7076,0.815357
7077,0.777857
7078,0.809851
7079,0.778826
7080,0.765413
7081,0.774949
7082,0.746156
7083,0.801237
7084,0.846334
7085,0.787745
7086,0.766967
7087,0.790538
7088,0.776525
7089,0.772594
7090,0.848529
7091,0.767814
7092,0.797355
7093,0.765385
7094,0.760153
7095,0.822975
7096,0.802294
7097,0.772883
7098,0.829411
7099,0.869700
7100,0.828575
7101,0.836948
7102,0.705337
7103,0.779026
7104,0.798099
7105,0.815887
7106,0.806637
7107,0.785898
7108,0.826114
7109,0.758706
7110,0.785038
7111,0.784809
7112,0.826671
7113,0.803192
7114,0.792778
7115,0.805562
7116,0.808901
7117,0.809816
7118,0.783459
7119,0.799325
7120,0.792542
7121,0.791136
7122,0.802219
7123,0.765581
7124,0.767042
7125,0.797937
7126,0.779581
7127,0.826164
7128,0.752675
7129,0.806046
7130,0.761097
7131,0.791733
7132,0.796805
7133,0.743038
7134,0.783146
7135,0.769209
7136,0.751206
7137,0.804285
7138,0.821596
7139,0.812965
7140,0.775699
7141,0.837785
7142,0.787039
7143,0.804860
7144,0.823289
7145,0.769381
7146,0.789311
7147,0.817870
7148,0.804066
7149,0.800484
7150,0.794112
7151,0.799672
7152,0.829298
7153,0.762158
7154,0.808494
7155,0.753309
7156,0.732243
7157,0.797469
7158,0.763826
7159,0.764063
7160,0.832848
7161,0.824456
7162,0.768694
7163,0.824840
7164,0.806428
7165,0.806781
7166,0.784338
7167,0.775716
7168,0.861820
7169,0.745329
7170,0.766738
7171,0.746297
7172,0.768679
7173,0.793069
7174,0.776328
7175,0.782720
7176,0.814501
7177,0.801188
7178,0.761388
7179,0.784962
7180,0.806177
7181,0.773741
7182,0.781591
7183,0.796090
7184,0.819817
7185,0.817866
7186,0.793861
7187,0.783664
7188,0.737746
7189,0.814968
7190,0.793224
7191,0.811590
7192,0.840734
7193,0.783845
7194,0.793331
7195,0.798972
7196,0.812018
7197,0.804064
7198,0.794729
7199,0.845249
7200,0.784252
7201,0.795770
7202,0.775249
7203,0.782671
7204,0.777328
7205,0.786504
7206,0.774592
7207,0.773769
7208,0.820285
7209,0.796623
7210,0.779055
7211,0.844030
7212,0.825687
7213,0.761795
7214,0.798849
7215,0.775417
7216,0.757315
7217,0.789924
7218,0.766589
7219,0.791640
7220,0.829579
7221,0.803126
7222,0.848029
7223,0.774633
7224,0.795944
7225,0.789708
7226,0.764259
7227,0.796949
7228,0.790217
7229,0.806578
7230,0.803557
7231,0.802954
7232,0.811962
7233,0.698272
7234,0.785183
7235,0.776052
7236,0.759927
7237,0.816928
7238,0.773156
7239,0.772066
7240,0.804613
7241,0.778783
7242,0.783899
7243,0.783647
7244,0.729388
7245,0.791261
7246,0.800114
7247,0.799143
7248,0.794951
7249,0.788050
7250,0.752070
7251,0.783115
7252,0.815093
7253,0.763323
7254,0.819613
7255,0.735287
7256,0.775791
7257,0.809769
7258,0.776436
7259,0.754078
7260,0.775218
7261,0.760294
7262,0.798882
7263,0.796905
7264,0.714849
7265,0.772183
7266,0.774964
7267,0.765465
7268,0.749026
7269,0.790991
7270,0.779480
7271,0.808635
7272,0.823764
7273,0.765092
7274,0.793489
7275,0.767113
7276,0.830186
7277,0.806324
7278,0.768010
7279,0.852577
7280,0.772804
7281,0.822632
7282,0.796450
7283,0.810928
7284,0.794008
7285,0.817736
7286,0.784634
7287,0.799977
7288,0.815246
7289,0.765543
7290,0.801367
7291,0.831385
7292,0.780732
7293,0.824995
7294,0.807452
7295,0.827573
7296,0.752905
7297,0.845389
7298,0.798176
7299,0.813371
7300,0.847050
7301,0.778272
7302,0.806139
7303,0.717692
7304,0.737877
7305,0.837433
7306,0.776964
7307,0.796948
7308,0.851646
7309,0.840499
7310,0.799772
7311,0.762017
7312,0.763755
7313,0.780524
7314,0.728113
7315,0.814123
7316,0.797230
7317,0.790922
7318,0.730253
7319,0.779310
7320,0.800849
7321,0.737035
7322,0.767506
7323,0.776065
7324,0.813237
7325,0.790028
7326,0.770691
7327,0.823981
7328,0.791556
7329,0.800833
7330,0.746372
7331,0.752354
7332,0.800584
7333,0.796018
7334,0.809533
7335,0.776522
7336,0.849525
7337,0.801864
7338,0.863656
7339,0.801165
7340,0.785684
7341,0.779782
7342,0.755174
7343,0.813451
7344,0.814084
7345,0.789536
7346,0.836011
7347,0.787261
7348,0.756647
7349,0.772534
7350,0.792963
7351,0.767945
7352,0.825276
7353,0.769730
7354,0.786766
7355,0.802635
7356,0.731872
7357,0.774502
7358,0.786870
7359,0.828238
7360,0.774956
7361,0.829029
7362,0.805377
7363,0.832551
7364,0.800380
7365,0.768528
7366,0.802788
7367,0.832265
7368,0.800442
7369,0.800799
7370,0.814009
7371,0.767685
7372,0.792591
7373,0.764937
7374,0.781153
7375,0.780743
7376,0.783237
7377,0.812113
7378,0.758629
7379,0.799040
7380,0.788569
7381,0.790528
7382,0.789666
7383,0.760464
7384,0.798493
7385,0.780450
7386,0.786593
7387,0.812426
7388,0.750410
7389,0.811065
7390,0.806265
7391,0.857143
7392,0.825614
7393,0.784208
7394,0.776383
7395,0.801933
7396,0.828769
7397,0.823651
7398,0.786735
7399,0.799407
7400,0.784316
7401,0.791740
7402,0.792036
7403,0.793655
7404,0.840821
7405,0.766628
7406,0.766819
7407,0.819426
7408,0.807579
7409,0.808900
7410,0.791275
7411,0.764474
7412,0.845856
7413,0.816557
7414,0.830764
7415,0.801393
7416,0.808597
7417,0.764717
7418,0.772926
7419,0.836392
7420,0.742188
7421,0.783475
7422,0.802332
7423,0.793653
7424,0.804906
7425,0.799819
7426,0.812354
7427,0.796698
7428,0.793624
7429,0.756838
7430,0.774396
7431,0.768022
7432,0.772687
7433,0.767587
7434,0.764248
7435,0.795252
7436,0.748087
7437,0.757509
7438,0.762976
7439,0.787709
7440,0.817566
7441,0.768741
7442,0.783760
7443,0.806710
7444,0.739319
7445,0.757671
7446,0.778474
7447,0.802338
7448,0.770493
7449,0.767379
7450,0.797214
7451,0.812081
7452,0.784985
7453,0.777729
7454,0.786233
7455,0.774192
7456,0.766798
7457,0.774507
7458,0.734822
7459,0.769164
7460,0.783527
7461,0.819584
7462,0.805426
7463,0.789870
7464,0.796664
7465,0.744823
7466,0.778827
7467,0.801073
7468,0.769923
7469,0.772371
7470,0.834236
7471,0.793339
7472,0.779790
7473,0.767044
7474,0.816624
7475,0.741865
7476,0.800565
7477,0.771515
7478,0.716381
7479,0.749883
7480,0.770580
7481,0.801080
7482,0.841916
7483,0.766124
7484,0.776934
7485,0.766818
7486,0.806134
7487,0.786512
7488,0.818566
7489,0.766514
7490,0.772308
7491,0.796785
7492,0.773513
7493,0.851977
7494,0.775617
7495,0.760217
7496,0.797109
7497,0.799936
7498,0.710952
7499,0.768020
7500,0.769723
7501,0.809543
7502,0.831364
7503,0.756450
7504,0.771173
7505,0.767057
7506,0.786914
7507,0.767133
7508,0.795099
7509,0.804103
7510,0.798611
7511,0.846010
7512,0.788044
7513,0.763759
7514,0.802303
7515,0.811110
7516,0.790657
7517,0.796632
7518,0.781168
7519,0.734936
7520,0.797134
7521,0.807887
7522,0.798606
7523,0.825170
7524,0.783585
7525,0.800139
7526,0.757361
7527,0.755958
7528,0.701230
7529,0.829102
7530,0.748412
7531,0.812407
7532,0.822371
7533,0.781819
7534,0.823283
7535,0.798861
7536,0.781368
7537,0.773075
7538,0.748285
7539,0.762778
7540,0.797338
7541,0.774946
7542,0.792588
7543,0.808585
7544,0.819915
7545,0.792066
7546,0.769806
7547,0.770986
7548,0.763870
7549,0.724938
7550,0.779951
7551,0.802056
7552,0.744055
7553,0.760358
7554,0.777682
7555,0.760207
7556,0.766989
7557,0.740994
7558,0.757005
7559,0.762083
7560,0.818107
7561,0.805348
7562,0.762982
7563,0.784707
7564,0.794170
7565,0.798743
7566,0.811383
7567,0.759421
7568,0.852964
7569,0.833038
7570,0.810324
7571,0.804375
7572,0.789267
7573,0.790271
7574,0.749229
7575,0.778137
7576,0.777978
7577,0.778414
7578,0.739604
7579,0.813048
7580,0.794570
7581,0.784432
7582,0.792489
7583,0.791741
7584,0.783961
7585,0.762276
7586,0.761112
7587,0.789079
7588,0.783400
7589,0.841436
7590,0.785269
7591,0.857651
7592,0.817246
7593,0.818946
7594,0.810549
7595,0.732903
7596,0.838778
7597,0.763767
7598,0.853944
7599,0.791848
7600,0.832535
7601,0.822328
7602,0.782334
7603,0.792785
7604,0.796534
7605,0.816081
7606,0.803523
7607,0.768418
7608,0.785352
7609,0.808298
7610,0.759249
7611,0.792547
7612,0.765732
7613,0.797019
7614,0.824570
7615,0.759717
7616,0.837275
7617,0.804300
7618,0.802585
7619,0.799478
7620,0.780560
7621,0.773645
7622,0.830852
7623,0.739388
7624,0.807389
7625,0.825933
7626,0.779293
7627,0.805242
7628,0.787003
7629,0.786877
7630,0.791478
7631,0.843162
7632,0.772193
7633,0.826443
7634,0.788351
7635,0.787069
7636,0.747168
7637,0.780850
7638,0.783566
7639,0.813320
7640,0.752106
7641,0.777787
7642,0.821673
7643,0.779129
7644,0.782245
7645,0.760505
7646,0.783562
7647,0.805890
7648,0.852616
7649,0.770115
7650,0.909630
7651,0.798334
7652,0.806087
7653,0.785968
7654,0.825214
7655,0.758748
7656,0.812045
7657,0.792397
7658,0.755780
7659,0.762548
7660,0.782876
7661,0.821547
7662,0.816430
7663,0.761017
7664,0.725011
7665,0.778561
7666,0.809968
7667,0.755856
7668,0.753587
7669,0.792084
7670,0.775241
7671,0.816908
7672,0.807317
7673,0.805645
7674,0.834717
7675,0.805286
7676,0.772963
7677,0.758384
7678,0.764183
7679,0.828117
7680,0.792679
7681,0.788959
7682,0.793890
7683,0.813469
7684,0.795098
7685,0.784029
7686,0.760856
7687,0.774928
7688,0.794247
7689,0.831703
7690,0.811789
7691,0.806029
7692,0.749719
7693,0.752199
7694,0.793070
7695,0.799276
7696,0.764544
7697,0.792148
7698,0.740340
7699,0.777424
7700,0.758551
7701,0.787941
7702,0.760220
7703,0.762354
7704,0.751590
7705,0.808522
7706,0.824941
7707,0.751580
7708,0.804542
7709,0.774984
7710,0.787661
7711,0.746705
7712,0.806376
7713,0.814020
7714,0.792748
7715,0.732855
7716,0.785372
7717,0.782808
7718,0.797596
7719,0.777999
7720,0.781110
7721,0.788966
7722,0.768758
7723,0.811496
7724,0.786343
7725,0.797354
7726,0.795996
7727,0.783034
7728,0.790627
7729,0.769864
7730,0.768990
7731,0.785866
7732,0.827170
7733,0.759769
7734,0.789837
7735,0.740590
7736,0.787939
7737,0.753631
7738,0.774684
7739,0.773172
7740,0.740240
7741,0.811064
7742,0.811097
7743,0.847391
7744,0.777528
7745,0.755452
7746,0.758072
7747,0.778009
7748,0.787921
7749,0.776174
7750,0.896039
7751,0.772795
7752,0.798699
7753,0.749049
7754,0.765155
7755,0.784704
7756,0.776312
7757,0.767344
7758,0.750776
7759,0.748744
7760,0.797354
7761,0.768793
7762,0.807240
7763,0.752851
7764,0.783339
7765,0.775926
7766,0.811133
7767,0.792125
7768,0.783856
7769,0.776010
7770,0.788047
7771,0.781505
7772,0.809474
7773,0.747770
7774,0.784911
7775,0.764863
7776,0.782470
7777,0.809164
7778,0.743416
7779,0.768661
7780,0.770496
7781,0.772412
7782,0.780459
7783,0.819146
7784,0.761819
7785,0.773098
7786,0.803374
7787,0.783034
7788,0.767309
7789,0.768517
7790,0.827258
7791,0.777922
7792,0.757446
7793,0.757068
7794,0.803611
7795,0.782138
7796,0.760879
7797,0.814368
7798,0.739870
7799,0.779263
7800,0.870091
7801,0.756200
7802,0.800714
7803,0.785232
7804,0.758767
7805,0.778633
7806,0.780347
7807,0.821882
7808,0.835625
7809,0.798330
7810,0.830877
7811,0.803649
7812,0.770119
7813,0.715061
7814,0.805096
7815,0.806680
7816,0.785107
7817,0.792713
7818,0.781223
7819,0.740921
7820,0.779444
7821,0.801839
7822,0.774458
7823,0.778978
7824,0.765537
7825,0.761848
7826,0.800771
7827,0.717852
7828,0.769775
7829,0.791472
7830,0.736745
7831,0.790572
7832,0.817748
7833,0.775065
7834,0.773469
7835,0.789475
7836,0.756586
7837,0.807152
7838,0.823554
7839,0.792731
7840,0.765173
7841,0.773441
7842,0.820222
7843,0.823177
7844,0.803383
7845,0.795918
7846,0.780241
7847,0.814689
7848,0.758177
7849,0.768519
7850,0.747358
7851,0.751813
7852,0.804822
7853,0.811539
7854,0.817883
7855,0.757322
7856,0.801572
7857,0.754839
7858,0.770700
7859,0.799100
7860,0.783225
7861,0.740838
7862,0.795845
7863,0.763242
7864,0.795632
7865,0.817610
7866,0.796129
7867,0.743902
7868,0.791933
7869,0.757731
7870,0.795773
7871,0.828435
7872,0.844994
7873,0.816166
7874,0.769159
7875,0.808468
7876,0.781987
7877,0.759221
7878,0.809567
7879,0.803662
7880,0.795543
7881,0.742632
7882,0.771550
7883,0.779482
7884,0.804273
7885,0.806592
7886,0.781282
7887,0.787052
7888,0.750231
7889,0.758190
7890,0.768026
7891,0.785691
7892,0.798144
7893,0.831526
7894,0.810154
7895,0.839947
7896,0.768281
7897,0.858336
7898,0.816507
7899,0.829578
7900,0.824507
7901,0.797180
7902,0.820450
7903,0.794882
7904,0.792640
7905,0.804310
7906,0.782544
7907,0.737492
7908,0.788924
7909,0.789445
7910,0.790212
7911,0.743988
7912,0.783923
7913,0.816144
7914,0.806872
7915,0.762106
7916,0.838419
7917,0.822364
7918,0.781036
7919,0.794098
7920,0.795078
7921,0.776843
7922,0.812764
7923,0.760058
7924,0.794792
7925,0.778501
7926,0.790100
7927,0.809803
7928,0.779439
7929,0.801991
7930,0.769609
7931,0.762431
7932,0.743977
7933,0.764830
7934,0.800920
7935,0.769371
7936,0.773978
7937,0.811853
7938,0.763605
7939,0.776039
7940,0.778784
7941,0.764610
7942,0.773884
7943,0.774461
7944,0.776844
7945,0.799752
7946,0.799890
7947,0.802451
7948,0.755304
7949,0.815109
7950,0.827687
7951,0.818971
7952,0.778582
7953,0.786768
7954,0.744901
7955,0.847872
7956,0.759961
7957,0.804886
7958,0.747768
7959,0.815729
7960,0.798037
7961,0.812462
7962,0.712073
7963,0.773698
7964,0.749996
7965,0.757988
7966,0.794945
7967,0.759264
7968,0.803919
7969,0.779067
7970,0.759669
7971,0.765503
7972,0.786944
7973,0.778875
7974,0.757493
7975,0.779396
7976,0.787272
7977,0.814260
7978,0.819449
7979,0.766224
7980,0.786849
7981,0.828831
7982,0.778400
7983,0.798298
7984,0.821420
7985,0.782443
7986,0.792146
7987,0.812307
7988,0.828714
7989,0.777644
7990,0.768960
7991,0.772401
7992,0.855653
7993,0.783401
7994,0.860771
7995,0.795310
7996,0.749067
7997,0.817755
7998,0.797515
7999,0.741830
8000,0.805371
8001,0.754623
8002,0.746947
8003,0.810322
8004,0.771661
8005,0.802957
8006,0.791393
8007,0.799948
8008,0.778356
8009,0.757978
8010,0.783923
8011,0.782973
8012,0.744857
8013,0.777264
8014,0.727654
8015,0.760305
8016,0.795992
8017,0.780848
8018,0.792987
8019,0.785258
8020,0.764928
8021,0.806347
8022,0.786561
8023,0.785739
8024,0.786862
8025,0.771729
8026,0.792310
8027,0.797866
8028,0.786963
8029,0.782539
8030,0.732529
8031,0.775692
8032,0.784259
8033,0.802314
8034,0.810737
8035,0.807607
8036,0.833155
8037,0.787708
8038,0.793494
8039,0.806160
8040,0.757332
8041,0.786437
8042,0.734652
8043,0.792776
8044,0.717234
8045,0.787517
8046,0.801947
8047,0.797481
8048,0.760301
8049,0.797253
8050,0.777502
8051,0.790189
8052,0.762392
8053,0.795027
8054,0.745969
8055,0.749520
8056,0.788391
8057,0.787181
8058,0.730711
8059,0.749541
8060,0.763168
8061,0.815934
8062,0.782921
8063,0.753405
8064,0.794652
8065,0.790977
8066,0.708592
8067,0.823831
8068,0.770070
8069,0.762208
8070,0.757941
8071,0.843672
8072,0.766698
8073,0.754540
8074,0.791484
8075,0.773266
8076,0.776103
8077,0.727261
8078,0.783431
8079,0.747852
8080,0.806485
8081,0.749423
8082,0.763367
8083,0.821824
8084,0.818326
8085,0.741575
8086,0.777748
8087,0.774031
8088,0.776089
8089,0.714097
8090,0.769703
8091,0.745072
8092,0.769441
8093,0.776951
8094,0.718429
8095,0.804266
8096,0.788375
8097,0.760040
8098,0.764898
8099,0.779140
8100,0.806596
8101,0.765294
8102,0.788230
8103,0.758706
8104,0.776643
8105,0.806811
8106,0.779159
8107,0.780987
8108,0.773648
8109,0.785223
8110,0.781165
8111,0.748325
8112,0.776869
8113,0.819441
8114,0.783906
8115,0.804588
8116,0.791594
8117,0.798565
8118,0.788872
8119,0.735838
8120,0.756154
8121,0.741111
8122,0.805668
8123,0.799543
8124,0.773690
8125,0.773996
8126,0.756832
8127,0.750653
8128,0.839828
8129,0.749553
8130,0.755845
8131,0.863090
8132,0.766075
8133,0.780037
8134,0.800101
8135,0.811567
8136,0.763665
8137,0.800323
8138,0.767840
8139,0.780444
8140,0.767858
8141,0.787618
8142,0.761235
8143,0.758586
8144,0.856650
8145,0.733115
8146,0.747440
8147,0.734782
8148,0.752720
8149,0.775169
8150,0.772521
8151,0.725209
8152,0.803357
8153,0.779853
8154,0.751400
8155,0.793522
8156,0.848828
8157,0.755872
8158,0.806534
8159,0.748079
8160,0.787835
8161,0.737073
8162,0.749490
8163,0.763381
8164,0.780095
8165,0.812102
8166,0.759650
8167,0.757129
8168,0.766257
8169,0.743944
8170,0.767199
8171,0.738676
8172,0.795011
8173,0.787528
8174,0.753406
8175,0.803027
8176,0.806116
8177,0.772127
8178,0.793614
8179,0.748965
8180,0.798420
8181,0.772173
8182,0.756776
8183,0.708699
8184,0.746582
8185,0.791613
8186,0.792678
8187,0.756377
8188,0.782132
8189,0.786945
8190,0.793638
8191,0.754135
8192,0.749549
8193,0.819170
8194,0.803134
8195,0.758591
8196,0.811820
8197,0.789006
8198,0.775895
8199,0.816635
8200,0.751023
8201,0.739507
8202,0.723028
8203,0.796877
8204,0.794244
8205,0.778862
8206,0.792614
8207,0.755929
8208,0.773399
8209,0.800401
8210,0.743045
8211,0.742400
8212,0.787765
8213,0.768359
8214,0.784716
8215,0.813495
8216,0.716698
8217,0.796901
8218,0.809689
8219,0.764585
8220,0.787571
8221,0.793232
8222,0.791171
8223,0.713505
8224,0.808231
8225,0.754963
8226,0.730518
8227,0.772964
8228,0.809648
8229,0.837045
8230,0.839182
8231,0.786892
8232,0.765747
8233,0.762521
8234,0.816154
8235,0.732800
8236,0.796909
8237,0.803936
8238,0.796584
8239,0.816938
8240,0.777589
8241,0.836445
8242,0.806181
8243,0.737994
8244,0.799463
8245,0.790999
8246,0.841102
8247,0.775254
8248,0.819078
8249,0.765687
8250,0.778513
8251,0.786492
8252,0.763034
8253,0.795541
8254,0.810907
8255,0.768253
8256,0.779263
8257,0.771852
8258,0.806841
8259,0.783549
8260,0.867761
8261,0.849054
8262,0.806131
8263,0.799246
8264,0.792898
8265,0.762059
8266,0.780686
8267,0.805813
8268,0.767204
8269,0.784833
8270,0.807494
8271,0.778347
8272,0.745343
8273,0.782587
8274,0.792944
8275,0.754458
8276,0.787114
8277,0.783031
8278,0.779277
8279,0.797599
8280,0.809975
8281,0.744305
8282,0.783970
8283,0.746128
8284,0.766161
8285,0.822499
8286,0.771552
8287,0.759531
8288,0.768014
8289,0.745415
8290,0.809286
8291,0.768013
8292,0.758142
8293,0.783226
8294,0.752839
8295,0.757206
8296,0.812955
8297,0.784601
8298,0.796999
8299,0.795784
8300,0.825220
8301,0.832031
8302,0.789558
8303,0.782453
8304,0.757146
8305,0.799580
8306,0.749472
8307,0.771724
8308,0.798929
8309,0.771557
8310,0.809512
8311,0.785407
8312,0.832865
8313,0.843309
8314,0.830387
8315,0.774550
8316,0.749544
8317,0.780485
8318,0.808262
8319,0.863275
8320,0.818957
8321,0.828899
8322,0.789108
8323,0.763135
8324,0.765605
8325,0.767805
8326,0.771716
8327,0.748693
8328,0.748298
8329,0.758125
8330,0.771776
8331,0.762491
8332,0.805591
8333,0.739998
8334,0.750673
8335,0.763296
8336,0.798647
8337,0.767939
8338,0.773101
8339,0.783288
8340,0.804333
8341,0.802004
8342,0.760557
8343,0.761590
8344,0.771616
8345,0.745810
8346,0.771183
8347,0.742220
8348,0.773930
8349,0.837054
8350,0.757528
8351,0.790822
8352,0.771278
8353,0.780389
8354,0.771642
8355,0.743283
8356,0.757388
8357,0.817538
8358,0.812747
8359,0.810195
8360,0.859646
8361,0.792987
8362,0.813700
8363,0.821914
8364,0.719685
8365,0.795448
8366,0.770054
8367,0.769834
8368,0.777713
8369,0.784887
8370,0.755081
8371,0.750413
8372,0.753974
8373,0.779818
8374,0.790054
8375,0.774179
8376,0.746395
8377,0.821648
8378,0.788859
8379,0.782397
8380,0.753017
8381,0.780571
8382,0.825627
8383,0.788828
8384,0.808214
8385,0.791962
8386,0.814622
8387,0.758762
8388,0.798280
8389,0.778428
8390,0.763477
8391,0.779381
8392,0.774924
8393,0.753590
8394,0.780115
8395,0.765285
8396,0.801983
8397,0.757113
8398,0.849514
8399,0.831960
8400,0.777022
8401,0.760956
8402,0.768519
8403,0.755901
8404,0.723551
8405,0.749955
8406,0.756284
8407,0.799807
8408,0.826329
8409,0.754945
8410,0.760199
8411,0.722597
8412,0.745687
8413,0.784448
8414,0.785531
8415,0.744202
8416,0.794410
8417,0.750047
8418,0.802204
8419,0.815490
8420,0.790422
8421,0.782213
8422,0.807870
8423,0.748576
8424,0.763436
8425,0.809350
8426,0.784029
8427,0.784892
8428,0.763795
8429,0.823694
8430,0.786751
8431,0.759392
8432,0.710646
8433,0.724684
8434,0.728231
8435,0.816281
8436,0.742379
8437,0.796331
8438,0.805075
8439,0.752020
8440,0.777828
8441,0.775146
8442,0.784442
8443,0.804486
8444,0.782848
8445,0.774843
8446,0.808210
8447,0.746289
8448,0.786106
8449,0.809755
8450,0.774777
8451,0.775716
8452,0.789801
8453,0.810958
8454,0.761976
8455,0.816514
8456,0.775806
8457,0.786544
8458,0.783004
8459,0.726584
8460,0.768599
8461,0.804823
8462,0.795495
8463,0.755439
8464,0.761156
8465,0.797168
8466,0.731890
8467,0.774300
8468,0.800093
8469,0.752070
8470,0.760760
8471,0.771689
8472,0.756409
8473,0.748586
8474,0.786740
8475,0.727318
8476,0.752337
8477,0.761350
8478,0.780840
8479,0.804088
8480,0.816803
8481,0.811728
8482,0.741903
8483,0.811944
8484,0.755436
8485,0.796715
8486,0.822694
8487,0.784161
8488,0.763998
8489,0.814560
8490,0.808703
8491,0.753970
8492,0.811207
8493,0.758783
8494,0.831097
8495,0.788927
8496,0.726818
8497,0.773369
8498,0.745070
8499,0.771175
8500,0.768887
8501,0.784092
8502,0.741367
8503,0.820673
8504,0.767358
8505,0.759244
8506,0.792348
8507,0.825587
8508,0.822960
8509,0.830366
8510,0.744767
8511,0.784806
8512,0.733674
8513,0.837590
8514,0.734696
8515,0.824374
8516,0.768622
8517,0.793710
8518,0.696572
8519,0.767559
8520,0.829119
8521,0.819651
8522,0.798477
8523,0.768440
8524,0.744593
8525,0.780996
8526,0.801346
8527,0.794537
8528,0.753818
8529,0.829791
8530,0.802162
8531,0.739057
8532,0.735384
8533,0.771610
8534,0.795455
8535,0.769454
8536,0.758829
8537,0.805496
8538,0.747862
8539,0.779151
8540,0.723881
8541,0.804366
8542,0.737270
8543,0.750102
8544,0.740320
8545,0.750712
8546,0.756644
8547,0.732456
8548,0.778746
8549,0.794211
8550,0.793417
8551,0.822189
8552,0.790559
8553,0.737627
8554,0.820570
8555,0.761536
8556,0.771411
8557,0.770326
8558,0.784243
8559,0.806679
8560,0.773972
8561,0.828502
8562,0.766626
8563,0.789926
8564,0.790062
8565,0.819890
8566,0.787566
8567,0.748143
8568,0.764169
8569,0.785468
8570,0.779625
8571,0.790695
8572,0.735654
8573,0.773241
8574,0.807023
8575,0.820786
8576,0.774496
8577,0.791038
8578,0.766461
8579,0.783296
8580,0.793646
8581,0.790832
8582,0.794593
8583,0.805299
8584,0.806502
8585,0.769793
8586,0.810572
8587,0.820088
8588,0.753877
8589,0.782228
8590,0.740287
8591,0.772178
8592,0.741850
8593,0.739444
8594,0.728963
8595,0.789939
8596,0.757690
8597,0.793031
8598,0.777037
8599,0.815798
8600,0.861740
8601,0.746973
8602,0.839090
8603,0.788697
8604,0.738249
8605,0.763099
8606,0.805095
8607,0.777951
8608,0.750269
8609,0.791293
8610,0.763987
8611,0.786243
8612,0.774597
8613,0.753951
8614,0.723809
8615,0.799830
8616,0.727041
8617,0.756183
8618,0.790851
8619,0.779320
8620,0.803208
8621,0.776102
8622,0.811296
8623,0.739657
8624,0.807910
8625,0.778284
8626,0.825828
8627,0.806066
8628,0.780419
8629,0.757142
8630,0.791597
8631,0.796370
8632,0.740998
8633,0.759797
8634,0.783624
8635,0.792026
8636,0.773353
8637,0.764732
8638,0.745583
8639,0.729938
8640,0.727207
8641,0.810081
8642,0.745610
8643,0.767803
8644,0.799321
8645,0.797518
8646,0.797654
8647,0.782349
8648,0.798745
8649,0.804429
8650,0.770117
8651,0.744959
8652,0.772052
8653,0.809490
8654,0.768706
8655,0.766254
8656,0.813590
8657,0.797140
8658,0.755943
8659,0.817578
8660,0.753517
8661,0.767751
8662,0.741515
8663,0.805379
8664,0.765210
8665,0.790456
8666,0.784898
8667,0.805686
8668,0.753971
8669,0.737793
8670,0.870449
8671,0.787663
8672,0.779001
8673,0.777119
8674,0.753648
8675,0.795562
8676,0.774814
8677,0.783142
8678,0.810262
8679,0.744805
8680,0.799322
8681,0.779974
8682,0.760710
8683,0.788745
8684,0.776831
8685,0.809867
8686,0.749221
8687,0.772305
8688,0.778791
8689,0.811740
8690,0.819209
8691,0.781793
8692,0.738155
8693,0.737437
8694,0.755940
8695,0.784399
8696,0.810556
8697,0.800453
8698,0.805330
8699,0.736696
8700,0.773395
8701,0.793281
8702,0.820388
8703,0.771668
8704,0.726329
8705,0.754606
8706,0.756014
8707,0.745704
8708,0.700492
8709,0.761082
8710,0.754710
8711,0.701831
8712,0.788096
8713,0.757544
8714,0.784157
8715,0.852076
8716,0.779427
8717,0.744957
8718,0.738342
8719,0.736301
8720,0.777214
8721,0.774307
8722,0.739289
8723,0.780495
8724,0.813543
8725,0.741768
8726,0.774538
8727,0.782175
8728,0.747515
8729,0.769904
8730,0.708475
8731,0.764044
8732,0.809356
8733,0.769164
8734,0.713094
8735,0.818166
8736,0.783539
8737,0.811997
8738,0.796278
8739,0.734635
8740,0.776254
8741,0.810858
8742,0.787027
8743,0.774947
8744,0.757436
8745,0.667126
8746,0.787589
8747,0.741007
8748,0.766837
8749,0.800890
8750,0.759537
8751,0.781613
8752,0.792118
8753,0.786785
8754,0.758465
8755,0.771620
8756,0.828805
8757,0.753477
8758,0.768837
8759,0.799551
8760,0.799480
8761,0.799348
8762,0.771558
8763,0.798188
8764,0.794065
8765,0.802479
8766,0.760547
8767,0.729283
8768,0.797598
8769,0.827909
8770,0.767558
8771,0.741279
8772,0.810354
8773,0.785633
8774,0.721560
8775,0.812145
8776,0.770534
8777,0.786983
8778,0.814825
8779,0.833036
8780,0.804341
8781,0.757183
8782,0.765571
8783,0.708681
8784,0.737804
8785,0.814295
8786,0.709895
8787,0.789578
8788,0.769877
8789,0.784914
8790,0.724709
8791,0.778100
8792,0.791777
8793,0.783309
8794,0.747677
8795,0.803508
8796,0.739419
8797,0.740149
8798,0.796450
8799,0.733400
8800,0.760494
8801,0.810945
8802,0.717825
8803,0.772557
8804,0.722200
8805,0.782401
8806,0.807633
8807,0.817121
8808,0.800051
8809,0.777699
8810,0.736599
8811,0.784762
8812,0.765915
8813,0.789814
8814,0.808155
8815,0.817475
8816,0.753106
8817,0.782876
8818,0.803872
8819,0.768648
8820,0.727778
8821,0.784287
8822,0.748685
8823,0.765847
8824,0.758233
8825,0.797435
8826,0.758045
8827,0.791005
8828,0.767623
8829,0.772547
8830,0.790905
8831,0.812879
8832,0.774714
8833,0.795095
8834,0.754223
8835,0.782990
8836,0.771374
8837,0.803582
8838,0.798532
8839,0.754896
8840,0.774278
8841,0.733436
8842,0.773679
8843,0.777509
8844,0.763521
8845,0.795130
8846,0.763095
8847,0.730959
8848,0.777861
8849,0.756496
8850,0.765581
8851,0.754893
8852,0.791350
8853,0.757864
8854,0.796936
8855,0.770863
8856,0.782756
8857,0.751949
8858,0.719446
8859,0.828274
8860,0.788433
8861,0.754114
8862,0.781311
8863,0.776852
8864,0.763590
8865,0.772927
8866,0.757246
8867,0.760532
8868,0.770760
8869,0.761788
8870,0.785042
8871,0.773423
8872,0.765511
8873,0.783169
8874,0.778676
8875,0.788243
8876,0.771516
8877,0.789234
8878,0.773667
8879,0.869545
8880,0.743498
8881,0.807112
8882,0.818456
8883,0.757524
8884,0.804471
8885,0.785442
8886,0.771442
8887,0.774231
8888,0.765606
8889,0.787943
8890,0.785843
8891,0.691779
8892,0.745646
8893,0.810047
8894,0.801354
8895,0.798874
8896,0.803423
8897,0.786699
8898,0.794059
8899,0.782437
8900,0.777880
8901,0.827014
8902,0.780854
8903,0.791221
8904,0.750589
8905,0.799392
8906,0.774604
8907,0.746805
8908,0.769882
8909,0.789224
8910,0.728439
8911,0.814505
8912,0.753135
8913,0.753644
8914,0.794193
8915,0.774470
8916,0.752971
8917,0.758680
8918,0.789248
8919,0.768795
8920,0.731006
8921,0.764773
8922,0.782222
8923,0.743656
8924,0.758573
8925,0.740420
8926,0.773753
8927,0.755969
8928,0.762219
8929,0.795735
8930,0.749969
8931,0.757832
8932,0.715072
8933,0.736074
8934,0.734764
8935,0.742485
8936,0.780453
8937,0.749099
8938,0.770399
8939,0.766736
8940,0.791025
8941,0.795494
8942,0.751056
8943,0.802209
8944,0.783813
8945,0.753455
8946,0.794893
8947,0.754012
8948,0.821773
8949,0.751589
8950,0.762928
8951,0.792062
8952,0.770820
8953,0.746293
8954,0.803677
8955,0.771762
8956,0.782804
8957,0.808881
8958,0.764341
8959,0.716391
8960,0.792020
8961,0.776275
8962,0.826785
8963,0.762586
8964,0.749709
8965,0.772945
8966,0.754289
8967,0.777071
8968,0.772243
8969,0.790503
8970,0.757565
8971,0.800866
8972,0.798137
8973,0.706017
8974,0.773953
8975,0.775182
8976,0.830032
8977,0.810251
8978,0.785765
8979,0.747552
8980,0.809180
8981,0.795730
8982,0.792936
8983,0.784503
8984,0.789128
8985,0.730606
8986,0.825803
8987,0.757024
8988,0.763572
8989,0.807615
8990,0.832687
8991,0.790185
8992,0.780330
8993,0.801503
8994,0.810588
8995,0.744583
8996,0.742571
8997,0.735439
8998,0.837496
8999,0.778477
9000,0.795647
9001,0.777255
9002,0.731102
9003,0.753243
9004,0.769646
9005,0.767281
9006,0.807886
9007,0.779305
9008,0.736678
9009,0.810385
9010,0.737228
9011,0.755815
9012,0.805826
9013,0.799029
9014,0.790617
9015,0.751911
9016,0.762724
9017,0.751792
9018,0.753254
9019,0.810715
9020,0.779000
9021,0.785618
9022,0.795279
9023,0.775861
9024,0.785796
9025,0.818322
9026,0.796054
9027,0.706222
9028,0.784987
9029,0.765960
9030,0.785198
9031,0.736363
9032,0.784788
9033,0.747562
9034,0.805436
9035,0.815272
9036,0.787557
9037,0.760931
9038,0.778182
9039,0.750093
9040,0.776068
9041,0.786017
9042,0.721157
9043,0.752694
9044,0.775234
9045,0.810521
9046,0.802854
9047,0.782169
9048,0.720873
9049,0.820251
9050,0.780215
9051,0.738974
9052,0.809682
9053,0.755031
9054,0.739104
9055,0.749385
9056,0.797386
9057,0.756058
9058,0.797065
9059,0.825765
9060,0.795826
9061,0.764066
9062,0.761058
9063,0.784854
9064,0.765962
9065,0.777351
9066,0.781425
9067,0.770311
9068,0.773814
9069,0.751016
9070,0.744903
9071,0.758323
9072,0.776213
9073,0.808267
9074,0.718780
9075,0.760796
9076,0.775669
9077,0.716363
9078,0.766910
9079,0.761312
9080,0.771532
9081,0.754548
9082,0.774109
9083,0.758696
9084,0.772646
9085,0.736744
9086,0.742099
9087,0.728447
9088,0.756287
9089,0.769118
9090,0.776405
9091,0.732319
9092,0.831112
9093,0.777558
9094,0.791278
9095,0.781358
9096,0.762595
9097,0.793152
9098,0.763085
9099,0.753672
9100,0.746572
9101,0.743527
9102,0.831398
9103,0.830614
9104,0.781394
9105,0.743951
9106,0.772431
9107,0.798202
9108,0.782208
9109,0.804100
9110,0.732022
9111,0.779199
9112,0.801295
9113,0.830876
9114,0.736423
9115,0.789547
9116,0.773167
9117,0.767531
9118,0.726329
9119,0.826633
9120,0.794831
9121,0.795977
9122,0.833681
9123,0.825571
9124,0.745877
9125,0.798546
9126,0.822687
9127,0.777099
9128,0.746388
9129,0.751645
9130,0.744291
9131,0.818475
9132,0.779064
9133,0.718574
9134,0.766706
9135,0.772201
9136,0.780292
9137,0.767802
9138,0.789123
9139,0.758894
9140,0.697380
9141,0.823596
9142,0.769386
9143,0.745760
9144,0.779436
9145,0.754431
9146,0.790130
9147,0.753472
9148,0.777562
9149,0.748312
9150,0.712390
9151,0.808661
9152,0.769288
9153,0.745013
9154,0.793287
9155,0.731646
9156,0.780906
9157,0.780595
9158,0.744493
9159,0.793025
9160,0.712935
9161,0.757196
9162,0.718852
9163,0.775276
9164,0.782334
9165,0.729023
9166,0.756471
9167,0.764634
9168,0.752187
9169,0.752639
9170,0.698525
9171,0.776177
9172,0.806507
9173,0.771193
9174,0.728777
9175,0.736872
9176,0.768963
9177,0.743283
9178,0.762197
9179,0.858455
9180,0.778482
9181,0.803518
9182,0.746442
9183,0.802891
9184,0.741664
9185,0.774954
9186,0.735907
9187,0.783728
9188,0.740854
9189,0.745478
9190,0.787657
9191,0.752670
9192,0.815979
9193,0.807702
9194,0.742983
9195,0.787962
9196,0.764346
9197,0.771960
9198,0.787048
9199,0.760833
9200,0.716605
9201,0.743234
9202,0.770710
9203,0.743514
9204,0.745929
9205,0.746763
9206,0.737855
9207,0.794508
9208,0.813224
9209,0.755209
9210,0.764104
9211,0.742358
9212,0.682054
9213,0.779388
9214,0.818560
9215,0.779434
9216,0.746455
9217,0.738220
9218,0.780929
9219,0.762438
9220,0.785809
9221,0.725951
9222,0.709965
9223,0.750094
9224,0.785589
9225,0.786429
9226,0.774074
9227,0.781466
9228,0.757222
9229,0.842638
9230,0.781337
9231,0.760027
9232,0.740626
9233,0.788518
9234,0.781179
9235,0.794016
9236,0.756911
9237,0.769355
9238,0.798038
9239,0.771493
9240,0.799074
9241,0.771661
9242,0.785266
9243,0.773308
9244,0.785958
9245,0.785095
9246,0.814846
9247,0.736146
9248,0.777198
9249,0.750704
9250,0.785396
9251,0.812210
9252,0.754156
9253,0.750107
9254,0.775087
9255,0.782836
9256,0.785824
9257,0.818642
9258,0.781188
9259,0.747485
9260,0.761325
9261,0.775791
9262,0.779400
9263,0.804370
9264,0.804959
9265,0.724338
9266,0.752330
9267,0.750916
9268,0.800217
9269,0.815291
9270,0.829876
9271,0.797552
9272,0.806996
9273,0.777103
9274,0.761654
9275,0.755750
9276,0.768884
9277,0.792055
9278,0.787820
9279,0.797791
9280,0.783611
9281,0.771146
9282,0.775912
9283,0.733459
9284,0.761582
9285,0.787469
9286,0.739326
9287,0.774366
9288,0.696968
9289,0.763277
9290,0.794062
9291,0.775277
9292,0.747943
9293,0.798654
9294,0.795575
9295,0.775187
9296,0.805248
9297,0.762720
9298,0.768329
9299,0.791741
9300,0.793163
9301,0.762124
9302,0.725345
9303,0.745605
9304,0.754260
9305,0.789114
9306,0.761112
9307,0.750619
9308,0.740864
9309,0.747380
9310,0.745683
9311,0.759804
9312,0.792255
9313,0.752921
9314,0.775124
9315,0.730746
9316,0.804194
9317,0.730439
9318,0.779606
9319,0.758310
9320,0.815355
9321,0.783709
9322,0.753538
9323,0.771568
9324,0.721644
9325,0.839961
9326,0.723753
9327,0.771868
9328,0.776536
9329,0.772274
9330,0.720264
9331,0.785430
9332,0.798561
9333,0.743868
9334,0.786488
9335,0.815642
9336,0.792551
9337,0.754609
9338,0.752619
9339,0.760317
9340,0.759125
9341,0.748651
9342,0.799682
9343,0.768962
9344,0.756114
9345,0.784244
9346,0.765577
9347,0.789815
9348,0.781206
9349,0.782654
9350,0.770614
9351,0.770785
9352,0.777015
9353,0.817261
9354,0.753357
9355,0.787889
9356,0.721335
9357,0.779267
9358,0.724578
9359,0.788684
9360,0.758695
9361,0.787218
9362,0.745084
9363,0.805701
9364,0.791309
9365,0.766838
9366,0.745994
9367,0.773007
9368,0.757628
9369,0.749819
9370,0.810658
9371,0.734373
9372,0.756022
9373,0.775909
9374,0.754423
9375,0.791449
9376,0.766541
9377,0.791409
9378,0.760466
9379,0.785089
9380,0.793650
9381,0.709459
9382,0.821377
9383,0.759487
9384,0.773533
9385,0.754434
9386,0.772085
9387,0.770191
9388,0.753278
9389,0.745919
9390,0.784804
9391,0.797746
9392,0.776747
9393,0.784891
9394,0.742361
9395,0.786579
9396,0.795802
9397,0.745788
9398,0.764071
9399,0.776347
9400,0.719883
9401,0.759766
9402,0.754757
9403,0.745061
9404,0.744260
9405,0.757324
9406,0.795929
9407,0.766480
9408,0.772346
9409,0.798942
9410,0.805014
9411,0.785262
9412,0.771268
9413,0.767249
9414,0.766737
9415,0.750352
9416,0.824340
9417,0.757468
9418,0.795017
9419,0.736892
9420,0.750969
9421,0.791183
9422,0.803604
9423,0.802398
9424,0.775600
9425,0.778109
9426,0.724209
9427,0.795138
9428,0.759922
9429,0.737102
9430,0.755360
9431,0.749028
9432,0.745764
9433,0.776065
9434,0.812275
9435,0.750364
9436,0.751774
9437,0.739858
9438,0.736983
9439,0.744747
9440,0.808481
9441,0.690165
9442,0.744760
9443,0.740360
9444,0.770720
9445,0.782852
9446,0.779525
9447,0.741013
9448,0.747759
9449,0.739394
9450,0.796310
9451,0.766489
9452,0.771552
9453,0.780478
9454,0.818068
9455,0.709031
9456,0.749978
9457,0.751130
9458,0.771612
9459,0.721925
9460,0.729260
9461,0.725989
9462,0.791291
9463,0.800465
9464,0.817309
9465,0.773422
9466,0.806084
9467,0.749722
9468,0.742540
9469,0.783457
9470,0.765929
9471,0.794210
9472,0.815550
9473,0.813868
9474,0.753973
9475,0.769591
9476,0.732822
9477,0.793115
9478,0.745909
9479,0.778596
9480,0.727904
9481,0.871596
9482,0.726321
9483,0.786012
9484,0.759187
9485,0.733136
9486,0.746770
9487,0.761848
9488,0.758579
9489,0.738433
9490,0.791702
9491,0.848837
9492,0.753292
9493,0.764614
9494,0.801609
9495,0.773239
9496,0.731521
9497,0.804946
9498,0.758300
9499,0.712214
9500,0.789281
9501,0.737988
9502,0.751163
9503,0.723192
9504,0.828441
9505,0.760714
9506,0.711974
9507,0.760070
9508,0.820507
9509,0.745155
9510,0.756748
9511,0.801079
9512,0.736155
9513,0.802828
9514,0.751144
9515,0.754065
9516,0.819724
9517,0.768654
9518,0.740870
9519,0.735928
9520,0.798014
9521,0.776735
9522,0.766235
9523,0.775225
9524,0.762218
9525,0.806437
9526,0.782106
9527,0.750116
9528,0.831208
9529,0.747568
9530,0.747522
9531,0.757338
9532,0.770598
9533,0.797941
9534,0.771008
9535,0.768945
9536,0.751040
9537,0.785295
9538,0.776751
9539,0.743811
9540,0.744730
9541,0.791776
9542,0.758290
9543,0.743821
9544,0.759291
9545,0.698937
9546,0.774101
9547,0.802359
9548,0.749655
9549,0.827642
9550,0.794557
9551,0.746859
9552,0.798939
9553,0.788432
9554,0.779698
9555,0.804936
9556,0.803392
9557,0.742934
9558,0.766034
9559,0.803109
9560,0.834361
9561,0.812906
9562,0.795565
9563,0.721812
9564,0.795647
9565,0.789625
9566,0.822376
9567,0.754268
9568,0.766505
9569,0.754212
9570,0.775757
9571,0.731443
9572,0.771273
9573,0.831903
9574,0.788653
9575,0.782345
9576,0.794036
9577,0.772668
9578,0.785736
9579,0.725218
9580,0.756727
9581,0.786976
9582,0.762210
9583,0.770006
9584,0.760055
9585,0.772185
9586,0.802055
9587,0.718470
9588,0.797673
9589,0.776323
9590,0.826050
9591,0.756000
9592,0.772310
9593,0.785324
9594,0.749160
9595,0.754348
9596,0.799509
9597,0.745803
9598,0.782673
9599,0.791563
9600,0.814927
9601,0.711122
9602,0.756142
9603,0.745038
9604,0.753199
9605,0.738964
9606,0.774931
9607,0.788151
9608,0.765348
9609,0.820798
9610,0.762309
9611,0.778253
9612,0.799566
9613,0.740015
9614,0.800771
9615,0.721596
9616,0.823229
9617,0.776669
9618,0.768970
9619,0.732452
9620,0.731499
9621,0.742657
9622,0.740086
9623,0.780324
9624,0.780730
9625,0.755189
9626,0.807328
9627,0.695746
9628,0.765255
9629,0.741521
9630,0.785179
9631,0.766060
9632,0.716114
9633,0.786625
9634,0.809012
9635,0.790959
9636,0.789881
9637,0.804416
9638,0.728871
9639,0.780203
9640,0.789076
9641,0.726753
9642,0.708388
9643,0.752935
9644,0.766500
9645,0.761837
9646,0.784082
9647,0.730885
9648,0.776186
9649,0.734956
9650,0.786211
9651,0.792654
9652,0.723694
9653,0.759623
9654,0.735305
9655,0.743608
9656,0.774467
9657,0.796539
9658,0.736087
9659,0.773794
9660,0.772556
9661,0.834403
9662,0.777704
9663,0.751832
9664,0.744725
9665,0.777677
9666,0.733877
9667,0.826242
9668,0.785044
9669,0.792195
9670,0.744278
9671,0.773241
9672,0.770069
9673,0.754796
9674,0.761001
9675,0.771364
9676,0.768757
9677,0.756790
9678,0.801823
9679,0.735107
9680,0.769632
9681,0.768501
9682,0.823848
9683,0.756694
9684,0.839466
9685,0.757486
9686,0.767278
9687,0.757527
9688,0.716753
9689,0.778262
9690,0.732421
9691,0.775152
9692,0.760627
9693,0.805445
9694,0.748534
9695,0.763097
9696,0.771175
9697,0.777745
9698,0.744447
9699,0.715200
9700,0.810888
9701,0.792882
9702,0.728806
9703,0.708692
9704,0.755490
9705,0.781449
9706,0.774580
9707,0.775812
9708,0.747032
9709,0.779454
9710,0.781979
9711,0.776121
9712,0.708097
9713,0.744955
9714,0.803021
9715,0.756350
9716,0.802640
9717,0.790079
9718,0.775158
9719,0.805026
9720,0.731211
9721,0.741684
9722,0.768303
9723,0.743209
9724,0.733944
9725,0.744797
9726,0.798187
9727,0.811238
9728,0.818433
9729,0.743857
9730,0.775274
9731,0.766794
9732,0.730407
9733,0.783577
9734,0.701215
9735,0.727545
9736,0.812707
9737,0.777523
9738,0.755124
9739,0.756512
9740,0.777262
9741,0.796083
9742,0.758085
9743,0.741597
9744,0.797654
9745,0.753250
9746,0.723086
9747,0.778828
9748,0.748806
9749,0.741770
9750,0.798882
9751,0.789631
9752,0.786466
9753,0.740794
9754,0.738494
9755,0.767432
9756,0.820894
9757,0.767769
9758,0.762649
9759,0.737890
9760,0.723587
9761,0.760383
9762,0.789678
9763,0.777542
9764,0.750223
9765,0.741448
9766,0.744377
9767,0.802051
9768,0.803946
9769,0.738937
9770,0.778657
9771,0.767488
9772,0.710788
9773,0.732645
9774,0.758316
9775,0.768563
9776,0.793605
9777,0.761649
9778,0.778195
9779,0.799291
9780,0.773090
9781,0.791827
9782,0.723527
9783,0.757371
9784,0.746128
9785,0.767900
9786,0.796062
9787,0.767329
9788,0.769928
9789,0.771453
9790,0.716689
9791,0.755379
9792,0.818128
9793,0.770344
9794,0.783554
9795,0.804101
9796,0.803751
9797,0.787021
9798,0.811703
9799,0.753090
9800,0.753051
9801,0.764227
9802,0.802420
9803,0.799228
9804,0.760813
9805,0.762246
9806,0.765015
9807,0.732062
9808,0.730481
9809,0.762221
9810,0.795209
9811,0.756011
9812,0.815077
9813,0.786618
9814,0.787468
9815,0.783150
9816,0.755218
9817,0.862793
9818,0.772182
9819,0.785915
9820,0.765447
9821,0.766537
9822,0.765412
9823,0.716399
9824,0.775727
9825,0.754497
9826,0.805603
9827,0.742651
9828,0.783065
9829,0.792241
9830,0.755874
9831,0.816361
9832,0.760928
9833,0.811053
9834,0.744414
9835,0.742393
9836,0.726408
9837,0.765982
9838,0.728608
9839,0.774745
9840,0.816309
9841,0.799592
9842,0.728204
9843,0.756072
9844,0.769058
9845,0.748130
9846,0.794227
9847,0.718497
9848,0.760120
9849,0.786277
9850,0.768787
9851,0.755984
9852,0.728072
9853,0.780529
9854,0.754044
9855,0.778115
9856,0.771700
9857,0.720914
9858,0.757657
9859,0.811563
9860,0.813423
9861,0.726599
9862,0.779059
9863,0.734296
9864,0.777719
9865,0.757045
9866,0.788352
9867,0.783893
9868,0.734028
9869,0.764028
9870,0.734686
9871,0.811308
9872,0.757338
9873,0.752964
9874,0.761182
9875,0.768868
9876,0.740024
9877,0.792230
9878,0.738401
9879,0.733695
9880,0.756969
9881,0.778226
9882,0.768426
9883,0.747686
9884,0.803271
9885,0.784947
9886,0.750953
9887,0.770271
9888,0.730564
9889,0.771774
9890,0.700668
9891,0.752670
9892,0.791462
9893,0.786698
9894,0.798351
9895,0.807092
9896,0.744934
9897,0.802438
9898,0.770680
9899,0.782017
9900,0.758695
9901,0.770377
9902,0.813899
9903,0.742900
9904,0.749806
9905,0.760654
9906,0.794798
9907,0.724891
9908,0.782896
9909,0.758992
9910,0.772024
9911,0.734253
9912,0.716680
9913,0.841253
9914,0.812217
9915,0.744731
9916,0.780059
9917,0.741766
9918,0.792366
9919,0.774634
9920,0.796587
9921,0.818388
9922,0.733651
9923,0.781325
9924,0.781481
9925,0.762610
9926,0.735840
9927,0.863298
9928,0.825579
9929,0.758278
9930,0.762880
9931,0.798876
9932,0.754836
9933,0.759910
9934,0.747254
9935,0.770368
9936,0.738675
9937,0.776235
9938,0.843335
9939,0.746707
9940,0.769425
9941,0.764397
9942,0.777527
9943,0.789845
9944,0.715038
9945,0.748104
9946,0.712087
9947,0.833991
9948,0.747515
9949,0.784331
9950,0.780302
9951,0.754886
9952,0.706291
9953,0.725913
9954,0.729745
9955,0.726690
9956,0.840105
9957,0.784538
9958,0.755916
9959,0.779277
9960,0.747994
9961,0.796489
9962,0.757220
9963,0.791376
9964,0.816711
9965,0.754500
9966,0.750841
9967,0.828490
9968,0.769109
9969,0.798333
9970,0.744182
9971,0.713647
9972,0.788689
9973,0.799711
9974,0.756010
9975,0.766893
9976,0.752854
9977,0.723154
9978,0.755884
9979,0.747200
9980,0.785030
9981,0.763903
9982,0.707513
9983,0.790138
9984,0.826795
9985,0.746776
9986,0.773242
9987,0.778518
9988,0.732145
9989,0.720194
9990,0.735625
9991,0.796109
9992,0.771722
9993,0.780781
9994,0.779328
9995,0.776657
9996,0.784799
9997,0.709963
9998,0.753597
9999,0.768270
10000,0.737054
10001,0.816754
10002,0.735952
10003,0.734559
10004,0.728425
10005,0.778412
10006,0.756319
10007,0.794637
10008,0.732090
10009,0.816480
10010,0.754232
10011,0.757517
10012,0.733677
10013,0.752037
10014,0.816225
10015,0.758912
10016,0.775514
10017,0.789988
10018,0.741737
10019,0.775179
10020,0.736898
10021,0.711737
10022,0.827729
10023,0.760589
10024,0.800227
10025,0.786204
10026,0.822163
10027,0.761866
10028,0.751980
10029,0.797965
10030,0.772876
10031,0.764989
10032,0.813198
10033,0.770916
10034,0.693219
10035,0.758171
10036,0.695892
10037,0.768804
10038,0.764479
10039,0.758384
10040,0.758263
10041,0.749876
10042,0.755729
10043,0.743759
10044,0.767224
10045,0.754902
10046,0.726967
10047,0.779784
10048,0.746907
10049,0.746784
10050,0.747365
10051,0.759839
10052,0.794275
10053,0.736341
10054,0.751443
10055,0.795003
10056,0.723203
10057,0.727040
10058,0.800624
10059,0.759789
10060,0.768663
10061,0.781967
10062,0.745869
10063,0.759509
10064,0.776155
10065,0.773761
10066,0.791733
10067,0.798808
10068,0.738711
10069,0.771767
10070,0.797964
10071,0.798410
10072,0.756294
10073,0.759159
10074,0.803677
10075,0.780541
10076,0.842747
10077,0.752586
10078,0.783639
10079,0.776312
10080,0.790047
10081,0.734812
10082,0.768031
10083,0.728477
10084,0.784582
10085,0.801504
10086,0.780401
10087,0.793905
10088,0.744290
10089,0.767578
10090,0.772430
10091,0.757778
10092,0.744808
10093,0.720372
10094,0.733152
10095,0.819436
10096,0.771785
10097,0.746095
10098,0.732710
10099,0.757066
10100,0.837066
10101,0.742636
10102,0.817099
10103,0.737251
10104,0.738076
10105,0.804922
10106,0.786601
10107,0.779922
10108,0.768976
10109,0.764763
10110,0.759113
10111,0.756992
10112,0.758020
10113,0.733365
10114,0.719351
10115,0.757483
10116,0.799926
10117,0.755647
10118,0.746461
10119,0.787615
10120,0.751779
10121,0.800179
10122,0.741341
10123,0.791940
10124,0.763155
10125,0.725074
10126,0.750909
10127,0.774104
10128,0.758683
10129,0.733902
10130,0.748355
10131,0.720222
10132,0.758980
10133,0.783098
10134,0.772395
10135,0.748216
10136,0.763211
10137,0.708001
10138,0.733370
10139,0.703637
10140,0.758507
10141,0.729373
10142,0.706484
10143,0.759697
10144,0.754314
10145,0.729659
10146,0.730248
10147,0.737186
10148,0.771892
10149,0.771506
10150,0.747413
10151,0.747276
10152,0.781073
10153,0.728028
10154,0.730305
10155,0.808063
10156,0.730700
10157,0.771102
10158,0.743276
10159,0.774524
10160,0.804614
10161,0.743099
10162,0.747209
10163,0.803501
10164,0.777170
10165,0.740508
10166,0.751338
10167,0.840522
10168,0.766592
10169,0.741853
10170,0.757594
10171,0.735840
10172,0.728102
10173,0.747870
10174,0.802295
10175,0.779031
10176,0.769557
10177,0.757243
10178,0.798187
10179,0.759295
10180,0.764896
10181,0.735085
10182,0.764166
10183,0.760673
10184,0.808130
10185,0.755223
10186,0.708982
10187,0.773829
10188,0.774511
10189,0.762880
10190,0.753828
10191,0.757595
10192,0.767424
10193,0.778238
10194,0.729699
10195,0.772725
10196,0.800008
10197,0.718181
10198,0.786354
10199,0.724121
10200,0.736186
10201,0.732018
10202,0.732195
10203,0.776821
10204,0.807823
10205,0.758362
10206,0.777870
10207,0.855350
10208,0.754498
10209,0.796914
10210,0.769855
10211,0.776946
10212,0.755211
10213,0.744939
10214,0.740562
10215,0.750253
10216,0.770859
10217,0.802812
10218,0.745773
10219,0.797912
10220,0.733222
10221,0.721041
10222,0.792533
10223,0.731467
10224,0.773547
10225,0.692812
10226,0.790370
10227,0.746287
10228,0.745758
10229,0.786221
10230,0.739988
10231,0.752947
10232,0.793298
10233,0.756691
10234,0.808118
10235,0.770331
10236,0.753229
10237,0.752755
10238,0.768274
10239,0.761859
10240,0.759726
10241,0.761645
10242,0.756932
10243,0.741236
10244,0.743162
10245,0.763567
10246,0.745984
10247,0.731749
10248,0.715078
10249,0.837478
10250,0.791200
10251,0.767812
10252,0.746980
10253,0.763128
10254,0.746405
10255,0.700467
10256,0.726272
10257,0.736071
10258,0.796066
10259,0.774285
10260,0.766266
10261,0.718144
10262,0.808393
10263,0.715600
10264,0.770814
10265,0.754479
10266,0.752956
10267,0.731982
10268,0.778318
10269,0.764953
10270,0.785318
10271,0.775963
10272,0.792491
10273,0.748601
10274,0.747230
10275,0.772657
10276,0.744456
10277,0.783511
10278,0.708980
10279,0.777784
10280,0.798540
10281,0.783790
10282,0.772792
10283,0.787180
10284,0.714179
10285,0.745993
10286,0.787081
10287,0.807371
10288,0.745400
10289,0.795992
10290,0.761719
10291,0.719688
10292,0.744365
10293,0.770616
10294,0.757883
10295,0.765214
10296,0.708355
10297,0.700144
10298,0.762232
10299,0.750555
10300,0.765848
10301,0.743319
10302,0.749665
10303,0.723296
10304,0.718776
10305,0.757227
10306,0.805155
10307,0.730621
10308,0.764778
10309,0.735525
10310,0.758154
10311,0.765400
10312,0.731796
10313,0.726747
10314,0.737303
10315,0.736137
10316,0.758783
10317,0.734111
10318,0.733903
10319,0.760158
10320,0.795851
10321,0.701969
10322,0.749342
10323,0.801475
10324,0.715063
10325,0.764545
10326,0.769051
10327,0.751850
10328,0.786114
10329,0.788586
10330,0.803809
10331,0.749608
10332,0.804227
10333,0.775008
10334,0.764578
10335,0.785376
10336,0.773483
10337,0.778477
10338,0.761510
10339,0.762302
10340,0.747074
10341,0.795914
10342,0.774306
10343,0.777800
10344,0.745836
10345,0.751537
10346,0.739530
10347,0.795889
10348,0.783403
10349,0.763538
10350,0.730828
10351,0.748642
10352,0.756650
10353,0.724269
10354,0.810854
10355,0.787248
10356,0.776573
10357,0.761242
10358,0.773408
10359,0.738387
10360,0.807937
10361,0.785439
10362,0.773548
10363,0.772764
10364,0.745588
10365,0.755480
10366,0.796154
10367,0.731223
10368,0.753572
10369,0.736340
10370,0.789639
10371,0.752436
10372,0.780984
10373,0.742521
10374,0.763479
10375,0.771450
10376,0.721695
10377,0.769235
10378,0.729943
10379,0.753903
10380,0.713535
10381,0.786567
10382,0.741498
10383,0.757277
10384,0.746732
10385,0.698229
10386,0.770675
10387,0.757729
10388,0.740056
10389,0.737084
10390,0.840784
10391,0.798772
10392,0.738590
10393,0.776718
10394,0.728320
10395,0.744650
10396,0.752830
10397,0.726208
10398,0.761454
10399,0.780696
10400,0.790466
10401,0.695156
10402,0.781777
10403,0.789898
10404,0.754645
10405,0.792795
10406,0.776862
10407,0.830974
10408,0.752723
10409,0.809229
10410,0.747561
10411,0.753272
10412,0.773471
10413,0.787235
10414,0.776440
10415,0.720441
10416,0.747173
10417,0.780484
10418,0.751685
10419,0.741444
10420,0.718170
10421,0.767326
10422,0.760423
10423,0.731121
10424,0.746143
10425,0.752912
10426,0.768181
10427,0.792547
10428,0.737030
10429,0.801714
10430,0.765289
10431,0.818318
10432,0.749302
10433,0.739718
10434,0.738297
10435,0.749837
10436,0.785944
10437,0.776968
10438,0.760170
10439,0.703420
10440,0.732694
10441,0.742073
10442,0.748587
10443,0.776627
10444,0.776994
10445,0.805501
10446,0.748245
10447,0.736690
10448,0.744954
10449,0.766497
10450,0.771437
10451,0.752251
10452,0.771205
10453,0.785942
10454,0.768748
10455,0.761705
10456,0.727152
10457,0.735661
10458,0.781192
10459,0.747588
10460,0.764054
10461,0.776658
10462,0.733347
10463,0.745880
10464,0.770375
10465,0.761778
10466,0.756549
10467,0.787208
10468,0.735444
10469,0.741894
10470,0.789217
10471,0.771256
10472,0.716640
10473,0.750978
10474,0.744908
10475,0.736191
10476,0.727005
10477,0.747594
10478,0.721324
10479,0.731495
10480,0.761887
10481,0.746451
10482,0.823174
10483,0.773663
10484,0.733796
10485,0.742805
10486,0.780783
10487,0.763008
10488,0.803046
10489,0.766036
10490,0.790827
10491,0.728878
10492,0.747410
10493,0.767462
10494,0.746337
10495,0.782891
10496,0.774472
10497,0.791929
10498,0.782627
10499,0.797176
10500,0.709215
10501,0.767918
10502,0.696383
10503,0.758517
10504,0.803421
10505,0.760419
10506,0.786686
10507,0.750695
10508,0.770409
10509,0.785417
10510,0.796794
10511,0.740979
10512,0.733995
10513,0.734323
10514,0.775904
10515,0.795406
10516,0.745203
10517,0.777235
10518,0.795932
10519,0.779535
10520,0.733602
10521,0.739075
10522,0.742997
10523,0.749285
10524,0.731828
10525,0.783808
10526,0.720145
10527,0.750987
10528,0.742497
10529,0.789309
10530,0.738954
10531,0.740114
10532,0.744960
10533,0.753049
10534,0.751005
10535,0.820137
10536,0.762487
10537,0.774734
10538,0.786522
10539,0.731153
10540,0.770409
10541,0.762655
10542,0.774117
10543,0.758287
10544,0.695191
10545,0.739677
10546,0.791100
10547,0.748011
10548,0.755993
10549,0.778487
10550,0.758731
10551,0.753522
10552,0.762052
10553,0.792162
10554,0.793150
10555,0.750196
10556,0.771873
10557,0.752107
10558,0.732717
10559,0.765034
10560,0.732458
10561,0.734103
10562,0.769973
10563,0.776269
10564,0.761909
10565,0.726676
10566,0.732885
10567,0.738496
10568,0.736974
10569,0.748563
10570,0.799082
10571,0.776570
10572,0.751483
10573,0.778393
10574,0.774083
10575,0.820186
10576,0.773120
10577,0.745982
10578,0.760840
10579,0.732905
10580,0.758115
10581,0.755731
10582,0.736849
10583,0.735315
10584,0.764601
10585,0.774684
10586,0.758763
10587,0.768514
10588,0.751802
10589,0.751301
10590,0.768171
10591,0.774891
10592,0.811623
10593,0.727982
10594,0.764451
10595,0.726399
10596,0.774914
10597,0.737024
10598,0.775447
10599,0.713898
10600,0.749000
10601,0.767879
10602,0.830135
10603,0.751317
10604,0.783317
10605,0.731804
10606,0.779997
10607,0.767022
10608,0.765636
10609,0.808659
10610,0.737444
10611,0.734105
10612,0.805132
10613,0.751310
10614,0.753865
10615,0.740057
10616,0.770581
10617,0.731413
10618,0.790648
10619,0.773162
10620,0.674537
10621,0.780045
10622,0.742726
10623,0.788390
10624,0.764786
10625,0.755901
10626,0.788843
10627,0.747614
10628,0.756296
10629,0.727245
10630,0.776989
10631,0.735426
10632,0.751181
10633,0.744877
10634,0.784815
10635,0.777929
10636,0.745988
10637,0.791485
10638,0.744893
10639,0.705944
10640,0.740910
10641,0.731980
10642,0.717479
10643,0.711810
10644,0.784852
10645,0.727826
10646,0.695984
10647,0.743042
10648,0.759585
10649,0.717480
10650,0.738350
10651,0.773211
10652,0.732234
10653,0.794595
10654,0.800167
10655,0.733482
10656,0.786021
10657,0.768687
10658,0.774138
10659,0.801670
10660,0.722994
10661,0.747881
10662,0.744842
10663,0.763353
10664,0.738719
10665,0.778837
10666,0.753270
10667,0.719999
10668,0.752781
10669,0.799978
10670,0.746748
10671,0.772456
10672,0.708396
10673,0.769464
10674,0.815564
10675,0.781437
10676,0.744141
10677,0.799128
10678,0.760403
10679,0.717356
10680,0.741043
10681,0.743795
10682,0.780273
10683,0.792926
10684,0.742421
10685,0.766291
10686,0.796952
10687,0.811904
10688,0.759078
10689,0.792496
10690,0.789714
10691,0.810291
10692,0.800703
10693,0.805120
10694,0.786244
10695,0.749389
10696,0.786509
10697,0.711642
10698,0.784125
10699,0.741846
10700,0.749315
10701,0.777801
10702,0.727786
10703,0.734786
10704,0.795973
10705,0.806396
10706,0.785434
10707,0.683427
10708,0.721147
10709,0.723656
10710,0.718286
10711,0.740155
10712,0.716589
10713,0.774919
10714,0.807285
10715,0.772290
10716,0.792333
10717,0.740668
10718,0.753676
10719,0.759961
10720,0.804438
10721,0.738247
10722,0.782081
10723,0.750814
10724,0.787866
10725,0.773476
10726,0.741472
10727,0.743681
10728,0.779426
10729,0.736811
10730,0.741278
10731,0.758169
10732,0.792971
10733,0.762565
10734,0.821538
10735,0.731830
10736,0.750918
10737,0.759629
10738,0.733307
10739,0.738123
10740,0.809679
10741,0.776744
10742,0.723765
10743,0.707884
10744,0.744988
10745,0.809003
10746,0.768576
10747,0.772589
10748,0.767220
10749,0.745121
10750,0.744892
10751,0.786235
10752,0.759760
10753,0.756562
10754,0.747981
10755,0.738148
10756,0.764530
10757,0.761119
10758,0.798104
10759,0.733462
10760,0.820033
10761,0.779332
10762,0.748164
10763,0.756816
10764,0.775546
10765,0.746197
10766,0.746890
10767,0.786207
10768,0.726388
10769,0.701529
10770,0.799012
10771,0.821143
10772,0.726590
10773,0.750237
10774,0.762193
10775,0.761927
10776,0.754098
10777,0.668383
10778,0.748506
10779,0.749333
10780,0.805139
10781,0.709641
10782,0.715878
10783,0.782316
10784,0.761954
10785,0.781788
10786,0.698575
10787,0.739498
10788,0.707951
10789,0.711452
10790,0.755273
10791,0.769834
10792,0.747561
10793,0.710593
10794,0.788027
10795,0.764476
10796,0.793293
10797,0.772082
10798,0.736053
10799,0.762215
10800,0.732218
10801,0.742196
10802,0.721312
10803,0.785493
10804,0.788279
10805,0.760529
10806,0.708694
10807,0.708459
10808,0.724875
10809,0.819646
10810,0.786705
10811,0.797510
10812,0.753233
10813,0.756699
10814,0.775604
10815,0.710103
10816,0.744125
10817,0.792229
10818,0.823766
10819,0.745925
10820,0.750111
10821,0.749889
10822,0.745040
10823,0.749998
10824,0.741997
10825,0.798016
10826,0.734699
10827,0.790271
10828,0.735574
10829,0.762782
10830,0.750393
10831,0.756996
10832,0.749624
10833,0.746600
10834,0.750961
10835,0.782829
10836,0.746121
10837,0.748625
10838,0.746930
10839,0.754260
10840,0.769211
10841,0.811722
10842,0.731175
10843,0.747380
10844,0.793320
10845,0.753038
10846,0.733421
10847,0.731476
10848,0.769507
10849,0.742106
10850,0.764798
10851,0.692203
10852,0.758733
10853,0.762324
10854,0.792883
10855,0.755968
10856,0.759790
10857,0.720163
10858,0.764042
10859,0.751441
10860,0.741427
10861,0.761461
10862,0.753174
10863,0.791623
10864,0.761836
10865,0.801542
10866,0.762166
10867,0.759508
10868,0.750839
10869,0.767718
10870,0.718183
10871,0.744123
10872,0.715674
10873,0.760347
10874,0.750820
10875,0.761649
10876,0.847590
10877,0.772891
10878,0.687746
10879,0.708910
10880,0.725204
10881,0.756436
10882,0.695508
10883,0.763953
10884,0.785946
10885,0.734184
10886,0.702670
10887,0.744839
10888,0.762899
10889,0.739773
10890,0.781078
10891,0.771325
10892,0.755745
10893,0.741271
10894,0.746295
10895,0.776460
10896,0.771844
10897,0.719043
10898,0.773456
10899,0.793239
10900,0.757070
10901,0.780960
10902,0.715096
10903,0.741810
10904,0.731615
10905,0.739435
10906,0.764776
10907,0.812564
10908,0.766810
10909,0.691087
10910,0.742438
10911,0.773620
10912,0.781790
10913,0.806979
10914,0.745341
10915,0.712860
10916,0.704182
10917,0.799556
10918,0.769995
10919,0.735697
10920,0.725973
10921,0.789360
10922,0.779934
10923,0.777484
10924,0.801073
10925,0.747882
10926,0.770331
10927,0.753994
10928,0.741713
10929,0.766125
10930,0.791270
10931,0.776063
10932,0.738111
10933,0.739663
10934,0.799739
10935,0.749066
10936,0.716432
10937,0.810786
10938,0.739396
10939,0.761291
10940,0.764328
10941,0.708173
10942,0.790095
10943,0.733977
10944,0.771516
10945,0.767186
10946,0.767952
10947,0.740320
10948,0.787935
10949,0.779869
10950,0.802869
10951,0.757389
10952,0.810847
10953,0.825850
10954,0.739575
10955,0.755745
10956,0.752886
10957,0.751007
10958,0.753711
10959,0.746394
10960,0.734406
10961,0.763617
10962,0.775966
10963,0.719297
10964,0.822547
10965,0.788746
10966,0.767173
10967,0.749932
10968,0.756703
10969,0.783446
10970,0.734536
10971,0.770861
10972,0.713821
10973,0.749126
10974,0.720631
10975,0.779500
10976,0.814890
10977,0.806749
10978,0.751974
10979,0.747502
10980,0.771290
10981,0.737397
10982,0.791571
10983,0.747873
10984,0.788300
10985,0.806217
10986,0.730329
10987,0.755073
10988,0.725125
10989,0.772853
10990,0.805587
10991,0.761558
10992,0.716270
10993,0.769365
10994,0.753271
10995,0.750408
10996,0.823241
10997,0.777090
10998,0.754884
10999,0.733466
11000,0.735493
11001,0.766955
11002,0.751084
11003,0.779527
11004,0.731579
11005,0.773766
11006,0.738422
11007,0.741474
11008,0.776156
11009,0.776497
11010,0.746695
11011,0.751032
11012,0.724582
11013,0.758269
11014,0.765774
11015,0.794126
11016,0.769788
11017,0.733460
11018,0.758056
11019,0.761353
11020,0.701774
11021,0.718194
11022,0.754673
11023,0.779044
11024,0.729796
11025,0.733918
11026,0.781582
11027,0.741318
11028,0.706207
11029,0.734855
11030,0.755369
11031,0.774025
11032,0.807203
11033,0.759637
11034,0.751264
11035,0.764210
11036,0.701258
11037,0.754637
11038,0.787272
11039,0.776015
11040,0.727686
11041,0.743370
11042,0.763425
11043,0.757430
11044,0.741774
11045,0.727987
11046,0.754861
11047,0.800218
11048,0.794547
11049,0.785977
11050,0.738961
11051,0.776058
11052,0.793359
11053,0.760878
11054,0.760543
11055,0.721391
11056,0.771241
11057,0.801250
11058,0.758984
11059,0.818689
11060,0.753908
11061,0.766451
11062,0.745050
11063,0.748708
11064,0.748033
11065,0.790052
11066,0.749474
11067,0.743418
11068,0.757814
11069,0.758327
11070,0.755531
11071,0.754648
11072,0.725690
11073,0.774859
11074,0.812627
11075,0.699898
11076,0.748431
11077,0.696238
11078,0.745166
11079,0.771699
11080,0.732890
11081,0.781345
11082,0.762707
11083,0.710418
11084,0.746146
11085,0.799325
11086,0.702960
11087,0.705872
11088,0.715927
11089,0.739420
11090,0.751726
11091,0.791825
11092,0.727509
11093,0.791628
11094,0.693903
11095,0.752120
11096,0.761665
11097,0.764314
11098,0.771383
11099,0.764808
11100,0.819756
11101,0.706807
11102,0.727305
11103,0.789226
11104,0.787911
11105,0.758019
11106,0.731371
11107,0.747440
11108,0.754815
11109,0.753823
11110,0.758102
11111,0.767360
11112,0.733613
11113,0.754546
11114,0.725689
11115,0.772345
11116,0.764364
11117,0.796527
11118,0.749587
11119,0.741319
11120,0.749838
11121,0.751229
11122,0.708651
11123,0.804035
11124,0.811982
11125,0.796945
11126,0.749422
11127,0.765449
11128,0.733049
11129,0.726758
11130,0.777826
11131,0.771120
11132,0.793090
11133,0.803993
11134,0.739887
11135,0.716254
11136,0.742495
11137,0.766892
11138,0.796651
11139,0.760409
11140,0.755505
11141,0.732687
11142,0.825121
11143,0.745387
11144,0.792177
11145,0.732509
11146,0.787031
11147,0.731494
11148,0.727161
11149,0.761818
11150,0.730611
11151,0.752477
11152,0.760234
11153,0.758868
11154,0.723863
11155,0.748583
11156,0.787893
11157,0.803551
11158,0.748461
11159,0.776128
11160,0.758419
11161,0.740842
11162,0.777237
11163,0.763408
11164,0.756166
11165,0.711607
11166,0.808061
11167,0.726325
11168,0.791348
11169,0.775484
11170,0.766027
11171,0.738751
11172,0.744759
11173,0.757716
11174,0.746021
11175,0.776726
11176,0.828754
11177,0.774958
11178,0.737232
11179,0.770841
11180,0.737033
11181,0.774183
11182,0.737254
11183,0.750230
11184,0.752737
11185,0.773678
11186,0.792157
11187,0.781230
11188,0.735462
11189,0.764508
11190,0.721583
11191,0.744998
11192,0.776229
11193,0.792019
11194,0.741099
11195,0.758217
11196,0.737880
11197,0.759467
11198,0.778500
11199,0.743442
11200,0.790331
11201,0.731851
11202,0.752808
11203,0.780232
11204,0.776294
11205,0.754614
11206,0.710946
11207,0.749812
11208,0.735247
11209,0.731836
11210,0.844107
11211,0.754535
11212,0.782367
11213,0.783178
11214,0.771262
11215,0.744988
11216,0.734164
11217,0.724849
11218,0.787197
11219,0.720705
11220,0.764241
11221,0.791089
11222,0.756574
11223,0.727253
11224,0.737890
11225,0.810098
11226,0.718464
11227,0.746733
11228,0.750923
11229,0.757086
11230,0.784576
11231,0.752419
11232,0.786249
11233,0.742617
11234,0.753949
11235,0.731073
11236,0.749385
11237,0.735828
11238,0.766787
11239,0.710868
11240,0.764216
11241,0.765627
11242,0.782710
11243,0.710738
11244,0.717316
11245,0.738431
11246,0.732021
11247,0.750097
11248,0.720119
11249,0.746985
11250,0.749532
11251,0.723245
11252,0.765277
11253,0.727194
11254,0.780698
11255,0.749862
11256,0.806392
11257,0.709462
11258,0.757367
11259,0.753719
11260,0.830454
11261,0.742822
11262,0.784668
11263,0.731821
11264,0.749176
11265,0.756427
11266,0.756282
11267,0.763845
11268,0.731535
11269,0.762722
11270,0.736217
11271,0.727668
11272,0.760085
11273,0.735495
11274,0.781572
11275,0.737224
11276,0.772169
11277,0.737146
11278,0.746721
11279,0.777436
11280,0.756310
11281,0.719770
11282,0.758701
11283,0.760786
11284,0.750164
11285,0.793935
11286,0.727468
11287,0.728499
11288,0.756874
11289,0.710841
11290,0.800422
11291,0.788975
11292,0.767852
11293,0.753682
11294,0.731791
11295,0.730169
11296,0.762941
11297,0.731462
11298,0.745453
11299,0.728639
11300,0.721284
11301,0.736426
11302,0.730978
11303,0.740131
11304,0.829062
11305,0.763370
11306,0.776354
11307,0.769439
11308,0.792003
11309,0.729412
11310,0.797048
11311,0.746900
11312,0.750644
11313,0.750081
11314,0.776779
11315,0.769352
11316,0.750257
11317,0.739413
11318,0.788361
11319,0.695963
11320,0.750585
11321,0.757991
11322,0.772549
11323,0.732045
11324,0.774592
11325,0.749589
11326,0.781617
11327,0.767551
11328,0.779074
11329,0.738389
11330,0.740662
11331,0.750731
11332,0.808996
11333,0.742775
11334,0.724823
11335,0.737918
11336,0.744430
11337,0.746789
11338,0.690373
11339,0.739161
11340,0.743175
11341,0.759936
11342,0.722276
11343,0.782106
11344,0.792681
11345,0.753905
11346,0.741364
11347,0.735995
11348,0.726606
11349,0.777569
11350,0.725321
11351,0.803418
11352,0.779894
11353,0.755490
11354,0.712214
11355,0.750592
11356,0.733951
11357,0.716830
11358,0.767351
11359,0.723840
11360,0.735176
11361,0.757590
11362,0.759020
11363,0.805180
11364,0.748864
11365,0.806262
11366,0.773200
11367,0.737690
11368,0.788797
11369,0.722841
11370,0.741490
11371,0.802533
11372,0.785263
11373,0.794856
11374,0.747807
11375,0.806951
11376,0.760315
11377,0.754451
11378,0.733188
11379,0.727326
11380,0.746698
11381,0.765365
11382,0.729514
11383,0.780270
11384,0.800606
11385,0.805784
11386,0.767924
11387,0.765846
11388,0.791022
11389,0.756449
11390,0.746301
11391,0.763458
11392,0.721788
11393,0.709917
11394,0.782023
11395,0.751315
11396,0.740836
11397,0.732887
11398,0.754761
11399,0.765710
11400,0.750842
11401,0.737034
11402,0.711219
11403,0.734178
11404,0.775001
11405,0.747988
11406,0.771310
11407,0.792139
11408,0.735447
11409,0.736420
11410,0.729019
11411,0.804094
11412,0.731252
11413,0.787785
11414,0.756733
11415,0.782340
11416,0.730078
11417,0.742371
11418,0.743978
11419,0.739068
11420,0.742947
11421,0.767488
11422,0.790713
11423,0.746984
11424,0.764398
11425,0.744657
11426,0.731249
11427,0.773512
11428,0.751646
11429,0.754296
11430,0.770425
11431,0.724932
11432,0.749691
11433,0.728889
11434,0.777449
11435,0.755882
11436,0.743000
11437,0.786870
11438,0.763688
11439,0.744717
11440,0.756478
11441,0.765073
11442,0.747247
11443,0.737756
11444,0.782059
11445,0.769524
11446,0.766791
11447,0.730610
11448,0.715150
11449,0.781220
11450,0.742068
11451,0.710709
11452,0.733974
11453,0.783697
11454,0.698182
11455,0.743907
11456,0.765633
11457,0.729861
11458,0.771613
11459,0.787821
11460,0.744954
11461,0.772872
11462,0.731414
11463,0.771419
11464,0.751743
11465,0.767495
11466,0.767412
11467,0.781775
11468,0.748652
11469,0.733637
11470,0.695472
11471,0.764163
11472,0.760218
11473,0.746493
11474,0.762600
11475,0.725158
11476,0.794325
11477,0.773075
11478,0.745300
11479,0.748561
11480,0.821442
11481,0.749732
11482,0.795299
11483,0.719860
11484,0.783337
11485,0.731383
11486,0.733744
11487,0.739934
11488,0.737805
11489,0.751787
11490,0.813750
11491,0.785323
11492,0.747449
11493,0.686736
11494,0.753809
11495,0.755521
11496,0.739381
11497,0.772937
11498,0.740619
11499,0.767739
11500,0.718639
11501,0.787645
11502,0.759531
11503,0.807740
11504,0.740253
11505,0.789804
11506,0.771811
11507,0.728701
11508,0.815626
11509,0.723424
11510,0.723795
11511,0.756335
11512,0.731126
11513,0.711297
11514,0.758902
11515,0.709793
11516,0.734514
11517,0.706761
11518,0.754466
11519,0.703803
11520,0.764627
11521,0.760689
11522,0.790585
11523,0.745313
11524,0.755425
11525,0.756601
11526,0.739375
11527,0.767097
11528,0.804610
11529,0.738722
11530,0.736929
11531,0.775563
11532,0.827546
11533,0.774367
11534,0.777776
11535,0.742196
11536,0.732354
11537,0.763377
11538,0.784597
11539,0.817770
11540,0.739653
11541,0.731885
11542,0.759012
11543,0.812282
11544,0.759793
11545,0.780363
11546,0.791341
11547,0.810532
11548,0.716051
11549,0.747214
11550,0.743796
11551,0.746676
11552,0.762876
11553,0.763513
11554,0.753365
11555,0.792946
11556,0.720851
11557,0.787660
11558,0.764943
11559,0.741777
11560,0.738708
11561,0.732761
11562,0.766491
11563,0.802044
11564,0.747469
11565,0.691963
11566,0.795677
11567,0.754086
11568,0.734858
11569,0.785978
11570,0.759554
11571,0.746918
11572,0.745086
11573,0.779241
11574,0.741762
11575,0.862467
11576,0.781053
11577,0.784351
11578,0.761793
11579,0.779519
11580,0.774385
11581,0.755328
11582,0.751895
11583,0.693219
11584,0.776580
11585,0.751365
11586,0.739715
11587,0.722890
11588,0.813786
11589,0.763263
11590,0.749697
11591,0.808155
11592,0.770152
11593,0.732613
11594,0.715489
11595,0.769987
11596,0.760372
11597,0.770378
11598,0.749169
11599,0.808569
11600,0.748774
11601,0.734516
11602,0.768620
11603,0.701033
11604,0.782526
11605,0.701888
11606,0.773774
11607,0.753059
11608,0.788919
11609,0.721344
11610,0.751023
11611,0.767383
11612,0.720811
11613,0.771938
11614,0.802353
11615,0.744164
11616,0.779136
11617,0.725325
11618,0.806566
11619,0.779759
11620,0.738285
11621,0.766935
11622,0.799596
11623,0.718282
11624,0.761989
11625,0.753723
11626,0.732301
11627,0.794858
11628,0.776647
11629,0.736183
11630,0.773824
11631,0.785156
11632,0.763114
11633,0.754053
11634,0.739417
11635,0.752252
11636,0.787149
11637,0.799737
11638,0.765465
11639,0.758394
11640,0.751794
11641,0.754595
11642,0.745653
11643,0.776265
11644,0.742557
11645,0.747669
11646,0.757646
11647,0.736575
11648,0.756988
11649,0.790337
11650,0.748419
11651,0.736390
11652,0.705187
11653,0.720758
11654,0.782376
11655,0.718029
11656,0.752736
11657,0.735476
11658,0.735193
11659,0.762330
11660,0.755161
11661,0.755012
11662,0.734493
11663,0.752213
11664,0.751410
11665,0.749196
11666,0.678965
11667,0.718013
11668,0.805139
11669,0.818725
11670,0.778817
11671,0.732423
11672,0.746119
11673,0.762244
11674,0.725749
11675,0.783792
11676,0.723615
11677,0.754982
11678,0.798562
11679,0.800149
11680,0.762314
11681,0.773871
11682,0.749477
11683,0.748479
11684,0.748636
11685,0.783891
11686,0.762224
11687,0.738198
11688,0.763272
11689,0.748852
11690,0.725721
11691,0.796276
11692,0.720732
11693,0.736031
11694,0.738249
11695,0.741218
11696,0.719579
11697,0.713252
11698,0.735966
11699,0.729197
11700,0.772126
11701,0.766195
11702,0.731032
11703,0.770842
11704,0.718813
11705,0.761908
11706,0.767981
11707,0.804570
11708,0.827906
11709,0.772756
11710,0.783321
11711,0.732649
11712,0.774131
11713,0.801587
11714,0.751654
11715,0.711763
11716,0.754485
11717,0.765865
11718,0.722663
11719,0.734914
11720,0.712821
11721,0.771301
11722,0.779894
11723,0.764216
11724,0.753830
11725,0.744915
11726,0.775569
11727,0.752728
11728,0.717127
11729,0.736399
11730,0.752353
11731,0.772108
11732,0.765985
11733,0.711937
11734,0.778210
11735,0.736929
11736,0.743127
11737,0.751218
11738,0.762227
11739,0.773034
11740,0.762445
11741,0.746312
11742,0.723971
11743,0.758410
11744,0.711863
11745,0.775671
11746,0.784063
11747,0.778104
11748,0.761992
11749,0.797956
11750,0.782270
11751,0.750579
11752,0.743960
11753,0.719458
11754,0.721296
11755,0.787958
11756,0.726275
11757,0.762980
11758,0.770614
11759,0.763832
11760,0.776524
11761,0.793803
11762,0.778548
11763,0.719950
11764,0.792910
11765,0.771493
11766,0.741734
11767,0.736716
11768,0.701832
11769,0.720998
11770,0.805041
11771,0.756717
11772,0.731082
11773,0.780432
11774,0.773063
11775,0.739991
11776,0.758588
11777,0.757042
11778,0.733500
11779,0.736441
11780,0.684788
11781,0.721970
11782,0.774937
11783,0.723981
11784,0.757134
11785,0.735532
11786,0.696580
11787,0.778837
11788,0.724558
11789,0.760826
11790,0.735096
11791,0.706848
11792,0.724203
11793,0.732697
11794,0.761389
11795,0.727664
11796,0.745257
11797,0.763944
11798,0.736893
11799,0.770653
11800,0.735110
11801,0.771420
11802,0.734258
11803,0.702750
11804,0.740886
11805,0.704880
11806,0.796155
11807,0.702760
11808,0.778439
11809,0.713404
11810,0.750033
11811,0.725636
11812,0.740868
11813,0.766491
11814,0.726104
11815,0.736797
11816,0.740019
11817,0.745551
11818,0.727841
11819,0.764190
11820,0.712679
11821,0.712039
11822,0.780801
11823,0.783622
11824,0.778323
11825,0.745218
11826,0.736412
11827,0.777578
11828,0.733185
11829,0.718432
11830,0.769419
11831,0.778488
11832,0.715137
11833,0.743823
11834,0.725245
11835,0.756323
11836,0.745655
11837,0.739318
11838,0.798711
11839,0.771117
11840,0.716473
11841,0.780388
11842,0.753111
11843,0.842918
11844,0.761250
11845,0.731926
11846,0.797599
11847,0.799619
11848,0.710432
11849,0.766824
11850,0.744595
11851,0.729142
11852,0.741270
11853,0.769534
11854,0.741230
11855,0.764789
11856,0.719620
11857,0.746405
11858,0.688557
11859,0.721387
11860,0.717621
11861,0.740243
11862,0.737060
11863,0.770903
11864,0.747337
11865,0.765810
11866,0.750214
11867,0.778257
11868,0.773864
11869,0.761830
11870,0.759721
11871,0.730739
11872,0.746209
11873,0.746302
11874,0.760476
11875,0.746915
11876,0.746377
11877,0.766884
11878,0.736860
11879,0.750212
11880,0.749733
11881,0.697233
11882,0.714888
11883,0.699201
11884,0.788185
11885,0.732920
11886,0.757546
11887,0.765807
11888,0.759284
11889,0.732380
11890,0.768279
11891,0.758539
11892,0.756528
11893,0.756436
11894,0.755159
11895,0.793065
11896,0.776212
11897,0.765662
11898,0.779824
11899,0.799224
11900,0.699857
11901,0.765530
11902,0.763199
11903,0.772685
11904,0.707837
11905,0.763208
11906,0.758372
11907,0.722706
11908,0.778341
11909,0.809230
11910,0.729400
11911,0.711107
11912,0.699660
11913,0.718415
11914,0.751212
11915,0.681147
11916,0.764718
11917,0.755311
11918,0.755062
11919,0.734042
11920,0.781217
11921,0.743905
11922,0.730629
11923,0.755381
11924,0.765856
11925,0.779885
11926,0.814126
11927,0.780221
11928,0.742263
11929,0.849965
11930,0.757133
11931,0.753628
11932,0.773804
11933,0.756475
11934,0.779750
11935,0.763923
11936,0.806830
11937,0.733789
11938,0.719572
11939,0.797511
11940,0.758791
11941,0.787816
11942,0.744567
11943,0.733854
11944,0.717446
11945,0.764625
11946,0.732367
11947,0.761323
11948,0.732703
11949,0.733183
11950,0.730763
11951,0.809263
11952,0.726558
11953,0.721076
11954,0.763391
11955,0.744184
11956,0.793774
11957,0.800484
11958,0.775960
11959,0.742257
11960,0.773928
11961,0.820878
11962,0.730454
11963,0.808391
11964,0.747570
11965,0.751861
11966,0.794515
11967,0.762115
11968,0.714733
11969,0.715432
11970,0.783268
11971,0.738689
11972,0.709723
11973,0.756217
11974,0.746972
11975,0.756437
11976,0.758338
11977,0.733990
11978,0.712030
11979,0.717058
11980,0.745524
11981,0.726063
11982,0.702787
11983,0.734570
11984,0.761297
11985,0.744997
11986,0.758474
11987,0.760413
11988,0.769450
11989,0.771311
11990,0.708857
11991,0.721004
11992,0.769934
11993,0.788552
11994,0.713027
11995,0.742386
11996,0.760713
11997,0.687830
11998,0.733757
11999,0.759916
12000,0.776082
12001,0.784799
12002,0.752391
12003,0.720878
12004,0.687517
12005,0.747230
12006,0.804463
12007,0.770383
12008,0.808446
12009,0.748556
12010,0.781956
12011,0.708823
12012,0.681063
12013,0.728303
12014,0.755794
12015,0.752076
12016,0.770591
12017,0.767681
12018,0.761782
12019,0.745477
12020,0.733621
12021,0.767085
12022,0.765252
12023,0.694599
12024,0.762818
12025,0.770277
12026,0.765028
12027,0.808806
12028,0.712352
12029,0.758804
12030,0.784457
12031,0.760306
12032,0.732616
12033,0.765265
12034,0.796446
12035,0.802553
12036,0.782708
12037,0.767294
12038,0.747636
12039,0.772595
12040,0.768475
12041,0.786628
12042,0.722198
12043,0.770443
12044,0.782778
12045,0.779260
12046,0.693092
12047,0.771108
12048,0.742864
12049,0.741472
12050,0.813831
12051,0.746682
12052,0.776658
12053,0.783318
12054,0.712083
12055,0.769162
12056,0.715869
12057,0.798704
12058,0.775399
12059,0.777671
12060,0.784077
12061,0.710517
12062,0.733921
12063,0.747004
12064,0.692261
12065,0.747312
12066,0.755398
12067,0.709200
12068,0.794490
12069,0.757803
12070,0.779535
12071,0.717410
12072,0.773163
12073,0.766063
12074,0.790817
12075,0.746347
12076,0.738768
12077,0.693445
12078,0.737088
12079,0.744576
12080,0.739198
12081,0.746629
12082,0.736886
12083,0.714669
12084,0.694394
12085,0.734830
12086,0.755137
12087,0.724995
12088,0.751385
12089,0.723929
12090,0.698387
12091,0.747250
12092,0.797530
12093,0.745697
12094,0.812159
12095,0.719831
12096,0.776460
12097,0.696056
12098,0.755729
12099,0.744652
12100,0.739745
12101,0.725006
12102,0.779646
12103,0.740227
12104,0.719286
12105,0.746262
12106,0.791061
12107,0.737511
12108,0.754314
12109,0.695412
12110,0.768155
12111,0.766954
12112,0.738069
12113,0.742016
12114,0.759999
12115,0.752912
12116,0.723778
12117,0.746229
12118,0.789718
12119,0.774298
12120,0.775870
12121,0.763976
12122,0.758878
12123,0.762407
12124,0.752101
12125,0.791558
12126,0.779872
12127,0.788472
12128,0.734980
12129,0.779601
12130,0.797787
12131,0.703445
12132,0.733556
12133,0.761781
12134,0.782198
12135,0.770979
12136,0.714301
12137,0.717113
12138,0.719931
12139,0.773782
12140,0.699110
12141,0.768190
12142,0.768967
12143,0.796265
12144,0.747290
12145,0.705300
12146,0.755872
12147,0.799302
12148,0.727102
12149,0.770868
12150,0.738209
12151,0.720460
12152,0.802685
12153,0.763790
12154,0.787360
12155,0.788447
12156,0.724524
12157,0.811634
12158,0.756696
12159,0.734376
12160,0.724480
12161,0.760364
12162,0.756673
12163,0.729182
12164,0.775763
12165,0.756434
12166,0.752603
12167,0.741404
12168,0.746350
12169,0.724999
12170,0.754534
12171,0.669854
12172,0.726535
12173,0.761748
12174,0.762024
12175,0.713668
12176,0.772146
12177,0.763224
12178,0.719223
12179,0.744024
12180,0.824555
12181,0.749807
12182,0.707528
12183,0.795618
12184,0.712963
12185,0.794787
12186,0.719029
12187,0.744292
12188,0.722913
12189,0.758434
12190,0.755546
12191,0.745396
12192,0.791796
12193,0.779229
12194,0.798945
12195,0.712441
12196,0.752781
12197,0.763645
12198,0.771705
12199,0.750811
12200,0.723833
12201,0.728035
12202,0.724349
12203,0.759608
12204,0.743686
12205,0.748410
12206,0.753259
12207,0.729682
12208,0.761834
12209,0.760279
12210,0.784390
12211,0.781834
12212,0.739409
12213,0.752742
12214,0.757965
12215,0.787119
12216,0.758029
12217,0.772816
12218,0.714295
12219,0.739724
12220,0.749213
12221,0.726405
12222,0.743012
12223,0.677664
12224,0.754562
12225,0.734626
12226,0.747197
12227,0.702691
12228,0.752465
12229,0.783532
12230,0.716418
12231,0.717192
12232,0.783559
12233,0.720289
12234,0.722288
12235,0.747267
12236,0.748191
12237,0.718374
12238,0.733586
12239,0.746099
12240,0.779175
12241,0.741311
12242,0.798282
12243,0.762120
12244,0.742907
12245,0.745565
12246,0.758740
12247,0.683263
12248,0.769573
12249,0.761795
12250,0.741075
12251,0.770019
12252,0.771627
12253,0.751393
12254,0.741881
12255,0.724014
12256,0.747327
12257,0.791973
12258,0.739753
12259,0.773851
12260,0.768670
12261,0.740883
12262,0.743028
12263,0.728535
12264,0.770395
12265,0.737426
12266,0.734514
12267,0.786152
12268,0.777918
12269,0.774403
12270,0.745913
12271,0.778685
12272,0.751985
12273,0.774552
12274,0.759907
12275,0.747952
12276,0.705722
12277,0.764139
12278,0.745066
12279,0.745878
12280,0.729711
12281,0.737662
12282,0.733854
12283,0.746207
12284,0.791318
12285,0.768654
12286,0.750925
12287,0.728108
12288,0.741532
12289,0.755063
12290,0.756909
12291,0.717915
12292,0.748541
12293,0.723656
12294,0.718936
12295,0.754081
12296,0.820942
12297,0.729457
12298,0.714018
12299,0.771824
12300,0.765381
12301,0.812588
12302,0.744023
12303,0.747847
12304,0.751712
12305,0.703202
12306,0.767761
12307,0.724542
12308,0.729182
12309,0.777846
12310,0.754225
12311,0.748333
12312,0.752077
12313,0.743050
12314,0.746216
12315,0.755533
12316,0.714704
12317,0.712636
12318,0.750718
12319,0.746378
12320,0.788894
12321,0.814567
12322,0.719358
12323,0.766597
12324,0.741755
12325,0.710291
12326,0.746792
12327,0.706022
12328,0.727088
12329,0.720239
12330,0.807612
12331,0.725722
12332,0.733606
12333,0.754365
12334,0.741527
12335,0.735355
12336,0.790789
12337,0.761137
12338,0.747675
12339,0.729986
12340,0.760298
12341,0.758344
12342,0.730091
12343,0.784237
12344,0.676603
12345,0.731406
12346,0.697698
12347,0.758950
12348,0.753542
12349,0.732265
12350,0.759807
12351,0.722403
12352,0.730263
12353,0.786989
12354,0.760067
12355,0.732182
12356,0.756678
12357,0.775896
12358,0.773424
12359,0.739571
12360,0.761670
12361,0.732137
12362,0.765071
12363,0.737070
12364,0.771936
12365,0.741212
12366,0.763159
12367,0.722047
12368,0.748857
12369,0.763229
12370,0.758972
12371,0.758886
12372,0.719532
12373,0.775053
12374,0.733833
12375,0.728434
12376,0.774386
12377,0.722624
12378,0.734645
12379,0.725103
12380,0.730601
12381,0.711058
12382,0.769455
12383,0.796819
12384,0.743096
12385,0.764947
12386,0.753597
12387,0.785791
12388,0.736758
12389,0.713807
12390,0.746886
12391,0.697144
12392,0.752754
12393,0.733369
12394,0.754228
12395,0.722120
12396,0.726843
12397,0.704159
12398,0.742483
12399,0.710643
12400,0.789192
12401,0.789995
12402,0.731032
12403,0.745878
12404,0.701458
12405,0.734629
12406,0.721857
12407,0.776718
12408,0.760041
12409,0.743685
12410,0.727595
12411,0.728831
12412,0.736866
12413,0.728004
12414,0.760275
12415,0.738196
12416,0.785617
12417,0.734559
12418,0.789381
12419,0.740328
12420,0.739066
12421,0.743063
12422,0.702371
12423,0.764164
12424,0.788094
12425,0.701208
12426,0.730060
12427,0.718634
12428,0.706597
12429,0.751464
12430,0.708474
12431,0.725728
12432,0.717687
12433,0.743163
12434,0.747262
12435,0.768532
12436,0.711877
12437,0.744319
12438,0.712624
12439,0.745846
12440,0.731797
12441,0.740416
12442,0.689177
12443,0.685073
12444,0.762767
12445,0.717659
12446,0.756861
12447,0.789069
12448,0.710006
12449,0.719055
12450,0.740591
12451,0.733709
12452,0.721201
12453,0.777531
12454,0.751095
12455,0.815177
12456,0.730746
12457,0.721535
12458,0.766836
12459,0.759204
12460,0.747152
12461,0.736913
12462,0.775022
12463,0.792997
12464,0.750210
12465,0.700649
12466,0.731216
12467,0.736599
12468,0.699686
12469,0.755903
12470,0.765296
12471,0.768961
12472,0.734086
12473,0.736734
12474,0.718354
12475,0.783192
12476,0.730613
12477,0.748524
12478,0.787113
12479,0.792241
12480,0.756639
12481,0.749414
12482,0.696234
12483,0.738196
12484,0.703894
12485,0.751779
12486,0.802191
12487,0.730673
12488,0.747812
12489,0.754961
12490,0.735161
12491,0.763236
12492,0.701052
12493,0.755919
12494,0.786674
12495,0.723812
12496,0.744903
12497,0.740484
12498,0.769771
12499,0.755553
12500,0.782375
12501,0.763710
12502,0.783136
12503,0.787224
12504,0.765740
12505,0.779130
12506,0.717991
12507,0.782055
12508,0.747392
12509,0.747461
12510,0.766955
12511,0.722837
12512,0.738840
12513,0.733804
12514,0.784750
12515,0.728771
12516,0.787525
12517,0.743244
12518,0.797858
12519,0.758669
12520,0.757194
12521,0.803697
12522,0.731350
12523,0.764364
12524,0.725019
12525,0.753843
12526,0.761966
12527,0.702738
12528,0.736433
12529,0.771001
12530,0.718713
12531,0.734601
12532,0.721734
12533,0.786815
12534,0.704675
12535,0.754001
12536,0.698130
12537,0.728718
12538,0.724518
12539,0.750446
12540,0.781753
12541,0.782148
12542,0.744249
12543,0.714463
12544,0.704117
12545,0.755583
12546,0.691090
12547,0.741785
12548,0.755039
12549,0.756646
12550,0.729541
12551,0.771650
12552,0.724505
12553,0.762164
12554,0.746489
12555,0.753830
12556,0.725080
12557,0.762692
12558,0.770545
12559,0.809538
12560,0.750179
12561,0.690388
12562,0.740231
12563,0.745752
12564,0.725633
12565,0.732068
12566,0.767641
12567,0.709886
12568,0.707905
12569,0.794099
12570,0.735422
12571,0.753163
12572,0.781834
12573,0.729229
12574,0.749349
12575,0.737742
12576,0.741641
12577,0.732104
12578,0.708963
12579,0.752101
12580,0.692336
12581,0.727513
12582,0.745675
12583,0.798100
12584,0.766230
12585,0.677228
12586,0.784081
12587,0.753906
12588,0.756153
12589,0.754870
12590,0.768379
12591,0.747020
12592,0.761727
12593,0.755835
12594,0.776079
12595,0.753367
12596,0.766826
12597,0.787860
12598,0.715760
12599,0.785350
12600,0.776758
12601,0.739132
12602,0.796444
12603,0.724923
12604,0.709972
12605,0.782044
12606,0.734806
12607,0.780508
12608,0.760331
12609,0.724035
12610,0.775600
12611,0.784470
12612,0.793684
12613,0.819747
12614,0.812147
12615,0.738799
12616,0.748597
12617,0.762166
12618,0.763594
12619,0.728706
12620,0.823671
12621,0.778687
12622,0.741241
12623,0.752473
12624,0.745842
12625,0.790828
12626,0.805964
12627,0.700328
12628,0.738542
12629,0.735495
12630,0.760566
12631,0.729301
12632,0.724504
12633,0.730643
12634,0.730038
12635,0.726231
12636,0.792522
12637,0.759863
12638,0.763243
12639,0.732024
12640,0.755385
12641,0.759985
12642,0.685111
12643,0.741538
12644,0.711640
12645,0.701630
12646,0.753349
12647,0.768146
12648,0.819334
12649,0.719013
12650,0.748717
12651,0.708969
12652,0.742564
12653,0.752009
12654,0.725656
12655,0.763854
12656,0.741745
12657,0.719881
12658,0.744588
12659,0.793035
12660,0.754680
12661,0.715129
12662,0.763401
12663,0.780823
12664,0.700654
12665,0.765771
12666,0.747045
12667,0.752900
12668,0.727129
12669,0.805566
12670,0.770419
12671,0.712742
12672,0.756485
12673,0.706107
12674,0.730986
12675,0.758014
12676,0.774244
12677,0.704718
12678,0.709999
12679,0.734743
12680,0.761471
12681,0.707723
12682,0.749966
12683,0.817309
12684,0.735404
12685,0.788200
12686,0.774556
12687,0.777381
12688,0.754524
12689,0.742241
12690,0.736407
12691,0.787155
12692,0.773775
12693,0.809911
12694,0.737845
12695,0.740179
12696,0.703350
12697,0.721852
12698,0.724611
12699,0.696206
12700,0.754997
12701,0.779676
12702,0.801987
12703,0.738193
12704,0.703027
12705,0.763646
12706,0.784600
12707,0.796672
12708,0.782931
12709,0.743735
12710,0.727672
12711,0.736529
12712,0.719887
12713,0.748775
12714,0.744671
12715,0.701427
12716,0.759742
12717,0.741161
12718,0.781891
12719,0.737204
12720,0.769300
12721,0.764235
12722,0.822136
12723,0.749664
12724,0.714893
12725,0.710538
12726,0.805202
12727,0.722166
12728,0.738780
12729,0.745436
12730,0.720663
12731,0.725376
12732,0.779387
12733,0.773238
12734,0.748164
12735,0.718513
12736,0.787312
12737,0.721353
12738,0.729217
12739,0.770904
12740,0.739671
12741,0.741225
12742,0.733394
12743,0.797364
12744,0.807683
12745,0.744417
12746,0.784308
12747,0.720034
12748,0.776972
12749,0.753692
12750,0.785479
12751,0.702679
12752,0.759558
12753,0.709273
12754,0.758653
12755,0.740261
12756,0.728038
12757,0.759795
12758,0.759608
12759,0.799158
12760,0.750519
12761,0.763967
12762,0.751923
12763,0.735527
12764,0.736178
12765,0.769717
12766,0.733935
12767,0.761691
12768,0.723655
12769,0.774906
12770,0.728727
12771,0.770813
12772,0.766097
12773,0.769260
12774,0.745517
12775,0.758924
12776,0.781507
12777,0.724296
12778,0.788592
12779,0.727048
12780,0.755367
12781,0.701728
12782,0.733726
12783,0.734367
12784,0.809771
12785,0.746553
12786,0.722041
12787,0.733934
12788,0.716631
12789,0.778645
12790,0.781834
12791,0.709832
12792,0.726953
12793,0.738942
12794,0.789201
12795,0.735440
12796,0.747453
12797,0.783480
12798,0.779196
12799,0.750650
12800,0.752925
12801,0.759663
12802,0.787445
12803,0.775822
12804,0.759453
12805,0.707040
12806,0.734898
12807,0.756957
12808,0.755566
12809,0.762978
12810,0.748638
12811,0.750808
12812,0.713803
12813,0.771012
12814,0.735353
12815,0.712080
12816,0.682936
12817,0.736415
12818,0.744793
12819,0.717257
12820,0.747018
12821,0.772841
12822,0.738520
12823,0.720848
12824,0.704234
12825,0.731808
12826,0.789968
12827,0.769661
12828,0.742938
12829,0.738557
12830,0.740015
12831,0.791912
12832,0.735031
12833,0.741536
12834,0.718005
12835,0.716667
12836,0.728052
12837,0.725518
12838,0.764079
12839,0.702110
12840,0.811889
12841,0.708113
12842,0.753936
12843,0.794328
12844,0.753378
12845,0.783565
12846,0.805389
12847,0.787447
12848,0.744194
12849,0.736285
12850,0.777124
12851,0.745955
12852,0.729346
12853,0.782277
12854,0.698407
12855,0.761899
12856,0.768176
12857,0.732807
12858,0.703358
12859,0.747661
12860,0.801543
12861,0.754734
12862,0.745411
12863,0.782630
12864,0.742342
12865,0.750769
12866,0.753933
12867,0.711198
12868,0.784410
12869,0.792802
12870,0.696234
12871,0.800936
12872,0.747723
12873,0.707804
12874,0.748804
12875,0.764436
12876,0.747622
12877,0.774195
12878,0.709063
12879,0.781000
12880,0.723023
12881,0.781691
12882,0.774499
12883,0.763424
12884,0.689719
12885,0.758240
12886,0.754765
12887,0.815166
12888,0.751954
12889,0.743245
12890,0.772426
12891,0.736335
12892,0.749556
12893,0.721193
12894,0.784537
12895,0.728888
12896,0.748639
12897,0.742565
12898,0.798698
12899,0.717026
12900,0.725299
12901,0.724699
12902,0.751815
12903,0.770519
12904,0.732224
12905,0.747840
12906,0.811437
12907,0.735848
12908,0.750957
12909,0.706394
12910,0.745029
12911,0.747644
12912,0.772123
12913,0.702280
12914,0.753074
12915,0.699435
12916,0.732659
12917,0.742905
12918,0.755727
12919,0.752854
12920,0.758974
12921,0.735467
12922,0.701894
12923,0.764732
12924,0.771075
12925,0.695131
12926,0.774748
12927,0.800976
12928,0.783107
12929,0.739653
12930,0.745072
12931,0.739420
12932,0.730700
12933,0.751113
12934,0.757199
12935,0.750847
12936,0.724886
12937,0.719473
12938,0.768422
12939,0.694407
12940,0.736253
12941,0.749017
12942,0.821828
12943,0.711122
12944,0.771114
12945,0.758321
12946,0.764276
12947,0.709745
12948,0.731507
12949,0.783801
12950,0.732751
12951,0.771081
12952,0.736444
12953,0.792754
12954,0.760439
12955,0.714903
12956,0.770463
12957,0.780963
12958,0.723122
12959,0.763036
12960,0.774695
12961,0.769968
12962,0.719825
12963,0.743578
12964,0.790059
12965,0.734013
12966,0.716861
12967,0.742366
12968,0.704063
12969,0.736105
12970,0.780573
12971,0.735045
12972,0.770660
12973,0.773931
12974,0.713301
12975,0.756259
12976,0.738501
12977,0.729720
12978,0.750262
12979,0.770402
12980,0.713562
12981,0.768621
12982,0.743688
12983,0.799430
12984,0.750334
12985,0.740986
12986,0.775129
12987,0.726744
12988,0.808253
12989,0.729907
12990,0.670005
12991,0.775565
12992,0.756416
12993,0.754667
12994,0.758981
12995,0.788873
12996,0.728813
12997,0.756572
12998,0.746016
12999,0.774244
13000,0.767934
13001,0.753166
13002,0.714177
13003,0.719892
13004,0.732656
13005,0.800874
13006,0.757833
13007,0.766556
13008,0.748097
13009,0.735472
13010,0.743235
13011,0.732686
13012,0.740521
13013,0.734026
13014,0.725945
13015,0.761652
13016,0.769062
13017,0.711525
13018,0.727040
13019,0.768348
13020,0.745391
13021,0.755647
13022,0.717654
13023,0.766052
13024,0.716367
13025,0.723977
13026,0.716537
13027,0.767212
13028,0.721129
13029,0.720654
13030,0.743535
13031,0.784231
13032,0.767865
13033,0.778524
13034,0.722596
13035,0.750424
13036,0.732759
13037,0.789353
13038,0.742346
13039,0.713675
13040,0.745771
13041,0.731722
13042,0.750522
13043,0.751656
13044,0.732137
13045,0.784301
13046,0.725013
13047,0.718419
13048,0.778822
13049,0.778479
13050,0.738739
13051,0.732266
13052,0.762828
13053,0.713236
13054,0.717389
13055,0.699585
13056,0.767820
13057,0.766346
13058,0.767793
13059,0.724737
13060,0.778704
13061,0.781569
13062,0.765052
13063,0.783793
13064,0.722745
13065,0.725576
13066,0.717166
13067,0.745466
13068,0.725130
13069,0.758239
13070,0.737572
13071,0.770121
13072,0.712029
13073,0.760211
13074,0.733233
13075,0.774428
13076,0.777913
13077,0.726235
13078,0.742606
13079,0.797596
13080,0.757650
13081,0.708718
13082,0.737169
13083,0.778403
13084,0.756836
13085,0.750192
13086,0.738867
13087,0.733349
13088,0.736426
13089,0.770562
13090,0.721613
13091,0.759951
13092,0.754097
13093,0.729980
13094,0.730602
13095,0.730258
13096,0.744197
13097,0.736016
13098,0.750783
13099,0.774495
13100,0.760136
13101,0.720097
13102,0.757752
13103,0.744557
13104,0.743810
13105,0.800187
13106,0.801236
13107,0.731869
13108,0.758122
13109,0.717059
13110,0.762941
13111,0.748669
13112,0.697344
13113,0.714151
13114,0.736362
13115,0.794039
13116,0.727672
13117,0.728329
13118,0.745413
13119,0.785133
13120,0.725308
13121,0.737656
13122,0.746001
13123,0.719077
13124,0.777289
13125,0.759698
13126,0.766977
13127,0.765427
13128,0.718084
13129,0.760950
13130,0.749981
13131,0.771172
13132,0.753050
13133,0.796979
13134,0.755895
13135,0.772511
13136,0.763173
13137,0.783246
13138,0.751413
13139,0.740860
13140,0.767187
13141,0.738708
13142,0.762860
13143,0.735593
13144,0.735985
13145,0.750081
13146,0.798697
13147,0.734424
13148,0.716482
13149,0.728987
13150,0.731291
13151,0.718980
13152,0.735910
13153,0.796604
13154,0.739838
13155,0.740211
13156,0.749622
13157,0.717587
13158,0.705058
13159,0.703648
13160,0.771954
13161,0.759471
13162,0.772000
13163,0.777873
13164,0.746923
13165,0.765008
13166,0.714043
13167,0.738493
13168,0.720328
13169,0.751689
13170,0.756448
13171,0.745044
13172,0.693032
13173,0.766192
13174,0.793736
13175,0.760379
13176,0.754353
13177,0.711183
13178,0.798090
13179,0.716463
13180,0.733393
13181,0.779580
13182,0.752868
13183,0.740237
13184,0.741867
13185,0.740915
13186,0.751868
13187,0.755405
13188,0.753452
13189,0.739352
13190,0.749887
13191,0.711833
13192,0.744998
13193,0.733657
13194,0.736664
13195,0.729755
13196,0.791795
13197,0.800170
13198,0.736848
13199,0.783494
13200,0.743172
13201,0.784304
13202,0.743268
13203,0.729274
13204,0.734359
13205,0.831549
13206,0.706512
13207,0.749386
13208,0.756637
13209,0.724194
13210,0.733185
13211,0.766438
13212,0.749974
13213,0.753655
13214,0.746761
13215,0.778373
13216,0.755734
13217,0.738258
13218,0.739525
13219,0.714238
13220,0.712775
13221,0.758352
13222,0.785393
13223,0.759263
13224,0.737370
13225,0.750984
13226,0.745369
13227,0.761595
13228,0.758553
13229,0.754270
13230,0.744166
13231,0.753145
13232,0.739058
13233,0.723369
13234,0.766662
13235,0.760544
13236,0.746527
13237,0.743531
13238,0.715211
13239,0.759632
13240,0.743912
13241,0.741178
13242,0.741884
13243,0.757601
13244,0.770016
13245,0.715938
13246,0.739592
13247,0.720423
13248,0.768364
13249,0.754617
13250,0.743324
13251,0.700583
13252,0.777973
13253,0.761361
13254,0.775148
13255,0.762600
13256,0.743009
13257,0.721613
13258,0.753570
13259,0.740855
13260,0.779442
13261,0.732859
13262,0.744994
13263,0.741706
13264,0.713400
13265,0.769243
13266,0.738012
13267,0.735975
13268,0.759684
13269,0.695806
13270,0.730612
13271,0.719461
13272,0.734211
13273,0.733727
13274,0.740200
13275,0.716185
13276,0.743470
13277,0.720548
13278,0.777148
13279,0.763259
13280,0.766064
13281,0.773685
13282,0.748627
13283,0.735809
13284,0.782550
13285,0.732992
13286,0.765758
13287,0.726447
13288,0.788902
13289,0.705669
13290,0.652259
13291,0.732580
13292,0.801610
13293,0.730581
13294,0.709283
13295,0.759129
13296,0.737149
13297,0.725044
13298,0.730870
13299,0.742782
13300,0.741378
13301,0.715880
13302,0.814651
13303,0.734577
13304,0.730953
13305,0.771543
13306,0.707459
13307,0.737437
13308,0.779949
13309,0.769454
13310,0.789799
13311,0.768412
13312,0.740495
13313,0.781767
13314,0.708438
13315,0.728013
13316,0.745315
13317,0.713364
13318,0.765877
13319,0.746718
13320,0.721509
13321,0.723937
13322,0.729356
13323,0.739834
13324,0.736817
13325,0.713975
13326,0.747684
13327,0.728213
13328,0.792061
13329,0.735162
13330,0.750825
13331,0.741860
13332,0.734647
13333,0.772187
13334,0.743892
13335,0.756253
13336,0.730527
13337,0.780360
13338,0.762888
13339,0.712099
13340,0.782234
13341,0.702256
13342,0.699777
13343,0.753813
13344,0.732046
13345,0.724366
13346,0.752338
13347,0.740971
13348,0.802101
13349,0.746137
13350,0.683100
13351,0.825901
13352,0.770156
13353,0.713915
13354,0.727847
13355,0.766254
13356,0.736485
13357,0.757947
13358,0.766596
13359,0.731655
13360,0.694625
13361,0.711304
13362,0.782359
13363,0.743313
13364,0.740789
13365,0.740742
13366,0.743505
13367,0.736334
13368,0.719864
13369,0.740304
13370,0.723195
13371,0.791360
13372,0.712821
13373,0.746720
13374,0.746330
13375,0.732937
13376,0.745526
13377,0.770380
13378,0.690102
13379,0.718668
13380,0.738477
13381,0.720032
13382,0.746155
13383,0.752816
13384,0.751180
13385,0.704077
13386,0.716589
13387,0.720915
13388,0.752768
13389,0.735188
13390,0.782648
13391,0.709117
13392,0.765214
13393,0.764191
13394,0.766802
13395,0.732567
13396,0.726834
13397,0.736685
13398,0.709094
13399,0.764208
13400,0.762042
13401,0.711424
13402,0.754516
13403,0.743590
13404,0.699665
13405,0.743707
13406,0.742547
13407,0.718692
13408,0.778037
13409,0.818347
13410,0.755813
13411,0.745563
13412,0.750223
13413,0.738598
13414,0.731488
13415,0.730155
13416,0.691232
13417,0.699552
13418,0.729002
13419,0.710102
13420,0.733170
13421,0.785230
13422,0.720434
13423,0.741432
13424,0.692644
13425,0.743863
13426,0.759143
13427,0.734369
13428,0.728563
13429,0.728248
13430,0.783025
13431,0.680356
13432,0.728410
13433,0.697235
13434,0.754050
13435,0.742808
13436,0.739064
13437,0.748150
13438,0.782052
13439,0.743940
13440,0.755965
13441,0.771120
13442,0.720959
13443,0.779185
13444,0.739949
13445,0.691413
13446,0.737411
13447,0.706623
13448,0.767921
13449,0.772495
13450,0.761018
13451,0.750144
13452,0.752320
13453,0.761071
13454,0.732244
13455,0.758128
13456,0.703197
13457,0.762984
13458,0.731874
13459,0.730537
13460,0.734262
13461,0.738764
13462,0.772959
13463,0.747201
13464,0.744815
13465,0.728248
13466,0.726855
13467,0.707449
13468,0.732042
13469,0.729129
13470,0.732117
13471,0.757440
13472,0.784776
13473,0.759541
13474,0.772095
13475,0.792265
13476,0.724426
13477,0.772266
13478,0.767042
13479,0.745966
13480,0.749142
13481,0.716510
13482,0.766276
13483,0.738609
13484,0.770986
13485,0.735118
13486,0.751963
13487,0.769480
13488,0.746151
13489,0.790679
13490,0.725944
13491,0.736876
13492,0.780258
13493,0.755869
13494,0.737262
13495,0.730698
13496,0.738856
13497,0.818878
13498,0.772805
13499,0.748624
13500,0.758177
13501,0.762369
13502,0.733371
13503,0.720271
13504,0.739914
13505,0.801122
13506,0.808717
13507,0.784416
13508,0.771759
13509,0.718421
13510,0.739719
13511,0.731580
13512,0.722652
13513,0.752732
13514,0.753306
13515,0.781075
13516,0.724977
13517,0.784508
13518,0.715694
13519,0.775985
13520,0.767222
13521,0.764841
13522,0.727610
13523,0.786793
13524,0.745841
13525,0.744119
13526,0.795271
13527,0.738640
13528,0.702651
13529,0.777504
13530,0.720167
13531,0.744312
13532,0.776528
13533,0.758255
13534,0.702812
13535,0.727710
13536,0.792723
13537,0.736733
13538,0.764763
13539,0.762480
13540,0.717862
13541,0.758025
13542,0.751877
13543,0.734603
13544,0.718820
13545,0.755798
13546,0.773783
13547,0.716762
13548,0.766613
13549,0.789433
13550,0.792018
13551,0.739297
13552,0.713469
13553,0.782714
13554,0.754664
13555,0.716943
13556,0.737092
13557,0.789033
13558,0.717659
13559,0.722963
13560,0.737288
13561,0.729048
13562,0.704376
13563,0.814726
13564,0.727145
13565,0.689299
13566,0.736065
13567,0.752362
13568,0.779140
13569,0.755212
13570,0.744844
13571,0.761581
13572,0.794578
13573,0.783843
13574,0.727090
13575,0.736529
13576,0.791176
13577,0.736432
13578,0.718000
13579,0.708323
13580,0.782495
13581,0.780811
13582,0.717765
13583,0.769764
13584,0.716177
13585,0.782951
13586,0.741479
13587,0.737724
13588,0.761900
13589,0.728745
13590,0.740555
13591,0.730650
13592,0.763850
13593,0.754863
13594,0.691750
13595,0.741201
13596,0.717283
13597,0.726344
13598,0.752528
13599,0.727108
13600,0.714514
13601,0.728920
13602,0.753471
13603,0.805699
13604,0.728148
13605,0.739383
13606,0.720091
13607,0.771174
13608,0.724912
13609,0.718772
13610,0.753473
13611,0.713738
13612,0.719154
13613,0.760099
13614,0.748017
13615,0.738154
13616,0.735148
13617,0.731746
13618,0.739648
13619,0.736443
13620,0.707173
13621,0.728556
13622,0.734647
13623,0.783298
13624,0.745664
13625,0.754373
13626,0.741654
13627,0.723220
13628,0.816948
13629,0.734415
13630,0.713209
13631,0.726342
13632,0.742729
13633,0.726015
13634,0.695931
13635,0.747066
13636,0.697122
13637,0.768687
13638,0.754307
13639,0.756936
13640,0.736805
13641,0.778675
13642,0.706682
13643,0.792416
13644,0.729087
13645,0.762827
13646,0.766614
13647,0.736082
13648,0.746198
13649,0.733064
13650,0.728817
13651,0.704508
13652,0.804688
13653,0.732934
13654,0.705045
13655,0.743998
13656,0.732848
13657,0.718230
13658,0.753386
13659,0.751358
13660,0.763577
13661,0.785415
13662,0.748702
13663,0.779854
13664,0.737708
13665,0.700869
13666,0.704041
13667,0.731292
13668,0.750622
13669,0.707539
13670,0.736945
13671,0.785377
13672,0.736718
13673,0.783322
13674,0.707265
13675,0.720694
13676,0.796455
13677,0.709059
13678,0.713660
13679,0.766145
13680,0.723462
13681,0.766457
13682,0.766683
13683,0.730300
13684,0.732980
13685,0.731728
13686,0.727706
13687,0.734232
13688,0.739002
13689,0.710300
13690,0.759085
13691,0.741017
13692,0.731535
13693,0.714460
13694,0.696400
13695,0.699952
13696,0.816538
13697,0.714817
13698,0.709812
13699,0.740696
13700,0.793656
13701,0.708603
13702,0.760079
13703,0.722195
13704,0.746718
13705,0.712489
13706,0.799392
13707,0.742549
13708,0.698964
13709,0.777257
13710,0.757021
13711,0.760747
13712,0.754382
13713,0.713324
13714,0.773429
13715,0.728713
13716,0.754319
13717,0.737915
13718,0.755805
13719,0.713798
13720,0.741341
13721,0.747468
13722,0.737489
13723,0.721119
13724,0.753643
13725,0.742113
13726,0.769227
13727,0.782577
13728,0.760589
13729,0.726978
13730,0.752304
13731,0.808113
13732,0.724002
13733,0.783901
13734,0.747444
13735,0.739416
13736,0.721973
13737,0.710948
13738,0.741811
13739,0.736034
13740,0.721283
13741,0.771439
13742,0.725006
13743,0.717486
13744,0.737430
13745,0.776201
13746,0.735207
13747,0.785781
13748,0.743589
13749,0.785700
13750,0.743848
13751,0.734987
13752,0.763767
13753,0.754297
13754,0.780001
13755,0.746978
13756,0.783886
13757,0.712876
13758,0.720143
13759,0.718957
13760,0.722064
13761,0.730454
13762,0.709535
13763,0.722193
13764,0.772189
13765,0.729154
13766,0.748975
13767,0.760354
13768,0.770276
13769,0.745574
13770,0.710957
13771,0.749037
13772,0.754818
13773,0.681054
13774,0.725549
13775,0.777731
13776,0.738885
13777,0.712026
13778,0.719446
13779,0.772758
13780,0.735917
13781,0.777258
13782,0.717569
13783,0.717349
13784,0.792049
13785,0.728138
13786,0.718797
13787,0.753348
13788,0.750390
13789,0.762361
13790,0.762114
13791,0.765729
13792,0.713374
13793,0.791460
13794,0.736061
13795,0.766532
13796,0.763488
13797,0.728065
13798,0.691653
13799,0.769386
13800,0.755673
13801,0.769823
13802,0.719302
13803,0.715654
13804,0.720545
13805,0.726486
13806,0.727822
13807,0.728329
13808,0.742607
13809,0.736514
13810,0.759601
13811,0.744591
13812,0.754914
13813,0.737175
13814,0.738808
13815,0.835550
13816,0.753488
13817,0.755650
13818,0.748072
13819,0.738911
13820,0.716460
13821,0.749544
13822,0.741386
13823,0.739147
13824,0.770749
13825,0.776847
13826,0.725811
13827,0.755216
13828,0.745594
13829,0.739181
13830,0.767148
13831,0.745581
13832,0.737248
13833,0.756633
13834,0.746611
13835,0.747517
13836,0.699602
13837,0.718018
13838,0.694730
13839,0.756370
13840,0.722746
13841,0.704638
13842,0.728537
13843,0.723593
13844,0.769001
13845,0.712386
13846,0.728082
13847,0.727049
13848,0.730840
13849,0.707310
13850,0.708533
13851,0.751628
13852,0.739862
13853,0.728591
13854,0.758706
13855,0.723841
13856,0.757551
13857,0.729986
13858,0.713737
13859,0.711476
13860,0.741296
13861,0.771625
13862,0.729239
13863,0.821469
13864,0.768186
13865,0.747751
13866,0.757703
13867,0.739218
13868,0.743981
13869,0.709810
13870,0.741476
13871,0.767401
13872,0.799974
13873,0.731258
13874,0.727093
13875,0.785236
13876,0.758349
13877,0.798166
13878,0.765138
13879,0.756848
13880,0.764195
13881,0.769730
13882,0.733219
13883,0.727255
13884,0.749653
13885,0.815666
13886,0.759186
13887,0.744975
13888,0.733676
13889,0.733100
13890,0.703504
13891,0.785604
13892,0.754601
13893,0.795860
13894,0.783457
13895,0.726302
13896,0.728838
13897,0.715095
13898,0.727026
13899,0.739436
13900,0.732347
13901,0.741176
13902,0.743255
13903,0.723418
13904,0.748414
13905,0.751833
13906,0.731930
13907,0.777101
13908,0.717395
13909,0.786405
13910,0.744776
13911,0.750940
13912,0.694919
13913,0.748176
13914,0.750782
13915,0.761260
13916,0.767984
13917,0.793636
13918,0.732986
13919,0.756311
13920,0.738990
13921,0.741076
13922,0.731272
13923,0.753712
13924,0.733707
13925,0.687107
13926,0.798375
13927,0.701008
13928,0.767066
13929,0.740236
13930,0.699986
13931,0.764641
13932,0.716188
13933,0.762506
13934,0.734255
13935,0.751817
13936,0.725083
13937,0.719568
13938,0.767217
13939,0.727323
13940,0.720237
13941,0.737502
13942,0.752448
13943,0.720627
13944,0.763308
13945,0.753512
13946,0.751549
13947,0.743905
13948,0.763485
13949,0.741174
13950,0.788000
13951,0.710609
13952,0.758395
13953,0.770649
13954,0.713205
13955,0.766648
13956,0.705873
13957,0.697520
13958,0.771734
13959,0.715916
13960,0.753923
13961,0.696486
13962,0.762887
13963,0.730292
13964,0.752945
13965,0.737582
13966,0.778956
13967,0.745514
13968,0.726054
13969,0.739333
13970,0.810136
13971,0.757013
13972,0.733643
13973,0.739805
13974,0.729473
13975,0.717050
13976,0.756838
13977,0.784288
13978,0.758195
13979,0.731595
13980,0.749088
13981,0.743233
13982,0.775898
13983,0.750173
13984,0.820575
13985,0.759189
13986,0.776042
13987,0.731686
13988,0.726931
13989,0.754683
13990,0.771542
13991,0.732688
13992,0.755587
13993,0.729028
13994,0.692957
13995,0.749019
13996,0.782996
13997,0.738960
13998,0.698302
13999,0.681559
14000,0.747958
14001,0.720464
14002,0.760409
14003,0.724766
14004,0.722829
14005,0.685356
14006,0.754072
14007,0.694380
14008,0.730279
14009,0.679696
14010,0.752543
14011,0.712844
14012,0.688560
14013,0.720303
14014,0.773900
14015,0.789642
14016,0.726521
14017,0.760566
14018,0.755998
14019,0.756371
14020,0.731750
14021,0.740473
14022,0.744207
14023,0.739749
14024,0.743409
14025,0.742895
14026,0.725472
14027,0.715795
14028,0.725222
14029,0.728342
14030,0.706785
14031,0.780764
14032,0.711448
14033,0.740631
14034,0.748379
14035,0.778169
14036,0.759528
14037,0.717414
14038,0.754469
14039,0.741125
14040,0.717525
14041,0.703840
14042,0.710495
14043,0.757405
14044,0.725757
14045,0.737954
14046,0.722745
14047,0.781618
14048,0.780280
14049,0.731656
14050,0.733593
14051,0.736425
14052,0.741051
14053,0.723827
14054,0.714619
14055,0.707362
14056,0.704164
14057,0.726453
14058,0.706874
14059,0.730622
14060,0.717509
14061,0.758483
14062,0.698442
14063,0.681566
14064,0.751246
14065,0.761481
14066,0.757259
14067,0.802186
14068,0.698214
14069,0.807319
14070,0.741964
14071,0.722514
14072,0.731954
14073,0.769603
14074,0.791252
14075,0.717796
14076,0.775056
14077,0.705828
14078,0.711666
14079,0.705051
14080,0.744522
14081,0.764743
14082,0.725981
14083,0.797481
14084,0.725123
14085,0.726492
14086,0.768766
14087,0.740478
14088,0.768930
14089,0.761518
14090,0.713939
14091,0.767315
14092,0.730047
14093,0.753698
14094,0.752591
14095,0.715994
14096,0.758744
14097,0.795461
14098,0.715738
14099,0.767526
14100,0.708664
14101,0.735160
14102,0.718783
14103,0.729737
14104,0.734582
14105,0.735506
14106,0.723975
14107,0.733065
14108,0.740856
14109,0.732292
14110,0.742503
14111,0.734927
14112,0.722269
14113,0.735465
14114,0.801424
14115,0.765350
14116,0.723440
14117,0.755246
14118,0.705004
14119,0.791847
14120,0.788042
14121,0.755654
14122,0.732152
14123,0.697744
14124,0.721987
14125,0.747397
14126,0.734377
14127,0.740927
14128,0.775700
14129,0.734362
14130,0.752436
14131,0.810198
14132,0.741993
14133,0.740963
14134,0.720475
14135,0.696053
14136,0.778866
14137,0.726749
14138,0.726406
14139,0.733402
14140,0.763718
14141,0.726064
14142,0.734820
14143,0.770741
14144,0.768223
14145,0.752133
14146,0.789258
14147,0.749987
14148,0.777893
14149,0.702315
14150,0.707550
14151,0.723564
14152,0.743029
14153,0.750465
14154,0.730815
14155,0.725104
14156,0.762051
14157,0.759311
14158,0.736914
14159,0.739542
14160,0.780508
14161,0.735218
14162,0.799220
14163,0.774734
14164,0.736535
14165,0.758249
14166,0.731312
14167,0.708038
14168,0.786940
14169,0.752558
14170,0.736917
14171,0.735105
14172,0.727882
14173,0.712642
14174,0.737314
14175,0.771789
14176,0.721841
14177,0.756255
14178,0.723644
14179,0.722901
14180,0.785468
14181,0.752555
14182,0.710154
14183,0.762005
14184,0.779117
14185,0.775048
14186,0.799748
14187,0.783429
14188,0.724482
14189,0.716571
14190,0.790258
14191,0.753619
14192,0.792314
14193,0.753582
14194,0.739981
14195,0.719380
14196,0.714810
14197,0.680260
14198,0.771644
14199,0.748772
14200,0.745130
14201,0.743685
14202,0.718316
14203,0.770890
14204,0.738084
14205,0.714417
14206,0.763304
14207,0.768900
14208,0.708078
14209,0.753024
14210,0.697439
14211,0.747214
14212,0.757998
14213,0.749341
14214,0.707546
14215,0.695868
14216,0.725155
14217,0.758817
14218,0.760009
14219,0.705129
14220,0.720415
14221,0.831325
14222,0.775590
14223,0.698895
14224,0.711328
14225,0.748696
14226,0.742513
14227,0.762416
14228,0.743382
14229,0.714122
14230,0.742347
14231,0.767321
14232,0.711001
14233,0.709838
14234,0.738818
14235,0.779227
14236,0.690507
14237,0.736385
14238,0.737390
14239,0.706634
14240,0.746903
14241,0.741300
14242,0.727630
14243,0.771114
14244,0.721019
14245,0.733875
14246,0.721690
14247,0.687175
14248,0.760900
14249,0.720614
14250,0.720804
14251,0.740488
14252,0.781926
14253,0.748986
14254,0.747710
14255,0.763148
14256,0.731071
14257,0.731757
14258,0.776389
14259,0.678987
14260,0.749849
14261,0.724637
14262,0.736586
14263,0.712159
14264,0.758582
14265,0.694700
14266,0.695713
14267,0.768283
14268,0.712885
14269,0.754772
14270,0.776394
14271,0.743890
14272,0.739620
14273,0.770807
14274,0.740843
14275,0.727561
14276,0.721269
14277,0.772223
14278,0.796471
14279,0.685228
14280,0.786025
14281,0.709144
14282,0.694121
14283,0.717590
14284,0.754791
14285,0.690022
14286,0.753123
14287,0.733611
14288,0.752826
14289,0.705201
14290,0.713092
14291,0.756770
14292,0.758697
14293,0.721268
14294,0.715349
14295,0.718998
14296,0.754021
14297,0.668921
14298,0.705773
14299,0.734624
14300,0.727521
14301,0.728378
14302,0.732931
14303,0.738819
14304,0.741750
14305,0.738201
14306,0.715254
14307,0.699815
14308,0.744021
14309,0.776917
14310,0.747191
14311,0.707772
14312,0.713005
14313,0.833534
14314,0.759981
14315,0.737954
14316,0.731550
14317,0.738030
14318,0.732985
14319,0.732403
14320,0.716062
14321,0.738484
14322,0.734659
14323,0.711569
14324,0.756366
14325,0.737046
14326,0.752210
14327,0.718539
14328,0.765885
14329,0.726211
14330,0.713961
14331,0.719689
14332,0.702668
14333,0.728384
14334,0.704974
14335,0.716557
14336,0.733485
14337,0.717037
14338,0.726886
14339,0.730462
14340,0.734514
14341,0.694111
14342,0.765892
14343,0.729877
14344,0.753865
14345,0.748305
14346,0.761095
14347,0.758132
14348,0.758528
14349,0.770129
14350,0.730355
14351,0.737689
14352,0.693311
14353,0.665544
14354,0.702067
14355,0.737333
14356,0.727165
14357,0.691275
14358,0.761617
14359,0.759979
14360,0.734094
14361,0.696740
14362,0.689179
14363,0.735986
14364,0.751875
14365,0.710460
14366,0.687581
14367,0.693813
14368,0.714461
14369,0.725456
14370,0.766954
14371,0.725346
14372,0.701726
14373,0.779019
14374,0.759382
14375,0.749611
14376,0.722691
14377,0.708479
14378,0.764970
14379,0.736657
14380,0.749034
14381,0.777125
14382,0.726041
14383,0.731622
14384,0.742982
14385,0.778625
14386,0.723993
14387,0.742233
14388,0.731409
14389,0.733500
14390,0.700815
14391,0.735881
14392,0.728407
14393,0.737554
14394,0.779478
14395,0.726743
14396,0.749767
14397,0.721785
14398,0.707070
14399,0.737101
14400,0.747392
14401,0.732674
14402,0.720955
14403,0.781887
14404,0.717305
14405,0.753582
14406,0.772641
14407,0.714426
14408,0.723680
14409,0.720515
14410,0.715088
14411,0.734601
14412,0.734584
14413,0.739561
14414,0.743738
14415,0.715945
14416,0.708810
14417,0.714839
14418,0.708838
14419,0.701340
14420,0.741233
14421,0.716023
14422,0.764641
14423,0.747751
14424,0.786930
14425,0.716937
14426,0.727059
14427,0.761933
14428,0.709800
14429,0.734204
14430,0.713917
14431,0.737606
14432,0.718046
14433,0.687840
14434,0.727976
14435,0.733322
14436,0.720388
14437,0.712240
14438,0.724279
14439,0.779429
14440,0.681968
14441,0.781315
14442,0.764583
14443,0.719167
14444,0.746309
14445,0.710193
14446,0.804082
14447,0.777975
14448,0.778399
14449,0.758118
14450,0.726598
14451,0.759588
14452,0.739849
14453,0.757949
14454,0.766921
14455,0.749309
14456,0.747247
14457,0.758280
14458,0.719442
14459,0.767299
14460,0.751968
14461,0.707094
14462,0.741717
14463,0.752071
14464,0.735286
14465,0.738219
14466,0.719012
14467,0.730151
14468,0.729526
14469,0.724469
14470,0.783134
14471,0.712906
14472,0.796791
14473,0.819715
14474,0.736811
14475,0.707027
14476,0.767555
14477,0.718083
14478,0.773338
14479,0.733053
14480,0.698094
14481,0.704215
14482,0.753767
14483,0.760748
14484,0.730434
14485,0.730479
14486,0.759168
14487,0.724540
14488,0.722658
14489,0.727090
14490,0.751302
14491,0.743517
14492,0.699288
14493,0.679527
14494,0.740563
14495,0.730963
14496,0.765586
14497,0.728122
14498,0.791060
14499,0.735301
14500,0.778211
14501,0.716408
14502,0.727094
14503,0.687951
14504,0.734215
14505,0.738686
14506,0.740408
14507,0.774308
14508,0.757281
14509,0.694414
14510,0.745038
14511,0.778907
14512,0.753019
14513,0.714007
14514,0.687532
14515,0.710536
14516,0.702096
14517,0.743420
14518,0.753336
14519,0.771901
14520,0.712054
14521,0.750794
14522,0.731653
14523,0.737296
14524,0.738945
14525,0.738031
14526,0.816885
14527,0.749285
14528,0.727824
14529,0.707872
14530,0.712392
14531,0.734023
14532,0.723690
14533,0.759717
14534,0.712850
14535,0.700075
14536,0.751935
14537,0.749698
14538,0.766486
14539,0.734229
14540,0.722459
14541,0.734536
14542,0.776274
14543,0.777195
14544,0.736772
14545,0.737900
14546,0.761574
14547,0.821345
14548,0.709050
14549,0.811174
14550,0.730444
14551,0.779493
14552,0.723730
14553,0.764620
14554,0.738094
14555,0.662990
14556,0.745581
14557,0.727956
14558,0.764130
14559,0.738368
14560,0.748006
14561,0.708834
14562,0.752312
14563,0.712819
14564,0.726833
14565,0.790284
14566,0.628476
14567,0.754977
14568,0.701122
14569,0.735611
14570,0.748320
14571,0.777176
14572,0.752351
14573,0.755257
14574,0.771470
14575,0.792044
14576,0.757166
14577,0.809333
14578,0.705356
14579,0.747551
14580,0.790222
14581,0.718741
14582,0.744111
14583,0.763739
14584,0.677962
14585,0.768940
14586,0.684908
14587,0.733177
14588,0.779631
14589,0.727698
14590,0.755009
14591,0.723921
14592,0.754325
14593,0.764881
14594,0.779222
14595,0.731347
14596,0.737817
14597,0.726498
14598,0.728497
14599,0.741395
14600,0.731479
14601,0.766785
14602,0.727432
14603,0.782669
14604,0.687416
14605,0.774070
14606,0.741114
14607,0.722045
14608,0.753477
14609,0.746242
14610,0.758148
14611,0.721767
14612,0.742537
14613,0.734995
14614,0.730729
14615,0.704454
14616,0.747459
14617,0.747738
14618,0.715886
14619,0.795201
14620,0.708156
14621,0.744836
14622,0.721792
14623,0.753550
14624,0.779539
14625,0.754977
14626,0.761236
14627,0.760665
14628,0.711404
14629,0.712931
14630,0.722867
14631,0.715103
14632,0.753193
14633,0.767516
14634,0.741506
14635,0.713841
14636,0.672346
14637,0.712747
14638,0.737594
14639,0.746909
14640,0.751971
14641,0.726545
14642,0.750465
14643,0.753475
14644,0.737675
14645,0.758867
14646,0.741785
14647,0.748765
14648,0.772081
14649,0.729221
14650,0.723808
14651,0.745202
14652,0.732265
14653,0.749760
14654,0.761121
14655,0.766948
14656,0.755988
14657,0.757612
14658,0.714199
14659,0.737943
14660,0.694648
14661,0.737755
14662,0.716678
14663,0.740194
14664,0.723416
14665,0.750880
14666,0.742059
14667,0.723081
14668,0.741348
14669,0.781254
14670,0.723557
14671,0.714297
14672,0.786534
14673,0.781440
14674,0.732686
14675,0.742221
14676,0.709268
14677,0.771012
14678,0.769095
14679,0.729954
14680,0.700926
14681,0.756329
14682,0.752156
14683,0.735992
14684,0.741445
14685,0.702630
14686,0.736547
14687,0.778165
14688,0.709193
14689,0.712235
14690,0.790762
14691,0.715608
14692,0.678132
14693,0.753514
14694,0.764868
14695,0.702778
14696,0.743496
14697,0.811119
14698,0.719319
14699,0.720368
14700,0.744636
14701,0.729584
14702,0.723664
14703,0.707523
14704,0.739046
14705,0.779321
14706,0.740336
14707,0.792778
14708,0.721458
14709,0.788171
14710,0.729029
14711,0.755393
14712,0.781568
14713,0.779802
14714,0.742459
14715,0.703577
14716,0.764707
14717,0.723496
14718,0.679019
14719,0.732418
14720,0.713332
14721,0.751801
14722,0.758390
14723,0.724272
14724,0.731194
14725,0.708615
14726,0.714346
14727,0.758132
14728,0.799205
14729,0.760514
14730,0.727897
14731,0.729957
14732,0.770547
14733,0.760700
14734,0.720612
14735,0.758092
14736,0.755743
14737,0.710131
14738,0.759421
14739,0.740130
14740,0.678949
14741,0.720607
14742,0.712197
14743,0.740497
14744,0.766565
14745,0.718127
14746,0.765938
14747,0.758446
14748,0.710474
14749,0.718235
14750,0.755596
14751,0.717305
14752,0.711299
14753,0.746061
14754,0.714028
14755,0.732140
14756,0.712843
14757,0.697266
14758,0.753659
14759,0.735999
14760,0.715499
14761,0.778319
14762,0.750700
14763,0.749355
14764,0.722584
14765,0.773130
14766,0.721401
14767,0.753505
14768,0.723853
14769,0.718498
14770,0.725099
14771,0.714341
14772,0.736274
14773,0.673464
14774,0.728037
14775,0.714242
14776,0.731514
14777,0.760930
14778,0.778743
14779,0.752829
14780,0.723869
14781,0.718220
14782,0.743950
14783,0.764375
14784,0.734880
14785,0.759204
14786,0.782279
14787,0.716099
14788,0.692612
14789,0.718948
14790,0.739197
14791,0.693425
14792,0.735983
14793,0.751878
14794,0.730328
14795,0.715922
14796,0.731408
14797,0.730214
14798,0.708169
14799,0.749519
14800,0.756261
14801,0.776761
14802,0.727480
14803,0.674385
14804,0.722967
14805,0.688348
14806,0.724911
14807,0.713299
14808,0.716965
14809,0.748510
14810,0.743097
14811,0.734083
14812,0.778638
14813,0.758748
14814,0.738590
14815,0.747440
14816,0.757260
14817,0.771849
14818,0.784325
14819,0.771919
14820,0.755663
14821,0.716875
14822,0.757548
14823,0.740723
14824,0.785276
14825,0.716708
14826,0.702509
14827,0.735929
14828,0.755521
14829,0.776723
14830,0.754448
14831,0.742608
14832,0.752268
14833,0.734875
14834,0.706539
14835,0.729594
14836,0.777550
14837,0.719403
14838,0.728440
14839,0.733848
14840,0.759362
14841,0.738026
14842,0.734791
14843,0.764036
14844,0.702247
14845,0.735073
14846,0.709021
14847,0.760862
14848,0.749856
14849,0.728201
14850,0.760157
14851,0.743291
14852,0.745050
14853,0.759127
14854,0.752162
14855,0.740435
14856,0.797203
14857,0.712821
14858,0.743735
14859,0.766731
14860,0.752032
14861,0.739989
14862,0.695303
14863,0.731038
14864,0.735773
14865,0.745207
14866,0.720499
14867,0.727328
14868,0.789982
14869,0.762270
14870,0.822498
14871,0.780952
14872,0.728085
14873,0.737315
14874,0.788202
14875,0.685437
14876,0.721993
14877,0.678847
14878,0.724126
14879,0.699114
14880,0.701526
14881,0.699170
14882,0.711818
14883,0.763592
14884,0.780959
14885,0.780868
14886,0.691766
14887,0.712878
14888,0.715754
14889,0.715525
14890,0.790059
14891,0.726513
14892,0.766591
14893,0.724939
14894,0.742210
14895,0.723648
14896,0.747235
14897,0.756450
14898,0.715516
14899,0.767053
14900,0.715016
14901,0.719789
14902,0.727529
14903,0.705947
14904,0.746770
14905,0.704494
14906,0.764366
14907,0.772182
14908,0.822666
14909,0.764105
14910,0.785477
14911,0.723809
14912,0.804095
14913,0.754793
14914,0.757308
14915,0.715244
14916,0.743448
14917,0.744618
14918,0.772154
14919,0.755852
14920,0.728374
14921,0.744184
14922,0.756294
14923,0.720720
14924,0.724498
14925,0.766625
14926,0.717640
14927,0.710232
14928,0.737074
14929,0.738282
14930,0.721829
14931,0.756152
14932,0.747167
14933,0.705684
14934,0.761268
14935,0.699054
14936,0.696028
14937,0.748221
14938,0.758534
14939,0.749356
14940,0.787513
14941,0.752148
14942,0.748267
14943,0.707378
14944,0.721674
14945,0.767196
14946,0.736985
14947,0.746360
14948,0.742426
14949,0.751522
14950,0.755857
14951,0.755882
14952,0.713437
14953,0.749343
14954,0.764568
14955,0.708932
14956,0.729943
14957,0.758562
14958,0.723675
14959,0.762624
14960,0.707614
14961,0.748994
14962,0.736844
14963,0.740558
14964,0.714617
14965,0.766204
14966,0.737411
14967,0.741130
14968,0.735119
14969,0.765116
14970,0.752861
14971,0.737992
14972,0.753109
14973,0.710477
14974,0.741315
14975,0.754457
14976,0.699879
14977,0.780660
14978,0.726814
14979,0.750736
14980,0.723819
14981,0.746409
14982,0.743813
14983,0.722940
14984,0.703660
14985,0.718457
14986,0.738146
14987,0.775482
14988,0.693345
14989,0.758501
14990,0.714557
14991,0.724497
14992,0.743357
14993,0.761243
14994,0.749198
14995,0.712891
14996,0.734471
14997,0.752430
14998,0.776670
14999,0.748010
15000,0.764096
15001,0.734202
15002,0.716969
15003,0.710663
15004,0.724356
15005,0.721274
15006,0.707549
15007,0.765003
15008,0.742485
15009,0.751855
15010,0.707578
15011,0.724334
15012,0.734241
15013,0.742179
15014,0.759365
15015,0.753194
15016,0.755627
15017,0.738374
15018,0.766232
15019,0.756711
15020,0.736936
15021,0.758570
15022,0.712821
15023,0.763305
15024,0.709341
15025,0.718462
15026,0.733177
15027,0.757738
15028,0.760599
15029,0.710576
15030,0.757556
15031,0.779516
15032,0.751942
15033,0.754905
15034,0.732969
15035,0.748821
15036,0.737984
15037,0.733001
15038,0.747547
15039,0.768020
15040,0.730245
15041,0.669135
15042,0.761212
15043,0.753312
15044,0.738857
15045,0.751296
15046,0.699176
15047,0.782722
15048,0.678061
15049,0.732146
15050,0.745040
15051,0.707501
15052,0.738930
15053,0.732796
15054,0.745448
15055,0.727833
15056,0.779154
15057,0.766544
15058,0.737109
15059,0.731943
15060,0.725986
15061,0.753944
15062,0.729571
15063,0.733622
15064,0.736727
15065,0.702791
15066,0.798342
15067,0.723927
15068,0.745950
15069,0.677588
15070,0.712106
15071,0.751925
15072,0.754358
15073,0.698236
15074,0.749779
15075,0.709171
15076,0.769842
15077,0.707289
15078,0.730808
15079,0.697859
15080,0.737800
15081,0.655741
15082,0.723435
15083,0.776175
15084,0.712035
15085,0.726812
15086,0.758181
15087,0.724328
15088,0.780875
15089,0.711701
15090,0.706996
15091,0.687348
15092,0.753320
15093,0.734636
15094,0.773151
15095,0.746893
15096,0.734317
15097,0.745315
15098,0.716156
15099,0.693492
15100,0.680404
15101,0.709635
15102,0.729961
15103,0.758721
15104,0.717123
15105,0.674117
15106,0.750418
15107,0.773090
15108,0.761857
15109,0.782498
15110,0.726406
15111,0.740633
15112,0.769124
15113,0.730808
15114,0.760975
15115,0.739856
15116,0.758799
15117,0.746304
15118,0.755643
15119,0.721654
15120,0.733099
15121,0.739688
15122,0.733572
15123,0.756932
15124,0.734230
15125,0.721790
15126,0.743283
15127,0.761353
15128,0.746011
15129,0.802958
15130,0.695320
15131,0.716947
15132,0.747059
15133,0.709689
15134,0.727743
15135,0.738135
15136,0.747752
15137,0.746948
15138,0.692593
15139,0.739887
15140,0.719216
15141,0.732787
15142,0.715675
15143,0.745124
15144,0.742549
15145,0.734217
15146,0.791275
15147,0.745520
15148,0.710588
15149,0.738494
15150,0.750589
15151,0.744574
15152,0.723573
15153,0.712550
15154,0.695578
15155,0.736944
15156,0.698117
15157,0.756158
15158,0.710716
15159,0.744896
15160,0.717954
15161,0.751898
15162,0.671503
15163,0.767838
15164,0.723920
15165,0.749257
15166,0.750672
15167,0.715596
15168,0.698181
15169,0.759045
15170,0.727162
15171,0.696300
15172,0.685648
15173,0.705390
15174,0.709723
15175,0.725808
15176,0.709488
15177,0.763265
15178,0.723161
15179,0.717650
15180,0.694732
15181,0.768769
15182,0.745860
15183,0.754221
15184,0.749967
15185,0.748195
15186,0.676859
15187,0.740283
15188,0.742390
15189,0.763460
15190,0.736865
15191,0.704488
15192,0.701470
15193,0.717206
15194,0.783338
15195,0.739109
15196,0.776946
15197,0.757310
15198,0.758805
15199,0.738595
15200,0.749514
15201,0.739785
15202,0.715575
15203,0.745323
15204,0.835815
15205,0.751297
15206,0.727698
15207,0.733903
15208,0.701367
15209,0.740351
15210,0.751980
15211,0.752732
15212,0.728331
15213,0.725392
15214,0.723420
15215,0.738953
15216,0.697129
15217,0.722463
15218,0.749907
15219,0.759191
15220,0.738026
15221,0.764424
15222,0.712467
15223,0.714444
15224,0.716412
15225,0.719157
15226,0.733736
15227,0.747408
15228,0.714735
15229,0.707337
15230,0.770863
15231,0.742416
15232,0.776285
15233,0.749369
15234,0.748820
15235,0.760534
15236,0.728903
15237,0.767906
15238,0.712952
15239,0.686077
15240,0.746024
15241,0.705868
15242,0.750546
15243,0.754512
15244,0.758997
15245,0.742824
15246,0.729696
15247,0.787265
15248,0.773079
15249,0.740117
15250,0.742375
15251,0.739012
15252,0.731600
15253,0.731769
15254,0.749683
15255,0.720965
15256,0.710493
15257,0.778175
15258,0.711593
15259,0.772512
15260,0.726164
15261,0.754796
15262,0.730482
15263,0.740658
15264,0.729264
15265,0.735103
15266,0.725223
15267,0.737140
15268,0.726458
15269,0.694886
15270,0.740534
15271,0.674118
15272,0.771194
15273,0.735159
15274,0.750057
15275,0.739040
15276,0.754976
15277,0.746878
15278,0.709225
15279,0.664992
15280,0.756812
15281,0.713806
15282,0.722685
15283,0.725457
15284,0.754578
15285,0.754158
15286,0.750529
15287,0.722355
15288,0.718183
15289,0.747170
15290,0.763030
15291,0.744100
15292,0.779674
15293,0.717871
15294,0.709187
15295,0.812573
15296,0.779207
15297,0.716776
15298,0.756525
15299,0.730320
15300,0.720704
15301,0.728383
15302,0.723792
15303,0.746588
15304,0.748702
15305,0.698319
15306,0.755313
15307,0.781729
15308,0.726972
15309,0.754182
15310,0.722385
15311,0.684471
15312,0.718795
15313,0.740522
15314,0.712257
15315,0.758909
15316,0.731661
15317,0.684175
15318,0.747144
15319,0.751979
15320,0.769529
15321,0.775523
15322,0.779008
15323,0.741482
15324,0.719601
15325,0.754970
15326,0.719532
15327,0.699058
15328,0.797111
15329,0.719598
15330,0.711183
15331,0.734028
15332,0.716344
15333,0.730671
15334,0.794574
15335,0.733633
15336,0.755804
15337,0.729254
15338,0.788210
15339,0.770698
15340,0.734219
15341,0.694059
15342,0.774938
15343,0.696296
15344,0.757177
15345,0.726897
15346,0.730174
15347,0.769340
15348,0.772052
15349,0.711137
15350,0.727091
15351,0.769336
15352,0.724733
15353,0.746565
15354,0.700305
15355,0.762008
15356,0.726634
15357,0.758789
15358,0.690851
15359,0.760707
15360,0.742537
15361,0.770797
15362,0.765066
15363,0.741217
15364,0.748918
15365,0.756560
15366,0.723534
15367,0.752854
15368,0.708142
15369,0.753789
15370,0.724826
15371,0.718813
15372,0.717857
15373,0.704373
15374,0.706349
15375,0.676002
15376,0.752325
15377,0.744513
15378,0.776170
15379,0.761336
15380,0.734557
15381,0.756914
15382,0.727364
15383,0.733462
15384,0.699413
15385,0.748923
15386,0.807531
15387,0.765841
15388,0.720936
15389,0.751875
15390,0.747378
15391,0.694892
15392,0.728141
15393,0.778537
15394,0.704145
15395,0.706067
15396,0.760434
15397,0.748448
15398,0.792186
15399,0.769490
15400,0.744589
15401,0.707457
15402,0.710079
15403,0.714478
15404,0.757087
15405,0.698797
15406,0.748122
15407,0.722045
15408,0.753626
15409,0.725900
15410,0.703653
15411,0.687499
15412,0.680636
15413,0.698981
15414,0.725553
15415,0.726737
15416,0.747365
15417,0.736809
15418,0.731313
15419,0.707922
15420,0.755325
15421,0.781278
15422,0.733901
15423,0.741689
15424,0.726255
15425,0.734581
15426,0.752011
15427,0.779458
15428,0.692732
15429,0.721759
15430,0.727348
15431,0.708463
15432,0.739304
15433,0.713177
15434,0.694558
15435,0.712770
15436,0.703584
15437,0.702214
15438,0.714863
15439,0.700318
15440,0.733913
15441,0.736428
15442,0.689683
15443,0.747012
15444,0.747541
15445,0.723550
15446,0.771172
15447,0.718481
15448,0.718343
15449,0.739681
15450,0.772620
15451,0.745340
15452,0.760869
15453,0.766909
15454,0.729686
15455,0.723354
15456,0.791441
15457,0.746938
15458,0.734749
15459,0.749088
15460,0.719548
15461,0.736572
15462,0.697873
15463,0.749567
15464,0.707915
15465,0.733153
15466,0.772090
15467,0.742456
15468,0.714979
15469,0.766002
15470,0.743749
15471,0.731828
15472,0.742593
15473,0.718780
15474,0.708770
15475,0.795161
15476,0.708781
15477,0.748530
15478,0.721579
15479,0.759758
15480,0.787231
15481,0.745235
15482,0.730469
15483,0.743213
15484,0.747875
15485,0.756685
15486,0.742256
15487,0.737951
15488,0.778592
15489,0.720900
15490,0.777683
15491,0.756225
15492,0.716498
15493,0.780715
15494,0.742184
15495,0.713221
15496,0.723691
15497,0.720048
15498,0.748083
15499,0.701524
15500,0.739734
15501,0.717612
15502,0.702328
15503,0.710401
15504,0.740250
15505,0.675938
15506,0.718283
15507,0.747178
15508,0.749048
15509,0.708685
15510,0.753487
15511,0.758455
15512,0.723257
15513,0.685361
15514,0.789911
15515,0.737404
15516,0.778697
15517,0.755349
15518,0.689702
15519,0.711684
15520,0.763588
15521,0.692582
15522,0.722557
15523,0.730121
15524,0.752496
15525,0.662474
15526,0.740425
15527,0.743554
15528,0.800848
15529,0.774640
15530,0.782656
15531,0.725922
15532,0.724758
15533,0.763393
15534,0.729204
15535,0.726109
15536,0.769426
15537,0.763904
15538,0.743597
15539,0.737889
15540,0.691233
15541,0.738047
15542,0.726038
15543,0.738046
15544,0.713528
15545,0.730502
15546,0.780303
15547,0.705860
15548,0.756473
15549,0.752544
15550,0.723967
15551,0.758064
15552,0.780914
15553,0.716679
15554,0.780282
15555,0.755090
15556,0.747261
15557,0.712293
15558,0.740398
15559,0.742373
15560,0.763479
15561,0.747743
15562,0.759412
15563,0.761844
15564,0.772543
15565,0.718929
15566,0.772276
15567,0.714532
15568,0.731480
15569,0.720306
15570,0.696201
15571,0.717514
15572,0.769700
15573,0.740553
15574,0.750066
15575,0.730623
15576,0.724148
15577,0.718239
15578,0.728826
15579,0.749520
15580,0.755396
15581,0.757070
15582,0.742011
15583,0.788876
15584,0.781293
15585,0.743203
15586,0.764815
15587,0.709519
15588,0.699063
15589,0.723869
15590,0.754710
15591,0.776538
15592,0.706806
15593,0.731037
15594,0.760536
15595,0.735766
15596,0.708499
15597,0.791802
15598,0.759865
15599,0.729381
15600,0.710942
15601,0.736523
15602,0.718006
15603,0.737580
15604,0.755990
15605,0.719537
15606,0.725393
15607,0.764790
15608,0.727973
15609,0.727664
15610,0.740991
15611,0.728901
15612,0.712367
15613,0.736450
15614,0.683524
15615,0.733600
15616,0.695476
15617,0.783299
15618,0.713412
15619,0.708761
15620,0.736523
15621,0.706206
15622,0.739349
15623,0.724208
15624,0.732669
15625,0.714277
15626,0.749157
15627,0.735796
15628,0.746764
15629,0.744688
15630,0.666553
15631,0.753568
15632,0.751713
15633,0.750339
15634,0.764601
15635,0.675047
15636,0.745790
15637,0.741584
15638,0.764742
15639,0.811054
15640,0.736764
15641,0.736158
15642,0.703984
15643,0.755165
15644,0.740727
15645,0.768254
15646,0.756334
15647,0.748907
15648,0.684815
15649,0.715946
15650,0.720471
15651,0.731756
15652,0.723996
15653,0.727886
15654,0.786951
15655,0.771607
15656,0.693419
15657,0.798818
15658,0.687563
15659,0.781384
15660,0.695921
15661,0.737807
15662,0.693983
15663,0.719414
15664,0.707911
15665,0.747311
15666,0.700012
15667,0.737562
15668,0.741819
15669,0.680109
15670,0.722072
15671,0.735537
15672,0.727544
15673,0.699958
15674,0.755831
15675,0.716506
15676,0.722830
15677,0.757339
15678,0.773955
15679,0.748843
15680,0.737109
15681,0.704223
15682,0.732363
15683,0.748331
15684,0.666826
15685,0.716645
15686,0.725678
15687,0.727439
15688,0.736795
15689,0.757151
15690,0.684874
15691,0.725779
15692,0.744871
15693,0.677270
15694,0.719986
15695,0.770482
15696,0.738097
15697,0.797344
15698,0.763518
15699,0.723158
15700,0.704591
15701,0.735827
15702,0.784892
15703,0.779452
15704,0.731872
15705,0.722012
15706,0.724635
15707,0.738436
15708,0.734347
15709,0.745038
15710,0.709278
15711,0.725743
15712,0.786798
15713,0.727447
15714,0.737010
15715,0.720710
15716,0.745327
15717,0.780774
15718,0.747524
15719,0.701869
15720,0.791525
15721,0.771185
15722,0.738227
15723,0.718377
15724,0.768374
15725,0.766849
15726,0.713240
15727,0.715868
15728,0.724485
15729,0.772069
15730,0.746896
15731,0.737741
15732,0.756800
15733,0.702518
15734,0.767468
15735,0.754330
15736,0.753879
15737,0.698272
15738,0.740490
15739,0.732439
15740,0.790001
15741,0.728866
15742,0.743122
15743,0.750973
15744,0.732798
15745,0.766937
15746,0.743676
15747,0.755687
15748,0.731198
15749,0.726982
15750,0.776715
15751,0.759922
15752,0.730013
15753,0.752703
15754,0.777928
15755,0.773823
15756,0.735386
15757,0.747855
15758,0.737498
15759,0.762774
15760,0.756891
15761,0.748002
15762,0.751982
15763,0.741111
15764,0.729931
15765,0.684563
15766,0.714662
15767,0.675879
15768,0.679556
15769,0.761099
15770,0.725448
15771,0.733963
15772,0.707660
15773,0.736444
15774,0.683743
15775,0.696632
15776,0.729823
15777,0.722591
15778,0.706897
15779,0.716651
15780,0.684661
15781,0.750321
15782,0.762824
15783,0.720136
15784,0.677069
15785,0.693616
15786,0.689428
15787,0.782454
15788,0.685006
15789,0.816120
15790,0.665106
15791,0.760080
15792,0.818519
15793,0.723954
15794,0.771072
15795,0.766204
15796,0.771355
15797,0.711826
15798,0.748885
15799,0.730450
15800,0.769705
15801,0.706569
15802,0.708832
15803,0.747949
15804,0.742816
15805,0.741542
15806,0.774770
15807,0.737256
15808,0.762183
15809,0.750987
15810,0.747963
15811,0.702465
15812,0.753593
15813,0.744759
15814,0.730740
15815,0.783054
15816,0.712727
15817,0.718639
15818,0.740390
15819,0.743135
15820,0.717508
15821,0.703488
15822,0.737242
15823,0.749652
15824,0.700262
15825,0.755060
15826,0.734181
15827,0.709035
15828,0.706791
15829,0.756130
15830,0.785710
15831,0.725711
15832,0.736469
15833,0.733538
15834,0.719248
15835,0.754103
15836,0.745889
15837,0.719545
15838,0.739480
15839,0.735870
15840,0.779252
15841,0.735579
15842,0.775533
15843,0.763062
15844,0.717480
15845,0.687019
15846,0.724775
15847,0.712671
15848,0.747431
15849,0.736789
15850,0.735263
15851,0.719100
15852,0.729951
15853,0.760173
15854,0.764751
15855,0.747311
15856,0.768268
15857,0.689681
15858,0.704042
15859,0.743948
15860,0.724759
15861,0.731192
15862,0.730765
15863,0.724949
15864,0.698320
15865,0.784247
15866,0.697786
15867,0.758048
15868,0.712726
15869,0.730854
15870,0.701101
15871,0.757584
15872,0.717527
15873,0.737889
15874,0.728291
15875,0.703502
15876,0.742569
15877,0.731012
15878,0.714539
15879,0.730990
15880,0.751588
15881,0.719200
15882,0.733368
15883,0.748197
15884,0.739156
15885,0.745319
15886,0.724362
15887,0.687412
15888,0.723901
15889,0.746300
15890,0.745443
15891,0.769371
15892,0.746212
15893,0.763127
15894,0.766719
15895,0.728625
15896,0.802126
15897,0.747033
15898,0.727863
15899,0.738593
15900,0.721932
15901,0.764788
15902,0.755777
15903,0.702402
15904,0.712482
15905,0.749667
15906,0.731312
15907,0.766440
15908,0.772798
15909,0.724276
15910,0.735209
15911,0.715131
15912,0.720546
15913,0.755044
15914,0.741456
15915,0.739194
15916,0.722086
15917,0.750933
15918,0.721428
15919,0.751495
15920,0.727886
15921,0.758717
15922,0.738557
15923,0.737778
15924,0.781020
15925,0.725559
15926,0.759846
15927,0.750017
15928,0.723734
15929,0.775881
15930,0.703850
15931,0.804709
15932,0.722230
15933,0.737336
15934,0.766905
15935,0.713655
15936,0.747159
15937,0.738611
15938,0.724691
15939,0.743746
15940,0.777042
15941,0.729305
15942,0.760910
15943,0.702392
15944,0.754536
15945,0.737348
15946,0.729131
15947,0.804973
15948,0.736226
15949,0.752079
15950,0.747984
15951,0.724183
15952,0.723740
15953,0.726447
15954,0.697155
15955,0.762839
15956,0.742935
15957,0.726912
15958,0.701433
15959,0.727377
15960,0.750631
15961,0.663728
15962,0.813852
15963,0.670504
15964,0.731395
15965,0.724025
15966,0.723534
15967,0.730419
15968,0.720379
15969,0.732705
15970,0.704919
15971,0.774314
15972,0.742503
15973,0.732516
15974,0.782428
15975,0.756328
15976,0.750687
15977,0.732626
15978,0.710342
15979,0.729697
15980,0.751611
15981,0.711086
15982,0.783619
15983,0.686804
15984,0.735298
15985,0.747002
15986,0.725062
15987,0.748159
15988,0.696787
15989,0.737907
15990,0.708278
15991,0.701310
15992,0.777541
15993,0.740576
15994,0.722917
15995,0.771600
15996,0.674240
15997,0.737886
15998,0.766458
15999,0.767079
16000,0.698602
16001,0.747262
16002,0.723693
16003,0.779090
16004,0.752585
16005,0.704271
16006,0.732395
16007,0.733061
16008,0.695512
16009,0.779093
16010,0.766564
16011,0.719676
16012,0.725289
16013,0.741948
16014,0.750116
16015,0.755935
16016,0.704297
16017,0.732772
16018,0.715895
16019,0.678679
16020,0.699901
16021,0.733997
16022,0.726044
16023,0.720145
16024,0.729152
16025,0.735983
16026,0.719169
16027,0.686708
16028,0.745285
16029,0.719701
16030,0.731637
16031,0.708234
16032,0.718513
16033,0.713426
16034,0.683595
16035,0.738622
16036,0.741014
16037,0.750528
16038,0.780649
16039,0.710314
16040,0.784860
16041,0.742472
16042,0.774157
16043,0.820608
16044,0.787144
16045,0.744774
16046,0.780122
16047,0.750329
16048,0.727313
16049,0.753076
16050,0.785711
16051,0.724382
16052,0.742757
16053,0.770157
16054,0.737329
16055,0.718502
16056,0.697705
16057,0.769262
16058,0.771006
16059,0.685188
16060,0.741083
16061,0.717067
16062,0.725463
16063,0.741004
16064,0.769163
16065,0.731069
16066,0.739730
16067,0.715374
16068,0.746811
16069,0.721202
16070,0.719670
16071,0.715635
16072,0.782492
16073,0.722015
16074,0.699521
16075,0.765336
16076,0.820299
16077,0.756854
16078,0.752164
16079,0.729201
16080,0.726743
16081,0.767131
16082,0.688618
16083,0.704214
16084,0.715781
16085,0.736724
16086,0.744953
16087,0.680512
16088,0.754220
16089,0.714216
16090,0.734220
16091,0.777551
16092,0.688667
16093,0.716678
16094,0.734954
16095,0.676908
16096,0.771804
16097,0.712913
16098,0.749997
16099,0.710938
16100,0.736919
16101,0.760679
16102,0.746586
16103,0.754615
16104,0.737610
16105,0.710431
16106,0.738112
16107,0.771321
16108,0.707318
16109,0.700607
16110,0.721441
16111,0.721748
16112,0.761816
16113,0.692483
16114,0.698492
16115,0.741975
16116,0.681373
16117,0.744631
16118,0.733134
16119,0.744677
16120,0.714249
16121,0.694629
16122,0.712542
16123,0.716455
16124,0.744307
16125,0.724194
16126,0.732767
16127,0.747544
16128,0.721682
16129,0.728362
16130,0.745615
16131,0.714236
16132,0.732689
16133,0.711750
16134,0.748890
16135,0.670990
16136,0.753083
16137,0.672352
16138,0.757105
16139,0.760973
16140,0.725318
16141,0.735375
16142,0.768124
16143,0.722485
16144,0.733276
16145,0.710487
16146,0.675536
16147,0.714698
16148,0.764652
16149,0.716198
16150,0.728781
16151,0.745626
16152,0.740869
16153,0.727863
16154,0.707131
16155,0.728712
16156,0.743456
16157,0.728031
16158,0.737520
16159,0.723205
16160,0.707628
16161,0.744768
16162,0.747038
16163,0.749785
16164,0.757049
16165,0.696756
16166,0.723982
16167,0.709537
16168,0.796676
16169,0.740157
16170,0.757583
16171,0.694662
16172,0.729184
16173,0.717255
16174,0.769976
16175,0.767718
16176,0.726477
16177,0.756735
16178,0.699907
16179,0.702664
16180,0.725102
16181,0.699685
16182,0.740045
16183,0.749126
16184,0.710814
16185,0.680411
16186,0.723858
16187,0.737740
16188,0.660121
16189,0.738867
16190,0.678287
16191,0.696582
16192,0.739321
16193,0.729939
16194,0.790869
16195,0.720318
16196,0.693424
16197,0.729719
16198,0.751712
16199,0.685540
16200,0.750895
16201,0.712596
16202,0.692878
16203,0.741988
16204,0.712600
16205,0.708099
16206,0.751266
16207,0.704918
16208,0.702481
16209,0.723527
16210,0.751942
16211,0.780540
16212,0.727394
16213,0.728875
16214,0.718555
16215,0.748440
16216,0.788194
16217,0.711573
16218,0.734080
16219,0.737789
16220,0.790039
16221,0.715882
16222,0.715273
16223,0.743463
16224,0.681395
16225,0.783821
16226,0.800667
16227,0.693584
16228,0.752288
16229,0.728947
16230,0.739752
16231,0.759099
16232,0.711831
16233,0.722209
16234,0.785519
16235,0.787237
16236,0.759438
16237,0.752746
16238,0.732304
16239,0.752305
16240,0.795899
16241,0.749124
16242,0.750148
16243,0.700970
16244,0.746130
16245,0.759447
16246,0.713434
16247,0.761676
16248,0.740864
16249,0.732028
16250,0.698573
16251,0.746520
16252,0.730393
16253,0.728454
16254,0.712778
16255,0.696185
16256,0.711412
16257,0.718562
16258,0.697199
16259,0.735902
16260,0.705142
16261,0.768119
16262,0.730802
16263,0.749190
16264,0.706282
16265,0.727826
16266,0.729073
16267,0.700279
16268,0.734580
16269,0.715367
16270,0.716366
16271,0.738497
16272,0.733774
16273,0.755280
16274,0.775069
16275,0.785532
16276,0.738854
16277,0.662120
16278,0.762206
16279,0.764898
16280,0.721152
16281,0.752721
16282,0.722188
16283,0.721223
16284,0.802898
16285,0.737047
16286,0.747331
16287,0.737801
16288,0.726822
16289,0.672186
16290,0.701163
16291,0.734158
16292,0.723416
16293,0.752438
16294,0.734793
16295,0.692666
16296,0.745542
16297,0.741542
16298,0.723052
16299,0.757224
16300,0.727663
16301,0.673823
16302,0.742059
16303,0.755374
16304,0.736996
16305,0.758038
16306,0.759644
16307,0.707135
16308,0.701624
16309,0.688620
16310,0.729164
16311,0.774443
16312,0.705545
16313,0.739375
16314,0.750907
16315,0.755858
16316,0.703860
16317,0.799006
16318,0.733415
16319,0.741116
16320,0.745191
16321,0.686435
16322,0.751847
16323,0.730156
16324,0.747594
16325,0.710077
16326,0.750529
16327,0.717020
16328,0.763516
16329,0.650800
16330,0.778122
16331,0.728225
16332,0.752942
16333,0.713948
16334,0.759945
16335,0.719269
16336,0.757724
16337,0.754887
16338,0.727118
16339,0.710681
16340,0.712464
16341,0.719974
16342,0.734287
16343,0.792644
16344,0.730128
16345,0.745354
16346,0.700797
16347,0.730786
16348,0.728567
16349,0.714115
16350,0.742721
16351,0.741237
16352,0.675923
16353,0.737258
16354,0.705378
16355,0.741830
16356,0.682478
16357,0.713880
16358,0.760733
16359,0.794230
16360,0.770214
16361,0.717982
16362,0.742478
16363,0.710341
16364,0.771607
16365,0.747404
16366,0.732964
16367,0.700259
16368,0.717287
16369,0.715378
16370,0.713127
16371,0.726548
16372,0.709469
16373,0.717929
16374,0.764803
16375,0.692558
16376,0.759524
16377,0.714306
16378,0.747736
16379,0.768469
16380,0.778587
16381,0.771361
16382,0.754140
16383,0.698229
16384,0.750826
16385,0.702195
16386,0.718750
16387,0.716655
16388,0.773515
16389,0.748938
16390,0.741050
16391,0.782268
16392,0.762649
16393,0.712874
16394,0.745083
16395,0.703409
16396,0.727089
16397,0.727153
16398,0.729172
16399,0.748242
16400,0.703524
16401,0.737661
16402,0.723726
16403,0.726342
16404,0.724807
16405,0.781279
16406,0.729897
16407,0.784609
16408,0.699929
16409,0.776915
16410,0.742169
16411,0.748804
16412,0.770749
16413,0.737302
16414,0.731537
16415,0.719559
16416,0.758884
16417,0.685856
16418,0.761323
16419,0.722778
16420,0.738476
16421,0.705768
16422,0.732586
16423,0.748581
16424,0.725061
16425,0.773038
16426,0.736189
16427,0.725663
16428,0.698836
16429,0.746072
16430,0.735663
16431,0.695882
16432,0.747267
16433,0.736611
16434,0.706452
16435,0.717472
16436,0.704713
16437,0.747076
16438,0.728639
16439,0.736269
16440,0.774351
16441,0.739367
16442,0.718739
16443,0.755214
16444,0.746711
16445,0.737289
16446,0.711163
16447,0.686847
16448,0.740920
16449,0.774243
16450,0.751229
16451,0.682264
16452,0.773602
16453,0.756536
16454,0.793486
16455,0.758834
16456,0.714815
16457,0.767491
16458,0.767991
16459,0.704459
16460,0.697841
16461,0.735043
16462,0.713389
16463,0.710535
16464,0.684580
16465,0.736798
16466,0.725655
16467,0.716218
16468,0.764745
16469,0.735918
16470,0.719187
16471,0.758319
16472,0.712832
16473,0.738007
16474,0.732287
16475,0.766341
16476,0.708900
16477,0.718123
16478,0.731595
16479,0.778982
16480,0.695165
16481,0.716261
16482,0.756082
16483,0.753258
16484,0.750062
16485,0.727529
16486,0.733575
16487,0.721781
16488,0.735414
16489,0.702622
16490,0.811252
16491,0.744590
16492,0.722367
16493,0.734085
16494,0.713869
16495,0.742875
16496,0.723355
16497,0.790362
16498,0.720336
16499,0.694074
16500,0.729568
16501,0.722064
16502,0.746663
16503,0.730604
16504,0.729846
16505,0.733503
16506,0.715546
16507,0.753958
16508,0.783294
16509,0.712994
16510,0.735982
16511,0.695011
16512,0.673453
16513,0.662571
16514,0.717249
16515,0.727411
16516,0.755279
16517,0.704722
16518,0.714103
16519,0.705838
16520,0.775138
16521,0.697413
16522,0.725255
16523,0.718617
16524,0.745241
16525,0.764709
16526,0.750575
16527,0.734584
16528,0.775844
16529,0.752355
16530,0.763432
16531,0.724068
16532,0.748636
16533,0.697987
16534,0.723467
16535,0.754561
16536,0.767934
16537,0.723263
16538,0.681987
16539,0.725065
16540,0.747254
16541,0.681723
16542,0.763238
16543,0.749186
16544,0.747168
16545,0.742990
16546,0.744433
16547,0.711984
16548,0.729128
16549,0.733974
16550,0.776206
16551,0.713914
16552,0.741287
16553,0.770622
16554,0.736235
16555,0.715381
16556,0.720495
16557,0.720838
16558,0.688489
16559,0.774723
16560,0.675389
16561,0.699319
16562,0.722529
16563,0.736284
16564,0.775350
16565,0.717225
16566,0.721896
16567,0.728128
16568,0.748436
16569,0.720801
16570,0.680540
16571,0.742152
16572,0.706308
16573,0.736093
16574,0.786868
16575,0.789361
16576,0.748683
16577,0.743173
16578,0.734360
16579,0.742674
16580,0.755923
16581,0.681938
16582,0.696392
16583,0.703143
16584,0.814240
16585,0.740589
16586,0.720879
16587,0.743741
16588,0.733750
16589,0.781142
16590,0.740771
16591,0.744392
16592,0.773083
16593,0.749321
16594,0.739109
16595,0.674623
16596,0.729676
16597,0.725135
16598,0.758679
16599,0.708341
16600,0.730338
16601,0.706307
16602,0.768435
16603,0.736452
16604,0.733448
16605,0.805609
16606,0.722786
16607,0.709911
16608,0.730829
16609,0.723256
16610,0.718063
16611,0.821393
16612,0.734227
16613,0.717090
16614,0.745914
16615,0.755411
16616,0.709337
16617,0.716994
16618,0.758917
16619,0.733270
16620,0.748939
16621,0.760908
16622,0.770551
16623,0.716496
16624,0.757522
16625,0.730668
16626,0.764892
16627,0.742258
16628,0.738638
16629,0.712300
16630,0.749041
16631,0.768062
16632,0.761986
16633,0.737715
16634,0.734306
16635,0.721946
16636,0.708996
16637,0.743633
16638,0.756070
16639,0.745249
16640,0.776739
16641,0.709889
16642,0.685551
16643,0.741268
16644,0.712753
16645,0.700006
16646,0.758683
16647,0.778418
16648,0.699194
16649,0.728157
16650,0.740622
16651,0.695089
16652,0.725353
16653,0.765298
16654,0.763352
16655,0.713902
16656,0.709060
16657,0.743865
16658,0.751249
16659,0.727405
16660,0.705008
16661,0.742934
16662,0.762052
16663,0.658152
16664,0.736656
16665,0.759028
16666,0.753506
16667,0.716247
16668,0.756225
16669,0.697568
16670,0.731911
16671,0.731493
16672,0.733251
16673,0.709074
16674,0.717983
16675,0.714851
16676,0.754930
16677,0.814988
16678,0.756354
16679,0.682653
16680,0.684376
16681,0.726881
16682,0.728380
16683,0.769199
16684,0.719989
16685,0.736687
16686,0.747006
16687,0.712919
16688,0.716521
16689,0.705604
16690,0.756700
16691,0.703788
16692,0.715979
16693,0.743780
16694,0.688212
16695,0.747590
16696,0.700894
16697,0.726730
16698,0.665694
16699,0.752929
16700,0.717865
16701,0.704468
16702,0.735653
16703,0.731175
16704,0.747369
16705,0.703812
16706,0.722789
16707,0.756629
16708,0.723266
16709,0.764986
16710,0.750631
16711,0.749250
16712,0.757454
16713,0.806937
16714,0.740575
16715,0.753090
16716,0.722408
16717,0.737300
16718,0.723226
16719,0.714533
16720,0.734463
16721,0.677589
16722,0.738784
16723,0.704828
16724,0.727370
16725,0.734995
16726,0.727073
16727,0.720115
16728,0.766350
16729,0.747434
16730,0.789317
16731,0.709781
16732,0.739533
16733,0.803946
16734,0.754009
16735,0.695184
16736,0.677482
16737,0.743799
16738,0.732932
16739,0.704005
16740,0.716525
16741,0.716201
16742,0.744395
16743,0.674039
16744,0.716877
16745,0.741388
16746,0.767452
16747,0.706359
16748,0.713634
16749,0.706825
16750,0.732234
16751,0.728996
16752,0.708204
16753,0.693703
16754,0.718155
16755,0.766061
16756,0.741396
16757,0.739284
16758,0.733658
16759,0.751968
16760,0.717229
16761,0.708033
16762,0.723249
16763,0.732337
16764,0.729021
16765,0.750000
16766,0.727877
16767,0.756979
16768,0.706694
16769,0.735722
16770,0.715254
16771,0.711452
16772,0.714715
16773,0.740249
16774,0.760890
16775,0.726047
16776,0.722098
16777,0.730849
16778,0.710923
16779,0.709029
16780,0.756791
16781,0.753946
16782,0.720636
16783,0.724806
16784,0.746486
16785,0.708341
16786,0.786804
16787,0.747953
16788,0.721849
16789,0.696532
16790,0.766444
16791,0.714329
16792,0.718523
16793,0.772186
16794,0.772215
16795,0.713154
16796,0.719147
16797,0.720393
16798,0.750693
16799,0.764743
16800,0.724473
16801,0.729646
16802,0.697838
16803,0.741193
16804,0.735720
16805,0.693411
16806,0.746595
16807,0.708804
16808,0.727951
16809,0.747718
16810,0.724600
16811,0.694993
16812,0.770426
16813,0.760310
16814,0.773337
16815,0.713656
16816,0.731398
16817,0.693530
16818,0.742472
16819,0.724523
16820,0.717327
16821,0.738410
16822,0.709823
16823,0.702612
16824,0.696528
16825,0.679192
16826,0.684547
16827,0.698007
16828,0.732399
16829,0.724004
16830,0.820421
16831,0.722865
16832,0.730536
16833,0.777795
16834,0.758354
16835,0.726614
16836,0.729822
16837,0.710759
16838,0.757937
16839,0.700955
16840,0.764514
16841,0.727383
16842,0.720426
16843,0.721473
16844,0.761183
16845,0.723619
16846,0.717565
16847,0.753608
16848,0.768800
16849,0.744669
16850,0.732339
16851,0.694540
16852,0.704603
16853,0.748909
16854,0.752678
16855,0.747398
16856,0.726046
16857,0.731018
16858,0.722909
16859,0.694030
16860,0.738919
16861,0.708508
16862,0.742308
16863,0.719859
16864,0.685737
16865,0.746026
16866,0.751596
16867,0.723791
16868,0.770992
16869,0.705958
16870,0.738275
16871,0.692663
16872,0.709094
16873,0.734315
16874,0.705204
16875,0.720451
16876,0.721803
16877,0.693480
16878,0.763829
16879,0.728106
16880,0.711513
16881,0.706984
16882,0.793604
16883,0.743708
16884,0.748564
16885,0.738972
16886,0.726964
16887,0.708701
16888,0.759089
16889,0.693416
16890,0.752181
16891,0.745084
16892,0.755012
16893,0.700258
16894,0.768243
16895,0.720001
16896,0.675684
16897,0.754090
16898,0.704180
16899,0.697008
16900,0.725890
16901,0.722579
16902,0.761127
16903,0.779319
16904,0.773011
16905,0.697439
16906,0.693183
16907,0.782555
16908,0.704709
16909,0.715164
16910,0.743258
16911,0.743096
16912,0.716783
16913,0.713543
16914,0.746855
16915,0.683234
16916,0.703771
16917,0.762258
16918,0.721658
16919,0.689035
16920,0.735361
16921,0.717589
16922,0.685513
16923,0.762102
16924,0.737809
16925,0.724471
16926,0.744536
16927,0.726099
16928,0.766965
16929,0.756446
16930,0.755692
16931,0.680052
16932,0.714714
16933,0.752115
16934,0.793720
16935,0.682875
16936,0.744993
16937,0.725536
16938,0.677101
16939,0.693884
16940,0.725711
16941,0.733043
16942,0.752640
16943,0.737625
16944,0.673999
16945,0.738258
16946,0.700152
16947,0.674396
16948,0.753388
16949,0.762026
16950,0.756162
16951,0.757839
16952,0.727573
16953,0.699972
16954,0.683944
16955,0.744433
16956,0.704521
16957,0.812035
16958,0.715552
16959,0.700544
16960,0.740378
16961,0.714151
16962,0.746791
16963,0.744629
16964,0.687624
16965,0.692306
16966,0.717485
16967,0.701548
16968,0.751943
16969,0.724584
16970,0.758293
16971,0.683711
16972,0.721926
16973,0.706887
16974,0.744272
16975,0.727952
16976,0.691866
16977,0.730497
16978,0.769367
16979,0.703020
16980,0.697351
16981,0.745901
16982,0.763328
16983,0.689377
16984,0.746993
16985,0.731259
16986,0.736071
16987,0.767904
16988,0.720982
16989,0.732795
16990,0.774152
16991,0.725689
16992,0.724069
16993,0.782178
16994,0.721890
16995,0.757597
16996,0.731673
16997,0.738904
16998,0.756134
16999,0.766580
17000,0.758413
17001,0.751446
17002,0.775466
17003,0.757170
17004,0.688562
17005,0.761447
17006,0.736119
17007,0.745465
17008,0.734580
17009,0.727304
17010,0.743538
17011,0.710996
17012,0.734967
17013,0.677293
17014,0.730298
17015,0.713361
17016,0.744835
17017,0.703313
17018,0.771998
17019,0.716862
17020,0.746133
17021,0.701800
17022,0.738975
17023,0.689963
17024,0.682985
17025,0.764311
17026,0.724725
17027,0.754915
17028,0.717848
17029,0.711573
17030,0.717931
17031,0.756790
17032,0.684221
17033,0.684748
17034,0.714760
17035,0.754947
17036,0.767985
17037,0.749952
17038,0.717211
17039,0.764113
17040,0.734454
17041,0.739904
17042,0.697232
17043,0.731624
17044,0.730708
17045,0.733978
17046,0.726365
17047,0.696004
17048,0.667809
17049,0.723317
17050,0.737725
17051,0.771984
17052,0.735726
17053,0.724634
17054,0.733228
17055,0.746617
17056,0.735308
17057,0.705829
17058,0.796821
17059,0.670524
17060,0.746184
17061,0.748625
17062,0.733624
17063,0.670409
17064,0.724630
17065,0.707673
17066,0.717360
17067,0.689799
17068,0.767277
17069,0.730140
17070,0.753233
17071,0.700528
17072,0.739224
17073,0.716795
17074,0.733262
17075,0.706457
17076,0.733187
17077,0.705837
17078,0.738966
17079,0.710556
17080,0.755985
17081,0.719120
17082,0.675881
17083,0.767235
17084,0.785437
17085,0.677030
17086,0.733856
17087,0.728973
17088,0.754251
17089,0.774172
17090,0.760668
17091,0.770501
17092,0.745833
17093,0.749542
17094,0.741075
17095,0.720043
17096,0.787340
17097,0.720543
17098,0.706410
17099,0.725729
17100,0.708577
17101,0.726251
17102,0.709094
17103,0.718217
17104,0.700160
17105,0.758314
17106,0.746341
17107,0.712797
17108,0.702840
17109,0.689487
17110,0.725014
17111,0.694413
17112,0.724656
17113,0.740830
17114,0.733537
17115,0.732903
17116,0.769516
17117,0.757866
17118,0.757637
17119,0.710660
17120,0.718100
17121,0.735488
17122,0.742187
17123,0.701370
17124,0.716568
17125,0.795139
17126,0.752302
17127,0.727241
17128,0.736742
17129,0.698469
17130,0.719071
17131,0.674391
17132,0.693756
17133,0.685395
17134,0.718318
17135,0.688668
17136,0.740764
17137,0.714082
17138,0.781333
17139,0.755871
17140,0.682782
17141,0.729534
17142,0.715297
17143,0.755359
17144,0.720139
17145,0.714357
17146,0.711011
17147,0.776586
17148,0.714264
17149,0.682378
17150,0.724218
17151,0.719511
17152,0.743818
17153,0.769033
17154,0.670445
17155,0.734245
17156,0.748391
17157,0.727061
17158,0.712905
17159,0.757921
17160,0.743612
17161,0.708151
17162,0.700330
17163,0.735000
17164,0.808929
17165,0.725126
17166,0.713777
17167,0.737282
17168,0.741213
17169,0.704485
17170,0.776558
17171,0.718639
17172,0.712471
17173,0.755355
17174,0.704715
17175,0.741898
17176,0.736662
17177,0.736074
17178,0.687231
17179,0.746004
17180,0.760544
17181,0.745277
17182,0.700501
17183,0.722510
17184,0.729462
17185,0.768892
17186,0.750921
17187,0.736915
17188,0.729723
17189,0.715640
17190,0.736540
17191,0.693797
17192,0.735405
17193,0.688973
17194,0.775843
17195,0.819842
17196,0.724605
17197,0.725624
17198,0.695064
17199,0.730504
17200,0.727559
17201,0.813539
17202,0.750322
17203,0.727802
17204,0.764649
17205,0.725886
17206,0.764428
17207,0.693985
17208,0.705650
17209,0.675536
17210,0.733534
17211,0.713475
17212,0.716542
17213,0.741882
17214,0.751288
17215,0.752289
17216,0.731328
17217,0.727337
17218,0.741167
17219,0.776551
17220,0.737545
17221,0.700138
17222,0.728244
17223,0.723311
17224,0.726605
17225,0.753443
17226,0.725133
17227,0.738633
17228,0.730809
17229,0.696874
17230,0.739754
17231,0.727899
17232,0.725336
17233,0.683926
17234,0.710126
17235,0.681443
17236,0.771439
17237,0.697522
17238,0.735976
17239,0.726129
17240,0.735615
17241,0.681473
17242,0.757058
17243,0.694377
17244,0.737087
17245,0.737805
17246,0.713953
17247,0.724244
17248,0.742073
17249,0.749218
17250,0.730862
17251,0.720208
17252,0.755780
17253,0.810015
17254,0.715436
17255,0.705346
17256,0.737666
17257,0.712811
17258,0.752130
17259,0.743351
17260,0.744875
17261,0.708636
17262,0.718207
17263,0.724557
17264,0.727346
17265,0.730108
17266,0.696992
17267,0.744443
17268,0.788304
17269,0.677774
17270,0.742522
17271,0.717159
17272,0.724530
17273,0.768096
17274,0.743340
17275,0.725020
17276,0.764287
17277,0.749329
17278,0.714528
17279,0.733844
17280,0.707959
17281,0.718887
17282,0.715992
17283,0.719760
17284,0.705110
17285,0.667309
17286,0.742888
17287,0.744774
17288,0.719080
17289,0.713781
17290,0.719564
17291,0.731846
17292,0.744697
17293,0.678659
17294,0.731173
17295,0.734202
17296,0.714391
17297,0.684865
17298,0.711973
17299,0.790250
17300,0.740207
17301,0.729869
17302,0.734766
17303,0.718199
17304,0.812044
17305,0.726728
17306,0.695098
17307,0.712177
17308,0.741362
17309,0.699779
17310,0.768354
17311,0.716363
17312,0.737449
17313,0.756534
17314,0.697762
17315,0.734605
17316,0.693839
17317,0.768733
17318,0.758588
17319,0.722370
17320,0.763048
17321,0.738479
17322,0.711106
17323,0.733365
17324,0.711057
17325,0.693305
17326,0.705575
17327,0.716144
17328,0.731167
17329,0.739274
17330,0.747973
17331,0.745741
17332,0.727152
17333,0.735133
17334,0.756269
17335,0.761709
17336,0.724160
17337,0.681785
17338,0.765002
17339,0.751359
17340,0.736446
17341,0.724213
17342,0.702995
17343,0.770959
17344,0.755710
17345,0.764362
17346,0.764950
17347,0.712168
17348,0.755566
17349,0.696757
17350,0.687275
17351,0.697578
17352,0.695266
17353,0.753446
17354,0.725972
17355,0.792580
17356,0.716335
17357,0.672916
17358,0.724586
17359,0.707360
17360,0.737296
17361,0.709013
17362,0.723024
17363,0.754386
17364,0.693847
17365,0.725131
17366,0.715060
17367,0.731517
17368,0.756726
17369,0.732192
17370,0.723389
17371,0.743272
17372,0.717163
17373,0.714203
17374,0.729352
17375,0.723949
17376,0.732923
17377,0.759469
17378,0.717841
17379,0.711996
17380,0.714956
17381,0.727925
17382,0.715120
17383,0.698256
17384,0.729763
17385,0.718552
17386,0.737543
17387,0.721496
17388,0.778312
17389,0.716816
17390,0.741774
17391,0.764291
17392,0.719187
17393,0.693693
17394,0.739945
17395,0.723901
17396,0.760421
17397,0.747015
17398,0.727499
17399,0.710400
17400,0.789121
17401,0.707799
17402,0.737686
17403,0.742758
17404,0.745701
17405,0.742423
17406,0.701180
17407,0.710091
17408,0.720280
17409,0.784532
17410,0.731610
17411,0.734262
17412,0.704841
17413,0.797532
17414,0.741592
17415,0.752421
17416,0.747194
17417,0.743185
17418,0.736533
17419,0.728909
17420,0.762734
17421,0.745895
17422,0.741622
17423,0.740367
17424,0.745810
17425,0.728393
17426,0.715665
17427,0.782311
17428,0.699048
17429,0.732766
17430,0.697536
17431,0.725608
17432,0.709913
17433,0.692364
17434,0.738238
17435,0.754660
17436,0.689162
17437,0.758169
17438,0.697283
17439,0.718672
17440,0.726063
17441,0.736798
17442,0.735884
17443,0.743232
17444,0.719467
17445,0.687402
17446,0.736428
17447,0.701250
17448,0.735404
17449,0.715586
17450,0.715416
17451,0.745291
17452,0.761605
17453,0.677551
17454,0.704805
17455,0.721604
17456,0.755261
17457,0.755878
17458,0.768277
17459,0.717817
17460,0.701070
17461,0.706530
17462,0.723667
17463,0.726876
17464,0.700065
17465,0.701859
17466,0.742621
17467,0.710096
17468,0.706235
17469,0.727975
17470,0.680824
17471,0.689011
17472,0.727243
17473,0.723483
17474,0.747598
17475,0.755140
17476,0.744533
17477,0.713505
17478,0.726825
17479,0.691762
17480,0.704889
17481,0.763204
17482,0.711112
17483,0.727754
17484,0.799679
17485,0.701011
17486,0.787623
17487,0.685099
17488,0.727528
17489,0.760696
17490,0.702696
17491,0.740779
17492,0.727347
17493,0.731580
17494,0.743977
17495,0.699386
17496,0.728566
17497,0.726022
17498,0.750281
17499,0.750486
17500,0.705538
17501,0.704252
17502,0.674049
17503,0.774804
17504,0.688702
17505,0.750843
17506,0.733898
17507,0.762750
17508,0.716097
17509,0.678226
17510,0.693817
17511,0.736184
17512,0.718682
17513,0.701193
17514,0.745317
17515,0.713409
17516,0.721125
17517,0.699331
17518,0.753814
17519,0.709111
17520,0.698994
17521,0.730547
17522,0.722696
17523,0.722501
17524,0.741610
17525,0.724912
17526,0.716101
17527,0.765100
17528,0.743227
17529,0.735716
17530,0.720659
17531,0.734160
17532,0.700652
17533,0.781992
17534,0.749713
17535,0.749986
17536,0.748758
17537,0.685374
17538,0.731180
17539,0.710782
17540,0.695061
17541,0.720934
17542,0.727097
17543,0.715587
17544,0.742045
17545,0.715644
17546,0.691038
17547,0.744836
17548,0.761433
17549,0.704398
17550,0.707736
17551,0.728714
17552,0.742761
17553,0.743628
17554,0.697985
17555,0.750453
17556,0.757661
17557,0.706336
17558,0.691077
17559,0.733969
17560,0.781175
17561,0.768778
17562,0.716115
17563,0.760484
17564,0.726037
17565,0.713002
17566,0.780377
17567,0.738618
17568,0.764646
17569,0.713221
17570,0.734011
17571,0.723495
17572,0.741723
17573,0.774344
17574,0.786787
17575,0.763037
17576,0.726256
17577,0.762609
17578,0.743191
17579,0.720241
17580,0.744900
17581,0.753545
17582,0.667060
17583,0.752518
17584,0.766058
17585,0.728963
17586,0.701852
17587,0.750347
17588,0.708472
17589,0.775479
17590,0.791990
17591,0.705393
17592,0.722554
17593,0.732583
17594,0.685632
17595,0.731740
17596,0.699858
17597,0.718761
17598,0.735796
17599,0.688072
17600,0.777745
17601,0.710583
17602,0.778883
17603,0.703445
17604,0.736768
17605,0.786826
17606,0.680964
17607,0.725407
17608,0.734400
17609,0.689284
17610,0.721772
17611,0.704802
17612,0.725988
17613,0.717590
17614,0.779373
17615,0.680351
17616,0.712538
17617,0.735449
17618,0.749143
17619,0.765819
17620,0.737618
17621,0.749805
17622,0.738048
17623,0.745471
17624,0.752756
17625,0.665330
17626,0.701759
17627,0.670365
17628,0.756554
17629,0.739266
17630,0.733356
17631,0.737564
17632,0.719954
17633,0.703005
17634,0.739429
17635,0.717032
17636,0.701296
17637,0.710838
17638,0.705043
17639,0.724555
17640,0.731010
17641,0.713970
17642,0.718343
17643,0.733286
17644,0.696744
17645,0.699971
17646,0.758841
17647,0.712051
17648,0.705015
17649,0.734132
17650,0.806505
17651,0.708105
17652,0.730377
17653,0.689383
17654,0.729030
17655,0.765543
17656,0.790964
17657,0.748983
17658,0.722281
17659,0.729358
17660,0.743213
17661,0.701745
17662,0.734825
17663,0.704488
17664,0.781191
17665,0.696052
17666,0.725755
17667,0.720124
17668,0.727669
17669,0.723454
17670,0.751721
17671,0.704070
17672,0.704035
17673,0.634743
17674,0.761432
17675,0.686480
17676,0.757557
17677,0.760822
17678,0.727059
17679,0.709427
17680,0.735005
17681,0.768400
17682,0.729559
17683,0.733867
17684,0.710337
17685,0.726114
17686,0.715667
17687,0.699238
17688,0.717182
17689,0.705063
17690,0.712861
17691,0.752208
17692,0.721369
17693,0.692217
17694,0.687421
17695,0.755143
17696,0.775335
17697,0.716684
17698,0.782639
17699,0.714174
17700,0.729002
17701,0.707014
17702,0.727026
17703,0.721747
17704,0.737525
17705,0.738575
17706,0.681898
17707,0.720606
17708,0.734265
17709,0.736353
17710,0.706987
17711,0.694537
17712,0.735496
17713,0.751502
17714,0.753509
17715,0.754526
17716,0.644238
17717,0.748523
17718,0.752253
17719,0.681566
17720,0.763430
17721,0.757248
17722,0.685584
17723,0.725069
17724,0.762055
17725,0.690471
17726,0.733272
17727,0.726211
17728,0.716894
17729,0.710057
17730,0.744056
17731,0.733275
17732,0.683101
17733,0.698406
17734,0.699078
17735,0.749915
17736,0.725182
17737,0.720366
17738,0.717195
17739,0.702873
17740,0.739787
17741,0.723881
17742,0.721313
17743,0.754466
17744,0.741354
17745,0.723255
17746,0.755575
17747,0.741205
17748,0.751067
17749,0.745009
17750,0.713112
17751,0.707670
17752,0.715360
17753,0.767295
17754,0.740188
17755,0.761948
17756,0.733921
17757,0.727136
17758,0.675834
17759,0.741696
17760,0.713719
17761,0.748666
17762,0.717551
17763,0.766364
17764,0.722208
17765,0.738217
17766,0.683238
17767,0.720920
17768,0.697612
17769,0.715070
17770,0.711055
17771,0.696044
17772,0.780148
17773,0.764157
17774,0.693082
17775,0.710522
17776,0.654721
17777,0.740365
17778,0.689067
17779,0.712286
17780,0.723340
17781,0.755070
17782,0.749213
17783,0.746330
17784,0.802867
17785,0.732474
17786,0.709918
17787,0.715892
17788,0.722199
17789,0.721662
17790,0.738568
17791,0.714987
17792,0.748116
17793,0.720884
17794,0.707078
17795,0.721097
17796,0.744305
17797,0.731963
17798,0.719719
17799,0.750162
17800,0.723469
17801,0.742121
17802,0.721728
17803,0.685339
17804,0.745632
17805,0.744836
17806,0.701737
17807,0.759197
17808,0.674783
17809,0.738000
17810,0.736736
17811,0.730386
17812,0.762561
17813,0.723999
17814,0.658087
17815,0.714074
17816,0.720558
17817,0.706969
17818,0.693048
17819,0.750480
17820,0.770562
17821,0.697614
17822,0.711992
17823,0.704296
17824,0.708436
17825,0.744677
17826,0.755330
17827,0.707297
17828,0.727514
17829,0.741539
17830,0.735866
17831,0.714297
17832,0.747457
17833,0.706444
17834,0.749576
17835,0.704619
17836,0.736281
17837,0.721054
17838,0.757021
17839,0.726332
17840,0.752887
17841,0.725561
17842,0.793238
17843,0.738134
17844,0.728718
17845,0.698840
17846,0.726373
17847,0.777059
17848,0.765887
17849,0.774311
17850,0.656375
17851,0.724217
17852,0.714269
17853,0.713189
17854,0.731481
17855,0.711118
17856,0.730490
17857,0.722688
17858,0.709038
17859,0.737389
17860,0.678968
17861,0.693992
17862,0.720128
17863,0.684642
17864,0.702709
17865,0.760563
17866,0.722118
17867,0.744059
17868,0.734625
17869,0.746967
17870,0.723807
17871,0.726401
17872,0.747890
17873,0.699714
17874,0.700753
17875,0.700686
17876,0.684394
17877,0.736180
17878,0.710864
17879,0.687638
17880,0.725371
17881,0.723055
17882,0.693230
17883,0.736153
17884,0.714921
17885,0.687631
17886,0.746003
17887,0.784381
17888,0.722985
17889,0.633169
17890,0.745935
17891,0.719880
17892,0.734033
17893,0.672744
17894,0.726748
17895,0.681241
17896,0.745638
17897,0.708809
17898,0.772168
17899,0.707005
17900,0.717540
17901,0.742005
17902,0.728067
17903,0.777799
17904,0.787357
17905,0.707437
17906,0.733980
17907,0.757934
17908,0.695450
17909,0.714108
17910,0.750034
17911,0.709406
17912,0.719427
17913,0.718499
17914,0.701352
17915,0.711848
17916,0.753847
17917,0.732556
17918,0.790026
17919,0.746619
17920,0.787727
17921,0.762696
17922,0.736749
17923,0.714189
17924,0.689961
17925,0.735859
17926,0.749061
17927,0.718288
17928,0.695010
17929,0.721303
17930,0.711690
17931,0.716520
17932,0.692245
17933,0.736799
17934,0.714651
17935,0.748530
17936,0.736715
17937,0.685164
17938,0.742583
17939,0.731680
17940,0.751056
17941,0.745020
17942,0.716944
17943,0.716919
17944,0.792558
17945,0.733900
17946,0.742996
17947,0.671917
17948,0.701831
17949,0.689427
17950,0.716379
17951,0.752471
17952,0.768319
17953,0.708590
17954,0.799640
17955,0.704030
17956,0.746152
17957,0.693151
17958,0.712426
17959,0.701069
17960,0.710591
17961,0.756007
17962,0.704391
17963,0.741929
17964,0.742456
17965,0.734104
17966,0.702143
17967,0.715913
17968,0.807228
17969,0.701927
17970,0.736591
17971,0.773729
17972,0.723548
17973,0.769175
17974,0.731943
17975,0.761996
17976,0.756525
17977,0.780487
17978,0.739450
17979,0.730478
17980,0.761317
17981,0.736756
17982,0.717606
17983,0.736439
17984,0.725628
17985,0.693234
17986,0.717791
17987,0.776403
17988,0.737470
17989,0.720705
17990,0.764759
17991,0.744218
17992,0.706269
17993,0.710829
17994,0.720953
17995,0.730763
17996,0.740228
17997,0.713176
17998,0.729466
17999,0.716739
18000,0.687283
18001,0.734643
18002,0.700125
18003,0.803481
18004,0.715808
18005,0.701315
18006,0.686852
18007,0.741370
18008,0.691997
18009,0.670666
18010,0.730548
18011,0.769049
18012,0.705151
18013,0.733900
18014,0.681091
18015,0.764721
18016,0.688022
18017,0.740241
18018,0.719951
18019,0.705020
18020,0.773643
18021,0.753695
18022,0.746985
18023,0.771839
18024,0.754621
18025,0.807316
18026,0.716695
18027,0.703325
18028,0.755890
18029,0.754528
18030,0.712823
18031,0.740662
18032,0.718036
18033,0.735496
18034,0.741119
18035,0.703132
18036,0.707936
18037,0.781705
18038,0.715126
18039,0.756404
18040,0.712489
18041,0.662657
18042,0.697929
18043,0.769095
18044,0.725535
18045,0.674090
18046,0.731785
18047,0.749560
18048,0.740676
18049,0.677424
18050,0.731647
18051,0.740083
18052,0.717186
18053,0.692806
18054,0.706384
18055,0.667603
18056,0.735451
18057,0.723241
18058,0.732981
18059,0.803980
18060,0.770459
18061,0.769333
18062,0.753154
18063,0.724918
18064,0.755870
18065,0.733269
18066,0.749470
18067,0.759280
18068,0.717405
18069,0.711629
18070,0.743362
18071,0.748107
18072,0.749644
18073,0.737608
18074,0.704934
18075,0.736882
18076,0.735030
18077,0.711721
18078,0.715522
18079,0.742606
18080,0.712897
18081,0.731578
18082,0.696879
18083,0.727842
18084,0.731640
18085,0.763011
18086,0.754490
18087,0.741336
18088,0.730376
18089,0.769518
18090,0.724763
18091,0.719376
18092,0.700503
18093,0.677538
18094,0.774168
18095,0.776864
18096,0.729223
18097,0.713318
18098,0.730367
18099,0.735299
18100,0.771051
18101,0.769476
18102,0.759971
18103,0.730224
18104,0.696790
18105,0.747283
18106,0.732517
18107,0.726291
18108,0.732672
18109,0.799599
18110,0.694418
18111,0.736129
18112,0.677122
18113,0.706837
18114,0.722456
18115,0.758486
18116,0.741815
18117,0.740516
18118,0.734475
18119,0.765662
18120,0.741912
18121,0.732759
18122,0.739251
18123,0.708067
18124,0.748777
18125,0.744466
18126,0.717735
18127,0.705121
18128,0.776523
18129,0.712074
18130,0.730545
18131,0.727706
18132,0.706973
18133,0.700732
18134,0.710733
18135,0.749585
18136,0.705955
18137,0.678813
18138,0.707384
18139,0.733398
18140,0.704092
18141,0.688213
18142,0.707434
18143,0.718985
18144,0.711367
18145,0.731009
18146,0.737084
18147,0.748299
18148,0.739060
18149,0.714415
18150,0.716543
18151,0.717767
18152,0.758416
18153,0.687719
18154,0.764048
18155,0.726366
18156,0.709291
18157,0.701123
18158,0.748111
18159,0.709594
18160,0.688154
18161,0.781711
18162,0.759614
18163,0.680243
18164,0.728244
18165,0.717149
18166,0.754063
18167,0.700871
18168,0.755538
18169,0.730813
18170,0.707115
18171,0.743968
18172,0.743376
18173,0.710781
18174,0.706052
18175,0.730373
18176,0.696958
18177,0.714773
18178,0.733827
18179,0.732504
18180,0.748060
18181,0.715205
18182,0.694025
18183,0.714944
18184,0.711134
18185,0.684509
18186,0.704513
18187,0.684037
18188,0.799872
18189,0.724827
18190,0.715813
18191,0.736765
18192,0.720240
18193,0.708664
18194,0.737361
18195,0.751545
18196,0.736257
18197,0.753329
18198,0.740441
18199,0.770562
18200,0.722956
18201,0.719063
18202,0.717797
18203,0.733366
18204,0.766364
18205,0.729140
18206,0.709401
18207,0.775595
18208,0.691812
18209,0.733373
18210,0.776395
18211,0.709024
18212,0.728138
18213,0.712109
18214,0.724607
18215,0.681155
18216,0.730483
18217,0.752717
18218,0.718699
18219,0.740710
18220,0.734233
18221,0.741341
18222,0.728423
18223,0.715743
18224,0.685405
18225,0.703202
18226,0.720709
18227,0.701573
18228,0.702334
18229,0.724602
18230,0.739492
18231,0.734272
18232,0.724845
18233,0.761029
18234,0.795182
18235,0.725031
18236,0.649589
18237,0.750230
18238,0.719995
18239,0.720494
18240,0.700576
18241,0.774523
18242,0.762806
18243,0.706597
18244,0.730229
18245,0.712190
18246,0.746570
18247,0.713639
18248,0.716457
18249,0.724390
18250,0.708664
18251,0.745900
18252,0.719998
18253,0.772235
18254,0.706486
18255,0.759126
18256,0.688213
18257,0.693827
18258,0.664072
18259,0.730166
18260,0.741950
18261,0.717240
18262,0.734893
18263,0.692512
18264,0.743785
18265,0.654941
18266,0.712400
18267,0.749174
18268,0.729389
18269,0.735523
18270,0.702366
18271,0.716222
18272,0.810555
18273,0.727082
18274,0.721837
18275,0.702229
18276,0.766539
18277,0.733416
18278,0.747649
18279,0.710729
18280,0.727177
18281,0.742223
18282,0.761103
18283,0.711318
18284,0.748354
18285,0.694845
18286,0.740122
18287,0.750862
18288,0.714733
18289,0.699570
18290,0.743131
18291,0.771348
18292,0.718375
18293,0.719984
18294,0.688866
18295,0.694282
18296,0.732452
18297,0.781339
18298,0.734853
18299,0.740018
18300,0.675120
18301,0.754649
18302,0.707371
18303,0.762773
18304,0.730871
18305,0.696645
18306,0.704818
18307,0.738414
18308,0.714565
18309,0.742701
18310,0.739912
18311,0.715087
18312,0.775579
18313,0.733617
18314,0.775701
18315,0.726655
18316,0.701941
18317,0.686006
18318,0.726869
18319,0.777834
18320,0.699730
18321,0.668923
18322,0.722167
18323,0.731031
18324,0.704305
18325,0.683898
18326,0.701068
18327,0.687115
18328,0.698730
18329,0.761835
18330,0.708496
18331,0.742317
18332,0.718847
18333,0.747259
18334,0.714191
18335,0.727278
18336,0.715384
18337,0.798669
18338,0.723270
18339,0.702588
18340,0.728676
18341,0.728666
18342,0.726063
18343,0.743282
18344,0.741235
18345,0.654036
18346,0.748448
18347,0.730047
18348,0.732814
18349,0.750486
18350,0.740238
18351,0.711565
18352,0.737751
18353,0.675294
18354,0.712935
18355,0.700423
18356,0.739009
18357,0.721515
18358,0.749800
18359,0.739136
18360,0.751667
18361,0.729214
18362,0.757591
18363,0.744590
18364,0.696047
18365,0.700503
18366,0.641580
18367,0.705453
18368,0.715931
18369,0.770960
18370,0.746460
18371,0.705378
18372,0.741069
18373,0.686761
18374,0.733598
18375,0.716439
18376,0.754169
18377,0.793287
18378,0.696134
18379,0.703867
18380,0.709960
18381,0.713897
18382,0.706395
18383,0.703204
18384,0.744505
18385,0.739080
18386,0.712985
18387,0.705574
18388,0.692384
18389,0.770942
18390,0.708109
18391,0.708379
18392,0.664970
18393,0.738062
18394,0.753638
18395,0.702407
18396,0.754254
18397,0.743725
18398,0.780147
18399,0.716210
18400,0.709619
18401,0.742457
18402,0.740303
18403,0.739280
18404,0.704621
18405,0.713857
18406,0.720652
18407,0.680919
18408,0.717830
18409,0.747453
18410,0.705827
18411,0.737963
18412,0.717771
18413,0.733449
18414,0.762130
18415,0.711417
18416,0.724017
18417,0.723433
18418,0.722880
18419,0.718704
18420,0.789230
18421,0.727697
18422,0.715806
18423,0.715710
18424,0.734797
18425,0.697757
18426,0.746417
18427,0.712401
18428,0.751625
18429,0.686319
18430,0.694180
18431,0.691446
18432,0.709678
18433,0.676125
18434,0.715035
18435,0.744422
18436,0.720996
18437,0.727473
18438,0.759460
18439,0.737875
18440,0.710597
18441,0.726954
18442,0.737164
18443,0.710916
18444,0.742960
18445,0.745505
18446,0.693769
18447,0.740621
18448,0.725491
18449,0.723872
18450,0.692617
18451,0.773742
18452,0.719499
18453,0.733402
18454,0.708241
18455,0.729095
18456,0.732639
18457,0.699585
18458,0.728235
18459,0.794832
18460,0.725351
18461,0.707346
18462,0.676080
18463,0.720505
18464,0.668455
18465,0.720110
18466,0.719247
18467,0.704216
18468,0.720525
18469,0.740095
18470,0.728907
18471,0.807110
18472,0.709925
18473,0.743195
18474,0.771982
18475,0.739302
18476,0.757004
18477,0.701560
18478,0.729084
18479,0.731761
18480,0.751379
18481,0.762379
18482,0.689202
18483,0.740062
18484,0.805866
18485,0.690250
18486,0.733051
18487,0.699779
18488,0.735159
18489,0.737890
18490,0.732678
18491,0.758439
18492,0.746568
18493,0.748252
18494,0.718542
18495,0.703577
18496,0.791462
18497,0.729978
18498,0.696964
18499,0.693846
18500,0.746085
18501,0.786968
18502,0.710376
18503,0.720791
18504,0.748739
18505,0.763506
18506,0.690206
18507,0.732120
18508,0.753132
18509,0.743130
18510,0.752512
18511,0.730669
18512,0.687109
18513,0.704918
18514,0.712128
18515,0.744019
18516,0.708237
18517,0.745133
18518,0.734985
18519,0.701681
18520,0.766054
18521,0.750520
18522,0.771157
18523,0.695909
18524,0.703036
18525,0.724183
18526,0.734672
18527,0.765917
18528,0.696952
18529,0.724335
18530,0.727154
18531,0.753011
18532,0.701864
18533,0.746783
18534,0.724303
18535,0.741450
18536,0.745087
18537,0.778273
18538,0.707766
18539,0.704158
18540,0.752536
18541,0.764105
18542,0.727335
18543,0.769254
18544,0.695252
18545,0.756450
18546,0.729055
18547,0.719457
18548,0.751033
18549,0.693644
18550,0.800840
18551,0.767500
18552,0.696548
18553,0.778683
18554,0.719529
18555,0.741745
18556,0.734256
18557,0.691751
18558,0.710685
18559,0.719978
18560,0.703111
18561,0.709602
18562,0.735619
18563,0.743985
18564,0.700241
18565,0.729713
18566,0.743073
18567,0.702684
18568,0.758632
18569,0.724636
18570,0.742399
18571,0.730291
18572,0.736007
18573,0.716315
18574,0.734833
18575,0.745904
18576,0.701677
18577,0.723553
18578,0.723702
18579,0.728588
18580,0.770270
18581,0.718626
18582,0.766434
18583,0.743917
18584,0.697595
18585,0.701513
18586,0.709237
18587,0.734088
18588,0.787687
18589,0.731112
18590,0.746581
18591,0.715029
18592,0.785072
18593,0.682868
18594,0.774564
18595,0.759600
18596,0.730619
18597,0.748701
18598,0.672582
18599,0.709389
18600,0.744130
18601,0.717073
18602,0.727340
18603,0.698893
18604,0.721512
18605,0.668555
18606,0.734318
18607,0.714095
18608,0.711391
18609,0.734966
18610,0.679492
18611,0.766621
18612,0.745693
18613,0.740594
18614,0.736557
18615,0.750230
18616,0.703950
18617,0.684680
18618,0.719922
18619,0.778004
18620,0.712816
18621,0.751735
18622,0.762674
18623,0.776983
18624,0.674496
18625,0.729002
18626,0.723230
18627,0.741556
18628,0.738699
18629,0.731785
18630,0.741023
18631,0.738877
18632,0.711165
18633,0.786963
18634,0.722934
18635,0.723600
18636,0.738744
18637,0.703210
18638,0.670871
18639,0.696063
18640,0.732472
18641,0.763607
18642,0.721956
18643,0.681194
18644,0.720402
18645,0.731203
18646,0.752810
18647,0.736040
18648,0.720214
18649,0.730170
18650,0.810060
18651,0.742972
18652,0.723038
18653,0.699193
18654,0.718671
18655,0.747121
18656,0.752098
18657,0.709384
18658,0.740623
18659,0.689168
18660,0.762368
18661,0.682650
18662,0.739114
18663,0.708070
18664,0.783582
18665,0.724323
18666,0.707631
18667,0.725063
18668,0.739831
18669,0.769020
18670,0.683051
18671,0.738581
18672,0.729551
18673,0.702259
18674,0.726128
18675,0.704198
18676,0.696220
18677,0.766612
18678,0.708997
18679,0.745731
18680,0.733614
18681,0.733710
18682,0.730851
18683,0.716979
18684,0.694739
18685,0.776176
18686,0.747068
18687,0.723091
18688,0.693264
18689,0.763400
18690,0.664999
18691,0.694340
18692,0.719986
18693,0.729769
18694,0.735165
18695,0.699223
18696,0.704881
18697,0.729567
18698,0.743774
18699,0.716002
18700,0.697309
18701,0.708026
18702,0.759085
18703,0.712398
18704,0.719782
18705,0.722070
18706,0.780504
18707,0.733902
18708,0.707634
18709,0.752992
18710,0.740761
18711,0.698172
18712,0.713079
18713,0.689367
18714,0.705014
18715,0.786960
18716,0.726914
18717,0.680545
18718,0.681899
18719,0.725540
18720,0.745651
18721,0.704373
18722,0.706506
18723,0.703290
18724,0.724986
18725,0.729186
18726,0.712338
18727,0.764902
18728,0.748443
18729,0.727741
18730,0.756796
18731,0.726723
18732,0.747556
18733,0.717487
18734,0.689041
18735,0.690278
18736,0.732289
18737,0.714261
18738,0.686956
18739,0.747014
18740,0.713530
18741,0.697628
18742,0.746128
18743,0.738376
18744,0.734978
18745,0.698272
18746,0.696921
18747,0.710169
18748,0.726571
18749,0.728133
18750,0.680577
18751,0.700378
18752,0.757401
18753,0.760841
18754,0.771812
18755,0.695944
18756,0.748414
18757,0.708674
18758,0.739255
18759,0.732942
18760,0.791615
18761,0.655937
18762,0.747008
18763,0.740558
18764,0.743881
18765,0.719006
18766,0.715328
18767,0.681177
18768,0.732606
18769,0.713604
18770,0.752421
18771,0.755116
18772,0.685123
18773,0.713166
18774,0.696840
18775,0.704161
18776,0.763672
18777,0.698163
18778,0.778873
18779,0.756575
18780,0.771077
18781,0.671990
18782,0.674105
18783,0.716843
18784,0.753699
18785,0.713167
18786,0.710999
18787,0.739409
18788,0.758504
18789,0.764279
18790,0.720361
18791,0.728365
18792,0.682435
18793,0.681628
18794,0.782422
18795,0.717223
18796,0.718999
18797,0.694660
18798,0.697809
18799,0.711675
18800,0.711546
18801,0.735406
18802,0.754177
18803,0.687187
18804,0.720157
18805,0.715227
18806,0.732219
18807,0.724072
18808,0.706213
18809,0.713776
18810,0.731075
18811,0.760743
18812,0.712357
18813,0.725690
18814,0.691598
18815,0.718710
18816,0.760389
18817,0.671810
18818,0.725550
18819,0.723951
18820,0.672916
18821,0.751680
18822,0.786461
18823,0.730825
18824,0.696127
18825,0.703009
18826,0.729143
18827,0.714661
18828,0.676019
18829,0.702085
18830,0.782304
18831,0.710951
18832,0.716295
18833,0.703705
18834,0.721947
18835,0.743866
18836,0.711127
18837,0.685995
18838,0.773102
18839,0.730337
18840,0.756198
18841,0.769311
18842,0.731276
18843,0.672580
18844,0.731121
18845,0.706533
18846,0.741804
18847,0.695011
18848,0.711033
18849,0.690129
18850,0.731188
18851,0.709789
18852,0.707083
18853,0.776816
18854,0.681629
18855,0.695764
18856,0.769675
18857,0.731019
18858,0.670317
18859,0.733672
18860,0.713530
18861,0.763478
18862,0.710991
18863,0.721417
18864,0.778774
18865,0.761439
18866,0.722292
18867,0.736004
18868,0.739042
18869,0.710078
18870,0.689952
18871,0.746514
18872,0.684707
18873,0.740713
18874,0.724957
18875,0.752975
18876,0.737100
18877,0.787425
18878,0.764751
18879,0.705662
18880,0.723518
18881,0.689441
18882,0.713038
18883,0.772761
18884,0.713271
18885,0.759616
18886,0.741182
18887,0.705623
18888,0.713208
18889,0.723066
18890,0.733914
18891,0.686754
18892,0.777384
18893,0.743454
18894,0.686506
18895,0.730598
18896,0.677617
18897,0.723802
18898,0.735868
18899,0.729143
18900,0.731884
18901,0.707872
18902,0.711550
18903,0.747375
18904,0.725670
18905,0.737964
18906,0.750794
18907,0.714806
18908,0.659222
18909,0.692347
18910,0.731498
18911,0.753181
18912,0.739684
18913,0.726218
18914,0.750675
18915,0.695212
18916,0.682131
18917,0.714549
18918,0.725024
18919,0.742528
18920,0.707463
18921,0.720151
18922,0.709175
18923,0.719857
18924,0.680577
18925,0.714769
18926,0.752412
18927,0.735446
18928,0.756999
18929,0.697087
18930,0.752753
18931,0.755121
18932,0.749233
18933,0.754241
18934,0.731357
18935,0.780297
18936,0.695924
18937,0.728342
18938,0.685551
18939,0.716358
18940,0.782983
18941,0.750410
18942,0.729305
18943,0.740948
18944,0.718254
18945,0.749380
18946,0.725132
18947,0.679925
18948,0.711363
18949,0.682332
18950,0.720515
18951,0.734538
18952,0.773793
18953,0.700328
18954,0.704849
18955,0.731212
18956,0.765741
18957,0.747848
18958,0.748168
18959,0.736526
18960,0.711666
18961,0.708761
18962,0.734395
18963,0.737757
18964,0.712686
18965,0.721112
18966,0.731286
18967,0.682824
18968,0.749000
18969,0.715634
18970,0.762450
18971,0.675771
18972,0.719924
18973,0.705739
18974,0.770103
18975,0.758392
18976,0.729638
18977,0.706631
18978,0.726196
18979,0.725457
18980,0.721558
18981,0.784099
18982,0.746173
18983,0.745013
18984,0.727490
18985,0.718639
18986,0.795054
18987,0.732000
18988,0.756160
18989,0.756118
18990,0.737025
18991,0.742732
18992,0.763548
18993,0.720001
18994,0.700665
18995,0.647335
18996,0.696051
18997,0.709605
18998,0.740484
18999,0.743321
19000,0.703840
19001,0.672818
19002,0.727852
19003,0.716563
19004,0.746684
19005,0.765851
19006,0.718084
19007,0.767725
19008,0.737539
19009,0.707805
19010,0.732975
19011,0.738090
19012,0.730038
19013,0.760175
19014,0.753434
19015,0.712740
19016,0.731012
19017,0.704083
19018,0.714258
19019,0.735798
19020,0.729487
19021,0.710502
19022,0.733047
19023,0.744430
19024,0.745806
19025,0.753017
19026,0.739092
19027,0.710662
19028,0.716832
19029,0.757294
19030,0.714014
19031,0.717736
19032,0.728582
19033,0.735391
19034,0.695587
19035,0.705136
19036,0.737402
19037,0.699725
19038,0.736116
19039,0.720990
19040,0.718254
19041,0.726441
19042,0.732005
19043,0.746816
19044,0.693905
19045,0.694897
19046,0.679471
19047,0.746853
19048,0.731145
19049,0.728721
19050,0.733328
19051,0.746304
19052,0.731415
19053,0.717189
19054,0.815215
19055,0.778273
19056,0.670738
19057,0.693773
19058,0.720160
19059,0.760028
19060,0.689009
19061,0.700042
19062,0.703532
19063,0.695547
19064,0.715638
19065,0.766937
19066,0.672269
19067,0.692106
19068,0.717881
19069,0.745204
19070,0.648297
19071,0.675039
19072,0.699108
19073,0.731688
19074,0.684029
19075,0.719343
19076,0.732888
19077,0.713076
19078,0.743408
19079,0.750057
19080,0.718358
19081,0.669245
19082,0.696102
19083,0.736288
19084,0.761757
19085,0.722421
19086,0.717041
19087,0.714149
19088,0.698485
19089,0.735262
19090,0.700442
19091,0.706806
19092,0.771786
19093,0.694314
19094,0.719624
19095,0.731346
19096,0.676107
19097,0.750461
19098,0.742852
19099,0.743813
19100,0.675006
19101,0.735878
19102,0.691714
19103,0.710597
19104,0.699932
19105,0.699657
19106,0.716951
19107,0.731396
19108,0.724112
19109,0.694664
19110,0.707307
19111,0.765634
19112,0.725629
19113,0.724446
19114,0.679859
19115,0.719666
19116,0.765975
19117,0.710200
19118,0.730714
19119,0.703190
19120,0.706771
19121,0.763198
19122,0.712922
19123,0.746717
19124,0.713608
19125,0.730889
19126,0.733696
19127,0.708140
19128,0.748479
19129,0.732329
19130,0.716382
19131,0.729273
19132,0.728769
19133,0.695111
19134,0.757325
19135,0.712367
19136,0.779809
19137,0.751245
19138,0.727061
19139,0.724028
19140,0.723431
19141,0.696526
19142,0.730945
19143,0.732958
19144,0.797948
19145,0.721763
19146,0.717526
19147,0.769511
19148,0.688046
19149,0.743389
19150,0.667713
19151,0.691794
19152,0.740918
19153,0.717703
19154,0.724281
19155,0.715205
19156,0.714784
19157,0.728120
19158,0.711101
19159,0.743363
19160,0.704191
19161,0.714473
19162,0.728071
19163,0.694993
19164,0.710676
19165,0.657322
19166,0.675568
19167,0.723892
19168,0.710597
19169,0.711684
19170,0.801230
19171,0.747890
19172,0.689680
19173,0.732911
19174,0.724461
19175,0.715787
19176,0.696419
19177,0.719483
19178,0.710787
19179,0.734725
19180,0.778471
19181,0.726092
19182,0.677550
19183,0.757952
19184,0.735923
19185,0.720677
19186,0.685965
19187,0.716143
19188,0.718829
19189,0.719732
19190,0.752747
19191,0.769641
19192,0.699463
19193,0.774466
19194,0.687841
19195,0.741920
19196,0.714689
19197,0.700388
19198,0.706067
19199,0.697638
19200,0.689673
19201,0.801187
19202,0.706657
19203,0.749867
19204,0.688531
19205,0.722336
19206,0.751623
19207,0.712461
19208,0.727874
19209,0.679421
19210,0.750349
19211,0.733876
19212,0.758557
19213,0.721050
19214,0.711729
19215,0.711604
19216,0.693878
19217,0.744991
19218,0.746763
19219,0.718387
19220,0.713663
19221,0.696728
19222,0.726285
19223,0.771136
19224,0.732830
19225,0.712088
19226,0.707192
19227,0.709552
19228,0.710150
19229,0.775675
19230,0.711466
19231,0.712243
19232,0.728097
19233,0.727210
19234,0.670769
19235,0.715611
19236,0.721768
19237,0.691516
19238,0.724832
19239,0.754758
19240,0.746843
19241,0.747909
19242,0.740246
19243,0.731193
19244,0.716492
19245,0.711408
19246,0.746181
19247,0.768281
19248,0.664107
19249,0.715706
19250,0.714658
19251,0.698276
19252,0.674366
19253,0.720663
19254,0.716476
19255,0.781175
19256,0.745078
19257,0.703358
19258,0.694839
19259,0.722548
19260,0.696071
19261,0.730757
19262,0.758014
19263,0.691242
19264,0.703455
19265,0.802994
19266,0.698212
19267,0.701624
19268,0.713890
19269,0.740714
19270,0.731686
19271,0.721630
19272,0.767785
19273,0.728160
19274,0.755932
19275,0.692610
19276,0.688210
19277,0.739988
19278,0.706200
19279,0.764111
19280,0.704289
19281,0.767206
19282,0.724611
19283,0.700541
19284,0.714397
19285,0.716013
19286,0.695484
19287,0.715761
19288,0.725500
19289,0.678256
19290,0.745400
19291,0.704974
19292,0.712401
19293,0.693852
19294,0.727490
19295,0.733510
19296,0.728449
19297,0.729225
19298,0.677011
19299,0.755445
19300,0.730097
19301,0.714020
19302,0.727646
19303,0.731215
19304,0.752778
19305,0.722659
19306,0.703821
19307,0.723526
19308,0.717839
19309,0.674501
19310,0.701281
19311,0.723365
19312,0.746320
19313,0.727136
19314,0.700325
19315,0.696800
19316,0.710625
19317,0.708764
19318,0.684611
19319,0.735481
19320,0.736466
19321,0.694253
19322,0.725258
19323,0.684703
19324,0.753703
19325,0.745597
19326,0.736784
19327,0.730543
19328,0.702830
19329,0.717435
19330,0.748237
19331,0.736339
19332,0.698127
19333,0.674986
19334,0.729540
19335,0.711554
19336,0.763858
19337,0.774486
19338,0.683555
19339,0.693218
19340,0.738956
19341,0.722081
19342,0.756416
19343,0.736215
19344,0.764644
19345,0.719436
19346,0.711030
19347,0.728280
19348,0.711963
19349,0.667447
19350,0.700437
19351,0.693650
19352,0.713508
19353,0.716990
19354,0.708929
19355,0.752522
19356,0.738912
19357,0.701256
19358,0.689972
19359,0.683901
19360,0.727304
19361,0.710540
19362,0.698887
19363,0.744240
19364,0.719480
19365,0.722430
19366,0.721889
19367,0.712034
19368,0.754360
19369,0.741538
19370,0.704063
19371,0.752608
19372,0.705073
19373,0.706523
19374,0.729543
19375,0.721593
19376,0.765045
19377,0.699144
19378,0.706003
19379,0.777404
19380,0.702689
19381,0.711232
19382,0.681953
19383,0.716454
19384,0.734322
19385,0.696030
19386,0.734640
19387,0.770762
19388,0.713004
19389,0.741616
19390,0.734814
19391,0.663215
19392,0.752831
19393,0.733550
19394,0.737053
19395,0.700005
19396,0.706646
19397,0.692063
19398,0.709522
19399,0.727349
19400,0.712886
19401,0.730881
19402,0.751258
19403,0.713512
19404,0.712989
19405,0.709005
19406,0.720361
19407,0.711822
19408,0.676934
19409,0.758936
19410,0.700822
19411,0.767195
19412,0.703370
19413,0.740101
19414,0.691790
19415,0.785009
19416,0.686040
19417,0.738158
19418,0.690149
19419,0.740418
19420,0.755849
19421,0.717948
19422,0.713351
19423,0.726473
19424,0.750189
19425,0.730049
19426,0.704818
19427,0.706817
19428,0.688424
19429,0.733018
19430,0.754992
19431,0.706756
19432,0.731708
19433,0.825243
19434,0.677837
19435,0.705907
19436,0.731563
19437,0.680783
19438,0.725942
19439,0.706272
19440,0.691688
19441,0.745210
19442,0.722613
19443,0.725893
19444,0.742765
19445,0.743602
19446,0.721343
19447,0.700666
19448,0.745203
19449,0.671551
19450,0.708064
19451,0.723837
19452,0.717897
19453,0.718894
19454,0.748582
19455,0.773654
19456,0.678905
19457,0.711258
19458,0.735695
19459,0.712315
19460,0.731829
19461,0.701393
19462,0.760154
19463,0.767664
19464,0.685347
19465,0.804168
19466,0.681555
19467,0.743765
19468,0.757908
19469,0.723253
19470,0.686082
19471,0.729069
19472,0.737141
19473,0.744300
19474,0.723743
19475,0.706820
19476,0.715348
19477,0.699732
19478,0.729435
19479,0.758157
19480,0.731689
19481,0.785063
19482,0.725577
19483,0.774465
19484,0.726141
19485,0.724234
19486,0.679237
19487,0.721726
19488,0.710513
19489,0.723925
19490,0.766415
19491,0.748730
19492,0.696000
19493,0.756232
19494,0.681563
19495,0.760890
19496,0.798131
19497,0.721778
19498,0.755650
19499,0.722221
19500,0.760818
19501,0.750330
19502,0.728451
19503,0.732402
19504,0.704318
19505,0.740389
19506,0.686389
19507,0.708307
19508,0.740684
19509,0.725403
19510,0.712281
19511,0.751323
19512,0.719011
19513,0.779442
19514,0.733522
19515,0.764511
19516,0.690147
19517,0.720142
19518,0.690538
19519,0.720413
19520,0.730923
19521,0.705153
19522,0.743420
19523,0.746216
19524,0.716253
19525,0.741669
19526,0.671113
19527,0.738061
19528,0.740969
19529,0.735991
19530,0.736567
19531,0.747183
19532,0.697010
19533,0.700342
19534,0.714707
19535,0.787183
19536,0.695035
19537,0.727013
19538,0.728831
19539,0.727594
19540,0.732691
19541,0.664414
19542,0.699877
19543,0.706538
19544,0.748289
19545,0.756219
19546,0.696351
19547,0.708064
19548,0.745309
19549,0.793935
19550,0.688350
19551,0.719150
19552,0.693498
19553,0.739959
19554,0.711386
19555,0.731457
19556,0.722698
19557,0.745168
19558,0.725897
19559,0.703162
19560,0.675619
19561,0.695823
19562,0.728686
19563,0.753713
19564,0.729542
19565,0.698749
19566,0.714827
19567,0.785419
19568,0.668690
19569,0.699471
19570,0.774155
19571,0.674707
19572,0.705148
19573,0.751563
19574,0.706281
19575,0.711677
19576,0.683201
19577,0.681436
19578,0.728855
19579,0.727682
19580,0.685537
19581,0.714916
19582,0.698842
19583,0.688884
19584,0.729023
19585,0.726248
19586,0.733983
19587,0.706319
19588,0.722505
19589,0.703436
19590,0.673839
19591,0.707917
19592,0.704208
19593,0.723670
19594,0.700050
19595,0.737770
19596,0.673916
19597,0.710759
19598,0.709964
19599,0.667864
19600,0.702703
19601,0.720815
19602,0.697531
19603,0.760908
19604,0.704179
19605,0.709947
19606,0.768391
19607,0.695343
19608,0.732373
19609,0.751572
19610,0.711535
19611,0.743619
19612,0.725639
19613,0.761688
19614,0.715215
19615,0.718543
19616,0.726443
19617,0.768114
19618,0.706450
19619,0.683469
19620,0.801247
19621,0.720481
19622,0.718261
19623,0.765402
19624,0.722032
19625,0.740833
19626,0.684575
19627,0.707568
19628,0.669873
19629,0.700340
19630,0.751754
19631,0.693006
19632,0.741278
19633,0.752091
19634,0.737152
19635,0.793734
19636,0.701010
19637,0.685217
19638,0.732283
19639,0.698295
19640,0.698388
19641,0.690499
19642,0.726928
19643,0.739455
19644,0.739711
19645,0.710370
19646,0.698734
19647,0.713482
19648,0.705473
19649,0.763425
19650,0.733377
19651,0.702817
19652,0.722068
19653,0.675166
19654,0.707259
19655,0.686784
19656,0.693230
19657,0.732448
19658,0.692139
19659,0.783640
19660,0.809279
19661,0.708512
19662,0.774788
19663,0.725236
19664,0.724941
19665,0.704081
19666,0.689901
19667,0.706494
19668,0.727997
19669,0.730581
19670,0.787099
19671,0.676926
19672,0.719087
19673,0.695278
19674,0.705135
19675,0.730926
19676,0.738870
19677,0.693503
19678,0.720921
19679,0.699217
19680,0.719994
19681,0.773687
19682,0.704905
19683,0.693286
19684,0.737082
19685,0.694573
19686,0.705583
19687,0.712239
19688,0.724882
19689,0.720877
19690,0.741926
19691,0.706514
19692,0.768663
19693,0.712051
19694,0.737964
19695,0.773407
19696,0.733432
19697,0.704392
19698,0.765035
19699,0.681560
19700,0.737096
19701,0.672405
19702,0.719157
19703,0.746970
19704,0.718050
19705,0.712180
19706,0.679400
19707,0.716541
19708,0.730054
19709,0.735730
19710,0.710342
19711,0.746581
19712,0.696006
19713,0.766467
19714,0.735873
19715,0.728639
19716,0.709258
19717,0.722580
19718,0.735223
19719,0.749811
19720,0.738296
19721,0.730888
19722,0.719367
19723,0.695638
19724,0.722247
19725,0.727707
19726,0.720974
19727,0.742444
19728,0.713821
19729,0.737247
19730,0.746248
19731,0.688208
19732,0.721803
19733,0.698864
19734,0.726632
19735,0.760890
19736,0.711487
19737,0.678157
19738,0.709239
19739,0.732234
19740,0.685986
19741,0.702017
19742,0.718287
19743,0.722877
19744,0.683386
19745,0.709425
19746,0.678601
19747,0.684433
19748,0.748184
19749,0.723978
19750,0.761808
19751,0.771393
19752,0.685351
19753,0.780239
19754,0.721093
19755,0.750289
19756,0.690916
19757,0.748112
19758,0.703141
19759,0.741506
19760,0.728077
19761,0.716634
19762,0.700475
19763,0.705998
19764,0.662816
19765,0.740338
19766,0.680465
19767,0.751839
19768,0.682055
19769,0.767690
19770,0.738499
19771,0.698117
19772,0.702983
19773,0.724953
19774,0.716480
19775,0.688177
19776,0.749970
19777,0.720051
19778,0.712288
19779,0.683799
19780,0.699113
19781,0.687417
19782,0.787989
19783,0.702844
19784,0.740440
19785,0.731577
19786,0.734819
19787,0.779225
19788,0.708092
19789,0.730686
19790,0.701931
19791,0.720948
19792,0.734564
19793,0.764575
19794,0.721552
19795,0.717803
19796,0.712409
19797,0.719160
19798,0.715253
19799,0.715324
19800,0.724306
19801,0.712522
19802,0.667948
19803,0.752394
19804,0.705867
19805,0.717236
19806,0.710411
19807,0.730368
19808,0.733496
19809,0.717067
19810,0.694358
19811,0.717944
19812,0.731535
19813,0.696536
19814,0.732129
19815,0.684777
19816,0.720075
19817,0.721638
19818,0.730273
19819,0.666640
19820,0.731843
19821,0.692391
19822,0.752346
19823,0.674267
19824,0.699800
19825,0.726798
19826,0.742379
19827,0.757136
19828,0.661360
19829,0.719175
19830,0.725508
19831,0.740279
19832,0.728575
19833,0.686525
19834,0.734504
19835,0.693509
19836,0.708438
19837,0.704945
19838,0.717917
19839,0.751156
19840,0.701408
19841,0.754457
19842,0.720054
19843,0.752974
19844,0.727655
19845,0.721995
19846,0.728205
19847,0.723204
19848,0.707539
19849,0.775242
19850,0.732867
19851,0.718602
19852,0.737553
19853,0.754620
19854,0.768264
19855,0.727032
19856,0.702900
19857,0.730893
19858,0.723166
19859,0.704683
19860,0.744077
19861,0.721550
19862,0.727000
19863,0.745411
19864,0.708158
19865,0.693543
19866,0.742917
19867,0.663325
19868,0.726931
19869,0.773543
19870,0.734740
19871,0.714652
19872,0.756272
19873,0.717366
19874,0.706936
19875,0.752637
19876,0.683003
19877,0.772040
19878,0.720932
19879,0.742485
19880,0.749390
19881,0.703048
19882,0.712373
19883,0.712958
19884,0.689229
19885,0.711341
19886,0.738171
19887,0.734251
19888,0.734298
19889,0.698397
19890,0.735600
19891,0.685642
19892,0.727495
19893,0.667672
19894,0.709803
19895,0.705115
19896,0.710281
19897,0.735940
19898,0.760079
19899,0.733948
19900,0.769498
19901,0.714452
19902,0.724477
19903,0.665332
19904,0.778523
19905,0.686869
19906,0.704559
19907,0.683833
19908,0.732490
19909,0.720596
19910,0.716254
19911,0.727226
19912,0.670683
19913,0.703487
19914,0.726143
19915,0.739922
19916,0.713421
19917,0.738724
19918,0.689167
19919,0.703844
19920,0.703253
19921,0.715303
19922,0.755487
19923,0.714512
19924,0.702373
19925,0.769119
19926,0.765009
19927,0.693799
19928,0.699480
19929,0.685553
19930,0.732542
19931,0.745459
19932,0.736797
19933,0.713176
19934,0.784981
19935,0.717036
19936,0.742445
19937,0.665150
19938,0.719440
19939,0.685766
19940,0.685200
19941,0.713806
19942,0.753232
19943,0.706119
19944,0.744701
19945,0.692347
19946,0.703249
19947,0.748637
19948,0.726866
19949,0.733093
19950,0.725488
19951,0.716904
19952,0.743675
19953,0.718015
19954,0.701814
19955,0.733452
19956,0.710617
19957,0.717085
19958,0.753594
19959,0.730217
19960,0.726214
19961,0.713571
19962,0.728503
19963,0.763041
19964,0.725477
19965,0.750912
19966,0.785001
19967,0.712266
19968,0.763502
19969,0.731996
19970,0.755537
19971,0.686098
19972,0.729558
19973,0.749433
19974,0.743018
19975,0.713142
19976,0.710088
19977,0.734074
19978,0.733041
19979,0.766384
19980,0.717182
19981,0.687003
19982,0.682458
19983,0.743326
19984,0.665524
19985,0.734918
19986,0.794301
19987,0.748998
19988,0.721557
19989,0.737373
19990,0.753740
19991,0.736275
19992,0.762327
19993,0.690950
19994,0.763060
19995,0.705088
19996,0.735362
19997,0.751396
19998,0.682767
19999,0.723462
20000,0.677672
20001,0.704730
20002,0.736876
20003,0.688707
20004,0.713560
20005,0.702575
20006,0.695568
20007,0.736552
20008,0.705562
20009,0.737875
20010,0.727687
20011,0.714923
20012,0.725572
20013,0.681312
20014,0.745502
20015,0.695065
20016,0.712194
20017,0.675844
20018,0.766633
20019,0.713996
20020,0.722742
20021,0.720408
20022,0.734228
20023,0.688144
20024,0.776666
20025,0.744461
20026,0.777640
20027,0.716560
20028,0.653410
20029,0.756950
20030,0.716235
20031,0.796259
20032,0.713513
20033,0.763879
20034,0.741037
20035,0.725376
20036,0.738332
20037,0.707034
20038,0.758475
20039,0.757731
20040,0.692177
20041,0.735233
20042,0.748237
20043,0.699160
20044,0.710260
20045,0.690931
20046,0.654456
20047,0.772604
20048,0.750653
20049,0.738227
20050,0.722390
20051,0.710042
20052,0.717299
20053,0.707428
20054,0.788460
20055,0.796530
20056,0.732038
20057,0.721965
20058,0.692780
20059,0.690843
20060,0.713775
20061,0.746839
20062,0.745819
20063,0.686330
20064,0.757399
20065,0.710012
20066,0.717280
20067,0.704637
20068,0.706013
20069,0.670464
20070,0.715717
20071,0.723864
20072,0.696198
20073,0.696935
20074,0.728986
20075,0.731857
20076,0.743308
20077,0.764490
20078,0.726040
20079,0.689171
20080,0.693644
20081,0.718804
20082,0.726102
20083,0.702903
20084,0.730740
20085,0.715401
20086,0.711461
20087,0.702226
20088,0.711945
20089,0.704495
20090,0.691452
20091,0.678237
20092,0.725081
20093,0.679916
20094,0.683431
20095,0.683064
20096,0.747910
20097,0.754914
20098,0.736470
20099,0.705052
20100,0.725754
20101,0.719228
20102,0.691781
20103,0.704253
20104,0.793454
20105,0.719224
20106,0.718489
20107,0.748310
20108,0.720576
20109,0.705411
20110,0.690344
20111,0.678089
20112,0.692438
20113,0.777127
20114,0.725141
20115,0.687164
20116,0.700360
20117,0.740002
20118,0.717723
20119,0.696317
20120,0.707258
20121,0.734156
20122,0.677539
20123,0.722908
20124,0.750262
20125,0.731817
20126,0.751678
20127,0.747373
20128,0.684470
20129,0.711730
20130,0.703907
20131,0.708215
20132,0.753480
20133,0.741731
20134,0.725977
20135,0.762647
20136,0.694890
20137,0.700955
20138,0.760616
20139,0.700618
20140,0.670998
20141,0.727545
20142,0.730453
20143,0.702328
20144,0.702080
20145,0.690320
20146,0.721338
20147,0.704870
20148,0.699703
20149,0.700644
20150,0.709490
20151,0.721897
20152,0.749946
20153,0.773524
20154,0.695515
20155,0.716767
20156,0.710633
20157,0.728003
20158,0.700215
20159,0.744861
20160,0.718370
20161,0.719989
20162,0.718619
20163,0.728801
20164,0.703202
20165,0.648496
20166,0.678044
20167,0.764031
20168,0.706777
20169,0.728742
20170,0.723348
20171,0.699353
20172,0.732628
20173,0.718625
20174,0.739706
20175,0.723065
20176,0.691608
20177,0.710976
20178,0.751859
20179,0.736013
20180,0.729269
20181,0.676951
20182,0.702787
20183,0.716368
20184,0.767792
20185,0.773397
20186,0.707842
20187,0.727743
20188,0.687472
20189,0.751071
20190,0.710215
20191,0.703606
20192,0.750551
20193,0.683713
20194,0.741434
20195,0.698794
20196,0.731816
20197,0.719181
20198,0.753063
20199,0.693508
20200,0.736152
20201,0.740662
20202,0.731557
20203,0.725715
20204,0.730615
20205,0.696284
20206,0.694310
20207,0.701246
20208,0.709324
20209,0.730886
20210,0.680248
20211,0.749719
20212,0.700668
20213,0.704258
20214,0.656222
20215,0.736238
20216,0.710288
20217,0.769847
20218,0.723262
20219,0.716041
20220,0.751235
20221,0.734393
20222,0.772428
20223,0.704808
20224,0.704336
20225,0.733105
20226,0.721882
20227,0.687244
20228,0.717167
20229,0.721925
20230,0.699041
20231,0.716319
20232,0.697469
20233,0.746701
20234,0.680990
20235,0.765664
20236,0.734256
20237,0.751790
20238,0.744900
20239,0.681558
20240,0.734318
20241,0.717530
20242,0.682866
20243,0.696970
20244,0.706040
20245,0.697879
20246,0.710650
20247,0.701985
20248,0.747555
20249,0.752325
20250,0.661094
20251,0.727264
20252,0.733658
20253,0.742191
20254,0.702964
20255,0.736453
20256,0.734365
20257,0.725807
20258,0.663961
20259,0.719982
20260,0.730686
20261,0.698278
20262,0.730016
20263,0.716337
20264,0.716383
20265,0.711649
20266,0.697359
20267,0.775732
20268,0.706702
20269,0.717809
20270,0.696954
20271,0.717843
20272,0.709842
20273,0.735427
20274,0.749199
20275,0.693819
20276,0.693236
20277,0.725764
20278,0.740499
20279,0.736904
20280,0.717424
20281,0.738372
20282,0.682650
20283,0.725563
20284,0.774984
20285,0.728041
20286,0.685068
20287,0.723864
20288,0.692271
20289,0.716616
20290,0.726276
20291,0.674765
20292,0.728635
20293,0.729526
20294,0.749403
20295,0.715087
20296,0.726292
20297,0.721238
20298,0.651460
20299,0.741755
20300,0.710204
20301,0.693581
20302,0.762556
20303,0.695720
20304,0.722682
20305,0.723985
20306,0.724740
20307,0.762716
20308,0.708484
20309,0.732758
20310,0.735615
20311,0.785500
20312,0.725847
20313,0.730343
20314,0.713280
20315,0.715025
20316,0.747355
20317,0.739401
20318,0.714434
20319,0.767420
20320,0.714848
20321,0.743754
20322,0.698262
20323,0.697995
20324,0.741693
20325,0.723707
20326,0.696306
20327,0.736280
20328,0.711029
20329,0.709431
20330,0.695290
20331,0.703275
20332,0.722296
20333,0.691412
20334,0.682132
20335,0.720598
20336,0.713553
20337,0.675639
20338,0.687060
20339,0.681824
20340,0.673019
20341,0.721465
20342,0.723559
20343,0.702356
20344,0.752471
20345,0.728277
20346,0.744691
20347,0.739396
20348,0.725717
20349,0.712063
20350,0.736034
20351,0.680648
20352,0.765438
20353,0.714147
20354,0.733292
20355,0.696730
20356,0.711842
20357,0.745248
20358,0.723505
20359,0.724447
20360,0.715369
20361,0.704895
20362,0.744202
20363,0.732542
20364,0.762078
20365,0.676462
20366,0.686119
20367,0.697586
20368,0.692747
20369,0.723556
20370,0.704308
20371,0.734660
20372,0.767443
20373,0.737102
20374,0.696004
20375,0.675100
20376,0.723941
20377,0.717181
20378,0.714658
20379,0.740036
20380,0.751021
20381,0.734283
20382,0.683820
20383,0.727362
20384,0.690716
20385,0.727903
20386,0.718135
20387,0.752143
20388,0.706208
20389,0.729463
20390,0.723663
20391,0.701101
20392,0.759539
20393,0.710409
20394,0.741211
20395,0.713852
20396,0.776439
20397,0.724698
20398,0.699061
20399,0.725351
20400,0.681561
20401,0.724522
20402,0.743870
20403,0.774422
20404,0.707570
20405,0.710112
20406,0.704614
20407,0.714926
20408,0.697896
20409,0.689227
20410,0.740233
20411,0.728686
20412,0.708026
20413,0.739817
20414,0.706770
20415,0.743723
20416,0.744910
20417,0.752671
20418,0.714749
20419,0.741156
20420,0.699168
20421,0.750853
20422,0.736424
20423,0.738118
20424,0.713561
20425,0.682533
20426,0.731910
20427,0.745568
20428,0.750059
20429,0.734220
20430,0.734173
20431,0.704628
20432,0.713485
20433,0.760037
20434,0.719692
20435,0.703565
20436,0.735234
20437,0.726997
20438,0.699955
20439,0.724015
20440,0.787219
20441,0.680844
20442,0.752733
20443,0.723060
20444,0.729397
20445,0.738017
20446,0.741592
20447,0.711990
20448,0.739467
20449,0.707879
20450,0.713705
20451,0.704713
20452,0.712657
20453,0.700910
20454,0.734088
20455,0.701099
20456,0.741256
20457,0.710397
20458,0.717680
20459,0.743679
20460,0.737918
20461,0.713060
20462,0.704897
20463,0.713044
20464,0.779913
20465,0.692935
20466,0.710747
20467,0.676402
20468,0.716561
20469,0.697163
20470,0.776820
20471,0.718799
20472,0.740119
20473,0.704078
20474,0.719248
20475,0.653870
20476,0.715530
20477,0.767213
20478,0.744592
20479,0.683100
20480,0.696137
20481,0.747031
20482,0.694931
20483,0.686876
20484,0.744283
20485,0.700004
20486,0.754299
20487,0.701943
20488,0.681800
20489,0.726079
20490,0.748804
20491,0.712982
20492,0.684841
20493,0.738798
20494,0.709450
20495,0.712759
20496,0.722641
20497,0.751837
20498,0.716159
20499,0.713042
20500,0.709550
20501,0.738014
20502,0.730021
20503,0.705354
20504,0.672441
20505,0.750686
20506,0.715556
20507,0.729331
20508,0.702214
20509,0.726048
20510,0.759287
20511,0.689584
20512,0.736011
20513,0.762841
20514,0.719830
20515,0.712888
20516,0.680823
20517,0.742581
20518,0.776966
20519,0.698063
20520,0.700825
20521,0.730583
20522,0.741606
20523,0.676782
20524,0.688003
20525,0.711715
20526,0.748308
20527,0.713341
20528,0.702486
20529,0.767520
20530,0.698708
20531,0.733328
20532,0.739717
20533,0.724406
20534,0.750483
20535,0.717157
20536,0.729100
20537,0.714599
20538,0.739029
20539,0.705218
20540,0.700166
20541,0.732599
20542,0.715815
20543,0.713144
20544,0.721657
20545,0.731492
20546,0.726615
20547,0.781693
20548,0.674694
20549,0.716666
20550,0.767753
20551,0.696353
20552,0.716533
20553,0.714926
20554,0.674024
20555,0.758007
20556,0.750317
20557,0.713811
20558,0.726244
20559,0.705078
20560,0.701745
