iteration,loss
1,6.405133
2,6.232328
3,6.091583
4,5.987500
5,5.917962
6,5.866801
7,5.816691
8,5.761333
9,5.717312
10,5.673141
11,5.624375
12,5.579312
13,5.527451
14,5.492081
15,5.429717
16,5.368612
17,5.331464
18,5.269711
19,5.226555
20,5.185001
21,5.158392
22,5.079896
23,5.043432
24,4.980945
25,4.932903
26,4.888749
27,4.840946
28,4.779432
29,4.722789
30,4.691638
31,4.626343
32,4.591025
33,4.536872
34,4.466278
35,4.428779
36,4.395381
37,4.333727
38,4.289785
39,4.254998
40,4.200925
41,4.162172
42,4.120659
43,4.059925
44,4.014555
45,3.982744
46,3.924680
47,3.863684
48,3.827816
49,3.790457
50,3.768847
51,3.719016
52,3.670826
53,3.636319
54,3.599795
55,3.554391
56,3.498751
57,3.441916
58,3.426300
59,3.387689
60,3.370331
61,3.342001
62,3.284616
63,3.274733
64,3.213075
65,3.188301
66,3.170182
67,3.123427
68,3.107335
69,3.058356
70,3.055187
71,3.004632
72,2.980181
73,2.960391
74,2.931205
75,2.886469
76,2.906079
77,2.858323
78,2.831370
79,2.785865
80,2.786671
81,2.772669
82,2.744750
83,2.722666
84,2.702945
85,2.710770
86,2.708846
87,2.630047
88,2.618747
89,2.564325
90,2.603414
91,2.601203
92,2.504206
93,2.557859
94,2.525731
95,2.476967
96,2.486656
97,2.469805
98,2.455574
99,2.428637
100,2.395897
101,2.395012
102,2.436034
103,2.405508
104,2.314838
105,2.363934
106,2.370097
107,2.295746
108,2.283305
109,2.310381
110,2.267806
111,2.284571
112,2.251355
113,2.234596
114,2.283937
115,2.231156
116,2.192566
117,2.245962
118,2.177569
119,2.168947
120,2.201763
121,2.147307
122,2.138199
123,2.130537
124,2.146343
125,2.101036
126,2.057741
127,2.133875
128,2.149346
129,2.063918
130,2.070337
131,2.067024
132,2.045012
133,2.005932
134,2.063287
135,1.983023
136,1.918892
137,1.994573
138,1.968575
139,2.010500
140,1.980014
141,1.979649
142,1.927862
143,1.988276
144,1.997185
145,1.967284
146,1.880320
147,1.951702
148,1.902480
149,1.888217
150,1.903685
151,1.906627
152,1.879119
153,1.854563
154,1.815350
155,1.836484
156,1.820139
157,1.755476
158,1.850044
159,1.824160
160,1.880966
161,1.806781
162,1.831247
163,1.835518
164,1.771161
165,1.781839
166,1.756941
167,1.792814
168,1.732304
169,1.735215
170,1.727358
171,1.746730
172,1.794807
173,1.737982
174,1.732721
175,1.720698
176,1.726000
177,1.699992
178,1.700994
179,1.675567
180,1.706566
181,1.634375
182,1.716937
183,1.689463
184,1.727899
185,1.661818
186,1.703469
187,1.637331
188,1.671701
189,1.689718
190,1.651969
191,1.640425
192,1.615344
193,1.594112
194,1.637664
195,1.641410
196,1.663778
197,1.616276
198,1.605578
199,1.648790
200,1.572320
201,1.606908
202,1.613600
203,1.595604
204,1.612853
205,1.700820
206,1.604202
207,1.629298
208,1.653817
209,1.519789
210,1.577983
211,1.597479
212,1.574699
213,1.577332
214,1.524700
215,1.604368
216,1.606357
217,1.564460
218,1.577844
219,1.539143
220,1.529298
221,1.542664
222,1.480862
223,1.612978
224,1.514685
225,1.516473
226,1.517830
227,1.537124
228,1.538457
229,1.543435
230,1.463326
231,1.553983
232,1.485611
233,1.513865
234,1.522829
235,1.534754
236,1.507633
237,1.511116
238,1.484872
239,1.524438
240,1.587020
241,1.568474
242,1.546000
243,1.510110
244,1.481036
245,1.563595
246,1.539299
247,1.498529
248,1.472054
249,1.488514
250,1.574035
251,1.513063
252,1.504225
253,1.436869
254,1.475536
255,1.492672
256,1.512249
257,1.423149
258,1.443855
259,1.452021
260,1.474829
261,1.450009
262,1.510081
263,1.489046
264,1.479026
265,1.470178
266,1.394763
267,1.486082
268,1.514220
269,1.462472
270,1.453962
271,1.536957
272,1.470429
273,1.516625
274,1.408832
275,1.510481
276,1.445049
277,1.428475
278,1.489938
279,1.438377
280,1.438370
281,1.430749
282,1.461689
283,1.506355
284,1.461454
285,1.474401
286,1.458060
287,1.413901
288,1.484124
289,1.434225
290,1.417438
291,1.464301
292,1.359321
293,1.392778
294,1.421568
295,1.478952
296,1.469973
297,1.449239
298,1.417467
299,1.377846
300,1.410482
301,1.427838
302,1.431332
303,1.413644
304,1.425473
305,1.424226
306,1.424012
307,1.411036
308,1.383420
309,1.445913
310,1.407223
311,1.428428
312,1.422798
313,1.435650
314,1.469093
315,1.397977
316,1.393958
317,1.395869
318,1.346124
319,1.367714
320,1.366268
321,1.427167
322,1.394090
323,1.445851
324,1.365825
325,1.386701
326,1.328651
327,1.424627
328,1.323816
329,1.335953
330,1.406265
331,1.357324
332,1.336722
333,1.424945
334,1.401028
335,1.314123
336,1.338407
337,1.467811
338,1.388663
339,1.441460
340,1.438034
341,1.400760
342,1.413863
343,1.338797
344,1.371840
345,1.404353
346,1.404859
347,1.352324
348,1.390732
349,1.421729
350,1.407956
351,1.351433
352,1.415165
353,1.382128
354,1.341524
355,1.426952
356,1.402776
357,1.388510
358,1.384459
359,1.349646
360,1.370794
361,1.347360
362,1.350425
363,1.394442
364,1.376927
365,1.321166
366,1.379605
367,1.354206
368,1.323328
369,1.370317
370,1.347948
371,1.362801
372,1.304990
373,1.345996
374,1.350207
375,1.321821
376,1.294840
377,1.357750
378,1.378072
379,1.361826
380,1.323982
381,1.326923
382,1.347305
383,1.372030
384,1.332370
385,1.332648
386,1.359416
387,1.373601
388,1.385518
389,1.325989
390,1.346623
391,1.341700
392,1.349984
393,1.344190
394,1.377948
395,1.314725
396,1.294897
397,1.333440
398,1.339802
399,1.377499
400,1.318515
401,1.275843
402,1.293816
403,1.338548
404,1.247326
405,1.284075
406,1.289511
407,1.361777
408,1.307365
409,1.270910
410,1.356233
411,1.285771
412,1.360161
413,1.371940
414,1.339244
415,1.344126
416,1.362634
417,1.368039
418,1.305936
419,1.339254
420,1.348679
421,1.388581
422,1.334340
423,1.354555
424,1.361862
425,1.377172
426,1.316315
427,1.283117
428,1.328881
429,1.282317
430,1.370979
431,1.294158
432,1.345063
433,1.283545
434,1.371818
435,1.293278
436,1.251617
437,1.283155
438,1.288715
439,1.381119
440,1.279360
441,1.328835
442,1.307831
443,1.299852
444,1.348651
445,1.289920
446,1.331070
447,1.284734
448,1.312658
449,1.302549
450,1.389890
451,1.264366
452,1.271134
453,1.259661
454,1.258053
455,1.308003
456,1.289348
457,1.249203
458,1.284125
459,1.290891
460,1.344748
461,1.286636
462,1.262787
463,1.374978
464,1.289486
465,1.224601
466,1.318501
467,1.308156
468,1.287218
469,1.270421
470,1.271337
471,1.279829
472,1.243688
473,1.270620
474,1.277177
475,1.307261
476,1.269124
477,1.290019
478,1.267739
479,1.279216
480,1.280882
481,1.296645
482,1.291157
483,1.302165
484,1.308264
485,1.350084
486,1.290175
487,1.293244
488,1.199955
489,1.305389
490,1.252664
491,1.283422
492,1.350787
493,1.278818
494,1.260807
495,1.270815
496,1.288803
497,1.322988
498,1.257289
499,1.236601
500,1.317144
501,1.210616
502,1.279812
503,1.239136
504,1.215332
505,1.236827
506,1.239178
507,1.239776
508,1.272373
509,1.242928
510,1.336444
511,1.301298
512,1.246728
513,1.275132
514,1.235453
515,1.234848
516,1.252671
517,1.301567
518,1.249285
519,1.248875
520,1.212996
521,1.230798
522,1.316297
523,1.224035
524,1.245598
525,1.209920
526,1.287589
527,1.298218
528,1.192699
529,1.205958
530,1.194651
531,1.275588
532,1.230372
533,1.279271
534,1.278595
535,1.256735
536,1.268441
537,1.265537
538,1.231773
539,1.273615
540,1.257617
541,1.272323
542,1.148579
543,1.280872
544,1.250466
545,1.259888
546,1.196292
547,1.278364
548,1.193044
549,1.180092
550,1.236028
551,1.216394
552,1.276745
553,1.234071
554,1.307732
555,1.226286
556,1.252540
557,1.205108
558,1.204835
559,1.224457
560,1.354238
561,1.226586
562,1.214733
563,1.273864
564,1.202648
565,1.198487
566,1.287159
567,1.214651
568,1.269532
569,1.243110
570,1.185573
571,1.243365
572,1.184533
573,1.193292
574,1.237061
575,1.237597
576,1.204812
577,1.259802
578,1.239539
579,1.231893
580,1.203254
581,1.232169
582,1.254015
583,1.209490
584,1.229277
585,1.241243
586,1.239933
587,1.258261
588,1.254092
589,1.224478
590,1.259310
591,1.203400
592,1.293329
593,1.295160
594,1.240420
595,1.180111
596,1.272342
597,1.209954
598,1.166158
599,1.189951
600,1.181456
601,1.250070
602,1.231794
603,1.273220
604,1.197916
605,1.287995
606,1.271225
607,1.195244
608,1.206880
609,1.200479
610,1.282147
611,1.204749
612,1.191472
613,1.289926
614,1.189396
615,1.245568
616,1.217589
617,1.162805
618,1.227608
619,1.226164
620,1.312993
621,1.180579
622,1.234857
623,1.257453
624,1.220895
625,1.212630
626,1.231493
627,1.189475
628,1.177317
629,1.215856
630,1.242019
631,1.250574
632,1.215339
633,1.149464
634,1.202905
635,1.215412
636,1.195553
637,1.236257
638,1.224372
639,1.224490
640,1.238491
641,1.172500
642,1.125876
643,1.169164
644,1.271247
645,1.204124
646,1.245963
647,1.236116
648,1.152922
649,1.157446
650,1.198974
651,1.190492
652,1.174873
653,1.181797
654,1.227110
655,1.159414
656,1.173609
657,1.218362
658,1.240219
659,1.185549
660,1.198651
661,1.214416
662,1.201026
663,1.294689
664,1.215101
665,1.198912
666,1.257914
667,1.209072
668,1.133507
669,1.174765
670,1.177709
671,1.184767
672,1.197731
673,1.152895
674,1.227995
675,1.249600
676,1.142910
677,1.269452
678,1.248513
679,1.182394
680,1.211761
681,1.173877
682,1.142180
683,1.213680
684,1.222770
685,1.209855
686,1.177863
687,1.135773
688,1.175948
689,1.180750
690,1.194583
691,1.157592
692,1.218637
693,1.138697
694,1.203300
695,1.205444
696,1.220185
697,1.202640
698,1.257770
699,1.222693
700,1.162754
701,1.179480
702,1.178958
703,1.145526
704,1.204103
705,1.132391
706,1.125244
707,1.245501
708,1.156680
709,1.181778
710,1.138383
711,1.152962
712,1.155719
713,1.210865
714,1.194692
715,1.209130
716,1.169404
717,1.183573
718,1.177904
719,1.195603
720,1.188223
721,1.115157
722,1.115336
723,1.215797
724,1.126402
725,1.152981
726,1.197370
727,1.167701
728,1.137478
729,1.121959
730,1.156086
731,1.201460
732,1.196467
733,1.220992
734,1.179946
735,1.177255
736,1.134343
737,1.134052
738,1.105474
739,1.196383
740,1.217315
741,1.194639
742,1.176685
743,1.197491
744,1.189610
745,1.139880
746,1.196938
747,1.193380
748,1.124943
749,1.164755
750,1.262138
751,1.106098
752,1.168608
753,1.171394
754,1.150582
755,1.152338
756,1.196693
757,1.157292
758,1.185286
759,1.198630
760,1.158638
761,1.148163
762,1.129722
763,1.177187
764,1.135429
765,1.218176
766,1.165904
767,1.131837
768,1.201521
769,1.154288
770,1.157114
771,1.183398
772,1.183599
773,1.170390
774,1.206193
775,1.169235
776,1.132808
777,1.211438
778,1.186446
779,1.205849
780,1.103512
781,1.209931
782,1.161894
783,1.114465
784,1.102857
785,1.152282
786,1.182385
787,1.138216
788,1.148290
789,1.121062
790,1.150651
791,1.154966
792,1.157721
793,1.152375
794,1.184875
795,1.194972
796,1.219559
797,1.113702
798,1.179325
799,1.221747
800,1.159077
801,1.139635
802,1.153629
803,1.199490
804,1.236952
805,1.121149
806,1.181015
807,1.123921
808,1.212674
809,1.181716
810,1.160085
811,1.182300
812,1.174516
813,1.208118
814,1.135659
815,1.150114
816,1.168924
817,1.102038
818,1.145657
819,1.119720
820,1.116592
821,1.195373
822,1.124294
823,1.143333
824,1.188712
825,1.132712
826,1.161080
827,1.169212
828,1.128760
829,1.149761
830,1.176706
831,1.123315
832,1.174749
833,1.094339
834,1.139832
835,1.179359
836,1.138719
837,1.141752
838,1.130736
839,1.125185
840,1.162045
841,1.174617
842,1.098584
843,1.079442
844,1.150557
845,1.095291
846,1.128915
847,1.181327
848,1.118544
849,1.152271
850,1.057260
851,1.118424
852,1.158906
853,1.063514
854,1.184667
855,1.156743
856,1.073747
857,1.095129
858,1.209884
859,1.150566
860,1.139652
861,1.134066
862,1.090947
863,1.088755
864,1.133472
865,1.132465
866,1.161857
867,1.157056
868,1.149479
869,1.150591
870,1.139721
871,1.088546
872,1.165401
873,1.175988
874,1.115768
875,1.112634
876,1.115356
877,1.151788
878,1.191273
879,1.152897
880,1.214817
881,1.146541
882,1.190084
883,1.136660
884,1.090084
885,1.067901
886,1.098534
887,1.180902
888,1.061081
889,1.155180
890,1.094949
891,1.148699
892,1.069779
893,1.100300
894,1.099959
895,1.068327
896,1.173747
897,1.084731
898,1.124516
899,1.115947
900,1.113487
901,1.123054
902,1.168602
903,1.168900
904,1.112552
905,1.136396
906,1.146202
907,1.135639
908,1.170681
909,1.067797
910,1.161114
911,1.083178
912,1.174563
913,1.201168
914,1.108838
915,1.012709
916,1.068630
917,1.086307
918,1.136658
919,1.143557
920,1.080168
921,1.033439
922,1.178765
923,1.075890
924,1.116621
925,1.076419
926,1.125740
927,1.150401
928,1.050279
929,1.172715
930,1.101790
931,1.112105
932,1.122299
933,1.150120
934,1.164660
935,1.070637
936,1.119157
937,1.117495
938,1.147862
939,1.136923
940,1.102436
941,1.063407
942,1.110504
943,1.121187
944,1.096917
945,1.158839
946,1.096389
947,1.088680
948,1.080378
949,1.176700
950,1.168417
951,1.072141
952,1.151845
953,1.054819
954,1.117635
955,1.122560
956,1.130787
957,1.071767
958,1.108963
959,1.134300
960,1.136698
961,1.108642
962,1.146820
963,1.109569
964,1.112028
965,1.109502
966,1.164528
967,1.097088
968,1.074812
969,1.045057
970,1.125162
971,1.138220
972,1.094152
973,1.098080
974,1.142995
975,1.027184
976,1.088723
977,1.092579
978,1.131451
979,1.068374
980,1.139730
981,1.084396
982,1.118455
983,1.151755
984,1.041608
985,1.152024
986,1.088896
987,1.084092
988,1.059899
989,1.119726
990,1.064048
991,1.061152
992,1.113543
993,1.082471
994,1.110773
995,1.046633
996,1.132821
997,1.148828
998,1.039013
999,1.196985
1000,1.076016
1001,1.120364
1002,1.114778
1003,1.107933
1004,1.065608
1005,1.162694
1006,1.071153
1007,1.096034
1008,1.032418
1009,1.047322
1010,1.083195
1011,1.093083
1012,1.119228
1013,1.089114
1014,1.134706
1015,1.081278
1016,1.097569
1017,1.119624
1018,1.080464
1019,1.120212
1020,1.113737
1021,1.043629
1022,1.050536
1023,1.162701
1024,1.033963
1025,1.127307
1026,1.063372
1027,1.093853
1028,1.115050
1029,1.098185
1030,1.141548
1031,1.060007
1032,1.129739
1033,1.085227
1034,1.014442
1035,1.094907
1036,1.066595
1037,1.046292
1038,1.142597
1039,1.110204
1040,1.068425
1041,0.999657
1042,1.111260
1043,1.090649
1044,1.030726
1045,1.041050
1046,1.058114
1047,1.069558
1048,1.030799
1049,1.102388
1050,1.075937
1051,1.137286
1052,1.059449
1053,1.051489
1054,1.061270
1055,1.082222
1056,1.077489
1057,1.085767
1058,1.106913
1059,1.091737
1060,1.073314
1061,1.107925
1062,1.023903
1063,1.104593
1064,1.125404
1065,1.045193
1066,1.042916
1067,1.103107
1068,1.100466
1069,1.122544
1070,1.088628
1071,1.071132
1072,1.069394
1073,1.075004
1074,1.104538
1075,1.069452
1076,1.126848
1077,1.081776
1078,1.109468
1079,1.121276
1080,0.998635
1081,1.113324
1082,1.133842
1083,1.139367
1084,1.055867
1085,1.060572
1086,1.053105
1087,0.985861
1088,1.101829
1089,1.082350
1090,1.122409
1091,1.130455
1092,1.026253
1093,1.032680
1094,1.027138
1095,1.105321
1096,1.059207
1097,1.125311
1098,1.152871
1099,1.068033
1100,1.073233
1101,1.112872
1102,1.115041
1103,1.100095
1104,1.021651
1105,1.072884
1106,1.071278
1107,1.020015
1108,1.113605
1109,1.089437
1110,1.127691
1111,1.090448
1112,1.068707
1113,1.073950
1114,1.122211
1115,1.115213
1116,1.082169
1117,1.153418
1118,1.021018
1119,1.141364
1120,1.095298
1121,1.075758
1122,1.039463
1123,1.080815
1124,1.050168
1125,1.034368
1126,1.050836
1127,1.078696
1128,1.032124
1129,1.070505
1130,1.053003
1131,1.076644
1132,1.035698
1133,1.070976
1134,1.047814
1135,1.055579
1136,1.090205
1137,1.028055
1138,1.108531
1139,1.103660
1140,1.064948
1141,1.067982
1142,1.066942
1143,1.091009
1144,1.052262
1145,1.059210
1146,1.115489
1147,1.039452
1148,1.036486
1149,1.033833
1150,1.074325
1151,1.108631
1152,1.105099
1153,1.061252
1154,1.029885
1155,1.047471
1156,1.087020
1157,1.093232
1158,1.055318
1159,1.096252
1160,1.141694
1161,1.132454
1162,1.039164
1163,0.992998
1164,1.045855
1165,1.060397
1166,1.046374
1167,1.171070
1168,1.041419
1169,0.998925
1170,1.081931
1171,1.010134
1172,1.075556
1173,1.056779
1174,1.102252
1175,1.132920
1176,1.090376
1177,1.055707
1178,1.033555
1179,1.039127
1180,1.047339
1181,1.026829
1182,1.054811
1183,1.069921
1184,1.084298
1185,1.045948
1186,1.058052
1187,1.002187
1188,1.029649
1189,1.048473
1190,1.043356
1191,1.041761
1192,1.144553
1193,1.042644
1194,1.092579
1195,1.152874
1196,0.988014
1197,1.006251
1198,1.073802
1199,1.050622
1200,1.081440
1201,1.083496
1202,1.064360
1203,1.058023
1204,1.057655
1205,1.021599
1206,1.102437
1207,1.090584
1208,1.059237
1209,1.034911
1210,1.058169
1211,1.070277
1212,1.025243
1213,1.061479
1214,1.103967
1215,1.029707
1216,1.010890
1217,1.075600
1218,1.086668
1219,1.101307
1220,1.057305
1221,1.058372
1222,1.061156
1223,1.026985
1224,1.043745
1225,1.034436
1226,1.041704
1227,1.056182
1228,1.028902
1229,1.116962
1230,1.049700
1231,1.071571
1232,1.048558
1233,1.075639
1234,1.093014
1235,1.037048
1236,1.082552
1237,1.091629
1238,1.118385
1239,1.058511
1240,1.113296
1241,1.040614
1242,1.048034
1243,1.051251
1244,1.069019
1245,1.097846
1246,1.043991
1247,1.096236
1248,1.024178
1249,1.076200
1250,1.006110
1251,0.996005
1252,0.992149
1253,1.058942
1254,1.058387
1255,0.999950
1256,1.113964
1257,1.061402
1258,1.010790
1259,1.067718
1260,1.013307
1261,1.103019
1262,1.070338
1263,1.045639
1264,1.062065
1265,1.060951
1266,1.054286
1267,1.079679
1268,1.092681
1269,1.040672
1270,1.053731
1271,1.081212
1272,1.060160
1273,1.057421
1274,1.025349
1275,1.054591
1276,1.026060
1277,1.023504
1278,1.062989
1279,1.090433
1280,1.023428
1281,1.079108
1282,1.042672
1283,1.076875
1284,1.040745
1285,1.042147
1286,1.067530
1287,1.056914
1288,0.989976
1289,0.988000
1290,1.048239
1291,1.021081
1292,1.032274
1293,1.044648
1294,1.000546
1295,1.037910
1296,1.073601
1297,1.036382
1298,1.086029
1299,1.064989
1300,1.053440
1301,1.075187
1302,1.067070
1303,1.065945
1304,1.089855
1305,1.062562
1306,1.068779
1307,1.067033
1308,1.021971
1309,1.048363
1310,0.964848
1311,1.055728
1312,1.011557
1313,1.037304
1314,1.007581
1315,1.064707
1316,1.083740
1317,0.996141
1318,1.033115
1319,1.064557
1320,0.989335
1321,0.986828
1322,1.090303
1323,1.041900
1324,1.021406
1325,1.020543
1326,1.057629
1327,1.065606
1328,1.040095
1329,1.080472
1330,0.950160
1331,1.044895
1332,1.049310
1333,1.012858
1334,1.092167
1335,1.058145
1336,1.102392
1337,1.087521
1338,1.079189
1339,1.076664
1340,1.048770
1341,1.036227
1342,1.028332
1343,1.079171
1344,1.040278
1345,1.071100
1346,1.045221
1347,1.047151
1348,1.086603
1349,1.060927
1350,1.003093
1351,1.036790
1352,0.995973
1353,1.040332
1354,1.069925
1355,1.054024
1356,1.042164
1357,1.040753
1358,1.044846
1359,0.998234
1360,1.000560
1361,1.043156
1362,1.072231
1363,1.012532
1364,1.032818
1365,1.016194
1366,1.036858
1367,1.021444
1368,0.999403
1369,1.038092
1370,1.065319
1371,0.985157
1372,1.031419
1373,1.025081
1374,1.025326
1375,1.016436
1376,1.067958
1377,1.027293
1378,0.958479
1379,0.993678
1380,1.020752
1381,1.048582
1382,1.024169
1383,1.007170
1384,1.077365
1385,1.052023
1386,1.071196
1387,1.025352
1388,1.032921
1389,0.979011
1390,1.028931
1391,1.056397
1392,1.014602
1393,1.088330
1394,1.044542
1395,1.041139
1396,1.010142
1397,1.041429
1398,1.001438
1399,1.010233
1400,1.076890
1401,1.015604
1402,1.048799
1403,1.055483
1404,1.061753
1405,1.052630
1406,1.071908
1407,1.056085
1408,1.066997
1409,1.033375
1410,1.036713
1411,1.070691
1412,0.965041
1413,1.061939
1414,0.995097
1415,1.037787
1416,1.061384
1417,1.133272
1418,1.061371
1419,1.006019
1420,1.021018
1421,0.949564
1422,1.062301
1423,1.064577
1424,1.036424
1425,1.003178
1426,0.999761
1427,1.040531
1428,1.063346
1429,1.011553
1430,0.985694
1431,1.055348
1432,1.049382
1433,1.036310
1434,1.035549
1435,1.095543
1436,1.006519
1437,0.980263
1438,1.103603
1439,1.079235
1440,1.089844
1441,1.058035
1442,1.011595
1443,1.032724
1444,1.063319
1445,0.984182
1446,0.993725
1447,1.010300
1448,0.959295
1449,1.023378
1450,1.067021
1451,0.988343
1452,0.969963
1453,1.074450
1454,1.047737
1455,1.038462
1456,1.018131
1457,1.035624
1458,1.024394
1459,0.983170
1460,0.990759
1461,1.047221
1462,1.017154
1463,1.036096
1464,0.994279
1465,0.987400
1466,1.014374
1467,0.964419
1468,1.041322
1469,1.031783
1470,1.053159
1471,1.083880
1472,1.018776
1473,1.004100
1474,1.018750
1475,1.025396
1476,0.959553
1477,1.048566
1478,1.036112
1479,1.002536
1480,1.014941
1481,0.985845
1482,1.027550
1483,1.093820
1484,1.044579
1485,0.973664
1486,1.033766
1487,0.987869
1488,1.024419
1489,1.002715
1490,1.058708
1491,0.995271
1492,0.979947
1493,1.011550
1494,1.013585
1495,1.018786
1496,0.966478
1497,1.005415
1498,0.974515
1499,0.947959
1500,0.999755
1501,0.987098
1502,0.959835
1503,0.988147
1504,1.043507
1505,1.049223
1506,1.009602
1507,1.051414
1508,1.043579
1509,1.017346
1510,1.013997
1511,0.993246
1512,1.022829
1513,1.010658
1514,0.998842
1515,0.975613
1516,1.035793
1517,0.968026
1518,1.060437
1519,1.034941
1520,1.026854
1521,0.956537
1522,0.993120
1523,0.992944
1524,0.997414
1525,0.991661
1526,1.005787
1527,0.983040
1528,1.023659
1529,0.976114
1530,1.004119
1531,0.995524
1532,1.015657
1533,1.001640
1534,0.992771
1535,1.057521
1536,1.031056
1537,1.006171
1538,1.011358
1539,1.022128
1540,0.965527
1541,0.989154
1542,0.967756
1543,1.019894
1544,0.986293
1545,0.958287
1546,1.035182
1547,1.023999
1548,0.985989
1549,1.080861
1550,1.064139
1551,0.984835
1552,1.005253
1553,1.043745
1554,1.010165
1555,0.998474
1556,0.949285
1557,0.985508
1558,1.003255
1559,1.089600
1560,1.041194
1561,1.031895
1562,1.018297
1563,0.930537
1564,0.995269
1565,1.026939
1566,1.038381
1567,0.940900
1568,1.002632
1569,1.018249
1570,0.968802
1571,0.950154
1572,1.023225
1573,0.986659
1574,0.987647
1575,0.990192
1576,0.973534
1577,1.065567
1578,1.029701
1579,1.010013
1580,0.995435
1581,1.030012
1582,1.002884
1583,0.994555
1584,1.035314
1585,1.046829
1586,0.947849
1587,1.017572
1588,1.026901
1589,0.975701
1590,0.957918
1591,1.026135
1592,1.013965
1593,1.015966
1594,1.026947
1595,1.043859
1596,0.976678
1597,1.005737
1598,1.007949
1599,1.050583
1600,0.996083
1601,0.981943
1602,1.022136
1603,1.001681
1604,0.994035
1605,1.000143
1606,1.031160
1607,1.017378
1608,1.046575
1609,0.911778
1610,1.027406
1611,0.963644
1612,0.995081
1613,1.064093
1614,1.011554
1615,0.965597
1616,0.935226
1617,1.040588
1618,0.941346
1619,0.959813
1620,0.921005
1621,1.014951
1622,0.982369
1623,0.992545
1624,0.969570
1625,0.993432
1626,1.006792
1627,0.999325
1628,1.004450
1629,1.017101
1630,1.001734
1631,0.971105
1632,1.025382
1633,0.993131
1634,1.020659
1635,1.029594
1636,1.018766
1637,1.012274
1638,0.991860
1639,0.969791
1640,0.950561
1641,1.090523
1642,0.974068
1643,0.978702
1644,1.061157
1645,0.975515
1646,0.993771
1647,0.965612
1648,1.051548
1649,1.026271
1650,0.959960
1651,0.962703
1652,0.970820
1653,0.938620
1654,1.007687
1655,1.000358
1656,0.989905
1657,1.027085
1658,1.032290
1659,1.010612
1660,1.006467
1661,1.002857
1662,1.007491
1663,0.918827
1664,1.028544
1665,1.004704
1666,1.036531
1667,0.983686
1668,0.983335
1669,0.957709
1670,1.006197
1671,1.023226
1672,0.950048
1673,0.998169
1674,1.000615
1675,1.013084
1676,1.041903
1677,0.954977
1678,1.078316
1679,0.981792
1680,1.021096
1681,1.032915
1682,0.939290
1683,1.014984
1684,1.025736
1685,1.019116
1686,0.987473
1687,0.939655
1688,0.960302
1689,1.034281
1690,0.998534
1691,1.035629
1692,1.040789
1693,0.978056
1694,0.979173
1695,0.978920
1696,0.967158
1697,0.955717
1698,0.954055
1699,0.971700
1700,1.010647
1701,1.041676
1702,0.968826
1703,1.022941
1704,0.989686
1705,1.010455
1706,0.928771
1707,1.006536
1708,0.992796
1709,0.997834
1710,0.971844
1711,1.071968
1712,1.016133
1713,0.940148
1714,1.002006
1715,0.948071
1716,1.016010
1717,1.025856
1718,0.989577
1719,0.981426
1720,0.974495
1721,0.946261
1722,0.982771
1723,0.947187
1724,0.944160
1725,0.981334
1726,1.034749
1727,0.960634
1728,0.992699
1729,0.952467
1730,0.981555
1731,0.988548
1732,0.936923
1733,0.917569
1734,0.961685
1735,0.998016
1736,1.051378
1737,0.992373
1738,1.037823
1739,0.957411
1740,0.992007
1741,1.040537
1742,1.031597
1743,0.956135
1744,1.014814
1745,0.925544
1746,1.007232
1747,1.030046
1748,0.940483
1749,0.976612
1750,0.958476
1751,1.007649
1752,0.949901
1753,1.041017
1754,0.997662
1755,1.025623
1756,1.011993
1757,1.051855
1758,0.965174
1759,0.978634
1760,1.016439
1761,0.985928
1762,1.025665
1763,1.006353
1764,1.003953
1765,0.964699
1766,0.951134
1767,1.019408
1768,0.954364
1769,1.032093
1770,0.945941
1771,1.055322
1772,0.944430
1773,1.026538
1774,0.963022
1775,0.984048
1776,1.040868
1777,0.961392
1778,0.972730
1779,0.985267
1780,1.000643
1781,0.983402
1782,0.967341
1783,1.037070
1784,0.966135
1785,1.008050
1786,1.018578
1787,1.024255
1788,1.005072
1789,0.993473
1790,0.988371
1791,0.988297
1792,0.989326
1793,0.999913
1794,0.952696
1795,0.974489
1796,1.001698
1797,0.981757
1798,0.987196
1799,0.946502
1800,0.993853
1801,1.100448
1802,0.984398
1803,0.963501
1804,0.993511
1805,0.935111
1806,0.992741
1807,1.067479
1808,0.969189
1809,1.042915
1810,0.976805
1811,0.964822
1812,0.978657
1813,1.041186
1814,0.921455
1815,1.001587
1816,0.948927
1817,0.960488
1818,0.979629
1819,1.042538
1820,0.998962
1821,1.012509
1822,1.027429
1823,0.991201
1824,1.006936
1825,0.935930
1826,0.993936
1827,0.976909
1828,0.972481
1829,0.974320
1830,0.986676
1831,1.005741
1832,1.012790
1833,0.973415
1834,0.991144
1835,1.002809
1836,0.968013
1837,1.012104
1838,0.980078
1839,1.017755
1840,1.018470
1841,0.919812
1842,0.971482
1843,0.968029
1844,0.976246
1845,0.955536
1846,1.020753
1847,1.014784
1848,0.956143
1849,0.922747
1850,0.980012
1851,0.966741
1852,1.008329
1853,0.995602
1854,1.008916
1855,0.933985
1856,0.948347
1857,1.032515
1858,0.967133
1859,0.979134
1860,0.966971
1861,0.962132
1862,0.929626
1863,0.965256
1864,0.947668
1865,0.976156
1866,1.030178
1867,0.989208
1868,0.995949
1869,1.001509
1870,0.975751
1871,0.989654
1872,0.956155
1873,0.996629
1874,0.944417
1875,0.988336
1876,0.989406
1877,1.005328
1878,0.972981
1879,1.005217
1880,0.960078
1881,0.948059
1882,0.981801
1883,0.961031
1884,1.007379
1885,0.997837
1886,0.939167
1887,0.949541
1888,0.942382
1889,0.964919
1890,0.992095
1891,1.011920
1892,0.966080
1893,0.974237
1894,0.998881
1895,0.972660
1896,1.007828
1897,0.999707
1898,0.997477
1899,0.950617
1900,0.957587
1901,0.936179
1902,1.009071
1903,0.926458
1904,1.010635
1905,0.939739
1906,0.943760
1907,0.974543
1908,0.912885
1909,1.026319
1910,1.050302
1911,0.952589
1912,0.933701
1913,0.994922
1914,0.927933
1915,0.936753
1916,1.061941
1917,0.961345
1918,1.022645
1919,1.016618
1920,0.971518
1921,0.940416
1922,1.013016
1923,1.006013
1924,0.985733
1925,0.947945
1926,0.928930
1927,0.945138
1928,0.928209
1929,0.940578
1930,0.923874
1931,0.891671
1932,0.951366
1933,0.935000
1934,0.964435
1935,0.956008
1936,0.985608
1937,0.991165
1938,0.952157
1939,0.993565
1940,1.056304
1941,0.971918
1942,0.997051
1943,0.976208
1944,1.026319
1945,0.941246
1946,0.960363
1947,0.943228
1948,0.974351
1949,1.032277
1950,0.938276
1951,0.950269
1952,0.987751
1953,0.924222
1954,0.998926
1955,0.995863
1956,0.966997
1957,0.915284
1958,0.968152
1959,0.959007
1960,0.963760
1961,0.972996
1962,0.997229
1963,0.990974
1964,0.958871
1965,0.994707
1966,0.946950
1967,0.946801
1968,0.994445
1969,0.973920
1970,1.017355
1971,0.921189
1972,0.997754
1973,1.006235
1974,0.940996
1975,0.870566
1976,0.955585
1977,0.993887
1978,0.933875
1979,0.903347
1980,0.984496
1981,0.979341
1982,0.970436
1983,1.012236
1984,1.003679
1985,0.966543
1986,0.969354
1987,1.022545
1988,0.941423
1989,0.997338
1990,0.989084
1991,0.929650
1992,0.949314
1993,0.974251
1994,0.942235
1995,0.981177
1996,0.896042
1997,1.011811
1998,0.911786
1999,0.971555
2000,0.935429
2001,0.962856
2002,0.933272
2003,0.985197
2004,0.982121
2005,0.934821
2006,0.973201
2007,0.959532
2008,0.992728
2009,0.957893
2010,0.950829
2011,0.948803
2012,0.986358
2013,0.914076
2014,0.974661
2015,0.907277
2016,0.920824
2017,0.963651
2018,0.919394
2019,0.911569
2020,0.970252
2021,0.960830
2022,1.031489
2023,1.020501
2024,0.929483
2025,0.988966
2026,0.973966
2027,0.962232
2028,0.947903
2029,0.987048
2030,1.002088
2031,1.053701
2032,0.974131
2033,0.929847
2034,0.993278
2035,0.983405
2036,0.972376
2037,0.956382
2038,0.899160
2039,0.967961
2040,0.969458
2041,0.971574
2042,0.935803
2043,0.943816
2044,0.968088
2045,0.983289
2046,0.995365
2047,0.938489
2048,0.911533
2049,0.984441
2050,0.985121
2051,0.995708
2052,0.877564
2053,0.960402
2054,1.017014
2055,0.963564
2056,0.933015
2057,0.996759
2058,0.999319
2059,0.959660
2060,0.927769
2061,0.918575
2062,1.003704
2063,0.930974
2064,0.986448
2065,1.018374
2066,0.966280
2067,1.008439
2068,0.925959
2069,0.957216
2070,0.952774
2071,0.999902
2072,1.005453
2073,0.970920
2074,0.993015
2075,0.926606
2076,1.003208
2077,0.954542
2078,0.958024
2079,1.001494
2080,0.918881
2081,0.926414
2082,0.957815
2083,0.954925
2084,0.954105
2085,0.974486
2086,0.926514
2087,0.947014
2088,0.959411
2089,0.894292
2090,0.995913
2091,1.034304
2092,0.956787
2093,0.940563
2094,0.913346
2095,0.969720
2096,0.965706
2097,0.917297
2098,0.932380
2099,0.961191
2100,0.987240
2101,0.928151
2102,0.975445
2103,0.996447
2104,0.897684
2105,0.989847
2106,0.941018
2107,0.936177
2108,0.960060
2109,0.997912
2110,0.958828
2111,0.949798
2112,0.986248
2113,0.950569
2114,0.954450
2115,0.895375
2116,0.929500
2117,0.925354
2118,0.990279
2119,0.970706
2120,0.972390
2121,1.011998
2122,0.960824
2123,0.978242
2124,1.000568
2125,0.914469
2126,0.918535
2127,0.959055
2128,0.985562
2129,0.960938
2130,0.959519
2131,0.937991
2132,0.936564
2133,0.936644
2134,0.990491
2135,0.916103
2136,0.960913
2137,0.963706
2138,0.972062
2139,0.901825
2140,0.938047
2141,0.936983
2142,0.950531
2143,0.933283
2144,1.010802
2145,0.974583
2146,0.873451
2147,0.958758
2148,0.940446
2149,0.916367
2150,0.930172
2151,0.901040
2152,0.996371
2153,0.981720
2154,0.932831
2155,0.987678
2156,0.960673
2157,0.985572
2158,0.987060
2159,0.950899
2160,1.016094
2161,0.896627
2162,1.000801
2163,0.921012
2164,0.946777
2165,0.919878
2166,0.913152
2167,0.983533
2168,0.978912
2169,0.943465
2170,0.916685
2171,0.977389
2172,0.982109
2173,0.908780
2174,0.917371
2175,0.907883
2176,0.987281
2177,0.963395
2178,0.947140
2179,0.918675
2180,0.939988
2181,0.941488
2182,0.950571
2183,0.898413
2184,0.962091
2185,0.975951
2186,0.886283
2187,0.961967
2188,0.958156
2189,0.948818
2190,0.944792
2191,0.947108
2192,1.032751
2193,1.023763
2194,0.984895
2195,0.963023
2196,1.000588
2197,0.916009
2198,0.974952
2199,0.956697
2200,0.937186
2201,0.991512
2202,0.908994
2203,0.942140
2204,0.955490
2205,0.970179
2206,0.972634
2207,0.957748
2208,0.962277
2209,0.983488
2210,0.985569
2211,0.954243
2212,0.984508
2213,0.947363
2214,0.938244
2215,0.999116
2216,0.919293
2217,1.028191
2218,0.951193
2219,0.965549
2220,0.932095
2221,0.965098
2222,0.929408
2223,0.993196
2224,0.943465
2225,1.027888
2226,0.939746
2227,1.016980
2228,0.939696
2229,0.967885
2230,0.961253
2231,0.923342
2232,0.911159
2233,0.955864
2234,0.941042
2235,0.951732
2236,0.944557
2237,0.906625
2238,0.970702
2239,0.918958
2240,0.976518
2241,0.998410
2242,0.993278
2243,0.933950
2244,0.978714
2245,0.972945
2246,0.918442
2247,0.910304
2248,0.969745
2249,0.942780
2250,1.019980
2251,0.924969
2252,0.936139
2253,0.929843
2254,0.930463
2255,0.978970
2256,0.985901
2257,0.933616
2258,0.936193
2259,0.902564
2260,0.944058
2261,0.931087
2262,0.927497
2263,0.970574
2264,0.963894
2265,0.967474
2266,1.000982
2267,0.918019
2268,0.971073
2269,0.905287
2270,0.956156
2271,0.930399
2272,0.907983
2273,0.922769
2274,0.895471
2275,0.837641
2276,0.929925
2277,0.927193
2278,0.945425
2279,0.897516
2280,1.009717
2281,0.938304
2282,0.905359
2283,0.896708
2284,0.933477
2285,0.956956
2286,0.969069
2287,0.924235
2288,0.949571
2289,0.978727
2290,0.928949
2291,0.948558
2292,0.894291
2293,0.911808
2294,0.889923
2295,0.934069
2296,0.906348
2297,0.949323
2298,0.960077
2299,0.921668
2300,0.981206
2301,1.006837
2302,0.934550
2303,0.904917
2304,0.960484
2305,1.000784
2306,0.943437
2307,0.981124
2308,0.950014
2309,0.984426
2310,0.972144
2311,0.981181
2312,0.873587
2313,0.955646
2314,0.944341
2315,0.917899
2316,0.950827
2317,0.888746
2318,0.937117
2319,0.907840
2320,0.961061
2321,0.848201
2322,0.969317
2323,0.945832
2324,1.004866
2325,0.951835
2326,0.945060
2327,1.005652
2328,0.984188
2329,0.933102
2330,0.992296
2331,0.894835
2332,0.984851
2333,0.919529
2334,0.922699
2335,0.908031
2336,0.973474
2337,0.921215
2338,0.930787
2339,0.978346
2340,1.005796
2341,0.941692
2342,0.981863
2343,0.965553
2344,0.854386
2345,0.926814
2346,0.951336
2347,0.944523
2348,0.896686
2349,0.944877
2350,0.908464
2351,0.897569
2352,0.916862
2353,0.905897
2354,0.971816
2355,0.919436
2356,0.950744
2357,0.932193
2358,0.993960
2359,0.960626
2360,0.970191
2361,0.904383
2362,0.884947
2363,0.885581
2364,0.967532
2365,1.025632
2366,0.927209
2367,0.923172
2368,1.011970
2369,0.890044
2370,0.941013
2371,0.996743
2372,0.926294
2373,0.964250
2374,0.930508
2375,0.948829
2376,0.913214
2377,0.922474
2378,0.950891
2379,0.950084
2380,0.935675
2381,1.024591
2382,0.966550
2383,0.966367
2384,0.948989
2385,0.908894
2386,0.997528
2387,0.925607
2388,0.936248
2389,0.909834
2390,0.961379
2391,0.917566
2392,0.945516
2393,0.954094
2394,0.982273
2395,1.006289
2396,0.907712
2397,0.949535
2398,0.938822
2399,0.913345
2400,0.922581
2401,0.916291
2402,0.973784
2403,0.963711
2404,0.923759
2405,0.945003
2406,0.954489
2407,1.009374
2408,0.998013
2409,0.918075
2410,0.904812
2411,0.885008
2412,0.978471
2413,0.879285
2414,0.887090
2415,0.943190
2416,0.896695
2417,1.019870
2418,0.959945
2419,0.952097
2420,0.949440
2421,0.927472
2422,0.910475
2423,0.932554
2424,0.953912
2425,0.976605
2426,0.935566
2427,0.910254
2428,1.011601
2429,0.919227
2430,0.918485
2431,0.962859
2432,0.929715
2433,0.938586
2434,0.941392
2435,0.949187
2436,0.888831
2437,0.936268
2438,0.924659
2439,0.951949
2440,0.909100
2441,0.950872
2442,0.906537
2443,0.946006
2444,0.875689
2445,0.885774
2446,0.873159
2447,0.881383
2448,0.895629
2449,0.949927
2450,0.971762
2451,0.939459
2452,0.929848
2453,0.990374
2454,0.908359
2455,0.950710
2456,0.898308
2457,0.894786
2458,0.967583
2459,0.885422
2460,0.886517
2461,1.015218
2462,0.895826
2463,0.925313
2464,0.885900
2465,0.924162
2466,0.921150
2467,0.972257
2468,0.975338
2469,0.935333
2470,0.882774
2471,0.975958
2472,0.958583
2473,0.942279
2474,0.900467
2475,0.873632
2476,1.005155
2477,0.949964
2478,0.908119
2479,1.031309
2480,0.980047
2481,0.936187
2482,0.924973
2483,0.881922
2484,0.993007
2485,0.939880
2486,0.938151
2487,0.959748
2488,0.947568
2489,0.954614
2490,0.932415
2491,0.947174
2492,0.883545
2493,0.894662
2494,0.977499
2495,0.912129
2496,0.904367
2497,0.923192
2498,0.956418
2499,0.991660
2500,0.955876
2501,0.967987
2502,0.890165
2503,0.888229
2504,0.908368
2505,0.899661
2506,0.901338
2507,0.913653
2508,0.892281
2509,1.001060
2510,0.930947
2511,0.937306
2512,0.886074
2513,0.929843
2514,0.956894
2515,0.903418
2516,0.979893
2517,0.929824
2518,0.980578
2519,0.946424
2520,0.942387
2521,0.906894
2522,0.925612
2523,0.960768
2524,0.898947
2525,0.921828
2526,0.923514
2527,0.919708
2528,0.865063
2529,0.903386
2530,0.943457
2531,0.872198
2532,0.905307
2533,0.876242
2534,0.939016
2535,0.943770
2536,0.961924
2537,0.871822
2538,0.972162
2539,0.869582
2540,0.894713
2541,0.956878
2542,0.927456
2543,0.946258
2544,0.928859
2545,0.893557
2546,0.918280
2547,0.897749
2548,0.911482
2549,0.894848
2550,0.957903
2551,0.919926
2552,0.954658
2553,0.989115
2554,1.023667
2555,0.910532
2556,0.944422
2557,0.919942
2558,0.917999
2559,0.985677
2560,0.962959
2561,0.924761
2562,0.922610
2563,0.913632
2564,0.889696
2565,0.930428
2566,0.902970
2567,0.891201
2568,0.930259
2569,0.901732
2570,0.975246
2571,1.018638
2572,0.897385
2573,0.884541
2574,0.981219
2575,0.909153
2576,0.872202
2577,0.906062
2578,0.959176
2579,0.963618
2580,0.949157
2581,0.956136
2582,0.921502
2583,0.955106
2584,0.949651
2585,0.931734
2586,0.900564
2587,0.922469
2588,0.949720
2589,0.914981
2590,0.905941
2591,0.925855
2592,0.927928
2593,0.958062
2594,0.934535
2595,0.987047
2596,0.902000
2597,0.927604
2598,0.941451
2599,0.897501
2600,0.887043
2601,0.924239
2602,0.899425
2603,0.932831
2604,0.954365
2605,0.886507
2606,0.948209
2607,0.922521
2608,0.866346
2609,0.945709
2610,0.895225
2611,0.893626
2612,0.910297
2613,0.873215
2614,0.920688
2615,0.871779
2616,1.012487
2617,0.921582
2618,0.883009
2619,0.918867
2620,0.899751
2621,0.897775
2622,0.902186
2623,0.921887
2624,0.847839
2625,0.927392
2626,0.960737
2627,0.905943
2628,0.891393
2629,0.985518
2630,0.917670
2631,0.959156
2632,0.922856
2633,0.913004
2634,1.021148
2635,0.941132
2636,0.919702
2637,0.990059
2638,0.935368
2639,0.940824
2640,0.943884
2641,0.962865
2642,0.887562
2643,0.957338
2644,0.938508
2645,0.885350
2646,0.910577
2647,0.957264
2648,0.943696
2649,0.938159
2650,0.921901
2651,0.904169
2652,0.966427
2653,0.875029
2654,0.907120
2655,0.887092
2656,0.920543
2657,0.839299
2658,0.923659
2659,0.936820
2660,0.891174
2661,0.929385
2662,0.899340
2663,0.965460
2664,0.961685
2665,0.875228
2666,0.903265
2667,0.914327
2668,0.941845
2669,0.967339
2670,0.887462
2671,0.888526
2672,0.974265
2673,0.898925
2674,0.860699
2675,0.928019
2676,0.926034
2677,0.974123
2678,0.892667
2679,0.920009
2680,0.915520
2681,0.963307
2682,0.943250
2683,0.934631
2684,0.850486
2685,1.001208
2686,0.873880
2687,0.900372
2688,0.965482
2689,0.967478
2690,0.859382
2691,0.935494
2692,0.934304
2693,0.898636
2694,0.902754
2695,0.945456
2696,0.916764
2697,0.867735
2698,0.936992
2699,0.846616
2700,0.907440
2701,0.936322
2702,0.869540
2703,0.858813
2704,0.922392
2705,0.909304
2706,0.989357
2707,0.942954
2708,0.920290
2709,0.957902
2710,0.915384
2711,0.902167
2712,0.926206
2713,0.887179
2714,0.957352
2715,0.904800
2716,0.898594
2717,0.916783
2718,0.880333
2719,0.913224
2720,0.891181
2721,0.897629
2722,0.921601
2723,0.925709
2724,0.939813
2725,0.881241
2726,0.937141
2727,0.837553
2728,0.960826
2729,0.912459
2730,0.920851
2731,0.921115
2732,0.842204
2733,0.956270
2734,0.852177
2735,0.948038
2736,0.912525
2737,0.962823
2738,0.901339
2739,0.932724
2740,0.886484
2741,0.901962
2742,0.913201
2743,0.886889
2744,0.936005
2745,0.966332
2746,0.871329
2747,0.896567
2748,0.844254
2749,0.908528
2750,0.874506
2751,0.876550
2752,0.878453
2753,0.877573
2754,0.907370
2755,0.937229
2756,0.967709
2757,0.925911
2758,0.917275
2759,0.867595
2760,0.942687
2761,0.936172
2762,0.869421
2763,0.882955
2764,1.004767
2765,0.974819
2766,0.914465
2767,0.894622
2768,0.887214
2769,0.899163
2770,0.919654
2771,0.918374
2772,0.911201
2773,0.870601
2774,0.897957
2775,0.906618
2776,0.897911
2777,0.995763
2778,0.873963
2779,0.901941
2780,0.891475
2781,0.907158
2782,1.006815
2783,0.917704
2784,0.953058
2785,0.917248
2786,0.886476
2787,0.947255
2788,0.908812
2789,0.951135
2790,0.918317
2791,0.910259
2792,0.956492
2793,0.869463
2794,0.900774
2795,0.909957
2796,0.906922
2797,0.922533
2798,0.917765
2799,0.929161
2800,0.892313
2801,0.888544
2802,0.913999
2803,0.903636
2804,0.912948
2805,0.945896
2806,0.926595
2807,0.926536
2808,0.877464
2809,0.994253
2810,0.907698
2811,0.928572
2812,0.955812
2813,0.886234
2814,0.913782
2815,0.870479
2816,0.900734
2817,0.956753
2818,0.951734
2819,0.969022
2820,0.954727
2821,0.943609
2822,0.938640
2823,0.941505
2824,0.948793
2825,0.927804
2826,0.904217
2827,0.870075
2828,0.841584
2829,0.913604
2830,0.888854
2831,0.829999
2832,0.920384
2833,0.848017
2834,0.934953
2835,0.915174
2836,0.858843
2837,0.919947
2838,0.928092
2839,0.873332
2840,0.870486
2841,0.879272
2842,0.939478
2843,0.879984
2844,0.869930
2845,0.892974
2846,0.833553
2847,0.929446
2848,0.919958
2849,0.891026
2850,0.850284
2851,0.929607
2852,0.919105
2853,0.883833
2854,0.891734
2855,0.956424
2856,0.910492
2857,0.849007
2858,0.959434
2859,0.957909
2860,0.921082
2861,0.924485
2862,0.903206
2863,0.949416
2864,0.913810
2865,0.940469
2866,0.921497
2867,0.973422
2868,0.980137
2869,0.889176
2870,0.955756
2871,0.946438
2872,0.909526
2873,0.892726
2874,0.910704
2875,0.904646
2876,0.906369
2877,0.893073
2878,0.898559
2879,0.925564
2880,0.912125
2881,0.933361
2882,0.904959
2883,0.884718
2884,0.865556
2885,0.915551
2886,0.901602
2887,0.840147
2888,0.883919
2889,0.963637
2890,0.942404
2891,0.907098
2892,0.919095
2893,0.928162
2894,0.920770
2895,0.879122
2896,0.903245
2897,0.870465
2898,0.915562
2899,0.956946
2900,0.849963
2901,0.896832
2902,0.815205
2903,0.887175
2904,0.978679
2905,0.899068
2906,0.968047
2907,0.925840
2908,0.893203
2909,0.920461
2910,0.882954
2911,0.920401
2912,0.913443
2913,0.918396
2914,0.906168
2915,0.906922
2916,0.938066
2917,0.896535
2918,0.936721
2919,0.941403
2920,0.945535
2921,0.963919
2922,0.872411
2923,0.944180
2924,0.943886
2925,0.889042
2926,0.906224
2927,0.915751
2928,0.871584
2929,0.916273
2930,0.919127
2931,0.928937
2932,0.947174
2933,0.945377
2934,0.838821
2935,0.879858
2936,0.932818
2937,0.953342
2938,0.909118
2939,0.964431
2940,0.861522
2941,0.908909
2942,0.888929
2943,0.902862
2944,0.926941
2945,0.924418
2946,0.874551
2947,0.880446
2948,0.915356
2949,0.907588
2950,0.996474
2951,0.854069
2952,0.890397
2953,0.928771
2954,0.947623
2955,0.909647
2956,0.904703
2957,0.893130
2958,0.883238
2959,0.857555
2960,0.864682
2961,0.899264
2962,0.891730
2963,0.907167
2964,0.870177
2965,0.887088
2966,0.928268
2967,0.917716
2968,0.876986
2969,0.897719
2970,0.851487
2971,0.886992
2972,0.930361
2973,0.850954
2974,0.866792
2975,0.840643
2976,0.942790
2977,0.939681
2978,0.937334
2979,0.873891
2980,0.906161
2981,0.849400
2982,0.906298
2983,0.827416
2984,0.873233
2985,0.923538
2986,0.888762
2987,0.847111
2988,0.870934
2989,0.901901
2990,0.932833
2991,0.922721
2992,0.855925
2993,0.891047
2994,0.915736
2995,0.897424
2996,0.879105
2997,0.922909
2998,0.906298
2999,0.861882
3000,0.912043
3001,0.900145
3002,0.957248
3003,0.890678
3004,0.870288
3005,0.882738
3006,0.887776
3007,0.880052
3008,0.944566
3009,0.865749
3010,0.874112
3011,0.903849
3012,0.946911
3013,0.854716
3014,0.928043
3015,0.857855
3016,0.913901
3017,0.961181
3018,0.834336
3019,0.883475
3020,0.885041
3021,0.909827
3022,0.900214
3023,0.922059
3024,0.945873
3025,0.922714
3026,0.883724
3027,0.870856
3028,0.925040
3029,0.858595
3030,0.857917
3031,0.893347
3032,0.907508
3033,0.911294
3034,0.907820
3035,0.868826
3036,0.855324
3037,0.911625
3038,0.854136
3039,0.859724
3040,0.934761
3041,0.839412
3042,0.970467
3043,0.937953
3044,0.895574
3045,0.875627
3046,0.881373
3047,0.856727
3048,0.921046
3049,0.848851
3050,0.892682
3051,0.878142
3052,0.868459
3053,0.877887
3054,0.839358
3055,0.860478
3056,0.915839
3057,0.892844
3058,0.923828
3059,0.900067
3060,0.842151
3061,0.912891
3062,0.888549
3063,0.912328
3064,0.938633
3065,0.880130
3066,0.905957
3067,0.937768
3068,0.961887
3069,0.905447
3070,0.980766
3071,0.891182
3072,0.873249
3073,0.952111
3074,0.913954
3075,0.892265
3076,0.866420
3077,0.885368
3078,0.874173
3079,0.897409
3080,0.908983
3081,0.927154
3082,0.888241
3083,0.888849
3084,0.897028
3085,0.916006
3086,0.917397
3087,0.898757
3088,0.862389
3089,0.881715
3090,0.914737
3091,0.851104
3092,0.886589
3093,0.916414
3094,0.894672
3095,0.955898
3096,0.880968
3097,0.852087
3098,0.889635
3099,0.851364
3100,0.854279
3101,0.878551
3102,0.877597
3103,0.928688
3104,0.870956
3105,0.940925
3106,0.937652
3107,0.915265
3108,0.866344
3109,0.872356
3110,0.908543
3111,0.886060
3112,0.914114
3113,0.945254
3114,0.922562
3115,0.901721
3116,0.896628
3117,0.922408
3118,0.910366
3119,0.878374
3120,0.892862
3121,0.894246
3122,0.903696
3123,0.925487
3124,0.900557
3125,0.897180
3126,0.885335
3127,0.919869
3128,0.904278
3129,0.909015
3130,0.917324
3131,0.808908
3132,0.907827
3133,0.888240
3134,0.907152
3135,0.848412
3136,0.856557
3137,0.925089
3138,0.932236
3139,0.883407
3140,0.944266
3141,0.974583
3142,0.915797
3143,0.907530
3144,0.910518
3145,0.971640
3146,0.894978
3147,0.892741
3148,0.867168
3149,0.942822
3150,0.924858
3151,0.933061
3152,0.878115
3153,0.874739
3154,0.843906
3155,0.920906
3156,0.875398
3157,0.936453
3158,0.970934
3159,0.938416
3160,0.932275
3161,0.897608
3162,0.907585
3163,0.860800
3164,0.858583
3165,0.907697
3166,0.908997
3167,0.876061
3168,0.823193
3169,0.942212
3170,0.900790
3171,0.911818
3172,0.920843
3173,0.935876
3174,0.895661
3175,0.904949
3176,0.891287
3177,0.872819
3178,0.915506
3179,0.926843
3180,0.903483
3181,0.884957
3182,0.849933
3183,0.867209
3184,0.946524
3185,0.887005
3186,0.917321
3187,0.888829
3188,0.910238
3189,0.945740
3190,0.872351
3191,0.961374
3192,0.858021
3193,0.922837
3194,0.910167
3195,0.953799
3196,0.888301
3197,0.891401
3198,0.897612
3199,0.898160
3200,0.919122
3201,0.922518
3202,0.891539
3203,0.891584
3204,0.909737
3205,0.861683
3206,0.874590
3207,0.910956
3208,0.896814
3209,0.900595
3210,0.870471
3211,0.944907
3212,0.948911
3213,0.927802
3214,0.929895
3215,0.891383
3216,0.920266
3217,0.858827
3218,0.904229
3219,0.917922
3220,0.868665
3221,0.929172
3222,0.889167
3223,0.926092
3224,0.889835
3225,0.900053
3226,0.919649
3227,0.839718
3228,0.882425
3229,0.891761
3230,0.869046
3231,0.919970
3232,0.941418
3233,0.891021
3234,0.933336
3235,0.868926
3236,0.866535
3237,0.858253
3238,0.912815
3239,0.849909
3240,0.938703
3241,0.891997
3242,0.891412
3243,0.859811
3244,0.887755
3245,0.937027
3246,0.849761
3247,0.959651
3248,0.919081
3249,0.908983
3250,0.966092
3251,0.905914
3252,0.932512
3253,0.883822
3254,0.916542
3255,0.924118
3256,0.853089
3257,0.833448
3258,0.903414
3259,0.922660
3260,0.904403
3261,0.884161
3262,0.855739
3263,0.834442
3264,0.912997
3265,0.846767
3266,0.856390
3267,0.870748
3268,0.853098
3269,0.877131
3270,0.881031
3271,0.878296
3272,0.880432
3273,0.871500
3274,0.954892
3275,0.875320
3276,0.910009
3277,0.854003
3278,0.911533
3279,0.889233
3280,0.882656
3281,0.933797
3282,0.904301
3283,0.893701
3284,0.872093
3285,0.908015
3286,0.938729
3287,0.887424
3288,0.910122
3289,0.952981
3290,0.900419
3291,0.898271
3292,0.902725
3293,0.840916
3294,0.943837
3295,0.869446
3296,0.884861
3297,0.923389
3298,0.850118
3299,0.911943
3300,0.971944
3301,0.889691
3302,0.849047
3303,0.891126
3304,0.833839
3305,0.842440
3306,0.881224
3307,0.910096
3308,0.874365
3309,0.914743
3310,0.870930
3311,0.900531
3312,0.864864
3313,0.878539
3314,0.882512
3315,0.838816
3316,0.887794
3317,0.881354
3318,0.879485
3319,0.964983
3320,0.899134
3321,0.864711
3322,0.882703
3323,0.860224
3324,0.865209
3325,0.804867
3326,0.903505
3327,0.891241
3328,0.918291
3329,0.938397
3330,0.901827
3331,0.868178
3332,0.856862
3333,0.868004
3334,0.930107
3335,0.926846
3336,0.899289
3337,0.951616
3338,0.891544
3339,0.899270
3340,0.852435
3341,0.927766
3342,0.876672
3343,0.891858
3344,0.899013
3345,0.852171
3346,0.873360
3347,0.915492
3348,0.857552
3349,0.832838
3350,0.892655
3351,0.920554
3352,0.909382
3353,0.885361
3354,0.824948
3355,0.856827
3356,0.922117
3357,0.904545
3358,0.951107
3359,0.828373
3360,0.958311
3361,0.906728
3362,0.900093
3363,0.874358
3364,0.844512
3365,0.872513
3366,0.893567
3367,0.906425
3368,0.886533
3369,0.852949
3370,0.858659
3371,0.854753
3372,0.877510
3373,0.920474
3374,0.862687
3375,0.918415
3376,0.912539
3377,0.832005
3378,0.882735
3379,0.851862
3380,0.873719
3381,0.894877
3382,0.817484
3383,0.872631
3384,0.877649
3385,0.904033
3386,0.946241
3387,0.884282
3388,0.889673
3389,0.912228
3390,0.880691
3391,0.874684
3392,0.863791
3393,0.884838
3394,0.892553
3395,0.941882
3396,0.886743
3397,0.880906
3398,0.865107
3399,0.895682
3400,0.959288
3401,0.905379
3402,0.881249
3403,0.837712
3404,0.907913
3405,0.882312
3406,0.897819
3407,0.892580
3408,0.936337
3409,0.867213
3410,0.842657
3411,0.909771
3412,0.814657
3413,0.922492
3414,0.889403
3415,0.851608
3416,0.867047
3417,0.866760
3418,0.879717
3419,0.893411
3420,0.840911
3421,0.865013
3422,0.818666
3423,0.944207
3424,0.884139
3425,0.876690
3426,0.883683
3427,0.809930
3428,0.832891
3429,0.850261
3430,0.921227
3431,0.861833
3432,0.866453
3433,0.915913
3434,0.851000
3435,0.903497
3436,0.927793
3437,0.882637
3438,0.910755
3439,0.932619
3440,0.895219
3441,0.895220
3442,0.849545
3443,0.903424
3444,0.921081
3445,0.887307
3446,0.821246
3447,0.896868
3448,0.919115
3449,0.879991
3450,0.857927
3451,0.852241
3452,0.863827
3453,0.887502
3454,0.908067
3455,0.906791
3456,0.890529
3457,0.926357
3458,0.873137
3459,0.901642
3460,0.906071
3461,0.921500
3462,0.874271
3463,0.886854
3464,0.844679
3465,0.881583
3466,0.879278
3467,0.927070
3468,0.873881
3469,0.851749
3470,0.864886
3471,0.914507
3472,0.882779
3473,0.868836
3474,0.885720
3475,0.902351
3476,0.896246
3477,0.850483
3478,0.803697
3479,0.925959
3480,0.984338
3481,0.950210
3482,0.862694
3483,0.880399
3484,0.877606
3485,0.890997
3486,0.928868
3487,0.864795
3488,0.845405
3489,0.861939
3490,0.865628
3491,0.932938
3492,0.886426
3493,0.863249
3494,0.837235
3495,0.860603
3496,0.940653
3497,0.859624
3498,0.878944
3499,0.836521
3500,0.896808
3501,0.846084
3502,0.877233
3503,0.887004
3504,0.852331
3505,0.904204
3506,0.972263
3507,0.877787
3508,0.899782
3509,0.906296
3510,0.892753
3511,0.821447
3512,0.823817
3513,0.867262
3514,0.886683
3515,0.857670
3516,0.896186
3517,0.867098
3518,0.946318
3519,0.953408
3520,0.849034
3521,0.816182
3522,0.904960
3523,0.891191
3524,0.881301
3525,0.884172
3526,0.887908
3527,0.865103
3528,0.886103
3529,0.868458
3530,0.883083
3531,0.890323
3532,0.903692
3533,0.894676
3534,0.879060
3535,0.846743
3536,0.882327
3537,0.913266
3538,0.879622
3539,0.874680
3540,0.865106
3541,0.841527
3542,0.878328
3543,0.840922
3544,0.861757
3545,0.878941
3546,0.857738
3547,0.840554
3548,0.921254
3549,0.941702
3550,0.886951
3551,0.831128
3552,0.929366
3553,0.864374
3554,0.926063
3555,0.910577
3556,0.855152
3557,0.888256
3558,0.894995
3559,0.917963
3560,0.814335
3561,0.902081
3562,0.927735
3563,0.894042
3564,0.910953
3565,0.868589
3566,0.902297
3567,0.855726
3568,0.851465
3569,0.927714
3570,0.923312
3571,0.862727
3572,0.884269
3573,0.868105
3574,0.865631
3575,0.895112
3576,0.934185
3577,0.924206
3578,0.881607
3579,0.872319
3580,0.883607
3581,0.861094
3582,0.905061
3583,0.882854
3584,0.874272
3585,0.864049
3586,0.859598
3587,0.901446
3588,0.886485
3589,0.876805
3590,0.838364
3591,0.825832
3592,0.870357
3593,0.829432
3594,0.862835
3595,0.885400
3596,0.847731
3597,0.854524
3598,0.888163
3599,0.867769
3600,0.853994
3601,0.876805
3602,0.850887
3603,0.858403
3604,0.890281
3605,0.848445
3606,0.805642
3607,0.865274
3608,0.856563
3609,0.826055
3610,0.936589
3611,0.887941
3612,0.902122
3613,0.848475
3614,0.933808
3615,0.847543
3616,0.820575
3617,0.848354
3618,0.859494
3619,0.925947
3620,0.863375
3621,0.888182
3622,0.870949
3623,0.874534
3624,0.904312
3625,0.857927
3626,0.917246
3627,0.819604
3628,0.858214
3629,0.853396
3630,0.904054
3631,0.918787
3632,0.870990
3633,0.835454
3634,0.879757
3635,0.906082
3636,0.836177
3637,0.829946
3638,0.843525
3639,0.877186
3640,0.887454
3641,0.840799
3642,0.829098
3643,0.835159
3644,0.898816
3645,0.894889
3646,0.901636
3647,0.854052
3648,0.877479
3649,0.917773
3650,0.910699
3651,0.862741
3652,0.887778
3653,0.893956
3654,0.846330
3655,0.856238
3656,0.817726
3657,0.923681
3658,0.840018
3659,0.801382
3660,0.922448
3661,0.861477
3662,0.859272
3663,0.814408
3664,0.827742
3665,0.856299
3666,0.836964
3667,0.898180
3668,0.905046
3669,0.846078
3670,0.857443
3671,0.905274
3672,0.838230
3673,0.895383
3674,0.881147
3675,0.890358
3676,0.853206
3677,0.883881
3678,0.920232
3679,0.816550
3680,0.893283
3681,0.941610
3682,0.890330
3683,0.897602
3684,0.900805
3685,0.874889
3686,0.877100
3687,0.904680
3688,0.886096
3689,0.866408
3690,0.892097
3691,0.894094
3692,0.904997
3693,0.872102
3694,0.850627
3695,0.878083
3696,0.872729
3697,0.849968
3698,0.831749
3699,0.870503
3700,0.847457
3701,0.895990
3702,0.875475
3703,0.874903
3704,0.876654
3705,0.914713
3706,0.894226
3707,0.929192
3708,0.864942
3709,0.853318
3710,0.862329
3711,0.914295
3712,0.922773
3713,0.939792
3714,0.908937
3715,0.846172
3716,0.851772
3717,0.829910
3718,0.873958
3719,0.942174
3720,0.840268
3721,0.918272
3722,0.869147
3723,0.870288
3724,0.849801
3725,0.919932
3726,0.876672
3727,0.830506
3728,0.889376
3729,0.904255
3730,0.909977
3731,0.906955
3732,0.938224
3733,0.899108
3734,0.843762
3735,0.845350
3736,0.920489
3737,0.850931
3738,0.819102
3739,0.874151
3740,0.918612
3741,0.860858
3742,0.910283
3743,0.870084
3744,0.849107
3745,0.776554
3746,0.879455
3747,0.897674
3748,0.975254
3749,0.829247
3750,0.919532
3751,0.839721
3752,0.861742
3753,0.862888
3754,0.892564
3755,0.882970
3756,0.909234
3757,0.920277
3758,0.860932
3759,0.908457
3760,0.948759
3761,0.908143
3762,0.867350
3763,0.862353
3764,0.887284
3765,0.866144
3766,0.863738
3767,0.831743
3768,0.857006
3769,0.888989
3770,0.844740
3771,0.901098
3772,0.891548
3773,0.875613
3774,0.846729
3775,0.915428
3776,0.801998
3777,0.868630
3778,0.926361
3779,0.822250
3780,0.934439
3781,0.876876
3782,0.870865
3783,0.856248
3784,0.850978
3785,0.879333
3786,0.812001
3787,0.885161
3788,0.819453
3789,0.914944
3790,0.902202
3791,0.829867
3792,0.924482
3793,0.909402
3794,0.910221
3795,0.886752
3796,0.868562
3797,0.835286
3798,0.895148
3799,0.860236
3800,0.839997
3801,0.860038
3802,0.869778
3803,0.866080
3804,0.892960
3805,0.821627
3806,0.860302
3807,0.867738
3808,0.922173
3809,0.869993
3810,0.858007
3811,0.850731
3812,0.907131
3813,0.853612
3814,0.853935
3815,0.901200
3816,0.929372
3817,0.907527
3818,0.857011
3819,0.837110
3820,0.836991
3821,0.820754
3822,0.893889
3823,0.905788
3824,0.893067
3825,0.916699
3826,0.890797
3827,0.861612
3828,0.851184
3829,0.886980
3830,0.912885
3831,0.867875
3832,0.836611
3833,0.858059
3834,0.866375
3835,0.849368
3836,0.898388
3837,0.865419
3838,0.863446
3839,0.866209
3840,0.822618
3841,0.851143
3842,0.864455
3843,0.967312
3844,0.823188
3845,0.884764
3846,0.886617
3847,0.877416
3848,0.842233
3849,0.810235
3850,0.879691
3851,0.823278
3852,0.845215
3853,0.901688
3854,0.809509
3855,0.863578
3856,0.884024
3857,0.859090
3858,0.901531
3859,0.923098
3860,0.912265
3861,0.828850
3862,0.848331
3863,0.869072
3864,0.846978
3865,0.835853
3866,0.864681
3867,0.933219
3868,0.901898
3869,0.870798
3870,0.821085
3871,0.849689
3872,0.857646
3873,0.887359
3874,0.894164
3875,0.920501
3876,0.909880
3877,0.832147
3878,0.896394
3879,0.838232
3880,0.851173
3881,0.867566
3882,0.863497
3883,0.921830
3884,0.886853
3885,0.866133
3886,0.888292
3887,0.906606
3888,0.841115
3889,0.847038
3890,0.869030
3891,0.869442
3892,0.849865
3893,0.790221
3894,0.908069
3895,0.870585
3896,0.851668
3897,0.841637
3898,0.854340
3899,0.882627
3900,0.818779
3901,0.904420
3902,0.830268
3903,0.809431
3904,0.859821
3905,0.864675
3906,0.848957
3907,0.822763
3908,0.889358
3909,0.841160
3910,0.877285
3911,0.899758
3912,0.873173
3913,0.935508
3914,0.881379
3915,0.916955
3916,0.890814
3917,0.861461
3918,0.913242
3919,0.871297
3920,0.847078
3921,0.878068
3922,0.891586
3923,0.885455
3924,0.865074
3925,0.869789
3926,0.877925
3927,0.908938
3928,0.873584
3929,0.882172
3930,0.880982
3931,0.870517
3932,0.820376
3933,0.898616
3934,0.906188
3935,0.844482
3936,0.874821
3937,0.885531
3938,0.866796
3939,0.937988
3940,0.901179
3941,0.853208
3942,0.865582
3943,0.918743
3944,0.861995
3945,0.901170
3946,0.858094
3947,0.862901
3948,0.874718
3949,0.837346
3950,0.908733
3951,0.863632
3952,0.889569
3953,0.924586
3954,0.954932
3955,0.869068
3956,0.913439
3957,0.859863
3958,0.854493
3959,0.892088
3960,0.860633
3961,0.833576
3962,0.901408
3963,0.874829
3964,0.858036
3965,0.846480
3966,0.886165
3967,0.812868
3968,0.837078
3969,0.873653
3970,0.888297
3971,0.783732
3972,0.872953
3973,0.870021
3974,0.845211
3975,0.912481
3976,0.862607
3977,0.848192
3978,0.900707
3979,0.860315
3980,0.826933
3981,0.859986
3982,0.800002
3983,0.811631
3984,0.918474
3985,0.873899
3986,0.869751
3987,0.872766
3988,0.867364
3989,0.975812
3990,0.843857
3991,0.946370
3992,0.825945
3993,0.894304
3994,0.855129
3995,0.838499
3996,0.848541
3997,0.866369
3998,0.870778
3999,0.901401
4000,0.819515
4001,0.829520
4002,0.865062
4003,0.853595
4004,0.819410
4005,0.879952
4006,0.852924
4007,0.881720
4008,0.890954
4009,0.829703
4010,0.880181
4011,0.806861
4012,0.865057
4013,0.885985
4014,0.927264
4015,0.835383
4016,0.892026
4017,0.860886
4018,0.838465
4019,0.915926
4020,0.861740
4021,0.856423
4022,0.848727
4023,0.869282
4024,0.889091
4025,0.859432
4026,0.896455
4027,0.851526
4028,0.916264
4029,0.894103
4030,0.885820
4031,0.857832
4032,0.842045
4033,0.943488
4034,0.886361
4035,0.848357
4036,0.812479
4037,0.893035
4038,0.875483
4039,0.881175
4040,0.863113
4041,0.938062
4042,0.836732
4043,0.878310
4044,0.902270
4045,0.886496
4046,0.858151
4047,0.881948
4048,0.839877
4049,0.874254
4050,0.911571
4051,0.861043
4052,0.832840
4053,0.854427
4054,0.887064
4055,0.876471
4056,0.889277
4057,0.889608
4058,0.865350
4059,0.866656
4060,0.847899
4061,0.844218
4062,0.879036
4063,0.871961
4064,0.890893
4065,0.887097
4066,0.817309
4067,0.878308
4068,0.914095
4069,0.864366
4070,0.817040
4071,0.910871
4072,0.904464
4073,0.830083
4074,0.926641
4075,0.894313
4076,0.806867
4077,0.816032
4078,0.908334
4079,0.873602
4080,0.892998
4081,0.847171
4082,0.817988
4083,0.841244
4084,0.849305
4085,0.914181
4086,0.905641
4087,0.877004
4088,0.826014
4089,0.909171
4090,0.902948
4091,0.848920
4092,0.801306
4093,0.810084
4094,0.826252
4095,0.869350
4096,0.881031
4097,0.868604
4098,0.860334
4099,0.898748
4100,0.903275
4101,0.875223
4102,0.880850
4103,0.883498
4104,0.856106
4105,0.897017
4106,0.860524
4107,0.785914
4108,0.926303
4109,0.874901
4110,0.813489
4111,0.821211
4112,0.906946
4113,0.888838
4114,0.883328
4115,0.930398
4116,0.884118
4117,0.852697
4118,0.885431
4119,0.867137
4120,0.875728
4121,0.839510
4122,0.840094
4123,0.896731
4124,0.843259
4125,0.828860
4126,0.878854
4127,0.875759
4128,0.859853
4129,0.892964
4130,0.949976
4131,0.837528
4132,0.882653
4133,0.904849
4134,0.843577
4135,0.858487
4136,0.863881
4137,0.832402
4138,0.890172
4139,0.827146
4140,0.902503
4141,0.854453
4142,0.846580
4143,0.907451
4144,0.809465
4145,0.880217
4146,0.911057
4147,0.821336
4148,0.911141
4149,0.860045
4150,0.885045
4151,0.899361
4152,0.855231
4153,0.895117
4154,0.835570
4155,0.824080
4156,0.856928
4157,0.879178
4158,0.851714
4159,0.900093
4160,0.856549
4161,0.852846
4162,0.843010
4163,0.881446
4164,0.882539
4165,0.902222
4166,0.870430
4167,0.891732
4168,0.876556
4169,0.868526
4170,0.883085
4171,0.826756
4172,0.833855
4173,0.859232
4174,0.841701
4175,0.764152
4176,0.889111
4177,0.883174
4178,0.827466
4179,0.825455
4180,0.860582
4181,0.949856
4182,0.900654
4183,0.881591
4184,0.825612
4185,0.875487
4186,0.910660
4187,0.859744
4188,0.914099
4189,0.826280
4190,0.833161
4191,0.870123
4192,0.867984
4193,0.883122
4194,0.854083
4195,0.909705
4196,0.871428
4197,0.869742
4198,0.836877
4199,0.881312
4200,0.812081
4201,0.873907
4202,0.812468
4203,0.832790
4204,0.872351
4205,0.896723
4206,0.907668
4207,0.887630
4208,0.880889
4209,0.833605
4210,0.840515
4211,0.867251
4212,0.850418
4213,0.859974
4214,0.839408
4215,0.833191
4216,0.846781
4217,0.908122
4218,0.838251
4219,0.893592
4220,0.891235
4221,0.859542
4222,0.904967
4223,0.846873
4224,0.872014
4225,0.838046
4226,0.800321
4227,0.845984
4228,0.852077
4229,0.889417
4230,0.871386
4231,0.866443
4232,0.812597
4233,0.856791
4234,0.841369
4235,0.912155
4236,0.916649
4237,0.864549
4238,0.899445
4239,0.918536
4240,0.851169
4241,0.850383
4242,0.854301
4243,0.782562
4244,0.879308
4245,0.830820
4246,0.845385
4247,0.914408
4248,0.839423
4249,0.903247
4250,0.870375
4251,0.903829
4252,0.940851
4253,0.840691
4254,0.812144
4255,0.832620
4256,0.843464
4257,0.889129
4258,0.817067
4259,0.864292
4260,0.830023
4261,0.862291
4262,0.888945
4263,0.797755
4264,0.835747
4265,0.896320
4266,0.891134
4267,0.848818
4268,0.871875
4269,0.825419
4270,0.824731
4271,0.935054
4272,0.828436
4273,0.878680
4274,0.917388
4275,0.877336
4276,0.854430
4277,0.881163
4278,0.919134
4279,0.819344
4280,0.868910
4281,0.833243
4282,0.799994
4283,0.811905
4284,0.972159
4285,0.849640
4286,0.824445
4287,0.837075
4288,0.850041
4289,0.881012
4290,0.898307
4291,0.919999
4292,0.894292
4293,0.867862
4294,0.870776
4295,0.828825
4296,0.903895
4297,0.842793
4298,0.881172
4299,0.778267
4300,0.847653
4301,0.827679
4302,0.828791
4303,0.919085
4304,0.836432
4305,0.809594
4306,0.848004
4307,0.834005
4308,0.863926
4309,0.836076
4310,0.838048
4311,0.856042
4312,0.844044
4313,0.879629
4314,0.849653
4315,0.852163
4316,0.894053
4317,0.785538
4318,0.865327
4319,0.879451
4320,0.831642
4321,0.820228
4322,0.865096
4323,0.808117
4324,0.877017
4325,0.867091
4326,0.864880
4327,0.854514
4328,0.803447
4329,0.838361
4330,0.855794
4331,0.859808
4332,0.809496
4333,0.890646
4334,0.900352
4335,0.860851
4336,0.890278
4337,0.819747
4338,0.831012
4339,0.883403
4340,0.903423
4341,0.886524
4342,0.853732
4343,0.837463
4344,0.847174
4345,0.830509
4346,0.815802
4347,0.889430
4348,0.872234
4349,0.905716
4350,0.794870
4351,0.844149
4352,0.925214
4353,0.834462
4354,0.850301
4355,0.884062
4356,0.876394
4357,0.846883
4358,0.852199
4359,0.848880
4360,0.850008
4361,0.843378
4362,0.908533
4363,0.862313
4364,0.878518
4365,0.862397
4366,0.864334
4367,0.825691
4368,0.812612
4369,0.871580
4370,0.806722
4371,0.834613
4372,0.816301
4373,0.892618
4374,0.854318
4375,0.835248
4376,0.864866
4377,0.854981
4378,0.913185
4379,0.890192
4380,0.863604
4381,0.795103
4382,0.792035
4383,0.840907
4384,0.832575
4385,0.941363
4386,0.885177
4387,0.823201
4388,0.845326
4389,0.855272
4390,0.848652
4391,0.820405
4392,0.827921
4393,0.921836
4394,0.799516
4395,0.866774
4396,0.866266
4397,0.835273
4398,0.901798
4399,0.899824
4400,0.835040
4401,0.814142
4402,0.794651
4403,0.860080
4404,0.824689
4405,0.836080
4406,0.816783
4407,0.857532
4408,0.838629
4409,0.840766
4410,0.866630
4411,0.875886
4412,0.870067
4413,0.849286
4414,0.882488
4415,0.920504
4416,0.835456
4417,0.914831
4418,0.884853
4419,0.867208
4420,0.892990
4421,0.826939
4422,0.875578
4423,0.838959
4424,0.810156
4425,0.896744
4426,0.835336
4427,0.861277
4428,0.788281
4429,0.910414
4430,0.839862
4431,0.910558
4432,0.879263
4433,0.924103
4434,0.901399
4435,0.816241
4436,0.855059
4437,0.863475
4438,0.817101
4439,0.832202
4440,0.844791
4441,0.896956
4442,0.844931
4443,0.890064
4444,0.853466
4445,0.857355
4446,0.852931
4447,0.876727
4448,0.818103
4449,0.894410
4450,0.760887
4451,0.872903
4452,0.855519
4453,0.821117
4454,0.907867
4455,0.780870
4456,0.857130
4457,0.821349
4458,0.879907
4459,0.887856
4460,0.832214
4461,0.841670
4462,0.840620
4463,0.874525
4464,0.900065
4465,0.863681
4466,0.797941
4467,0.900015
4468,0.819981
4469,0.855091
4470,0.877733
4471,0.835419
4472,0.855055
4473,0.915321
4474,0.895851
4475,0.799695
4476,0.835431
4477,0.844012
4478,0.819281
4479,0.848709
4480,0.880086
4481,0.895484
4482,0.876578
4483,0.847274
4484,0.859368
4485,0.802654
4486,0.870006
4487,0.850988
4488,0.854327
4489,0.835746
4490,0.845746
4491,0.882458
4492,0.900139
4493,0.842310
4494,0.858092
4495,0.878048
4496,0.869554
4497,0.833656
4498,0.894762
4499,0.891850
4500,0.877230
4501,0.858461
4502,0.823251
4503,0.884947
4504,0.833313
4505,0.869755
4506,0.851886
4507,0.812795
4508,0.873403
4509,0.813880
4510,0.844224
4511,0.875284
4512,0.838313
4513,0.914199
4514,0.862850
4515,0.828092
4516,0.804095
4517,0.828702
4518,0.851728
4519,0.867498
4520,0.823548
4521,0.831437
4522,0.862888
4523,0.863751
4524,0.870013
4525,0.850526
4526,0.773342
4527,0.815139
4528,0.831524
4529,0.782601
4530,0.858893
4531,0.795898
4532,0.863505
4533,0.822337
4534,0.797006
4535,0.918236
4536,0.762772
4537,0.832311
4538,0.852199
4539,0.860181
4540,0.834712
4541,0.817953
4542,0.844318
4543,0.923413
4544,0.863458
4545,0.897849
4546,0.787619
4547,0.784788
4548,0.825817
4549,0.912781
4550,0.871838
4551,0.853304
4552,0.863008
4553,0.804419
4554,0.801427
4555,0.824481
4556,0.839674
4557,0.853676
4558,0.795164
4559,0.879934
4560,0.899889
4561,0.833711
4562,0.836419
4563,0.832669
4564,0.773043
4565,0.798547
4566,0.919272
4567,0.860742
4568,0.844103
4569,0.896411
4570,0.855885
4571,0.895324
4572,0.797378
4573,0.840107
4574,0.860480
4575,0.864915
4576,0.818533
4577,0.842472
4578,0.811884
4579,0.809179
4580,0.809051
4581,0.874931
4582,0.875661
4583,0.807413
4584,0.880040
4585,0.863546
4586,0.865424
4587,0.852343
4588,0.856822
4589,0.839864
4590,0.879289
4591,0.867149
4592,0.818119
4593,0.805256
4594,0.899833
4595,0.881205
4596,0.861472
4597,0.788655
4598,0.805800
4599,0.866228
4600,0.797318
4601,0.804696
4602,0.789913
4603,0.857160
4604,0.919953
4605,0.890199
4606,0.871737
4607,0.877045
4608,0.841230
4609,0.834734
4610,0.861149
4611,0.862206
4612,0.837071
4613,0.860159
4614,0.840882
4615,0.869066
4616,0.882317
4617,0.844487
4618,0.891795
4619,0.859203
4620,0.871002
4621,0.833407
4622,0.857995
4623,0.848484
4624,0.867112
4625,0.816505
4626,0.854206
4627,0.813065
4628,0.906835
4629,0.836163
4630,0.869448
4631,0.914793
4632,0.854785
4633,0.810764
4634,0.840690
4635,0.812523
4636,0.900052
4637,0.801739
4638,0.923353
4639,0.913506
4640,0.868684
4641,0.833586
4642,0.928242
4643,0.882709
4644,0.850917
4645,0.898146
4646,0.835440
4647,0.863362
4648,0.834026
4649,0.844210
4650,0.865131
4651,0.901348
4652,0.849268
4653,0.862959
4654,0.823952
4655,0.827225
4656,0.885950
4657,0.838458
4658,0.881365
4659,0.877156
4660,0.864509
4661,0.889290
4662,0.860899
4663,0.888062
4664,0.895964
4665,0.803815
4666,0.880181
4667,0.867532
4668,0.822025
4669,0.905642
4670,0.832711
4671,0.932347
4672,0.809349
4673,0.817795
4674,0.837019
4675,0.831461
4676,0.851117
4677,0.806680
4678,0.824530
4679,0.856371
4680,0.849822
4681,0.851927
4682,0.803298
4683,0.892668
4684,0.849432
4685,0.802794
4686,0.851795
4687,0.857639
4688,0.796914
4689,0.852330
4690,0.838715
4691,0.838502
4692,0.886827
4693,0.848390
4694,0.810088
4695,0.860294
4696,0.847492
4697,0.821469
4698,0.850497
4699,0.863414
4700,0.840632
4701,0.810524
4702,0.912045
4703,0.846320
4704,0.876924
4705,0.800047
4706,0.850893
4707,0.868999
4708,0.756583
4709,0.803463
4710,0.811457
4711,0.846243
4712,0.827127
4713,0.850525
4714,0.886421
4715,0.771665
4716,0.900779
4717,0.889647
4718,0.827783
4719,0.823324
4720,0.840534
4721,0.796236
4722,0.844507
4723,0.884653
4724,0.827127
4725,0.829176
4726,0.847299
4727,0.814480
4728,0.854611
4729,0.853482
4730,0.843050
4731,0.834041
4732,0.855369
4733,0.920882
4734,0.913098
4735,0.824019
4736,0.872573
4737,0.815513
4738,0.844828
4739,0.836024
4740,0.843087
4741,0.820559
4742,0.831839
4743,0.850260
4744,0.876587
4745,0.780668
4746,0.830334
4747,0.872837
4748,0.875668
4749,0.857153
4750,0.843780
4751,0.901134
4752,0.840600
4753,0.836745
4754,0.834713
4755,0.823111
4756,0.837995
4757,0.794699
4758,0.844001
4759,0.829452
4760,0.839817
4761,0.835897
4762,0.835045
4763,0.864169
4764,0.824128
4765,0.859969
4766,0.837810
4767,0.814942
4768,0.816232
4769,0.839465
4770,0.835870
4771,0.817766
4772,0.800595
4773,0.844106
4774,0.848585
4775,0.861875
4776,0.818070
4777,0.904328
4778,0.831490
4779,0.840635
4780,0.826105
4781,0.831927
4782,0.814249
4783,0.818729
4784,0.852110
4785,0.839194
4786,0.837169
4787,0.870231
4788,0.775063
4789,0.879673
4790,0.803750
4791,0.844734
4792,0.863986
4793,0.851375
4794,0.781504
4795,0.852430
4796,0.864960
4797,0.843002
4798,0.783306
4799,0.855032
4800,0.869900
4801,0.863009
4802,0.826115
4803,0.796833
4804,0.861974
4805,0.863171
4806,0.854283
4807,0.857673
4808,0.908593
4809,0.834136
4810,0.806547
4811,0.869974
4812,0.768710
4813,0.856753
4814,0.858894
4815,0.799303
4816,0.799784
4817,0.847863
4818,0.852084
4819,0.796657
4820,0.867839
4821,0.836797
4822,0.815508
4823,0.909246
4824,0.880677
4825,0.877042
4826,0.865265
4827,0.864130
4828,0.876457
4829,0.854710
4830,0.843455
4831,0.843560
4832,0.799059
4833,0.835515
4834,0.784324
4835,0.855112
4836,0.860458
4837,0.803188
4838,0.864125
4839,0.863379
4840,0.865063
4841,0.795449
4842,0.840892
4843,0.803831
4844,0.827665
4845,0.859031
4846,0.756949
4847,0.891102
4848,0.812784
4849,0.849253
4850,0.862384
4851,0.807488
4852,0.883810
4853,0.902596
4854,0.878427
4855,0.821148
4856,0.788585
4857,0.859379
4858,0.830261
4859,0.832680
4860,0.829405
4861,0.879835
4862,0.863184
4863,0.802216
4864,0.862404
4865,0.828037
4866,0.788453
4867,0.869708
4868,0.788214
4869,0.874613
4870,0.797960
4871,0.908637
4872,0.876212
4873,0.838351
4874,0.869463
4875,0.839758
4876,0.899251
4877,0.861324
4878,0.830107
4879,0.860872
4880,0.842425
4881,0.878181
4882,0.806523
4883,0.836178
4884,0.887881
4885,0.799944
4886,0.929830
4887,0.853146
4888,0.774087
4889,0.842752
4890,0.795145
4891,0.815526
4892,0.802697
4893,0.861722
4894,0.787633
4895,0.876447
4896,0.821508
4897,0.877007
4898,0.790866
4899,0.918477
4900,0.877375
4901,0.836213
4902,0.930868
4903,0.829845
4904,0.838892
4905,0.802230
4906,0.801021
4907,0.817590
4908,0.862973
4909,0.770349
4910,0.816024
4911,0.821354
4912,0.821297
4913,0.899529
4914,0.842083
4915,0.783154
4916,0.868581
4917,0.836478
4918,0.845219
4919,0.854708
4920,0.819506
4921,0.886566
4922,0.820592
4923,0.890882
4924,0.824379
4925,0.809986
4926,0.863158
4927,0.808682
4928,0.818207
4929,0.832097
4930,0.849065
4931,0.862750
4932,0.831820
4933,0.830053
4934,0.768064
4935,0.882264
4936,0.894365
4937,0.851556
4938,0.850985
4939,0.832390
4940,0.811415
4941,0.874748
4942,0.854349
4943,0.793047
4944,0.795870
4945,0.806224
4946,0.848817
4947,0.854948
4948,0.839222
4949,0.837410
4950,0.823631
4951,0.868033
4952,0.857047
4953,0.806699
4954,0.798617
4955,0.811640
4956,0.831471
4957,0.860668
4958,0.865238
4959,0.794390
4960,0.843090
4961,0.804521
4962,0.785018
4963,0.837285
4964,0.781811
4965,0.835924
4966,0.822304
4967,0.821700
4968,0.884774
4969,0.834835
4970,0.852822
4971,0.802782
4972,0.798703
4973,0.818419
4974,0.799762
4975,0.856340
4976,0.833408
4977,0.862667
4978,0.814434
4979,0.861747
4980,0.791492
4981,0.844219
4982,0.838996
4983,0.847465
4984,0.822203
4985,0.845024
4986,0.884584
4987,0.825790
4988,0.805362
4989,0.863472
4990,0.818642
4991,0.785267
4992,0.863882
4993,0.864513
4994,0.840942
4995,0.864490
4996,0.822264
4997,0.789734
4998,0.824551
4999,0.807737
5000,0.790117
5001,0.819272
5002,0.841085
5003,0.808413
5004,0.818851
5005,0.813447
5006,0.822052
5007,0.839024
5008,0.844500
5009,0.869520
5010,0.876985
5011,0.850350
5012,0.862739
5013,0.850219
5014,0.742616
5015,0.876316
5016,0.814695
5017,0.897707
5018,0.785827
5019,0.831687
5020,0.833274
5021,0.823946
5022,0.856973
5023,0.804991
5024,0.884663
5025,0.943542
5026,0.819772
5027,0.878453
5028,0.856362
5029,0.820930
5030,0.854427
5031,0.904650
5032,0.808915
5033,0.834442
5034,0.847673
5035,0.840649
5036,0.787643
5037,0.857324
5038,0.822553
5039,0.875680
5040,0.840999
5041,0.816829
5042,0.856337
5043,0.809159
5044,0.817508
5045,0.845134
5046,0.847966
5047,0.813432
5048,0.844089
5049,0.821433
5050,0.829799
5051,0.844992
5052,0.847588
5053,0.851198
5054,0.833100
5055,0.862065
5056,0.877232
5057,0.835441
5058,0.825058
5059,0.828325
5060,0.812732
5061,0.866303
5062,0.812111
5063,0.863863
5064,0.759590
5065,0.804425
5066,0.851827
5067,0.816237
5068,0.817539
5069,0.863992
5070,0.859704
5071,0.826744
5072,0.787707
5073,0.845095
5074,0.855744
5075,0.868079
5076,0.793377
5077,0.763731
5078,0.825221
5079,0.813833
5080,0.851880
5081,0.782568
5082,0.831812
5083,0.805677
5084,0.800633
5085,0.871989
5086,0.825969
5087,0.883500
5088,0.843739
5089,0.840228
5090,0.793425
5091,0.803662
5092,0.792568
5093,0.854916
5094,0.887181
5095,0.837327
5096,0.817017
5097,0.825711
5098,0.854564
5099,0.778587
5100,0.888060
5101,0.904748
5102,0.769108
5103,0.833225
5104,0.789335
5105,0.804272
5106,0.896084
5107,0.850272
5108,0.789388
5109,0.807131
5110,0.856417
5111,0.804189
5112,0.863548
5113,0.860604
5114,0.849027
5115,0.781784
5116,0.875641
5117,0.877763
5118,0.796327
5119,0.819452
5120,0.814698
5121,0.840897
5122,0.842372
5123,0.835342
5124,0.804204
5125,0.855658
5126,0.805750
5127,0.816954
5128,0.838346
5129,0.807348
5130,0.831190
5131,0.823111
5132,0.872733
5133,0.907951
5134,0.807156
5135,0.867935
5136,0.832309
5137,0.811112
5138,0.796278
5139,0.856950
5140,0.791567
5141,0.858019
5142,0.846745
5143,0.798489
5144,0.870023
5145,0.820873
5146,0.877658
5147,0.823425
5148,0.813405
5149,0.773319
5150,0.792784
5151,0.819797
5152,0.801770
5153,0.863349
5154,0.852842
5155,0.813903
5156,0.840285
5157,0.862259
5158,0.852154
5159,0.858539
5160,0.812086
5161,0.786222
5162,0.790689
5163,0.852059
5164,0.798441
5165,0.885262
5166,0.867440
5167,0.797967
5168,0.873073
5169,0.791386
5170,0.808932
5171,0.792226
5172,0.880219
5173,0.816400
5174,0.849257
5175,0.901140
5176,0.839933
5177,0.835153
5178,0.867249
5179,0.873142
5180,0.881242
5181,0.807679
5182,0.865205
5183,0.775439
5184,0.866919
5185,0.820941
5186,0.844627
5187,0.878707
5188,0.867537
5189,0.926923
5190,0.794875
5191,0.811014
5192,0.817470
5193,0.837576
5194,0.856544
5195,0.822869
5196,0.846728
5197,0.876195
5198,0.837198
5199,0.811890
5200,0.804920
5201,0.886080
5202,0.822217
5203,0.827000
5204,0.789970
5205,0.864403
5206,0.811538
5207,0.853539
5208,0.867718
5209,0.821374
5210,0.870207
5211,0.813946
5212,0.818106
5213,0.850059
5214,0.796785
5215,0.799236
5216,0.790868
5217,0.875548
5218,0.848863
5219,0.809609
5220,0.880135
5221,0.820933
5222,0.828263
5223,0.860621
5224,0.820836
5225,0.827584
5226,0.911981
5227,0.858060
5228,0.844685
5229,0.858145
5230,0.829690
5231,0.822338
5232,0.844182
5233,0.828319
5234,0.804256
5235,0.837474
5236,0.867099
5237,0.894366
5238,0.838107
5239,0.841233
5240,0.837471
5241,0.849696
5242,0.821562
5243,0.832891
5244,0.888844
5245,0.881883
5246,0.803525
5247,0.815483
5248,0.826107
5249,0.788638
5250,0.844293
5251,0.839012
5252,0.810295
5253,0.848651
5254,0.876297
5255,0.823771
5256,0.839700
5257,0.846801
5258,0.838116
5259,0.813347
5260,0.861334
5261,0.866294
5262,0.777519
5263,0.814048
5264,0.863997
5265,0.811635
5266,0.910419
5267,0.815080
5268,0.841014
5269,0.818169
5270,0.794038
5271,0.846403
5272,0.839415
5273,0.868060
5274,0.800477
5275,0.772680
5276,0.861773
5277,0.863778
5278,0.892216
5279,0.817298
5280,0.811634
5281,0.800719
5282,0.872775
5283,0.827138
5284,0.851362
5285,0.823204
5286,0.806770
5287,0.829601
5288,0.858885
5289,0.786137
5290,0.819280
5291,0.816294
5292,0.870113
5293,0.820708
5294,0.785046
5295,0.768602
5296,0.870179
5297,0.813360
5298,0.838723
5299,0.846692
5300,0.829791
5301,0.819473
5302,0.890801
5303,0.783759
5304,0.834675
5305,0.819006
5306,0.825334
5307,0.819061
5308,0.850351
5309,0.820709
5310,0.807075
5311,0.844877
5312,0.803060
5313,0.844632
5314,0.802374
5315,0.779420
5316,0.830188
5317,0.818389
5318,0.854087
5319,0.822989
5320,0.810072
5321,0.879385
5322,0.839634
5323,0.868651
5324,0.790406
5325,0.840955
5326,0.836492
5327,0.852655
5328,0.810997
5329,0.881840
5330,0.834258
5331,0.789308
5332,0.853986
5333,0.867974
5334,0.856848
5335,0.828015
5336,0.802803
5337,0.816214
5338,0.776870
5339,0.776278
5340,0.862769
5341,0.851437
5342,0.836046
5343,0.808341
5344,0.854102
5345,0.822953
5346,0.849501
5347,0.822853
5348,0.888845
5349,0.810190
5350,0.829463
5351,0.833855
5352,0.836564
5353,0.818540
5354,0.829951
5355,0.796920
5356,0.809757
5357,0.823082
5358,0.781313
5359,0.848075
5360,0.817154
5361,0.787653
5362,0.885492
5363,0.809797
5364,0.889910
5365,0.875177
5366,0.847535
5367,0.787931
5368,0.811591
5369,0.820206
5370,0.850582
5371,0.867708
5372,0.866403
5373,0.823235
5374,0.797940
5375,0.826694
5376,0.842219
5377,0.795958
5378,0.866378
5379,0.851995
5380,0.835923
5381,0.797392
5382,0.852527
5383,0.889198
5384,0.783623
5385,0.818667
5386,0.801812
5387,0.807795
5388,0.801566
5389,0.864606
5390,0.799936
5391,0.888627
5392,0.830210
5393,0.784482
5394,0.840398
5395,0.844813
5396,0.861525
5397,0.838403
5398,0.833418
5399,0.801000
5400,0.860669
5401,0.838552
5402,0.806520
5403,0.852087
5404,0.801972
5405,0.797358
5406,0.889256
5407,0.802870
5408,0.850575
5409,0.852445
5410,0.863310
5411,0.813679
5412,0.742156
5413,0.797221
5414,0.825547
5415,0.792451
5416,0.774637
5417,0.815691
5418,0.881779
5419,0.783875
5420,0.832289
5421,0.817893
5422,0.878318
5423,0.891574
5424,0.842989
5425,0.879862
5426,0.841965
5427,0.820267
5428,0.862860
5429,0.806129
5430,0.799712
5431,0.832999
5432,0.865940
5433,0.808718
5434,0.796495
5435,0.849674
5436,0.810249
5437,0.873807
5438,0.800875
5439,0.865371
5440,0.832338
5441,0.830657
5442,0.892939
5443,0.785414
5444,0.858384
5445,0.914622
5446,0.929114
5447,0.870566
5448,0.844505
5449,0.790725
5450,0.837697
5451,0.786588
5452,0.831859
5453,0.837994
5454,0.858612
5455,0.862589
5456,0.829311
5457,0.834407
5458,0.822348
5459,0.779795
5460,0.818845
5461,0.839796
5462,0.826645
5463,0.807636
5464,0.813681
5465,0.864868
5466,0.821783
5467,0.809222
5468,0.812938
5469,0.869496
5470,0.851730
5471,0.840480
5472,0.767705
5473,0.809598
5474,0.895184
5475,0.808225
5476,0.815260
5477,0.874870
5478,0.850525
5479,0.801760
5480,0.808910
5481,0.838806
5482,0.842639
5483,0.802563
5484,0.830233
5485,0.841164
5486,0.783092
5487,0.807488
5488,0.817516
5489,0.746636
5490,0.775827
5491,0.835265
5492,0.821610
5493,0.815231
5494,0.828392
5495,0.852606
5496,0.859707
5497,0.789722
5498,0.781819
5499,0.788856
5500,0.841306
5501,0.820504
5502,0.873121
5503,0.904525
5504,0.841436
5505,0.841715
5506,0.819224
5507,0.842252
5508,0.816093
5509,0.816088
5510,0.783889
5511,0.835793
5512,0.792339
5513,0.814227
5514,0.832190
5515,0.757803
5516,0.841232
5517,0.876358
5518,0.804419
5519,0.816718
5520,0.854037
5521,0.788833
5522,0.836904
5523,0.817984
5524,0.781251
5525,0.809279
5526,0.890001
5527,0.827153
5528,0.787826
5529,0.800881
5530,0.817165
5531,0.890670
5532,0.801912
5533,0.826683
5534,0.819275
5535,0.797202
5536,0.789978
5537,0.848139
5538,0.831260
5539,0.817501
5540,0.817685
5541,0.822645
5542,0.844727
5543,0.837973
5544,0.849728
5545,0.864310
5546,0.797681
5547,0.824603
5548,0.806162
5549,0.853569
5550,0.850312
5551,0.825149
5552,0.775380
5553,0.876759
5554,0.791142
5555,0.801058
5556,0.847607
5557,0.795833
5558,0.822292
5559,0.837917
5560,0.882186
5561,0.797437
5562,0.842099
5563,0.821321
5564,0.837118
5565,0.825329
5566,0.799867
5567,0.778638
5568,0.771425
5569,0.803413
5570,0.839981
5571,0.828444
5572,0.805341
5573,0.856210
5574,0.831887
5575,0.836212
5576,0.783717
5577,0.788862
5578,0.849604
5579,0.854011
5580,0.819191
5581,0.859116
5582,0.850786
5583,0.860509
5584,0.821143
5585,0.884309
5586,0.873428
5587,0.863404
5588,0.804091
5589,0.903595
5590,0.854556
5591,0.870720
5592,0.876911
5593,0.820275
5594,0.836073
5595,0.857418
5596,0.874080
5597,0.888918
5598,0.827473
5599,0.841704
5600,0.808115
5601,0.860303
5602,0.846296
5603,0.807603
5604,0.843292
5605,0.810641
5606,0.823638
5607,0.824159
5608,0.845367
5609,0.890833
5610,0.812420
5611,0.803631
5612,0.856174
5613,0.778196
5614,0.871029
5615,0.785840
5616,0.839955
5617,0.757094
5618,0.784888
5619,0.810203
5620,0.862622
5621,0.835077
5622,0.799832
5623,0.815346
5624,0.813408
5625,0.862962
5626,0.875007
5627,0.866693
5628,0.822450
5629,0.826387
5630,0.749966
5631,0.842442
5632,0.821660
5633,0.819613
5634,0.803401
5635,0.812938
5636,0.872118
5637,0.827447
5638,0.810255
5639,0.837987
5640,0.804527
5641,0.881305
5642,0.860556
5643,0.777958
5644,0.776120
5645,0.732937
5646,0.791824
5647,0.862991
5648,0.781418
5649,0.781236
5650,0.788840
5651,0.871731
5652,0.857884
5653,0.829625
5654,0.790472
5655,0.861476
5656,0.849304
5657,0.777554
5658,0.786798
5659,0.759829
5660,0.850373
5661,0.808063
5662,0.779609
5663,0.830288
5664,0.830067
5665,0.839436
5666,0.804588
5667,0.829050
5668,0.812368
5669,0.890477
5670,0.858871
5671,0.808621
5672,0.765076
5673,0.849740
5674,0.844016
5675,0.853826
5676,0.834956
5677,0.784561
5678,0.862586
5679,0.782079
5680,0.792549
5681,0.850182
5682,0.807337
5683,0.879224
5684,0.822668
5685,0.856453
5686,0.831510
5687,0.830254
5688,0.865694
5689,0.825519
5690,0.812408
5691,0.863561
5692,0.802196
5693,0.807007
5694,0.858366
5695,0.794212
5696,0.800504
5697,0.824855
5698,0.854447
5699,0.835729
5700,0.751618
5701,0.828319
5702,0.798096
5703,0.843887
5704,0.789398
5705,0.794558
5706,0.824552
5707,0.823644
5708,0.829405
5709,0.830010
5710,0.783766
5711,0.865231
5712,0.895958
5713,0.836057
5714,0.910819
5715,0.855401
5716,0.833057
5717,0.843278
5718,0.796165
5719,0.853362
5720,0.806346
5721,0.779359
5722,0.861819
5723,0.883959
5724,0.854029
5725,0.762661
5726,0.780487
5727,0.856384
5728,0.857151
5729,0.806408
5730,0.860042
5731,0.824793
5732,0.861317
5733,0.774343
5734,0.786268
5735,0.841025
5736,0.838957
5737,0.776203
5738,0.837433
5739,0.855366
5740,0.810826
5741,0.834302
5742,0.810300
5743,0.827050
5744,0.800453
5745,0.805405
5746,0.795106
5747,0.803052
5748,0.771921
5749,0.752555
5750,0.805132
5751,0.811537
5752,0.766115
5753,0.812881
5754,0.856366
5755,0.795381
5756,0.801116
5757,0.801722
5758,0.786143
5759,0.839588
5760,0.855520
5761,0.831039
5762,0.831262
5763,0.857411
5764,0.860838
5765,0.764696
5766,0.865466
5767,0.883233
5768,0.837402
5769,0.837797
5770,0.808110
5771,0.755257
5772,0.825610
5773,0.850515
5774,0.825694
5775,0.801491
5776,0.745615
5777,0.796395
5778,0.808942
5779,0.852307
5780,0.835017
5781,0.818888
5782,0.768314
5783,0.835862
5784,0.781975
5785,0.808415
5786,0.833512
5787,0.767973
5788,0.821852
5789,0.851722
5790,0.832414
5791,0.909708
5792,0.802109
5793,0.806112
5794,0.864257
5795,0.782086
5796,0.795558
5797,0.771686
5798,0.825857
5799,0.841194
5800,0.787209
5801,0.788215
5802,0.836628
5803,0.836115
5804,0.829684
5805,0.818689
5806,0.805089
5807,0.782444
5808,0.830172
5809,0.801942
5810,0.818730
5811,0.809804
5812,0.804994
5813,0.872598
5814,0.839327
5815,0.790224
5816,0.784052
5817,0.775425
5818,0.825382
5819,0.787095
5820,0.796469
5821,0.815856
5822,0.809762
5823,0.848483
5824,0.824473
5825,0.824315
5826,0.828985
5827,0.864160
5828,0.818408
5829,0.873722
5830,0.846136
5831,0.782947
5832,0.874255
5833,0.800771
5834,0.821411
5835,0.784305
5836,0.895090
5837,0.783227
5838,0.787823
5839,0.836072
5840,0.822311
5841,0.845954
5842,0.808200
5843,0.798942
5844,0.848103
5845,0.833313
5846,0.816455
5847,0.856615
5848,0.832644
5849,0.759594
5850,0.752871
5851,0.784548
5852,0.837875
5853,0.792175
5854,0.769775
5855,0.784312
5856,0.795574
5857,0.903185
5858,0.876864
5859,0.790653
5860,0.806141
5861,0.828903
5862,0.819383
5863,0.859991
5864,0.794993
5865,0.788041
5866,0.821326
5867,0.805758
5868,0.777521
5869,0.842222
5870,0.861122
5871,0.738412
5872,0.830756
5873,0.806839
5874,0.814457
5875,0.839815
5876,0.789036
5877,0.824222
5878,0.846146
5879,0.792399
5880,0.806763
5881,0.800771
5882,0.818502
5883,0.756853
5884,0.862996
5885,0.797560
5886,0.845632
5887,0.754320
5888,0.799079
5889,0.878224
5890,0.726693
5891,0.783036
5892,0.798917
5893,0.799087
5894,0.754131
5895,0.829747
5896,0.807104
5897,0.794771
5898,0.883689
5899,0.789416
5900,0.876427
5901,0.880603
5902,0.845148
5903,0.796755
5904,0.829679
5905,0.845374
5906,0.829389
5907,0.865911
5908,0.857221
5909,0.784861
5910,0.809357
5911,0.872810
5912,0.790013
5913,0.788630
5914,0.854789
5915,0.807541
5916,0.887241
5917,0.804583
5918,0.835606
5919,0.773101
5920,0.818858
5921,0.858068
5922,0.850759
5923,0.835784
5924,0.833060
5925,0.859306
5926,0.845255
5927,0.826464
5928,0.768662
5929,0.789814
5930,0.836132
5931,0.861574
5932,0.877571
5933,0.841799
5934,0.799510
5935,0.809349
5936,0.839096
5937,0.765883
5938,0.863179
5939,0.805605
5940,0.824045
5941,0.819808
5942,0.825715
5943,0.801046
5944,0.870488
5945,0.877040
5946,0.788209
5947,0.845816
5948,0.819707
5949,0.777983
5950,0.750692
5951,0.874370
5952,0.826583
5953,0.835755
5954,0.852010
5955,0.828304
5956,0.816208
5957,0.762698
5958,0.851339
5959,0.831753
5960,0.823597
5961,0.829185
5962,0.772439
5963,0.830771
5964,0.821362
5965,0.846315
5966,0.827249
5967,0.821791
5968,0.797017
5969,0.833127
5970,0.865672
5971,0.853213
5972,0.843564
5973,0.828222
5974,0.771082
5975,0.838130
5976,0.789749
5977,0.811759
5978,0.804539
5979,0.746242
5980,0.803332
5981,0.820618
5982,0.818627
5983,0.822158
5984,0.815828
5985,0.889671
5986,0.836595
5987,0.787454
5988,0.887865
5989,0.764243
5990,0.789003
5991,0.790798
5992,0.848738
5993,0.818172
5994,0.817292
5995,0.836347
5996,0.779124
5997,0.868833
5998,0.793162
5999,0.846005
6000,0.851087
6001,0.779069
6002,0.785931
6003,0.824078
6004,0.797939
6005,0.814031
6006,0.783027
6007,0.873406
6008,0.814997
6009,0.812378
6010,0.818365
6011,0.847758
6012,0.789224
6013,0.846975
6014,0.811388
6015,0.788392
6016,0.798168
6017,0.824399
6018,0.798709
6019,0.816847
6020,0.811195
6021,0.710345
6022,0.856882
6023,0.844233
6024,0.886404
6025,0.808042
6026,0.821376
6027,0.874186
6028,0.827168
6029,0.792124
6030,0.836307
6031,0.852866
6032,0.852825
6033,0.795857
6034,0.850054
6035,0.775283
6036,0.837115
6037,0.801185
6038,0.814423
6039,0.817482
6040,0.780995
6041,0.819686
6042,0.823188
6043,0.849634
6044,0.797745
6045,0.744433
6046,0.805258
6047,0.765540
6048,0.769823
6049,0.862580
6050,0.875131
6051,0.787858
6052,0.876923
6053,0.775655
6054,0.851941
6055,0.854365
6056,0.802028
6057,0.822507
6058,0.779696
6059,0.885243
6060,0.799827
6061,0.895717
6062,0.881088
6063,0.803861
6064,0.809978
6065,0.826592
6066,0.849198
6067,0.859377
6068,0.790173
6069,0.753717
6070,0.808103
6071,0.818819
6072,0.781360
6073,0.783535
6074,0.847221
6075,0.740173
6076,0.806356
6077,0.797124
6078,0.801788
6079,0.849867
6080,0.781109
6081,0.846339
6082,0.796436
6083,0.801379
6084,0.833729
6085,0.835328
6086,0.803829
6087,0.810226
6088,0.800663
6089,0.817579
6090,0.829437
6091,0.786787
6092,0.790487
6093,0.815809
6094,0.870067
6095,0.842685
6096,0.817579
6097,0.825512
6098,0.873298
6099,0.821685
6100,0.800060
6101,0.792949
6102,0.846388
6103,0.835302
6104,0.825118
6105,0.793683
6106,0.877847
6107,0.856710
6108,0.829598
6109,0.795045
6110,0.767774
6111,0.832732
6112,0.783943
6113,0.807971
6114,0.838631
6115,0.855993
6116,0.796943
6117,0.807386
6118,0.895948
6119,0.766479
6120,0.794085
6121,0.829593
6122,0.802073
6123,0.803591
6124,0.817118
6125,0.753340
6126,0.839059
6127,0.802013
6128,0.759263
6129,0.858657
6130,0.865799
6131,0.814537
6132,0.874741
6133,0.882862
6134,0.850881
6135,0.825709
6136,0.843115
6137,0.853984
6138,0.813203
6139,0.794034
6140,0.824878
6141,0.834173
6142,0.794275
6143,0.864269
6144,0.790467
6145,0.837170
6146,0.794438
6147,0.798548
6148,0.812636
6149,0.830472
6150,0.838659
6151,0.845694
6152,0.834782
6153,0.818276
6154,0.845261
6155,0.820556
6156,0.768099
6157,0.759285
6158,0.850297
6159,0.823266
6160,0.785421
6161,0.780207
6162,0.836512
6163,0.747432
6164,0.800462
6165,0.824195
6166,0.833979
6167,0.790905
6168,0.819762
6169,0.827616
6170,0.814125
6171,0.862790
6172,0.761669
6173,0.804477
6174,0.814999
6175,0.856651
6176,0.819629
6177,0.839945
6178,0.796938
6179,0.796053
6180,0.881987
6181,0.782303
6182,0.792465
6183,0.824388
6184,0.791523
6185,0.804871
6186,0.874997
6187,0.838319
6188,0.843501
6189,0.806034
6190,0.845772
6191,0.822490
6192,0.735551
6193,0.795647
6194,0.812863
6195,0.824995
6196,0.797840
6197,0.872512
6198,0.826795
6199,0.844470
6200,0.841940
6201,0.828037
6202,0.868445
6203,0.851006
6204,0.787189
6205,0.838657
6206,0.784983
6207,0.844481
6208,0.810085
6209,0.832233
6210,0.800326
6211,0.771440
6212,0.873133
6213,0.876656
6214,0.828617
6215,0.845702
6216,0.860132
6217,0.797626
6218,0.824736
6219,0.770188
6220,0.790413
6221,0.775582
6222,0.825050
6223,0.826320
6224,0.835251
6225,0.810243
6226,0.782558
6227,0.785534
6228,0.818483
6229,0.823067
6230,0.858843
6231,0.754000
6232,0.837724
6233,0.775349
6234,0.823037
6235,0.826771
6236,0.818645
6237,0.836903
6238,0.804005
6239,0.808768
6240,0.790618
6241,0.763998
6242,0.897024
6243,0.867654
6244,0.798828
6245,0.782236
6246,0.853309
6247,0.834812
6248,0.793660
6249,0.866956
6250,0.816823
6251,0.853769
6252,0.845417
6253,0.783916
6254,0.829501
6255,0.835222
6256,0.821112
6257,0.776998
6258,0.771771
6259,0.783251
6260,0.762465
6261,0.817129
6262,0.784882
6263,0.809728
6264,0.823096
6265,0.817935
6266,0.900433
6267,0.822224
6268,0.800786
6269,0.837574
6270,0.788917
6271,0.811955
6272,0.801450
6273,0.804665
6274,0.891340
6275,0.854924
6276,0.792838
6277,0.775055
6278,0.789483
6279,0.866626
6280,0.833564
6281,0.787855
6282,0.821803
6283,0.877157
6284,0.805231
6285,0.814835
6286,0.880581
6287,0.803507
6288,0.797526
6289,0.792774
6290,0.845947
6291,0.783129
6292,0.847362
6293,0.764948
6294,0.778649
6295,0.829470
6296,0.821895
6297,0.829987
6298,0.797116
6299,0.797882
6300,0.796443
6301,0.835812
6302,0.770973
6303,0.718250
6304,0.836953
6305,0.843889
6306,0.773165
6307,0.782940
6308,0.771611
6309,0.792619
6310,0.824456
6311,0.812470
6312,0.881720
6313,0.810194
6314,0.789467
6315,0.816580
6316,0.783483
6317,0.788688
6318,0.815199
6319,0.803711
6320,0.849057
6321,0.819209
6322,0.834422
6323,0.844483
6324,0.772676
6325,0.824738
6326,0.789010
6327,0.840389
6328,0.815054
6329,0.832941
6330,0.777262
6331,0.757431
6332,0.875997
6333,0.831728
6334,0.813266
6335,0.821746
6336,0.780654
6337,0.827260
6338,0.827793
6339,0.803014
6340,0.782454
6341,0.832456
6342,0.800684
6343,0.845857
6344,0.840563
6345,0.872399
6346,0.814927
6347,0.810781
6348,0.809795
6349,0.859331
6350,0.823427
6351,0.788703
6352,0.758482
6353,0.824769
6354,0.791284
6355,0.809641
6356,0.825106
6357,0.803050
6358,0.833594
6359,0.802442
6360,0.806224
6361,0.779212
6362,0.790752
6363,0.760167
6364,0.807171
6365,0.857018
6366,0.782807
6367,0.818403
6368,0.780798
6369,0.821159
6370,0.810647
6371,0.795501
6372,0.841940
6373,0.751100
6374,0.835621
6375,0.881315
6376,0.824520
6377,0.742998
6378,0.882637
6379,0.836163
6380,0.807688
6381,0.789774
6382,0.847706
6383,0.799984
6384,0.882480
6385,0.859546
6386,0.851862
6387,0.799827
6388,0.842716
6389,0.782371
6390,0.801582
6391,0.798783
6392,0.797158
6393,0.818644
6394,0.832423
6395,0.785956
6396,0.823599
6397,0.837081
6398,0.799449
6399,0.823682
6400,0.847641
6401,0.798450
6402,0.841926
6403,0.801196
6404,0.841527
6405,0.839482
6406,0.792359
6407,0.858873
6408,0.810921
6409,0.796990
6410,0.838642
6411,0.825535
6412,0.868947
6413,0.792747
6414,0.802879
6415,0.787929
6416,0.791924
6417,0.811905
6418,0.818170
6419,0.758633
6420,0.820085
6421,0.836500
6422,0.842264
6423,0.778901
6424,0.802911
6425,0.807233
6426,0.775644
6427,0.781481
6428,0.778782
6429,0.793612
6430,0.800333
6431,0.811494
6432,0.808249
6433,0.790350
6434,0.844509
6435,0.842157
6436,0.763014
6437,0.820343
6438,0.762461
6439,0.802393
6440,0.812084
6441,0.808057
6442,0.792645
6443,0.830054
6444,0.787596
6445,0.776717
6446,0.787772
6447,0.874314
6448,0.830836
6449,0.823484
6450,0.777319
6451,0.804928
6452,0.812871
6453,0.807931
6454,0.872725
6455,0.802432
6456,0.803568
6457,0.791556
6458,0.863986
6459,0.840799
6460,0.841459
6461,0.797484
6462,0.810164
6463,0.840419
6464,0.813325
6465,0.811090
6466,0.814729
6467,0.881188
6468,0.753478
6469,0.798277
6470,0.805846
6471,0.740816
6472,0.738232
6473,0.775357
6474,0.858556
6475,0.874483
6476,0.779536
6477,0.846516
6478,0.835687
6479,0.783650
6480,0.838458
6481,0.811791
6482,0.851241
6483,0.738413
6484,0.778121
6485,0.861395
6486,0.834360
6487,0.780330
6488,0.844381
6489,0.799905
6490,0.840437
6491,0.810219
6492,0.761565
6493,0.791084
6494,0.768155
6495,0.844910
6496,0.766936
6497,0.770144
6498,0.798923
6499,0.754328
6500,0.803633
6501,0.817772
6502,0.846126
6503,0.778829
6504,0.873811
6505,0.827324
6506,0.814554
6507,0.817412
6508,0.774512
6509,0.786168
6510,0.805857
6511,0.835542
6512,0.839885
6513,0.785246
6514,0.795517
6515,0.820864
6516,0.857035
6517,0.799654
6518,0.807904
6519,0.800209
6520,0.816863
6521,0.792797
6522,0.854287
6523,0.841207
6524,0.818205
6525,0.819689
6526,0.777606
6527,0.840747
6528,0.740237
6529,0.790152
6530,0.869259
6531,0.809516
6532,0.781639
6533,0.783381
6534,0.820596
6535,0.763624
6536,0.798538
6537,0.807077
6538,0.796162
6539,0.816876
6540,0.803630
6541,0.773805
6542,0.781048
6543,0.762136
6544,0.786537
6545,0.891638
6546,0.778773
6547,0.792739
6548,0.807747
6549,0.828758
6550,0.835652
6551,0.796666
6552,0.788400
6553,0.728168
6554,0.772166
6555,0.825778
6556,0.804273
6557,0.817259
6558,0.779565
6559,0.875941
6560,0.817501
6561,0.840465
6562,0.812094
6563,0.822649
6564,0.840550
6565,0.781984
6566,0.802641
6567,0.792628
6568,0.728403
6569,0.732866
6570,0.773094
6571,0.785628
6572,0.868433
6573,0.830239
6574,0.813294
6575,0.828515
6576,0.678328
6577,0.828584
6578,0.819719
6579,0.814011
6580,0.837076
6581,0.809676
6582,0.857936
6583,0.754375
6584,0.835330
6585,0.845412
6586,0.826411
6587,0.763662
6588,0.818446
6589,0.827005
6590,0.745877
6591,0.767136
6592,0.817209
6593,0.789050
6594,0.808853
6595,0.870234
6596,0.778121
6597,0.787038
6598,0.808632
6599,0.837592
6600,0.765998
6601,0.767649
6602,0.855476
6603,0.809260
6604,0.829310
6605,0.791048
6606,0.795189
6607,0.810859
6608,0.792313
6609,0.752590
6610,0.751734
6611,0.835421
6612,0.797193
6613,0.837305
6614,0.818744
6615,0.843441
6616,0.787378
6617,0.809181
6618,0.798015
6619,0.814890
6620,0.781029
6621,0.889736
6622,0.821639
6623,0.819922
6624,0.860128
6625,0.826387
6626,0.836081
6627,0.826347
6628,0.851600
6629,0.876739
6630,0.801508
6631,0.847611
6632,0.875908
6633,0.787821
6634,0.840557
6635,0.765225
6636,0.836796
6637,0.776018
6638,0.784840
6639,0.753155
6640,0.786042
6641,0.826538
6642,0.840444
6643,0.793874
6644,0.741283
6645,0.765118
6646,0.791211
6647,0.785110
6648,0.802999
6649,0.746580
6650,0.836058
6651,0.794646
6652,0.825890
6653,0.754216
6654,0.801836
6655,0.767959
6656,0.823366
6657,0.822919
6658,0.789927
6659,0.833388
6660,0.833880
6661,0.818882
6662,0.868264
6663,0.867422
6664,0.773213
6665,0.802865
6666,0.789960
6667,0.769751
6668,0.842354
6669,0.834981
6670,0.814048
6671,0.782145
6672,0.796039
6673,0.805275
6674,0.814101
6675,0.835580
6676,0.842236
6677,0.783124
6678,0.820741
6679,0.810931
6680,0.869840
6681,0.782171
6682,0.840048
6683,0.804135
6684,0.779190
6685,0.849836
6686,0.855359
6687,0.815814
6688,0.846185
6689,0.867394
6690,0.850364
6691,0.752633
6692,0.814880
6693,0.817888
6694,0.775395
6695,0.863787
6696,0.774585
6697,0.781438
6698,0.792301
6699,0.773756
6700,0.834971
6701,0.842273
6702,0.796914
6703,0.818426
6704,0.728878
6705,0.829541
6706,0.840874
6707,0.821113
6708,0.800495
6709,0.743507
6710,0.838953
6711,0.804881
6712,0.852796
6713,0.859898
6714,0.812642
6715,0.850940
6716,0.766771
6717,0.802587
6718,0.785284
6719,0.833220
6720,0.855973
6721,0.827409
6722,0.840409
6723,0.860609
6724,0.797981
6725,0.815145
6726,0.805109
6727,0.797966
6728,0.765479
6729,0.794938
6730,0.759341
6731,0.807676
6732,0.825957
6733,0.779988
6734,0.765906
6735,0.869375
6736,0.822837
6737,0.823517
6738,0.798812
6739,0.824892
6740,0.808355
6741,0.861937
6742,0.781171
6743,0.838731
6744,0.801391
6745,0.768703
6746,0.854803
6747,0.879157
6748,0.817287
6749,0.794185
6750,0.842753
6751,0.809379
6752,0.782432
6753,0.786268
6754,0.824932
6755,0.813068
6756,0.800843
6757,0.791403
6758,0.791866
6759,0.799793
6760,0.828534
6761,0.809986
6762,0.834506
6763,0.788517
6764,0.843887
6765,0.781355
6766,0.792014
6767,0.772166
6768,0.789700
6769,0.808673
6770,0.761771
6771,0.817184
6772,0.784111
6773,0.815521
6774,0.808839
6775,0.799061
6776,0.836155
6777,0.817043
6778,0.753307
6779,0.823262
6780,0.797854
6781,0.777134
6782,0.820242
6783,0.762551
6784,0.803107
6785,0.786614
6786,0.801955
6787,0.852174
6788,0.808052
6789,0.854616
6790,0.831066
6791,0.815537
6792,0.770742
6793,0.799290
6794,0.811038
6795,0.771489
6796,0.793210
6797,0.817052
6798,0.819871
6799,0.799116
6800,0.794969
6801,0.858416
6802,0.759521
6803,0.784731
6804,0.893366
6805,0.799759
6806,0.763966
6807,0.823298
6808,0.820096
6809,0.850188
6810,0.808707
6811,0.789039
6812,0.809160
6813,0.792151
6814,0.845684
6815,0.842699
6816,0.814535
6817,0.834616
6818,0.802827
6819,0.813070
6820,0.813847
6821,0.795094
6822,0.782715
6823,0.840014
6824,0.803406
6825,0.809454
6826,0.806591
6827,0.799881
6828,0.803957
6829,0.763824
6830,0.832369
6831,0.761727
6832,0.819133
6833,0.811419
6834,0.832352
6835,0.878826
6836,0.797033
6837,0.762803
6838,0.810606
6839,0.804485
6840,0.786724
6841,0.778842
6842,0.855099
6843,0.808047
6844,0.850586
6845,0.815804
6846,0.802386
6847,0.841394
6848,0.796893
6849,0.802394
6850,0.819585
6851,0.824381
6852,0.775936
6853,0.789299
6854,0.801305
6855,0.788561
6856,0.820857
6857,0.880145
6858,0.837153
6859,0.839095
6860,0.844135
6861,0.754634
6862,0.788809
6863,0.751592
6864,0.767844
6865,0.837640
6866,0.751711
6867,0.814284
6868,0.825778
6869,0.825058
6870,0.779362
6871,0.816163
6872,0.823947
6873,0.813204
6874,0.757016
6875,0.785818
6876,0.771716
6877,0.733177
6878,0.819813
6879,0.810864
6880,0.814922
6881,0.847720
6882,0.813743
6883,0.826158
6884,0.783484
6885,0.864190
6886,0.813050
6887,0.804377
6888,0.760225
6889,0.796622
6890,0.822692
6891,0.794762
6892,0.808821
6893,0.855611
6894,0.786635
6895,0.758280
6896,0.832501
6897,0.804453
6898,0.832619
6899,0.800581
6900,0.781539
6901,0.782515
6902,0.810146
6903,0.771702
6904,0.876532
6905,0.776568
6906,0.798286
6907,0.787270
6908,0.785889
6909,0.838342
6910,0.785364
6911,0.842577
6912,0.789010
6913,0.815588
6914,0.817897
6915,0.761936
6916,0.836725
6917,0.787938
6918,0.839541
6919,0.768738
6920,0.812052
6921,0.791748
6922,0.740356
6923,0.811891
6924,0.778892
6925,0.771555
6926,0.868493
6927,0.802369
6928,0.831062
6929,0.798390
6930,0.819898
6931,0.823784
6932,0.810569
6933,0.839502
6934,0.829001
6935,0.837158
6936,0.889934
6937,0.848846
6938,0.804145
6939,0.767616
6940,0.871865
6941,0.783074
6942,0.806417
6943,0.768267
6944,0.828521
6945,0.803215
6946,0.764563
6947,0.827393
6948,0.781889
6949,0.820510
6950,0.793182
6951,0.793029
6952,0.801784
6953,0.791093
6954,0.840263
6955,0.830136
6956,0.793876
6957,0.820143
6958,0.768258
6959,0.813885
6960,0.751416
6961,0.827894
6962,0.752239
6963,0.858459
6964,0.791901
6965,0.778410
6966,0.759622
6967,0.825933
6968,0.824344
6969,0.766995
6970,0.791911
6971,0.850703
6972,0.780959
6973,0.762640
6974,0.824786
6975,0.774033
6976,0.822892
6977,0.783405
6978,0.789098
6979,0.836289
6980,0.846052
6981,0.830750
6982,0.796065
6983,0.815360
6984,0.775222
6985,0.825421
6986,0.860613
6987,0.838837
6988,0.853269
6989,0.826929
6990,0.823502
6991,0.774386
6992,0.815227
6993,0.837484
6994,0.795700
6995,0.825665
6996,0.853069
6997,0.800297
6998,0.789927
6999,0.772870
7000,0.834385
7001,0.780000
7002,0.790697
7003,0.803231
7004,0.790819
7005,0.800874
7006,0.743092
7007,0.726590
7008,0.790555
7009,0.809594
7010,0.815452
7011,0.895780
7012,0.830801
7013,0.795849
7014,0.774631
7015,0.821003
7016,0.807935
7017,0.824288
7018,0.849979
7019,0.800281
7020,0.792335
7021,0.839687
7022,0.872971
7023,0.806449
7024,0.847370
7025,0.837730
7026,0.827715
7027,0.781628
7028,0.822891
7029,0.783748
7030,0.873588
7031,0.797571
7032,0.853848
7033,0.757597
7034,0.795838
7035,0.840465
7036,0.851897
7037,0.767091
7038,0.780424
7039,0.752996
7040,0.832713
7041,0.837398
7042,0.785553
7043,0.799929
7044,0.785882
7045,0.813486
7046,0.841856
7047,0.784535
7048,0.847361
7049,0.813593
7050,0.826362
7051,0.790023
7052,0.836286
7053,0.757845
7054,0.830076
7055,0.762529
7056,0.823630
7057,0.770500
7058,0.820488
7059,0.902702
7060,0.774213
7061,0.764784
7062,0.807322
7063,0.774771
7064,0.822653
7065,0.813622
7066,0.794161
7067,0.812354
7068,0.801863
7069,0.797287
7070,0.794994
7071,0.799115
7072,0.791166
7073,0.819331
7074,0.795637
7075,0.798274
7076,0.819363
7077,0.763733
7078,0.779468
7079,0.776858
7080,0.816384
7081,0.832889
7082,0.807575
7083,0.807393
7084,0.812473
7085,0.834700
7086,0.775598
7087,0.779401
7088,0.781786
7089,0.788759
7090,0.817631
7091,0.888401
7092,0.791136
7093,0.775802
7094,0.810316
7095,0.768601
7096,0.808424
7097,0.757083
7098,0.822026
7099,0.818030
7100,0.838958
7101,0.870165
7102,0.783599
7103,0.755299
7104,0.813551
7105,0.849028
7106,0.884017
7107,0.793074
7108,0.860401
7109,0.845123
7110,0.807570
7111,0.847384
7112,0.821523
7113,0.776883
7114,0.834455
7115,0.792629
7116,0.806319
7117,0.795034
7118,0.749178
7119,0.782053
7120,0.825569
7121,0.748543
7122,0.787156
7123,0.732117
7124,0.814851
7125,0.813934
7126,0.808217
7127,0.815253
7128,0.883521
7129,0.840712
7130,0.806710
7131,0.786755
7132,0.795080
7133,0.791273
7134,0.830924
7135,0.755405
7136,0.798436
7137,0.803131
7138,0.793755
7139,0.783934
7140,0.819327
7141,0.823981
7142,0.875724
7143,0.845682
7144,0.875186
7145,0.844890
7146,0.822142
7147,0.783517
7148,0.776591
7149,0.835973
7150,0.764949
7151,0.831825
7152,0.865942
7153,0.796728
7154,0.838097
7155,0.773969
7156,0.817738
7157,0.809193
7158,0.844237
7159,0.830106
7160,0.853739
7161,0.810502
7162,0.777160
7163,0.838076
7164,0.758962
7165,0.815229
7166,0.838761
7167,0.805519
7168,0.809183
7169,0.782849
7170,0.762449
7171,0.785233
7172,0.734399
7173,0.849857
7174,0.710267
7175,0.834626
7176,0.772540
7177,0.782546
7178,0.759562
7179,0.810209
7180,0.807068
7181,0.824925
7182,0.828131
7183,0.784774
7184,0.801878
7185,0.829520
7186,0.833151
7187,0.742873
7188,0.749142
7189,0.856669
7190,0.773508
7191,0.788739
7192,0.798622
7193,0.833438
7194,0.772059
7195,0.750509
7196,0.787502
7197,0.794268
7198,0.785721
7199,0.779735
7200,0.740821
7201,0.789607
7202,0.804456
7203,0.774585
7204,0.816530
7205,0.810234
7206,0.805439
7207,0.740487
7208,0.813186
7209,0.828693
7210,0.810214
7211,0.787308
7212,0.761708
7213,0.758149
7214,0.802885
7215,0.775243
7216,0.815955
7217,0.783076
7218,0.850552
7219,0.801995
7220,0.761295
7221,0.833054
7222,0.798817
7223,0.782214
7224,0.794597
7225,0.755058
7226,0.787987
7227,0.775194
7228,0.852545
7229,0.758278
7230,0.762748
7231,0.774269
7232,0.801706
7233,0.800508
7234,0.837897
7235,0.848255
7236,0.783695
7237,0.871680
7238,0.774594
7239,0.800539
7240,0.808398
7241,0.844276
7242,0.831656
7243,0.819642
7244,0.823962
7245,0.798365
7246,0.779542
7247,0.778711
7248,0.790793
7249,0.782687
7250,0.823805
7251,0.837039
7252,0.813915
7253,0.813738
7254,0.789499
7255,0.794271
7256,0.784716
7257,0.812485
7258,0.802773
7259,0.810574
7260,0.796067
7261,0.826777
7262,0.832548
7263,0.811242
7264,0.800421
7265,0.827692
7266,0.766836
7267,0.737101
7268,0.831016
7269,0.849126
7270,0.781080
7271,0.815960
7272,0.783973
7273,0.832977
7274,0.773097
7275,0.842000
7276,0.783152
7277,0.772363
7278,0.808759
7279,0.761875
7280,0.777330
7281,0.799433
7282,0.787467
7283,0.812316
7284,0.800135
7285,0.762876
7286,0.815120
7287,0.838232
7288,0.775742
7289,0.764997
7290,0.892379
7291,0.808252
7292,0.807726
7293,0.777535
7294,0.805841
7295,0.797962
7296,0.776535
7297,0.798970
7298,0.810920
7299,0.772758
7300,0.750187
7301,0.836780
7302,0.824135
7303,0.799566
7304,0.809011
7305,0.765840
7306,0.790428
7307,0.769524
7308,0.781875
7309,0.859214
7310,0.806880
7311,0.808328
7312,0.776999
7313,0.808672
7314,0.823950
7315,0.802476
7316,0.815435
7317,0.867198
7318,0.798154
7319,0.781547
7320,0.862042
7321,0.792628
7322,0.801564
7323,0.767150
7324,0.796171
7325,0.775950
7326,0.801255
7327,0.800515
7328,0.740143
7329,0.770735
7330,0.780676
7331,0.816966
7332,0.773798
7333,0.820133
7334,0.846097
7335,0.775165
7336,0.777021
7337,0.794581
7338,0.813019
7339,0.835229
7340,0.836559
7341,0.820408
7342,0.784280
7343,0.809432
7344,0.816228
7345,0.762363
7346,0.798963
7347,0.844056
7348,0.773624
7349,0.775472
7350,0.794039
7351,0.825286
7352,0.796688
7353,0.769723
7354,0.852378
7355,0.729944
7356,0.824874
7357,0.772568
7358,0.822437
7359,0.842027
7360,0.831473
7361,0.782083
7362,0.764970
7363,0.859804
7364,0.761537
7365,0.822851
7366,0.778648
7367,0.771156
7368,0.786288
7369,0.744727
7370,0.770128
7371,0.811704
7372,0.749455
7373,0.880200
7374,0.783801
7375,0.824326
7376,0.824527
7377,0.764149
7378,0.785731
7379,0.822711
7380,0.790227
7381,0.792182
7382,0.834986
7383,0.790260
7384,0.831180
7385,0.763709
7386,0.857327
7387,0.773707
7388,0.784606
7389,0.777672
7390,0.861435
7391,0.833056
7392,0.801282
7393,0.824287
7394,0.776109
7395,0.839014
7396,0.786908
7397,0.810236
7398,0.772133
7399,0.768824
7400,0.764371
7401,0.806245
7402,0.754620
7403,0.753089
7404,0.818943
7405,0.808602
7406,0.785798
7407,0.807327
7408,0.866580
7409,0.774888
7410,0.850255
7411,0.759361
7412,0.756972
7413,0.840175
7414,0.830220
7415,0.840231
7416,0.795085
7417,0.844408
7418,0.796888
7419,0.767929
7420,0.778676
7421,0.858028
7422,0.761422
7423,0.759747
7424,0.804980
7425,0.815044
7426,0.779508
7427,0.774307
7428,0.830521
7429,0.812206
7430,0.809803
7431,0.787871
7432,0.766955
7433,0.818482
7434,0.764883
7435,0.747190
7436,0.799145
7437,0.866027
7438,0.830547
7439,0.836497
7440,0.749034
7441,0.730379
7442,0.722680
7443,0.768945
7444,0.755277
7445,0.783831
7446,0.786566
7447,0.784707
7448,0.746195
7449,0.765519
7450,0.808341
7451,0.776688
7452,0.769438
7453,0.757485
7454,0.788019
7455,0.805416
7456,0.776213
7457,0.793585
7458,0.889830
7459,0.873456
7460,0.781550
7461,0.823091
7462,0.830128
7463,0.814629
7464,0.858594
7465,0.755565
7466,0.750990
7467,0.769199
7468,0.745836
7469,0.803490
7470,0.798863
7471,0.814863
7472,0.813844
7473,0.823367
7474,0.842614
7475,0.844134
7476,0.766415
7477,0.766618
7478,0.891416
7479,0.779325
7480,0.806014
7481,0.762901
7482,0.831019
7483,0.843225
7484,0.793303
7485,0.786251
7486,0.769830
7487,0.793582
7488,0.849024
7489,0.770259
7490,0.809458
7491,0.761780
7492,0.824948
7493,0.838976
7494,0.824008
7495,0.783421
7496,0.821350
7497,0.806080
7498,0.768735
7499,0.824278
7500,0.744806
7501,0.780321
7502,0.774784
7503,0.787101
7504,0.825539
7505,0.791785
7506,0.798480
7507,0.785584
7508,0.751763
7509,0.846547
7510,0.758648
7511,0.790913
7512,0.779297
7513,0.865168
7514,0.767578
7515,0.725515
7516,0.737178
7517,0.818373
7518,0.773887
7519,0.734622
7520,0.839954
7521,0.770086
7522,0.782899
7523,0.816007
7524,0.805080
7525,0.824657
7526,0.746970
7527,0.836401
7528,0.776893
7529,0.736850
7530,0.848202
7531,0.809343
7532,0.806063
7533,0.816326
7534,0.805734
7535,0.846117
7536,0.818741
7537,0.764192
7538,0.790047
7539,0.795726
7540,0.832958
7541,0.820175
7542,0.856256
7543,0.796420
7544,0.773901
7545,0.817116
7546,0.791005
7547,0.804026
7548,0.773479
7549,0.813419
7550,0.815271
7551,0.763566
7552,0.849378
7553,0.753622
7554,0.782833
7555,0.812804
7556,0.848383
7557,0.773580
7558,0.769866
7559,0.765693
7560,0.766499
7561,0.879364
7562,0.733818
7563,0.824008
7564,0.819070
7565,0.793978
7566,0.818589
7567,0.822028
7568,0.752661
7569,0.792980
7570,0.778619
7571,0.822928
7572,0.754347
7573,0.813182
7574,0.832756
7575,0.815180
7576,0.824962
7577,0.855021
7578,0.817350
7579,0.746234
7580,0.852181
7581,0.752533
7582,0.757837
7583,0.729572
7584,0.772152
7585,0.804697
7586,0.792015
7587,0.779373
7588,0.795256
7589,0.793388
7590,0.765447
7591,0.878761
7592,0.813552
7593,0.800873
7594,0.824916
7595,0.781281
7596,0.793726
7597,0.788814
7598,0.772389
7599,0.842309
7600,0.766176
7601,0.788861
7602,0.740349
7603,0.722931
7604,0.817443
7605,0.790743
7606,0.804044
7607,0.793805
7608,0.757765
7609,0.752703
7610,0.796711
7611,0.813008
7612,0.811072
7613,0.733469
7614,0.770249
7615,0.776559
7616,0.782062
7617,0.780570
7618,0.763899
7619,0.811585
7620,0.784838
7621,0.781032
7622,0.795454
7623,0.758802
7624,0.845870
7625,0.809897
7626,0.807650
7627,0.806933
7628,0.845880
7629,0.830477
7630,0.783459
7631,0.772723
7632,0.791070
7633,0.774399
7634,0.832402
7635,0.769155
7636,0.785670
7637,0.809774
7638,0.817596
7639,0.783892
7640,0.810169
7641,0.817263
7642,0.779444
7643,0.794025
7644,0.780178
7645,0.796634
7646,0.828030
7647,0.813466
7648,0.828981
7649,0.836915
7650,0.824040
7651,0.799996
7652,0.783282
7653,0.757459
7654,0.842496
7655,0.813372
7656,0.820808
7657,0.784138
7658,0.775071
7659,0.820564
7660,0.829453
7661,0.776251
7662,0.805115
7663,0.863289
7664,0.764740
7665,0.779002
7666,0.876340
7667,0.838532
7668,0.739575
7669,0.853260
7670,0.826850
7671,0.801915
7672,0.828976
7673,0.762830
7674,0.777900
7675,0.825090
7676,0.786898
7677,0.765787
7678,0.827637
7679,0.801237
7680,0.831090
7681,0.743174
7682,0.870432
7683,0.791966
7684,0.814330
7685,0.807561
7686,0.827911
7687,0.836887
7688,0.802767
7689,0.842276
7690,0.838820
7691,0.816900
7692,0.787320
7693,0.809926
7694,0.802223
7695,0.736086
7696,0.812604
7697,0.774752
7698,0.810371
7699,0.795212
7700,0.846026
7701,0.848622
7702,0.711421
7703,0.811601
7704,0.738184
7705,0.787520
7706,0.793072
7707,0.795832
7708,0.752310
7709,0.776255
7710,0.801964
7711,0.811704
7712,0.863084
7713,0.802213
7714,0.766398
7715,0.797772
7716,0.810744
7717,0.769650
7718,0.765061
7719,0.807972
7720,0.764038
7721,0.774395
7722,0.763003
7723,0.812891
7724,0.781342
7725,0.834942
7726,0.812931
7727,0.789272
7728,0.735013
7729,0.768524
7730,0.757534
7731,0.855542
7732,0.815887
7733,0.797158
7734,0.801234
7735,0.796886
7736,0.793793
7737,0.821012
7738,0.850824
7739,0.759418
7740,0.805045
7741,0.801797
7742,0.779557
7743,0.776431
7744,0.771514
7745,0.840538
7746,0.760419
7747,0.780937
7748,0.766979
7749,0.799723
7750,0.779458
7751,0.804705
7752,0.803574
7753,0.797646
7754,0.899072
7755,0.807914
7756,0.762556
7757,0.746410
7758,0.834003
7759,0.840724
7760,0.739637
7761,0.816208
7762,0.763320
7763,0.815757
7764,0.799137
7765,0.721494
7766,0.707620
7767,0.828299
7768,0.807845
7769,0.844695
7770,0.797307
7771,0.809963
7772,0.763711
7773,0.803551
7774,0.806628
7775,0.739163
7776,0.718719
7777,0.780053
7778,0.833613
7779,0.806656
7780,0.823682
7781,0.754890
7782,0.756641
7783,0.794947
7784,0.758932
7785,0.830303
7786,0.813030
7787,0.790904
7788,0.925387
7789,0.776570
7790,0.719269
7791,0.812106
7792,0.788080
7793,0.807170
7794,0.840813
7795,0.833292
7796,0.812412
7797,0.740640
7798,0.803932
7799,0.799102
7800,0.771418
7801,0.787562
7802,0.842294
7803,0.767026
7804,0.795266
7805,0.845767
7806,0.806837
7807,0.790165
7808,0.798247
7809,0.759102
7810,0.730633
7811,0.801699
7812,0.776865
7813,0.809771
7814,0.781015
7815,0.788053
7816,0.834409
7817,0.804976
7818,0.838614
7819,0.839259
7820,0.729197
7821,0.755588
7822,0.829627
7823,0.774322
7824,0.752206
7825,0.803747
7826,0.807356
7827,0.771285
7828,0.723267
7829,0.822441
7830,0.843892
7831,0.766242
7832,0.797530
7833,0.793560
7834,0.809867
7835,0.749402
7836,0.784252
7837,0.763721
7838,0.810071
7839,0.773264
7840,0.845068
7841,0.802473
7842,0.790902
7843,0.790470
7844,0.903115
7845,0.786905
7846,0.828630
7847,0.767897
7848,0.817640
7849,0.844062
7850,0.830929
7851,0.803748
7852,0.803217
7853,0.791422
7854,0.798122
7855,0.800562
7856,0.770373
7857,0.778217
7858,0.777473
7859,0.864674
7860,0.784019
7861,0.850976
7862,0.803607
7863,0.813212
7864,0.784108
7865,0.830554
7866,0.767809
7867,0.729830
7868,0.748654
7869,0.820059
7870,0.769085
7871,0.809048
7872,0.791984
7873,0.784452
7874,0.824933
7875,0.772253
7876,0.739834
7877,0.818342
7878,0.851732
7879,0.712438
7880,0.814791
7881,0.807222
7882,0.808585
7883,0.797449
7884,0.794774
7885,0.843440
7886,0.813326
7887,0.820357
7888,0.797804
7889,0.818881
7890,0.831181
7891,0.800619
7892,0.773023
7893,0.760805
7894,0.754675
7895,0.780562
7896,0.793925
7897,0.805118
7898,0.772285
7899,0.794975
7900,0.763377
7901,0.760982
7902,0.777432
7903,0.794065
7904,0.776128
7905,0.802350
7906,0.755834
7907,0.767106
7908,0.854917
7909,0.800222
7910,0.781348
7911,0.815571
7912,0.861726
7913,0.761836
7914,0.809767
7915,0.761284
7916,0.791142
7917,0.755954
7918,0.776873
7919,0.732202
7920,0.830686
7921,0.806504
7922,0.830016
7923,0.744185
7924,0.761132
7925,0.792975
7926,0.833802
7927,0.864493
7928,0.858320
7929,0.770841
7930,0.766159
7931,0.825419
7932,0.757133
7933,0.734684
7934,0.779382
7935,0.796161
7936,0.758116
7937,0.805882
7938,0.763739
7939,0.853675
7940,0.835916
7941,0.807582
7942,0.728920
7943,0.803993
7944,0.747926
7945,0.773355
7946,0.792724
7947,0.790247
7948,0.814686
7949,0.745254
7950,0.783802
7951,0.829470
7952,0.813776
7953,0.831357
7954,0.835703
7955,0.811042
7956,0.769114
7957,0.790632
7958,0.809819
7959,0.824422
7960,0.760261
7961,0.792627
7962,0.835586
7963,0.813785
7964,0.752763
7965,0.759401
7966,0.805747
7967,0.749950
7968,0.821407
7969,0.801820
7970,0.789872
7971,0.829492
7972,0.796519
7973,0.829849
7974,0.829578
7975,0.745649
7976,0.796724
7977,0.771893
7978,0.810862
7979,0.823515
7980,0.814769
7981,0.792258
7982,0.756460
7983,0.776326
7984,0.788566
7985,0.766216
7986,0.805923
7987,0.807957
7988,0.696675
7989,0.759612
7990,0.768742
7991,0.779621
7992,0.826641
7993,0.809460
7994,0.720151
7995,0.799506
7996,0.808191
7997,0.777804
7998,0.787388
7999,0.780708
8000,0.811744
8001,0.795705
8002,0.796131
8003,0.820446
8004,0.834126
8005,0.818881
8006,0.821546
8007,0.758831
8008,0.779149
8009,0.789286
8010,0.784868
8011,0.767594
8012,0.796863
8013,0.826027
8014,0.801533
8015,0.828005
8016,0.798199
8017,0.805072
8018,0.807865
8019,0.851134
8020,0.768758
8021,0.777784
8022,0.853166
8023,0.763694
8024,0.759026
8025,0.797348
8026,0.777992
8027,0.792179
8028,0.783725
8029,0.768770
8030,0.821479
8031,0.797112
8032,0.809832
8033,0.789092
8034,0.770916
8035,0.809795
8036,0.807991
8037,0.821080
8038,0.793306
8039,0.823514
8040,0.786277
8041,0.800130
8042,0.801751
8043,0.794613
8044,0.790579
8045,0.782123
8046,0.749308
8047,0.746212
8048,0.805753
8049,0.808233
8050,0.777846
8051,0.769976
8052,0.735755
8053,0.787267
8054,0.830685
8055,0.776124
8056,0.759988
8057,0.765734
8058,0.812247
8059,0.762738
8060,0.771461
8061,0.797747
8062,0.752546
8063,0.715796
8064,0.748275
8065,0.791167
8066,0.846653
8067,0.754027
8068,0.786464
8069,0.767124
8070,0.781606
8071,0.789994
8072,0.844348
8073,0.796644
8074,0.732578
8075,0.811396
8076,0.767668
8077,0.805147
8078,0.816609
8079,0.787319
8080,0.850334
8081,0.799226
8082,0.794749
8083,0.790760
8084,0.803782
8085,0.755745
8086,0.747198
8087,0.788654
8088,0.838435
8089,0.793018
8090,0.790989
8091,0.791733
8092,0.803468
8093,0.792414
8094,0.759226
8095,0.775013
8096,0.816777
8097,0.764392
8098,0.821789
8099,0.782196
8100,0.782705
8101,0.808988
8102,0.835539
8103,0.741410
8104,0.811451
8105,0.813995
8106,0.800760
8107,0.775755
8108,0.818051
8109,0.790392
8110,0.871065
8111,0.752612
8112,0.818005
8113,0.822359
8114,0.776226
8115,0.777622
8116,0.787658
8117,0.794278
8118,0.816011
8119,0.859657
8120,0.772064
8121,0.812423
8122,0.823277
8123,0.779806
8124,0.753531
8125,0.725049
8126,0.853948
8127,0.813748
8128,0.844040
8129,0.780716
8130,0.776377
8131,0.809975
8132,0.814700
8133,0.750657
8134,0.826790
8135,0.761694
8136,0.766173
8137,0.773487
8138,0.781657
8139,0.778947
8140,0.778475
8141,0.760250
8142,0.771569
8143,0.803208
8144,0.725133
8145,0.781639
8146,0.800304
8147,0.773785
8148,0.819242
8149,0.784368
8150,0.779675
8151,0.747382
8152,0.834951
8153,0.817434
8154,0.731100
8155,0.857326
8156,0.787750
8157,0.774272
8158,0.760533
8159,0.765025
8160,0.806712
8161,0.748715
8162,0.782256
8163,0.797474
8164,0.757036
8165,0.747899
8166,0.789573
8167,0.747157
8168,0.775055
8169,0.771857
8170,0.763056
8171,0.807964
8172,0.835785
8173,0.764647
8174,0.803240
8175,0.772048
8176,0.790978
8177,0.755022
8178,0.812479
8179,0.814134
8180,0.784624
8181,0.790428
8182,0.797037
8183,0.840356
8184,0.849080
8185,0.818441
8186,0.802071
8187,0.772845
8188,0.779930
8189,0.761049
8190,0.819620
8191,0.823905
8192,0.770405
8193,0.804951
8194,0.787577
8195,0.819205
8196,0.815510
8197,0.764508
8198,0.796803
8199,0.795849
8200,0.726401
8201,0.774687
8202,0.800455
8203,0.778698
8204,0.816854
8205,0.828937
8206,0.783051
8207,0.801609
8208,0.842853
8209,0.800568
8210,0.756695
8211,0.820988
8212,0.814748
8213,0.777809
8214,0.799410
8215,0.833019
8216,0.738299
8217,0.812842
8218,0.782341
8219,0.792761
8220,0.825408
8221,0.810199
8222,0.753197
8223,0.749597
8224,0.847597
8225,0.812294
8226,0.772779
8227,0.801595
8228,0.754017
8229,0.829528
8230,0.790276
8231,0.783028
8232,0.816010
8233,0.804821
8234,0.777606
8235,0.792933
8236,0.806216
8237,0.784146
8238,0.791863
8239,0.801809
8240,0.808514
8241,0.774504
8242,0.800113
8243,0.809317
8244,0.764429
8245,0.799035
8246,0.826830
8247,0.785674
8248,0.736522
8249,0.739064
8250,0.772028
8251,0.802817
8252,0.760003
8253,0.740636
8254,0.800539
8255,0.802840
8256,0.792284
8257,0.807662
8258,0.821885
8259,0.786573
8260,0.774685
8261,0.782401
8262,0.759292
8263,0.779971
8264,0.814638
8265,0.743123
8266,0.785394
8267,0.851071
8268,0.723765
8269,0.787785
8270,0.754624
8271,0.825903
8272,0.808645
8273,0.832882
8274,0.860491
8275,0.794442
8276,0.757078
8277,0.792145
8278,0.824104
8279,0.806799
8280,0.797136
8281,0.814966
8282,0.753013
8283,0.799309
8284,0.781645
8285,0.785299
8286,0.816689
8287,0.751804
8288,0.793911
8289,0.768436
8290,0.809588
8291,0.767446
8292,0.780051
8293,0.750907
8294,0.751279
8295,0.886088
8296,0.783522
8297,0.777920
8298,0.831084
8299,0.744121
8300,0.793905
8301,0.824898
8302,0.781634
8303,0.750117
8304,0.778009
8305,0.791739
8306,0.759610
8307,0.782021
8308,0.789252
8309,0.787652
8310,0.781442
8311,0.742522
8312,0.778393
8313,0.834498
8314,0.754190
8315,0.809341
8316,0.785265
8317,0.793504
8318,0.757553
8319,0.810405
8320,0.795216
8321,0.745649
8322,0.732992
8323,0.772652
8324,0.796692
8325,0.783157
8326,0.769028
8327,0.754593
8328,0.846884
8329,0.851661
8330,0.781707
8331,0.804009
8332,0.768138
8333,0.784382
8334,0.829432
8335,0.766490
8336,0.803977
8337,0.783024
8338,0.761530
8339,0.787052
8340,0.814473
8341,0.784451
8342,0.805163
8343,0.764979
8344,0.815805
8345,0.769149
8346,0.758058
8347,0.734663
8348,0.818399
8349,0.833705
8350,0.792104
8351,0.802004
8352,0.795604
8353,0.762567
8354,0.830004
8355,0.785533
8356,0.833035
8357,0.775576
8358,0.789332
8359,0.791146
8360,0.765948
8361,0.814338
8362,0.750808
8363,0.784529
8364,0.818721
8365,0.772644
8366,0.774987
8367,0.795330
8368,0.838111
8369,0.806659
8370,0.817988
8371,0.808959
8372,0.808545
8373,0.781069
8374,0.766038
8375,0.756340
8376,0.753396
8377,0.756844
8378,0.806079
8379,0.777471
8380,0.844785
8381,0.835199
8382,0.838271
8383,0.737487
8384,0.767435
8385,0.824167
8386,0.782473
8387,0.802313
8388,0.849160
8389,0.813926
8390,0.823077
8391,0.788073
8392,0.796041
8393,0.770052
8394,0.835772
8395,0.819904
8396,0.783222
8397,0.769615
8398,0.783620
8399,0.773588
8400,0.745034
8401,0.764861
8402,0.823503
8403,0.843223
8404,0.812974
8405,0.778092
8406,0.760490
8407,0.822315
8408,0.787853
8409,0.842795
8410,0.785546
8411,0.786564
8412,0.815409
8413,0.820534
8414,0.758903
8415,0.820713
8416,0.776725
8417,0.756702
8418,0.851408
8419,0.808444
8420,0.765896
8421,0.756518
8422,0.786096
8423,0.812039
8424,0.807055
8425,0.810249
8426,0.810835
8427,0.799836
8428,0.855817
8429,0.781904
8430,0.787441
8431,0.772309
8432,0.821546
8433,0.772095
8434,0.827271
8435,0.809429
8436,0.763494
8437,0.779983
8438,0.825680
8439,0.772213
8440,0.732509
8441,0.734655
8442,0.830924
8443,0.749398
8444,0.736118
8445,0.793022
8446,0.789873
8447,0.781879
8448,0.819008
8449,0.792867
8450,0.815429
8451,0.750499
8452,0.816564
8453,0.800193
8454,0.782712
8455,0.791393
8456,0.806864
8457,0.795331
8458,0.863152
8459,0.795878
8460,0.770656
8461,0.840700
8462,0.796779
8463,0.753409
8464,0.782600
8465,0.856229
8466,0.781746
8467,0.804047
8468,0.806138
8469,0.802765
8470,0.830945
8471,0.744584
8472,0.816229
8473,0.824810
8474,0.822759
8475,0.806478
8476,0.793184
8477,0.770530
8478,0.798480
8479,0.769436
8480,0.795511
8481,0.816945
8482,0.795815
8483,0.813143
8484,0.823255
8485,0.809387
8486,0.773164
8487,0.775188
8488,0.781879
8489,0.837449
8490,0.838578
8491,0.759105
8492,0.774499
8493,0.708377
8494,0.791202
8495,0.814320
8496,0.758352
8497,0.753543
8498,0.808241
8499,0.760797
8500,0.846812
8501,0.776399
8502,0.770056
8503,0.769554
8504,0.753844
8505,0.803952
8506,0.745227
8507,0.769214
8508,0.782469
8509,0.756028
8510,0.840626
8511,0.788345
8512,0.800358
8513,0.797177
8514,0.824463
8515,0.777372
8516,0.774933
8517,0.781251
8518,0.733858
8519,0.748141
8520,0.820853
8521,0.810054
8522,0.770773
8523,0.755543
8524,0.796568
8525,0.768028
8526,0.762464
8527,0.830955
8528,0.780650
8529,0.822257
8530,0.773617
8531,0.780933
8532,0.758594
8533,0.836922
8534,0.766562
8535,0.771578
8536,0.821616
8537,0.763550
8538,0.763030
8539,0.857599
8540,0.798084
8541,0.767369
8542,0.818445
8543,0.812000
8544,0.787029
8545,0.725930
8546,0.757157
8547,0.775970
8548,0.797986
8549,0.828715
8550,0.830949
8551,0.797626
8552,0.817119
8553,0.767750
8554,0.789137
8555,0.793516
8556,0.788365
8557,0.812756
8558,0.779685
8559,0.775897
8560,0.779373
8561,0.827707
8562,0.803341
8563,0.816612
8564,0.754939
8565,0.772007
8566,0.754555
8567,0.750534
8568,0.784410
8569,0.733168
8570,0.840032
8571,0.840871
8572,0.804472
8573,0.805638
8574,0.782056
8575,0.798108
8576,0.734577
8577,0.804583
8578,0.821410
8579,0.792965
8580,0.774926
8581,0.825856
8582,0.810874
8583,0.758948
8584,0.827601
8585,0.790973
8586,0.726268
8587,0.758212
8588,0.778683
8589,0.747871
8590,0.788338
8591,0.811647
8592,0.755838
8593,0.762678
8594,0.768854
8595,0.748524
8596,0.793543
8597,0.811141
8598,0.756444
8599,0.844200
8600,0.774141
8601,0.732477
8602,0.773981
8603,0.849197
8604,0.830435
8605,0.796747
8606,0.800672
8607,0.754267
8608,0.732697
8609,0.755089
8610,0.813125
8611,0.776038
8612,0.780422
8613,0.786506
8614,0.753720
8615,0.752566
8616,0.748091
8617,0.740634
8618,0.844643
8619,0.848066
8620,0.797055
8621,0.790143
8622,0.762468
8623,0.791436
8624,0.778847
8625,0.790959
8626,0.812923
8627,0.779688
8628,0.834979
8629,0.819417
8630,0.778183
8631,0.806277
8632,0.813067
8633,0.800351
8634,0.790629
8635,0.769892
8636,0.818581
8637,0.730311
8638,0.764974
8639,0.814853
8640,0.777695
8641,0.764815
8642,0.808221
8643,0.817882
8644,0.741791
8645,0.758110
8646,0.771745
8647,0.732141
8648,0.758237
8649,0.790936
8650,0.770895
8651,0.756882
8652,0.744234
8653,0.831162
8654,0.780962
8655,0.812539
8656,0.742919
8657,0.819850
8658,0.785813
8659,0.812978
8660,0.751708
8661,0.787492
8662,0.901479
8663,0.723720
8664,0.739417
8665,0.725812
8666,0.752809
8667,0.735031
8668,0.757669
8669,0.734265
8670,0.726247
8671,0.832415
8672,0.770753
8673,0.831602
8674,0.800709
8675,0.769496
8676,0.757303
8677,0.800670
8678,0.775080
8679,0.756854
8680,0.750156
8681,0.784653
8682,0.849151
8683,0.784950
8684,0.814162
8685,0.777981
8686,0.741148
8687,0.784396
8688,0.801736
8689,0.783700
8690,0.784472
8691,0.845250
8692,0.754767
8693,0.746011
8694,0.775147
8695,0.759231
8696,0.760933
8697,0.843048
8698,0.836439
8699,0.774295
8700,0.776839
8701,0.753673
8702,0.785328
8703,0.756626
8704,0.748297
8705,0.813913
8706,0.804241
8707,0.800737
8708,0.728518
8709,0.743161
8710,0.818643
8711,0.809418
8712,0.784234
8713,0.818029
8714,0.848589
8715,0.748074
8716,0.799636
8717,0.787537
8718,0.760934
8719,0.783862
8720,0.830378
8721,0.804153
8722,0.773161
8723,0.755977
8724,0.800111
8725,0.841523
8726,0.821265
8727,0.827330
8728,0.790077
8729,0.783658
8730,0.759871
8731,0.788575
8732,0.813200
8733,0.781115
8734,0.796972
8735,0.772787
8736,0.855460
8737,0.724202
8738,0.745474
8739,0.761487
8740,0.753804
8741,0.851957
8742,0.775535
8743,0.785085
8744,0.820483
8745,0.797133
8746,0.800125
8747,0.763642
8748,0.749288
8749,0.845231
8750,0.790252
8751,0.762043
8752,0.768276
8753,0.778118
8754,0.816018
8755,0.761625
8756,0.745124
8757,0.764493
8758,0.759998
8759,0.796883
8760,0.866654
8761,0.796599
8762,0.818955
8763,0.728228
8764,0.763624
8765,0.748943
8766,0.814317
8767,0.763270
8768,0.769849
8769,0.742424
8770,0.811426
8771,0.817016
8772,0.743579
8773,0.770596
8774,0.731898
8775,0.803606
8776,0.794631
8777,0.768674
8778,0.832109
8779,0.769053
8780,0.807874
8781,0.738734
8782,0.785510
8783,0.766056
8784,0.748899
8785,0.806039
8786,0.784512
8787,0.820307
8788,0.750512
8789,0.739743
8790,0.842211
8791,0.736085
8792,0.775649
8793,0.782524
8794,0.773034
8795,0.791274
8796,0.775331
8797,0.763561
8798,0.761163
8799,0.727171
8800,0.819195
8801,0.789196
8802,0.751520
8803,0.791636
8804,0.776145
8805,0.792556
8806,0.755520
8807,0.770663
8808,0.751382
8809,0.773350
8810,0.760084
8811,0.771652
8812,0.728869
8813,0.797042
8814,0.782994
8815,0.777878
8816,0.803906
8817,0.789961
8818,0.770990
8819,0.800920
8820,0.795338
8821,0.763971
8822,0.773877
8823,0.783957
8824,0.833945
8825,0.800543
8826,0.778635
8827,0.737165
8828,0.844233
8829,0.770953
8830,0.803708
8831,0.743048
8832,0.798771
8833,0.792878
8834,0.820667
8835,0.803446
8836,0.780843
8837,0.754509
8838,0.780053
8839,0.821429
8840,0.811857
8841,0.822203
8842,0.792374
8843,0.795431
8844,0.813658
8845,0.799180
8846,0.750734
8847,0.749320
8848,0.710760
8849,0.809525
8850,0.767658
8851,0.790824
8852,0.774057
8853,0.776154
8854,0.778823
8855,0.777795
8856,0.745856
8857,0.758231
8858,0.802733
8859,0.778966
8860,0.768796
8861,0.765472
8862,0.788193
8863,0.850491
8864,0.755196
8865,0.780420
8866,0.766660
8867,0.798556
8868,0.746680
8869,0.803361
8870,0.687589
8871,0.761570
8872,0.793174
8873,0.768689
8874,0.817089
8875,0.756383
8876,0.796917
8877,0.757297
8878,0.821233
8879,0.762523
8880,0.807726
8881,0.777603
8882,0.705282
8883,0.758603
8884,0.738332
8885,0.804676
8886,0.896983
8887,0.741894
8888,0.886761
8889,0.780944
8890,0.799642
8891,0.874127
8892,0.766711
8893,0.759110
8894,0.774166
8895,0.793533
8896,0.789954
8897,0.767371
8898,0.757288
8899,0.741747
8900,0.772583
8901,0.814928
8902,0.692929
8903,0.774809
8904,0.776095
8905,0.792286
8906,0.777549
8907,0.848793
8908,0.799310
8909,0.809883
8910,0.779752
8911,0.805158
8912,0.780400
8913,0.827808
8914,0.773869
8915,0.762470
8916,0.780757
8917,0.742534
8918,0.781233
8919,0.785241
8920,0.794596
8921,0.776623
8922,0.805338
8923,0.809183
8924,0.765152
8925,0.764555
8926,0.752782
8927,0.794336
8928,0.763122
8929,0.788981
8930,0.710350
8931,0.796747
8932,0.788168
8933,0.733526
8934,0.834163
8935,0.773044
8936,0.769786
8937,0.766634
8938,0.796752
8939,0.780065
8940,0.764136
8941,0.751371
8942,0.821868
8943,0.802481
8944,0.801831
8945,0.823615
8946,0.832365
8947,0.772863
8948,0.840765
8949,0.790020
8950,0.775496
8951,0.799343
8952,0.733100
8953,0.745721
8954,0.833941
8955,0.711290
8956,0.792358
8957,0.842624
8958,0.800613
8959,0.780202
8960,0.780167
8961,0.793188
8962,0.775583
8963,0.762298
8964,0.763717
8965,0.815678
8966,0.803851
8967,0.783139
8968,0.778874
8969,0.779109
8970,0.811325
8971,0.802787
8972,0.798168
8973,0.834653
8974,0.823208
8975,0.842324
8976,0.783430
8977,0.760290
8978,0.804100
8979,0.794128
8980,0.754455
8981,0.740330
8982,0.773933
8983,0.757151
8984,0.804443
8985,0.768879
8986,0.746124
8987,0.754445
8988,0.772958
8989,0.812170
8990,0.787016
8991,0.755884
8992,0.779203
8993,0.799422
8994,0.763583
8995,0.795835
8996,0.768823
8997,0.744184
8998,0.798613
8999,0.789163
9000,0.761330
9001,0.781342
9002,0.764563
9003,0.775709
9004,0.802041
9005,0.790064
9006,0.805080
9007,0.776944
9008,0.791278
9009,0.740445
9010,0.746905
9011,0.827059
9012,0.800058
9013,0.779973
9014,0.800726
9015,0.803543
9016,0.805276
9017,0.791320
9018,0.772643
9019,0.787725
9020,0.843863
9021,0.824379
9022,0.812594
9023,0.719962
9024,0.792291
9025,0.759235
9026,0.780584
9027,0.761390
9028,0.734271
9029,0.769678
9030,0.758965
9031,0.809225
9032,0.799928
9033,0.770668
9034,0.738045
9035,0.738242
9036,0.799832
9037,0.762976
9038,0.783959
9039,0.761025
9040,0.792600
9041,0.787371
9042,0.755474
9043,0.780258
9044,0.764043
9045,0.801348
9046,0.782022
9047,0.778654
9048,0.784576
9049,0.813584
9050,0.862841
9051,0.755109
9052,0.775630
9053,0.748944
9054,0.770007
9055,0.769367
9056,0.789404
9057,0.796163
9058,0.788702
9059,0.782540
9060,0.806424
9061,0.796261
9062,0.794509
9063,0.791513
9064,0.816036
9065,0.795345
9066,0.789900
9067,0.771429
9068,0.814915
9069,0.773649
9070,0.759059
9071,0.830897
9072,0.763013
9073,0.770162
9074,0.765282
9075,0.802019
9076,0.767317
9077,0.795339
9078,0.824668
9079,0.789073
9080,0.800909
9081,0.778366
9082,0.734978
9083,0.725735
9084,0.758303
9085,0.783348
9086,0.791358
9087,0.786357
9088,0.782656
9089,0.783519
9090,0.762196
9091,0.766698
9092,0.740396
9093,0.800372
9094,0.776661
9095,0.762621
9096,0.749290
9097,0.765179
9098,0.784358
9099,0.753366
9100,0.864522
9101,0.814079
9102,0.791177
9103,0.839682
9104,0.723176
9105,0.773354
9106,0.798272
9107,0.798657
9108,0.690948
9109,0.717536
9110,0.722392
9111,0.780275
9112,0.802696
9113,0.847480
9114,0.775439
9115,0.758741
9116,0.822135
9117,0.775310
9118,0.822582
9119,0.840761
9120,0.731645
9121,0.704579
9122,0.769716
9123,0.770522
9124,0.843027
9125,0.759450
9126,0.788351
9127,0.806031
9128,0.772344
9129,0.753165
9130,0.741070
9131,0.734340
9132,0.736890
9133,0.756920
9134,0.821414
9135,0.740931
9136,0.690983
9137,0.773379
9138,0.759470
9139,0.777785
9140,0.792938
9141,0.737737
9142,0.766552
9143,0.763666
9144,0.788378
9145,0.793312
9146,0.816683
9147,0.820314
9148,0.773932
9149,0.818412
9150,0.798353
9151,0.827083
9152,0.764958
9153,0.747583
9154,0.783127
9155,0.798723
9156,0.742754
9157,0.786832
9158,0.794295
9159,0.786746
9160,0.752158
9161,0.755849
9162,0.697634
9163,0.781148
9164,0.800959
9165,0.778823
9166,0.760956
9167,0.763781
9168,0.772278
9169,0.756061
9170,0.766829
9171,0.826419
9172,0.745912
9173,0.779308
9174,0.836300
9175,0.781695
9176,0.793294
9177,0.727338
9178,0.791135
9179,0.756423
9180,0.862784
9181,0.756953
9182,0.775517
9183,0.739457
9184,0.752199
9185,0.791169
9186,0.772956
9187,0.804453
9188,0.828231
9189,0.761272
9190,0.744439
9191,0.797523
9192,0.771930
9193,0.758056
9194,0.812550
9195,0.822439
9196,0.806140
9197,0.765763
9198,0.781560
9199,0.798162
9200,0.762413
9201,0.790902
9202,0.737853
9203,0.761660
9204,0.745386
9205,0.772030
9206,0.826712
9207,0.744555
9208,0.818784
9209,0.813480
9210,0.773781
9211,0.762098
9212,0.819037
9213,0.800606
9214,0.790135
9215,0.768634
9216,0.773015
9217,0.799601
9218,0.782308
9219,0.794094
9220,0.713903
9221,0.753183
9222,0.766079
9223,0.778582
9224,0.837740
9225,0.772365
9226,0.761913
9227,0.761110
9228,0.798712
9229,0.783763
9230,0.804136
9231,0.776477
9232,0.751077
9233,0.809459
9234,0.808525
9235,0.767306
9236,0.779869
9237,0.752304
9238,0.840775
9239,0.758527
9240,0.790248
9241,0.780815
9242,0.786222
9243,0.790618
9244,0.823123
9245,0.774553
9246,0.798172
9247,0.819886
9248,0.782461
9249,0.794285
9250,0.761681
9251,0.771622
9252,0.768726
9253,0.866154
9254,0.764891
9255,0.757168
9256,0.789111
9257,0.763053
9258,0.746085
9259,0.796889
9260,0.791759
9261,0.766986
9262,0.745573
9263,0.745372
9264,0.813877
9265,0.783708
9266,0.782375
9267,0.777167
9268,0.804291
9269,0.794939
9270,0.875990
9271,0.785156
9272,0.795992
9273,0.798812
9274,0.793035
9275,0.816488
9276,0.770706
9277,0.812828
9278,0.788983
9279,0.766077
9280,0.780901
9281,0.751294
9282,0.835477
9283,0.782414
9284,0.755252
9285,0.753667
9286,0.786169
9287,0.779319
9288,0.808767
9289,0.765576
9290,0.756711
9291,0.763958
9292,0.789853
9293,0.800853
9294,0.811713
9295,0.749536
9296,0.743821
9297,0.792772
9298,0.764983
9299,0.783437
9300,0.774715
9301,0.762116
9302,0.789500
9303,0.760198
9304,0.813026
9305,0.700989
9306,0.786434
9307,0.808043
9308,0.751724
9309,0.843004
9310,0.748380
9311,0.818741
9312,0.831721
9313,0.792811
9314,0.802920
9315,0.751967
9316,0.763186
9317,0.751848
9318,0.758281
9319,0.825271
9320,0.802271
9321,0.780814
9322,0.794975
9323,0.782996
9324,0.809210
9325,0.811722
9326,0.784299
9327,0.692930
9328,0.776937
9329,0.795976
9330,0.792131
9331,0.788709
9332,0.854286
9333,0.738493
9334,0.794092
9335,0.816903
9336,0.757573
9337,0.754575
9338,0.724162
9339,0.803767
9340,0.790975
9341,0.753757
9342,0.820743
9343,0.732605
9344,0.751127
9345,0.764231
9346,0.828975
9347,0.737742
9348,0.734437
9349,0.810374
9350,0.778769
9351,0.793600
9352,0.771587
9353,0.806225
9354,0.783400
9355,0.784891
9356,0.788309
9357,0.763022
9358,0.796584
9359,0.786600
9360,0.768017
9361,0.751403
9362,0.755384
9363,0.754160
9364,0.881721
9365,0.814436
9366,0.768151
9367,0.743446
9368,0.816938
9369,0.800710
9370,0.802204
9371,0.755993
9372,0.779606
9373,0.774180
9374,0.775112
9375,0.797918
9376,0.769405
9377,0.808066
9378,0.790331
9379,0.773238
9380,0.790035
9381,0.750415
9382,0.764761
9383,0.784349
9384,0.776149
9385,0.788356
9386,0.745886
9387,0.810583
9388,0.747457
9389,0.817097
9390,0.814946
9391,0.845776
9392,0.749585
9393,0.742991
9394,0.759495
9395,0.782924
9396,0.746012
9397,0.787788
9398,0.846784
9399,0.797236
9400,0.739300
9401,0.744979
9402,0.810343
9403,0.806867
9404,0.795780
9405,0.730077
9406,0.825354
9407,0.787000
9408,0.760157
9409,0.811697
9410,0.777312
9411,0.783937
9412,0.810997
9413,0.786693
9414,0.803946
9415,0.747626
9416,0.747897
9417,0.728545
9418,0.803786
9419,0.796630
9420,0.790283
9421,0.797913
9422,0.759977
9423,0.747990
9424,0.767787
9425,0.727251
9426,0.798671
9427,0.769541
9428,0.768916
9429,0.811609
9430,0.760821
9431,0.768270
9432,0.737412
9433,0.703678
9434,0.792327
9435,0.709160
9436,0.789524
9437,0.752636
9438,0.779878
9439,0.773521
9440,0.756238
9441,0.725004
9442,0.790572
9443,0.770734
9444,0.813496
9445,0.741439
9446,0.828356
9447,0.792752
9448,0.775655
9449,0.874410
9450,0.799266
9451,0.780406
9452,0.777026
9453,0.802662
9454,0.795641
9455,0.745627
9456,0.790068
9457,0.769437
9458,0.753342
9459,0.780635
9460,0.770955
9461,0.739077
9462,0.823515
9463,0.785535
9464,0.798300
9465,0.793019
9466,0.786466
9467,0.816096
9468,0.779904
9469,0.768675
9470,0.770423
9471,0.771068
9472,0.806682
9473,0.765139
9474,0.795209
9475,0.831018
9476,0.785930
9477,0.762670
9478,0.812605
9479,0.836621
9480,0.788490
9481,0.772236
9482,0.793414
9483,0.838404
9484,0.771413
9485,0.742311
9486,0.762197
9487,0.761343
9488,0.773746
9489,0.796362
9490,0.808289
9491,0.815782
9492,0.834578
9493,0.822985
9494,0.796767
9495,0.751688
9496,0.738687
9497,0.826212
9498,0.805194
9499,0.756681
9500,0.810511
9501,0.829187
9502,0.799719
9503,0.804279
9504,0.806753
9505,0.752463
9506,0.810131
9507,0.819298
9508,0.779597
9509,0.791383
9510,0.838986
9511,0.818335
9512,0.733790
9513,0.818287
9514,0.815033
9515,0.757569
9516,0.808129
9517,0.775666
9518,0.816015
9519,0.804282
9520,0.793809
9521,0.835575
9522,0.718005
9523,0.759656
9524,0.801157
9525,0.752369
9526,0.790963
9527,0.771701
9528,0.797871
9529,0.787968
9530,0.768071
9531,0.761996
9532,0.853577
9533,0.790275
9534,0.797722
9535,0.770226
9536,0.762932
9537,0.803088
9538,0.784057
9539,0.779568
9540,0.799106
9541,0.799608
9542,0.819007
9543,0.764350
9544,0.818088
9545,0.762274
9546,0.818870
9547,0.742301
9548,0.815207
9549,0.790795
9550,0.737783
9551,0.785632
9552,0.774715
9553,0.747578
9554,0.776619
9555,0.750634
9556,0.846082
9557,0.812269
9558,0.758026
9559,0.798054
9560,0.730512
9561,0.829696
9562,0.741421
9563,0.810573
9564,0.830086
9565,0.768577
9566,0.769549
9567,0.826451
9568,0.750586
9569,0.798755
9570,0.770806
9571,0.771169
9572,0.806901
9573,0.745983
9574,0.846134
9575,0.795802
9576,0.794304
9577,0.750703
9578,0.752021
9579,0.779536
9580,0.727730
9581,0.800338
9582,0.771843
9583,0.730136
9584,0.839047
9585,0.788328
9586,0.764411
9587,0.770723
9588,0.797872
9589,0.780913
9590,0.831790
9591,0.728766
9592,0.788445
9593,0.871934
9594,0.749003
9595,0.794121
9596,0.792650
9597,0.793570
9598,0.739533
9599,0.757065
9600,0.765522
9601,0.772925
9602,0.817666
9603,0.749064
9604,0.757308
9605,0.754171
9606,0.730936
9607,0.802801
9608,0.795998
9609,0.793599
9610,0.806059
9611,0.800821
9612,0.728683
9613,0.769934
9614,0.743457
9615,0.749006
9616,0.798871
9617,0.764429
9618,0.822225
9619,0.780936
9620,0.800905
9621,0.795759
9622,0.698371
9623,0.819662
9624,0.774994
9625,0.722975
9626,0.780834
9627,0.754430
9628,0.778550
9629,0.760000
9630,0.766241
9631,0.755612
9632,0.779030
9633,0.816267
9634,0.752760
9635,0.734269
9636,0.831403
9637,0.777838
9638,0.781442
9639,0.772227
9640,0.759766
9641,0.755862
9642,0.759918
9643,0.794158
9644,0.764178
9645,0.823199
9646,0.787989
9647,0.777532
9648,0.731037
9649,0.746704
9650,0.754989
9651,0.758753
9652,0.785845
9653,0.840188
9654,0.824482
9655,0.803205
9656,0.778216
9657,0.759592
9658,0.831762
9659,0.762491
9660,0.780771
9661,0.716154
9662,0.747406
9663,0.769876
9664,0.781023
9665,0.850747
9666,0.768047
9667,0.861013
9668,0.807374
9669,0.842162
9670,0.781208
9671,0.745674
9672,0.815976
9673,0.726971
9674,0.764282
9675,0.757870
9676,0.792630
9677,0.825397
9678,0.776903
9679,0.777591
9680,0.742213
9681,0.790850
9682,0.817913
9683,0.796957
9684,0.780110
9685,0.763654
9686,0.842551
9687,0.781537
9688,0.733591
9689,0.721605
9690,0.769481
9691,0.759631
9692,0.832755
9693,0.764145
9694,0.788593
9695,0.794036
9696,0.788996
9697,0.832572
9698,0.724115
9699,0.863068
9700,0.821970
9701,0.761385
9702,0.796724
9703,0.715880
9704,0.780248
9705,0.752815
9706,0.748577
9707,0.808883
9708,0.758573
9709,0.841571
9710,0.797564
9711,0.764561
9712,0.788041
9713,0.788816
9714,0.808370
9715,0.802275
9716,0.754391
9717,0.757564
9718,0.838328
9719,0.753163
9720,0.750016
9721,0.807929
9722,0.836147
9723,0.692213
9724,0.816216
9725,0.774671
9726,0.787067
9727,0.796841
9728,0.741536
9729,0.773216
9730,0.767110
9731,0.775631
9732,0.722253
9733,0.717825
9734,0.799793
9735,0.717140
9736,0.792368
9737,0.741307
9738,0.777749
9739,0.799818
9740,0.797687
9741,0.778093
9742,0.781062
9743,0.811363
9744,0.847105
9745,0.834258
9746,0.809772
9747,0.706094
9748,0.767491
9749,0.776613
9750,0.732391
9751,0.779556
9752,0.815461
9753,0.772848
9754,0.764470
9755,0.772287
9756,0.795348
9757,0.780931
9758,0.808685
9759,0.761927
9760,0.746616
9761,0.714545
9762,0.765886
9763,0.765059
9764,0.746843
9765,0.766445
9766,0.750468
9767,0.779523
9768,0.811772
9769,0.791354
9770,0.784749
9771,0.756577
9772,0.750633
9773,0.778502
9774,0.726667
9775,0.773766
9776,0.774708
9777,0.726458
9778,0.797925
9779,0.746461
9780,0.745961
9781,0.771488
9782,0.785675
9783,0.736713
9784,0.733773
9785,0.789994
9786,0.803632
9787,0.740538
9788,0.811977
9789,0.751253
9790,0.792614
9791,0.813718
9792,0.747946
9793,0.808553
9794,0.774465
9795,0.852800
9796,0.724269
9797,0.755741
9798,0.780422
9799,0.776351
9800,0.782613
9801,0.799516
9802,0.775356
9803,0.717450
9804,0.795770
9805,0.766839
9806,0.762766
9807,0.795023
9808,0.793777
9809,0.735845
9810,0.812088
9811,0.828972
9812,0.783692
9813,0.791628
9814,0.773480
9815,0.761669
9816,0.761159
9817,0.752394
9818,0.751205
9819,0.772582
9820,0.797501
9821,0.822030
9822,0.785053
9823,0.804265
9824,0.728846
9825,0.789982
9826,0.726392
9827,0.818382
9828,0.747745
9829,0.821220
9830,0.774097
9831,0.722540
9832,0.759698
9833,0.777794
9834,0.784024
9835,0.737225
9836,0.771166
9837,0.790411
9838,0.799474
9839,0.781542
9840,0.770385
9841,0.735452
9842,0.775990
9843,0.773481
9844,0.890483
9845,0.795270
9846,0.813384
9847,0.770987
9848,0.800222
9849,0.766953
9850,0.779541
9851,0.782388
9852,0.781570
9853,0.784562
9854,0.779657
9855,0.797110
9856,0.755008
9857,0.774813
9858,0.817168
9859,0.840051
9860,0.805253
9861,0.719831
9862,0.746722
9863,0.785353
9864,0.795693
9865,0.767075
9866,0.773580
9867,0.768411
9868,0.741927
9869,0.776149
9870,0.789186
9871,0.800398
9872,0.794061
9873,0.795724
9874,0.741606
9875,0.778401
9876,0.815575
9877,0.744979
9878,0.808571
9879,0.772743
9880,0.830479
9881,0.783102
9882,0.768296
9883,0.805377
9884,0.749132
9885,0.805994
9886,0.746007
9887,0.755485
9888,0.753057
9889,0.778425
9890,0.769792
9891,0.793589
9892,0.783026
9893,0.745520
9894,0.806211
9895,0.785620
9896,0.774858
9897,0.812719
9898,0.775472
9899,0.788104
9900,0.766012
9901,0.756892
9902,0.754936
9903,0.808373
9904,0.764943
9905,0.771013
9906,0.779460
9907,0.796582
9908,0.772942
9909,0.771771
9910,0.784698
9911,0.805476
9912,0.773588
9913,0.741161
9914,0.751882
9915,0.772479
9916,0.805874
9917,0.741933
9918,0.755416
9919,0.730182
9920,0.794997
9921,0.778545
9922,0.820519
9923,0.748996
9924,0.781751
9925,0.777842
9926,0.788614
9927,0.746813
9928,0.887821
9929,0.755025
9930,0.763888
9931,0.749445
9932,0.784992
9933,0.815891
9934,0.794052
9935,0.787865
9936,0.814475
9937,0.766329
9938,0.753712
9939,0.775743
9940,0.778969
9941,0.769188
9942,0.786996
9943,0.757085
9944,0.833406
9945,0.723211
9946,0.786153
9947,0.828060
9948,0.808383
9949,0.722940
9950,0.794180
9951,0.788426
9952,0.793956
9953,0.832840
9954,0.741135
9955,0.760342
9956,0.784319
9957,0.812050
9958,0.729298
9959,0.788820
9960,0.791513
9961,0.771723
9962,0.741933
9963,0.729812
9964,0.758641
9965,0.762290
9966,0.804258
9967,0.767179
9968,0.756799
9969,0.763673
9970,0.767357
9971,0.784096
9972,0.744507
9973,0.786151
9974,0.792896
9975,0.796225
9976,0.743681
9977,0.768279
9978,0.783203
9979,0.745427
9980,0.775096
9981,0.772927
9982,0.751522
9983,0.834980
9984,0.761202
9985,0.784587
9986,0.799408
9987,0.837841
9988,0.820646
9989,0.732909
9990,0.781151
9991,0.767163
9992,0.767831
9993,0.780350
9994,0.797892
9995,0.820755
9996,0.724577
9997,0.782584
9998,0.768698
9999,0.760438
10000,0.796362
10001,0.780446
10002,0.796937
10003,0.762582
10004,0.769868
10005,0.746433
10006,0.786128
10007,0.751005
10008,0.748202
10009,0.717172
10010,0.807209
10011,0.821187
10012,0.816207
10013,0.778622
10014,0.753031
10015,0.791817
10016,0.809428
10017,0.746544
10018,0.783635
10019,0.730177
10020,0.798365
10021,0.718587
10022,0.781997
10023,0.750520
10024,0.792045
10025,0.736076
10026,0.812677
10027,0.807700
10028,0.732150
10029,0.845497
10030,0.764054
10031,0.775841
10032,0.768762
10033,0.776278
10034,0.785378
10035,0.775340
10036,0.793010
10037,0.775862
10038,0.807703
10039,0.765238
10040,0.829243
10041,0.783499
10042,0.746911
10043,0.778526
10044,0.826879
10045,0.781227
10046,0.726673
10047,0.781220
10048,0.816077
10049,0.753377
10050,0.746924
10051,0.798373
10052,0.768154
10053,0.735461
10054,0.804961
10055,0.771173
10056,0.805062
10057,0.789407
10058,0.770221
10059,0.748091
10060,0.735586
10061,0.805033
10062,0.789108
10063,0.814770
10064,0.809597
10065,0.785654
10066,0.779587
10067,0.796934
10068,0.772189
10069,0.802357
10070,0.820082
10071,0.758185
10072,0.729480
10073,0.765576
10074,0.738487
10075,0.757097
10076,0.768222
10077,0.799882
10078,0.783024
10079,0.792926
10080,0.798625
10081,0.826728
10082,0.811581
10083,0.827144
10084,0.780330
10085,0.772960
10086,0.822701
10087,0.724328
10088,0.778810
10089,0.791509
10090,0.744078
10091,0.775087
10092,0.727133
10093,0.753607
10094,0.724029
10095,0.779641
10096,0.823091
10097,0.859373
10098,0.798576
10099,0.742888
10100,0.774125
10101,0.760421
10102,0.781391
10103,0.770269
10104,0.748171
10105,0.759231
10106,0.791783
10107,0.708000
10108,0.755323
10109,0.820312
10110,0.767947
10111,0.759618
10112,0.777602
10113,0.732961
10114,0.849776
10115,0.835844
10116,0.775333
10117,0.741690
10118,0.779577
10119,0.826673
10120,0.778261
10121,0.760556
10122,0.750530
10123,0.744208
10124,0.788896
10125,0.772600
10126,0.815170
10127,0.740291
10128,0.744903
10129,0.776130
10130,0.792812
10131,0.778463
10132,0.724398
10133,0.718329
10134,0.786813
10135,0.735371
10136,0.746943
10137,0.766972
10138,0.819860
10139,0.753984
10140,0.776794
10141,0.734403
10142,0.749468
10143,0.766357
10144,0.786632
10145,0.783206
10146,0.803003
10147,0.751439
10148,0.807212
10149,0.778064
10150,0.796977
10151,0.821610
10152,0.750805
10153,0.755672
10154,0.784932
10155,0.786968
10156,0.771037
10157,0.825942
10158,0.849626
10159,0.757853
10160,0.782964
10161,0.789360
10162,0.770905
10163,0.758938
10164,0.776923
10165,0.754692
10166,0.740659
10167,0.757905
10168,0.729823
10169,0.736230
10170,0.722900
10171,0.756805
10172,0.779122
10173,0.738761
10174,0.845189
10175,0.759424
10176,0.828293
10177,0.775918
10178,0.819112
10179,0.792114
10180,0.766747
10181,0.789366
10182,0.755730
10183,0.765563
10184,0.759414
10185,0.804774
10186,0.815787
10187,0.798578
10188,0.743037
10189,0.761851
10190,0.763069
10191,0.780675
10192,0.746335
10193,0.723736
10194,0.761303
10195,0.781785
10196,0.810954
10197,0.713269
10198,0.824017
10199,0.770936
10200,0.755065
10201,0.744194
10202,0.743855
10203,0.781362
10204,0.785425
10205,0.825894
10206,0.751829
10207,0.786723
10208,0.822210
10209,0.783031
10210,0.787781
10211,0.742796
10212,0.747988
10213,0.780568
10214,0.797891
10215,0.759689
10216,0.728402
10217,0.754917
10218,0.707452
10219,0.693794
10220,0.858944
10221,0.753841
10222,0.730799
10223,0.790368
10224,0.821091
10225,0.762651
10226,0.778698
10227,0.741307
10228,0.787383
10229,0.759810
10230,0.756339
10231,0.765452
10232,0.749457
10233,0.757102
10234,0.757512
10235,0.726470
10236,0.732952
10237,0.764206
10238,0.856834
10239,0.738777
10240,0.808360
10241,0.753578
10242,0.805233
10243,0.764525
10244,0.755182
10245,0.785273
10246,0.772870
10247,0.753766
10248,0.781916
10249,0.737856
10250,0.775587
10251,0.776933
10252,0.774463
10253,0.814865
10254,0.758783
10255,0.702940
10256,0.783627
10257,0.787186
10258,0.699956
10259,0.795213
10260,0.775895
10261,0.764907
10262,0.787657
10263,0.801331
10264,0.797439
10265,0.796013
10266,0.842602
10267,0.741836
10268,0.791128
10269,0.811843
10270,0.743002
10271,0.772589
10272,0.771021
10273,0.768003
10274,0.757721
10275,0.770611
10276,0.741026
10277,0.760707
10278,0.758486
10279,0.775376
10280,0.803839
10281,0.782308
10282,0.786548
10283,0.809772
10284,0.812981
10285,0.779639
10286,0.743656
10287,0.796206
10288,0.768125
10289,0.728947
10290,0.812734
10291,0.793607
10292,0.841880
10293,0.754782
10294,0.777767
10295,0.809613
10296,0.756725
10297,0.859931
10298,0.779480
10299,0.763431
10300,0.770568
10301,0.818534
10302,0.799383
10303,0.817187
10304,0.828247
10305,0.776314
10306,0.749257
10307,0.767047
10308,0.750041
10309,0.808999
10310,0.776575
10311,0.761635
10312,0.793067
10313,0.805442
10314,0.773571
10315,0.808348
10316,0.760618
10317,0.759276
10318,0.777404
10319,0.788574
10320,0.772592
10321,0.783748
10322,0.795802
10323,0.744033
10324,0.730939
10325,0.773607
10326,0.744248
10327,0.729167
10328,0.753352
10329,0.779311
10330,0.764636
10331,0.793271
10332,0.712557
10333,0.761106
10334,0.759494
10335,0.759649
10336,0.733652
10337,0.775759
10338,0.758318
10339,0.783230
10340,0.794180
10341,0.820000
10342,0.751922
10343,0.732557
10344,0.782701
10345,0.737329
10346,0.722075
10347,0.695351
10348,0.721278
10349,0.757756
10350,0.720959
10351,0.762588
10352,0.719670
10353,0.775822
10354,0.770683
10355,0.816225
10356,0.773709
10357,0.804940
10358,0.806959
10359,0.728877
10360,0.803134
10361,0.812325
10362,0.765204
10363,0.778537
10364,0.759830
10365,0.753460
10366,0.791356
10367,0.775340
10368,0.801885
10369,0.773432
10370,0.795324
10371,0.817952
10372,0.783632
10373,0.745731
10374,0.788421
10375,0.758908
10376,0.758910
10377,0.858989
10378,0.823550
10379,0.813079
10380,0.699276
10381,0.775555
10382,0.778343
10383,0.777895
10384,0.751005
10385,0.747904
10386,0.801328
10387,0.771796
10388,0.774521
10389,0.718470
10390,0.750562
10391,0.770082
10392,0.816079
10393,0.751870
10394,0.808277
10395,0.816048
10396,0.771158
10397,0.815446
10398,0.811701
10399,0.757448
10400,0.738554
10401,0.792454
10402,0.748879
10403,0.770602
10404,0.785444
10405,0.784278
10406,0.801147
10407,0.734427
10408,0.769242
10409,0.822592
10410,0.780494
10411,0.820059
10412,0.748151
10413,0.812239
10414,0.756495
10415,0.756399
10416,0.817620
10417,0.806115
10418,0.783774
10419,0.797946
10420,0.703464
10421,0.783389
10422,0.749825
10423,0.786613
10424,0.764471
10425,0.748173
10426,0.841039
10427,0.775755
10428,0.782154
10429,0.773923
10430,0.779340
10431,0.740448
10432,0.777985
10433,0.711453
10434,0.772330
10435,0.772929
10436,0.772614
10437,0.730201
10438,0.775127
10439,0.781452
10440,0.768085
10441,0.765082
10442,0.755566
10443,0.731703
10444,0.791896
10445,0.795081
10446,0.738203
10447,0.763957
10448,0.842830
10449,0.751077
10450,0.799939
10451,0.806902
10452,0.790749
10453,0.737977
10454,0.809496
10455,0.766536
10456,0.764293
10457,0.751954
10458,0.783606
10459,0.764154
10460,0.842366
10461,0.778983
10462,0.793003
10463,0.802474
10464,0.804697
10465,0.762042
10466,0.759426
10467,0.788443
10468,0.771317
10469,0.759764
10470,0.733166
10471,0.770689
10472,0.822915
10473,0.763635
10474,0.807599
10475,0.751548
10476,0.854028
10477,0.766500
10478,0.775830
10479,0.778065
10480,0.761775
10481,0.755406
10482,0.772527
10483,0.745266
10484,0.742109
10485,0.741661
10486,0.791483
10487,0.735635
10488,0.802025
10489,0.784276
10490,0.794229
10491,0.793830
10492,0.804767
10493,0.722449
10494,0.787029
10495,0.811207
10496,0.813810
10497,0.742752
10498,0.779163
10499,0.745348
10500,0.735940
10501,0.774765
10502,0.798648
10503,0.739023
10504,0.776348
10505,0.790236
10506,0.791752
10507,0.788881
10508,0.810276
10509,0.749124
10510,0.734192
10511,0.756381
10512,0.777224
10513,0.823095
10514,0.747156
10515,0.731111
10516,0.745898
10517,0.804220
10518,0.806683
10519,0.759537
10520,0.788451
10521,0.749607
10522,0.820587
10523,0.780864
10524,0.770033
10525,0.786074
10526,0.719632
10527,0.793749
10528,0.775071
10529,0.723465
10530,0.804393
10531,0.787147
10532,0.785880
10533,0.823504
10534,0.774180
10535,0.726533
10536,0.745095
10537,0.806279
10538,0.756183
10539,0.733953
10540,0.762999
10541,0.759373
10542,0.775935
10543,0.745187
10544,0.751803
10545,0.811818
10546,0.759250
10547,0.793491
10548,0.700943
10549,0.785805
10550,0.785246
10551,0.752190
10552,0.735754
10553,0.857538
10554,0.735861
10555,0.798701
10556,0.801908
10557,0.787216
10558,0.745925
10559,0.743454
10560,0.810588
10561,0.764511
10562,0.775457
10563,0.829729
10564,0.828116
10565,0.716636
10566,0.786914
10567,0.756030
10568,0.770365
10569,0.783516
10570,0.741607
10571,0.771539
10572,0.786382
10573,0.765061
10574,0.819776
10575,0.830045
10576,0.786862
10577,0.785345
10578,0.751369
10579,0.768405
10580,0.797455
10581,0.805153
10582,0.742434
10583,0.791193
10584,0.785939
10585,0.852810
10586,0.770222
10587,0.767217
10588,0.787533
10589,0.750259
10590,0.792641
10591,0.762420
10592,0.731074
10593,0.726797
10594,0.741252
10595,0.730073
10596,0.783937
10597,0.727756
10598,0.791819
10599,0.845625
10600,0.784418
10601,0.702475
10602,0.783350
10603,0.749066
10604,0.798276
10605,0.742797
10606,0.779213
10607,0.753923
10608,0.742147
10609,0.730585
10610,0.768284
10611,0.730300
10612,0.756643
10613,0.697424
10614,0.778457
10615,0.767348
10616,0.779280
10617,0.806364
10618,0.712198
10619,0.758723
10620,0.753999
10621,0.762397
10622,0.778733
10623,0.819452
10624,0.764936
10625,0.809523
10626,0.787261
10627,0.785905
10628,0.769138
10629,0.741982
10630,0.769108
10631,0.813696
10632,0.771407
10633,0.758482
10634,0.743380
10635,0.769246
10636,0.795183
10637,0.813438
10638,0.740381
10639,0.788574
10640,0.743255
10641,0.746842
10642,0.804463
10643,0.757337
10644,0.734038
10645,0.752149
10646,0.744971
10647,0.811007
10648,0.769046
10649,0.777267
10650,0.791935
10651,0.776821
10652,0.760843
10653,0.819318
10654,0.768937
10655,0.787028
10656,0.764744
10657,0.779073
10658,0.803116
10659,0.780124
10660,0.745970
10661,0.760771
10662,0.791323
10663,0.781846
10664,0.750755
10665,0.845980
10666,0.773311
10667,0.770591
10668,0.789709
10669,0.749262
10670,0.717416
10671,0.733188
10672,0.780530
10673,0.770292
10674,0.772053
10675,0.684870
10676,0.717390
10677,0.744854
10678,0.753647
10679,0.795832
10680,0.727946
10681,0.788365
10682,0.735215
10683,0.730321
10684,0.750807
10685,0.800026
10686,0.693153
10687,0.732123
10688,0.796219
10689,0.741088
10690,0.778182
10691,0.751251
10692,0.772948
10693,0.776172
10694,0.723862
10695,0.801217
10696,0.750094
10697,0.801488
10698,0.804841
10699,0.766796
10700,0.781873
10701,0.790781
10702,0.811958
10703,0.731431
10704,0.741827
10705,0.773624
10706,0.743142
10707,0.763870
10708,0.748089
10709,0.772110
10710,0.757191
10711,0.794287
10712,0.748483
10713,0.799247
10714,0.794219
10715,0.752959
10716,0.767684
10717,0.787392
10718,0.760228
10719,0.830885
10720,0.786041
10721,0.773548
10722,0.764949
10723,0.766107
10724,0.804076
10725,0.740664
10726,0.767301
10727,0.765316
10728,0.774921
10729,0.758033
10730,0.733858
10731,0.788896
10732,0.760165
10733,0.769377
10734,0.750013
10735,0.772667
10736,0.752050
10737,0.783593
10738,0.783613
10739,0.768217
10740,0.755607
10741,0.746177
10742,0.736325
10743,0.768026
10744,0.750272
10745,0.718971
10746,0.795737
10747,0.713408
10748,0.711369
10749,0.715232
10750,0.770688
10751,0.727008
10752,0.811842
10753,0.797092
10754,0.714509
10755,0.745168
10756,0.771437
10757,0.779954
10758,0.767764
10759,0.787336
10760,0.771647
10761,0.720823
10762,0.763129
10763,0.770446
10764,0.802005
10765,0.679659
10766,0.757807
10767,0.791493
10768,0.753631
10769,0.771714
10770,0.808955
10771,0.803924
10772,0.785241
10773,0.841831
10774,0.799022
10775,0.770779
10776,0.698304
10777,0.816618
10778,0.800361
10779,0.762737
10780,0.732260
10781,0.808618
10782,0.781490
10783,0.743021
10784,0.719536
10785,0.794666
10786,0.745244
10787,0.765985
10788,0.830491
10789,0.752866
10790,0.782835
10791,0.744560
10792,0.768536
10793,0.790272
10794,0.731909
10795,0.753958
10796,0.827858
10797,0.783135
10798,0.790304
10799,0.758517
10800,0.783050
10801,0.749886
10802,0.762620
10803,0.751918
10804,0.844395
10805,0.816773
10806,0.783094
10807,0.779969
10808,0.790386
10809,0.707387
10810,0.743684
10811,0.749456
10812,0.788897
10813,0.795094
10814,0.769458
10815,0.842921
10816,0.807489
10817,0.781123
10818,0.689445
10819,0.762529
10820,0.808346
10821,0.707452
10822,0.750718
10823,0.773933
10824,0.770342
10825,0.748480
10826,0.755048
10827,0.753156
10828,0.816074
10829,0.788083
10830,0.815979
10831,0.725799
10832,0.781748
10833,0.754681
10834,0.756345
10835,0.766931
10836,0.752626
10837,0.782920
10838,0.754183
10839,0.739759
10840,0.794456
10841,0.755732
10842,0.799617
10843,0.793268
10844,0.796627
10845,0.741976
10846,0.757169
10847,0.725238
10848,0.755886
10849,0.805460
10850,0.746078
10851,0.778951
10852,0.742970
10853,0.799018
10854,0.796926
10855,0.769464
10856,0.773422
10857,0.800412
10858,0.748992
10859,0.802764
10860,0.754310
10861,0.738556
10862,0.772463
10863,0.837202
10864,0.770435
10865,0.758513
10866,0.786574
10867,0.766235
10868,0.753624
10869,0.789173
10870,0.761825
10871,0.669478
10872,0.785989
10873,0.796419
10874,0.759068
10875,0.691505
10876,0.774674
10877,0.801973
10878,0.748400
10879,0.748867
10880,0.774651
10881,0.717267
10882,0.758260
10883,0.764963
10884,0.784075
10885,0.735620
10886,0.749259
10887,0.751299
10888,0.781183
10889,0.777792
10890,0.749634
10891,0.783137
10892,0.826368
10893,0.759273
10894,0.806470
10895,0.735288
10896,0.776789
10897,0.750648
10898,0.804833
10899,0.689617
10900,0.739279
10901,0.799333
10902,0.758726
10903,0.814138
10904,0.822825
10905,0.779831
10906,0.807095
10907,0.785218
10908,0.755490
10909,0.767084
10910,0.805443
10911,0.767621
10912,0.780443
10913,0.705905
10914,0.753017
10915,0.739654
10916,0.758697
10917,0.771306
10918,0.756116
10919,0.782229
10920,0.772781
10921,0.778412
10922,0.767119
10923,0.773916
10924,0.765691
10925,0.754235
10926,0.747968
10927,0.701240
10928,0.739693
10929,0.731317
10930,0.800437
10931,0.747188
10932,0.741326
10933,0.779277
10934,0.777444
10935,0.821618
10936,0.732883
10937,0.728754
10938,0.879395
10939,0.753090
10940,0.823803
10941,0.766422
10942,0.720782
10943,0.773520
10944,0.754360
10945,0.776152
10946,0.776454
10947,0.761418
10948,0.773406
10949,0.756186
10950,0.736967
10951,0.797474
10952,0.732368
10953,0.798218
10954,0.776066
10955,0.735836
10956,0.722504
10957,0.810278
10958,0.774220
10959,0.719428
10960,0.797972
10961,0.730090
10962,0.785350
10963,0.790782
10964,0.747648
10965,0.729657
10966,0.779681
10967,0.842147
10968,0.732980
10969,0.727139
10970,0.780344
10971,0.777037
10972,0.735791
10973,0.789729
10974,0.730722
10975,0.778249
10976,0.813847
10977,0.801814
10978,0.747671
10979,0.775656
10980,0.760348
10981,0.759096
10982,0.787281
10983,0.801201
10984,0.780443
10985,0.801327
10986,0.734292
10987,0.744734
10988,0.789107
10989,0.779354
10990,0.731342
10991,0.817207
10992,0.753698
10993,0.730019
10994,0.815166
10995,0.699518
10996,0.792157
10997,0.770480
10998,0.783351
10999,0.785688
11000,0.795728
11001,0.718684
11002,0.747827
11003,0.770417
11004,0.771493
11005,0.770746
11006,0.750599
11007,0.711574
11008,0.773655
11009,0.801634
11010,0.723816
11011,0.772058
11012,0.775094
11013,0.734806
11014,0.749083
11015,0.746784
11016,0.811449
11017,0.802244
11018,0.779536
11019,0.768691
11020,0.824096
11021,0.703606
11022,0.777417
11023,0.779218
11024,0.792071
11025,0.812290
11026,0.770099
11027,0.729638
11028,0.767549
11029,0.746143
11030,0.777138
11031,0.768400
11032,0.828300
11033,0.770852
11034,0.776144
11035,0.794563
11036,0.763939
11037,0.719787
11038,0.796714
11039,0.763101
11040,0.807024
11041,0.799208
11042,0.789174
11043,0.748398
11044,0.830194
11045,0.790459
11046,0.779973
11047,0.797000
11048,0.774618
11049,0.841585
11050,0.737510
11051,0.758589
11052,0.762864
11053,0.783454
11054,0.739179
11055,0.759733
11056,0.756467
11057,0.751000
11058,0.727526
11059,0.765309
11060,0.806683
11061,0.687703
11062,0.769517
11063,0.774866
11064,0.772000
11065,0.754434
11066,0.744747
11067,0.796447
11068,0.795005
11069,0.773957
11070,0.742845
11071,0.775404
11072,0.740324
11073,0.769346
11074,0.843825
11075,0.768286
11076,0.822865
11077,0.813414
11078,0.757759
11079,0.733686
11080,0.807138
11081,0.827977
11082,0.745273
11083,0.806941
11084,0.765358
11085,0.729787
11086,0.797376
11087,0.710758
11088,0.775566
11089,0.756377
11090,0.736001
11091,0.802002
11092,0.740664
11093,0.797315
11094,0.748049
11095,0.753190
11096,0.717840
11097,0.784710
11098,0.811840
11099,0.738862
11100,0.757870
11101,0.816413
11102,0.798919
11103,0.712685
11104,0.796499
11105,0.779335
11106,0.779065
11107,0.717423
11108,0.766530
11109,0.716074
11110,0.774007
11111,0.721124
11112,0.777383
11113,0.790310
11114,0.819720
11115,0.774880
11116,0.791045
11117,0.783409
11118,0.774420
11119,0.836841
11120,0.725889
11121,0.773251
11122,0.773343
11123,0.718288
11124,0.725952
11125,0.797988
11126,0.798289
11127,0.793078
11128,0.760842
11129,0.744809
11130,0.748856
11131,0.805091
11132,0.783854
11133,0.738937
11134,0.753146
11135,0.768335
11136,0.761856
11137,0.779327
11138,0.757536
11139,0.760042
11140,0.799409
11141,0.797315
11142,0.741318
11143,0.742659
11144,0.796863
11145,0.756544
11146,0.777720
11147,0.776742
11148,0.701218
11149,0.722374
11150,0.727335
11151,0.711049
11152,0.812026
11153,0.746387
11154,0.759881
11155,0.756691
11156,0.756684
11157,0.738603
11158,0.765012
11159,0.770200
11160,0.718119
11161,0.792621
11162,0.770269
11163,0.764617
11164,0.761310
11165,0.773384
11166,0.715537
11167,0.740627
11168,0.733028
11169,0.796689
11170,0.721408
11171,0.768411
11172,0.845605
11173,0.721782
11174,0.742327
11175,0.731689
11176,0.791275
11177,0.765197
11178,0.774155
11179,0.763185
11180,0.744670
11181,0.786232
11182,0.770015
11183,0.830362
11184,0.768404
11185,0.745222
11186,0.802901
11187,0.746583
11188,0.778844
11189,0.783815
11190,0.764195
11191,0.766764
11192,0.793209
11193,0.784847
11194,0.796467
11195,0.791945
11196,0.732171
11197,0.767650
11198,0.773369
11199,0.764903
11200,0.758583
11201,0.783254
11202,0.727835
11203,0.731524
11204,0.788813
11205,0.728359
11206,0.824886
11207,0.733105
11208,0.725118
11209,0.770539
11210,0.718106
11211,0.781354
11212,0.797969
11213,0.760660
11214,0.821719
11215,0.732963
11216,0.844362
11217,0.774690
11218,0.836033
11219,0.789546
11220,0.738285
11221,0.779779
11222,0.795940
11223,0.780107
11224,0.758682
11225,0.753425
11226,0.738453
11227,0.776983
11228,0.781561
11229,0.727081
11230,0.788929
11231,0.708735
11232,0.757246
11233,0.754117
11234,0.797737
11235,0.712074
11236,0.728126
11237,0.774718
11238,0.779406
11239,0.781183
11240,0.742386
11241,0.764262
11242,0.789361
11243,0.754356
11244,0.791872
11245,0.786199
11246,0.742381
11247,0.774539
11248,0.760097
11249,0.725030
11250,0.732861
11251,0.767743
11252,0.708649
11253,0.758842
11254,0.753203
11255,0.752198
11256,0.740369
11257,0.777572
11258,0.775999
11259,0.785803
11260,0.803246
11261,0.750299
11262,0.760468
11263,0.740857
11264,0.725352
11265,0.714753
11266,0.672629
11267,0.741227
11268,0.786498
11269,0.858352
11270,0.777176
11271,0.738921
11272,0.795218
11273,0.783492
11274,0.770902
11275,0.807621
11276,0.766368
11277,0.764818
11278,0.784826
11279,0.807899
11280,0.740466
11281,0.733362
11282,0.770952
11283,0.761540
11284,0.800302
11285,0.777735
11286,0.806086
11287,0.737481
11288,0.734019
11289,0.736804
11290,0.792367
11291,0.800843
11292,0.770801
11293,0.757437
11294,0.793258
11295,0.736043
11296,0.806346
11297,0.780967
11298,0.797902
11299,0.745101
11300,0.711431
11301,0.841310
11302,0.770639
11303,0.814797
11304,0.798041
11305,0.733813
11306,0.765487
11307,0.795985
11308,0.776991
11309,0.792778
11310,0.780290
11311,0.712122
11312,0.762497
11313,0.750705
11314,0.726099
11315,0.765156
11316,0.757626
11317,0.740696
11318,0.756574
11319,0.758576
11320,0.745578
11321,0.810389
11322,0.799690
11323,0.791741
11324,0.802193
11325,0.740474
11326,0.788041
11327,0.765069
11328,0.745943
11329,0.797078
11330,0.744947
11331,0.825913
11332,0.790411
11333,0.751333
11334,0.763337
11335,0.728319
11336,0.777521
11337,0.784794
11338,0.794921
11339,0.732748
11340,0.732216
11341,0.794896
11342,0.765100
11343,0.717477
11344,0.752353
11345,0.712504
11346,0.767001
11347,0.789442
11348,0.751866
11349,0.748577
11350,0.768444
11351,0.761331
11352,0.740811
11353,0.757634
11354,0.741782
11355,0.746400
11356,0.815148
11357,0.770421
11358,0.729734
11359,0.752593
11360,0.778272
11361,0.775724
11362,0.803109
11363,0.779966
11364,0.773140
11365,0.729912
11366,0.746186
11367,0.764146
11368,0.809845
11369,0.816167
11370,0.697788
11371,0.730528
11372,0.763535
11373,0.761267
11374,0.811369
11375,0.778382
11376,0.808048
11377,0.764435
11378,0.788475
11379,0.749741
11380,0.785127
11381,0.851116
11382,0.730379
11383,0.725816
11384,0.782113
11385,0.714168
11386,0.764254
11387,0.814248
11388,0.769279
11389,0.768453
11390,0.790869
11391,0.751641
11392,0.788047
11393,0.762401
11394,0.741341
11395,0.820859
11396,0.735817
11397,0.796194
11398,0.768128
11399,0.765261
11400,0.745371
11401,0.817424
11402,0.712684
11403,0.734596
11404,0.749065
11405,0.731807
11406,0.801313
11407,0.761493
11408,0.765659
11409,0.778855
11410,0.783355
11411,0.794538
11412,0.779492
11413,0.742255
11414,0.798481
11415,0.768960
11416,0.738601
11417,0.809465
11418,0.782603
11419,0.783506
11420,0.700722
11421,0.763270
11422,0.816135
11423,0.700479
11424,0.796618
11425,0.769435
11426,0.792624
11427,0.759889
11428,0.803148
11429,0.763089
11430,0.764720
11431,0.802796
11432,0.801628
11433,0.794698
11434,0.775447
11435,0.779099
11436,0.736230
11437,0.746790
11438,0.792342
11439,0.785114
11440,0.779887
11441,0.753644
11442,0.806632
11443,0.736777
11444,0.756638
11445,0.766463
11446,0.787675
11447,0.748303
11448,0.735458
11449,0.798954
11450,0.742946
11451,0.749581
11452,0.804848
11453,0.778586
11454,0.782926
11455,0.815277
11456,0.750533
11457,0.831191
11458,0.772090
11459,0.709877
11460,0.778563
11461,0.801737
11462,0.713720
11463,0.748963
11464,0.745315
11465,0.789983
11466,0.782479
11467,0.766588
11468,0.739222
11469,0.762412
11470,0.792848
11471,0.781271
11472,0.757022
11473,0.739498
11474,0.829720
11475,0.803617
11476,0.727413
11477,0.789083
11478,0.816070
11479,0.739608
11480,0.781001
11481,0.782622
11482,0.752869
11483,0.832626
11484,0.773962
11485,0.749257
11486,0.761572
11487,0.763803
11488,0.810475
11489,0.785455
11490,0.805666
11491,0.756203
11492,0.794382
11493,0.732568
11494,0.736372
11495,0.735766
11496,0.753697
11497,0.718427
11498,0.798240
11499,0.801179
11500,0.767827
11501,0.760627
11502,0.757873
11503,0.751959
11504,0.775010
11505,0.759324
11506,0.777804
11507,0.757882
11508,0.753134
11509,0.778093
11510,0.800566
11511,0.718083
11512,0.790274
11513,0.737155
11514,0.815417
11515,0.771177
11516,0.782601
11517,0.708663
11518,0.761089
11519,0.777305
11520,0.735011
11521,0.778850
11522,0.783731
11523,0.750552
11524,0.788653
11525,0.758525
11526,0.764567
11527,0.777026
11528,0.751547
11529,0.825134
11530,0.780811
11531,0.746607
11532,0.739695
11533,0.798695
11534,0.728973
11535,0.745462
11536,0.765903
11537,0.789818
11538,0.761336
11539,0.782128
11540,0.782194
11541,0.791613
11542,0.817574
11543,0.739833
11544,0.760394
11545,0.777997
11546,0.777119
11547,0.831162
11548,0.746556
11549,0.761107
11550,0.815295
11551,0.741517
11552,0.794084
11553,0.741531
11554,0.772991
11555,0.727320
11556,0.741017
11557,0.757996
11558,0.765632
11559,0.779240
11560,0.746606
11561,0.723511
11562,0.772951
11563,0.796657
11564,0.744060
11565,0.759971
11566,0.757673
11567,0.782866
11568,0.746590
11569,0.801728
11570,0.725251
11571,0.781380
11572,0.770832
11573,0.776385
11574,0.751206
11575,0.728159
11576,0.804833
11577,0.811925
11578,0.742899
11579,0.734430
11580,0.818789
11581,0.747432
11582,0.793856
11583,0.791344
11584,0.779292
11585,0.694346
11586,0.725210
11587,0.779718
11588,0.790770
11589,0.797157
11590,0.753451
11591,0.777606
11592,0.802624
11593,0.832252
11594,0.752482
11595,0.782465
11596,0.800841
11597,0.742227
11598,0.749427
11599,0.716240
11600,0.772452
11601,0.727805
11602,0.760895
11603,0.734062
11604,0.738242
11605,0.773487
11606,0.741058
11607,0.801977
11608,0.748376
11609,0.776864
11610,0.744729
11611,0.762223
11612,0.772038
11613,0.727998
11614,0.800995
11615,0.773006
11616,0.730878
11617,0.730192
11618,0.832118
11619,0.725207
11620,0.785538
11621,0.808751
11622,0.794216
11623,0.700420
11624,0.792707
11625,0.769416
11626,0.722943
11627,0.844047
11628,0.747897
11629,0.754734
11630,0.757062
11631,0.722784
11632,0.733347
11633,0.756116
11634,0.756961
11635,0.734668
11636,0.797246
11637,0.747220
11638,0.732544
11639,0.757709
11640,0.798974
11641,0.765106
11642,0.779513
11643,0.755436
11644,0.812985
11645,0.768909
11646,0.794304
11647,0.775612
11648,0.799578
11649,0.781539
11650,0.763779
11651,0.782435
11652,0.814653
11653,0.789191
11654,0.765513
11655,0.765612
11656,0.730829
11657,0.784370
11658,0.793676
11659,0.782600
11660,0.771035
11661,0.777379
11662,0.717225
11663,0.770832
11664,0.751736
11665,0.753356
11666,0.806271
11667,0.811257
11668,0.752414
11669,0.713401
11670,0.730843
11671,0.735739
11672,0.712980
11673,0.727932
11674,0.776587
11675,0.774027
11676,0.740874
11677,0.767969
11678,0.751753
11679,0.815089
11680,0.774363
11681,0.729081
11682,0.799903
11683,0.749899
11684,0.761529
11685,0.784163
11686,0.748840
11687,0.707196
11688,0.842369
11689,0.784952
11690,0.815675
11691,0.734336
11692,0.751888
11693,0.790856
11694,0.781135
11695,0.832322
11696,0.721567
11697,0.742289
11698,0.727072
11699,0.812179
11700,0.776423
11701,0.773054
11702,0.733346
11703,0.762939
11704,0.747851
11705,0.761277
11706,0.811011
11707,0.801846
11708,0.732193
11709,0.751796
11710,0.776064
11711,0.776525
11712,0.772758
11713,0.782217
11714,0.727741
11715,0.715342
11716,0.704433
11717,0.772574
11718,0.821101
11719,0.736479
11720,0.796136
11721,0.755574
11722,0.804952
11723,0.767752
11724,0.786595
11725,0.782967
11726,0.758360
11727,0.797375
11728,0.714659
11729,0.829864
11730,0.767223
11731,0.792693
11732,0.782022
11733,0.794208
11734,0.802259
11735,0.761212
11736,0.767927
11737,0.768407
11738,0.742444
11739,0.736321
11740,0.779053
11741,0.687363
11742,0.780437
11743,0.789044
11744,0.731597
11745,0.806471
11746,0.766516
11747,0.803072
11748,0.792867
11749,0.794988
11750,0.784645
11751,0.807574
11752,0.756394
11753,0.746459
11754,0.751510
11755,0.805017
11756,0.811097
11757,0.751279
11758,0.761930
11759,0.724293
11760,0.797889
11761,0.752271
11762,0.678835
11763,0.812038
11764,0.770452
11765,0.771802
11766,0.713209
11767,0.760251
11768,0.788529
11769,0.776617
11770,0.713671
11771,0.790621
11772,0.826933
11773,0.751133
11774,0.794122
11775,0.706959
11776,0.755834
11777,0.783514
11778,0.790048
11779,0.702481
11780,0.733990
11781,0.737779
11782,0.827332
11783,0.781250
11784,0.755001
11785,0.726629
11786,0.766102
11787,0.795245
11788,0.763544
11789,0.810841
11790,0.702433
11791,0.802107
11792,0.739861
11793,0.746613
11794,0.717916
11795,0.782668
11796,0.803338
11797,0.770545
11798,0.767468
11799,0.724535
11800,0.751968
11801,0.708721
11802,0.777059
11803,0.855797
11804,0.722281
11805,0.820767
11806,0.764266
11807,0.753029
11808,0.707911
11809,0.767713
11810,0.800852
11811,0.749897
11812,0.786830
11813,0.776514
11814,0.781064
11815,0.770659
11816,0.745816
11817,0.791704
11818,0.754009
11819,0.753190
11820,0.806634
11821,0.747286
11822,0.773268
11823,0.751428
11824,0.772569
11825,0.791031
11826,0.747327
11827,0.800536
11828,0.791185
11829,0.754328
11830,0.754246
11831,0.771447
11832,0.709398
11833,0.782522
11834,0.783675
11835,0.791154
11836,0.771104
11837,0.751648
11838,0.761461
11839,0.778606
11840,0.767268
11841,0.800730
11842,0.777824
11843,0.733515
11844,0.769832
11845,0.774198
11846,0.745530
11847,0.757509
11848,0.750257
11849,0.710478
11850,0.782097
11851,0.725126
11852,0.776304
11853,0.756084
11854,0.805221
11855,0.803448
11856,0.756375
11857,0.769996
11858,0.787924
11859,0.720292
11860,0.798069
11861,0.725412
11862,0.725870
11863,0.761385
11864,0.746762
11865,0.799370
11866,0.741972
11867,0.712449
11868,0.768658
11869,0.769652
11870,0.749438
11871,0.762417
11872,0.782710
11873,0.791812
11874,0.750928
11875,0.778879
11876,0.814810
11877,0.775418
11878,0.788130
11879,0.769893
11880,0.807733
11881,0.759270
11882,0.769914
11883,0.770712
11884,0.766883
11885,0.731602
11886,0.753634
11887,0.762936
11888,0.757196
11889,0.770442
11890,0.751989
11891,0.778038
11892,0.817321
11893,0.755007
11894,0.746773
11895,0.719430
11896,0.749535
11897,0.747814
11898,0.718580
11899,0.716307
11900,0.805750
11901,0.705708
11902,0.806318
11903,0.754191
11904,0.782153
11905,0.744175
11906,0.741075
11907,0.785043
11908,0.810203
11909,0.818391
11910,0.728383
11911,0.821209
11912,0.761205
11913,0.766609
11914,0.781223
11915,0.801988
11916,0.730442
11917,0.754064
11918,0.733878
11919,0.743032
11920,0.737236
11921,0.787816
11922,0.756768
11923,0.764914
11924,0.758015
11925,0.756669
11926,0.750666
11927,0.747627
11928,0.735272
11929,0.757587
11930,0.761274
11931,0.738842
11932,0.825319
11933,0.756518
11934,0.726817
11935,0.703499
11936,0.742475
11937,0.795249
11938,0.728613
11939,0.821086
11940,0.772878
11941,0.800700
11942,0.727045
11943,0.752780
11944,0.803828
11945,0.763558
11946,0.762845
11947,0.738161
11948,0.801708
11949,0.772395
11950,0.739305
11951,0.752521
11952,0.787288
11953,0.776885
11954,0.745606
11955,0.782870
11956,0.789864
11957,0.799511
11958,0.737944
11959,0.782719
11960,0.764711
11961,0.738628
11962,0.771507
11963,0.745879
11964,0.704143
11965,0.723480
11966,0.720720
11967,0.803785
11968,0.762068
11969,0.729803
11970,0.796942
11971,0.736541
11972,0.837052
11973,0.809353
11974,0.722598
11975,0.702647
11976,0.783284
11977,0.731128
11978,0.732139
11979,0.762918
11980,0.752555
11981,0.785108
11982,0.800630
11983,0.768764
11984,0.792100
11985,0.808635
11986,0.853727
11987,0.796741
11988,0.780439
11989,0.769909
11990,0.766872
11991,0.782929
11992,0.748973
11993,0.729300
11994,0.728539
11995,0.776447
11996,0.710489
11997,0.799691
11998,0.775505
11999,0.745144
12000,0.783053
12001,0.808456
12002,0.730238
12003,0.801012
12004,0.767437
12005,0.735269
12006,0.764727
12007,0.720179
12008,0.805838
12009,0.799102
12010,0.768516
12011,0.847402
12012,0.804629
12013,0.791769
12014,0.859565
12015,0.762850
12016,0.767344
12017,0.731335
12018,0.746338
12019,0.758114
12020,0.775360
12021,0.835754
12022,0.725150
12023,0.789292
12024,0.782639
12025,0.803522
12026,0.756234
12027,0.787155
12028,0.788704
12029,0.746479
12030,0.758655
12031,0.728280
12032,0.763865
12033,0.727687
12034,0.716712
12035,0.789008
12036,0.773850
12037,0.774629
12038,0.778007
12039,0.762485
12040,0.765965
12041,0.752331
12042,0.753694
12043,0.765722
12044,0.859794
12045,0.805081
12046,0.777265
12047,0.756367
12048,0.763019
12049,0.729483
12050,0.757048
12051,0.729497
12052,0.822212
12053,0.772265
12054,0.791689
12055,0.680951
12056,0.740413
12057,0.754559
12058,0.740750
12059,0.745369
12060,0.756907
12061,0.718296
12062,0.773780
12063,0.739625
12064,0.730127
12065,0.743067
12066,0.736967
12067,0.776280
12068,0.800428
12069,0.680698
12070,0.762774
12071,0.761473
12072,0.772118
12073,0.767081
12074,0.792899
12075,0.736815
12076,0.740874
12077,0.724635
12078,0.806986
12079,0.772104
12080,0.775723
12081,0.804619
12082,0.771220
12083,0.781333
12084,0.730725
12085,0.747339
12086,0.826299
12087,0.811973
12088,0.760741
12089,0.720806
12090,0.770937
12091,0.781989
12092,0.768530
12093,0.773242
12094,0.793398
12095,0.768552
12096,0.729203
12097,0.715674
12098,0.733739
12099,0.745555
12100,0.705219
12101,0.765509
12102,0.726218
12103,0.786671
12104,0.782388
12105,0.766106
12106,0.755201
12107,0.731200
12108,0.754070
12109,0.793606
12110,0.748842
12111,0.770502
12112,0.759978
12113,0.734887
12114,0.770661
12115,0.764736
12116,0.757671
12117,0.780259
12118,0.797549
12119,0.714270
12120,0.745484
12121,0.758417
12122,0.714815
12123,0.759085
12124,0.752181
12125,0.750314
12126,0.735179
12127,0.764387
12128,0.746280
12129,0.758935
12130,0.762510
12131,0.758238
12132,0.681730
12133,0.734607
12134,0.748679
12135,0.768981
12136,0.808737
12137,0.753442
12138,0.753330
12139,0.773760
12140,0.798011
12141,0.761705
12142,0.764996
12143,0.771707
12144,0.776924
12145,0.765277
12146,0.714116
12147,0.755828
12148,0.730439
12149,0.724726
12150,0.753750
12151,0.753342
12152,0.784816
12153,0.810952
12154,0.777757
12155,0.724422
12156,0.752255
12157,0.777463
12158,0.754511
12159,0.734958
12160,0.746616
12161,0.765591
12162,0.798251
12163,0.761362
12164,0.784960
12165,0.792604
12166,0.805345
12167,0.757630
12168,0.788565
12169,0.713028
12170,0.688735
12171,0.778937
12172,0.739917
12173,0.789675
12174,0.761961
12175,0.738041
12176,0.753066
12177,0.735364
12178,0.783695
12179,0.755475
12180,0.723951
12181,0.736006
12182,0.752817
12183,0.747415
12184,0.808829
12185,0.796892
12186,0.720609
12187,0.747613
12188,0.794519
12189,0.743852
12190,0.770523
12191,0.808129
12192,0.748623
12193,0.740829
12194,0.743372
12195,0.768964
12196,0.740966
12197,0.759127
12198,0.780483
12199,0.737462
12200,0.741481
12201,0.864002
12202,0.772158
12203,0.760863
12204,0.786976
12205,0.781858
12206,0.784587
12207,0.734462
12208,0.686810
12209,0.795862
12210,0.747886
12211,0.753021
12212,0.786968
12213,0.721650
12214,0.753459
12215,0.740844
12216,0.789982
12217,0.776082
12218,0.775527
12219,0.795282
12220,0.758430
12221,0.785316
12222,0.761311
12223,0.755018
12224,0.782410
12225,0.813738
12226,0.764787
12227,0.711001
12228,0.762421
12229,0.757156
12230,0.799466
12231,0.737449
12232,0.749257
12233,0.684095
12234,0.782554
12235,0.767345
12236,0.726152
12237,0.746657
12238,0.734781
12239,0.737746
12240,0.758279
12241,0.798316
12242,0.808457
12243,0.751853
12244,0.707002
12245,0.775649
12246,0.714103
12247,0.729019
12248,0.782076
12249,0.740817
12250,0.761641
12251,0.747923
12252,0.780246
12253,0.761934
12254,0.725538
12255,0.718212
12256,0.766843
12257,0.815235
12258,0.799259
12259,0.747979
12260,0.780303
12261,0.700606
12262,0.794051
12263,0.727915
12264,0.760812
12265,0.765803
12266,0.766316
12267,0.716274
12268,0.770176
12269,0.713125
12270,0.806911
12271,0.804290
12272,0.807498
12273,0.780775
12274,0.843827
12275,0.705126
12276,0.725897
12277,0.767539
12278,0.762741
12279,0.781867
12280,0.783687
12281,0.769466
12282,0.704099
12283,0.793473
12284,0.755402
12285,0.766898
12286,0.794677
12287,0.782875
12288,0.781024
12289,0.790290
12290,0.747813
12291,0.754483
12292,0.721120
12293,0.759242
12294,0.800177
12295,0.760500
12296,0.762151
12297,0.758121
12298,0.718775
12299,0.819493
12300,0.747552
12301,0.804256
12302,0.771009
12303,0.714200
12304,0.771888
12305,0.712590
12306,0.726316
12307,0.773852
12308,0.725273
12309,0.725186
12310,0.712667
12311,0.789800
12312,0.772935
12313,0.760517
12314,0.736225
12315,0.791137
12316,0.774306
12317,0.770854
12318,0.734818
12319,0.807273
12320,0.754079
12321,0.752604
12322,0.809831
12323,0.707818
12324,0.799526
12325,0.757494
12326,0.769423
12327,0.749741
12328,0.806574
12329,0.776373
12330,0.790238
12331,0.753827
12332,0.707777
12333,0.788576
12334,0.767324
12335,0.742986
12336,0.754174
12337,0.698369
12338,0.760455
12339,0.801203
12340,0.765534
12341,0.787020
12342,0.786273
12343,0.746875
12344,0.818459
12345,0.780778
12346,0.792653
12347,0.776440
12348,0.751028
12349,0.774707
12350,0.782395
12351,0.746273
12352,0.762925
12353,0.723986
12354,0.804416
12355,0.746758
12356,0.815357
12357,0.757260
12358,0.730651
12359,0.761743
12360,0.802417
12361,0.763879
12362,0.798081
12363,0.766844
12364,0.723768
12365,0.731567
12366,0.719084
12367,0.813619
12368,0.769878
12369,0.743327
12370,0.799597
12371,0.793580
12372,0.734024
12373,0.778811
12374,0.762078
12375,0.843212
12376,0.783919
12377,0.755821
12378,0.734885
12379,0.770637
12380,0.850225
12381,0.737289
12382,0.732637
12383,0.772275
12384,0.761511
12385,0.778014
12386,0.806587
12387,0.750848
12388,0.758598
12389,0.769703
12390,0.769120
12391,0.765399
12392,0.751251
12393,0.783332
12394,0.743770
12395,0.783004
12396,0.758545
12397,0.770724
12398,0.764585
12399,0.766733
12400,0.772402
12401,0.736906
12402,0.803507
12403,0.811117
12404,0.788490
12405,0.757378
12406,0.756953
12407,0.763687
12408,0.739082
12409,0.711310
12410,0.790478
12411,0.770061
12412,0.732229
12413,0.801684
12414,0.699549
12415,0.779945
12416,0.790658
12417,0.735174
12418,0.765065
12419,0.777595
12420,0.752499
12421,0.688603
12422,0.768432
12423,0.784074
12424,0.778786
12425,0.800489
12426,0.779523
12427,0.769189
12428,0.766143
12429,0.765932
12430,0.779353
12431,0.734908
12432,0.735954
12433,0.804067
12434,0.792410
12435,0.772316
12436,0.808151
12437,0.739201
12438,0.738982
12439,0.785181
12440,0.773830
12441,0.772803
12442,0.749542
12443,0.744107
12444,0.743016
12445,0.796838
12446,0.725768
12447,0.762552
12448,0.831978
12449,0.759267
12450,0.716645
12451,0.769413
12452,0.725267
12453,0.747397
12454,0.790652
12455,0.760341
12456,0.709202
12457,0.815764
12458,0.735388
12459,0.739377
12460,0.769468
12461,0.856467
12462,0.775399
12463,0.767015
12464,0.801552
12465,0.761436
12466,0.743586
12467,0.749520
12468,0.801414
12469,0.780185
12470,0.719833
12471,0.658125
12472,0.766370
12473,0.703643
12474,0.773093
12475,0.811087
12476,0.749584
12477,0.691209
12478,0.745924
12479,0.760396
12480,0.775178
12481,0.742544
12482,0.774141
12483,0.725071
12484,0.780447
12485,0.724639
12486,0.729879
12487,0.763296
12488,0.722441
12489,0.707449
12490,0.759097
12491,0.732365
12492,0.779901
12493,0.745623
12494,0.758150
12495,0.799565
12496,0.763160
12497,0.746643
12498,0.819249
12499,0.706929
12500,0.713471
12501,0.726720
12502,0.731342
12503,0.757926
12504,0.798726
12505,0.752605
12506,0.741723
12507,0.788174
12508,0.776545
12509,0.756273
12510,0.728489
12511,0.761836
12512,0.714287
12513,0.740121
12514,0.743318
12515,0.751203
12516,0.746906
12517,0.833492
12518,0.739392
12519,0.772299
12520,0.755729
12521,0.782138
12522,0.771079
12523,0.754926
12524,0.780595
12525,0.736199
12526,0.766074
12527,0.795897
12528,0.750976
12529,0.762989
12530,0.747553
12531,0.786850
12532,0.767232
12533,0.740674
12534,0.797483
12535,0.763642
12536,0.846432
12537,0.757946
12538,0.797711
12539,0.760016
12540,0.739711
12541,0.782412
12542,0.796602
12543,0.765976
12544,0.737663
12545,0.811495
12546,0.766472
12547,0.721435
12548,0.795962
12549,0.798872
12550,0.772766
12551,0.756972
12552,0.744557
12553,0.788906
12554,0.743247
12555,0.734637
12556,0.748357
12557,0.767958
12558,0.773417
12559,0.776711
12560,0.766580
12561,0.785502
12562,0.757144
12563,0.742323
12564,0.768671
12565,0.757004
12566,0.757441
12567,0.751382
12568,0.737332
12569,0.722705
12570,0.795262
12571,0.747070
12572,0.729699
12573,0.799743
12574,0.742027
12575,0.685535
12576,0.761421
12577,0.784065
12578,0.722230
12579,0.751823
12580,0.740282
12581,0.711293
12582,0.687453
12583,0.730903
12584,0.808794
12585,0.806150
12586,0.761901
12587,0.752675
12588,0.722456
12589,0.755784
12590,0.779055
12591,0.709097
12592,0.764876
12593,0.748592
12594,0.735374
12595,0.762527
12596,0.797148
12597,0.767511
12598,0.764610
12599,0.798343
12600,0.726381
12601,0.788202
12602,0.811914
12603,0.783383
12604,0.730791
12605,0.712045
12606,0.735730
12607,0.759209
12608,0.796976
12609,0.760186
12610,0.809887
12611,0.743207
12612,0.781023
12613,0.772014
12614,0.824361
12615,0.706761
12616,0.736305
12617,0.778525
12618,0.775656
12619,0.770320
12620,0.738285
12621,0.763018
12622,0.769476
12623,0.765990
12624,0.700233
12625,0.697232
12626,0.749756
12627,0.796472
12628,0.747172
12629,0.753063
12630,0.778356
12631,0.746978
12632,0.774385
12633,0.750286
12634,0.726188
12635,0.741792
12636,0.750956
12637,0.759304
12638,0.724349
12639,0.791990
12640,0.721907
12641,0.768848
12642,0.731804
12643,0.723826
12644,0.754363
12645,0.720307
12646,0.766715
12647,0.760044
12648,0.819120
12649,0.856484
12650,0.798493
12651,0.767591
12652,0.770316
12653,0.801360
12654,0.728305
12655,0.799668
12656,0.800836
12657,0.765966
12658,0.787484
12659,0.757368
12660,0.766342
12661,0.797066
12662,0.739929
12663,0.713046
12664,0.785538
12665,0.791072
12666,0.779529
12667,0.744117
12668,0.740097
12669,0.753388
12670,0.754799
12671,0.728914
12672,0.808519
12673,0.754142
12674,0.711818
12675,0.750777
12676,0.792862
12677,0.794893
12678,0.843773
12679,0.787525
12680,0.796184
12681,0.737023
12682,0.754837
12683,0.789177
12684,0.816021
12685,0.781585
12686,0.796482
12687,0.778197
12688,0.772169
12689,0.737479
12690,0.716990
12691,0.728352
12692,0.722967
12693,0.708720
12694,0.793568
12695,0.710801
12696,0.817157
12697,0.803560
12698,0.816551
12699,0.755049
12700,0.735929
12701,0.773692
12702,0.752318
12703,0.795845
12704,0.756669
12705,0.767079
12706,0.728729
12707,0.785725
12708,0.745545
12709,0.765955
12710,0.748015
12711,0.745055
12712,0.759871
12713,0.742268
12714,0.728836
12715,0.771356
12716,0.792040
12717,0.717031
12718,0.726040
12719,0.763149
12720,0.838998
12721,0.741531
12722,0.793301
12723,0.841626
12724,0.723621
12725,0.766258
12726,0.728198
12727,0.730634
12728,0.700043
12729,0.787466
12730,0.798365
12731,0.795742
12732,0.823861
12733,0.772657
12734,0.764381
12735,0.738990
12736,0.742774
12737,0.751150
12738,0.780038
12739,0.751576
12740,0.797638
12741,0.808105
12742,0.739986
12743,0.774935
12744,0.760870
12745,0.736566
12746,0.741621
12747,0.761576
12748,0.714308
12749,0.768778
12750,0.731724
12751,0.774431
12752,0.730528
12753,0.789532
12754,0.749696
12755,0.784462
12756,0.758028
12757,0.762266
12758,0.722330
12759,0.803748
12760,0.745182
12761,0.797813
12762,0.727201
12763,0.748810
12764,0.788682
12765,0.734150
12766,0.768778
12767,0.713031
12768,0.794133
12769,0.788996
12770,0.740407
12771,0.766066
12772,0.769589
12773,0.800235
12774,0.733945
12775,0.783776
12776,0.806757
12777,0.790727
12778,0.763103
12779,0.731499
12780,0.723651
12781,0.741507
12782,0.721560
12783,0.746312
12784,0.753787
12785,0.738341
12786,0.741920
12787,0.757823
12788,0.713826
12789,0.767070
12790,0.785535
12791,0.780543
12792,0.803353
12793,0.755291
12794,0.801973
12795,0.749538
12796,0.745739
12797,0.726860
12798,0.758279
12799,0.782843
12800,0.764010
12801,0.751626
12802,0.746535
12803,0.759761
12804,0.729831
12805,0.780742
12806,0.736178
12807,0.775385
12808,0.783526
12809,0.750315
12810,0.783353
12811,0.732054
12812,0.713436
12813,0.734310
12814,0.716134
12815,0.736276
12816,0.745760
12817,0.779400
12818,0.724720
12819,0.765807
12820,0.759358
12821,0.812235
12822,0.778308
12823,0.699941
12824,0.765824
12825,0.716573
12826,0.842476
12827,0.806198
12828,0.746895
12829,0.763120
12830,0.724870
12831,0.813806
12832,0.719800
12833,0.791301
12834,0.761660
12835,0.779529
12836,0.772884
12837,0.729659
12838,0.763801
12839,0.765451
12840,0.735844
12841,0.718450
12842,0.736237
12843,0.782423
12844,0.739901
12845,0.773873
12846,0.764149
12847,0.809531
12848,0.794504
12849,0.773402
12850,0.741103
12851,0.762909
12852,0.733878
12853,0.783804
12854,0.804695
12855,0.716075
12856,0.780007
12857,0.733191
12858,0.734840
12859,0.780476
12860,0.777536
12861,0.699772
12862,0.757143
12863,0.708808
12864,0.750782
12865,0.775629
12866,0.760121
12867,0.806519
12868,0.739342
12869,0.699331
12870,0.744772
12871,0.749118
12872,0.770229
12873,0.728401
12874,0.789769
12875,0.788095
12876,0.783732
12877,0.817881
12878,0.783031
12879,0.725144
12880,0.718708
12881,0.770882
12882,0.824867
12883,0.753371
12884,0.749100
12885,0.700153
12886,0.748915
12887,0.692550
12888,0.733308
12889,0.774521
12890,0.721657
12891,0.783894
12892,0.776683
12893,0.729777
12894,0.757817
12895,0.797311
12896,0.750840
12897,0.846276
12898,0.738840
12899,0.754855
12900,0.733847
12901,0.805185
12902,0.755409
12903,0.722538
12904,0.789229
12905,0.696469
12906,0.801705
12907,0.765388
12908,0.795138
12909,0.753953
12910,0.725995
12911,0.775009
12912,0.733361
12913,0.745182
12914,0.820301
12915,0.739945
12916,0.764213
12917,0.731088
12918,0.762690
12919,0.725681
12920,0.816279
12921,0.749141
12922,0.726278
12923,0.748636
12924,0.769851
12925,0.772861
12926,0.768734
12927,0.730589
12928,0.732282
12929,0.721271
12930,0.714982
12931,0.785368
12932,0.736572
12933,0.780336
12934,0.783711
12935,0.795782
12936,0.771002
12937,0.790559
12938,0.733220
12939,0.756697
12940,0.755585
12941,0.833322
12942,0.800886
12943,0.760014
12944,0.781474
12945,0.806732
12946,0.713181
12947,0.774892
12948,0.750931
12949,0.752368
12950,0.779109
12951,0.787254
12952,0.722378
12953,0.738638
12954,0.779310
12955,0.766725
12956,0.768311
12957,0.757585
12958,0.754525
12959,0.797161
12960,0.740307
12961,0.681350
12962,0.745179
12963,0.773698
12964,0.767336
12965,0.708892
12966,0.804314
12967,0.740872
12968,0.741869
12969,0.821723
12970,0.808761
12971,0.792826
12972,0.779742
12973,0.741461
12974,0.764194
12975,0.767936
12976,0.781309
12977,0.715411
12978,0.740051
12979,0.748829
12980,0.737626
12981,0.768127
12982,0.829572
12983,0.789508
12984,0.773379
12985,0.763283
12986,0.707730
12987,0.761481
12988,0.716397
12989,0.750783
12990,0.755631
12991,0.704712
12992,0.800038
12993,0.795688
12994,0.760330
12995,0.770388
12996,0.767581
12997,0.719454
12998,0.730973
12999,0.760441
13000,0.809633
13001,0.736377
13002,0.715798
13003,0.739521
13004,0.753961
13005,0.784537
13006,0.753708
13007,0.751174
13008,0.798905
13009,0.795138
13010,0.799890
13011,0.773972
13012,0.757428
13013,0.720854
13014,0.767914
13015,0.722428
13016,0.735253
13017,0.795756
13018,0.780327
13019,0.775385
13020,0.758624
13021,0.735628
13022,0.777492
13023,0.741027
13024,0.762500
13025,0.761898
13026,0.787916
13027,0.733198
13028,0.750318
13029,0.762756
13030,0.768155
13031,0.803485
13032,0.775923
13033,0.795466
13034,0.766925
13035,0.772802
13036,0.766591
13037,0.779788
13038,0.768485
13039,0.736113
13040,0.771987
13041,0.737515
13042,0.760142
13043,0.737407
13044,0.765652
13045,0.758498
13046,0.788140
13047,0.760984
13048,0.696415
13049,0.759991
13050,0.759456
13051,0.844195
13052,0.798385
13053,0.741784
13054,0.758060
13055,0.725422
13056,0.795700
13057,0.732675
13058,0.752351
13059,0.753140
13060,0.768530
13061,0.764851
13062,0.793948
13063,0.749857
13064,0.778971
13065,0.775738
13066,0.737411
13067,0.821983
13068,0.789130
13069,0.711516
13070,0.712503
13071,0.751570
13072,0.753242
13073,0.749162
13074,0.771510
13075,0.785497
13076,0.728690
13077,0.760529
13078,0.720012
13079,0.765800
13080,0.765381
13081,0.746544
13082,0.745534
13083,0.778103
13084,0.771269
13085,0.739711
13086,0.758321
13087,0.677475
13088,0.690684
13089,0.799811
13090,0.752367
13091,0.765814
13092,0.760117
13093,0.742803
13094,0.794428
13095,0.749835
13096,0.719628
13097,0.775461
13098,0.743717
13099,0.755377
13100,0.741418
13101,0.763205
13102,0.693433
13103,0.701695
13104,0.777199
13105,0.774148
13106,0.781601
13107,0.766953
13108,0.757010
13109,0.712235
13110,0.733771
13111,0.764323
13112,0.755581
13113,0.694779
13114,0.769684
13115,0.748474
13116,0.756462
13117,0.753655
13118,0.750566
13119,0.762762
13120,0.767231
13121,0.789339
13122,0.750716
13123,0.719130
13124,0.772347
13125,0.772853
13126,0.717456
13127,0.762949
13128,0.771012
13129,0.767100
13130,0.707405
13131,0.789763
13132,0.778402
13133,0.797022
13134,0.699380
13135,0.752468
13136,0.765368
13137,0.806533
13138,0.771149
13139,0.717011
13140,0.755664
13141,0.737599
13142,0.753017
13143,0.769108
13144,0.751236
13145,0.796329
13146,0.722745
13147,0.764081
13148,0.809620
13149,0.710587
13150,0.723328
13151,0.720684
13152,0.706582
13153,0.750110
13154,0.811411
13155,0.816309
13156,0.715396
13157,0.801343
13158,0.777542
13159,0.796582
13160,0.774807
13161,0.740196
13162,0.720416
13163,0.754875
13164,0.760895
13165,0.760341
13166,0.791196
13167,0.764086
13168,0.812967
13169,0.754431
13170,0.757970
13171,0.799357
13172,0.773862
13173,0.744189
13174,0.758953
13175,0.786570
13176,0.734775
13177,0.819306
13178,0.794439
13179,0.787090
13180,0.796461
13181,0.728105
13182,0.752873
13183,0.730078
13184,0.823913
13185,0.754896
13186,0.742736
13187,0.700386
13188,0.699167
13189,0.740713
13190,0.815957
13191,0.769601
13192,0.787999
13193,0.712812
13194,0.763220
13195,0.695444
13196,0.772094
13197,0.757327
13198,0.762379
13199,0.753865
13200,0.797069
13201,0.761255
13202,0.853835
13203,0.766545
13204,0.729210
13205,0.796727
13206,0.705866
13207,0.700466
13208,0.771100
13209,0.807180
13210,0.828495
13211,0.734420
13212,0.783900
13213,0.711089
13214,0.761184
13215,0.734544
13216,0.727464
13217,0.797628
13218,0.764910
13219,0.773908
13220,0.778024
13221,0.712122
13222,0.723355
13223,0.787085
13224,0.749485
13225,0.727616
13226,0.771535
13227,0.736534
13228,0.784578
13229,0.764285
13230,0.800091
13231,0.733829
13232,0.763732
13233,0.785192
13234,0.728858
13235,0.757413
13236,0.851057
13237,0.718715
13238,0.760952
13239,0.746997
13240,0.791341
13241,0.696815
13242,0.779308
13243,0.756555
13244,0.736263
13245,0.813036
13246,0.788877
13247,0.780248
13248,0.682016
13249,0.738239
13250,0.755778
13251,0.793922
13252,0.758687
13253,0.728619
13254,0.737147
13255,0.727516
13256,0.751400
13257,0.779868
13258,0.767913
13259,0.756462
13260,0.756822
13261,0.734917
13262,0.819592
13263,0.726037
13264,0.711441
13265,0.777526
13266,0.768584
13267,0.835935
13268,0.774476
13269,0.748859
13270,0.686760
13271,0.757632
13272,0.758856
13273,0.720713
13274,0.713410
13275,0.753739
13276,0.728779
13277,0.735021
13278,0.749178
13279,0.740400
13280,0.785136
13281,0.761200
13282,0.722071
13283,0.797128
13284,0.738066
13285,0.746494
13286,0.780616
13287,0.772480
13288,0.747844
13289,0.786026
13290,0.793064
13291,0.765728
13292,0.834413
13293,0.722654
13294,0.732309
13295,0.806716
13296,0.719561
13297,0.771539
13298,0.782541
13299,0.705618
13300,0.729586
13301,0.738005
13302,0.777315
13303,0.763652
13304,0.772309
13305,0.720988
13306,0.695106
13307,0.758211
13308,0.780119
13309,0.701197
13310,0.783219
13311,0.645803
13312,0.770669
13313,0.780981
13314,0.766232
13315,0.723028
13316,0.756098
13317,0.700651
13318,0.723434
13319,0.754926
13320,0.738923
13321,0.765017
13322,0.764247
13323,0.703802
13324,0.683943
13325,0.789376
13326,0.747027
13327,0.749582
13328,0.757204
13329,0.778870
13330,0.766814
13331,0.752508
13332,0.736975
13333,0.738290
13334,0.739708
13335,0.787656
13336,0.782281
13337,0.713237
13338,0.743226
13339,0.721202
13340,0.761367
13341,0.755624
13342,0.804834
13343,0.783243
13344,0.739994
13345,0.779658
13346,0.743542
13347,0.768661
13348,0.763238
13349,0.719796
13350,0.761375
13351,0.750921
13352,0.710753
13353,0.768343
13354,0.719864
13355,0.744699
13356,0.813055
13357,0.751542
13358,0.737843
13359,0.747083
13360,0.744271
13361,0.735026
13362,0.765083
13363,0.745968
13364,0.747506
13365,0.741862
13366,0.767006
13367,0.796011
13368,0.744426
13369,0.750231
13370,0.741077
13371,0.719091
13372,0.682391
13373,0.742157
13374,0.770165
13375,0.721551
13376,0.831789
13377,0.707962
13378,0.820857
13379,0.736852
13380,0.784164
13381,0.700747
13382,0.760353
13383,0.810608
13384,0.755492
13385,0.721387
13386,0.799865
13387,0.787873
13388,0.774792
13389,0.731482
13390,0.735558
13391,0.731921
13392,0.788682
13393,0.754176
13394,0.788678
13395,0.722179
13396,0.778416
13397,0.734383
13398,0.764045
13399,0.737455
13400,0.777599
13401,0.780191
13402,0.747299
13403,0.792632
13404,0.718220
13405,0.715156
13406,0.793415
13407,0.795596
13408,0.755295
13409,0.734927
13410,0.744848
13411,0.755636
13412,0.734633
13413,0.724342
13414,0.764788
13415,0.772862
13416,0.781336
13417,0.747455
13418,0.793239
13419,0.763452
13420,0.775451
13421,0.742595
13422,0.703930
13423,0.735348
13424,0.698050
13425,0.750145
13426,0.715095
13427,0.784340
13428,0.787350
13429,0.721200
13430,0.799084
13431,0.762747
13432,0.782145
13433,0.725127
13434,0.736870
13435,0.747995
13436,0.759830
13437,0.745169
13438,0.762636
13439,0.767156
13440,0.819232
13441,0.757931
13442,0.744557
13443,0.731113
13444,0.776728
13445,0.720203
13446,0.804668
13447,0.792919
13448,0.749769
13449,0.759429
13450,0.736541
13451,0.746353
13452,0.734811
13453,0.729827
13454,0.784574
13455,0.719341
13456,0.783333
13457,0.724336
13458,0.834176
13459,0.738022
13460,0.748633
13461,0.731927
13462,0.809678
13463,0.831636
13464,0.760063
13465,0.719038
13466,0.763701
13467,0.763904
13468,0.718640
13469,0.808297
13470,0.745707
13471,0.739511
13472,0.720751
13473,0.733535
13474,0.719752
13475,0.736228
13476,0.724110
13477,0.748399
13478,0.768172
13479,0.733519
13480,0.837335
13481,0.779764
13482,0.799778
13483,0.729717
13484,0.759224
13485,0.750467
13486,0.783285
13487,0.737159
13488,0.804024
13489,0.722829
13490,0.761511
13491,0.803378
13492,0.705270
13493,0.770076
13494,0.728445
13495,0.757089
13496,0.744463
13497,0.753528
13498,0.737446
13499,0.727810
13500,0.738150
13501,0.715460
13502,0.729303
13503,0.772475
13504,0.795898
13505,0.737698
13506,0.704543
13507,0.715991
13508,0.775140
13509,0.696841
13510,0.725662
13511,0.751104
13512,0.773305
13513,0.715677
13514,0.738233
13515,0.739060
13516,0.750167
13517,0.784679
13518,0.763198
13519,0.825247
13520,0.761045
13521,0.773356
13522,0.760281
13523,0.701790
13524,0.751428
13525,0.748270
13526,0.757910
13527,0.781942
13528,0.728673
13529,0.705091
13530,0.692243
13531,0.760803
13532,0.771781
13533,0.712308
13534,0.796537
13535,0.736063
13536,0.772389
13537,0.736989
13538,0.731491
13539,0.777525
13540,0.712750
13541,0.786306
13542,0.734580
13543,0.793289
13544,0.745922
13545,0.697902
13546,0.761447
13547,0.723623
13548,0.795160
13549,0.771879
13550,0.796458
13551,0.732609
13552,0.752002
13553,0.779666
13554,0.770846
13555,0.755717
13556,0.748931
13557,0.747753
13558,0.767129
13559,0.808051
13560,0.757358
13561,0.768607
13562,0.793368
13563,0.752750
13564,0.738887
13565,0.769114
13566,0.732784
13567,0.790228
13568,0.789965
13569,0.745701
13570,0.717763
13571,0.769715
13572,0.808226
13573,0.743330
13574,0.722495
13575,0.768364
13576,0.723947
13577,0.746298
13578,0.717533
13579,0.773923
13580,0.768656
13581,0.753406
13582,0.734508
13583,0.807188
13584,0.741662
13585,0.747971
13586,0.755985
13587,0.699992
13588,0.808265
13589,0.764578
13590,0.756698
13591,0.783572
13592,0.686451
13593,0.733419
13594,0.760348
13595,0.770173
13596,0.729152
13597,0.776926
13598,0.811867
13599,0.728986
13600,0.775651
13601,0.765872
13602,0.750560
13603,0.753176
13604,0.699979
13605,0.760158
13606,0.744805
13607,0.780271
13608,0.773592
13609,0.735777
13610,0.757456
13611,0.775338
13612,0.758134
13613,0.736163
13614,0.813564
13615,0.781902
13616,0.737984
13617,0.744692
13618,0.784317
13619,0.756580
13620,0.756395
13621,0.740417
13622,0.808970
13623,0.756694
13624,0.804415
13625,0.760208
13626,0.753091
13627,0.782497
13628,0.698980
13629,0.739121
13630,0.720572
13631,0.764615
13632,0.721357
13633,0.694724
13634,0.766517
13635,0.733613
13636,0.729840
13637,0.772744
13638,0.693405
13639,0.716623
13640,0.775147
13641,0.735626
13642,0.804907
13643,0.770563
13644,0.763017
13645,0.746724
13646,0.786962
13647,0.717776
13648,0.729937
13649,0.782736
13650,0.745067
13651,0.801584
13652,0.739761
13653,0.710802
13654,0.735058
13655,0.745208
13656,0.820318
13657,0.793052
13658,0.729282
13659,0.727233
13660,0.750058
13661,0.758187
13662,0.713004
13663,0.784202
13664,0.791317
13665,0.802666
13666,0.735627
13667,0.748790
13668,0.748119
13669,0.744337
13670,0.764346
13671,0.780680
13672,0.793605
13673,0.699809
13674,0.759023
13675,0.794854
13676,0.777556
13677,0.783835
13678,0.775259
13679,0.814557
13680,0.714076
13681,0.712916
13682,0.781893
13683,0.764056
13684,0.750944
13685,0.728764
13686,0.792930
13687,0.744059
13688,0.804477
13689,0.718211
13690,0.752737
13691,0.766189
13692,0.701321
13693,0.763295
13694,0.719858
13695,0.711862
13696,0.792578
13697,0.738183
13698,0.795482
13699,0.786177
13700,0.755333
13701,0.799496
13702,0.763156
13703,0.785593
13704,0.753252
13705,0.754994
13706,0.771208
13707,0.733813
13708,0.784002
13709,0.758687
13710,0.738876
13711,0.737599
13712,0.739391
13713,0.786469
13714,0.749514
13715,0.799444
13716,0.731207
13717,0.797750
13718,0.743393
13719,0.685533
13720,0.760902
13721,0.709456
13722,0.726798
13723,0.716883
13724,0.718565
13725,0.763716
13726,0.721387
13727,0.716169
13728,0.732418
13729,0.693945
13730,0.768950
13731,0.750667
13732,0.800367
13733,0.724591
13734,0.783106
13735,0.753450
13736,0.709265
13737,0.790186
13738,0.810205
13739,0.766916
13740,0.817211
13741,0.778866
13742,0.757107
13743,0.723638
13744,0.778348
13745,0.759376
13746,0.806476
13747,0.750594
13748,0.753267
13749,0.748647
13750,0.716383
13751,0.705540
13752,0.691592
13753,0.754555
13754,0.728931
13755,0.736338
13756,0.748837
13757,0.746803
13758,0.742552
13759,0.778985
13760,0.803286
13761,0.771521
13762,0.698555
13763,0.819231
13764,0.690514
13765,0.766349
13766,0.787925
13767,0.763638
13768,0.780189
13769,0.763988
13770,0.777037
13771,0.790398
13772,0.729922
13773,0.778060
13774,0.725294
13775,0.755057
13776,0.758823
13777,0.730090
13778,0.754149
13779,0.724196
13780,0.738848
13781,0.696548
13782,0.742331
13783,0.707848
13784,0.749931
13785,0.760505
13786,0.760968
13787,0.794592
13788,0.742300
13789,0.750931
13790,0.810105
13791,0.728823
13792,0.732962
13793,0.794474
13794,0.759247
13795,0.774563
13796,0.759639
13797,0.727565
13798,0.732252
13799,0.760998
13800,0.700832
13801,0.687814
13802,0.738784
13803,0.763927
13804,0.769893
13805,0.815240
13806,0.792441
13807,0.781037
13808,0.810858
13809,0.740036
13810,0.732150
13811,0.766146
13812,0.794085
13813,0.755424
13814,0.769749
13815,0.728478
13816,0.728813
13817,0.738447
13818,0.759270
13819,0.796800
13820,0.732678
13821,0.744028
13822,0.707009
13823,0.778942
13824,0.782027
13825,0.727486
13826,0.748654
13827,0.749417
13828,0.705561
13829,0.792677
13830,0.731397
13831,0.758235
13832,0.726130
13833,0.805094
13834,0.808238
13835,0.797612
13836,0.759019
13837,0.830973
13838,0.765872
13839,0.810269
13840,0.744913
13841,0.752153
13842,0.789430
13843,0.748661
13844,0.792465
13845,0.733352
13846,0.696476
13847,0.765189
13848,0.753148
13849,0.774505
13850,0.733745
13851,0.714688
13852,0.818498
13853,0.760276
13854,0.758073
13855,0.749936
13856,0.730441
13857,0.818582
13858,0.752362
13859,0.735709
13860,0.802795
13861,0.738867
13862,0.766941
13863,0.785762
13864,0.714201
13865,0.786202
13866,0.759370
13867,0.833531
13868,0.778386
13869,0.746867
13870,0.770666
13871,0.733824
13872,0.787370
13873,0.792429
13874,0.793320
13875,0.757307
13876,0.770387
13877,0.775282
13878,0.770232
13879,0.774763
13880,0.738984
13881,0.766276
13882,0.715080
13883,0.737546
13884,0.762743
13885,0.736441
13886,0.725319
13887,0.756047
13888,0.715982
13889,0.790356
13890,0.746087
13891,0.736271
13892,0.807333
13893,0.717676
13894,0.759830
13895,0.736321
13896,0.786796
13897,0.771681
13898,0.748285
13899,0.757190
13900,0.758854
13901,0.721360
13902,0.752376
13903,0.749356
13904,0.747557
13905,0.749331
13906,0.780597
13907,0.687062
13908,0.755184
13909,0.765567
13910,0.767314
13911,0.755771
13912,0.729291
13913,0.786894
13914,0.726061
13915,0.780458
13916,0.795279
13917,0.752575
13918,0.797685
13919,0.758686
13920,0.729337
13921,0.754799
13922,0.746212
13923,0.727888
13924,0.803552
13925,0.751004
13926,0.753981
13927,0.798451
13928,0.712848
13929,0.748295
13930,0.729533
13931,0.810972
13932,0.750833
13933,0.776873
13934,0.747652
13935,0.713162
13936,0.785189
13937,0.754045
13938,0.767246
13939,0.766773
13940,0.766009
13941,0.738874
13942,0.744469
13943,0.710716
13944,0.758090
13945,0.771321
13946,0.785079
13947,0.800011
13948,0.735113
13949,0.751769
13950,0.773219
13951,0.802576
13952,0.759641
13953,0.711939
13954,0.760620
13955,0.719108
13956,0.757903
13957,0.735851
13958,0.731010
13959,0.772623
13960,0.719021
13961,0.803923
13962,0.775728
13963,0.796289
13964,0.737374
13965,0.776722
13966,0.769203
13967,0.737216
13968,0.744771
13969,0.776472
13970,0.754668
13971,0.762404
13972,0.750137
13973,0.727320
13974,0.759927
13975,0.789283
13976,0.701592
13977,0.778687
13978,0.722679
13979,0.774780
13980,0.794007
13981,0.788236
13982,0.735536
13983,0.791470
13984,0.697458
13985,0.703036
13986,0.777806
13987,0.765357
13988,0.725414
13989,0.762977
13990,0.749997
13991,0.782247
13992,0.795708
13993,0.720794
13994,0.727169
13995,0.777920
13996,0.750569
13997,0.726371
13998,0.782012
13999,0.745247
14000,0.747401
14001,0.742019
14002,0.753198
14003,0.717278
14004,0.723048
14005,0.743263
14006,0.774237
14007,0.741303
14008,0.694917
14009,0.753873
14010,0.706631
14011,0.806544
14012,0.797650
14013,0.756653
14014,0.754550
14015,0.778827
14016,0.754057
14017,0.770562
14018,0.727298
14019,0.772024
14020,0.739446
14021,0.791771
14022,0.773077
14023,0.726346
14024,0.722211
14025,0.728529
14026,0.733889
14027,0.718231
14028,0.767827
14029,0.733001
14030,0.800249
14031,0.743524
14032,0.749173
14033,0.709640
14034,0.776052
14035,0.753863
14036,0.756047
14037,0.708293
14038,0.787563
14039,0.798646
14040,0.718195
14041,0.794273
14042,0.760109
14043,0.719865
14044,0.753515
14045,0.760817
14046,0.709761
14047,0.766658
14048,0.752713
14049,0.762852
14050,0.767345
14051,0.752545
14052,0.775242
14053,0.791494
14054,0.750891
14055,0.728955
14056,0.726005
14057,0.744611
14058,0.747595
14059,0.774066
14060,0.748998
14061,0.790964
14062,0.784839
14063,0.746705
14064,0.787794
14065,0.698532
14066,0.752431
14067,0.780621
14068,0.760847
14069,0.741175
14070,0.768338
14071,0.748999
14072,0.766534
14073,0.774825
14074,0.764229
14075,0.661838
14076,0.750857
14077,0.758156
14078,0.759531
14079,0.805291
14080,0.734253
14081,0.754603
14082,0.815928
14083,0.786543
14084,0.723403
14085,0.755150
14086,0.753427
14087,0.717634
14088,0.786811
14089,0.785174
14090,0.726811
14091,0.769934
14092,0.757940
14093,0.749214
14094,0.774842
14095,0.730286
14096,0.731998
14097,0.758208
14098,0.812628
14099,0.762848
14100,0.773391
14101,0.785912
14102,0.709796
14103,0.739945
14104,0.762308
14105,0.748628
14106,0.709229
14107,0.719145
14108,0.785272
14109,0.740736
14110,0.744594
14111,0.767746
14112,0.776953
14113,0.724166
14114,0.739346
14115,0.783122
14116,0.750843
14117,0.723438
14118,0.743161
14119,0.739049
14120,0.790454
14121,0.741227
14122,0.750627
14123,0.747746
14124,0.780118
14125,0.699894
14126,0.730434
14127,0.770792
14128,0.761254
14129,0.764919
14130,0.735366
14131,0.732779
14132,0.744410
14133,0.768992
14134,0.791871
14135,0.732596
14136,0.733403
14137,0.726927
14138,0.760163
14139,0.726989
14140,0.763640
14141,0.749663
14142,0.765737
14143,0.748237
14144,0.785402
14145,0.766740
14146,0.728590
14147,0.740785
14148,0.741947
14149,0.738058
14150,0.711340
14151,0.665599
14152,0.720681
14153,0.789954
14154,0.769120
14155,0.752746
14156,0.754171
14157,0.760663
14158,0.784999
14159,0.729740
14160,0.764542
14161,0.766945
14162,0.715148
14163,0.744282
14164,0.779793
14165,0.745138
14166,0.749940
14167,0.772814
14168,0.731224
14169,0.770958
14170,0.759465
14171,0.719275
14172,0.785959
14173,0.742260
14174,0.735449
14175,0.754232
14176,0.723955
14177,0.781531
14178,0.783155
14179,0.743540
14180,0.755249
14181,0.715910
14182,0.727586
14183,0.766026
14184,0.731704
14185,0.722083
14186,0.730326
14187,0.732208
14188,0.724107
14189,0.781814
14190,0.737527
14191,0.797941
14192,0.774656
14193,0.700660
14194,0.761825
14195,0.690102
14196,0.741723
14197,0.799882
14198,0.795619
14199,0.739699
14200,0.799138
14201,0.726003
14202,0.785084
14203,0.748355
14204,0.785467
14205,0.754471
14206,0.733301
14207,0.734069
14208,0.734053
14209,0.794492
14210,0.733700
14211,0.757716
14212,0.713807
14213,0.765354
14214,0.718449
14215,0.746632
14216,0.753175
14217,0.726668
14218,0.762398
14219,0.764172
14220,0.700738
14221,0.775212
14222,0.778897
14223,0.767480
14224,0.751791
14225,0.768699
14226,0.722820
14227,0.749820
14228,0.764405
14229,0.689673
14230,0.746901
14231,0.760665
14232,0.727588
14233,0.819606
14234,0.715790
14235,0.771556
14236,0.723647
14237,0.811136
14238,0.791731
14239,0.743040
14240,0.764319
14241,0.740346
14242,0.771301
14243,0.757362
14244,0.748148
14245,0.790361
14246,0.694152
14247,0.766618
14248,0.771140
14249,0.772654
14250,0.731923
14251,0.716419
14252,0.746464
14253,0.753444
14254,0.787370
14255,0.736840
14256,0.757315
14257,0.781851
14258,0.722909
14259,0.716264
14260,0.780691
14261,0.802406
14262,0.781999
14263,0.721378
14264,0.721247
14265,0.802448
14266,0.762880
14267,0.751935
14268,0.685914
14269,0.788022
14270,0.718233
14271,0.718642
14272,0.737116
14273,0.787194
14274,0.756270
14275,0.732660
14276,0.754980
14277,0.749961
14278,0.808480
14279,0.769770
14280,0.757846
14281,0.704868
14282,0.715092
14283,0.752842
14284,0.759030
14285,0.813069
14286,0.750957
14287,0.754622
14288,0.780369
14289,0.814826
14290,0.710413
14291,0.797435
14292,0.772772
14293,0.743186
14294,0.807175
14295,0.728900
14296,0.755216
14297,0.738229
14298,0.715662
14299,0.757401
14300,0.737143
14301,0.776806
14302,0.748594
14303,0.709106
14304,0.762550
14305,0.724859
14306,0.762379
14307,0.775029
14308,0.824743
14309,0.741077
14310,0.737238
14311,0.749882
14312,0.757455
14313,0.804280
14314,0.752092
14315,0.717738
14316,0.754175
14317,0.768986
14318,0.718881
14319,0.820820
14320,0.762800
14321,0.753127
14322,0.781322
14323,0.807256
14324,0.721655
14325,0.748592
14326,0.787044
14327,0.689850
14328,0.732481
14329,0.826101
14330,0.707216
14331,0.776836
14332,0.717928
14333,0.749989
14334,0.752617
14335,0.780146
14336,0.757862
14337,0.728152
14338,0.712898
14339,0.725429
14340,0.708794
14341,0.710958
14342,0.732419
14343,0.737645
14344,0.753208
14345,0.709768
14346,0.772045
14347,0.691138
14348,0.716885
14349,0.710872
14350,0.715152
14351,0.762941
14352,0.704313
14353,0.762847
14354,0.710625
14355,0.764706
14356,0.757988
14357,0.754595
14358,0.802718
14359,0.761872
14360,0.791231
14361,0.793064
14362,0.757478
14363,0.716350
14364,0.700748
14365,0.737602
14366,0.755268
14367,0.723531
14368,0.747501
14369,0.751210
14370,0.738240
14371,0.720520
14372,0.787120
14373,0.781196
14374,0.718870
14375,0.834068
14376,0.751636
14377,0.744838
14378,0.731213
14379,0.748687
14380,0.765532
14381,0.746304
14382,0.757303
14383,0.724158
14384,0.762630
14385,0.709621
14386,0.750178
14387,0.766949
14388,0.731635
14389,0.761554
14390,0.751566
14391,0.709417
14392,0.729935
14393,0.749699
14394,0.745230
14395,0.717872
14396,0.711460
14397,0.832057
14398,0.735177
14399,0.727175
14400,0.704313
14401,0.693105
14402,0.788113
14403,0.762473
14404,0.714123
14405,0.755614
14406,0.745083
14407,0.739971
14408,0.738639
14409,0.752162
14410,0.741920
14411,0.773588
14412,0.767955
14413,0.762473
14414,0.774041
14415,0.735165
14416,0.710207
14417,0.735181
14418,0.774179
14419,0.732543
14420,0.751417
14421,0.716961
14422,0.669963
14423,0.673561
14424,0.749873
14425,0.745884
14426,0.743539
14427,0.723853
14428,0.768718
14429,0.743133
14430,0.822496
14431,0.746749
14432,0.785601
14433,0.759197
14434,0.727175
14435,0.729971
14436,0.720933
14437,0.772567
14438,0.775849
14439,0.814614
14440,0.748991
14441,0.728692
14442,0.713020
14443,0.755563
14444,0.727183
14445,0.731581
14446,0.719619
14447,0.678209
14448,0.814869
14449,0.732510
14450,0.781859
14451,0.727997
14452,0.776143
14453,0.719016
14454,0.797003
14455,0.690934
14456,0.814073
14457,0.765784
14458,0.784454
14459,0.740297
14460,0.767963
14461,0.713114
14462,0.784908
14463,0.759560
14464,0.717386
14465,0.721405
14466,0.747236
14467,0.732943
14468,0.756757
14469,0.731973
14470,0.758405
14471,0.762888
14472,0.776369
14473,0.776455
14474,0.748748
14475,0.804717
14476,0.741506
14477,0.743856
14478,0.690031
14479,0.818010
14480,0.789279
14481,0.750862
14482,0.762438
14483,0.745565
14484,0.753303
14485,0.783950
14486,0.755666
14487,0.729967
14488,0.775863
14489,0.802278
14490,0.764388
14491,0.756042
14492,0.759244
14493,0.747383
14494,0.714144
14495,0.735597
14496,0.762686
14497,0.708900
14498,0.690053
14499,0.734483
14500,0.763909
14501,0.737150
14502,0.755802
14503,0.763145
14504,0.760558
14505,0.740099
14506,0.731024
14507,0.754495
14508,0.697571
14509,0.716036
14510,0.753993
14511,0.713949
14512,0.752231
14513,0.731858
14514,0.734620
14515,0.702746
14516,0.742615
14517,0.767125
14518,0.764832
14519,0.827009
14520,0.817144
14521,0.728140
14522,0.767968
14523,0.787518
14524,0.748246
14525,0.777633
14526,0.774235
14527,0.750819
14528,0.764996
14529,0.726108
14530,0.741046
14531,0.762577
14532,0.817329
14533,0.717584
14534,0.718033
14535,0.777017
14536,0.723109
14537,0.749892
14538,0.712737
14539,0.719033
14540,0.733850
14541,0.697525
14542,0.764869
14543,0.754302
14544,0.739056
14545,0.796118
14546,0.771273
14547,0.742595
14548,0.755323
14549,0.735444
14550,0.693389
14551,0.708292
14552,0.703500
14553,0.747771
14554,0.782958
14555,0.769434
14556,0.744440
14557,0.758930
14558,0.776112
14559,0.765214
14560,0.790646
14561,0.794777
14562,0.746980
14563,0.718090
14564,0.696533
14565,0.777126
14566,0.740379
14567,0.767408
14568,0.728118
14569,0.735274
14570,0.743636
14571,0.797909
14572,0.765200
14573,0.779352
14574,0.748878
14575,0.713904
14576,0.757775
14577,0.731773
14578,0.735305
14579,0.720039
14580,0.700546
14581,0.743128
14582,0.744091
14583,0.687849
14584,0.692479
14585,0.747877
14586,0.795919
14587,0.734360
14588,0.756986
14589,0.755244
14590,0.728642
14591,0.797755
14592,0.725557
14593,0.702263
14594,0.696616
14595,0.737038
14596,0.738783
14597,0.671629
14598,0.714296
14599,0.720755
14600,0.724920
14601,0.745423
14602,0.732772
14603,0.710530
14604,0.725946
14605,0.706192
14606,0.707701
14607,0.745457
14608,0.699396
14609,0.799186
14610,0.775365
14611,0.775598
14612,0.785901
14613,0.719565
14614,0.760302
14615,0.742901
14616,0.735162
14617,0.772011
14618,0.719134
14619,0.756413
14620,0.769701
14621,0.737227
14622,0.703971
14623,0.708407
14624,0.753693
14625,0.744070
14626,0.685977
14627,0.711625
14628,0.830137
14629,0.793868
14630,0.752216
14631,0.761754
14632,0.739813
14633,0.729145
14634,0.719580
14635,0.748088
14636,0.759166
14637,0.695112
14638,0.750573
14639,0.780470
14640,0.713199
14641,0.777277
14642,0.768306
14643,0.766890
14644,0.758299
14645,0.773371
14646,0.785421
14647,0.767843
14648,0.744100
14649,0.794481
14650,0.732405
14651,0.779625
14652,0.743720
14653,0.772592
14654,0.716172
14655,0.749348
14656,0.700419
14657,0.761401
14658,0.750863
14659,0.792408
14660,0.787967
14661,0.740090
14662,0.743345
14663,0.773522
14664,0.721277
14665,0.724068
14666,0.757884
14667,0.789264
14668,0.768814
14669,0.775939
14670,0.785002
14671,0.735580
14672,0.717771
14673,0.718679
14674,0.773847
14675,0.775844
14676,0.769555
14677,0.757668
14678,0.738958
14679,0.777061
14680,0.722247
14681,0.742612
14682,0.789719
14683,0.806697
14684,0.778988
14685,0.750657
14686,0.809427
14687,0.765142
14688,0.743313
14689,0.731838
14690,0.694579
14691,0.722858
14692,0.728969
14693,0.738022
14694,0.757037
14695,0.747434
14696,0.741654
14697,0.792969
14698,0.739697
14699,0.741602
14700,0.797108
14701,0.774993
14702,0.716939
14703,0.781985
14704,0.740986
14705,0.770114
14706,0.691589
14707,0.765840
14708,0.738365
14709,0.709528
14710,0.731941
14711,0.760753
14712,0.716978
14713,0.714171
14714,0.772367
14715,0.753624
14716,0.768553
14717,0.717213
14718,0.743656
14719,0.707094
14720,0.688009
14721,0.738727
14722,0.734351
14723,0.803049
14724,0.775579
14725,0.772048
14726,0.746099
14727,0.789339
14728,0.792416
14729,0.755915
14730,0.769456
14731,0.794236
14732,0.795697
14733,0.767406
14734,0.721055
14735,0.829022
14736,0.745460
14737,0.745917
14738,0.737084
14739,0.738055
14740,0.730946
14741,0.692208
14742,0.712058
14743,0.741475
14744,0.725219
14745,0.808821
14746,0.757123
14747,0.711913
14748,0.779959
14749,0.760116
14750,0.729521
14751,0.740872
14752,0.705062
14753,0.755983
14754,0.727372
14755,0.795453
14756,0.760216
14757,0.781553
14758,0.753641
14759,0.729518
14760,0.703621
14761,0.745027
14762,0.842447
14763,0.724091
14764,0.725670
14765,0.718728
14766,0.814669
14767,0.730386
14768,0.726622
14769,0.723721
14770,0.744756
14771,0.778914
14772,0.712591
14773,0.768135
14774,0.669532
14775,0.760507
14776,0.773541
14777,0.773384
14778,0.780647
14779,0.728557
14780,0.752195
14781,0.734669
14782,0.714613
14783,0.750181
14784,0.821676
14785,0.746078
14786,0.728910
14787,0.712361
14788,0.728840
14789,0.735403
14790,0.769044
14791,0.751251
14792,0.727086
14793,0.728432
14794,0.767587
14795,0.779461
14796,0.742114
14797,0.739938
14798,0.800975
14799,0.749796
14800,0.703790
14801,0.714346
14802,0.750090
14803,0.788752
14804,0.736488
14805,0.753393
14806,0.788592
14807,0.759409
14808,0.760118
14809,0.724462
14810,0.747440
14811,0.709608
14812,0.778396
14813,0.774991
14814,0.737772
14815,0.718873
14816,0.782424
14817,0.715026
14818,0.746737
14819,0.759576
14820,0.737668
14821,0.762603
14822,0.682785
14823,0.776447
14824,0.770007
14825,0.717122
14826,0.724229
14827,0.787765
14828,0.693852
14829,0.740212
14830,0.764934
14831,0.742561
14832,0.717879
14833,0.717041
14834,0.784813
14835,0.748350
14836,0.726815
14837,0.774579
14838,0.739732
14839,0.771701
14840,0.704241
14841,0.720586
14842,0.818355
14843,0.739016
14844,0.795349
14845,0.708133
14846,0.723347
14847,0.736910
14848,0.728347
14849,0.820677
14850,0.797887
14851,0.750807
14852,0.732963
14853,0.709543
14854,0.774505
14855,0.741006
14856,0.705360
14857,0.762174
14858,0.746802
14859,0.757479
14860,0.742443
14861,0.719240
14862,0.739122
14863,0.702378
14864,0.761950
14865,0.705858
14866,0.767513
14867,0.802053
14868,0.757095
14869,0.736156
14870,0.756805
14871,0.737165
14872,0.793076
14873,0.755199
14874,0.736377
14875,0.797172
14876,0.781423
14877,0.687292
14878,0.760742
14879,0.796095
14880,0.776369
14881,0.784163
14882,0.777525
14883,0.723026
14884,0.752448
14885,0.711029
14886,0.746935
14887,0.725908
14888,0.705086
14889,0.678325
14890,0.788977
14891,0.734964
14892,0.769935
14893,0.769892
14894,0.749905
14895,0.778621
14896,0.768571
14897,0.711285
14898,0.733341
14899,0.714044
14900,0.782534
14901,0.732737
14902,0.676806
14903,0.760722
14904,0.739780
14905,0.763090
14906,0.698522
14907,0.756747
14908,0.717850
14909,0.712094
14910,0.714638
14911,0.768487
14912,0.802324
14913,0.742251
14914,0.765764
14915,0.790273
14916,0.754580
14917,0.778261
14918,0.714672
14919,0.729673
14920,0.702385
14921,0.728806
14922,0.763842
14923,0.733907
14924,0.771784
14925,0.789948
14926,0.752323
14927,0.751495
14928,0.755258
14929,0.796632
14930,0.728363
14931,0.715335
14932,0.730714
14933,0.812306
14934,0.794889
14935,0.710930
14936,0.743561
14937,0.738551
14938,0.785371
14939,0.743550
14940,0.741129
14941,0.810008
14942,0.722941
14943,0.725770
14944,0.769177
14945,0.745586
14946,0.726626
14947,0.777975
14948,0.790786
14949,0.731191
14950,0.758386
14951,0.768075
14952,0.734269
14953,0.747350
14954,0.724918
14955,0.764291
14956,0.761725
14957,0.733408
14958,0.757655
14959,0.729384
14960,0.774350
14961,0.752451
14962,0.709812
14963,0.775028
14964,0.767220
14965,0.718576
14966,0.725594
14967,0.777238
14968,0.703190
14969,0.776998
14970,0.698876
14971,0.706733
14972,0.772644
14973,0.766960
14974,0.748506
14975,0.789762
14976,0.710500
14977,0.688521
14978,0.772552
14979,0.752786
14980,0.789631
14981,0.806605
14982,0.767753
14983,0.780258
14984,0.710778
14985,0.753645
14986,0.816927
14987,0.778088
14988,0.721788
14989,0.744448
14990,0.797644
14991,0.780364
14992,0.701082
14993,0.705922
14994,0.735456
14995,0.745711
14996,0.764431
14997,0.772955
14998,0.788627
14999,0.685562
15000,0.768797
15001,0.767627
15002,0.775078
15003,0.756406
15004,0.723677
15005,0.768480
15006,0.757131
15007,0.745272
15008,0.723093
15009,0.769517
15010,0.753751
15011,0.744749
15012,0.782133
15013,0.740033
15014,0.775468
15015,0.776819
15016,0.745731
15017,0.714396
15018,0.701585
15019,0.759632
15020,0.740871
15021,0.754143
15022,0.759212
15023,0.761351
15024,0.763682
15025,0.782905
15026,0.757913
15027,0.752424
15028,0.736440
15029,0.738650
15030,0.761607
15031,0.755198
15032,0.727262
15033,0.721676
15034,0.753593
15035,0.775585
15036,0.795414
15037,0.738897
15038,0.782189
15039,0.802350
15040,0.788759
15041,0.744568
15042,0.723715
15043,0.736296
15044,0.747875
15045,0.757262
15046,0.726336
15047,0.740363
15048,0.757604
15049,0.727227
15050,0.718818
15051,0.737905
15052,0.789770
15053,0.784957
15054,0.709322
15055,0.736146
15056,0.779371
15057,0.738337
15058,0.765658
15059,0.743558
15060,0.767122
15061,0.777634
15062,0.780222
15063,0.728001
15064,0.671324
15065,0.767141
15066,0.698304
15067,0.747732
15068,0.756075
15069,0.731779
15070,0.768945
15071,0.775264
15072,0.793476
15073,0.741295
15074,0.792080
15075,0.707092
15076,0.756677
15077,0.729959
15078,0.788865
15079,0.837366
15080,0.766540
15081,0.746669
15082,0.822930
15083,0.725964
15084,0.784865
15085,0.706863
15086,0.705416
15087,0.718732
15088,0.737889
15089,0.775745
15090,0.690920
15091,0.742886
15092,0.772200
15093,0.707490
15094,0.755118
15095,0.756347
15096,0.817833
15097,0.715533
15098,0.775281
15099,0.752911
15100,0.786193
15101,0.725386
15102,0.737419
15103,0.795232
15104,0.794398
15105,0.761338
15106,0.783649
15107,0.678837
15108,0.693315
15109,0.765048
15110,0.712536
15111,0.756670
15112,0.771971
15113,0.760904
15114,0.780982
15115,0.823617
15116,0.688338
15117,0.762100
15118,0.724969
15119,0.769739
15120,0.777370
15121,0.681982
15122,0.716422
15123,0.760539
15124,0.726493
15125,0.744164
15126,0.747068
15127,0.723794
15128,0.733152
15129,0.730970
15130,0.755256
15131,0.753806
15132,0.782478
15133,0.764161
15134,0.762001
15135,0.730594
15136,0.719215
15137,0.767700
15138,0.716406
15139,0.813750
15140,0.694098
15141,0.761981
15142,0.769330
15143,0.761986
15144,0.762433
15145,0.791127
15146,0.747361
15147,0.733822
15148,0.756402
15149,0.753394
15150,0.758736
15151,0.725295
15152,0.809663
15153,0.723281
15154,0.699293
15155,0.742988
15156,0.767622
15157,0.721042
15158,0.784345
15159,0.800977
15160,0.692054
15161,0.752831
15162,0.786944
15163,0.807866
15164,0.745547
15165,0.707994
15166,0.749294
15167,0.744234
15168,0.759934
15169,0.752049
15170,0.740549
15171,0.674121
15172,0.741194
15173,0.771328
15174,0.725224
15175,0.730080
15176,0.757923
15177,0.713840
15178,0.832170
15179,0.730890
15180,0.709516
15181,0.782408
15182,0.791088
15183,0.755918
15184,0.702643
15185,0.811655
15186,0.760126
15187,0.707869
15188,0.747399
15189,0.715424
15190,0.714111
15191,0.806617
15192,0.738467
15193,0.740707
15194,0.744723
15195,0.718258
15196,0.728465
15197,0.708668
15198,0.754982
15199,0.701880
15200,0.714626
15201,0.751995
15202,0.754582
15203,0.738194
15204,0.763614
15205,0.750944
15206,0.711723
15207,0.715576
15208,0.756710
15209,0.769932
15210,0.736359
15211,0.770084
15212,0.747618
15213,0.700350
15214,0.780408
15215,0.729851
15216,0.815278
15217,0.790555
15218,0.731463
15219,0.765861
15220,0.788349
15221,0.758875
15222,0.711565
15223,0.761615
15224,0.743043
15225,0.743121
15226,0.707560
15227,0.734022
15228,0.744088
15229,0.728436
15230,0.736440
15231,0.775498
15232,0.723505
15233,0.735014
15234,0.706435
15235,0.756404
15236,0.716650
15237,0.743019
15238,0.744634
15239,0.743709
15240,0.788485
15241,0.764552
15242,0.768659
15243,0.714277
15244,0.765402
15245,0.756552
15246,0.761995
15247,0.705662
15248,0.780967
15249,0.786221
15250,0.735166
15251,0.725271
15252,0.720768
15253,0.715703
15254,0.774764
15255,0.714051
15256,0.781519
15257,0.701319
15258,0.727683
15259,0.781033
15260,0.702613
15261,0.759421
15262,0.699600
15263,0.680864
15264,0.758115
15265,0.721824
15266,0.797739
15267,0.730889
15268,0.734296
15269,0.811014
15270,0.781865
15271,0.736214
15272,0.697022
15273,0.730389
15274,0.740908
15275,0.701745
15276,0.717590
15277,0.701987
15278,0.733757
15279,0.752301
15280,0.741650
15281,0.718660
15282,0.737666
15283,0.762863
15284,0.769879
15285,0.767270
15286,0.770469
15287,0.777039
15288,0.809410
15289,0.751548
15290,0.743788
15291,0.767630
15292,0.721140
15293,0.722027
15294,0.784751
15295,0.765733
15296,0.754720
15297,0.780424
15298,0.754056
15299,0.754886
15300,0.773817
15301,0.753183
15302,0.743914
15303,0.746630
15304,0.707387
15305,0.730028
15306,0.737959
15307,0.726167
15308,0.721171
15309,0.726935
15310,0.740390
15311,0.701837
15312,0.777030
15313,0.761595
15314,0.766269
15315,0.760201
15316,0.765084
15317,0.745170
15318,0.787905
15319,0.748603
15320,0.674090
15321,0.754543
15322,0.742556
15323,0.737997
15324,0.706595
15325,0.790780
15326,0.744225
15327,0.709448
15328,0.742072
15329,0.756320
15330,0.774279
15331,0.767612
15332,0.748437
15333,0.777858
15334,0.759084
15335,0.743116
15336,0.788558
15337,0.741528
15338,0.738879
15339,0.733766
15340,0.725669
15341,0.797071
15342,0.699044
15343,0.740371
15344,0.745992
15345,0.773772
15346,0.745910
15347,0.677735
15348,0.725749
15349,0.807363
15350,0.693303
15351,0.780067
15352,0.715497
15353,0.744259
15354,0.729335
15355,0.718538
15356,0.733265
15357,0.744593
15358,0.804224
15359,0.731504
15360,0.715632
15361,0.721707
15362,0.782363
15363,0.745120
15364,0.782673
15365,0.779446
15366,0.741511
15367,0.740607
15368,0.746105
15369,0.770629
15370,0.734460
15371,0.733254
15372,0.719129
15373,0.740494
15374,0.731881
15375,0.750366
15376,0.766634
15377,0.774669
15378,0.810682
15379,0.772748
15380,0.719546
15381,0.735395
15382,0.721464
15383,0.724082
15384,0.785458
15385,0.738427
15386,0.683998
15387,0.742961
15388,0.760818
15389,0.706146
15390,0.740410
15391,0.699959
15392,0.792085
15393,0.745789
15394,0.744483
15395,0.763352
15396,0.810853
15397,0.742650
15398,0.725084
15399,0.764133
15400,0.761641
15401,0.746936
15402,0.725023
15403,0.752976
15404,0.715648
15405,0.739840
15406,0.734115
15407,0.689667
15408,0.702884
15409,0.776314
15410,0.715464
15411,0.762258
15412,0.742944
15413,0.739483
15414,0.696923
15415,0.731475
15416,0.770665
15417,0.759052
15418,0.800608
15419,0.758986
15420,0.726732
15421,0.771604
15422,0.684820
15423,0.719656
15424,0.780584
15425,0.772503
15426,0.762637
15427,0.729966
15428,0.763263
15429,0.717337
15430,0.742616
15431,0.796203
15432,0.782577
15433,0.767166
15434,0.762756
15435,0.706458
15436,0.721597
15437,0.766485
15438,0.731226
15439,0.708363
15440,0.780827
15441,0.753507
15442,0.776486
15443,0.757633
15444,0.735917
15445,0.708572
15446,0.709090
15447,0.706789
15448,0.800875
15449,0.728523
15450,0.731082
15451,0.716774
15452,0.746406
15453,0.748218
15454,0.740675
15455,0.723292
15456,0.749358
15457,0.753044
15458,0.743443
15459,0.736918
15460,0.822301
15461,0.841672
15462,0.774644
15463,0.756456
15464,0.693289
15465,0.764562
15466,0.684090
15467,0.727977
15468,0.776423
15469,0.765560
15470,0.731556
15471,0.713751
15472,0.779085
15473,0.707807
15474,0.780038
15475,0.759411
15476,0.767053
15477,0.714908
15478,0.780616
15479,0.715587
15480,0.731552
15481,0.725352
15482,0.765955
15483,0.700308
15484,0.817401
15485,0.735264
15486,0.732975
15487,0.763264
15488,0.719632
15489,0.775129
15490,0.764229
15491,0.720645
15492,0.747933
15493,0.765231
15494,0.705067
15495,0.705401
15496,0.730390
15497,0.745354
15498,0.770446
15499,0.668124
15500,0.696793
15501,0.803906
15502,0.744111
15503,0.750639
15504,0.728563
15505,0.744176
15506,0.695526
15507,0.738722
15508,0.756160
15509,0.718547
15510,0.757962
15511,0.768122
15512,0.733620
15513,0.761355
15514,0.784582
15515,0.731240
15516,0.761098
15517,0.768257
15518,0.803654
15519,0.747300
15520,0.771161
15521,0.793887
15522,0.767781
15523,0.702673
15524,0.716147
15525,0.753911
15526,0.733983
15527,0.705126
15528,0.838983
15529,0.717957
15530,0.687746
15531,0.694140
15532,0.713069
15533,0.764679
15534,0.697779
15535,0.698519
15536,0.750838
15537,0.707068
15538,0.770953
15539,0.738528
15540,0.782310
15541,0.723135
15542,0.759294
15543,0.800156
15544,0.781143
15545,0.796513
15546,0.708109
15547,0.748241
15548,0.792103
15549,0.746259
15550,0.721846
15551,0.694960
15552,0.711757
15553,0.741172
15554,0.791387
15555,0.736425
15556,0.682931
15557,0.776417
15558,0.758538
15559,0.749718
15560,0.706127
15561,0.731164
15562,0.745283
15563,0.734900
15564,0.770767
15565,0.736914
15566,0.685904
15567,0.711596
15568,0.722383
15569,0.697564
15570,0.779005
15571,0.746345
15572,0.749573
15573,0.720941
15574,0.775082
15575,0.792642
15576,0.735330
15577,0.735124
15578,0.784546
15579,0.781046
15580,0.736253
15581,0.699300
15582,0.720159
15583,0.717661
15584,0.709581
15585,0.707766
15586,0.731066
15587,0.756263
15588,0.710372
15589,0.753336
15590,0.756355
15591,0.769387
15592,0.826433
15593,0.737988
15594,0.785822
15595,0.775145
15596,0.769010
15597,0.780033
15598,0.707788
15599,0.766605
15600,0.756063
15601,0.743489
15602,0.775538
15603,0.764496
15604,0.718944
15605,0.787603
15606,0.764195
15607,0.714795
15608,0.767702
15609,0.790783
15610,0.764861
15611,0.705899
15612,0.661392
15613,0.705124
15614,0.738885
15615,0.705721
15616,0.715517
15617,0.775136
15618,0.726322
15619,0.730264
15620,0.700722
15621,0.763375
15622,0.716367
15623,0.738832
15624,0.776262
15625,0.728796
15626,0.760898
15627,0.773829
15628,0.750613
15629,0.720706
15630,0.741926
15631,0.771350
15632,0.808421
15633,0.731992
15634,0.711764
15635,0.745099
15636,0.754824
15637,0.772906
15638,0.753324
15639,0.751633
15640,0.724973
15641,0.717893
15642,0.782141
15643,0.740459
15644,0.753843
15645,0.732389
15646,0.763748
15647,0.692455
15648,0.729607
15649,0.714289
15650,0.724217
15651,0.743851
15652,0.766944
15653,0.741532
15654,0.769865
15655,0.771682
15656,0.720221
15657,0.737116
15658,0.752634
15659,0.706186
15660,0.745540
15661,0.752045
15662,0.712128
15663,0.729310
15664,0.785727
15665,0.669249
15666,0.781456
15667,0.716384
15668,0.757738
15669,0.745446
15670,0.779529
15671,0.768699
15672,0.704373
15673,0.687615
15674,0.736458
15675,0.742025
15676,0.753469
15677,0.739493
15678,0.822177
15679,0.737279
15680,0.699506
15681,0.707519
15682,0.727387
15683,0.773776
15684,0.758830
15685,0.783855
15686,0.757275
15687,0.779561
15688,0.752488
15689,0.811220
15690,0.737294
15691,0.764929
15692,0.768569
15693,0.781614
15694,0.711492
15695,0.742643
15696,0.747733
15697,0.715586
15698,0.784648
15699,0.729353
15700,0.706672
15701,0.729923
15702,0.740137
15703,0.724697
15704,0.746430
15705,0.768980
15706,0.733646
15707,0.749221
15708,0.744660
15709,0.762521
15710,0.755195
15711,0.786110
15712,0.755849
15713,0.728230
15714,0.708355
15715,0.736219
15716,0.743076
15717,0.767125
15718,0.778963
15719,0.726385
15720,0.764201
15721,0.740461
15722,0.787837
15723,0.696943
15724,0.755094
15725,0.708272
15726,0.714060
15727,0.745703
15728,0.704652
15729,0.752103
15730,0.801657
15731,0.774065
15732,0.764862
15733,0.751851
15734,0.684335
15735,0.736805
15736,0.753425
15737,0.785387
15738,0.743153
15739,0.731678
15740,0.754133
15741,0.699335
15742,0.696246
15743,0.778507
15744,0.753562
15745,0.799291
15746,0.719699
15747,0.776364
15748,0.727080
15749,0.729570
15750,0.801150
15751,0.756054
15752,0.741278
15753,0.762390
15754,0.720008
15755,0.734070
15756,0.716529
15757,0.750339
15758,0.731604
15759,0.760008
15760,0.724205
15761,0.771265
15762,0.783963
15763,0.782097
15764,0.712831
15765,0.736926
15766,0.706642
15767,0.737085
15768,0.686403
15769,0.759984
15770,0.703648
15771,0.748685
15772,0.720926
15773,0.780678
15774,0.761508
15775,0.738159
15776,0.757469
15777,0.765292
15778,0.732387
15779,0.726852
15780,0.795691
15781,0.720969
15782,0.753236
15783,0.743946
15784,0.719093
15785,0.746633
15786,0.761469
15787,0.736863
15788,0.743452
15789,0.691788
15790,0.773386
15791,0.735533
15792,0.740183
15793,0.785496
15794,0.694520
15795,0.716458
15796,0.769643
15797,0.799619
15798,0.736461
15799,0.761637
15800,0.784625
15801,0.739118
15802,0.714852
15803,0.697859
15804,0.741365
15805,0.732788
15806,0.683020
15807,0.752020
15808,0.703107
15809,0.752735
15810,0.761727
15811,0.724529
15812,0.722451
15813,0.835087
15814,0.691841
15815,0.750259
15816,0.771334
15817,0.738884
15818,0.756484
15819,0.735752
15820,0.752687
15821,0.735946
15822,0.829300
15823,0.742423
15824,0.704714
15825,0.729097
15826,0.717532
15827,0.766315
15828,0.747596
15829,0.720185
15830,0.767693
15831,0.735529
15832,0.748595
15833,0.760160
15834,0.718128
15835,0.756728
15836,0.762307
15837,0.806473
15838,0.781798
15839,0.702603
15840,0.795267
15841,0.702461
15842,0.700655
15843,0.714144
15844,0.803815
15845,0.750385
15846,0.721268
15847,0.744322
15848,0.742336
15849,0.739172
15850,0.787860
15851,0.740647
15852,0.690832
15853,0.714135
15854,0.743401
15855,0.750230
15856,0.764671
15857,0.739973
15858,0.736042
15859,0.795963
15860,0.733078
15861,0.704758
15862,0.772807
15863,0.736430
15864,0.778739
15865,0.776757
15866,0.784809
15867,0.761814
15868,0.780069
15869,0.727746
15870,0.723727
15871,0.740917
15872,0.769644
15873,0.733989
15874,0.790378
15875,0.787155
15876,0.733086
15877,0.813318
15878,0.709613
15879,0.702975
15880,0.763758
15881,0.757070
15882,0.720441
15883,0.767370
15884,0.782269
15885,0.722051
15886,0.768745
15887,0.777489
15888,0.781194
15889,0.803554
15890,0.770971
15891,0.746919
15892,0.720449
15893,0.760804
15894,0.740319
15895,0.736109
15896,0.778465
15897,0.768562
15898,0.749631
15899,0.725214
15900,0.727126
15901,0.735909
15902,0.708382
15903,0.747216
15904,0.731631
15905,0.726777
15906,0.730094
15907,0.715602
15908,0.714226
15909,0.816928
15910,0.771290
15911,0.680367
15912,0.753096
15913,0.779063
15914,0.754228
15915,0.732077
15916,0.710925
15917,0.723993
15918,0.714176
15919,0.743281
15920,0.785490
15921,0.756124
15922,0.664383
15923,0.738351
15924,0.804871
15925,0.723709
15926,0.730913
15927,0.738291
15928,0.706403
15929,0.776001
15930,0.789613
15931,0.782018
15932,0.672162
15933,0.782885
15934,0.714793
15935,0.758624
15936,0.740230
15937,0.771709
15938,0.734180
15939,0.753203
15940,0.762241
15941,0.801078
15942,0.734724
15943,0.731423
15944,0.822598
15945,0.694903
15946,0.806400
15947,0.794139
15948,0.773171
15949,0.758236
15950,0.791377
15951,0.759425
15952,0.778834
15953,0.743288
15954,0.766244
15955,0.740396
15956,0.770566
15957,0.746948
15958,0.726069
15959,0.735415
15960,0.728384
15961,0.745665
15962,0.755639
15963,0.712303
15964,0.774341
15965,0.739230
15966,0.715455
15967,0.734952
15968,0.748331
15969,0.716907
15970,0.773605
15971,0.765590
15972,0.719753
15973,0.811214
15974,0.728498
15975,0.773529
15976,0.746880
15977,0.723899
15978,0.763567
15979,0.774641
15980,0.725185
15981,0.772075
15982,0.745305
15983,0.751219
15984,0.747645
15985,0.816644
15986,0.722392
15987,0.685109
15988,0.668545
15989,0.744410
15990,0.770124
15991,0.698901
15992,0.733054
15993,0.721701
15994,0.720172
15995,0.780402
15996,0.762337
15997,0.731331
15998,0.768277
15999,0.724193
16000,0.721767
16001,0.706910
16002,0.758761
16003,0.724675
16004,0.735091
16005,0.695460
16006,0.754072
16007,0.774009
16008,0.747096
16009,0.777601
16010,0.708294
16011,0.766496
16012,0.745096
16013,0.737215
16014,0.750860
16015,0.765550
16016,0.704435
16017,0.750245
16018,0.731452
16019,0.671784
16020,0.793388
16021,0.741792
16022,0.672983
16023,0.740942
16024,0.714587
16025,0.737203
16026,0.777602
16027,0.757484
16028,0.785917
16029,0.748837
16030,0.781149
16031,0.731008
16032,0.722217
16033,0.744307
16034,0.711423
16035,0.737029
16036,0.781046
16037,0.703050
16038,0.712676
16039,0.783750
16040,0.709240
16041,0.715520
16042,0.733608
16043,0.738735
16044,0.715066
16045,0.758641
16046,0.703999
16047,0.781860
16048,0.729573
16049,0.734455
16050,0.768492
16051,0.729735
16052,0.750280
16053,0.791943
16054,0.760269
16055,0.728865
16056,0.701721
16057,0.699494
16058,0.714896
16059,0.699881
16060,0.765567
16061,0.717286
16062,0.702604
16063,0.798803
16064,0.729420
16065,0.722084
16066,0.735784
16067,0.794292
16068,0.754949
16069,0.728158
16070,0.709132
16071,0.781314
16072,0.723103
16073,0.769396
16074,0.713396
16075,0.708347
16076,0.777915
16077,0.751142
16078,0.740284
16079,0.705543
16080,0.768762
16081,0.791974
16082,0.745033
16083,0.746710
16084,0.755654
16085,0.737104
16086,0.775512
16087,0.746296
16088,0.771972
16089,0.770100
16090,0.713348
16091,0.766853
16092,0.746992
16093,0.722618
16094,0.724737
16095,0.748199
16096,0.679160
16097,0.735115
16098,0.716984
16099,0.759875
16100,0.743938
16101,0.801943
16102,0.730426
16103,0.757982
16104,0.720350
16105,0.732223
16106,0.794268
16107,0.760235
16108,0.741474
16109,0.692235
16110,0.716746
16111,0.783175
16112,0.789682
16113,0.707597
16114,0.723339
16115,0.716694
16116,0.738188
16117,0.767516
16118,0.761893
16119,0.730757
16120,0.754681
16121,0.706065
16122,0.740999
16123,0.747311
16124,0.747911
16125,0.710354
16126,0.737151
16127,0.742905
16128,0.744895
16129,0.716023
16130,0.785173
16131,0.698640
16132,0.736335
16133,0.712143
16134,0.741468
16135,0.741629
16136,0.791493
16137,0.734090
16138,0.769237
16139,0.776156
16140,0.801076
16141,0.726409
16142,0.751012
16143,0.778605
16144,0.740712
16145,0.722191
16146,0.803343
16147,0.707649
16148,0.763591
16149,0.793406
16150,0.783423
16151,0.744334
16152,0.716085
16153,0.733546
16154,0.746827
16155,0.721954
16156,0.766540
16157,0.779984
16158,0.796900
16159,0.731631
16160,0.739920
16161,0.767832
16162,0.753861
16163,0.782401
16164,0.738860
16165,0.749834
16166,0.749918
16167,0.748669
16168,0.740785
16169,0.791076
16170,0.752240
16171,0.680094
16172,0.761226
16173,0.813378
16174,0.720968
16175,0.814931
16176,0.746871
16177,0.733615
16178,0.765967
16179,0.762859
16180,0.754619
16181,0.745360
16182,0.739705
16183,0.745595
16184,0.702137
16185,0.704011
16186,0.707426
16187,0.717149
16188,0.782211
16189,0.700153
16190,0.768526
16191,0.715442
16192,0.742228
16193,0.750833
16194,0.750967
16195,0.761123
16196,0.765793
16197,0.753166
16198,0.748273
16199,0.694213
16200,0.750978
16201,0.734237
16202,0.711948
16203,0.753455
16204,0.725875
16205,0.750357
16206,0.684103
16207,0.757216
16208,0.791244
16209,0.756610
16210,0.734230
16211,0.711348
16212,0.725246
16213,0.716582
16214,0.699402
16215,0.703613
16216,0.763710
16217,0.753572
16218,0.758830
16219,0.732185
16220,0.753860
16221,0.766878
16222,0.732452
16223,0.731715
16224,0.730520
16225,0.769757
16226,0.755195
16227,0.747469
16228,0.693600
16229,0.770185
16230,0.765987
16231,0.702964
16232,0.676895
16233,0.700500
16234,0.751661
16235,0.742976
16236,0.715013
16237,0.678527
16238,0.765997
16239,0.729116
16240,0.726317
16241,0.769874
16242,0.739508
16243,0.725080
16244,0.762483
16245,0.718612
16246,0.735625
16247,0.766614
16248,0.701035
16249,0.735600
16250,0.774966
16251,0.715417
16252,0.738276
16253,0.777495
16254,0.711508
16255,0.743539
16256,0.729205
16257,0.729550
16258,0.755291
16259,0.764286
16260,0.733651
16261,0.816429
16262,0.744555
16263,0.769296
16264,0.706093
16265,0.757893
16266,0.742935
16267,0.795272
16268,0.738207
16269,0.764576
16270,0.720581
16271,0.797482
16272,0.754707
16273,0.763181
16274,0.799036
16275,0.746785
16276,0.774121
16277,0.753132
16278,0.759925
16279,0.729796
16280,0.767350
16281,0.763275
16282,0.789402
16283,0.759275
16284,0.783509
16285,0.747182
16286,0.737751
16287,0.766021
16288,0.696941
16289,0.688564
16290,0.788907
16291,0.748658
16292,0.724648
16293,0.692727
16294,0.758986
16295,0.786856
16296,0.771991
16297,0.733678
16298,0.829641
16299,0.718999
16300,0.752561
16301,0.775461
16302,0.796443
16303,0.786113
16304,0.773555
16305,0.725701
16306,0.717333
16307,0.762660
16308,0.749506
16309,0.726514
16310,0.750603
16311,0.724527
16312,0.741422
16313,0.753587
16314,0.751311
16315,0.724016
16316,0.785656
16317,0.777508
16318,0.722771
16319,0.719381
16320,0.734902
16321,0.731708
16322,0.725700
16323,0.718643
16324,0.726206
16325,0.740019
16326,0.755155
16327,0.754839
16328,0.753234
16329,0.733823
16330,0.767712
16331,0.779295
16332,0.723054
16333,0.714656
16334,0.771299
16335,0.809304
16336,0.766926
16337,0.675790
16338,0.743120
16339,0.725183
16340,0.716210
16341,0.774298
16342,0.794538
16343,0.704762
16344,0.740973
16345,0.765035
16346,0.815447
16347,0.712642
16348,0.733647
16349,0.733880
16350,0.700131
16351,0.752255
16352,0.697473
16353,0.752235
16354,0.712199
16355,0.711250
16356,0.812653
16357,0.797675
16358,0.771314
16359,0.720558
16360,0.757588
16361,0.713364
16362,0.759328
16363,0.778690
16364,0.753878
16365,0.750182
16366,0.746716
16367,0.743585
16368,0.757551
16369,0.745864
16370,0.721419
16371,0.766174
16372,0.736496
16373,0.735710
16374,0.744806
16375,0.829522
16376,0.775544
16377,0.702447
16378,0.766919
16379,0.790030
16380,0.786583
16381,0.735156
16382,0.747565
16383,0.753047
16384,0.736222
16385,0.756715
16386,0.769433
16387,0.740332
16388,0.729411
16389,0.778740
16390,0.734442
16391,0.764857
16392,0.760744
16393,0.729328
16394,0.746314
16395,0.766099
16396,0.719578
16397,0.743495
16398,0.791182
16399,0.745595
16400,0.804842
16401,0.831085
16402,0.768632
16403,0.770648
16404,0.745863
16405,0.749871
16406,0.777610
16407,0.747844
16408,0.771282
16409,0.743013
16410,0.767266
16411,0.785614
16412,0.795241
16413,0.739748
16414,0.734624
16415,0.767111
16416,0.780656
16417,0.736569
16418,0.751727
16419,0.735495
16420,0.735354
16421,0.679685
16422,0.765023
16423,0.721501
16424,0.796846
16425,0.744565
16426,0.709546
16427,0.680941
16428,0.732170
16429,0.749659
16430,0.768583
16431,0.730316
16432,0.697803
16433,0.791946
16434,0.707721
16435,0.817518
16436,0.746362
16437,0.732051
16438,0.752847
16439,0.740836
16440,0.746195
16441,0.768944
16442,0.722151
16443,0.707280
16444,0.743219
16445,0.728877
16446,0.691719
16447,0.731996
16448,0.742033
16449,0.758875
16450,0.749703
16451,0.736277
16452,0.762160
16453,0.767519
16454,0.734169
16455,0.722450
16456,0.753185
16457,0.746208
16458,0.759217
16459,0.744243
16460,0.751545
16461,0.762643
16462,0.766265
16463,0.714583
16464,0.720190
16465,0.703542
16466,0.767100
16467,0.730636
16468,0.778816
16469,0.720849
16470,0.740349
16471,0.756557
16472,0.767500
16473,0.749743
16474,0.741369
16475,0.731183
16476,0.744323
16477,0.733723
16478,0.690869
16479,0.814883
16480,0.777148
16481,0.708575
16482,0.748969
16483,0.736467
16484,0.747331
16485,0.740510
16486,0.735909
16487,0.751417
16488,0.745977
16489,0.746243
16490,0.807526
16491,0.757838
16492,0.777197
16493,0.753556
16494,0.763041
16495,0.747590
16496,0.743135
16497,0.728389
16498,0.702551
16499,0.738797
16500,0.733398
16501,0.767821
16502,0.743980
16503,0.723627
16504,0.779274
16505,0.763741
16506,0.690901
16507,0.806595
16508,0.769525
16509,0.730557
16510,0.751753
16511,0.731126
16512,0.743193
16513,0.743675
16514,0.747758
16515,0.754917
16516,0.790124
16517,0.740392
16518,0.746665
16519,0.751967
16520,0.735577
16521,0.734948
16522,0.792292
16523,0.736240
16524,0.738367
16525,0.741355
16526,0.732100
16527,0.742802
16528,0.729877
16529,0.757948
16530,0.791575
16531,0.758574
16532,0.724573
16533,0.732572
16534,0.682817
16535,0.672787
16536,0.761156
16537,0.690278
16538,0.726672
16539,0.817684
16540,0.707562
16541,0.706796
16542,0.683896
16543,0.772198
16544,0.805775
16545,0.718340
16546,0.709618
16547,0.725066
16548,0.739278
16549,0.692050
16550,0.784164
16551,0.742666
16552,0.786943
16553,0.768781
16554,0.776682
16555,0.744958
16556,0.781698
16557,0.767798
16558,0.737163
16559,0.730084
16560,0.739709
16561,0.709476
16562,0.737323
16563,0.744472
16564,0.776049
16565,0.718765
16566,0.700684
16567,0.736385
16568,0.752434
16569,0.795692
16570,0.700238
16571,0.744711
16572,0.718970
16573,0.781638
16574,0.761045
16575,0.758229
16576,0.677144
16577,0.758453
16578,0.753391
16579,0.751969
16580,0.705440
16581,0.733527
16582,0.712011
16583,0.756048
16584,0.741636
16585,0.718156
16586,0.701599
16587,0.736222
16588,0.694843
16589,0.718706
16590,0.830285
16591,0.713425
16592,0.710992
16593,0.794237
16594,0.777748
16595,0.747382
16596,0.716238
16597,0.763822
16598,0.750597
16599,0.791347
16600,0.697474
16601,0.743151
16602,0.722932
16603,0.700136
16604,0.783240
16605,0.804958
16606,0.714784
16607,0.706326
16608,0.680808
16609,0.752997
16610,0.728207
16611,0.754646
16612,0.768081
16613,0.718446
16614,0.812699
16615,0.740846
16616,0.773782
16617,0.745358
16618,0.818127
16619,0.724306
16620,0.771782
16621,0.762966
16622,0.814115
16623,0.732342
16624,0.733660
16625,0.741064
16626,0.695386
16627,0.741549
16628,0.786597
16629,0.719641
16630,0.802117
16631,0.737559
16632,0.756604
16633,0.726600
16634,0.658303
16635,0.715957
16636,0.721725
16637,0.741980
16638,0.755285
16639,0.786585
16640,0.782968
16641,0.689196
16642,0.688969
16643,0.776836
16644,0.783950
16645,0.695130
16646,0.746522
16647,0.730543
16648,0.747398
16649,0.788475
16650,0.697121
16651,0.788116
16652,0.764357
16653,0.709529
16654,0.729770
16655,0.732653
16656,0.768620
16657,0.689808
16658,0.733784
16659,0.759694
16660,0.705790
16661,0.746958
16662,0.729332
16663,0.692667
16664,0.716282
16665,0.754412
16666,0.810396
16667,0.717271
16668,0.767359
16669,0.727116
16670,0.740442
16671,0.766404
16672,0.791589
16673,0.835869
16674,0.706660
16675,0.727043
16676,0.710975
16677,0.769554
16678,0.739388
16679,0.761892
16680,0.720330
16681,0.747573
16682,0.737803
16683,0.744893
16684,0.719262
16685,0.726084
16686,0.711448
16687,0.725135
16688,0.757051
16689,0.737796
16690,0.753577
16691,0.717570
16692,0.727874
16693,0.813757
16694,0.769249
16695,0.759560
16696,0.755593
16697,0.740223
16698,0.752100
16699,0.716458
16700,0.716594
16701,0.796157
16702,0.782245
16703,0.805604
16704,0.733077
16705,0.718962
16706,0.712075
16707,0.725677
16708,0.731385
16709,0.744550
16710,0.768970
16711,0.726528
16712,0.687063
16713,0.731286
16714,0.744911
16715,0.734199
16716,0.732115
16717,0.747725
16718,0.779394
16719,0.759562
16720,0.756028
16721,0.720370
16722,0.768633
16723,0.700962
16724,0.707145
16725,0.677029
16726,0.742300
16727,0.734155
16728,0.730231
16729,0.788059
16730,0.840875
16731,0.745909
16732,0.875372
16733,0.736323
16734,0.748654
16735,0.799752
16736,0.745198
16737,0.733128
16738,0.785821
16739,0.726942
16740,0.756285
16741,0.731645
16742,0.698769
16743,0.822031
16744,0.811636
16745,0.770048
16746,0.750738
16747,0.738820
16748,0.761863
16749,0.793244
16750,0.771639
16751,0.723148
16752,0.731568
16753,0.728540
16754,0.782926
16755,0.772991
16756,0.772756
16757,0.727612
16758,0.713171
16759,0.755076
16760,0.730326
16761,0.750384
16762,0.780391
16763,0.710972
16764,0.717995
16765,0.714079
16766,0.758837
16767,0.738542
16768,0.762614
16769,0.748576
16770,0.774190
16771,0.692214
16772,0.736016
16773,0.735787
16774,0.742212
16775,0.770079
16776,0.777383
16777,0.758578
16778,0.728137
16779,0.780400
16780,0.766214
16781,0.731561
16782,0.748959
16783,0.660602
16784,0.724340
16785,0.747955
16786,0.751627
16787,0.733243
16788,0.740069
16789,0.767961
16790,0.724922
16791,0.687085
16792,0.709817
16793,0.747352
16794,0.783276
16795,0.757316
16796,0.732446
16797,0.797884
16798,0.732277
16799,0.731833
16800,0.767696
16801,0.741239
16802,0.707832
16803,0.758144
16804,0.742122
16805,0.764636
16806,0.750298
16807,0.816007
16808,0.840757
16809,0.799389
16810,0.713115
16811,0.750737
16812,0.728097
16813,0.730668
16814,0.772044
16815,0.745607
16816,0.695694
16817,0.725956
16818,0.787183
16819,0.647504
16820,0.737271
16821,0.714569
16822,0.793224
16823,0.719504
16824,0.786322
16825,0.764009
16826,0.759365
16827,0.749702
16828,0.735348
16829,0.817543
16830,0.782254
16831,0.803373
16832,0.762384
16833,0.715503
16834,0.750589
16835,0.746903
16836,0.733032
16837,0.720775
16838,0.693240
16839,0.748480
16840,0.711359
16841,0.771794
16842,0.782896
16843,0.778227
16844,0.789632
16845,0.802697
16846,0.733502
16847,0.783986
16848,0.747565
16849,0.832336
16850,0.756183
16851,0.757811
16852,0.791393
16853,0.781797
16854,0.770611
16855,0.715763
16856,0.723810
16857,0.723326
16858,0.787408
16859,0.744501
16860,0.779186
16861,0.752282
16862,0.729974
16863,0.724752
16864,0.699544
16865,0.797821
16866,0.748228
16867,0.802498
16868,0.772493
16869,0.713551
16870,0.689882
16871,0.778341
16872,0.772632
16873,0.736415
16874,0.681916
16875,0.678213
16876,0.750416
16877,0.753617
16878,0.747937
16879,0.758350
16880,0.723836
16881,0.745039
16882,0.740689
16883,0.712197
16884,0.760154
16885,0.729877
16886,0.751089
16887,0.720324
16888,0.791062
16889,0.768921
16890,0.787867
16891,0.748440
16892,0.700168
16893,0.733487
16894,0.735727
16895,0.734947
16896,0.724107
16897,0.732654
16898,0.703100
16899,0.715128
16900,0.781770
16901,0.694956
16902,0.731179
16903,0.698645
16904,0.729594
16905,0.741591
16906,0.751370
16907,0.723118
16908,0.741654
16909,0.775080
16910,0.761177
16911,0.802413
16912,0.762486
16913,0.746629
16914,0.725596
16915,0.733660
16916,0.707638
16917,0.810486
16918,0.700895
16919,0.799787
16920,0.692000
16921,0.759453
16922,0.720649
16923,0.767684
16924,0.694563
16925,0.795499
16926,0.750304
16927,0.732727
16928,0.779589
16929,0.695807
16930,0.736647
16931,0.743491
16932,0.765585
16933,0.735772
16934,0.722275
16935,0.804113
16936,0.741279
16937,0.779560
16938,0.731411
16939,0.766916
16940,0.713967
16941,0.758676
16942,0.743731
16943,0.713370
16944,0.743917
16945,0.743251
16946,0.740782
16947,0.806310
16948,0.703159
16949,0.762167
16950,0.742907
16951,0.738838
16952,0.721814
16953,0.806982
16954,0.786181
16955,0.752265
16956,0.762057
16957,0.799404
16958,0.785964
16959,0.698966
16960,0.745181
16961,0.686758
16962,0.801174
16963,0.714100
16964,0.721099
16965,0.741583
16966,0.772002
16967,0.753373
16968,0.754062
16969,0.746400
16970,0.725822
16971,0.744557
16972,0.692324
16973,0.772126
16974,0.726749
16975,0.764982
16976,0.713326
16977,0.739652
16978,0.725189
16979,0.761521
16980,0.762625
16981,0.755100
16982,0.750187
16983,0.741615
16984,0.744893
16985,0.792984
16986,0.756613
16987,0.701376
16988,0.700933
16989,0.758616
16990,0.750748
16991,0.746469
16992,0.712347
16993,0.750124
16994,0.723245
16995,0.783854
16996,0.750806
16997,0.759852
16998,0.759766
16999,0.733611
17000,0.785022
17001,0.716216
17002,0.729130
17003,0.725799
17004,0.760933
17005,0.655138
17006,0.734963
17007,0.804609
17008,0.789059
17009,0.814403
17010,0.699938
17011,0.723677
17012,0.783267
17013,0.766188
17014,0.798067
17015,0.789042
17016,0.758342
17017,0.702299
17018,0.708929
17019,0.772890
17020,0.748836
17021,0.770388
17022,0.750732
17023,0.709110
17024,0.755397
17025,0.744516
17026,0.730193
17027,0.729742
17028,0.735688
17029,0.741946
17030,0.840011
17031,0.726024
17032,0.733369
17033,0.785911
17034,0.773401
17035,0.707509
17036,0.742960
17037,0.689190
17038,0.752183
17039,0.736279
17040,0.778045
17041,0.729902
17042,0.759438
17043,0.729665
17044,0.728463
17045,0.689938
17046,0.698675
17047,0.741971
17048,0.732022
17049,0.720403
17050,0.757856
17051,0.770728
17052,0.709008
17053,0.733824
17054,0.755006
17055,0.705930
17056,0.706802
17057,0.789009
17058,0.831874
17059,0.730298
17060,0.746638
17061,0.753250
17062,0.683150
17063,0.722182
17064,0.715932
17065,0.709464
17066,0.750218
17067,0.806101
17068,0.794758
17069,0.704572
17070,0.785910
17071,0.742148
17072,0.755403
17073,0.718455
17074,0.750662
17075,0.730821
17076,0.796258
17077,0.771927
17078,0.719840
17079,0.742579
17080,0.725767
17081,0.808939
17082,0.727073
17083,0.673049
17084,0.749168
17085,0.726237
17086,0.740338
17087,0.796227
17088,0.752727
17089,0.696373
17090,0.783075
17091,0.802264
17092,0.758463
17093,0.702812
17094,0.715565
17095,0.763285
17096,0.766365
17097,0.722530
17098,0.784368
17099,0.720935
17100,0.789292
17101,0.715385
17102,0.696141
17103,0.721966
17104,0.748591
17105,0.793860
17106,0.757192
17107,0.725118
17108,0.735914
17109,0.741085
17110,0.729637
17111,0.713682
17112,0.783983
17113,0.734479
17114,0.751603
17115,0.723813
17116,0.725987
17117,0.710416
17118,0.762412
17119,0.730495
17120,0.774846
17121,0.705190
17122,0.724786
17123,0.720438
17124,0.745129
17125,0.749481
17126,0.745385
17127,0.703857
17128,0.764250
17129,0.711390
17130,0.737515
17131,0.722989
17132,0.709445
17133,0.752220
17134,0.798892
17135,0.744603
17136,0.717950
17137,0.722738
17138,0.721680
17139,0.746392
17140,0.796093
17141,0.757540
17142,0.755297
17143,0.779882
17144,0.781176
17145,0.770932
17146,0.728890
17147,0.750648
17148,0.733528
17149,0.824834
17150,0.742091
17151,0.822167
17152,0.737123
17153,0.733007
17154,0.743464
17155,0.754751
17156,0.738442
17157,0.785565
17158,0.728040
17159,0.747068
17160,0.750157
17161,0.761488
17162,0.749196
17163,0.786981
17164,0.746459
17165,0.769253
17166,0.717045
17167,0.729243
17168,0.719476
17169,0.738097
17170,0.742389
17171,0.719325
17172,0.715181
17173,0.751906
17174,0.731041
17175,0.769898
17176,0.695835
17177,0.757527
17178,0.691639
17179,0.779662
17180,0.726860
17181,0.753999
17182,0.757312
17183,0.762500
17184,0.750329
17185,0.732165
17186,0.736468
17187,0.758738
17188,0.742297
17189,0.692008
17190,0.737844
17191,0.737956
17192,0.691607
17193,0.727519
17194,0.738972
17195,0.727422
17196,0.709633
17197,0.763966
17198,0.808715
17199,0.736673
17200,0.690309
17201,0.731093
17202,0.743714
17203,0.782759
17204,0.746012
17205,0.716654
17206,0.753414
17207,0.749196
17208,0.675373
17209,0.729460
17210,0.728287
17211,0.724741
17212,0.746251
17213,0.729402
17214,0.746647
17215,0.725832
17216,0.757806
17217,0.747017
17218,0.707436
17219,0.733552
17220,0.746451
17221,0.718431
17222,0.790602
17223,0.737703
17224,0.733064
17225,0.723508
17226,0.715486
17227,0.765265
17228,0.715806
17229,0.724905
17230,0.744814
17231,0.777316
17232,0.786200
17233,0.699426
17234,0.741970
17235,0.750712
17236,0.820391
17237,0.751556
17238,0.703319
17239,0.719126
17240,0.767443
17241,0.734905
17242,0.769515
17243,0.732471
17244,0.764702
17245,0.697572
17246,0.791797
17247,0.711409
17248,0.737729
17249,0.706971
17250,0.741904
17251,0.780023
17252,0.735161
17253,0.757110
17254,0.753570
17255,0.718957
17256,0.693786
17257,0.769879
17258,0.709917
17259,0.713693
17260,0.693762
17261,0.705884
17262,0.728897
17263,0.740582
17264,0.790205
17265,0.766285
17266,0.738084
17267,0.737130
17268,0.768579
17269,0.768317
17270,0.739491
17271,0.727891
17272,0.740917
17273,0.789986
17274,0.681537
17275,0.727607
17276,0.713619
17277,0.724016
17278,0.753265
17279,0.772357
17280,0.775374
17281,0.748802
17282,0.728695
17283,0.771574
17284,0.787234
17285,0.801263
17286,0.735639
17287,0.704852
17288,0.732205
17289,0.710091
17290,0.781697
17291,0.741504
17292,0.710149
17293,0.707554
17294,0.785257
17295,0.753570
17296,0.748100
17297,0.727505
17298,0.770579
17299,0.751207
17300,0.704623
17301,0.776321
17302,0.773028
17303,0.739551
17304,0.861413
17305,0.723229
17306,0.725543
17307,0.719587
17308,0.748638
17309,0.775480
17310,0.746510
17311,0.744493
17312,0.704329
17313,0.754843
17314,0.702528
17315,0.768618
17316,0.761311
17317,0.767146
17318,0.668257
17319,0.744265
17320,0.761552
17321,0.755668
17322,0.685800
17323,0.729903
17324,0.741607
17325,0.811044
17326,0.720293
17327,0.774022
17328,0.739140
17329,0.664510
17330,0.745613
17331,0.779296
17332,0.763590
17333,0.662657
17334,0.756387
17335,0.765818
17336,0.783188
17337,0.733323
17338,0.693505
17339,0.697415
17340,0.756733
17341,0.697383
17342,0.740648
17343,0.737989
17344,0.733944
17345,0.787760
17346,0.709637
17347,0.752110
17348,0.738209
17349,0.735896
17350,0.741990
17351,0.716661
17352,0.783416
17353,0.751460
17354,0.740984
17355,0.731538
17356,0.804036
17357,0.733761
17358,0.707195
17359,0.766275
17360,0.699900
17361,0.734993
17362,0.718369
17363,0.761778
17364,0.771657
17365,0.756065
17366,0.737299
17367,0.742371
17368,0.717964
17369,0.699162
17370,0.773269
17371,0.714166
17372,0.729103
17373,0.732371
17374,0.699280
17375,0.748519
17376,0.760118
17377,0.790965
17378,0.718873
17379,0.719684
17380,0.732557
17381,0.751000
17382,0.800611
17383,0.751524
17384,0.750719
17385,0.752594
17386,0.717497
17387,0.741687
17388,0.661748
17389,0.735055
17390,0.776036
17391,0.760184
17392,0.776545
17393,0.790190
17394,0.708334
17395,0.740669
17396,0.780649
17397,0.703905
17398,0.692305
17399,0.789119
17400,0.787690
17401,0.780477
17402,0.696048
17403,0.778262
17404,0.738098
17405,0.733294
17406,0.745799
17407,0.761256
17408,0.703093
17409,0.709649
17410,0.762714
17411,0.716431
17412,0.724264
17413,0.739337
17414,0.716480
17415,0.737195
17416,0.716050
17417,0.754723
17418,0.726611
17419,0.694707
17420,0.752546
17421,0.712688
17422,0.783222
17423,0.746985
17424,0.725360
17425,0.793888
17426,0.694554
17427,0.768332
17428,0.752362
17429,0.693605
17430,0.756936
17431,0.727328
17432,0.747943
17433,0.763847
17434,0.763252
17435,0.717515
17436,0.703839
17437,0.748650
17438,0.713742
17439,0.691075
17440,0.726887
17441,0.783160
17442,0.756203
17443,0.727477
17444,0.757826
17445,0.756385
17446,0.703775
17447,0.737424
17448,0.738006
17449,0.731626
17450,0.720332
17451,0.719465
17452,0.761717
17453,0.771730
17454,0.785275
17455,0.866998
17456,0.734711
17457,0.686100
17458,0.793806
17459,0.706173
17460,0.749725
17461,0.763634
17462,0.739656
17463,0.760979
17464,0.707281
17465,0.755561
17466,0.733628
17467,0.687772
17468,0.706898
17469,0.738187
17470,0.722766
17471,0.747586
17472,0.711957
17473,0.683917
17474,0.778736
17475,0.826656
17476,0.804718
17477,0.712828
17478,0.815143
17479,0.798432
17480,0.789890
17481,0.741506
17482,0.786736
17483,0.806169
17484,0.730063
17485,0.713782
17486,0.762188
17487,0.711916
17488,0.743145
17489,0.758780
17490,0.775104
17491,0.767647
17492,0.792818
17493,0.723251
17494,0.697064
17495,0.748331
17496,0.794775
17497,0.735411
17498,0.740002
17499,0.765936
17500,0.761754
17501,0.749191
17502,0.781307
17503,0.787191
17504,0.723025
17505,0.732805
17506,0.725456
17507,0.729087
17508,0.776868
17509,0.727956
17510,0.665462
17511,0.747138
17512,0.765613
17513,0.728621
17514,0.762088
17515,0.706738
17516,0.752388
17517,0.725438
17518,0.752946
17519,0.757112
17520,0.677593
17521,0.731619
17522,0.737177
17523,0.782819
17524,0.789298
17525,0.696008
17526,0.744875
17527,0.710132
17528,0.765461
17529,0.781288
17530,0.766846
17531,0.732414
17532,0.751297
17533,0.732988
17534,0.743167
17535,0.714737
17536,0.731279
17537,0.754704
17538,0.783842
17539,0.745206
17540,0.732458
17541,0.718535
17542,0.772585
17543,0.708141
17544,0.693420
17545,0.786201
17546,0.729717
17547,0.728155
17548,0.692461
17549,0.709049
17550,0.755438
17551,0.723579
17552,0.710875
17553,0.766981
17554,0.732495
17555,0.739761
17556,0.727900
17557,0.768519
17558,0.739204
17559,0.708165
17560,0.739977
17561,0.769663
17562,0.739476
17563,0.788574
17564,0.731474
17565,0.747645
17566,0.762548
17567,0.726023
17568,0.742505
17569,0.852069
17570,0.685376
17571,0.745773
17572,0.795344
17573,0.696515
17574,0.776704
17575,0.691668
17576,0.707534
17577,0.724324
17578,0.736723
17579,0.740345
17580,0.741522
17581,0.734533
17582,0.723750
17583,0.715504
17584,0.746247
17585,0.709216
17586,0.803013
17587,0.724928
17588,0.749063
17589,0.737967
17590,0.724102
17591,0.729355
17592,0.692948
17593,0.690207
17594,0.746284
17595,0.755769
17596,0.764772
17597,0.721914
17598,0.756806
17599,0.725777
17600,0.719755
17601,0.781519
17602,0.767239
17603,0.762714
17604,0.725715
17605,0.715409
17606,0.720999
17607,0.785133
17608,0.748141
17609,0.780548
17610,0.694317
17611,0.724499
17612,0.743109
17613,0.720926
17614,0.745445
17615,0.702763
17616,0.664444
17617,0.814543
17618,0.733122
17619,0.697924
17620,0.749976
17621,0.717838
17622,0.786750
17623,0.733723
17624,0.726305
17625,0.754422
17626,0.732435
17627,0.783713
17628,0.757348
17629,0.701672
17630,0.745556
17631,0.735007
17632,0.700726
17633,0.792083
17634,0.767195
17635,0.761659
17636,0.719205
17637,0.749003
17638,0.784742
17639,0.706900
17640,0.728542
17641,0.703323
17642,0.747971
17643,0.796692
17644,0.796466
17645,0.776966
17646,0.739199
17647,0.721629
17648,0.775250
17649,0.731016
17650,0.811195
17651,0.782792
17652,0.748747
17653,0.745877
17654,0.728403
17655,0.710019
17656,0.708741
17657,0.714834
17658,0.702350
17659,0.717832
17660,0.716261
17661,0.707251
17662,0.759138
17663,0.727393
17664,0.752918
17665,0.780242
17666,0.761583
17667,0.739540
17668,0.734351
17669,0.759853
17670,0.670920
17671,0.725240
17672,0.787169
17673,0.689403
17674,0.715705
17675,0.707779
17676,0.744631
17677,0.705142
17678,0.736487
17679,0.713651
17680,0.713633
17681,0.742844
17682,0.782616
17683,0.715272
17684,0.718534
17685,0.732328
17686,0.748946
17687,0.752851
17688,0.787836
17689,0.747864
17690,0.758507
17691,0.778634
17692,0.704172
17693,0.720837
17694,0.765280
17695,0.768907
17696,0.783100
17697,0.763235
17698,0.765513
17699,0.782353
17700,0.713268
17701,0.757264
17702,0.711951
17703,0.735697
17704,0.700755
17705,0.749580
17706,0.782769
17707,0.717232
17708,0.745648
17709,0.755645
17710,0.775312
17711,0.736403
17712,0.720062
17713,0.734455
17714,0.759254
17715,0.739223
17716,0.761575
17717,0.751929
17718,0.735685
17719,0.725235
17720,0.797452
17721,0.767786
17722,0.723336
17723,0.740408
17724,0.733040
17725,0.857253
17726,0.727724
17727,0.769646
17728,0.745872
17729,0.758406
17730,0.758525
17731,0.704690
17732,0.753069
17733,0.722161
17734,0.738303
17735,0.743492
17736,0.718342
17737,0.772020
17738,0.735498
17739,0.753632
17740,0.744165
17741,0.775942
17742,0.663594
17743,0.671984
17744,0.712976
17745,0.748883
17746,0.755528
17747,0.732420
17748,0.819596
17749,0.698970
17750,0.725252
17751,0.786014
17752,0.761948
17753,0.760016
17754,0.672847
17755,0.770396
17756,0.734612
17757,0.792587
17758,0.774816
17759,0.717637
17760,0.760868
17761,0.813298
17762,0.762879
17763,0.675751
17764,0.744415
17765,0.682407
17766,0.746333
17767,0.734189
17768,0.761378
17769,0.767636
17770,0.738508
17771,0.732373
17772,0.763278
17773,0.728338
17774,0.763812
17775,0.720209
17776,0.769116
17777,0.755521
17778,0.708485
17779,0.782144
17780,0.663232
17781,0.721715
17782,0.772313
17783,0.722398
17784,0.733810
17785,0.749142
17786,0.766973
17787,0.732059
17788,0.724156
17789,0.681029
17790,0.745669
17791,0.812768
17792,0.770489
17793,0.713747
17794,0.752521
17795,0.798987
17796,0.731380
17797,0.750458
17798,0.696010
17799,0.746287
17800,0.745307
17801,0.766139
17802,0.722424
17803,0.770064
17804,0.771997
17805,0.749824
17806,0.745010
17807,0.763049
17808,0.759983
17809,0.773220
17810,0.754177
17811,0.715721
17812,0.770353
17813,0.736115
17814,0.726517
17815,0.775658
17816,0.763920
17817,0.697209
17818,0.768869
17819,0.744056
17820,0.757768
17821,0.818434
17822,0.807203
17823,0.779628
17824,0.716414
17825,0.713544
17826,0.805434
17827,0.715094
17828,0.710071
17829,0.725338
17830,0.658154
17831,0.742974
17832,0.712794
17833,0.700861
17834,0.737108
17835,0.757879
17836,0.690741
17837,0.673964
17838,0.717033
17839,0.720739
17840,0.760704
17841,0.728117
17842,0.744948
17843,0.799104
17844,0.756689
17845,0.700837
17846,0.757139
17847,0.742647
17848,0.726165
17849,0.771204
17850,0.715636
17851,0.721303
17852,0.791177
17853,0.693252
17854,0.750166
17855,0.764514
17856,0.756029
17857,0.715646
17858,0.780538
17859,0.758610
17860,0.727892
17861,0.709590
17862,0.745037
17863,0.724583
17864,0.768120
17865,0.732145
17866,0.742232
17867,0.700507
17868,0.714669
17869,0.791944
17870,0.750816
17871,0.714787
17872,0.764670
17873,0.724572
17874,0.755200
17875,0.757984
17876,0.728838
17877,0.775559
17878,0.706442
17879,0.725335
17880,0.717926
17881,0.722083
17882,0.748573
17883,0.735724
17884,0.719121
17885,0.748407
17886,0.775171
17887,0.714524
17888,0.663755
17889,0.734840
17890,0.724671
17891,0.767094
17892,0.791992
17893,0.750901
17894,0.699038
17895,0.711468
17896,0.770078
17897,0.720394
17898,0.766902
17899,0.735350
17900,0.711491
17901,0.706186
17902,0.726772
17903,0.875998
17904,0.765799
17905,0.771102
17906,0.707657
17907,0.712335
17908,0.806140
17909,0.733466
17910,0.707493
17911,0.715374
17912,0.731838
17913,0.775918
17914,0.732574
17915,0.773046
17916,0.761637
17917,0.805336
17918,0.728452
17919,0.761587
17920,0.710435
17921,0.718922
17922,0.735791
17923,0.765016
17924,0.763611
17925,0.734438
17926,0.738760
17927,0.724432
17928,0.752290
17929,0.724451
17930,0.748151
17931,0.716717
17932,0.760357
17933,0.746642
17934,0.695427
17935,0.775368
17936,0.714838
17937,0.709498
17938,0.762351
17939,0.773511
17940,0.724292
17941,0.717055
17942,0.719428
17943,0.756863
17944,0.762084
17945,0.765707
17946,0.773974
17947,0.772151
17948,0.756872
17949,0.718266
17950,0.769783
17951,0.711291
17952,0.761878
17953,0.772490
17954,0.715149
17955,0.686412
17956,0.772650
17957,0.748783
17958,0.770312
17959,0.749791
17960,0.710317
17961,0.746832
17962,0.729843
17963,0.740483
17964,0.710462
17965,0.735507
17966,0.711893
17967,0.750581
17968,0.757364
17969,0.760356
17970,0.746143
17971,0.722120
17972,0.752867
17973,0.723802
17974,0.706354
17975,0.760809
17976,0.744890
17977,0.736204
17978,0.732060
17979,0.719653
17980,0.714630
17981,0.784650
17982,0.753677
17983,0.750618
17984,0.757075
17985,0.706336
17986,0.745966
17987,0.790307
17988,0.706219
17989,0.726154
17990,0.736666
17991,0.756458
17992,0.773294
17993,0.740778
17994,0.725212
17995,0.734385
17996,0.729761
17997,0.697774
17998,0.689950
17999,0.740563
18000,0.801664
18001,0.750015
18002,0.770691
18003,0.762386
18004,0.734941
18005,0.777144
18006,0.734837
18007,0.743634
18008,0.699055
18009,0.710316
18010,0.748923
18011,0.745978
18012,0.796061
18013,0.746058
18014,0.731163
18015,0.733090
18016,0.768364
18017,0.766182
18018,0.713748
18019,0.679873
18020,0.702351
18021,0.757153
18022,0.714611
18023,0.760090
18024,0.735526
18025,0.771633
18026,0.792818
18027,0.743959
18028,0.716624
18029,0.731367
18030,0.769022
18031,0.738265
18032,0.752473
18033,0.786105
18034,0.712399
18035,0.779131
18036,0.762516
18037,0.734712
18038,0.755453
18039,0.775261
18040,0.713152
18041,0.747150
18042,0.773145
18043,0.749191
18044,0.760445
18045,0.768212
18046,0.766948
18047,0.700489
18048,0.748985
18049,0.674517
18050,0.674163
18051,0.740993
18052,0.749887
18053,0.686654
18054,0.771850
18055,0.690309
18056,0.714457
18057,0.683014
18058,0.720394
18059,0.743527
18060,0.722068
18061,0.724467
18062,0.736209
18063,0.732952
18064,0.751087
18065,0.727316
18066,0.723383
18067,0.734889
18068,0.765570
18069,0.797091
18070,0.701063
18071,0.703602
18072,0.731738
18073,0.763383
18074,0.737800
18075,0.725008
18076,0.802361
18077,0.806383
18078,0.762676
18079,0.751859
18080,0.703176
18081,0.714506
18082,0.719544
18083,0.742580
18084,0.651492
18085,0.723212
18086,0.726670
18087,0.754677
18088,0.791447
18089,0.786137
18090,0.790030
18091,0.718397
18092,0.724893
18093,0.753997
18094,0.758319
18095,0.730623
18096,0.701468
18097,0.720328
18098,0.749087
18099,0.729299
18100,0.729033
18101,0.732718
18102,0.748218
18103,0.676056
18104,0.770397
18105,0.704288
18106,0.667209
18107,0.707304
18108,0.766331
18109,0.784267
18110,0.785318
18111,0.740302
18112,0.732831
18113,0.698853
18114,0.796534
18115,0.717778
18116,0.723490
18117,0.702473
18118,0.782219
18119,0.718960
18120,0.741077
18121,0.721259
18122,0.679999
18123,0.758419
18124,0.733224
18125,0.755588
18126,0.742064
18127,0.695844
18128,0.735391
18129,0.771378
18130,0.738579
18131,0.718896
18132,0.782348
18133,0.723164
18134,0.773142
18135,0.773520
18136,0.746787
18137,0.704298
18138,0.743442
18139,0.769212
18140,0.745366
18141,0.724004
18142,0.772873
18143,0.750222
18144,0.727481
18145,0.733816
18146,0.703410
18147,0.775640
18148,0.694690
18149,0.673242
18150,0.747571
18151,0.703435
18152,0.754405
18153,0.733360
18154,0.748212
18155,0.783014
18156,0.704078
18157,0.715759
18158,0.723488
18159,0.733440
18160,0.710928
18161,0.751613
18162,0.769210
18163,0.738726
18164,0.689845
18165,0.725525
18166,0.689539
18167,0.726127
18168,0.699772
18169,0.747113
18170,0.744749
18171,0.692244
18172,0.741734
18173,0.660405
18174,0.762626
18175,0.722849
18176,0.810287
18177,0.735936
18178,0.753954
18179,0.715053
18180,0.763647
18181,0.733643
18182,0.730994
18183,0.739594
18184,0.780945
18185,0.699324
18186,0.752943
18187,0.696923
18188,0.740092
18189,0.749531
18190,0.717435
18191,0.773386
18192,0.753742
18193,0.724609
18194,0.698011
18195,0.731379
18196,0.729383
18197,0.734210
18198,0.695904
18199,0.721447
18200,0.749192
18201,0.708395
18202,0.679511
18203,0.769054
18204,0.773490
18205,0.740441
18206,0.756848
18207,0.762536
18208,0.715912
18209,0.744116
18210,0.770548
18211,0.699095
18212,0.706316
18213,0.776745
18214,0.783653
18215,0.748503
18216,0.699093
18217,0.691019
18218,0.776558
18219,0.687327
18220,0.758489
18221,0.750387
18222,0.767031
18223,0.726498
18224,0.733127
18225,0.748807
18226,0.778067
18227,0.729696
18228,0.733291
18229,0.682191
18230,0.782304
18231,0.681796
18232,0.732760
18233,0.737541
18234,0.734273
18235,0.777625
18236,0.764290
18237,0.684075
18238,0.758901
18239,0.802795
18240,0.735569
18241,0.679058
18242,0.732796
18243,0.733923
18244,0.690464
18245,0.712134
18246,0.739089
18247,0.708166
18248,0.755104
18249,0.725156
18250,0.744034
18251,0.726908
18252,0.802012
18253,0.723774
18254,0.731152
18255,0.672445
18256,0.766557
18257,0.718930
18258,0.760644
18259,0.746997
18260,0.704377
18261,0.753348
18262,0.728465
18263,0.751363
18264,0.745672
18265,0.722576
18266,0.758728
18267,0.714932
18268,0.728017
18269,0.676773
18270,0.740358
18271,0.742976
18272,0.784462
18273,0.725612
18274,0.773030
18275,0.806262
18276,0.738837
18277,0.720240
18278,0.731831
18279,0.754834
18280,0.725347
18281,0.732456
18282,0.773755
18283,0.724650
18284,0.754680
18285,0.685252
18286,0.705881
18287,0.765809
18288,0.780683
18289,0.684860
18290,0.740046
18291,0.722416
18292,0.734647
18293,0.746436
18294,0.781869
18295,0.749127
18296,0.740955
18297,0.719820
18298,0.739555
18299,0.728472
18300,0.722367
18301,0.706782
18302,0.711426
18303,0.730332
18304,0.733469
18305,0.735380
18306,0.750694
18307,0.748120
18308,0.712184
18309,0.709136
18310,0.784045
18311,0.696094
18312,0.728100
18313,0.701471
18314,0.683976
18315,0.723732
18316,0.777083
18317,0.764670
18318,0.732036
18319,0.756775
18320,0.733058
18321,0.722223
18322,0.682898
18323,0.707016
18324,0.712008
18325,0.797633
18326,0.699484
18327,0.764726
18328,0.812931
18329,0.748598
18330,0.742825
18331,0.773720
18332,0.688149
18333,0.796243
18334,0.850813
18335,0.708201
18336,0.735969
18337,0.789302
18338,0.721254
18339,0.717209
18340,0.735917
18341,0.807484
18342,0.744497
18343,0.754577
18344,0.773121
18345,0.717084
18346,0.720258
18347,0.760465
18348,0.764260
18349,0.696325
18350,0.731092
18351,0.714070
18352,0.752909
18353,0.769572
18354,0.743459
18355,0.710651
18356,0.726923
18357,0.649107
18358,0.693875
18359,0.705176
18360,0.726323
18361,0.755072
18362,0.680942
18363,0.788791
18364,0.775746
18365,0.708691
18366,0.745585
18367,0.753637
18368,0.744881
18369,0.776865
18370,0.743682
18371,0.746665
18372,0.713950
18373,0.727564
18374,0.707838
18375,0.758534
18376,0.770739
18377,0.725044
18378,0.784577
18379,0.753608
18380,0.763060
18381,0.770053
18382,0.733873
18383,0.749851
18384,0.762144
18385,0.765108
18386,0.760356
18387,0.736406
18388,0.830481
18389,0.747644
18390,0.700958
18391,0.742401
18392,0.697269
18393,0.730792
18394,0.729368
18395,0.710788
18396,0.685941
18397,0.719861
18398,0.725441
18399,0.775225
18400,0.736484
18401,0.755529
18402,0.787325
18403,0.705742
18404,0.753998
18405,0.711162
18406,0.712716
18407,0.722645
18408,0.736670
18409,0.752500
18410,0.757232
18411,0.697853
18412,0.731586
18413,0.714681
18414,0.736712
18415,0.743506
18416,0.754048
18417,0.712853
18418,0.791203
18419,0.791740
18420,0.736746
18421,0.723969
18422,0.731865
18423,0.746763
18424,0.695513
18425,0.658234
18426,0.729960
18427,0.722004
18428,0.746421
18429,0.739993
18430,0.697673
18431,0.782032
18432,0.704858
18433,0.738532
18434,0.752378
18435,0.722588
18436,0.792264
18437,0.748071
18438,0.757349
18439,0.685780
18440,0.756003
18441,0.719761
18442,0.712189
18443,0.737488
18444,0.755328
18445,0.783694
18446,0.772628
18447,0.744150
18448,0.744028
18449,0.707825
18450,0.732005
18451,0.729929
18452,0.710501
18453,0.731318
18454,0.738032
18455,0.656949
18456,0.739737
18457,0.791694
18458,0.742425
18459,0.775027
18460,0.766547
18461,0.697617
18462,0.753424
18463,0.701146
18464,0.730998
18465,0.748328
18466,0.742096
18467,0.787101
18468,0.746926
18469,0.779220
18470,0.743741
18471,0.739378
18472,0.731045
18473,0.732465
18474,0.680126
18475,0.725127
18476,0.727414
18477,0.741424
18478,0.709257
18479,0.696984
18480,0.798846
18481,0.765487
18482,0.763954
18483,0.711787
18484,0.730052
18485,0.791868
18486,0.740905
18487,0.721395
18488,0.715055
18489,0.756146
18490,0.732006
18491,0.745418
18492,0.732988
18493,0.721660
18494,0.697851
18495,0.736725
18496,0.700884
18497,0.743325
18498,0.748815
18499,0.790542
18500,0.683866
18501,0.753206
18502,0.759931
18503,0.723447
18504,0.734574
18505,0.754883
18506,0.703401
18507,0.694484
18508,0.677006
18509,0.759016
18510,0.749131
18511,0.743671
18512,0.738159
18513,0.761185
18514,0.760491
18515,0.758995
18516,0.725225
18517,0.727966
18518,0.736795
18519,0.682743
18520,0.736666
18521,0.708958
18522,0.768359
18523,0.720566
18524,0.682113
18525,0.710983
18526,0.753935
18527,0.796519
18528,0.722300
18529,0.769201
18530,0.754788
18531,0.784347
18532,0.720253
18533,0.728362
18534,0.792845
18535,0.737501
18536,0.712659
18537,0.679912
18538,0.764452
18539,0.743950
18540,0.768051
18541,0.689067
18542,0.770300
18543,0.747191
18544,0.738230
18545,0.719125
18546,0.743770
18547,0.760570
18548,0.729911
18549,0.766280
18550,0.769138
18551,0.745967
18552,0.688079
18553,0.722569
18554,0.735387
18555,0.735420
18556,0.744106
18557,0.758825
18558,0.738676
18559,0.741300
18560,0.753460
18561,0.775243
18562,0.680264
18563,0.720335
18564,0.738431
18565,0.726878
18566,0.685588
18567,0.772000
18568,0.748309
18569,0.737457
18570,0.730456
18571,0.695351
18572,0.741438
18573,0.736597
18574,0.739949
18575,0.703251
18576,0.724635
18577,0.754593
18578,0.759288
18579,0.783563
18580,0.754453
18581,0.744130
18582,0.762031
18583,0.787537
18584,0.801505
18585,0.752330
18586,0.706158
18587,0.749771
18588,0.725201
18589,0.766292
18590,0.717342
18591,0.720165
18592,0.763291
18593,0.728866
18594,0.695379
18595,0.745745
18596,0.699448
18597,0.733898
18598,0.722867
18599,0.739298
18600,0.713406
18601,0.677557
18602,0.738951
18603,0.793449
18604,0.736771
18605,0.718726
18606,0.721756
18607,0.767519
18608,0.735382
18609,0.723244
18610,0.722949
18611,0.797860
18612,0.754412
18613,0.753472
18614,0.719112
18615,0.711299
18616,0.697051
18617,0.702613
18618,0.698149
18619,0.741359
18620,0.703308
18621,0.771223
18622,0.793515
18623,0.713208
18624,0.689833
18625,0.762983
18626,0.780003
18627,0.723857
18628,0.728639
18629,0.700384
18630,0.728955
18631,0.705434
18632,0.816314
18633,0.735206
18634,0.739321
18635,0.680617
18636,0.710853
18637,0.731775
18638,0.773957
18639,0.750395
18640,0.704029
18641,0.698477
18642,0.724694
18643,0.753289
18644,0.708297
18645,0.725899
18646,0.734108
18647,0.758184
18648,0.707234
18649,0.793268
18650,0.759750
18651,0.722842
18652,0.721530
18653,0.707880
18654,0.778057
18655,0.728176
18656,0.720285
18657,0.754633
18658,0.738788
18659,0.738427
18660,0.713833
18661,0.750226
18662,0.776226
18663,0.731465
18664,0.714303
18665,0.728334
18666,0.751198
18667,0.721952
18668,0.765001
18669,0.716126
18670,0.745402
18671,0.724256
18672,0.707755
18673,0.726067
18674,0.671369
18675,0.700818
18676,0.770034
18677,0.726198
18678,0.803439
18679,0.680430
18680,0.724464
18681,0.696933
18682,0.755293
18683,0.742983
18684,0.734826
18685,0.750202
18686,0.773615
18687,0.712208
18688,0.741345
18689,0.734806
18690,0.799044
18691,0.732284
18692,0.709546
18693,0.732069
18694,0.753731
18695,0.732365
18696,0.739171
18697,0.695397
18698,0.690251
18699,0.766589
18700,0.748373
18701,0.678006
18702,0.756817
18703,0.754160
18704,0.751035
18705,0.763783
18706,0.733042
18707,0.697734
18708,0.727444
18709,0.738618
18710,0.708962
18711,0.738983
18712,0.709845
18713,0.722166
18714,0.709070
18715,0.711395
18716,0.756640
18717,0.769117
18718,0.722037
18719,0.701159
18720,0.729791
18721,0.717347
18722,0.715332
18723,0.753248
18724,0.720063
18725,0.718899
18726,0.742910
18727,0.720604
18728,0.777354
18729,0.727943
18730,0.764609
18731,0.732215
18732,0.739725
18733,0.727311
18734,0.731007
18735,0.735479
18736,0.710288
18737,0.743015
18738,0.729539
18739,0.699817
18740,0.715849
18741,0.693813
18742,0.736339
18743,0.771669
18744,0.710675
18745,0.735448
18746,0.670785
18747,0.733891
18748,0.780950
18749,0.709496
18750,0.774970
18751,0.748284
18752,0.724843
18753,0.743910
18754,0.729428
18755,0.765393
18756,0.745723
18757,0.687673
18758,0.690631
18759,0.712186
18760,0.667051
18761,0.772354
18762,0.745138
18763,0.753838
18764,0.740579
18765,0.765449
18766,0.708218
18767,0.742339
18768,0.727497
18769,0.738999
18770,0.688087
18771,0.749940
18772,0.718748
18773,0.755185
18774,0.754064
18775,0.741649
18776,0.697975
18777,0.714740
18778,0.798174
18779,0.725878
18780,0.745600
18781,0.765112
18782,0.732601
18783,0.719570
18784,0.704577
18785,0.721425
18786,0.685606
18787,0.714114
18788,0.744926
18789,0.790993
18790,0.755839
18791,0.724005
18792,0.732424
18793,0.677667
18794,0.729161
18795,0.731627
18796,0.745571
18797,0.721023
18798,0.777383
18799,0.736624
18800,0.701469
18801,0.718598
18802,0.761759
18803,0.752828
18804,0.754584
18805,0.761531
18806,0.721549
18807,0.795514
18808,0.706378
18809,0.710982
18810,0.690946
18811,0.754223
18812,0.715304
18813,0.751785
18814,0.745211
18815,0.704284
18816,0.741269
18817,0.803723
18818,0.723844
18819,0.698526
18820,0.752879
18821,0.780388
18822,0.750569
18823,0.761587
18824,0.738142
18825,0.740093
18826,0.752109
18827,0.758050
18828,0.763531
18829,0.785285
18830,0.748945
18831,0.770864
18832,0.690567
18833,0.714290
18834,0.738419
18835,0.770972
18836,0.755264
18837,0.710092
18838,0.731591
18839,0.753726
18840,0.740999
18841,0.787883
18842,0.700344
18843,0.809340
18844,0.729039
18845,0.725060
18846,0.764248
18847,0.722806
18848,0.764739
18849,0.733405
18850,0.716023
18851,0.743607
18852,0.709838
18853,0.697964
18854,0.733408
18855,0.743444
18856,0.666377
18857,0.739159
18858,0.716409
18859,0.731572
18860,0.708473
18861,0.705354
18862,0.746147
18863,0.801113
18864,0.740302
18865,0.730841
18866,0.717455
18867,0.742974
18868,0.768528
18869,0.764390
18870,0.772814
18871,0.739241
18872,0.731152
18873,0.731116
18874,0.759111
18875,0.775513
18876,0.718428
18877,0.721533
18878,0.763083
18879,0.743523
18880,0.707506
18881,0.703307
18882,0.692909
18883,0.783170
18884,0.733836
18885,0.768008
18886,0.710730
18887,0.721204
18888,0.730187
18889,0.715913
18890,0.733015
18891,0.730868
18892,0.721143
18893,0.725880
18894,0.665227
18895,0.699883
18896,0.707339
18897,0.769795
18898,0.730029
18899,0.749023
18900,0.741480
18901,0.760640
18902,0.755873
18903,0.715192
18904,0.712068
18905,0.751483
18906,0.741969
18907,0.760752
18908,0.701246
18909,0.717547
18910,0.776195
18911,0.734452
18912,0.710761
18913,0.755196
18914,0.766623
18915,0.734550
18916,0.779969
18917,0.680328
18918,0.738480
18919,0.717605
18920,0.749021
18921,0.762391
18922,0.712641
18923,0.729233
18924,0.722944
18925,0.733847
18926,0.725346
18927,0.761124
18928,0.745616
18929,0.795832
18930,0.769027
18931,0.752436
18932,0.801875
18933,0.763341
18934,0.756745
18935,0.756306
18936,0.760259
18937,0.669521
18938,0.762484
18939,0.722450
18940,0.753370
18941,0.721024
18942,0.738758
18943,0.751091
18944,0.744938
18945,0.736322
18946,0.766123
18947,0.745632
18948,0.752514
18949,0.738586
18950,0.721424
18951,0.759858
18952,0.726884
18953,0.768520
18954,0.728062
18955,0.672699
18956,0.741082
18957,0.740423
18958,0.744597
18959,0.722851
18960,0.737369
18961,0.734422
18962,0.672429
18963,0.730029
18964,0.721287
18965,0.696744
18966,0.693627
18967,0.744370
18968,0.725299
18969,0.712982
18970,0.765944
18971,0.701753
18972,0.745955
18973,0.701914
18974,0.737044
18975,0.702003
18976,0.690815
18977,0.703827
18978,0.718922
18979,0.755009
18980,0.729749
18981,0.684116
18982,0.748249
18983,0.756339
18984,0.692643
18985,0.800674
18986,0.755244
18987,0.768801
18988,0.787187
18989,0.796212
18990,0.715617
18991,0.688745
18992,0.720663
18993,0.753112
18994,0.772027
18995,0.719589
18996,0.743446
18997,0.682394
18998,0.717470
18999,0.712086
19000,0.703521
19001,0.745148
19002,0.686943
19003,0.724057
19004,0.770899
19005,0.729429
19006,0.709173
19007,0.764349
19008,0.788105
19009,0.736352
19010,0.759039
19011,0.739855
19012,0.703637
19013,0.759134
19014,0.735665
19015,0.744015
19016,0.733862
19017,0.694577
19018,0.731498
19019,0.735383
19020,0.754356
19021,0.755025
19022,0.725459
19023,0.717145
19024,0.802311
19025,0.731036
19026,0.761931
19027,0.754165
19028,0.729440
19029,0.725445
19030,0.704610
19031,0.837043
19032,0.731149
19033,0.748063
19034,0.687616
19035,0.719967
19036,0.765116
19037,0.761232
19038,0.734832
19039,0.801343
19040,0.777840
19041,0.769512
19042,0.718009
19043,0.747184
19044,0.715774
19045,0.722773
19046,0.701756
19047,0.817161
19048,0.727671
19049,0.736089
19050,0.753403
19051,0.732874
19052,0.723106
19053,0.786696
19054,0.711345
19055,0.708205
19056,0.693032
19057,0.726385
19058,0.707846
19059,0.758657
19060,0.787557
19061,0.736118
19062,0.711680
19063,0.752440
19064,0.723687
19065,0.752479
19066,0.740556
19067,0.779040
19068,0.662941
19069,0.741045
19070,0.716064
19071,0.729021
19072,0.705301
19073,0.687601
19074,0.747544
19075,0.715847
19076,0.771371
19077,0.784004
19078,0.768589
19079,0.790091
19080,0.743240
19081,0.740171
19082,0.699540
19083,0.683743
19084,0.778189
19085,0.750457
19086,0.671270
19087,0.763344
19088,0.708864
19089,0.732767
19090,0.727649
19091,0.713070
19092,0.710091
19093,0.691377
19094,0.654576
19095,0.785659
19096,0.662446
19097,0.731542
19098,0.735429
19099,0.735121
19100,0.701871
19101,0.822164
19102,0.687770
19103,0.688920
19104,0.747243
19105,0.684582
19106,0.723762
19107,0.674710
19108,0.715884
19109,0.721019
19110,0.702226
19111,0.695572
19112,0.745355
19113,0.790154
19114,0.754833
19115,0.730880
19116,0.783702
19117,0.751567
19118,0.708974
19119,0.787348
19120,0.747045
19121,0.768489
19122,0.795832
19123,0.694658
19124,0.750191
19125,0.719167
19126,0.748029
19127,0.789420
19128,0.774189
19129,0.739166
19130,0.764569
19131,0.755273
19132,0.698047
19133,0.786418
19134,0.759786
19135,0.715108
19136,0.728717
19137,0.690339
19138,0.812479
19139,0.720070
19140,0.725478
19141,0.748723
19142,0.824079
19143,0.761516
19144,0.732793
19145,0.696990
19146,0.729131
19147,0.750812
19148,0.673595
19149,0.696397
19150,0.750299
19151,0.744086
19152,0.730539
19153,0.694236
19154,0.741254
19155,0.715212
19156,0.689216
19157,0.671351
19158,0.756418
19159,0.694726
19160,0.747689
19161,0.708391
19162,0.769141
19163,0.751481
19164,0.756802
19165,0.747409
19166,0.750827
19167,0.685320
19168,0.738632
19169,0.739693
19170,0.721158
19171,0.738403
19172,0.699660
19173,0.726630
19174,0.765448
19175,0.770015
19176,0.735640
19177,0.743122
19178,0.726722
19179,0.690924
19180,0.710212
19181,0.738070
19182,0.730937
19183,0.731011
19184,0.721084
19185,0.715105
19186,0.736124
19187,0.758416
19188,0.689651
19189,0.729819
19190,0.732006
19191,0.755393
19192,0.775820
19193,0.778332
19194,0.758369
19195,0.787468
19196,0.758628
19197,0.691913
19198,0.739085
19199,0.738043
19200,0.720477
19201,0.753920
19202,0.747235
19203,0.728526
19204,0.750388
19205,0.762334
19206,0.689818
19207,0.749979
19208,0.738791
19209,0.702790
19210,0.770770
19211,0.765590
19212,0.701780
19213,0.736001
19214,0.749740
19215,0.736516
19216,0.737313
19217,0.726839
19218,0.677797
19219,0.690359
19220,0.737910
19221,0.765532
19222,0.744590
19223,0.685634
19224,0.757352
19225,0.712348
19226,0.709802
19227,0.730946
19228,0.786552
19229,0.761703
19230,0.759899
19231,0.716342
19232,0.712080
19233,0.733175
19234,0.744051
19235,0.739457
19236,0.721656
19237,0.735406
19238,0.698477
19239,0.725713
19240,0.754013
19241,0.743974
19242,0.716015
19243,0.740178
19244,0.720488
19245,0.759816
19246,0.782081
19247,0.729122
19248,0.771621
19249,0.773001
19250,0.732452
19251,0.714315
19252,0.736819
19253,0.755155
19254,0.752567
19255,0.701655
19256,0.695434
19257,0.758703
19258,0.742330
19259,0.773531
19260,0.815674
19261,0.755565
19262,0.732523
19263,0.773410
19264,0.714534
19265,0.750331
19266,0.800934
19267,0.716054
19268,0.758171
19269,0.733034
19270,0.652032
19271,0.731045
19272,0.722200
19273,0.740715
19274,0.740454
19275,0.684599
19276,0.705479
19277,0.704791
19278,0.739343
19279,0.716500
19280,0.761913
19281,0.721354
19282,0.746205
19283,0.755466
19284,0.804328
19285,0.761589
19286,0.731427
19287,0.689224
19288,0.796615
19289,0.696776
19290,0.735588
19291,0.753398
19292,0.731502
19293,0.790341
19294,0.805794
19295,0.787441
19296,0.706340
19297,0.747254
19298,0.739186
19299,0.740615
19300,0.711632
19301,0.716835
19302,0.721261
19303,0.717384
19304,0.725834
19305,0.757875
19306,0.711318
19307,0.725921
19308,0.744092
19309,0.722385
19310,0.748211
19311,0.705055
19312,0.752857
19313,0.723667
19314,0.742047
19315,0.666070
19316,0.712319
19317,0.758263
19318,0.750274
19319,0.713133
19320,0.720703
19321,0.695313
19322,0.712692
19323,0.762959
19324,0.712559
19325,0.771557
19326,0.731104
19327,0.694848
19328,0.728400
19329,0.756635
19330,0.762897
19331,0.731645
19332,0.709710
19333,0.719693
19334,0.744126
19335,0.749076
19336,0.719526
19337,0.770018
19338,0.729203
19339,0.770722
19340,0.714164
19341,0.709690
19342,0.762355
19343,0.745904
19344,0.705418
19345,0.779764
19346,0.753694
19347,0.695224
19348,0.769493
19349,0.725980
19350,0.723359
19351,0.771224
19352,0.766052
19353,0.739157
19354,0.711693
19355,0.742040
19356,0.787882
19357,0.700203
19358,0.763032
19359,0.761855
19360,0.739464
19361,0.757278
19362,0.761995
19363,0.755479
19364,0.737915
19365,0.743631
19366,0.752396
19367,0.762583
19368,0.702839
19369,0.695154
19370,0.656512
19371,0.700049
19372,0.722145
19373,0.752411
19374,0.749659
19375,0.746845
19376,0.726518
19377,0.776314
19378,0.702673
19379,0.740877
19380,0.741565
19381,0.720370
19382,0.746189
19383,0.743504
19384,0.762137
19385,0.675686
19386,0.759214
19387,0.777624
19388,0.774919
19389,0.740134
19390,0.741814
19391,0.679291
19392,0.687391
19393,0.754278
19394,0.758749
19395,0.743067
19396,0.752761
19397,0.696604
19398,0.746113
19399,0.795822
19400,0.712375
19401,0.736452
19402,0.696101
19403,0.740609
19404,0.788974
19405,0.711195
19406,0.707589
19407,0.722813
19408,0.726121
19409,0.773614
19410,0.768543
19411,0.748725
19412,0.696965
19413,0.781180
19414,0.730293
19415,0.712839
19416,0.693722
19417,0.749979
19418,0.791837
19419,0.728842
19420,0.721165
19421,0.696023
19422,0.723272
19423,0.830947
19424,0.689652
19425,0.747949
19426,0.722586
19427,0.733926
19428,0.754232
19429,0.735458
19430,0.771057
19431,0.741653
19432,0.723023
19433,0.694027
19434,0.746168
19435,0.750115
19436,0.778039
19437,0.751212
19438,0.706849
19439,0.710089
19440,0.751557
19441,0.728461
19442,0.723321
19443,0.755265
19444,0.757118
19445,0.742044
19446,0.746090
19447,0.713654
19448,0.755054
19449,0.720194
19450,0.731542
19451,0.723832
19452,0.740617
19453,0.740036
19454,0.769016
19455,0.719980
19456,0.764384
19457,0.731050
19458,0.692678
19459,0.683993
19460,0.778391
19461,0.757594
19462,0.810278
19463,0.721520
19464,0.708664
19465,0.741290
19466,0.731732
19467,0.680210
19468,0.706647
19469,0.746114
19470,0.793230
19471,0.786533
19472,0.718474
19473,0.752138
19474,0.689631
19475,0.725172
19476,0.731042
19477,0.752919
19478,0.774234
19479,0.716275
19480,0.704045
19481,0.725035
19482,0.756410
19483,0.729889
19484,0.693995
19485,0.752395
19486,0.736856
19487,0.769547
19488,0.763490
19489,0.796324
19490,0.748093
19491,0.767696
19492,0.687431
19493,0.698566
19494,0.724354
19495,0.758290
19496,0.706474
19497,0.720370
19498,0.727201
19499,0.749621
19500,0.782919
19501,0.753974
19502,0.718106
19503,0.721276
19504,0.723743
19505,0.783521
19506,0.692494
19507,0.768907
19508,0.756685
19509,0.755417
19510,0.754481
19511,0.714825
19512,0.750908
19513,0.783541
19514,0.789329
19515,0.717930
19516,0.707239
19517,0.715786
19518,0.682463
19519,0.738640
19520,0.741658
19521,0.791536
19522,0.740333
19523,0.720105
19524,0.766933
19525,0.699588
19526,0.744307
19527,0.712316
19528,0.775701
19529,0.801742
19530,0.738138
19531,0.679401
19532,0.734317
19533,0.751655
19534,0.780292
19535,0.736976
19536,0.758752
19537,0.763746
19538,0.667735
19539,0.727668
19540,0.662755
19541,0.751800
19542,0.658244
19543,0.743537
19544,0.703562
19545,0.760507
19546,0.713521
19547,0.756736
19548,0.715337
19549,0.708108
19550,0.685799
19551,0.761271
19552,0.747300
19553,0.759275
19554,0.709799
19555,0.712474
19556,0.741579
19557,0.697239
19558,0.693116
19559,0.841782
19560,0.776475
19561,0.733953
19562,0.731779
19563,0.777141
19564,0.787709
19565,0.732170
19566,0.724792
19567,0.688670
19568,0.691846
19569,0.738075
19570,0.812027
19571,0.714636
19572,0.768437
19573,0.756101
19574,0.685800
19575,0.793443
19576,0.732071
19577,0.690566
19578,0.758980
19579,0.766986
19580,0.734241
19581,0.728359
19582,0.784074
19583,0.749637
19584,0.734509
19585,0.776790
19586,0.715902
19587,0.784541
19588,0.721006
19589,0.737621
19590,0.675621
19591,0.774014
19592,0.700324
19593,0.735721
19594,0.731109
19595,0.732389
19596,0.698320
19597,0.726957
19598,0.701921
19599,0.699033
19600,0.710534
19601,0.736099
19602,0.766739
19603,0.742617
19604,0.750459
19605,0.740795
19606,0.822659
19607,0.741532
19608,0.686774
19609,0.687793
19610,0.759040
19611,0.770350
19612,0.745656
19613,0.752824
19614,0.740454
19615,0.713848
19616,0.789504
19617,0.746612
19618,0.741201
19619,0.664745
19620,0.697177
19621,0.796438
19622,0.755983
19623,0.758148
19624,0.673095
19625,0.711361
19626,0.780918
19627,0.715163
19628,0.692370
19629,0.751842
19630,0.757215
19631,0.675012
19632,0.676781
19633,0.788500
19634,0.669959
19635,0.714401
19636,0.684707
19637,0.725685
19638,0.734827
19639,0.743107
19640,0.740524
19641,0.805069
19642,0.687351
19643,0.711960
19644,0.762271
19645,0.733587
19646,0.702367
19647,0.745539
19648,0.708961
19649,0.712175
19650,0.770524
19651,0.749043
19652,0.739108
19653,0.714800
19654,0.736291
19655,0.736797
19656,0.737991
19657,0.714420
19658,0.705950
19659,0.759975
19660,0.792072
19661,0.785132
19662,0.689362
19663,0.719033
19664,0.732691
19665,0.748545
19666,0.734808
19667,0.732933
19668,0.776080
19669,0.685828
19670,0.719122
19671,0.705182
19672,0.753217
19673,0.725439
19674,0.720240
19675,0.697031
19676,0.768154
19677,0.729262
19678,0.675465
19679,0.743320
19680,0.703286
19681,0.751908
19682,0.732399
19683,0.773661
19684,0.780273
19685,0.788555
19686,0.770755
19687,0.735503
19688,0.715612
19689,0.740683
19690,0.688612
19691,0.712313
19692,0.736916
19693,0.756804
19694,0.715528
19695,0.758703
19696,0.740466
19697,0.678229
19698,0.782502
19699,0.784224
19700,0.725313
19701,0.776049
19702,0.746996
19703,0.781697
19704,0.739513
19705,0.737304
19706,0.735160
19707,0.745733
19708,0.737673
19709,0.742477
19710,0.729766
19711,0.729888
19712,0.742097
19713,0.707905
19714,0.744400
19715,0.787346
19716,0.712263
19717,0.811523
19718,0.739744
19719,0.705941
19720,0.732485
19721,0.782100
19722,0.740159
19723,0.708315
19724,0.735680
19725,0.693089
19726,0.692203
19727,0.770486
19728,0.726779
19729,0.718860
19730,0.776060
19731,0.774186
19732,0.687493
19733,0.697919
19734,0.719610
19735,0.705649
19736,0.759859
19737,0.710732
19738,0.761674
19739,0.735934
19740,0.714317
19741,0.699327
19742,0.670929
19743,0.686246
19744,0.785965
19745,0.778439
19746,0.718677
19747,0.757437
19748,0.743016
19749,0.704242
19750,0.692617
19751,0.726171
19752,0.714552
19753,0.703392
19754,0.673962
19755,0.773343
19756,0.757292
19757,0.759703
19758,0.729045
19759,0.737965
19760,0.736197
19761,0.804877
19762,0.688278
19763,0.712579
19764,0.748007
19765,0.706047
19766,0.699938
19767,0.736263
19768,0.736820
19769,0.800617
19770,0.669356
19771,0.731740
19772,0.747480
19773,0.699765
19774,0.776916
19775,0.744315
19776,0.742427
19777,0.744310
19778,0.742229
19779,0.704173
19780,0.717383
19781,0.738487
19782,0.713680
19783,0.697274
19784,0.696977
19785,0.768556
19786,0.759883
19787,0.669284
19788,0.812086
19789,0.743443
19790,0.738398
19791,0.734901
19792,0.721339
19793,0.705299
19794,0.734264
19795,0.750358
19796,0.690819
19797,0.694233
19798,0.728462
19799,0.756762
19800,0.755839
19801,0.713537
19802,0.754797
19803,0.732584
19804,0.709432
19805,0.687830
19806,0.706162
19807,0.706262
19808,0.748468
19809,0.758438
19810,0.788831
19811,0.714639
19812,0.688589
19813,0.725738
19814,0.701866
19815,0.672765
19816,0.766467
19817,0.715906
19818,0.682233
19819,0.729730
19820,0.727227
19821,0.721325
19822,0.719847
19823,0.809580
19824,0.675529
19825,0.737612
19826,0.765749
19827,0.684327
19828,0.722708
19829,0.715796
19830,0.782734
19831,0.732277
19832,0.714414
19833,0.721923
19834,0.710965
19835,0.766940
19836,0.772184
19837,0.759597
19838,0.734608
19839,0.767924
19840,0.779396
19841,0.758585
19842,0.755349
19843,0.723529
19844,0.740756
19845,0.730554
19846,0.755391
19847,0.752442
19848,0.766111
19849,0.721456
19850,0.782073
19851,0.670211
19852,0.739635
19853,0.728466
19854,0.731979
19855,0.721057
19856,0.768097
19857,0.706480
19858,0.665416
19859,0.747883
19860,0.765885
19861,0.739543
19862,0.725100
19863,0.704474
19864,0.682174
19865,0.739595
19866,0.750335
19867,0.728168
19868,0.745204
19869,0.726688
19870,0.763788
19871,0.729002
19872,0.719585
19873,0.782697
19874,0.758187
19875,0.714839
19876,0.770553
19877,0.736142
19878,0.709790
19879,0.696348
19880,0.726610
19881,0.674809
19882,0.709467
19883,0.721544
19884,0.641328
19885,0.711708
19886,0.695799
19887,0.754926
19888,0.706122
19889,0.723466
19890,0.740060
19891,0.724975
19892,0.697661
19893,0.762035
19894,0.684222
19895,0.742925
19896,0.755307
19897,0.732176
19898,0.747474
19899,0.749289
19900,0.730498
19901,0.739912
19902,0.784201
19903,0.727714
19904,0.749479
19905,0.744600
19906,0.655487
19907,0.721147
19908,0.757316
19909,0.749517
19910,0.737637
19911,0.721574
19912,0.748952
19913,0.778120
19914,0.765725
19915,0.744178
19916,0.743021
19917,0.744789
19918,0.740262
19919,0.787639
19920,0.711394
19921,0.696233
19922,0.745780
19923,0.689286
19924,0.739479
19925,0.717945
19926,0.780932
19927,0.731338
19928,0.724046
19929,0.739973
19930,0.672617
19931,0.709187
19932,0.731832
19933,0.777051
19934,0.767993
19935,0.695972
19936,0.790168
19937,0.792346
19938,0.704871
19939,0.713896
19940,0.799476
19941,0.731790
19942,0.732368
19943,0.760387
19944,0.793636
19945,0.770569
19946,0.786694
19947,0.704112
19948,0.694928
19949,0.789298
19950,0.736101
19951,0.734761
19952,0.750841
19953,0.680263
19954,0.780383
19955,0.660805
19956,0.736611
19957,0.731898
19958,0.714004
19959,0.804512
19960,0.711747
19961,0.762307
19962,0.704792
19963,0.742507
19964,0.677088
19965,0.757136
19966,0.688761
19967,0.735611
19968,0.698651
19969,0.687345
19970,0.703418
19971,0.751095
19972,0.712555
19973,0.701871
19974,0.713039
19975,0.759817
19976,0.731519
19977,0.734946
19978,0.714895
19979,0.740971
19980,0.710257
19981,0.707392
19982,0.755000
19983,0.750787
19984,0.747335
19985,0.750324
19986,0.685675
19987,0.758755
19988,0.767255
19989,0.690106
19990,0.768463
19991,0.705106
19992,0.739683
19993,0.707661
19994,0.715442
19995,0.715250
19996,0.691838
19997,0.702231
19998,0.764891
19999,0.650540
20000,0.768353
20001,0.762223
20002,0.746698
20003,0.710665
20004,0.721605
20005,0.748588
20006,0.774648
20007,0.796064
20008,0.742939
20009,0.762877
20010,0.775960
20011,0.722141
20012,0.774202
20013,0.744603
20014,0.698876
20015,0.758263
20016,0.705563
20017,0.697877
20018,0.755123
20019,0.717853
20020,0.698761
20021,0.757755
20022,0.761282
20023,0.774102
20024,0.766912
20025,0.747029
20026,0.697655
20027,0.741869
20028,0.720237
20029,0.762762
20030,0.763489
20031,0.713946
20032,0.729069
20033,0.698489
20034,0.732606
20035,0.721218
20036,0.783689
20037,0.700740
20038,0.728548
20039,0.790721
20040,0.746772
20041,0.719140
20042,0.746776
20043,0.746870
20044,0.741292
20045,0.736004
20046,0.729158
20047,0.719553
20048,0.776555
20049,0.753924
20050,0.739529
20051,0.723523
20052,0.740022
20053,0.799166
20054,0.681761
20055,0.735449
20056,0.723843
20057,0.752907
20058,0.806561
20059,0.715693
20060,0.764490
20061,0.731870
20062,0.703056
20063,0.697468
20064,0.745245
20065,0.729887
20066,0.751855
20067,0.714433
20068,0.785517
20069,0.741902
20070,0.709355
20071,0.733098
20072,0.735083
20073,0.754472
20074,0.750025
20075,0.726517
20076,0.703901
20077,0.734066
20078,0.768822
20079,0.695509
20080,0.742399
20081,0.755915
20082,0.681813
20083,0.767047
20084,0.693508
20085,0.725867
20086,0.713814
20087,0.727691
20088,0.748244
20089,0.717932
20090,0.723770
20091,0.685662
20092,0.764390
20093,0.744708
20094,0.710890
20095,0.719305
20096,0.687307
20097,0.737667
20098,0.753732
20099,0.699187
20100,0.763982
20101,0.753119
20102,0.702104
20103,0.740789
20104,0.677132
20105,0.701033
20106,0.704886
20107,0.714471
20108,0.732921
20109,0.734649
20110,0.725395
20111,0.672739
20112,0.680971
20113,0.755170
20114,0.734767
20115,0.727619
20116,0.729454
20117,0.728607
20118,0.703114
20119,0.706899
20120,0.742286
20121,0.762017
20122,0.739324
20123,0.683526
20124,0.765591
20125,0.749540
20126,0.770820
20127,0.754861
20128,0.717599
20129,0.711846
20130,0.743725
20131,0.754537
20132,0.721894
20133,0.797963
20134,0.671344
20135,0.662905
20136,0.769314
20137,0.749716
20138,0.734613
20139,0.750766
20140,0.791132
20141,0.754508
20142,0.762140
20143,0.694005
20144,0.733760
20145,0.815005
20146,0.743296
20147,0.724712
20148,0.749522
20149,0.768472
20150,0.758463
20151,0.725689
20152,0.733680
20153,0.708059
20154,0.723127
20155,0.713303
20156,0.715782
20157,0.732463
20158,0.737707
20159,0.760910
20160,0.708339
20161,0.743313
20162,0.722408
20163,0.723063
20164,0.677972
20165,0.708615
20166,0.746280
20167,0.727644
20168,0.710710
20169,0.688960
20170,0.711008
20171,0.781715
20172,0.735082
20173,0.777322
20174,0.773840
20175,0.739149
20176,0.746353
20177,0.720097
20178,0.760699
20179,0.754081
20180,0.743128
20181,0.695260
20182,0.767634
20183,0.715780
20184,0.717616
20185,0.773635
20186,0.761413
20187,0.742343
20188,0.712697
20189,0.730060
20190,0.773377
20191,0.782576
20192,0.728991
20193,0.722475
20194,0.704561
20195,0.751889
20196,0.742733
20197,0.698052
20198,0.708634
20199,0.778340
20200,0.686156
20201,0.727809
20202,0.691854
20203,0.693846
20204,0.724362
20205,0.733652
20206,0.743854
20207,0.742253
20208,0.807640
20209,0.742134
20210,0.687534
20211,0.758181
20212,0.763331
20213,0.720243
20214,0.726677
20215,0.807736
20216,0.768749
20217,0.718795
20218,0.702724
20219,0.711024
20220,0.755994
20221,0.712432
20222,0.757836
20223,0.732391
20224,0.682549
20225,0.757897
20226,0.747533
20227,0.775635
20228,0.742646
20229,0.695075
20230,0.784030
20231,0.732021
20232,0.767171
20233,0.710614
20234,0.775960
20235,0.738564
20236,0.705735
20237,0.714969
20238,0.694687
20239,0.730742
20240,0.739948
20241,0.737565
20242,0.758303
20243,0.711575
20244,0.772278
20245,0.773971
20246,0.707288
20247,0.691029
20248,0.702700
20249,0.707560
20250,0.751777
20251,0.657666
20252,0.749007
20253,0.804589
20254,0.731258
20255,0.720356
20256,0.691110
20257,0.700501
20258,0.670465
20259,0.781446
20260,0.721605
20261,0.682930
20262,0.743498
20263,0.762996
20264,0.795078
20265,0.729461
20266,0.713125
20267,0.780442
20268,0.719966
20269,0.740907
20270,0.739432
20271,0.768286
20272,0.719334
20273,0.748952
20274,0.763307
20275,0.742816
20276,0.680429
20277,0.691252
20278,0.735964
20279,0.696137
20280,0.699859
20281,0.697762
20282,0.711824
20283,0.758676
20284,0.718530
20285,0.712368
20286,0.754406
20287,0.683425
20288,0.750818
20289,0.745627
20290,0.716958
20291,0.735369
20292,0.737750
20293,0.739430
20294,0.682413
20295,0.733594
20296,0.722356
20297,0.792470
20298,0.771383
20299,0.722475
20300,0.763893
20301,0.728135
20302,0.776784
20303,0.789975
20304,0.740324
20305,0.766712
20306,0.716792
20307,0.714333
20308,0.770734
20309,0.728456
20310,0.791769
20311,0.750995
20312,0.737806
20313,0.697459
20314,0.718191
20315,0.806771
20316,0.740212
20317,0.699073
20318,0.726035
20319,0.666509
20320,0.759778
20321,0.749222
20322,0.773385
20323,0.761135
20324,0.739526
20325,0.719303
20326,0.760907
20327,0.755273
20328,0.776378
20329,0.726586
20330,0.684703
20331,0.752245
20332,0.732550
20333,0.753546
20334,0.705461
20335,0.664259
20336,0.736236
20337,0.699837
20338,0.707134
20339,0.712659
20340,0.737616
20341,0.760280
20342,0.698902
20343,0.795431
20344,0.715159
20345,0.768016
20346,0.736865
20347,0.793121
20348,0.757308
20349,0.795238
20350,0.740315
20351,0.745695
20352,0.743684
20353,0.728076
20354,0.746961
20355,0.728723
20356,0.717536
20357,0.731984
20358,0.728285
20359,0.740693
20360,0.733724
20361,0.717679
20362,0.742087
20363,0.736377
20364,0.722755
20365,0.695455
20366,0.783901
20367,0.775319
20368,0.763872
20369,0.709839
20370,0.742797
20371,0.779190
20372,0.708726
20373,0.762074
20374,0.733962
20375,0.719661
20376,0.653693
20377,0.757372
20378,0.673919
20379,0.747987
20380,0.699238
20381,0.756844
20382,0.689041
20383,0.738692
20384,0.753757
20385,0.686655
20386,0.708230
20387,0.780838
20388,0.769454
20389,0.717522
20390,0.737802
20391,0.729893
20392,0.777313
20393,0.716119
20394,0.692693
20395,0.747874
20396,0.702761
20397,0.765923
20398,0.707378
20399,0.758552
20400,0.722155
20401,0.721253
20402,0.753415
20403,0.760542
20404,0.821022
20405,0.768799
20406,0.769169
20407,0.761319
20408,0.768863
20409,0.769423
20410,0.747247
20411,0.699941
20412,0.740200
20413,0.712665
20414,0.687471
20415,0.751625
20416,0.728035
20417,0.698241
20418,0.788593
20419,0.760216
20420,0.719083
20421,0.765450
20422,0.711637
20423,0.692797
20424,0.693345
20425,0.778701
20426,0.753609
20427,0.744378
20428,0.733158
20429,0.682559
20430,0.720755
20431,0.650443
20432,0.687530
20433,0.742025
20434,0.712399
20435,0.743359
20436,0.728770
20437,0.737835
20438,0.751390
20439,0.727516
20440,0.760074
20441,0.750523
20442,0.738439
20443,0.676500
20444,0.710826
20445,0.735479
20446,0.731291
20447,0.732706
20448,0.739518
20449,0.692390
20450,0.710048
20451,0.761783
20452,0.721670
20453,0.719863
20454,0.757749
20455,0.710774
20456,0.687093
20457,0.772542
20458,0.716116
20459,0.743009
20460,0.697237
20461,0.787521
20462,0.728515
20463,0.712955
20464,0.725897
20465,0.698824
20466,0.805285
20467,0.728527
20468,0.785360
20469,0.687167
20470,0.741130
20471,0.709206
20472,0.701466
20473,0.734228
20474,0.721158
20475,0.739232
20476,0.741389
20477,0.733585
20478,0.716701
20479,0.743141
20480,0.751935
20481,0.681881
20482,0.692283
20483,0.808406
20484,0.728025
20485,0.741297
20486,0.783808
20487,0.696086
20488,0.761149
20489,0.757280
20490,0.728844
20491,0.680681
20492,0.754241
20493,0.757059
20494,0.718009
20495,0.791419
20496,0.669764
20497,0.737153
20498,0.695966
20499,0.696833
20500,0.748122
20501,0.732617
20502,0.721651
20503,0.737747
20504,0.729820
20505,0.700318
20506,0.723369
20507,0.768111
20508,0.693416
20509,0.744368
20510,0.719092
20511,0.707714
20512,0.733781
20513,0.732204
20514,0.654530
20515,0.697619
20516,0.771836
20517,0.731525
20518,0.747198
20519,0.668962
20520,0.710605
20521,0.726649
20522,0.683358
20523,0.767634
20524,0.774974
20525,0.701972
20526,0.658422
20527,0.823486
20528,0.714463
20529,0.768368
20530,0.740421
20531,0.729642
20532,0.702888
20533,0.740667
20534,0.718724
20535,0.763407
20536,0.699857
20537,0.751617
20538,0.703130
20539,0.764204
20540,0.789318
20541,0.721153
20542,0.718870
20543,0.818533
20544,0.724240
20545,0.804545
20546,0.785152
20547,0.723280
20548,0.691181
20549,0.755407
20550,0.698113
20551,0.765554
20552,0.701760
20553,0.732894
20554,0.699509
20555,0.714937
20556,0.703487
20557,0.751436
20558,0.769578
20559,0.759651
20560,0.680235
20561,0.702731
20562,0.771885
20563,0.755367
20564,0.749537
20565,0.782791
20566,0.689904
20567,0.687404
20568,0.724294
20569,0.735307
20570,0.698641
20571,0.714319
20572,0.720649
20573,0.735276
20574,0.739178
20575,0.696384
20576,0.673313
20577,0.782900
20578,0.709646
20579,0.770371
20580,0.713434
20581,0.667643
20582,0.733647
20583,0.761360
20584,0.717729
20585,0.744317
20586,0.719173
20587,0.783912
20588,0.730713
20589,0.743371
20590,0.722344
20591,0.765807
20592,0.731499
20593,0.764233
20594,0.723052
20595,0.781760
20596,0.759886
20597,0.707640
20598,0.709857
20599,0.714476
20600,0.784874
20601,0.709101
20602,0.712633
20603,0.726681
20604,0.747417
20605,0.733808
20606,0.699482
20607,0.680888
20608,0.754955
20609,0.749849
20610,0.737738
20611,0.777385
20612,0.799072
20613,0.769424
20614,0.725279
20615,0.757673
20616,0.740464
20617,0.765604
20618,0.744185
20619,0.712217
20620,0.788465
20621,0.742341
20622,0.737164
20623,0.686307
20624,0.674710
20625,0.730008
20626,0.708293
20627,0.728899
20628,0.731689
20629,0.791303
20630,0.707030
20631,0.751421
20632,0.738811
20633,0.721290
20634,0.683495
20635,0.740687
20636,0.696066
20637,0.752452
20638,0.701164
20639,0.748076
20640,0.684004
20641,0.712027
20642,0.735274
20643,0.744792
20644,0.713841
20645,0.776212
20646,0.707674
20647,0.712356
20648,0.757547
20649,0.709297
20650,0.742872
20651,0.751425
20652,0.734941
20653,0.671837
20654,0.709978
20655,0.688864
20656,0.695653
20657,0.715062
20658,0.713373
20659,0.780872
20660,0.742241
20661,0.683103
20662,0.705558
20663,0.755078
20664,0.734693
20665,0.717959
20666,0.722822
20667,0.756880
20668,0.752934
20669,0.729887
20670,0.736283
20671,0.690500
20672,0.751016
20673,0.709238
20674,0.744104
20675,0.739503
20676,0.713078
20677,0.758695
20678,0.721431
20679,0.707446
20680,0.739311
20681,0.727264
20682,0.811064
20683,0.685994
20684,0.710012
20685,0.736689
20686,0.728002
20687,0.673428
20688,0.759538
20689,0.751785
20690,0.764393
20691,0.700408
20692,0.700847
20693,0.811774
20694,0.716013
20695,0.799955
20696,0.770598
20697,0.702848
20698,0.773022
20699,0.690249
20700,0.714840
20701,0.751505
20702,0.753201
20703,0.730051
20704,0.816359
20705,0.754614
20706,0.720654
20707,0.760196
20708,0.723792
20709,0.752366
20710,0.757442
20711,0.692041
20712,0.725708
20713,0.748046
20714,0.742408
20715,0.746490
20716,0.702456
20717,0.743298
20718,0.705768
20719,0.732230
20720,0.750149
20721,0.750593
20722,0.705064
20723,0.765966
20724,0.748405
20725,0.742388
20726,0.704775
20727,0.715331
20728,0.725563
20729,0.739106
20730,0.721570
20731,0.782952
20732,0.787250
20733,0.722449
20734,0.684210
20735,0.725530
20736,0.716213
20737,0.738549
20738,0.714127
20739,0.737045
20740,0.705487
20741,0.687815
20742,0.775440
20743,0.788971
20744,0.773321
20745,0.762752
20746,0.742108
20747,0.694506
20748,0.749813
20749,0.748964
20750,0.776674
20751,0.702158
20752,0.758705
20753,0.727390
20754,0.735126
20755,0.712667
20756,0.724520
20757,0.737802
20758,0.767672
20759,0.762204
20760,0.737328
20761,0.736123
20762,0.707528
20763,0.739984
20764,0.684266
20765,0.722988
20766,0.753863
20767,0.780632
20768,0.766488
20769,0.748077
20770,0.717827
20771,0.751421
20772,0.714079
20773,0.691283
20774,0.769330
20775,0.676986
20776,0.721718
20777,0.791332
20778,0.755653
20779,0.694551
20780,0.751948
20781,0.724348
20782,0.705182
20783,0.713413
20784,0.714149
20785,0.724474
20786,0.648149
20787,0.733422
20788,0.733845
20789,0.695668
20790,0.714351
20791,0.752999
20792,0.782385
20793,0.758138
20794,0.752099
20795,0.699809
20796,0.730574
20797,0.675636
20798,0.752536
20799,0.743688
20800,0.746857
20801,0.708926
20802,0.811412
20803,0.705144
20804,0.704461
20805,0.760056
20806,0.770760
20807,0.701158
20808,0.760302
20809,0.719930
20810,0.719332
20811,0.729024
20812,0.774226
20813,0.701380
20814,0.766164
20815,0.717636
20816,0.691104
20817,0.691233
20818,0.736715
20819,0.747745
20820,0.741463
20821,0.737174
20822,0.721997
20823,0.767030
20824,0.772415
20825,0.710696
20826,0.686879
20827,0.688533
20828,0.772525
20829,0.690544
20830,0.757948
20831,0.746626
20832,0.738618
20833,0.787295
20834,0.724601
20835,0.718760
20836,0.766561
20837,0.765646
20838,0.729938
20839,0.709628
20840,0.775082
20841,0.729264
20842,0.697882
20843,0.745075
20844,0.711386
20845,0.743898
20846,0.694659
20847,0.786996
20848,0.754368
20849,0.736202
20850,0.701295
20851,0.716055
20852,0.767957
20853,0.698485
20854,0.746759
20855,0.745717
20856,0.721860
20857,0.679158
20858,0.751256
20859,0.750569
20860,0.785096
20861,0.709922
20862,0.728918
20863,0.720892
20864,0.735206
20865,0.786130
20866,0.747552
20867,0.756989
20868,0.720723
20869,0.737541
20870,0.775387
20871,0.782936
20872,0.702687
20873,0.768670
20874,0.637815
20875,0.767505
20876,0.729830
20877,0.712930
20878,0.751545
20879,0.728321
20880,0.694194
20881,0.754451
20882,0.733577
20883,0.775728
20884,0.759762
20885,0.743101
20886,0.812365
20887,0.693063
20888,0.807972
20889,0.764494
20890,0.689416
20891,0.754301
20892,0.713877
20893,0.699889
20894,0.757197
20895,0.719216
20896,0.770844
20897,0.735584
20898,0.787960
20899,0.759112
20900,0.763304
20901,0.692861
20902,0.818161
20903,0.705054
20904,0.740705
20905,0.686072
20906,0.721335
20907,0.681638
20908,0.714327
20909,0.765892
20910,0.790131
20911,0.694427
20912,0.689671
20913,0.712210
20914,0.726425
20915,0.723212
20916,0.716447
20917,0.717229
20918,0.773352
20919,0.746071
20920,0.727432
20921,0.719562
20922,0.694868
20923,0.728197
20924,0.694346
20925,0.815137
20926,0.703454
20927,0.733782
20928,0.802828
20929,0.681626
20930,0.758493
20931,0.746625
20932,0.679764
20933,0.753278
20934,0.751232
20935,0.737543
20936,0.686672
20937,0.692289
20938,0.727706
20939,0.712881
20940,0.729288
20941,0.774856
20942,0.756673
20943,0.717058
20944,0.720812
20945,0.730132
20946,0.733658
20947,0.698824
20948,0.737956
20949,0.743832
20950,0.691796
20951,0.707849
20952,0.758929
20953,0.724020
20954,0.731874
20955,0.729744
20956,0.766805
20957,0.764334
20958,0.715534
20959,0.723181
20960,0.705165
20961,0.754918
20962,0.672833
20963,0.728818
20964,0.717659
20965,0.718392
20966,0.741957
20967,0.778105
20968,0.709972
20969,0.722226
20970,0.785053
20971,0.717998
20972,0.724697
20973,0.747941
20974,0.754234
20975,0.762888
20976,0.679974
20977,0.715581
20978,0.714829
20979,0.724315
20980,0.723370
20981,0.781163
20982,0.727375
20983,0.696249
20984,0.696072
20985,0.748489
20986,0.765998
20987,0.758154
20988,0.710506
20989,0.716920
20990,0.743690
20991,0.728706
20992,0.717292
20993,0.681649
20994,0.734055
20995,0.712840
20996,0.732896
20997,0.748704
20998,0.684745
20999,0.760555
21000,0.741618
21001,0.711125
21002,0.677053
21003,0.706549
21004,0.699099
21005,0.694983
21006,0.695539
21007,0.700864
21008,0.710672
21009,0.689329
21010,0.751379
21011,0.762586
21012,0.694812
21013,0.795844
21014,0.743096
21015,0.786787
21016,0.718761
21017,0.699847
21018,0.679731
21019,0.739244
21020,0.765685
21021,0.720309
21022,0.707609
21023,0.745855
21024,0.757053
21025,0.705197
21026,0.711960
21027,0.736093
21028,0.804270
21029,0.718390
21030,0.755480
21031,0.738121
21032,0.725815
21033,0.749647
21034,0.701770
21035,0.730005
21036,0.766813
21037,0.690782
21038,0.783031
21039,0.749326
21040,0.709012
21041,0.703238
21042,0.758636
21043,0.731026
21044,0.678054
21045,0.764955
21046,0.745542
21047,0.758272
21048,0.727729
21049,0.797277
21050,0.719582
21051,0.726933
21052,0.782650
21053,0.743818
21054,0.705839
21055,0.713252
21056,0.707534
21057,0.692491
21058,0.710442
21059,0.743915
21060,0.718200
21061,0.814888
21062,0.725576
21063,0.773652
21064,0.684573
21065,0.716619
21066,0.767380
21067,0.681735
21068,0.769415
21069,0.712498
21070,0.761452
21071,0.727334
21072,0.690676
21073,0.739998
21074,0.689332
21075,0.706786
21076,0.731781
21077,0.760128
21078,0.715235
21079,0.710789
21080,0.741366
21081,0.721553
21082,0.745405
21083,0.729153
21084,0.743908
21085,0.756508
21086,0.733087
21087,0.696307
21088,0.716697
21089,0.786199
21090,0.703149
21091,0.689999
21092,0.698455
21093,0.727449
21094,0.700332
21095,0.734984
21096,0.700385
21097,0.754645
21098,0.707890
21099,0.733038
21100,0.683402
21101,0.740007
21102,0.714894
21103,0.739204
21104,0.789261
21105,0.728672
21106,0.785946
21107,0.684329
21108,0.749473
21109,0.752879
21110,0.739704
21111,0.762891
21112,0.765196
21113,0.799900
21114,0.718900
21115,0.722066
21116,0.673042
21117,0.723479
21118,0.754685
21119,0.741197
21120,0.731470
21121,0.765511
21122,0.723124
21123,0.732471
21124,0.685955
21125,0.734643
21126,0.692040
21127,0.720199
21128,0.703676
21129,0.719382
21130,0.711239
21131,0.732748
21132,0.689553
21133,0.745405
21134,0.723073
21135,0.745848
21136,0.713132
21137,0.712412
21138,0.688592
21139,0.758010
21140,0.758366
21141,0.734831
21142,0.761951
21143,0.671897
21144,0.754779
21145,0.659685
21146,0.754775
21147,0.716209
21148,0.697237
21149,0.709773
21150,0.720330
21151,0.794728
21152,0.712680
21153,0.677534
21154,0.711333
21155,0.724800
21156,0.715741
21157,0.721010
21158,0.681639
21159,0.707100
21160,0.725955
21161,0.784447
21162,0.737793
21163,0.690607
21164,0.715042
21165,0.700087
21166,0.723309
21167,0.728616
21168,0.682079
21169,0.703752
21170,0.737206
21171,0.731853
21172,0.731147
21173,0.728485
21174,0.727539
21175,0.781058
21176,0.700097
21177,0.692541
21178,0.741060
21179,0.720100
21180,0.713001
21181,0.762115
21182,0.723118
21183,0.724650
21184,0.791857
21185,0.747794
21186,0.665453
21187,0.686965
21188,0.772386
21189,0.720148
21190,0.687804
21191,0.730660
21192,0.753358
21193,0.746237
21194,0.789837
21195,0.747875
21196,0.707608
21197,0.741509
21198,0.698906
21199,0.702024
21200,0.737879
21201,0.747845
21202,0.685517
21203,0.719177
21204,0.708331
21205,0.718125
21206,0.710527
21207,0.710001
21208,0.761817
21209,0.727083
21210,0.713092
21211,0.745378
21212,0.727240
21213,0.732568
21214,0.795565
21215,0.733830
21216,0.769646
21217,0.748267
21218,0.756673
21219,0.727162
21220,0.745288
21221,0.706857
21222,0.709939
21223,0.719356
21224,0.691611
21225,0.746552
21226,0.701823
21227,0.679935
21228,0.702354
21229,0.732210
21230,0.759814
21231,0.772270
21232,0.684820
21233,0.744548
21234,0.726172
21235,0.718915
21236,0.752771
21237,0.706462
21238,0.756800
21239,0.758261
21240,0.718568
21241,0.699502
21242,0.702248
21243,0.766607
21244,0.736772
21245,0.763807
21246,0.725648
21247,0.749388
21248,0.758732
21249,0.724189
21250,0.690050
21251,0.770333
21252,0.691230
21253,0.700074
21254,0.727968
21255,0.764433
21256,0.740619
21257,0.740784
21258,0.695204
21259,0.734458
21260,0.739629
21261,0.746613
21262,0.732307
21263,0.731839
21264,0.732906
21265,0.758358
21266,0.731571
21267,0.724763
21268,0.766068
21269,0.669112
21270,0.728103
21271,0.770123
21272,0.678765
21273,0.680410
21274,0.697135
21275,0.660657
21276,0.755380
21277,0.722370
21278,0.682401
21279,0.808820
21280,0.759319
21281,0.741823
21282,0.773788
21283,0.774816
21284,0.749770
21285,0.733852
21286,0.700632
21287,0.766390
21288,0.752691
21289,0.764178
21290,0.667258
21291,0.746462
21292,0.726351
21293,0.719521
21294,0.736928
21295,0.740718
21296,0.708585
21297,0.704283
21298,0.707838
21299,0.741657
21300,0.772888
21301,0.751715
21302,0.753999
21303,0.745230
21304,0.706049
21305,0.691653
21306,0.743863
21307,0.732539
21308,0.709843
21309,0.715876
21310,0.746370
21311,0.766344
21312,0.737680
21313,0.688398
21314,0.813644
21315,0.706356
21316,0.720093
21317,0.724051
21318,0.740583
21319,0.719782
21320,0.760625
21321,0.733036
21322,0.723292
21323,0.734390
21324,0.711927
21325,0.707721
21326,0.704285
21327,0.682272
21328,0.739667
21329,0.694439
21330,0.773135
21331,0.736276
21332,0.735236
21333,0.749000
21334,0.741858
21335,0.714450
21336,0.738699
21337,0.697522
21338,0.799807
21339,0.746094
21340,0.675252
21341,0.715203
21342,0.725421
21343,0.779697
21344,0.712960
21345,0.717551
21346,0.719613
21347,0.746414
21348,0.715622
21349,0.714991
21350,0.734254
21351,0.722123
21352,0.687426
21353,0.712747
21354,0.690553
21355,0.713901
21356,0.699241
21357,0.784423
21358,0.731319
21359,0.697823
21360,0.716128
21361,0.750119
21362,0.755280
21363,0.716262
21364,0.720532
21365,0.699378
21366,0.710626
21367,0.778677
21368,0.760445
21369,0.760674
21370,0.668634
21371,0.730292
21372,0.728061
21373,0.676142
21374,0.691090
21375,0.736588
21376,0.757110
21377,0.711371
21378,0.724648
21379,0.741548
21380,0.692185
21381,0.747674
21382,0.687992
21383,0.688259
21384,0.735923
21385,0.674547
21386,0.692950
21387,0.774658
21388,0.750460
21389,0.691395
21390,0.751102
21391,0.681658
21392,0.728434
21393,0.766147
21394,0.742407
21395,0.758585
21396,0.715988
21397,0.717309
21398,0.721924
21399,0.785084
21400,0.757578
21401,0.772029
21402,0.728957
21403,0.709247
21404,0.738662
21405,0.704912
21406,0.763300
21407,0.726030
21408,0.712627
21409,0.743424
21410,0.696848
21411,0.709781
21412,0.761189
21413,0.761136
21414,0.741956
21415,0.728615
21416,0.718497
21417,0.723526
21418,0.769900
21419,0.724863
21420,0.736347
21421,0.711493
21422,0.712983
21423,0.731420
21424,0.738236
21425,0.816965
21426,0.739061
21427,0.703532
21428,0.752355
21429,0.694699
21430,0.768325
21431,0.758375
21432,0.668393
21433,0.815394
21434,0.748050
21435,0.705114
21436,0.748212
21437,0.761774
21438,0.757045
21439,0.721595
21440,0.722294
21441,0.690675
21442,0.747447
21443,0.734655
21444,0.749398
21445,0.723997
21446,0.765312
21447,0.731461
21448,0.695504
21449,0.752034
21450,0.723195
21451,0.707658
21452,0.781483
21453,0.773634
21454,0.697069
21455,0.712228
21456,0.750983
21457,0.678326
21458,0.695994
21459,0.752704
21460,0.723132
21461,0.787684
21462,0.714131
21463,0.721095
21464,0.791433
21465,0.794856
21466,0.754232
21467,0.735869
21468,0.729828
21469,0.748128
21470,0.753323
21471,0.740853
21472,0.701320
21473,0.715891
21474,0.690438
21475,0.736843
21476,0.723133
21477,0.737655
21478,0.706909
21479,0.705957
21480,0.786670
21481,0.742780
21482,0.750181
21483,0.733330
21484,0.708570
21485,0.760968
21486,0.726208
21487,0.729046
21488,0.758154
21489,0.743002
21490,0.744669
21491,0.750975
21492,0.711504
21493,0.730878
21494,0.670777
21495,0.748303
21496,0.690294
21497,0.720170
21498,0.701777
21499,0.759505
21500,0.751952
21501,0.790038
21502,0.690253
21503,0.769753
21504,0.765380
21505,0.711973
21506,0.755999
21507,0.748519
21508,0.680181
21509,0.778214
21510,0.710940
21511,0.712413
21512,0.741272
21513,0.748380
21514,0.728161
21515,0.688876
21516,0.775932
21517,0.759918
21518,0.756815
21519,0.792281
21520,0.731041
21521,0.760428
21522,0.715142
21523,0.690358
21524,0.749006
21525,0.747936
21526,0.728782
21527,0.765469
21528,0.732283
21529,0.744784
21530,0.758230
21531,0.736201
21532,0.717162
21533,0.683663
21534,0.724132
21535,0.725301
21536,0.737510
21537,0.696269
21538,0.738417
21539,0.737411
21540,0.718482
21541,0.733883
21542,0.704875
21543,0.782620
21544,0.748554
21545,0.731535
21546,0.699836
21547,0.697305
21548,0.721184
21549,0.713198
21550,0.709934
21551,0.766135
21552,0.755486
21553,0.776795
21554,0.754639
21555,0.697293
21556,0.763986
21557,0.765248
21558,0.741331
21559,0.724887
21560,0.785440
21561,0.705261
21562,0.724431
21563,0.703298
21564,0.771210
21565,0.758825
21566,0.795815
21567,0.740240
21568,0.724324
21569,0.745667
21570,0.662244
21571,0.744460
21572,0.687199
21573,0.747937
21574,0.722254
21575,0.726935
21576,0.763277
21577,0.659280
21578,0.712253
21579,0.696973
21580,0.718295
21581,0.771262
21582,0.715847
21583,0.737849
21584,0.736154
21585,0.701391
21586,0.728795
21587,0.703881
21588,0.742523
21589,0.776764
21590,0.771212
21591,0.711718
21592,0.744079
21593,0.658079
21594,0.764275
21595,0.693159
21596,0.750316
21597,0.765217
21598,0.728550
21599,0.717222
21600,0.765825
21601,0.695292
21602,0.736368
21603,0.731826
21604,0.752249
21605,0.678558
21606,0.713678
21607,0.762941
21608,0.745233
21609,0.765483
21610,0.723223
21611,0.675086
21612,0.714093
21613,0.712858
21614,0.712068
21615,0.726104
21616,0.672389
21617,0.741633
21618,0.701418
21619,0.719531
21620,0.713812
21621,0.718608
21622,0.679435
21623,0.738184
21624,0.728720
21625,0.716923
21626,0.662396
21627,0.734564
21628,0.796666
21629,0.776818
21630,0.737690
21631,0.711059
21632,0.723996
21633,0.717506
21634,0.702695
21635,0.727902
21636,0.713179
21637,0.726304
21638,0.686823
21639,0.730591
21640,0.758619
21641,0.748728
21642,0.733833
21643,0.743015
21644,0.698011
21645,0.689305
21646,0.715346
21647,0.744385
21648,0.735325
21649,0.714231
21650,0.713816
21651,0.750672
21652,0.672279
21653,0.715892
21654,0.690779
21655,0.728268
21656,0.717690
21657,0.688796
21658,0.652319
21659,0.691900
21660,0.746316
21661,0.740518
21662,0.703360
21663,0.734776
21664,0.702812
21665,0.762806
21666,0.737965
21667,0.744595
21668,0.655815
21669,0.748820
21670,0.776833
21671,0.719695
21672,0.777678
21673,0.694306
21674,0.714623
21675,0.730880
21676,0.787968
21677,0.744095
21678,0.726693
21679,0.681453
21680,0.705398
21681,0.782791
21682,0.726131
21683,0.723688
21684,0.684191
21685,0.711794
21686,0.746405
21687,0.773939
21688,0.688246
21689,0.703867
21690,0.740670
21691,0.732037
21692,0.762684
21693,0.716514
21694,0.727394
21695,0.677656
21696,0.798656
21697,0.703640
21698,0.748155
21699,0.753404
21700,0.762448
21701,0.662113
21702,0.711206
21703,0.696680
21704,0.684653
21705,0.742828
21706,0.691020
21707,0.744167
21708,0.771683
21709,0.747171
21710,0.692007
21711,0.739823
21712,0.689863
21713,0.739282
21714,0.729544
21715,0.758345
21716,0.760385
21717,0.680392
21718,0.743092
21719,0.741985
21720,0.742639
21721,0.720392
21722,0.760086
21723,0.722867
21724,0.688151
21725,0.762797
21726,0.723521
21727,0.719719
21728,0.732303
21729,0.725537
21730,0.679583
21731,0.722347
21732,0.724453
21733,0.732350
21734,0.755722
21735,0.712648
21736,0.815984
21737,0.699791
21738,0.670498
21739,0.729101
21740,0.782323
21741,0.730243
21742,0.676163
21743,0.701165
21744,0.699388
21745,0.708628
21746,0.761210
21747,0.787480
21748,0.791107
21749,0.801615
21750,0.698854
21751,0.747177
21752,0.735671
21753,0.689211
21754,0.701660
21755,0.711555
21756,0.735691
21757,0.748119
21758,0.724045
21759,0.722599
21760,0.732296
21761,0.729079
21762,0.674544
21763,0.736090
21764,0.684045
21765,0.724014
21766,0.671235
21767,0.738562
21768,0.729956
21769,0.729053
21770,0.714626
21771,0.760671
21772,0.773971
21773,0.771994
21774,0.692292
21775,0.673742
21776,0.714924
21777,0.709811
21778,0.738284
21779,0.773720
21780,0.732247
21781,0.711411
21782,0.760926
21783,0.673483
21784,0.716280
21785,0.684654
21786,0.718507
21787,0.712350
21788,0.735377
21789,0.767693
21790,0.753604
21791,0.747212
21792,0.773904
21793,0.730174
21794,0.717564
21795,0.780004
21796,0.702275
21797,0.718574
21798,0.734881
21799,0.731566
21800,0.703149
21801,0.711212
21802,0.795447
21803,0.709596
21804,0.716845
21805,0.758759
21806,0.694287
21807,0.746288
21808,0.702823
21809,0.722265
21810,0.767943
21811,0.696799
21812,0.693936
21813,0.715843
21814,0.751468
21815,0.719943
21816,0.710848
21817,0.753651
21818,0.708952
21819,0.701245
21820,0.721166
21821,0.725312
21822,0.739157
21823,0.760001
21824,0.754022
21825,0.734220
21826,0.699215
21827,0.689525
21828,0.708141
21829,0.744986
21830,0.737770
21831,0.729342
21832,0.743406
21833,0.761797
21834,0.694963
21835,0.725876
21836,0.720733
21837,0.696110
21838,0.807572
21839,0.722733
21840,0.780426
21841,0.730486
21842,0.725945
21843,0.731752
21844,0.703649
21845,0.686117
21846,0.722763
21847,0.711051
21848,0.729237
21849,0.738762
21850,0.734272
21851,0.750051
21852,0.735447
21853,0.762546
21854,0.733599
21855,0.774783
21856,0.725700
21857,0.751351
21858,0.721359
21859,0.722961
21860,0.730935
21861,0.785496
21862,0.758708
21863,0.738163
21864,0.751378
21865,0.769558
21866,0.704672
21867,0.697819
21868,0.769270
21869,0.722426
21870,0.702523
